customer_id,date
1,2024-02-23
1,2024-02-25
2,2024-01-01
2,2024-01-29
2,2024-02-13
2,2024-04-07
2,2024-04-23
2,2024-05-05
2,2024-05-12
2,2024-05-15
2,2024-08-17
2,2024-10-08
2,2024-11-08
2,2025-01-26
2,2025-02-06
3,2024-01-13
4,2024-02-02
4,2024-02-16
4,2024-05-05
4,2024-06-07
4,2025-02-11
5,2024-01-24
5,2024-05-06
5,2024-08-25
5,2024-10-30
5,2025-04-04
6,2024-01-07
6,2024-01-13
7,2024-02-10
8,2024-02-11
9,2024-03-18
9,2024-08-01
9,2024-11-30
9,2025-01-30
9,2025-03-14
10,2024-02-07
10,2024-02-14
10,2024-03-14
10,2024-03-30
10,2024-07-28
10,2024-07-29
11,2024-02-27
11,2024-07-03
12,2024-02-29
12,2024-03-07
12,2024-03-11
12,2024-04-05
12,2024-05-03
12,2024-06-06
12,2024-06-28
12,2024-08-19
13,2024-02-24
13,2024-10-21
14,2024-01-26
15,2024-01-11
15,2024-03-20
15,2024-04-02
16,2024-02-22
16,2024-02-27
16,2024-03-22
17,2024-02-12
18,2024-02-17
18,2024-02-24
19,2024-01-10
20,2024-01-08
21,2024-03-02
21,2024-04-19
22,2024-01-01
22,2024-03-31
22,2024-10-12
22,2025-01-26
22,2025-03-21
22,2025-05-01
23,2024-02-15
23,2024-04-11
23,2024-04-16
23,2024-04-30
23,2024-05-12
23,2024-05-14
23,2024-05-22
23,2024-06-19
23,2024-06-24
23,2024-07-04
23,2024-08-12
23,2024-10-29
23,2024-11-05
23,2024-11-25
23,2024-12-10
23,2024-12-23
23,2025-01-12
23,2025-02-04
23,2025-04-03
24,2024-02-02
25,2024-03-01
26,2024-03-16
27,2024-02-29
27,2024-06-27
27,2024-08-27
27,2024-09-20
27,2024-10-05
27,2024-12-10
28,2024-01-03
28,2024-02-27
28,2024-03-06
28,2024-03-07
28,2024-04-04
29,2024-03-12
30,2024-03-21
30,2024-04-23
30,2024-05-24
30,2024-05-25
30,2024-06-01
31,2024-03-14
31,2024-10-27
32,2024-03-03
32,2024-03-19
32,2024-04-19
32,2024-04-30
32,2024-05-01
33,2024-02-01
33,2024-02-05
33,2024-02-07
33,2024-02-14
33,2024-02-26
34,2024-03-01
34,2024-07-07
34,2024-11-03
35,2024-02-15
36,2024-01-16
37,2024-01-18
37,2024-04-05
37,2024-09-09
37,2024-10-11
38,2024-02-19
39,2024-03-12
39,2024-03-16
39,2024-03-22
40,2024-03-01
40,2024-03-07
40,2024-05-01
40,2024-05-04
40,2024-05-13
40,2024-05-20
40,2024-08-22
40,2024-08-24
40,2024-09-07
40,2024-11-27
40,2024-12-02
40,2025-03-08
40,2025-03-10
40,2025-03-24
40,2025-03-30
41,2024-03-13
41,2024-03-20
41,2024-03-22
41,2024-03-23
41,2024-04-16
41,2024-04-29
41,2024-05-07
41,2024-05-14
41,2024-05-30
41,2024-06-11
42,2024-03-17
43,2024-02-18
43,2024-12-31
44,2024-01-04
44,2024-01-06
44,2024-01-15
44,2024-01-16
44,2024-01-20
44,2024-01-24
44,2024-02-20
44,2024-03-30
44,2024-06-09
45,2024-03-13
45,2025-06-14
46,2024-01-09
46,2024-01-12
46,2024-01-21
47,2024-01-07
47,2024-01-18
47,2024-03-05
47,2024-06-23
47,2024-10-07
47,2024-10-20
47,2024-10-21
47,2024-11-12
47,2024-11-29
47,2025-02-23
47,2025-03-12
47,2025-03-14
47,2025-04-07
48,2024-03-22
48,2024-04-03
48,2024-10-07
49,2024-01-27
49,2024-06-18
49,2024-08-06
50,2024-03-07
50,2024-08-13
51,2024-03-12
52,2024-01-31
52,2024-09-30
53,2024-03-03
53,2024-05-31
53,2024-08-20
54,2024-01-12
54,2024-03-16
54,2024-06-20
55,2024-03-10
55,2024-03-25
56,2024-02-24
56,2024-04-20
57,2024-03-10
57,2025-05-19
58,2024-03-18
58,2024-06-12
59,2024-01-20
59,2024-10-09
60,2024-01-18
61,2024-03-08
61,2024-07-03
61,2024-08-23
61,2024-09-05
61,2024-09-06
61,2024-11-14
61,2025-03-18
62,2024-03-02
63,2024-01-09
63,2024-04-27
64,2024-01-16
64,2024-11-06
64,2025-02-21
65,2024-01-18
65,2024-03-24
65,2025-01-18
65,2025-04-01
65,2025-06-09
66,2024-03-01
66,2024-07-29
66,2025-01-19
66,2025-03-25
67,2024-01-26
67,2025-04-15
68,2024-01-12
68,2024-01-28
68,2024-02-06
68,2024-03-18
68,2024-05-20
68,2024-06-20
68,2024-07-25
68,2024-10-18
68,2024-10-22
68,2024-12-05
68,2025-01-26
69,2024-01-25
69,2024-10-03
70,2024-03-24
71,2024-03-18
71,2024-03-21
71,2024-04-29
71,2024-05-04
71,2024-07-05
71,2024-07-21
71,2024-08-07
71,2024-08-17
71,2024-08-20
71,2024-08-25
71,2024-09-09
71,2024-10-04
71,2024-10-14
71,2024-10-21
71,2024-11-02
71,2024-11-02
71,2024-11-30
71,2024-12-08
71,2024-12-17
71,2024-12-19
71,2025-01-02
71,2025-01-14
71,2025-01-26
71,2025-01-28
71,2025-02-17
71,2025-03-03
71,2025-05-20
72,2024-01-05
72,2024-01-28
72,2024-06-03
73,2024-01-18
73,2024-11-15
74,2024-01-31
74,2024-04-23
74,2024-05-16
74,2024-05-27
74,2024-07-14
74,2024-10-03
75,2024-01-04
76,2024-02-23
76,2024-04-05
77,2024-01-29
77,2024-02-05
78,2024-02-22
79,2024-01-11
79,2024-02-04
79,2024-03-04
79,2024-04-13
79,2024-06-08
79,2024-06-11
79,2024-07-17
79,2024-07-19
79,2024-07-22
79,2024-10-21
79,2024-11-06
79,2024-11-26
79,2024-12-19
79,2024-12-29
79,2025-02-19
79,2025-04-03
79,2025-04-07
79,2025-05-02
79,2025-05-12
80,2024-01-15
80,2024-02-29
81,2024-02-16
82,2024-01-09
82,2024-11-01
83,2024-01-31
84,2024-01-26
84,2024-02-13
85,2024-03-14
85,2024-03-29
85,2024-04-20
85,2024-05-03
85,2024-05-16
85,2024-06-13
85,2024-08-01
85,2024-08-03
85,2024-08-10
85,2024-11-22
85,2024-11-23
85,2024-12-06
85,2024-12-30
86,2024-01-19
87,2024-02-23
87,2024-03-24
87,2024-12-17
87,2025-06-11
88,2024-03-02
88,2024-03-07
89,2024-01-21
89,2024-08-26
90,2024-01-29
91,2024-01-16
91,2024-08-05
92,2024-02-27
93,2024-01-10
93,2024-02-07
94,2024-03-22
94,2024-05-30
94,2024-09-09
94,2025-03-02
95,2024-02-12
95,2024-03-10
95,2024-03-13
96,2024-02-28
96,2024-03-21
96,2024-03-22
96,2024-03-23
96,2024-03-28
96,2024-05-17
96,2024-08-15
96,2024-09-17
96,2024-12-03
96,2025-01-24
96,2025-02-27
97,2024-03-18
97,2024-03-23
98,2024-01-30
98,2025-06-07
99,2024-01-22
100,2024-02-28
101,2024-01-02
101,2024-01-20
101,2024-03-26
101,2024-04-22
101,2024-11-27
101,2024-12-25
101,2025-01-23
101,2025-04-01
102,2024-03-15
102,2024-04-17
102,2024-11-23
103,2024-03-05
103,2024-03-28
104,2024-02-09
104,2025-05-19
105,2024-02-04
105,2024-02-23
105,2024-03-18
106,2024-02-18
106,2024-03-08
106,2024-03-13
106,2024-10-10
106,2025-02-14
106,2025-04-11
106,2025-05-08
107,2024-03-13
107,2024-11-23
108,2024-01-24
108,2024-03-17
108,2024-11-05
108,2025-01-03
109,2024-01-20
109,2024-02-21
109,2024-03-11
109,2024-09-05
109,2024-09-30
109,2024-11-21
109,2025-01-18
109,2025-01-26
109,2025-03-09
109,2025-04-21
109,2025-05-24
110,2024-02-26
110,2024-03-10
110,2024-07-17
111,2024-02-28
111,2024-03-07
112,2024-01-18
112,2024-05-18
112,2024-06-13
113,2024-03-19
113,2024-05-15
114,2024-03-01
114,2024-03-31
115,2024-02-09
115,2024-03-08
115,2024-03-20
116,2024-03-20
116,2024-11-07
116,2025-05-12
117,2024-01-31
117,2024-05-15
117,2024-06-10
118,2024-03-02
118,2024-04-08
118,2025-03-14
119,2024-03-01
120,2024-01-14
120,2024-03-05
120,2024-03-07
120,2024-03-17
120,2024-04-22
120,2024-04-22
120,2024-04-25
120,2024-05-09
120,2024-05-17
121,2024-03-03
121,2024-04-11
121,2024-04-27
121,2024-06-10
121,2024-06-20
121,2024-06-21
121,2024-07-30
121,2024-08-21
121,2024-10-31
121,2024-11-02
121,2024-12-15
121,2024-12-30
121,2024-12-31
121,2025-02-10
121,2025-03-02
121,2025-03-28
122,2024-01-14
122,2024-01-15
122,2024-01-27
122,2024-03-13
122,2025-04-19
122,2025-04-22
122,2025-06-20
123,2024-01-22
123,2024-08-30
124,2024-03-15
124,2024-03-25
124,2024-03-31
124,2024-04-27
124,2024-05-19
125,2024-02-25
126,2024-02-24
126,2024-02-28
126,2024-12-02
126,2025-01-05
126,2025-04-18
127,2024-01-14
127,2024-02-10
127,2024-05-19
127,2024-08-17
127,2024-08-20
127,2024-12-22
127,2025-03-24
127,2025-05-03
127,2025-05-17
127,2025-06-02
128,2024-01-09
128,2025-03-19
129,2024-01-24
130,2024-03-12
130,2024-03-26
130,2024-04-25
131,2024-01-12
132,2024-02-17
132,2024-06-23
132,2024-08-08
133,2024-03-23
133,2024-09-13
134,2024-02-04
134,2024-11-18
134,2025-06-24
134,2025-06-26
135,2024-03-08
135,2024-03-09
136,2024-03-09
136,2024-03-17
136,2024-05-28
136,2024-05-31
136,2024-08-08
136,2024-08-17
137,2024-02-07
137,2024-10-08
138,2024-02-13
139,2024-03-06
139,2025-04-28
140,2024-03-03
140,2024-07-07
140,2024-07-08
141,2024-01-25
141,2024-01-29
141,2024-02-12
141,2024-02-29
141,2024-03-27
141,2024-11-19
141,2025-03-29
141,2025-06-20
142,2024-01-27
142,2024-03-23
142,2024-10-14
143,2024-01-20
143,2024-02-15
143,2025-02-03
143,2025-02-12
144,2024-01-03
144,2024-01-22
145,2024-01-23
146,2024-01-19
147,2024-03-05
147,2024-03-31
148,2024-02-26
149,2024-02-13
149,2024-02-16
149,2024-04-08
149,2024-08-17
150,2024-02-11
150,2025-03-01
151,2024-01-26
151,2025-03-13
152,2024-02-27
152,2024-09-05
152,2024-11-12
152,2024-12-28
152,2025-01-23
152,2025-01-27
153,2024-03-23
153,2024-04-25
153,2024-05-23
153,2025-01-07
153,2025-01-19
153,2025-06-21
153,2025-06-27
154,2024-02-19
154,2024-02-22
154,2024-03-12
155,2024-02-13
156,2024-02-26
156,2024-07-16
156,2024-08-01
156,2024-11-24
156,2025-02-03
156,2025-02-05
157,2024-02-23
158,2024-02-01
158,2024-02-10
158,2024-02-20
158,2024-03-16
158,2024-04-07
159,2024-02-14
159,2024-02-23
159,2024-03-15
159,2024-03-17
160,2024-01-22
160,2024-05-29
161,2024-01-18
161,2025-03-26
162,2024-02-27
162,2024-07-19
162,2025-04-06
162,2025-05-12
162,2025-05-19
163,2024-01-05
163,2024-06-01
164,2024-02-24
165,2024-02-12
165,2024-06-30
166,2024-01-02
166,2024-01-13
167,2024-03-10
168,2024-02-20
168,2024-02-25
168,2024-04-18
168,2024-05-03
168,2024-11-20
168,2025-02-09
168,2025-03-04
169,2024-01-29
169,2024-09-08
170,2024-01-25
170,2024-04-20
170,2024-06-26
170,2024-08-31
170,2024-10-29
170,2024-12-12
170,2024-12-25
170,2025-01-04
170,2025-01-07
170,2025-01-26
170,2025-03-07
170,2025-03-15
170,2025-04-10
170,2025-05-16
170,2025-06-03
171,2024-03-19
172,2024-03-21
173,2024-02-05
173,2024-08-01
173,2025-06-04
174,2024-01-13
174,2024-02-07
174,2024-06-11
174,2025-06-03
174,2025-06-11
174,2025-06-17
175,2024-01-16
175,2024-05-17
176,2024-02-13
176,2024-03-04
177,2024-03-22
177,2024-08-29
177,2024-10-10
178,2024-01-31
179,2024-02-25
179,2025-01-27
180,2024-02-16
181,2024-03-15
181,2024-03-15
181,2024-03-23
181,2024-04-14
181,2024-07-03
182,2024-03-03
183,2024-01-02
183,2024-04-06
183,2024-04-17
183,2024-06-05
183,2024-06-15
183,2024-11-01
183,2024-11-07
184,2024-03-07
184,2024-08-02
184,2025-05-05
185,2024-03-03
185,2024-03-19
185,2024-04-23
186,2024-01-22
186,2024-01-25
186,2024-02-12
186,2024-02-13
186,2024-03-21
186,2024-04-30
186,2024-05-18
186,2024-07-21
187,2024-01-11
187,2024-02-02
187,2024-02-27
187,2024-04-08
188,2024-02-18
189,2024-03-02
189,2024-04-15
189,2024-12-21
189,2025-05-24
190,2024-03-01
190,2024-11-17
191,2024-01-15
191,2024-01-24
191,2024-02-08
191,2024-02-26
191,2024-03-16
191,2024-04-15
191,2024-06-21
191,2024-07-01
191,2024-07-11
191,2024-09-07
191,2024-09-28
191,2024-10-02
191,2024-10-22
191,2024-10-29
191,2024-11-17
191,2024-12-02
191,2024-12-13
191,2025-02-08
191,2025-03-02
191,2025-03-20
191,2025-03-22
191,2025-04-03
191,2025-04-27
191,2025-05-04
191,2025-05-21
191,2025-06-22
192,2024-02-26
193,2024-01-22
193,2024-04-05
194,2024-03-21
194,2024-06-02
194,2024-06-02
195,2024-01-31
195,2024-05-17
196,2024-02-19
197,2024-03-21
198,2024-02-27
198,2024-04-18
198,2024-05-27
198,2024-09-24
199,2024-01-06
199,2024-01-30
199,2024-06-05
199,2024-07-11
200,2024-01-02
200,2024-01-06
200,2024-09-17
201,2024-01-31
201,2024-05-10
202,2024-01-13
202,2025-01-02
202,2025-01-18
203,2024-01-23
204,2024-01-19
204,2025-03-17
205,2024-03-22
206,2024-02-01
206,2024-05-13
206,2024-06-06
206,2024-06-18
206,2024-07-18
206,2024-08-01
206,2024-08-05
206,2024-08-21
206,2024-09-25
206,2024-10-12
206,2024-11-27
206,2024-12-02
206,2024-12-16
206,2025-01-31
206,2025-03-04
206,2025-04-05
207,2024-02-29
207,2024-07-13
207,2024-10-20
208,2024-01-19
208,2024-01-23
208,2024-05-30
208,2024-07-07
208,2024-07-26
208,2024-09-03
208,2024-09-16
208,2024-09-21
208,2024-10-08
208,2024-10-21
208,2024-11-04
208,2024-11-14
208,2024-11-20
208,2025-01-07
208,2025-01-22
209,2024-02-26
209,2024-03-28
209,2024-07-18
209,2024-11-23
210,2024-02-19
210,2024-03-01
210,2024-04-14
210,2024-05-14
210,2024-06-11
210,2024-07-03
211,2024-02-29
212,2024-01-13
212,2024-01-21
213,2024-01-09
214,2024-02-15
215,2024-01-05
215,2024-03-12
215,2024-03-18
215,2024-03-27
216,2024-01-19
217,2024-02-06
217,2024-07-17
217,2024-09-04
217,2024-10-06
217,2024-10-23
217,2025-02-13
217,2025-03-14
218,2024-03-12
218,2024-06-03
218,2024-10-08
218,2024-10-13
218,2025-05-03
218,2025-06-23
219,2024-01-17
220,2024-01-02
221,2024-03-15
221,2024-06-23
222,2024-01-03
222,2024-01-07
222,2024-01-14
222,2024-01-28
223,2024-02-14
224,2024-02-13
224,2024-09-19
224,2024-10-22
225,2024-02-11
225,2024-02-20
226,2024-01-10
226,2025-04-05
227,2024-01-07
227,2024-03-25
228,2024-02-13
229,2024-01-18
229,2024-01-21
229,2024-02-25
229,2024-05-18
229,2024-05-29
229,2024-07-07
229,2024-07-21
229,2024-08-11
229,2024-08-19
229,2024-09-20
229,2024-10-30
229,2024-11-08
229,2024-12-17
229,2024-12-31
229,2025-01-13
229,2025-02-06
229,2025-02-16
229,2025-03-05
229,2025-04-18
229,2025-05-18
230,2024-01-08
230,2024-03-20
230,2024-05-15
231,2024-02-07
231,2024-03-06
231,2024-03-07
231,2024-03-22
232,2024-03-08
233,2024-01-04
233,2024-02-16
234,2024-03-07
235,2024-02-26
235,2025-01-07
235,2025-02-12
235,2025-05-03
235,2025-06-03
236,2024-02-03
236,2024-06-04
237,2024-01-16
237,2024-09-28
238,2024-01-18
238,2024-03-02
238,2024-03-21
239,2024-02-20
239,2024-03-14
239,2024-09-06
239,2024-10-14
239,2024-10-18
240,2024-01-27
240,2024-02-05
240,2024-02-11
240,2024-02-16
240,2024-02-26
240,2024-03-02
240,2024-03-16
240,2024-04-09
240,2024-04-11
240,2024-04-12
240,2024-05-21
240,2024-05-21
240,2024-06-06
240,2024-07-17
240,2024-08-02
241,2024-02-12
241,2025-02-10
241,2025-05-01
241,2025-05-23
242,2024-03-10
242,2024-08-28
242,2025-02-06
243,2024-02-02
243,2024-02-19
243,2024-03-02
243,2024-03-03
243,2024-03-14
243,2024-05-03
243,2024-05-06
243,2024-05-11
244,2024-01-17
244,2024-03-02
245,2024-03-18
245,2024-08-09
245,2025-05-06
246,2024-03-20
246,2024-03-21
246,2024-04-10
246,2024-05-28
246,2024-06-12
246,2024-06-13
246,2024-06-19
246,2024-06-22
246,2024-08-06
246,2024-08-18
246,2024-08-20
246,2024-08-25
246,2024-09-06
246,2024-09-12
246,2024-09-19
246,2024-09-20
246,2024-10-18
246,2024-11-07
246,2024-11-28
246,2024-12-13
246,2025-01-03
246,2025-01-20
246,2025-02-02
246,2025-02-06
246,2025-03-22
246,2025-03-27
246,2025-04-21
246,2025-05-21
246,2025-05-21
247,2024-02-19
247,2024-03-17
247,2025-01-27
248,2024-02-20
248,2024-02-27
248,2024-03-07
248,2024-05-30
248,2024-06-01
248,2024-07-06
248,2024-08-06
249,2024-03-03
249,2024-04-06
250,2024-03-19
250,2024-05-05
250,2024-06-02
250,2024-06-11
250,2024-07-04
250,2024-07-07
251,2024-02-08
251,2024-02-21
252,2024-01-11
252,2024-08-11
252,2024-10-12
253,2024-02-18
254,2024-01-06
254,2024-01-31
255,2024-03-09
255,2024-03-16
255,2024-03-24
255,2024-04-06
255,2024-05-31
255,2024-06-12
255,2024-10-02
255,2024-10-12
255,2024-11-03
255,2024-11-24
255,2025-02-02
255,2025-02-25
256,2024-01-06
256,2024-03-14
256,2024-04-06
256,2024-10-07
256,2024-10-22
256,2024-11-03
256,2025-03-10
256,2025-03-29
257,2024-03-06
257,2024-03-22
257,2024-07-20
257,2024-09-13
258,2024-01-14
259,2024-02-14
260,2024-01-11
260,2025-06-03
261,2024-01-22
262,2024-03-21
262,2025-04-07
263,2024-01-03
263,2024-09-30
264,2024-03-16
264,2024-03-24
265,2024-03-18
265,2024-03-31
265,2024-05-03
265,2024-05-30
265,2024-06-09
265,2024-08-18
265,2024-10-03
265,2024-10-12
265,2024-11-16
265,2024-12-23
265,2025-01-16
265,2025-02-10
265,2025-03-22
265,2025-04-26
265,2025-05-01
265,2025-06-29
266,2024-02-03
266,2024-03-13
266,2024-11-11
266,2024-12-02
266,2025-05-20
267,2024-03-17
268,2024-02-21
268,2024-02-26
268,2024-03-18
268,2024-04-11
268,2024-04-26
268,2024-04-29
268,2024-05-21
268,2024-06-25
268,2024-09-05
268,2024-09-28
268,2024-10-13
268,2024-10-20
268,2024-12-18
268,2024-12-29
268,2025-01-01
268,2025-02-27
268,2025-03-22
268,2025-03-25
268,2025-06-01
269,2024-03-13
270,2024-01-12
270,2024-01-15
270,2024-06-24
270,2024-07-31
270,2024-09-06
270,2025-02-22
270,2025-05-08
271,2024-02-24
271,2024-02-25
271,2024-03-27
272,2024-03-19
272,2024-04-13
273,2024-02-07
273,2024-04-04
273,2024-09-01
273,2024-09-17
273,2024-10-28
273,2024-12-29
273,2025-01-11
273,2025-03-07
273,2025-04-02
273,2025-05-26
274,2024-01-03
274,2024-01-03
274,2024-03-28
275,2024-02-02
275,2024-02-05
275,2024-11-12
275,2025-03-05
276,2024-03-02
276,2024-04-01
277,2024-02-25
277,2024-08-12
277,2024-11-19
277,2025-04-16
277,2025-06-10
278,2024-02-09
278,2024-04-15
278,2024-04-18
278,2024-04-20
278,2024-05-28
279,2024-01-08
279,2024-01-09
280,2024-01-06
280,2024-08-30
280,2024-10-02
280,2025-03-01
281,2024-01-15
281,2024-02-29
281,2024-05-18
282,2024-03-23
282,2024-05-09
282,2024-05-19
282,2024-07-07
283,2024-03-03
283,2024-04-16
283,2024-06-03
283,2024-10-26
283,2024-12-08
283,2025-01-26
283,2025-02-02
283,2025-02-17
284,2024-01-27
284,2024-02-11
284,2024-02-15
284,2024-04-04
284,2024-05-02
284,2024-08-05
285,2024-01-13
285,2024-03-15
286,2024-01-11
286,2024-02-03
286,2024-03-13
286,2024-03-19
286,2024-04-20
286,2024-05-02
286,2024-06-03
286,2024-09-02
287,2024-01-18
287,2024-06-20
287,2024-09-02
287,2025-01-12
287,2025-03-07
288,2024-02-20
288,2024-06-02
288,2025-01-14
289,2024-01-04
289,2024-12-11
290,2024-01-03
290,2024-03-14
290,2024-12-30
290,2025-04-20
290,2025-05-12
291,2024-02-06
291,2024-07-28
291,2024-11-04
291,2025-02-09
292,2024-01-29
292,2024-08-30
293,2024-02-10
294,2024-03-21
294,2024-03-31
295,2024-02-27
295,2024-08-18
296,2024-03-14
296,2024-03-26
297,2024-02-25
297,2024-03-11
297,2024-03-11
297,2024-04-01
297,2024-10-14
297,2024-10-23
297,2025-01-06
297,2025-01-19
297,2025-02-27
297,2025-03-21
297,2025-03-21
297,2025-04-17
298,2024-01-21
299,2024-03-13
299,2024-05-10
300,2024-02-16
301,2024-03-10
301,2024-09-13
301,2024-09-24
301,2024-12-09
302,2024-03-07
303,2024-01-22
303,2024-02-07
303,2024-02-27
303,2024-04-06
303,2024-05-03
303,2024-06-21
303,2024-09-19
303,2024-10-25
303,2025-03-22
303,2025-04-14
303,2025-06-13
304,2024-03-24
305,2024-02-20
305,2024-06-22
305,2025-06-08
306,2024-01-18
306,2024-03-16
306,2024-04-28
307,2024-03-03
307,2024-08-19
307,2024-12-01
307,2024-12-05
307,2025-03-03
308,2024-02-13
308,2024-03-04
308,2024-08-04
308,2024-10-05
308,2025-04-03
308,2025-06-15
309,2024-02-21
309,2025-04-28
310,2024-02-04
310,2024-04-08
310,2024-04-24
310,2024-05-26
310,2024-07-02
310,2024-07-29
310,2024-11-15
310,2024-12-08
310,2025-01-13
310,2025-01-26
310,2025-02-16
310,2025-02-18
310,2025-03-18
311,2024-03-08
312,2024-02-21
312,2024-09-19
312,2024-11-05
312,2025-04-19
312,2025-05-11
313,2024-02-11
313,2024-03-31
314,2024-01-09
315,2024-01-03
316,2024-01-21
316,2024-02-05
316,2024-02-16
316,2024-02-24
317,2024-03-08
317,2024-04-19
317,2024-04-20
317,2024-04-28
317,2024-05-25
318,2024-01-08
318,2024-05-06
318,2025-01-07
319,2024-02-07
319,2024-02-21
319,2024-04-01
320,2024-02-25
320,2024-03-08
320,2024-04-27
320,2024-05-04
320,2024-06-18
320,2024-06-19
320,2024-10-04
320,2024-10-09
320,2024-11-27
320,2024-12-04
320,2024-12-22
320,2024-12-22
320,2025-01-05
320,2025-06-07
321,2024-01-13
321,2024-02-15
321,2024-04-05
321,2024-10-02
322,2024-02-08
322,2024-02-12
322,2024-03-07
322,2024-06-14
322,2024-06-15
322,2024-06-21
322,2024-07-10
322,2024-08-19
323,2024-02-02
323,2024-12-05
324,2024-03-07
324,2024-11-14
325,2024-03-02
325,2024-08-13
325,2024-10-07
325,2025-01-08
325,2025-02-08
326,2024-03-05
326,2024-03-24
326,2024-03-28
327,2024-03-08
327,2024-08-28
328,2024-03-07
329,2024-01-20
329,2024-01-22
329,2024-02-07
329,2024-05-22
329,2024-05-30
329,2024-06-29
329,2024-07-12
329,2024-08-10
329,2024-08-25
329,2024-09-04
329,2024-10-16
329,2024-11-14
329,2025-04-07
329,2025-05-24
329,2025-05-25
329,2025-05-30
329,2025-06-16
330,2024-01-29
330,2024-03-20
330,2024-11-24
330,2024-12-03
331,2024-02-05
331,2024-08-28
332,2024-01-04
333,2024-03-12
334,2024-03-17
334,2024-04-27
334,2024-05-17
335,2024-02-23
335,2024-09-14
336,2024-02-05
336,2024-04-28
336,2024-11-28
336,2024-12-08
337,2024-02-09
337,2024-03-21
338,2024-03-18
338,2024-03-25
338,2024-03-29
338,2024-04-13
338,2024-04-17
338,2024-08-17
338,2024-09-20
338,2024-10-15
338,2024-10-24
338,2024-10-31
338,2024-11-07
338,2024-11-10
338,2024-12-15
338,2025-04-17
338,2025-05-26
339,2024-01-01
339,2025-06-13
340,2024-02-11
340,2024-02-13
340,2024-05-18
340,2024-06-21
341,2024-03-22
342,2024-02-03
342,2024-02-15
343,2024-01-26
343,2024-02-13
343,2024-03-20
343,2024-05-20
343,2024-07-09
343,2025-02-20
344,2024-03-11
345,2024-02-05
345,2024-04-15
345,2024-07-11
345,2024-07-31
345,2024-10-03
345,2024-11-20
345,2025-02-28
345,2025-03-15
345,2025-03-20
345,2025-06-18
346,2024-03-05
346,2024-03-30
347,2024-02-24
348,2024-01-21
349,2024-01-05
349,2024-05-19
350,2024-01-10
350,2024-10-08
350,2025-06-06
351,2024-02-26
351,2025-01-03
351,2025-02-13
351,2025-03-20
352,2024-02-08
352,2024-05-01
353,2024-01-02
354,2024-02-07
354,2024-11-21
355,2024-02-22
356,2024-01-16
356,2024-02-24
356,2024-09-22
356,2024-10-19
356,2025-05-07
357,2024-01-11
357,2024-08-06
357,2024-09-29
357,2024-12-24
357,2025-02-13
358,2024-02-07
358,2024-06-05
358,2024-12-14
359,2024-03-18
359,2024-04-24
359,2024-07-19
360,2024-03-09
361,2024-03-20
361,2024-06-02
361,2024-06-18
361,2025-02-25
362,2024-03-22
362,2024-04-18
362,2024-06-15
362,2024-06-18
362,2024-06-22
362,2024-06-23
362,2024-06-26
362,2024-07-07
362,2024-07-24
362,2024-07-31
362,2024-08-16
362,2024-09-05
362,2024-09-17
363,2024-01-12
363,2024-01-14
363,2024-01-17
363,2024-01-18
363,2024-02-05
364,2024-02-22
365,2024-01-08
365,2024-08-14
365,2024-09-05
366,2024-02-09
366,2024-08-17
367,2024-03-04
368,2024-02-09
368,2024-02-29
368,2024-03-14
369,2024-02-12
370,2024-01-12
370,2024-01-31
370,2024-03-13
370,2024-03-20
370,2024-04-03
370,2024-04-05
371,2024-01-05
371,2024-01-07
371,2024-02-17
371,2024-02-23
371,2024-03-01
371,2024-03-14
371,2024-03-30
371,2024-07-20
371,2024-08-16
371,2024-09-29
371,2024-10-14
371,2024-12-08
371,2025-03-13
371,2025-03-20
371,2025-06-03
371,2025-06-12
372,2024-03-13
372,2025-04-13
372,2025-06-08
372,2025-06-26
373,2024-01-04
373,2024-11-29
374,2024-01-21
374,2024-08-25
374,2024-10-28
374,2025-01-02
375,2024-02-20
375,2024-04-26
375,2024-06-30
375,2024-08-27
375,2024-12-10
376,2024-02-28
376,2024-03-05
376,2024-03-06
377,2024-03-10
378,2024-01-25
378,2024-08-30
378,2025-03-03
378,2025-04-23
379,2024-01-30
380,2024-03-18
381,2024-02-12
381,2024-05-14
382,2024-03-16
382,2024-04-30
382,2024-05-22
382,2024-07-03
382,2024-07-20
382,2024-08-30
382,2024-11-15
382,2025-01-29
382,2025-03-02
382,2025-03-08
382,2025-03-17
383,2024-01-29
383,2025-01-02
384,2024-03-13
385,2024-03-22
385,2024-04-18
385,2024-08-23
385,2025-05-15
386,2024-02-01
386,2024-02-11
387,2024-02-21
388,2024-01-13
389,2024-03-15
389,2024-05-02
389,2024-08-08
389,2025-05-04
389,2025-05-22
390,2024-02-26
390,2024-05-27
391,2024-02-13
391,2024-03-05
392,2024-03-08
392,2024-07-05
393,2024-03-10
394,2024-01-14
394,2024-02-02
394,2024-03-15
394,2024-04-02
394,2024-04-28
394,2024-05-04
394,2024-05-06
394,2024-05-29
394,2024-06-24
394,2024-08-26
394,2024-09-13
394,2024-09-19
394,2024-09-19
394,2024-09-28
394,2024-10-21
394,2024-11-04
394,2024-12-09
394,2024-12-18
395,2024-02-24
395,2024-03-13
395,2024-06-23
395,2024-07-25
395,2024-11-10
396,2024-02-03
396,2024-04-03
396,2024-04-10
396,2024-06-02
396,2024-06-19
396,2024-06-20
396,2024-09-15
396,2024-09-28
396,2024-11-05
396,2024-11-07
396,2025-01-09
396,2025-02-26
396,2025-03-27
396,2025-04-29
396,2025-06-21
396,2025-06-23
397,2024-02-20
397,2024-07-18
397,2024-10-19
397,2024-11-02
397,2024-12-05
397,2025-06-29
398,2024-02-25
398,2024-04-05
399,2024-01-27
400,2024-01-11
400,2024-01-20
401,2024-02-08
401,2024-03-05
401,2024-05-29
402,2024-03-06
402,2024-08-12
402,2024-12-04
402,2024-12-17
402,2025-04-17
402,2025-05-09
402,2025-06-06
403,2024-02-18
403,2024-02-18
404,2024-01-05
404,2024-02-08
405,2024-02-12
405,2024-07-12
406,2024-02-21
407,2024-03-21
408,2024-01-12
408,2024-02-27
408,2024-03-08
408,2024-03-09
408,2024-04-26
408,2024-07-05
408,2024-08-05
409,2024-03-23
410,2024-03-14
410,2024-03-14
411,2024-01-07
411,2024-07-15
412,2024-01-23
412,2024-06-22
413,2024-01-31
413,2025-03-28
413,2025-05-15
413,2025-06-08
413,2025-06-19
414,2024-01-26
414,2025-02-09
415,2024-01-05
415,2024-03-01
415,2025-02-06
416,2024-02-12
416,2024-04-18
416,2024-05-04
416,2024-05-27
416,2024-06-02
416,2024-06-28
417,2024-02-23
417,2024-06-15
417,2024-07-17
418,2024-02-29
418,2024-05-18
418,2024-07-03
418,2024-07-29
418,2024-08-16
418,2024-09-17
418,2024-10-01
418,2024-12-11
418,2024-12-29
418,2025-01-31
418,2025-03-11
418,2025-05-22
418,2025-06-04
418,2025-06-04
419,2024-01-21
419,2024-02-20
419,2024-06-14
419,2024-07-08
419,2024-09-19
419,2024-10-24
419,2025-03-06
420,2024-02-04
421,2024-03-09
422,2024-03-24
422,2024-09-12
423,2024-01-03
423,2024-06-17
423,2025-03-30
424,2024-01-07
424,2024-02-03
424,2024-04-17
424,2024-04-29
425,2024-01-19
425,2024-08-10
426,2024-02-27
426,2024-06-19
426,2024-12-21
427,2024-02-27
427,2024-03-30
428,2024-02-27
428,2024-05-08
429,2024-03-14
430,2024-01-07
430,2024-10-12
430,2024-11-04
430,2025-05-25
431,2024-02-18
431,2024-04-23
431,2024-05-08
431,2024-08-29
431,2024-11-01
431,2025-02-04
431,2025-05-20
432,2024-03-07
433,2024-03-07
433,2024-07-25
433,2024-08-23
434,2024-03-02
434,2024-03-16
434,2024-04-07
434,2024-04-28
434,2024-05-02
434,2024-05-04
434,2024-06-02
434,2024-06-26
435,2024-01-27
435,2024-02-17
435,2024-03-04
435,2024-03-14
435,2024-06-25
435,2024-12-07
435,2025-03-22
436,2024-01-30
437,2024-01-20
437,2024-02-21
438,2024-03-11
438,2024-10-01
439,2024-03-17
439,2024-07-07
440,2024-03-06
440,2024-08-04
441,2024-01-25
441,2024-02-02
441,2024-04-08
441,2024-04-09
442,2024-02-23
442,2024-05-12
443,2024-02-18
444,2024-03-08
445,2024-02-23
445,2024-04-05
446,2024-01-25
446,2025-02-26
447,2024-02-07
447,2024-02-26
447,2024-03-28
447,2024-04-02
447,2024-06-10
447,2024-07-08
447,2024-07-24
448,2024-02-20
448,2024-02-26
448,2024-06-05
448,2024-10-03
448,2024-12-24
448,2025-03-16
449,2024-02-09
449,2024-03-18
449,2024-05-03
449,2024-12-25
449,2025-04-01
449,2025-04-02
449,2025-04-24
449,2025-05-04
449,2025-05-21
449,2025-05-23
449,2025-06-11
450,2024-01-10
450,2024-01-30
450,2024-03-23
451,2024-02-13
451,2024-04-13
451,2025-05-29
452,2024-02-02
453,2024-01-06
453,2024-01-17
453,2024-02-14
453,2024-02-29
454,2024-01-04
454,2024-08-12
454,2025-05-30
454,2025-06-24
455,2024-02-02
455,2024-02-28
456,2024-02-23
456,2024-06-15
456,2024-07-12
457,2024-01-04
457,2024-04-20
457,2024-10-16
458,2024-02-11
458,2024-02-18
458,2024-03-13
458,2024-03-21
458,2024-04-10
458,2024-05-09
458,2024-05-11
459,2024-02-14
459,2024-02-20
459,2024-03-30
459,2024-04-02
459,2024-05-14
459,2024-06-23
459,2024-07-17
459,2024-07-18
459,2024-08-16
459,2024-08-17
459,2024-09-04
459,2024-11-13
459,2024-12-20
459,2024-12-25
459,2025-01-01
460,2024-03-20
461,2024-02-01
462,2024-03-22
462,2024-04-07
463,2024-01-31
463,2024-02-11
463,2024-02-25
463,2024-03-05
463,2025-03-04
463,2025-03-31
464,2024-03-17
465,2024-01-31
465,2024-02-03
465,2024-04-15
466,2024-01-18
467,2024-02-11
468,2024-01-31
468,2024-02-12
468,2024-02-19
468,2024-02-28
468,2024-04-14
469,2024-01-07
469,2024-02-04
469,2024-02-27
469,2024-03-05
469,2024-03-15
469,2024-03-20
469,2024-03-30
469,2024-06-09
469,2024-07-05
469,2024-08-17
469,2024-08-25
469,2024-08-29
469,2024-10-12
470,2024-02-22
471,2024-02-10
471,2024-02-13
471,2024-02-14
471,2024-04-28
471,2024-05-19
471,2024-07-31
471,2024-09-22
471,2024-11-09
471,2024-11-11
471,2025-02-03
472,2024-02-24
472,2025-02-16
473,2024-01-09
474,2024-02-19
474,2024-02-19
474,2024-05-31
474,2024-09-05
474,2024-11-04
474,2024-11-21
474,2025-01-10
474,2025-03-30
474,2025-06-09
475,2024-03-23
475,2024-04-07
475,2024-12-16
475,2025-05-11
476,2024-01-27
477,2024-03-08
477,2024-04-29
477,2024-06-17
477,2025-01-08
477,2025-05-28
478,2024-02-15
478,2024-03-10
479,2024-01-15
479,2024-02-24
480,2024-01-13
481,2024-03-05
481,2024-04-06
481,2024-08-16
481,2024-08-20
481,2025-03-02
482,2024-02-01
482,2024-07-30
483,2024-02-11
483,2024-02-17
483,2024-03-22
483,2024-04-09
484,2024-02-16
485,2024-01-14
485,2024-04-04
485,2024-04-23
486,2024-03-15
486,2025-04-04
486,2025-05-28
487,2024-02-18
487,2024-05-25
487,2024-06-06
487,2024-10-14
487,2024-10-18
487,2024-11-20
487,2024-11-23
487,2024-12-14
487,2025-01-03
487,2025-01-30
487,2025-04-06
488,2024-03-16
489,2024-02-10
489,2024-06-12
489,2025-05-15
490,2024-01-15
490,2024-04-29
490,2024-06-29
491,2024-02-16
491,2024-03-02
491,2024-11-24
492,2024-01-01
492,2024-02-14
492,2024-03-25
492,2024-04-20
492,2024-05-04
492,2024-08-25
492,2025-01-19
492,2025-01-27
492,2025-03-14
492,2025-06-22
493,2024-02-04
493,2025-04-15
494,2024-03-17
494,2024-04-05
494,2025-04-02
494,2025-05-26
495,2024-03-19
496,2024-02-10
497,2024-02-08
498,2024-01-15
498,2024-01-24
498,2024-02-04
498,2024-02-14
498,2024-02-26
498,2024-04-30
498,2024-05-09
498,2024-05-09
498,2024-05-17
498,2024-05-20
498,2024-06-20
498,2024-07-16
498,2024-09-03
498,2024-09-16
498,2024-09-24
498,2024-10-01
498,2024-10-02
498,2024-10-04
498,2024-10-15
498,2024-10-18
498,2024-11-16
498,2024-11-29
498,2024-12-29
498,2025-01-07
498,2025-01-07
498,2025-01-17
498,2025-01-21
498,2025-01-21
498,2025-01-24
498,2025-02-05
498,2025-02-07
498,2025-02-08
498,2025-02-09
498,2025-02-09
498,2025-02-16
498,2025-02-18
498,2025-03-19
498,2025-04-03
498,2025-04-12
498,2025-04-23
498,2025-04-29
498,2025-05-26
498,2025-06-01
498,2025-06-04
498,2025-06-23
498,2025-06-23
499,2024-02-20
499,2024-02-20
499,2024-03-24
499,2024-06-24
499,2024-07-01
499,2024-11-06
499,2025-01-23
499,2025-03-04
499,2025-03-09
499,2025-03-10
499,2025-04-07
500,2024-01-09
500,2024-02-12
500,2024-02-15
500,2024-03-07
500,2024-05-02
500,2024-06-23
500,2024-11-28
500,2025-01-05
500,2025-01-30
500,2025-01-31
501,2024-03-10
502,2024-01-09
503,2024-03-10
504,2024-02-02
504,2024-11-04
505,2024-02-21
505,2024-02-28
505,2024-03-01
505,2024-05-25
505,2024-06-23
505,2024-06-26
505,2024-07-02
505,2024-08-07
505,2024-09-16
505,2024-10-16
505,2025-01-30
505,2025-02-23
505,2025-03-21
505,2025-06-10
506,2024-03-01
506,2024-04-01
507,2024-02-03
507,2024-05-14
507,2025-03-15
508,2024-03-01
508,2024-03-31
509,2024-02-11
509,2025-01-07
510,2024-03-12
510,2024-04-12
511,2024-01-09
511,2024-09-28
511,2024-11-21
511,2024-12-20
511,2025-01-31
511,2025-05-12
512,2024-01-16
512,2024-03-10
512,2024-04-15
512,2024-05-11
512,2024-07-25
512,2024-07-27
512,2024-07-31
513,2024-03-18
514,2024-03-10
514,2024-05-11
514,2024-10-20
514,2024-12-29
514,2025-01-10
515,2024-02-25
515,2024-08-22
516,2024-01-13
516,2024-03-05
516,2024-10-07
516,2024-12-16
517,2024-01-10
517,2024-03-22
517,2024-04-26
517,2024-10-09
518,2024-01-20
518,2025-01-13
519,2024-03-06
519,2025-03-20
519,2025-05-04
519,2025-05-30
520,2024-01-07
520,2024-08-10
521,2024-01-28
521,2024-08-02
522,2024-03-19
522,2024-03-20
523,2024-03-04
523,2024-04-20
523,2024-07-01
523,2024-07-17
523,2024-08-10
524,2024-02-15
524,2024-09-07
525,2024-02-16
525,2024-04-11
525,2024-06-05
525,2024-10-04
525,2024-10-09
526,2024-02-07
526,2024-08-19
526,2025-03-19
527,2024-02-18
527,2024-08-27
527,2024-08-31
527,2025-05-10
528,2024-02-23
528,2025-01-14
529,2024-01-08
530,2024-03-13
530,2024-03-25
530,2024-05-08
530,2024-06-22
530,2024-06-29
530,2024-07-28
530,2024-07-31
530,2024-08-03
530,2024-08-05
530,2024-09-06
530,2025-03-02
530,2025-03-31
530,2025-04-06
531,2024-03-17
531,2024-06-07
531,2024-07-20
531,2025-02-15
531,2025-02-16
532,2024-02-19
533,2024-03-05
533,2024-08-08
533,2025-06-01
534,2024-01-09
534,2024-01-16
534,2024-02-03
534,2024-02-28
534,2024-03-13
534,2024-04-05
535,2024-01-14
536,2024-02-20
536,2024-07-09
536,2024-07-23
536,2024-09-02
536,2025-02-13
537,2024-03-03
538,2024-03-22
538,2024-11-25
539,2024-01-09
539,2024-02-29
539,2024-03-05
539,2024-03-17
539,2024-03-19
539,2024-08-13
539,2024-10-04
539,2024-10-06
539,2024-10-08
539,2024-10-18
539,2024-12-11
539,2024-12-30
539,2025-01-08
539,2025-01-23
539,2025-01-23
539,2025-01-28
539,2025-04-29
540,2024-03-01
540,2024-04-17
540,2024-05-09
540,2024-06-08
540,2024-10-13
540,2024-10-27
541,2024-02-21
541,2024-02-21
541,2024-04-10
541,2024-04-23
541,2024-07-16
541,2024-10-03
541,2024-12-15
542,2024-03-20
542,2024-03-27
543,2024-02-27
544,2024-02-20
544,2024-06-05
544,2024-07-30
544,2024-09-26
545,2024-02-20
546,2024-01-28
546,2024-12-31
547,2024-03-07
548,2024-01-06
548,2024-02-09
548,2024-02-10
548,2024-04-16
548,2024-04-21
548,2024-06-01
549,2024-01-19
549,2024-06-01
549,2024-06-09
549,2024-07-27
549,2024-08-02
549,2024-08-06
549,2024-11-23
549,2025-03-23
549,2025-06-14
549,2025-06-20
549,2025-06-23
550,2024-03-13
550,2024-04-21
551,2024-03-19
551,2024-03-25
552,2024-03-23
552,2024-08-13
553,2024-02-09
553,2025-04-24
554,2024-01-23
555,2024-01-28
556,2024-01-15
556,2024-07-13
556,2024-09-12
557,2024-01-27
557,2024-06-13
557,2024-08-06
557,2025-03-24
558,2024-02-04
558,2024-03-05
558,2024-06-23
558,2024-08-25
559,2024-02-11
559,2024-03-14
559,2024-04-03
559,2024-07-17
559,2024-10-15
560,2024-01-04
561,2024-03-12
561,2024-03-14
561,2024-06-16
562,2024-01-28
562,2024-02-18
562,2024-02-29
562,2024-04-01
562,2024-04-09
562,2024-05-02
562,2024-05-16
562,2024-07-01
562,2024-07-15
562,2024-08-13
562,2024-08-25
562,2024-09-25
562,2024-10-08
562,2024-11-09
562,2024-11-18
562,2024-12-06
562,2024-12-28
562,2025-01-10
562,2025-02-04
562,2025-03-19
562,2025-04-04
562,2025-04-04
562,2025-04-17
562,2025-04-26
562,2025-06-16
562,2025-06-19
562,2025-06-25
563,2024-03-13
563,2024-09-13
563,2024-10-12
563,2024-11-09
564,2024-02-19
564,2024-04-03
564,2024-08-20
564,2024-11-04
564,2025-04-24
564,2025-05-16
565,2024-01-11
565,2024-02-02
565,2024-02-08
565,2024-02-16
565,2024-03-05
565,2024-03-20
566,2024-01-31
566,2024-10-26
567,2024-01-16
567,2024-01-28
568,2024-02-24
568,2024-04-03
568,2024-04-18
568,2024-05-09
568,2024-08-16
568,2024-09-08
569,2024-02-21
569,2025-06-17
570,2024-02-11
570,2024-10-12
571,2024-02-09
571,2024-08-25
572,2024-02-23
572,2024-04-15
572,2024-07-26
572,2024-10-26
572,2024-12-05
572,2024-12-17
572,2024-12-20
572,2025-01-06
572,2025-01-10
572,2025-02-05
572,2025-02-21
572,2025-05-25
572,2025-06-01
573,2024-03-09
573,2024-03-13
573,2024-03-25
573,2024-03-28
574,2024-01-06
574,2024-05-29
575,2024-01-30
575,2024-02-15
575,2024-05-16
576,2024-02-14
576,2024-02-17
577,2024-02-21
577,2024-05-16
577,2024-05-27
577,2024-05-31
578,2024-03-02
578,2024-06-28
578,2024-10-31
579,2024-01-03
579,2024-01-19
579,2024-02-23
579,2024-03-05
579,2024-05-19
579,2024-09-23
579,2024-10-15
579,2024-10-31
579,2025-05-13
580,2024-02-08
580,2024-11-10
581,2024-01-02
582,2024-01-22
583,2024-02-02
584,2024-02-23
584,2024-03-01
584,2024-05-07
585,2024-01-06
585,2024-01-19
585,2024-02-09
585,2024-09-05
585,2024-11-07
585,2024-11-09
585,2024-11-17
585,2025-04-13
586,2024-03-22
586,2024-04-20
586,2024-04-29
586,2024-04-30
587,2024-01-26
588,2024-01-15
588,2024-01-15
588,2024-01-17
589,2024-02-29
590,2024-03-08
591,2024-02-02
591,2024-02-28
591,2024-03-13
591,2024-03-13
591,2024-03-27
591,2024-04-22
591,2024-04-23
591,2024-05-11
591,2024-05-16
591,2024-05-19
591,2024-05-20
591,2024-05-24
591,2024-05-26
591,2024-06-02
591,2024-06-09
591,2024-06-12
591,2024-06-26
591,2024-07-20
591,2024-07-24
591,2024-09-29
591,2024-10-03
591,2024-10-15
591,2024-10-17
591,2024-10-29
591,2024-11-04
591,2024-11-15
591,2024-11-23
591,2024-11-30
591,2024-12-11
591,2024-12-12
591,2024-12-14
591,2024-12-15
591,2024-12-19
591,2025-01-15
591,2025-01-20
591,2025-02-07
591,2025-02-10
591,2025-02-18
591,2025-02-25
591,2025-04-19
591,2025-04-22
591,2025-05-18
591,2025-05-31
591,2025-06-08
591,2025-06-19
592,2024-03-22
592,2024-04-28
593,2024-02-06
594,2024-01-08
595,2024-02-02
595,2024-04-23
596,2024-03-09
596,2024-03-12
597,2024-02-13
597,2024-02-23
597,2024-03-14
598,2024-03-10
598,2024-03-14
599,2024-01-07
599,2024-01-11
600,2024-01-24
601,2024-01-07
601,2024-03-08
601,2024-08-28
601,2024-09-26
601,2025-03-11
601,2025-04-09
602,2024-02-19
603,2024-03-16
603,2024-04-24
603,2024-05-03
603,2024-09-14
603,2024-12-05
603,2025-01-18
603,2025-01-30
604,2024-02-19
604,2024-04-11
604,2024-04-21
604,2024-04-22
604,2024-05-14
604,2024-05-22
604,2024-06-11
604,2024-07-08
604,2024-07-12
604,2024-07-12
604,2024-07-20
604,2024-07-21
604,2024-08-01
604,2024-10-16
604,2024-11-26
604,2025-01-25
604,2025-02-17
604,2025-03-09
604,2025-03-09
604,2025-03-20
604,2025-06-11
604,2025-06-16
605,2024-03-07
605,2024-05-30
605,2024-07-11
605,2024-08-31
605,2024-10-20
605,2024-11-02
605,2025-02-05
605,2025-06-18
606,2024-03-11
606,2024-04-20
606,2024-08-31
607,2024-01-21
607,2025-03-01
608,2024-02-16
608,2024-04-01
609,2024-01-02
609,2024-02-23
609,2024-03-01
609,2024-03-30
610,2024-01-26
610,2024-01-27
610,2024-03-29
611,2024-02-15
611,2024-06-19
611,2024-08-28
611,2024-08-29
611,2024-11-23
611,2025-06-06
612,2024-03-03
612,2024-09-01
612,2024-11-22
612,2025-06-04
613,2024-01-16
614,2024-03-14
614,2024-03-24
614,2024-04-03
614,2024-04-22
614,2024-04-27
614,2024-05-12
614,2024-05-29
614,2024-07-12
614,2024-08-14
614,2024-08-21
614,2024-08-24
614,2024-08-25
614,2024-11-13
614,2024-11-14
614,2024-11-15
614,2024-12-29
614,2025-01-05
614,2025-01-06
614,2025-01-12
614,2025-02-03
614,2025-03-10
614,2025-03-17
614,2025-03-22
614,2025-04-15
614,2025-06-15
614,2025-06-20
614,2025-06-29
615,2024-01-11
615,2024-04-23
615,2024-06-19
615,2024-06-27
615,2025-02-10
615,2025-04-04
616,2024-01-24
617,2024-02-07
617,2024-02-19
617,2024-02-21
617,2024-04-24
617,2024-05-29
617,2024-06-11
617,2024-07-27
617,2024-08-12
617,2024-09-24
617,2024-09-30
617,2024-11-28
617,2024-12-07
617,2024-12-19
617,2025-01-31
617,2025-02-01
617,2025-03-05
617,2025-03-20
617,2025-03-29
617,2025-05-28
618,2024-01-23
618,2024-03-09
618,2024-05-10
619,2024-01-18
619,2024-02-16
619,2024-07-17
619,2024-09-18
619,2024-11-25
619,2025-01-13
619,2025-02-28
619,2025-04-13
620,2024-01-30
620,2024-05-02
620,2024-07-14
620,2024-09-20
621,2024-01-13
621,2024-02-01
621,2024-04-28
622,2024-01-21
622,2024-01-26
623,2024-03-04
623,2024-05-03
623,2024-05-11
624,2024-02-20
625,2024-02-16
625,2024-04-30
625,2024-05-31
626,2024-02-23
627,2024-03-21
627,2024-09-23
627,2024-11-09
628,2024-03-20
629,2024-01-20
629,2024-01-21
629,2024-02-09
630,2024-02-26
630,2024-03-12
630,2024-04-05
630,2024-10-29
630,2024-10-31
630,2024-11-06
630,2024-11-09
630,2024-11-11
630,2025-01-30
631,2024-01-14
631,2024-03-06
631,2024-10-01
631,2025-03-25
632,2024-03-03
633,2024-02-12
633,2024-02-13
633,2024-03-11
633,2024-06-24
634,2024-03-13
635,2024-01-31
635,2024-02-10
635,2024-03-30
635,2024-05-01
635,2024-07-08
635,2024-09-24
635,2024-11-15
635,2024-11-15
635,2025-04-04
635,2025-04-06
635,2025-04-23
635,2025-05-08
635,2025-06-28
636,2024-02-09
636,2024-04-13
637,2024-02-06
637,2024-03-31
637,2024-06-01
637,2024-09-11
637,2024-11-05
637,2025-05-12
638,2024-03-10
638,2025-03-23
639,2024-03-14
639,2024-03-30
639,2024-08-19
640,2024-02-06
640,2025-02-04
640,2025-06-28
641,2024-02-06
641,2024-03-20
642,2024-02-03
642,2024-03-06
642,2024-03-08
642,2024-04-15
642,2024-05-03
642,2024-06-07
642,2024-07-23
642,2024-12-11
642,2024-12-14
642,2025-02-02
642,2025-02-22
642,2025-02-22
643,2024-02-11
644,2024-02-01
644,2024-04-13
644,2024-04-18
644,2024-05-02
644,2024-09-12
644,2024-10-22
644,2025-06-02
645,2024-02-11
645,2024-07-19
646,2024-02-25
646,2024-05-21
646,2024-07-15
646,2025-02-27
647,2024-03-22
647,2024-12-13
647,2024-12-31
647,2025-05-23
648,2024-02-27
648,2024-08-15
648,2024-12-16
648,2024-12-19
649,2024-01-07
649,2024-01-30
649,2024-02-04
649,2024-06-11
649,2024-07-22
649,2024-08-23
649,2024-10-03
649,2024-11-28
649,2025-01-11
649,2025-04-08
650,2024-03-08
651,2024-01-13
651,2024-03-11
651,2024-04-06
652,2024-03-12
652,2024-03-31
652,2024-05-15
653,2024-03-19
653,2024-07-03
653,2024-07-23
653,2024-10-12
653,2024-11-12
653,2025-03-08
654,2024-03-09
654,2024-03-25
654,2024-04-12
654,2024-05-07
654,2024-06-17
654,2024-06-17
654,2024-06-23
654,2024-07-14
654,2024-09-20
654,2024-12-28
654,2025-02-04
654,2025-02-20
654,2025-03-08
654,2025-03-14
654,2025-04-16
654,2025-05-10
655,2024-03-17
655,2024-08-20
655,2024-10-16
655,2024-11-14
655,2025-02-03
655,2025-02-17
655,2025-03-09
656,2024-03-10
656,2024-03-10
657,2024-02-08
658,2024-03-09
658,2025-02-01
659,2024-02-26
659,2025-05-02
660,2024-02-01
660,2024-02-07
661,2024-01-22
661,2024-06-27
661,2024-09-24
661,2024-11-22
661,2025-01-27
662,2024-03-13
662,2024-12-01
663,2024-02-26
663,2024-03-01
663,2024-03-06
663,2024-07-15
663,2024-08-06
663,2024-09-21
664,2024-03-16
664,2024-05-25
664,2024-06-22
665,2024-02-28
666,2024-02-07
666,2024-05-18
666,2024-08-21
667,2024-02-27
668,2024-02-21
668,2024-06-17
668,2024-11-06
668,2025-01-10
668,2025-04-29
669,2024-03-12
670,2024-03-10
670,2024-04-28
670,2024-05-18
670,2024-07-01
670,2024-07-25
671,2024-02-10
672,2024-01-13
672,2024-03-02
673,2024-02-06
674,2024-01-23
674,2024-10-24
675,2024-01-19
675,2024-02-06
675,2024-02-10
675,2024-02-14
675,2024-03-10
675,2024-03-23
676,2024-03-12
677,2024-03-12
678,2024-02-06
678,2024-08-02
678,2025-03-08
679,2024-01-10
679,2024-04-22
679,2024-07-11
679,2024-07-28
679,2024-07-30
679,2025-03-15
679,2025-03-31
679,2025-05-25
679,2025-06-15
680,2024-03-17
680,2024-03-28
680,2024-06-22
680,2024-06-26
681,2024-03-15
681,2024-05-09
681,2024-06-19
681,2024-09-25
681,2025-04-09
682,2024-03-05
682,2024-03-19
683,2024-03-02
683,2024-07-02
683,2024-07-07
683,2024-09-05
683,2024-09-21
683,2024-12-08
683,2024-12-12
683,2025-01-30
684,2024-02-27
684,2025-02-04
684,2025-02-16
684,2025-03-18
684,2025-05-08
685,2024-01-22
685,2024-02-09
686,2024-02-22
686,2024-08-13
687,2024-01-21
687,2024-04-04
687,2024-04-10
687,2024-04-20
687,2024-05-11
687,2024-07-09
687,2024-12-26
687,2025-03-09
687,2025-03-13
688,2024-02-02
688,2025-02-19
689,2024-02-02
689,2024-03-26
690,2024-01-11
690,2024-03-09
690,2024-05-05
690,2024-05-14
690,2024-10-27
690,2024-12-31
690,2025-06-15
691,2024-01-15
691,2024-03-02
692,2024-01-18
692,2024-03-17
692,2024-10-14
693,2024-03-03
693,2024-04-15
693,2024-05-07
693,2024-05-09
693,2024-07-01
693,2024-09-09
693,2024-10-31
693,2024-12-20
693,2025-01-06
693,2025-02-23
693,2025-02-25
693,2025-04-09
693,2025-04-28
693,2025-06-08
694,2024-01-09
695,2024-01-13
695,2024-01-19
695,2024-01-21
695,2024-01-23
695,2024-02-01
695,2024-03-02
695,2024-03-14
695,2024-04-02
696,2024-02-11
696,2024-03-01
696,2024-03-05
696,2024-04-06
696,2024-07-18
696,2024-08-20
696,2024-08-21
696,2024-10-04
696,2024-11-26
696,2024-12-01
696,2024-12-17
696,2024-12-23
696,2025-01-19
696,2025-03-07
696,2025-03-09
696,2025-05-10
696,2025-05-21
696,2025-06-05
696,2025-06-15
696,2025-06-24
697,2024-01-10
697,2024-01-29
698,2024-02-21
698,2024-02-23
698,2024-03-10
698,2024-03-17
698,2024-04-21
698,2024-04-25
698,2024-05-06
698,2024-05-07
698,2024-06-10
698,2024-07-15
699,2024-02-13
700,2024-03-17
700,2024-04-03
700,2024-04-19
700,2024-04-19
700,2024-04-27
700,2024-05-06
700,2024-06-26
700,2024-07-06
700,2024-09-17
700,2024-10-06
700,2024-12-07
700,2025-03-24
700,2025-03-31
700,2025-04-18
700,2025-04-28
700,2025-05-13
700,2025-06-03
701,2024-02-02
701,2024-06-05
701,2024-07-23
701,2024-08-03
701,2024-10-04
701,2024-12-08
702,2024-01-07
702,2024-02-23
702,2024-07-28
702,2024-09-20
702,2024-10-15
702,2024-12-13
702,2025-04-11
702,2025-04-14
702,2025-04-25
702,2025-05-19
702,2025-05-30
703,2024-01-28
703,2024-02-16
704,2024-01-16
704,2024-03-03
705,2024-03-13
705,2025-03-17
706,2024-02-22
706,2024-06-03
706,2024-08-04
707,2024-03-15
707,2024-06-09
707,2024-06-19
707,2024-07-15
707,2024-09-29
707,2025-01-11
707,2025-02-18
707,2025-03-06
707,2025-03-17
707,2025-06-16
708,2024-03-14
708,2024-03-15
708,2024-07-14
708,2024-08-18
708,2024-08-31
708,2024-11-28
708,2024-12-15
708,2025-02-25
708,2025-03-12
708,2025-03-20
709,2024-02-21
709,2024-02-25
709,2024-04-10
709,2024-04-25
710,2024-02-06
710,2024-04-21
711,2024-02-11
712,2024-02-21
712,2024-10-10
712,2025-05-15
713,2024-02-07
713,2024-05-16
713,2025-02-06
713,2025-02-06
714,2024-01-06
714,2025-06-13
715,2024-01-17
715,2024-09-05
716,2024-03-21
716,2024-04-08
716,2024-04-19
716,2024-04-23
716,2024-04-26
716,2024-06-06
716,2024-06-15
716,2024-07-16
717,2024-03-18
717,2024-03-21
718,2024-01-09
718,2024-03-30
719,2024-03-22
719,2024-04-01
719,2024-04-11
719,2024-04-29
720,2024-03-05
720,2024-07-03
720,2024-10-29
720,2024-11-02
720,2024-12-10
720,2024-12-18
720,2025-02-13
720,2025-03-26
720,2025-04-12
721,2024-03-23
721,2024-04-15
722,2024-03-17
722,2024-06-14
722,2024-08-03
722,2025-01-19
722,2025-02-16
722,2025-06-02
723,2024-02-09
723,2024-02-12
723,2024-03-03
723,2025-06-28
724,2024-03-05
725,2024-02-20
725,2024-07-04
725,2024-12-06
725,2025-04-12
726,2024-03-03
726,2024-03-16
726,2024-05-24
726,2024-07-21
726,2024-07-27
726,2024-08-12
726,2024-08-22
726,2024-09-25
726,2024-11-19
726,2025-01-12
726,2025-02-08
726,2025-03-02
726,2025-03-13
726,2025-03-20
726,2025-03-31
726,2025-04-08
726,2025-04-24
726,2025-05-05
726,2025-05-06
726,2025-05-10
726,2025-06-26
727,2024-03-02
727,2024-07-14
727,2024-08-06
727,2024-12-29
727,2025-02-15
727,2025-03-08
727,2025-04-26
727,2025-04-28
727,2025-06-15
728,2024-02-16
728,2024-03-06
728,2024-05-29
729,2024-03-05
730,2024-02-08
730,2024-03-09
730,2024-03-12
731,2024-02-18
731,2024-08-14
731,2025-03-05
732,2024-02-29
732,2024-03-05
732,2024-03-05
732,2024-03-16
732,2024-03-29
732,2024-04-05
732,2024-04-08
733,2024-02-06
733,2024-04-28
733,2024-08-18
734,2024-01-14
734,2024-08-24
735,2024-03-16
735,2024-03-21
735,2024-04-22
735,2024-04-29
735,2024-05-03
735,2024-05-10
735,2024-06-08
735,2024-09-23
735,2024-09-24
735,2024-09-25
735,2024-10-08
735,2024-10-28
735,2024-11-28
735,2024-12-02
735,2025-02-02
735,2025-03-04
735,2025-03-14
735,2025-03-18
735,2025-04-02
735,2025-04-08
735,2025-04-20
735,2025-05-29
736,2024-01-18
736,2024-04-20
736,2024-10-15
736,2024-10-30
736,2024-12-18
736,2025-02-17
736,2025-02-19
737,2024-01-13
737,2024-01-16
737,2024-02-23
738,2024-02-18
738,2024-08-03
738,2024-09-29
739,2024-02-04
739,2024-11-15
740,2024-02-01
740,2024-10-11
741,2024-01-15
741,2024-01-25
741,2024-03-20
741,2024-03-27
741,2024-05-31
741,2024-08-07
741,2024-08-08
741,2024-09-09
741,2024-10-18
741,2024-11-14
741,2025-01-25
741,2025-02-23
741,2025-03-28
741,2025-06-10
741,2025-06-24
742,2024-01-07
742,2024-01-27
743,2024-02-26
743,2024-03-03
743,2024-03-25
743,2024-03-27
743,2024-04-06
743,2024-04-13
743,2024-04-26
743,2024-04-28
743,2024-08-11
743,2024-08-27
743,2024-09-06
744,2024-01-31
744,2024-04-24
744,2024-12-20
745,2024-02-06
745,2024-05-20
746,2024-02-15
746,2024-09-06
747,2024-02-09
747,2024-03-16
747,2025-05-27
748,2024-01-01
748,2024-01-01
749,2024-03-10
750,2024-03-10
750,2024-12-27
751,2024-03-05
751,2024-04-18
751,2024-04-24
751,2024-06-05
751,2024-06-16
751,2024-08-03
751,2024-08-21
751,2024-08-27
751,2024-10-13
751,2024-12-13
751,2025-02-04
751,2025-02-15
751,2025-03-27
752,2024-01-21
753,2024-01-15
753,2025-02-26
754,2024-01-17
754,2024-02-15
754,2024-02-28
754,2024-03-06
755,2024-03-20
756,2024-01-08
756,2024-04-15
757,2024-03-10
758,2024-03-12
759,2024-01-27
759,2024-02-16
759,2024-02-16
759,2024-03-03
759,2024-03-13
759,2024-03-19
759,2024-04-12
759,2024-04-16
759,2024-04-29
759,2024-05-15
759,2024-05-19
759,2024-06-14
759,2024-08-24
759,2024-09-29
759,2024-10-17
759,2024-10-19
759,2025-02-09
759,2025-03-05
759,2025-05-27
759,2025-06-08
760,2024-03-14
760,2024-05-20
760,2024-05-21
760,2024-07-06
760,2024-08-18
760,2024-09-27
760,2024-10-22
760,2024-12-03
760,2024-12-24
760,2025-01-23
760,2025-01-30
760,2025-03-09
760,2025-03-19
761,2024-01-16
761,2024-01-26
761,2024-02-29
761,2024-05-27
761,2024-10-18
761,2024-10-19
762,2024-02-11
762,2024-05-23
762,2024-08-07
763,2024-02-22
763,2024-08-02
763,2024-09-13
763,2025-01-14
763,2025-01-16
763,2025-03-10
763,2025-05-24
763,2025-06-17
764,2024-03-01
764,2024-03-27
764,2024-04-10
765,2024-02-22
765,2024-03-05
765,2024-03-26
766,2024-01-08
767,2024-01-17
767,2024-03-18
768,2024-02-29
768,2024-06-17
768,2024-12-22
769,2024-02-11
769,2024-03-03
769,2024-04-20
770,2024-01-08
770,2024-03-17
770,2024-06-02
770,2024-11-24
770,2024-12-10
770,2025-04-02
770,2025-05-03
771,2024-01-30
772,2024-01-02
772,2024-04-08
772,2024-11-29
772,2025-05-05
773,2024-01-22
773,2024-01-31
773,2024-02-09
773,2024-02-10
773,2024-02-10
773,2024-04-14
773,2024-04-20
773,2024-04-29
773,2024-06-12
773,2024-07-19
773,2024-07-26
773,2024-10-13
773,2024-12-15
774,2024-02-07
774,2024-10-14
774,2024-11-24
774,2025-01-06
775,2024-02-22
775,2024-02-23
775,2024-03-07
775,2024-12-15
775,2025-01-11
775,2025-04-13
775,2025-05-09
776,2024-02-19
776,2024-06-08
777,2024-03-02
777,2024-06-29
777,2024-07-16
777,2024-11-14
777,2025-05-15
777,2025-06-28
778,2024-01-03
778,2024-08-10
778,2025-06-17
779,2024-02-21
780,2024-03-10
780,2024-05-26
781,2024-01-19
782,2024-02-14
782,2024-05-11
782,2025-05-27
783,2024-02-06
783,2024-02-08
783,2024-02-19
783,2024-04-02
783,2024-04-05
783,2024-04-13
783,2024-07-11
783,2024-08-07
783,2024-08-28
783,2024-08-30
783,2024-10-03
783,2024-10-06
783,2024-10-09
783,2024-10-25
783,2024-11-07
783,2024-12-11
783,2024-12-13
783,2025-01-24
783,2025-02-02
783,2025-05-20
784,2024-02-22
785,2024-01-13
786,2024-02-07
786,2024-04-04
787,2024-02-07
788,2024-01-07
789,2024-02-25
789,2024-05-19
790,2024-02-14
790,2024-04-29
790,2024-05-10
790,2024-06-15
790,2024-06-24
790,2024-09-11
790,2024-09-21
790,2024-11-16
790,2024-11-27
790,2025-01-02
791,2024-02-12
791,2024-04-23
791,2024-05-23
792,2024-01-06
792,2024-02-15
792,2024-02-21
792,2024-02-29
793,2024-03-04
794,2024-03-01
794,2024-03-12
795,2024-01-03
795,2024-02-27
795,2024-07-10
796,2024-03-06
796,2024-04-19
796,2024-04-29
796,2024-07-01
796,2024-09-22
796,2025-02-13
796,2025-02-18
796,2025-03-01
797,2024-01-07
797,2024-02-28
798,2024-01-27
798,2024-06-08
799,2024-02-06
799,2025-03-28
800,2024-03-02
800,2024-10-15
800,2024-12-13
800,2025-03-14
800,2025-06-25
801,2024-02-01
801,2025-02-01
802,2024-01-25
802,2024-04-04
802,2024-10-14
802,2024-11-28
803,2024-02-09
803,2024-10-18
803,2024-11-09
803,2024-11-26
803,2025-05-22
804,2024-01-27
804,2024-02-19
804,2024-04-03
804,2024-05-08
804,2024-05-10
804,2024-06-07
805,2024-02-19
805,2024-03-05
806,2024-01-11
806,2024-06-08
806,2024-11-20
806,2024-12-27
806,2025-01-25
807,2024-03-02
808,2024-03-11
808,2024-03-28
808,2024-04-04
808,2024-04-22
808,2024-05-15
808,2024-05-26
808,2024-06-01
808,2024-07-03
808,2024-09-07
808,2024-10-06
808,2024-10-12
808,2024-11-25
808,2025-02-02
808,2025-03-25
808,2025-03-29
808,2025-04-18
808,2025-05-25
808,2025-06-11
808,2025-06-29
809,2024-03-06
809,2025-03-08
810,2024-02-11
811,2024-03-24
811,2024-03-27
812,2024-02-03
812,2024-04-03
812,2025-01-25
812,2025-02-11
813,2024-02-29
813,2024-10-02
814,2024-01-05
814,2024-03-16
814,2024-03-27
814,2024-04-05
814,2024-04-17
814,2024-04-27
814,2024-05-31
814,2024-06-17
814,2024-12-22
814,2024-12-23
814,2025-01-16
814,2025-01-24
814,2025-01-24
814,2025-02-06
814,2025-06-20
815,2024-02-18
816,2024-01-01
816,2024-08-21
816,2024-08-28
816,2024-10-13
817,2024-01-24
817,2024-02-11
817,2024-02-12
817,2024-06-08
818,2024-02-01
818,2024-02-17
818,2024-02-18
818,2024-02-23
818,2024-02-26
818,2024-03-26
818,2024-03-30
818,2024-04-09
818,2024-04-10
818,2024-05-05
818,2024-05-16
818,2024-05-17
818,2024-06-04
818,2024-06-10
818,2024-06-20
819,2024-03-08
819,2025-01-28
820,2024-02-24
821,2024-02-14
821,2024-06-25
822,2024-02-01
822,2024-12-24
823,2024-02-17
823,2024-02-24
824,2024-03-16
824,2024-04-19
824,2024-12-12
824,2025-04-13
825,2024-01-17
825,2025-06-11
826,2024-03-19
826,2024-03-27
826,2024-03-29
826,2024-04-10
826,2024-04-13
826,2024-04-21
826,2024-05-01
826,2024-05-14
826,2024-06-11
826,2024-06-25
826,2024-07-12
826,2024-08-08
827,2024-03-18
827,2024-04-01
827,2024-05-06
827,2024-07-28
827,2024-12-16
828,2024-02-04
829,2024-01-23
829,2024-07-01
830,2024-01-21
830,2024-01-24
831,2024-03-04
831,2024-03-27
831,2024-09-10
831,2024-09-30
832,2024-01-29
833,2024-02-29
833,2024-04-30
834,2024-02-09
834,2024-04-26
835,2024-03-07
835,2024-03-10
836,2024-02-19
836,2024-03-19
837,2024-03-05
837,2024-03-20
838,2024-03-08
838,2024-05-15
838,2024-06-08
838,2024-06-14
838,2024-12-12
838,2025-02-09
838,2025-03-03
839,2024-02-11
839,2024-10-03
840,2024-01-17
840,2024-03-01
840,2024-03-03
840,2024-05-24
840,2024-07-25
840,2024-11-06
840,2024-11-21
840,2025-03-12
840,2025-03-24
840,2025-04-15
841,2024-03-04
841,2024-04-03
841,2024-04-11
841,2024-05-18
841,2024-05-19
841,2024-05-28
841,2024-07-30
842,2024-01-28
843,2024-03-02
843,2024-03-27
843,2024-06-16
843,2024-07-21
843,2024-08-12
843,2025-02-14
843,2025-06-04
843,2025-06-05
844,2024-01-16
844,2024-01-18
844,2024-05-02
845,2024-02-01
845,2024-12-03
845,2025-05-11
846,2024-03-11
846,2024-04-16
846,2024-07-24
847,2024-03-01
848,2024-01-30
848,2024-04-09
848,2024-04-17
849,2024-03-13
850,2024-01-23
850,2024-05-01
850,2024-05-27
850,2024-06-30
850,2024-08-13
850,2024-08-19
850,2024-11-13
850,2025-02-27
850,2025-05-05
851,2024-02-27
851,2024-05-05
851,2024-05-15
851,2024-10-17
852,2024-01-07
852,2024-06-03
852,2024-06-16
852,2025-02-04
853,2024-02-24
854,2024-02-24
854,2024-07-02
855,2024-01-06
855,2024-03-07
855,2024-05-15
855,2024-05-31
855,2024-09-26
856,2024-03-20
856,2024-07-04
856,2025-01-15
857,2024-02-25
857,2024-03-11
857,2024-03-27
857,2024-04-03
857,2024-04-08
857,2024-04-16
857,2024-05-23
858,2024-01-25
858,2024-08-04
858,2025-04-17
859,2024-01-30
859,2024-02-06
860,2024-01-31
860,2024-02-21
860,2024-07-03
861,2024-02-29
861,2024-12-05
861,2025-02-19
861,2025-03-23
862,2024-02-29
862,2024-03-18
863,2024-01-28
863,2024-08-02
863,2024-08-03
863,2025-01-05
864,2024-02-29
864,2024-02-29
865,2024-01-16
865,2024-05-22
865,2024-09-19
866,2024-01-15
866,2024-01-25
867,2024-03-22
867,2024-06-04
867,2024-11-29
867,2024-12-26
867,2025-01-02
867,2025-01-16
867,2025-02-12
868,2024-01-30
868,2024-09-10
868,2024-10-01
868,2024-11-16
868,2024-11-19
868,2025-04-01
868,2025-05-31
869,2024-02-15
869,2024-05-28
869,2024-06-24
869,2024-09-06
869,2024-10-08
869,2024-11-24
869,2024-12-29
869,2025-01-22
869,2025-02-01
869,2025-02-20
869,2025-06-26
870,2024-03-22
870,2024-04-11
871,2024-03-04
871,2024-06-20
871,2025-02-05
871,2025-06-01
872,2024-02-03
873,2024-02-07
873,2024-11-19
873,2024-12-19
874,2024-02-29
874,2024-03-23
874,2024-04-01
875,2024-03-07
875,2025-01-25
875,2025-04-21
875,2025-05-24
876,2024-02-02
877,2024-02-21
878,2024-03-18
879,2024-02-12
879,2024-03-24
879,2024-06-13
880,2024-01-27
880,2024-05-17
880,2024-12-27
881,2024-01-29
882,2024-02-29
882,2024-06-29
883,2024-03-07
883,2024-03-12
883,2024-10-11
884,2024-01-10
884,2024-01-28
884,2025-05-23
885,2024-02-17
885,2024-02-26
885,2024-02-27
885,2024-05-27
885,2024-06-15
885,2024-07-23
885,2024-07-30
885,2024-10-11
885,2024-12-26
885,2025-02-21
886,2024-01-11
886,2024-02-21
886,2024-05-04
886,2024-05-30
887,2024-01-03
887,2024-01-25
888,2024-02-26
889,2024-02-22
889,2024-03-27
889,2024-04-14
890,2024-02-03
890,2024-04-06
890,2024-07-24
891,2024-03-04
891,2024-06-18
891,2024-07-03
892,2024-03-19
892,2024-08-30
892,2025-01-28
892,2025-03-07
892,2025-04-28
892,2025-05-12
893,2024-03-09
894,2024-03-02
895,2024-01-30
895,2024-02-21
895,2024-05-24
895,2024-09-10
896,2024-01-24
896,2024-03-16
896,2024-06-07
896,2025-01-17
896,2025-01-21
896,2025-04-14
897,2024-01-08
897,2024-06-12
897,2025-01-09
897,2025-05-28
898,2024-02-27
898,2024-10-26
899,2024-01-05
899,2024-01-10
899,2024-02-15
899,2024-05-19
899,2024-08-09
900,2024-01-05
901,2024-02-23
901,2024-03-04
901,2024-03-05
901,2024-09-02
901,2024-11-26
901,2025-03-03
901,2025-03-22
901,2025-04-15
901,2025-04-22
901,2025-06-06
902,2024-01-03
902,2024-01-22
902,2024-02-23
903,2024-01-27
903,2024-01-28
903,2024-03-14
903,2024-03-17
903,2024-04-10
903,2024-05-31
903,2024-08-21
903,2024-09-27
903,2024-10-05
903,2024-11-19
903,2024-11-20
903,2025-02-15
903,2025-03-26
903,2025-04-11
903,2025-04-19
903,2025-04-24
903,2025-05-01
903,2025-05-03
903,2025-05-21
903,2025-06-09
903,2025-06-10
904,2024-02-02
904,2024-02-08
904,2024-04-06
905,2024-02-13
905,2024-02-24
905,2024-03-14
905,2024-03-30
905,2024-04-12
905,2024-04-27
905,2024-05-20
905,2024-05-29
905,2024-06-18
905,2024-07-14
905,2024-07-17
905,2024-08-15
905,2024-09-26
905,2024-10-10
906,2024-01-17
906,2024-03-11
906,2024-09-05
907,2024-02-20
907,2025-01-24
908,2024-01-23
908,2024-01-25
908,2024-02-05
909,2024-01-17
909,2024-12-18
909,2025-01-10
910,2024-03-24
910,2024-06-24
911,2024-02-12
911,2024-07-02
912,2024-01-14
912,2024-01-15
913,2024-03-20
913,2024-08-22
913,2025-02-24
914,2024-01-19
914,2024-02-26
914,2024-06-11
915,2024-02-28
915,2024-04-21
916,2024-01-03
917,2024-01-13
917,2024-01-30
917,2024-02-18
917,2024-04-08
917,2024-05-20
917,2024-07-01
917,2024-08-18
917,2024-09-21
917,2024-12-16
917,2025-02-27
917,2025-03-22
917,2025-03-24
917,2025-05-01
917,2025-05-06
917,2025-05-30
918,2024-02-01
918,2024-03-04
918,2024-03-24
918,2024-10-01
918,2024-10-30
918,2025-01-13
918,2025-01-29
919,2024-02-22
919,2024-09-08
920,2024-01-11
921,2024-03-14
921,2024-03-24
921,2024-09-28
921,2024-11-25
921,2025-05-29
922,2024-01-18
923,2024-01-16
923,2024-02-04
924,2024-01-31
924,2024-04-29
924,2024-06-09
924,2024-06-25
924,2024-07-22
924,2024-08-26
924,2024-10-03
924,2024-11-30
924,2024-12-17
924,2024-12-24
924,2025-01-28
924,2025-03-01
924,2025-03-24
924,2025-03-30
924,2025-05-12
925,2024-01-02
925,2024-01-05
926,2024-01-08
926,2024-03-26
927,2024-01-12
928,2024-01-21
928,2024-12-17
929,2024-01-18
929,2024-01-28
930,2024-02-28
930,2024-03-06
931,2024-02-08
931,2024-03-21
931,2024-08-14
932,2024-01-08
932,2024-07-15
932,2025-03-15
933,2024-02-14
933,2024-04-23
933,2024-05-22
933,2024-06-11
933,2024-08-04
933,2024-10-25
933,2024-10-26
933,2025-03-30
933,2025-04-19
934,2024-03-08
934,2024-05-20
934,2024-07-31
934,2024-11-18
934,2024-12-10
934,2025-01-26
935,2024-02-05
935,2024-03-02
936,2024-01-31
936,2024-06-20
936,2024-09-10
936,2024-12-06
936,2025-02-20
937,2024-02-11
937,2024-02-24
937,2024-02-27
938,2024-02-10
938,2024-04-20
939,2024-01-08
940,2024-03-17
940,2024-04-29
940,2025-01-20
940,2025-06-08
941,2024-01-09
941,2024-12-08
942,2024-03-17
942,2024-12-13
943,2024-03-11
944,2024-02-07
944,2024-11-01
944,2024-12-18
945,2024-02-23
945,2024-05-07
945,2024-05-07
946,2024-01-08
946,2024-07-26
946,2024-12-23
947,2024-03-21
947,2024-06-25
948,2024-02-10
948,2025-05-24
949,2024-01-23
949,2025-03-11
950,2024-01-18
950,2024-04-09
950,2024-04-20
950,2024-07-21
950,2024-07-30
950,2024-10-14
950,2024-10-16
950,2024-11-18
950,2025-06-03
951,2024-03-16
951,2025-04-02
952,2024-01-10
952,2024-03-02
952,2024-08-03
952,2024-09-07
952,2025-01-01
952,2025-03-10
952,2025-03-10
953,2024-02-11
953,2024-03-23
953,2024-04-30
954,2024-03-02
954,2024-09-10
954,2024-09-27
954,2024-12-10
954,2025-01-19
954,2025-01-20
955,2024-03-06
956,2024-03-12
956,2024-04-06
957,2024-02-09
958,2024-01-03
958,2025-04-12
959,2024-02-22
960,2024-03-05
960,2024-04-19
960,2024-05-04
960,2024-05-23
960,2024-06-13
960,2025-02-05
960,2025-04-28
960,2025-05-29
961,2024-01-13
961,2024-01-22
961,2024-02-04
961,2024-02-10
961,2024-04-26
961,2024-05-30
961,2024-07-05
961,2024-08-20
961,2024-09-09
961,2024-09-10
961,2024-09-25
961,2024-10-19
961,2024-11-21
961,2024-12-17
961,2024-12-22
961,2025-03-12
961,2025-05-23
961,2025-06-10
961,2025-06-16
961,2025-06-18
962,2024-03-11
962,2024-04-18
962,2024-04-22
962,2024-05-10
962,2024-05-23
962,2024-06-11
963,2024-03-16
963,2024-04-18
964,2024-02-20
964,2024-04-05
964,2024-08-15
964,2024-12-29
964,2025-02-09
964,2025-03-17
964,2025-06-25
964,2025-06-26
965,2024-03-09
965,2024-09-06
965,2024-10-25
965,2025-01-11
966,2024-01-12
966,2024-02-13
967,2024-03-13
967,2024-04-02
968,2024-03-16
968,2024-10-25
969,2024-01-30
969,2024-04-03
969,2024-05-29
969,2024-08-20
969,2024-09-05
969,2024-10-26
969,2025-01-06
969,2025-02-19
969,2025-03-02
969,2025-04-07
969,2025-05-13
969,2025-06-15
970,2024-03-17
970,2024-04-27
971,2024-01-18
971,2024-03-15
971,2024-05-01
971,2024-05-25
971,2024-10-07
971,2024-11-06
971,2025-03-24
971,2025-04-07
972,2024-01-05
972,2024-05-18
972,2024-07-27
972,2024-12-29
973,2024-03-21
973,2024-04-17
974,2024-02-01
974,2024-04-06
974,2024-05-01
974,2024-05-16
974,2024-05-18
975,2024-01-23
975,2024-02-09
975,2024-02-17
975,2024-02-26
975,2024-03-01
975,2024-10-20
975,2025-03-31
976,2024-01-11
976,2024-01-23
976,2024-01-25
976,2024-05-14
977,2024-01-19
978,2024-01-28
979,2024-01-20
979,2024-03-29
979,2024-06-14
979,2024-06-30
980,2024-03-16
980,2024-11-26
981,2024-01-10
981,2024-02-05
982,2024-03-08
982,2025-06-23
983,2024-02-09
984,2024-02-06
984,2024-12-21
985,2024-02-28
985,2024-08-06
985,2024-12-23
986,2024-02-19
987,2024-03-21
988,2024-01-22
988,2024-04-20
988,2024-05-28
988,2024-10-03
988,2024-12-21
988,2025-03-10
988,2025-06-12
989,2024-02-17
989,2024-11-14
989,2024-11-15
990,2024-01-01
991,2024-01-03
991,2024-02-13
991,2024-03-04
991,2024-04-06
991,2024-08-12
992,2024-03-10
992,2024-03-19
992,2024-03-23
992,2024-03-27
993,2024-03-01
993,2024-05-18
993,2024-06-02
994,2024-03-04
994,2024-07-04
995,2024-02-18
995,2024-03-14
995,2024-06-07
995,2024-06-21
995,2024-09-05
995,2024-09-22
995,2024-10-16
995,2024-10-29
995,2024-12-03
995,2025-01-19
995,2025-02-09
995,2025-04-29
995,2025-04-30
996,2024-01-31
996,2024-06-19
996,2024-08-29
997,2024-01-30
997,2025-01-20
998,2024-01-21
998,2024-03-02
999,2024-03-19
1000,2024-03-13
1000,2024-04-18
1000,2024-04-19
1000,2024-04-29
1000,2024-09-19
1000,2024-10-04
1000,2024-10-22
1000,2025-05-10
1001,2024-03-02
1001,2024-05-14
1001,2024-07-31
1002,2024-03-11
1002,2024-04-24
1002,2024-05-02
1002,2024-05-15
1002,2024-06-11
1002,2024-07-22
1002,2024-08-27
1002,2024-10-20
1002,2025-01-11
1002,2025-01-30
1002,2025-02-15
1002,2025-06-15
1003,2024-01-25
1003,2024-02-24
1003,2024-12-29
1004,2024-03-02
1005,2024-03-14
1005,2024-07-21
1005,2024-09-12
1005,2024-09-29
1005,2024-11-09
1005,2024-12-03
1005,2025-02-10
1005,2025-03-27
1005,2025-05-28
1005,2025-05-31
1005,2025-06-06
1005,2025-06-08
1005,2025-06-27
1006,2024-01-06
1006,2024-06-18
1007,2024-01-07
1007,2024-01-09
1007,2024-03-06
1007,2024-11-12
1007,2025-02-13
1007,2025-04-23
1008,2024-01-11
1008,2024-11-29
1009,2024-02-13
1009,2024-06-19
1009,2024-07-24
1009,2024-09-21
1009,2024-11-01
1009,2025-06-19
1009,2025-06-23
1010,2024-01-15
1010,2024-04-22
1010,2024-07-21
1010,2024-10-04
1010,2025-05-04
1011,2024-02-27
1011,2025-01-17
1011,2025-04-06
1012,2024-01-22
1012,2024-02-24
1012,2024-02-27
1012,2024-03-06
1012,2024-04-23
1012,2024-05-01
1012,2024-06-13
1013,2024-03-10
1014,2024-02-18
1015,2024-01-23
1015,2024-04-01
1015,2024-04-07
1015,2024-04-11
1015,2024-04-18
1015,2024-04-19
1015,2024-05-07
1015,2024-05-22
1015,2024-07-12
1015,2024-07-22
1015,2024-07-26
1015,2024-07-29
1015,2024-09-18
1015,2024-09-22
1015,2024-10-07
1015,2024-10-29
1015,2024-12-04
1015,2025-01-29
1016,2024-01-15
1016,2024-02-17
1017,2024-02-24
1017,2024-03-13
1017,2025-01-05
1018,2024-02-09
1018,2024-04-18
1018,2024-06-27
1018,2024-09-11
1019,2024-02-16
1019,2024-02-19
1019,2024-02-23
1019,2024-03-03
1019,2024-03-06
1019,2024-03-07
1019,2024-04-05
1019,2024-04-10
1019,2024-04-12
1019,2024-04-23
1019,2024-04-24
1019,2024-04-30
1019,2024-05-14
1019,2024-06-12
1019,2024-06-21
1019,2024-06-29
1019,2024-07-13
1019,2024-07-14
1019,2024-07-20
1019,2024-08-03
1019,2024-08-08
1019,2024-08-12
1019,2024-08-19
1019,2024-08-20
1019,2024-09-04
1019,2024-09-08
1019,2024-09-21
1019,2024-09-21
1019,2024-09-24
1019,2024-10-11
1019,2024-10-14
1019,2024-10-16
1019,2024-11-21
1019,2024-12-29
1019,2025-01-05
1019,2025-01-21
1019,2025-02-01
1019,2025-02-02
1019,2025-02-19
1019,2025-02-26
1019,2025-02-28
1019,2025-03-13
1019,2025-03-25
1019,2025-03-31
1019,2025-04-03
1019,2025-04-05
1019,2025-04-05
1019,2025-04-16
1019,2025-05-06
1019,2025-05-12
1019,2025-05-23
1019,2025-06-21
1019,2025-06-28
1020,2024-03-22
1021,2024-01-07
1021,2024-02-10
1022,2024-02-04
1022,2024-11-12
1023,2024-03-04
1023,2024-03-16
1023,2024-04-04
1023,2024-08-27
1023,2024-12-18
1024,2024-02-06
1024,2024-02-27
1024,2024-03-26
1025,2024-02-14
1025,2024-03-11
1025,2024-04-08
1025,2024-04-14
1025,2024-04-20
1025,2024-05-11
1025,2024-05-18
1025,2024-06-04
1025,2024-06-22
1025,2024-06-30
1025,2024-07-02
1025,2024-08-11
1026,2024-03-20
1026,2024-06-05
1026,2024-09-14
1027,2024-02-06
1027,2024-02-17
1027,2024-05-05
1027,2024-10-23
1027,2024-11-06
1027,2025-02-12
1027,2025-04-03
1027,2025-04-06
1028,2024-01-06
1028,2024-08-11
1028,2024-12-21
1028,2025-03-12
1029,2024-01-17
1030,2024-01-20
1030,2024-05-13
1030,2025-05-27
1031,2024-02-16
1031,2024-02-23
1031,2024-02-23
1031,2024-02-27
1032,2024-02-29
1032,2024-07-20
1033,2024-02-07
1033,2024-03-03
1033,2024-09-04
1033,2024-09-06
1033,2024-09-07
1033,2024-10-26
1033,2025-05-04
1033,2025-06-02
1034,2024-02-19
1034,2024-02-23
1034,2024-12-02
1034,2024-12-11
1034,2025-06-20
1035,2024-01-02
1035,2024-08-02
1036,2024-02-24
1037,2024-01-04
1037,2024-01-28
1038,2024-02-24
1038,2024-09-19
1038,2025-05-18
1039,2024-02-05
1039,2024-10-28
1039,2024-11-04
1040,2024-02-29
1040,2024-03-02
1041,2024-01-12
1041,2024-02-10
1041,2024-07-28
1042,2024-03-09
1042,2024-07-05
1042,2024-09-16
1043,2024-02-02
1043,2024-02-05
1044,2024-02-18
1045,2024-02-15
1046,2024-01-17
1046,2024-02-20
1046,2024-05-02
1046,2024-05-13
1046,2024-06-01
1047,2024-03-05
1047,2024-03-19
1047,2024-03-26
1048,2024-01-10
1048,2024-01-23
1049,2024-02-25
1049,2024-05-07
1049,2024-05-24
1049,2024-07-17
1049,2024-09-05
1049,2024-09-20
1049,2024-10-01
1049,2024-11-26
1049,2024-12-04
1049,2024-12-15
1050,2024-01-23
1050,2024-01-28
1050,2024-02-26
1050,2024-03-07
1050,2024-03-24
1050,2024-07-30
1050,2024-09-20
1050,2024-09-23
1050,2025-01-09
1050,2025-01-16
1050,2025-01-29
1051,2024-01-09
1051,2024-01-10
1051,2024-10-12
1051,2024-12-14
1051,2025-03-29
1052,2024-01-13
1053,2024-02-03
1053,2024-03-11
1053,2024-05-27
1053,2024-07-12
1053,2024-08-06
1053,2024-11-27
1053,2024-12-22
1053,2025-01-26
1053,2025-03-24
1053,2025-04-12
1053,2025-04-30
1054,2024-01-03
1054,2024-04-13
1055,2024-01-19
1056,2024-03-13
1056,2024-05-11
1056,2024-08-21
1056,2024-10-03
1056,2024-11-18
1057,2024-01-28
1057,2024-02-21
1057,2024-03-03
1057,2024-03-08
1057,2024-04-13
1057,2024-05-03
1058,2024-03-01
1058,2024-03-05
1058,2024-03-21
1058,2024-04-11
1058,2024-05-24
1058,2024-06-04
1058,2024-07-06
1058,2024-07-20
1058,2024-10-16
1058,2024-10-17
1058,2024-10-31
1058,2025-01-12
1058,2025-01-24
1058,2025-02-08
1058,2025-03-17
1058,2025-04-10
1058,2025-05-04
1059,2024-01-14
1059,2024-06-22
1060,2024-01-12
1060,2024-02-06
1060,2024-09-04
1060,2025-04-12
1060,2025-05-10
1061,2024-02-15
1061,2024-09-20
1061,2024-10-20
1061,2025-03-11
1062,2024-02-23
1063,2024-02-08
1063,2024-03-07
1063,2024-04-15
1063,2024-04-18
1063,2024-09-06
1063,2024-09-15
1064,2024-03-01
1064,2024-07-24
1064,2024-08-12
1064,2024-10-04
1064,2024-10-20
1064,2024-12-22
1064,2025-02-14
1064,2025-03-12
1065,2024-03-23
1065,2024-04-19
1065,2024-07-25
1065,2024-11-08
1065,2025-02-27
1065,2025-04-21
1066,2024-03-09
1066,2024-05-29
1066,2024-07-03
1066,2024-07-10
1067,2024-01-09
1067,2024-01-25
1067,2024-03-26
1067,2024-04-17
1067,2024-08-18
1068,2024-03-10
1068,2024-09-24
1069,2024-01-31
1069,2024-02-24
1069,2024-06-23
1070,2024-01-20
1070,2024-04-20
1070,2024-05-18
1070,2024-10-21
1070,2025-04-09
1071,2024-03-03
1071,2024-05-20
1071,2024-07-10
1071,2024-08-28
1071,2024-08-31
1071,2024-11-10
1071,2024-12-11
1071,2025-01-23
1071,2025-02-20
1071,2025-04-18
1071,2025-05-22
1072,2024-02-23
1072,2024-12-23
1073,2024-03-16
1073,2024-05-26
1073,2024-06-08
1073,2024-07-06
1073,2024-07-23
1073,2024-08-03
1073,2024-09-20
1074,2024-03-22
1075,2024-02-21
1075,2024-03-22
1075,2024-06-08
1076,2024-01-08
1076,2024-01-19
1077,2024-03-12
1077,2024-05-16
1078,2024-01-30
1078,2024-02-02
1078,2024-03-11
1078,2024-08-02
1078,2024-09-25
1078,2024-11-21
1078,2025-02-26
1079,2024-01-20
1079,2024-05-09
1079,2024-08-14
1079,2025-01-17
1080,2024-02-15
1080,2025-01-09
1080,2025-04-03
1081,2024-03-19
1081,2024-04-09
1082,2024-03-11
1082,2024-04-15
1083,2024-01-04
1083,2024-01-04
1084,2024-01-10
1085,2024-01-26
1085,2024-02-05
1085,2024-03-16
1085,2024-04-02
1085,2024-04-29
1086,2024-02-15
1086,2025-03-11
1087,2024-01-03
1087,2024-01-17
1088,2024-01-10
1088,2024-03-24
1089,2024-02-10
1089,2024-03-30
1089,2024-06-30
1089,2024-08-21
1089,2024-08-30
1089,2024-10-19
1089,2025-03-08
1089,2025-04-27
1090,2024-01-17
1090,2024-05-04
1090,2024-06-07
1090,2024-07-04
1090,2024-08-02
1090,2024-08-28
1090,2024-10-05
1090,2024-10-09
1090,2024-10-14
1090,2024-11-06
1090,2024-12-21
1090,2024-12-23
1090,2025-03-02
1091,2024-01-25
1092,2024-03-08
1092,2024-03-22
1092,2024-04-25
1092,2024-05-26
1093,2024-01-16
1093,2024-02-01
1093,2024-03-04
1093,2024-06-15
1094,2024-01-22
1094,2024-03-16
1095,2024-01-07
1096,2024-02-23
1096,2024-03-15
1096,2024-06-07
1096,2024-11-25
1097,2024-01-16
1097,2024-02-19
1097,2024-02-25
1097,2024-05-26
1097,2024-10-26
1097,2024-11-22
1098,2024-03-20
1098,2024-04-08
1098,2024-11-22
1098,2025-05-03
1099,2024-03-03
1099,2024-03-24
1099,2024-04-20
1100,2024-03-08
1100,2024-03-27
1100,2024-05-22
1101,2024-01-25
1101,2024-02-11
1101,2024-02-12
1101,2024-06-15
1101,2024-07-24
1101,2024-10-05
1101,2024-10-12
1101,2025-02-11
1101,2025-03-15
1101,2025-05-24
1101,2025-05-28
1101,2025-06-01
1102,2024-03-21
1102,2024-07-17
1103,2024-03-07
1103,2024-12-03
1104,2024-01-31
1104,2024-04-22
1104,2024-05-12
1105,2024-02-20
1106,2024-03-03
1107,2024-02-15
1107,2025-04-16
1108,2024-01-25
1108,2025-05-23
1109,2024-03-20
1109,2024-08-27
1110,2024-03-10
1110,2025-06-02
1111,2024-03-13
1111,2024-09-15
1112,2024-03-02
1113,2024-02-02
1113,2024-03-27
1113,2024-06-01
1113,2024-06-02
1113,2024-07-28
1113,2024-08-21
1114,2024-02-08
1114,2024-04-09
1114,2024-08-31
1114,2024-09-22
1114,2024-10-25
1114,2025-01-14
1114,2025-02-15
1114,2025-04-04
1115,2024-01-19
1115,2024-02-04
1115,2024-02-11
1115,2024-02-12
1115,2024-02-13
1115,2024-03-06
1115,2024-03-09
1115,2024-03-26
1115,2024-04-30
1115,2024-05-08
1115,2024-05-14
1115,2024-05-21
1115,2024-05-23
1115,2024-05-26
1115,2024-07-02
1115,2024-07-24
1115,2024-07-27
1115,2024-08-02
1115,2024-08-22
1115,2024-08-26
1115,2024-09-01
1115,2024-09-01
1115,2024-09-01
1115,2024-09-21
1115,2024-10-31
1115,2024-11-01
1115,2024-11-18
1115,2024-11-22
1115,2024-12-12
1115,2024-12-14
1115,2024-12-23
1115,2024-12-26
1115,2024-12-31
1115,2025-01-12
1115,2025-01-23
1115,2025-02-03
1115,2025-03-04
1115,2025-03-12
1116,2024-02-04
1116,2024-06-03
1116,2025-04-14
1117,2024-01-22
1117,2024-04-25
1117,2025-04-02
1118,2024-01-19
1118,2024-02-23
1119,2024-01-22
1119,2024-02-07
1120,2024-02-26
1120,2024-06-20
1120,2025-04-09
1121,2024-02-10
1121,2024-05-12
1121,2024-05-31
1122,2024-01-07
1122,2024-02-28
1123,2024-03-23
1123,2024-06-24
1123,2024-06-30
1123,2024-08-01
1123,2024-11-09
1123,2025-01-02
1123,2025-03-17
1123,2025-06-13
1124,2024-01-04
1124,2024-02-08
1124,2024-08-01
1124,2024-11-12
1125,2024-03-17
1125,2024-03-19
1125,2024-06-28
1125,2024-09-19
1125,2024-10-25
1125,2025-03-03
1125,2025-06-17
1126,2024-01-14
1126,2024-05-26
1126,2024-07-06
1126,2024-08-06
1126,2024-08-06
1126,2024-08-26
1126,2024-09-08
1126,2024-11-03
1126,2024-12-19
1126,2025-01-05
1126,2025-02-06
1126,2025-02-07
1126,2025-03-31
1126,2025-04-28
1126,2025-05-30
1127,2024-02-12
1127,2024-04-19
1127,2024-10-10
1127,2024-12-08
1127,2024-12-25
1127,2024-12-27
1128,2024-03-11
1128,2024-08-10
1128,2024-09-04
1128,2024-09-30
1128,2024-10-07
1128,2024-10-07
1128,2024-10-11
1128,2024-11-16
1128,2024-11-20
1128,2025-01-10
1128,2025-02-03
1128,2025-03-12
1128,2025-03-19
1128,2025-04-03
1128,2025-06-10
1129,2024-02-23
1129,2024-09-05
1129,2025-01-20
1129,2025-03-05
1129,2025-03-24
1130,2024-01-01
1130,2024-01-07
1130,2024-02-06
1130,2024-04-02
1130,2024-04-22
1130,2024-06-28
1130,2024-07-03
1130,2024-08-19
1130,2024-09-02
1130,2024-10-02
1130,2024-12-19
1130,2024-12-27
1130,2025-01-23
1130,2025-02-07
1130,2025-02-15
1130,2025-03-03
1130,2025-03-12
1130,2025-03-19
1130,2025-04-14
1130,2025-04-19
1131,2024-03-20
1132,2024-01-06
1132,2024-05-07
1133,2024-03-11
1133,2024-05-19
1133,2024-06-20
1133,2024-07-21
1133,2024-11-05
1133,2024-11-26
1133,2025-06-26
1134,2024-02-06
1135,2024-02-01
1135,2024-04-21
1135,2024-05-22
1135,2024-06-02
1135,2024-06-08
1135,2024-07-29
1135,2024-08-14
1135,2024-10-14
1135,2025-02-07
1136,2024-02-01
1136,2024-03-08
1137,2024-03-01
1138,2024-01-17
1138,2024-03-16
1139,2024-01-28
1139,2024-02-14
1140,2024-03-16
1140,2024-03-16
1140,2024-03-17
1140,2024-05-06
1140,2024-05-18
1140,2024-06-03
1140,2024-06-20
1140,2024-09-09
1140,2024-09-27
1141,2024-02-16
1141,2024-05-02
1141,2024-06-10
1141,2024-08-14
1141,2024-12-28
1141,2025-02-26
1142,2024-01-13
1142,2024-01-31
1143,2024-02-25
1143,2024-05-05
1143,2024-09-01
1143,2024-11-04
1143,2024-11-28
1144,2024-01-24
1145,2024-01-20
1145,2024-05-18
1146,2024-03-20
1146,2024-06-05
1146,2025-03-17
1146,2025-05-11
1147,2024-01-15
1148,2024-01-23
1148,2024-05-04
1148,2024-09-20
1149,2024-01-10
1149,2024-01-29
1149,2024-02-06
1149,2024-02-16
1149,2024-02-29
1149,2024-03-07
1149,2024-03-14
1149,2024-03-18
1149,2024-04-11
1149,2024-04-18
1150,2024-01-14
1150,2024-01-24
1150,2024-07-11
1150,2024-12-12
1151,2024-03-14
1151,2025-06-27
1152,2024-01-17
1152,2024-01-17
1152,2024-04-12
1152,2024-05-26
1152,2024-07-15
1152,2024-07-24
1153,2024-01-16
1153,2024-03-14
1153,2024-03-25
1153,2024-04-25
1153,2024-05-01
1153,2024-05-10
1153,2024-06-14
1153,2024-06-30
1153,2024-08-12
1153,2024-08-15
1153,2024-09-06
1153,2024-09-18
1153,2024-11-16
1153,2024-11-27
1154,2024-02-06
1154,2024-03-08
1154,2024-03-11
1154,2024-07-21
1154,2024-08-31
1154,2024-09-10
1154,2024-09-30
1154,2024-10-15
1154,2024-10-31
1154,2025-01-23
1155,2024-01-05
1156,2024-02-24
1156,2024-04-23
1157,2024-03-08
1157,2024-03-16
1158,2024-01-17
1158,2024-06-08
1159,2024-01-02
1159,2024-01-05
1159,2024-01-19
1159,2024-01-26
1160,2024-01-02
1161,2024-02-24
1161,2024-03-08
1161,2024-04-24
1162,2024-01-07
1162,2024-05-21
1162,2024-06-15
1163,2024-01-02
1163,2024-01-14
1163,2024-02-07
1163,2024-02-09
1163,2024-03-03
1163,2024-03-12
1163,2024-03-21
1163,2024-04-03
1163,2024-04-03
1163,2024-04-11
1163,2024-04-13
1163,2024-05-03
1163,2024-07-19
1163,2024-07-21
1163,2024-08-05
1164,2024-02-23
1164,2024-02-23
1164,2024-04-04
1164,2024-04-05
1164,2024-04-18
1165,2024-02-27
1165,2024-04-02
1165,2024-07-08
1165,2024-09-23
1165,2024-10-28
1165,2024-11-17
1165,2024-12-17
1165,2025-01-11
1166,2024-02-07
1167,2024-01-26
1167,2024-01-28
1167,2024-03-14
1167,2024-07-18
1167,2024-09-29
1168,2024-03-05
1168,2024-05-23
1168,2025-01-20
1168,2025-02-13
1168,2025-02-28
1168,2025-03-04
1168,2025-03-07
1168,2025-03-17
1168,2025-04-10
1169,2024-01-25
1169,2024-03-17
1169,2024-04-23
1169,2024-12-29
1170,2024-02-19
1170,2024-03-21
1170,2024-11-28
1170,2024-12-23
1170,2025-04-18
1170,2025-05-04
1171,2024-03-23
1171,2024-05-03
1171,2024-06-24
1171,2024-09-03
1171,2024-09-09
1171,2024-09-11
1171,2024-10-26
1171,2024-11-08
1171,2024-12-17
1171,2025-02-02
1171,2025-03-17
1171,2025-04-26
1171,2025-04-28
1171,2025-05-17
1172,2024-02-19
1172,2024-09-25
1172,2025-01-03
1173,2024-02-18
1173,2024-07-13
1173,2024-08-26
1174,2024-03-18
1174,2024-03-19
1174,2024-04-17
1175,2024-01-08
1175,2024-07-29
1176,2024-02-05
1177,2024-02-15
1177,2024-10-31
1178,2024-02-15
1179,2024-03-06
1179,2024-10-15
1179,2024-12-29
1179,2025-06-08
1179,2025-06-25
1180,2024-02-20
1180,2025-02-01
1181,2024-01-03
1181,2024-02-14
1181,2024-03-29
1181,2024-04-29
1181,2024-05-07
1181,2024-06-25
1181,2024-09-30
1181,2024-10-05
1182,2024-02-03
1182,2024-09-02
1183,2024-03-08
1183,2024-03-29
1183,2024-04-14
1183,2024-05-14
1183,2024-05-31
1183,2024-06-24
1184,2024-01-21
1184,2024-02-03
1184,2024-11-04
1184,2025-01-31
1184,2025-03-17
1184,2025-03-27
1185,2024-03-10
1185,2025-04-28
1186,2024-02-02
1186,2025-01-27
1187,2024-02-12
1187,2024-02-27
1188,2024-02-07
1188,2024-02-25
1188,2024-03-24
1188,2024-03-26
1188,2024-03-30
1188,2024-04-22
1188,2024-04-26
1188,2024-06-15
1188,2024-06-18
1188,2024-06-20
1188,2024-07-30
1188,2024-07-30
1188,2024-08-06
1188,2024-09-05
1188,2024-10-10
1188,2024-11-06
1188,2024-11-14
1188,2024-11-26
1188,2024-12-19
1188,2025-01-30
1188,2025-03-17
1188,2025-03-18
1188,2025-03-24
1188,2025-04-20
1188,2025-06-09
1188,2025-06-21
1189,2024-02-02
1190,2024-03-13
1190,2024-05-27
1191,2024-03-10
1191,2024-04-29
1192,2024-02-20
1192,2024-03-04
1192,2024-03-05
1192,2024-05-05
1192,2024-06-07
1192,2024-06-15
1192,2024-06-18
1192,2024-06-22
1192,2024-07-12
1192,2024-08-04
1192,2024-08-20
1192,2024-09-06
1192,2024-09-14
1192,2024-11-21
1192,2024-11-28
1192,2024-11-30
1192,2025-01-12
1192,2025-03-27
1192,2025-04-22
1192,2025-05-05
1192,2025-05-27
1192,2025-06-20
1193,2024-03-04
1193,2024-03-05
1194,2024-01-14
1194,2024-09-24
1194,2024-10-28
1194,2025-02-11
1194,2025-04-26
1195,2024-03-13
1195,2024-10-09
1195,2025-01-15
1196,2024-02-06
1196,2024-02-23
1196,2024-06-22
1196,2025-01-19
1197,2024-01-30
1197,2024-02-29
1197,2024-03-28
1197,2024-04-17
1197,2024-07-09
1197,2024-10-06
1197,2024-11-28
1197,2025-02-13
1197,2025-02-27
1197,2025-03-15
1197,2025-03-30
1197,2025-05-05
1198,2024-01-28
1198,2024-06-20
1198,2024-11-30
1198,2025-02-03
1199,2024-01-27
1200,2024-02-11
1200,2024-02-13
1201,2024-03-02
1201,2024-08-07
1201,2025-02-24
1202,2024-03-13
1202,2024-05-27
1202,2025-04-07
1203,2024-02-22
1204,2024-03-22
1205,2024-03-18
1205,2024-05-07
1205,2024-05-18
1206,2024-01-07
1206,2024-03-01
1207,2024-03-01
1207,2024-04-25
1207,2024-04-29
1207,2024-05-30
1208,2024-02-22
1208,2024-09-16
1208,2025-05-17
1209,2024-02-17
1209,2024-03-02
1210,2024-03-05
1211,2024-02-14
1211,2024-02-26
1211,2024-02-27
1211,2024-02-29
1211,2024-03-03
1212,2024-02-07
1213,2024-01-20
1213,2024-03-24
1213,2024-04-13
1213,2024-04-25
1213,2024-05-26
1214,2024-01-25
1214,2024-05-04
1214,2024-10-12
1214,2024-11-25
1214,2024-11-26
1214,2025-05-04
1214,2025-06-13
1215,2024-03-03
1215,2024-04-29
1216,2024-03-13
1216,2025-02-24
1217,2024-01-08
1217,2024-02-23
1218,2024-02-29
1219,2024-01-15
1220,2024-02-07
1220,2024-02-11
1220,2024-02-22
1221,2024-01-26
1221,2024-03-09
1221,2024-05-03
1221,2024-08-10
1221,2025-01-15
1222,2024-02-06
1223,2024-03-11
1223,2024-05-10
1223,2024-05-25
1223,2024-06-26
1223,2024-12-06
1223,2025-01-10
1224,2024-02-24
1224,2024-03-28
1224,2024-04-17
1224,2024-07-24
1224,2024-08-19
1224,2024-09-04
1225,2024-01-09
1226,2024-03-18
1226,2024-04-23
1227,2024-01-13
1227,2024-03-30
1227,2024-08-18
1227,2024-11-27
1227,2025-01-28
1228,2024-01-21
1228,2024-02-06
1228,2024-02-10
1228,2024-03-26
1228,2024-05-12
1228,2024-07-03
1228,2024-07-05
1229,2024-02-08
1229,2024-03-17
1229,2024-03-21
1229,2024-03-27
1229,2024-04-15
1229,2024-05-04
1229,2024-05-29
1229,2024-06-01
1229,2024-06-03
1229,2024-06-04
1229,2024-06-18
1229,2024-07-01
1229,2024-07-25
1229,2024-10-08
1229,2024-10-22
1229,2024-10-27
1229,2024-11-24
1229,2024-11-26
1229,2024-12-04
1229,2025-01-29
1229,2025-02-08
1230,2024-01-02
1230,2024-09-05
1230,2025-03-12
1230,2025-04-16
1231,2024-01-25
1231,2024-01-27
1231,2024-03-03
1231,2024-03-07
1231,2024-03-17
1231,2024-03-18
1231,2024-08-24
1231,2024-11-29
1231,2025-02-13
1231,2025-02-22
1231,2025-05-28
1231,2025-06-07
1231,2025-06-24
1232,2024-02-21
1233,2024-01-01
1234,2024-02-25
1234,2024-05-21
1235,2024-01-09
1236,2024-03-13
1237,2024-01-14
1237,2024-03-23
1237,2024-08-11
1238,2024-01-28
1238,2024-06-13
1238,2024-06-15
1239,2024-03-24
1239,2024-07-23
1239,2024-11-09
1240,2024-01-31
1240,2024-03-21
1241,2024-03-19
1242,2024-01-15
1242,2024-10-21
1243,2024-01-21
1243,2024-01-24
1243,2024-12-26
1243,2025-01-12
1243,2025-02-06
1243,2025-04-26
1244,2024-01-01
1244,2024-09-20
1244,2025-03-06
1245,2024-03-16
1245,2024-03-29
1245,2024-04-27
1245,2024-05-15
1245,2024-05-19
1245,2024-05-31
1245,2024-06-11
1245,2024-07-27
1245,2024-08-05
1245,2024-08-10
1245,2024-08-11
1245,2024-09-18
1246,2024-01-26
1246,2024-01-29
1246,2024-02-18
1247,2024-03-11
1248,2024-03-24
1249,2024-03-01
1250,2024-01-15
1250,2024-06-01
1250,2024-10-29
1250,2025-03-29
1251,2024-02-01
1252,2024-02-04
1252,2024-05-17
1252,2025-02-03
1253,2024-02-05
1253,2024-06-04
1253,2024-06-27
1254,2024-01-31
1254,2024-02-20
1254,2024-03-16
1254,2024-03-25
1254,2024-04-01
1254,2024-04-09
1254,2024-04-13
1254,2024-04-16
1254,2024-05-13
1254,2024-05-22
1254,2024-07-04
1254,2024-07-14
1254,2024-07-15
1254,2024-07-24
1255,2024-02-27
1255,2024-03-05
1256,2024-02-27
1256,2024-05-24
1256,2024-11-26
1257,2024-01-21
1257,2024-07-03
1257,2025-05-22
1258,2024-01-18
1258,2024-10-12
1258,2025-03-01
1259,2024-03-06
1259,2024-03-08
1260,2024-01-07
1260,2024-03-16
1260,2024-04-23
1260,2024-08-31
1260,2024-10-02
1260,2024-10-17
1260,2024-10-19
1260,2024-12-01
1260,2024-12-18
1260,2024-12-28
1260,2025-05-11
1261,2024-02-09
1261,2024-04-08
1262,2024-01-04
1262,2024-02-03
1263,2024-01-30
1263,2024-02-24
1263,2024-04-16
1263,2024-04-17
1263,2024-05-07
1263,2024-05-21
1263,2024-07-16
1263,2024-08-17
1263,2024-10-31
1263,2024-11-01
1263,2024-11-09
1263,2024-11-25
1263,2024-12-25
1263,2025-01-22
1263,2025-01-28
1263,2025-03-16
1263,2025-03-29
1263,2025-04-12
1264,2024-03-20
1264,2024-07-31
1264,2025-06-21
1265,2024-03-20
1265,2024-09-23
1266,2024-02-03
1266,2024-02-22
1266,2024-03-12
1266,2024-09-22
1266,2025-06-14
1267,2024-01-19
1267,2025-01-19
1268,2024-01-01
1268,2024-01-09
1268,2024-01-31
1268,2024-02-09
1268,2024-02-25
1268,2024-03-21
1268,2024-05-05
1269,2024-03-04
1270,2024-02-13
1271,2024-03-22
1272,2024-02-16
1272,2024-10-26
1272,2025-03-19
1272,2025-04-04
1273,2024-01-07
1273,2024-01-26
1273,2024-02-12
1273,2024-03-03
1273,2024-03-17
1273,2024-04-18
1273,2024-05-23
1273,2024-06-02
1273,2024-06-12
1273,2024-06-23
1273,2024-07-23
1273,2024-08-20
1273,2024-09-23
1273,2024-09-24
1273,2024-10-25
1273,2024-11-10
1273,2024-11-22
1273,2024-11-22
1273,2024-11-28
1273,2024-12-09
1273,2024-12-28
1273,2025-01-08
1274,2024-01-02
1274,2024-01-30
1274,2024-03-14
1274,2024-03-21
1275,2024-01-23
1276,2024-01-12
1276,2024-02-15
1277,2024-01-12
1277,2024-01-25
1278,2024-02-02
1278,2024-04-12
1278,2024-04-26
1278,2024-06-26
1278,2024-10-11
1279,2024-01-31
1280,2024-02-29
1280,2025-06-24
1281,2024-03-14
1282,2024-01-01
1282,2024-02-08
1283,2024-02-16
1283,2024-03-08
1284,2024-01-05
1284,2024-04-15
1284,2024-09-16
1284,2024-11-07
1285,2024-03-19
1286,2024-03-24
1286,2024-05-20
1286,2024-06-26
1286,2024-08-03
1286,2024-08-25
1287,2024-01-11
1287,2024-02-14
1287,2024-02-28
1287,2024-03-15
1287,2024-03-19
1287,2024-08-11
1287,2024-10-08
1287,2025-03-04
1288,2024-01-12
1288,2024-01-25
1289,2024-01-08
1289,2024-03-06
1289,2024-03-06
1289,2024-03-19
1289,2024-04-02
1289,2024-04-11
1289,2024-04-23
1290,2024-03-11
1290,2024-05-30
1290,2024-06-13
1290,2024-08-27
1290,2024-09-02
1290,2025-01-16
1290,2025-01-28
1290,2025-02-26
1290,2025-03-11
1290,2025-04-25
1290,2025-04-26
1290,2025-05-26
1291,2024-03-06
1291,2024-04-02
1291,2024-05-29
1291,2024-06-22
1291,2024-07-21
1291,2024-09-05
1291,2024-10-09
1291,2024-12-23
1291,2025-01-09
1291,2025-01-31
1292,2024-02-18
1292,2025-04-18
1293,2024-03-17
1293,2024-03-30
1293,2024-05-21
1293,2024-06-04
1294,2024-01-08
1294,2024-01-09
1294,2024-02-03
1294,2024-02-06
1294,2024-02-10
1294,2024-03-16
1295,2024-03-06
1296,2024-01-02
1297,2024-03-24
1297,2024-05-30
1298,2024-02-25
1298,2024-03-06
1298,2024-03-20
1298,2024-06-19
1298,2024-08-27
1298,2024-09-04
1298,2024-11-19
1298,2024-11-21
1298,2024-11-27
1298,2024-12-07
1298,2024-12-30
1298,2025-01-22
1298,2025-02-19
1298,2025-02-27
1298,2025-03-21
1298,2025-03-25
1298,2025-04-07
1298,2025-05-13
1298,2025-06-14
1298,2025-06-19
1298,2025-06-26
1299,2024-03-05
1299,2024-03-24
1299,2024-04-02
1299,2024-04-11
1300,2024-03-07
1301,2024-03-06
1301,2024-08-01
1301,2024-08-04
1301,2024-08-10
1301,2024-11-24
1301,2024-12-22
1301,2024-12-25
1301,2025-03-09
1301,2025-03-10
1301,2025-04-12
1302,2024-03-06
1302,2024-04-08
1302,2024-05-04
1303,2024-01-02
1303,2024-02-01
1303,2024-02-03
1303,2024-04-04
1303,2024-05-25
1303,2024-06-04
1303,2024-06-12
1303,2024-07-02
1303,2024-09-01
1303,2024-09-26
1303,2024-10-15
1303,2024-11-03
1303,2024-11-15
1303,2024-11-28
1303,2024-12-25
1303,2025-03-03
1303,2025-04-10
1303,2025-04-24
1304,2024-03-13
1304,2024-06-22
1305,2024-02-01
1305,2025-05-30
1306,2024-03-08
1306,2024-07-21
1306,2024-09-09
1307,2024-02-12
1307,2024-12-19
1308,2024-03-01
1309,2024-01-25
1310,2024-01-25
1310,2024-02-11
1310,2024-08-02
1310,2024-10-31
1310,2024-11-22
1310,2025-03-25
1311,2024-03-24
1311,2024-06-23
1312,2024-01-26
1313,2024-02-10
1314,2024-02-10
1314,2024-09-16
1315,2024-02-28
1315,2024-06-30
1316,2024-02-13
1316,2024-03-28
1316,2024-04-20
1316,2024-04-27
1317,2024-03-12
1317,2024-05-23
1317,2024-06-17
1318,2024-02-27
1318,2024-11-07
1319,2024-01-18
1319,2024-02-28
1320,2024-01-26
1320,2025-03-28
1321,2024-02-29
1321,2025-05-13
1322,2024-02-08
1322,2024-06-21
1322,2025-04-09
1323,2024-02-21
1324,2024-03-12
1324,2024-05-29
1325,2024-02-21
1325,2024-03-16
1326,2024-01-11
1326,2024-02-09
1327,2024-02-03
1327,2024-03-15
1328,2024-03-01
1328,2025-01-18
1328,2025-06-13
1329,2024-03-19
1330,2024-02-27
1330,2024-04-23
1330,2024-07-20
1330,2024-07-31
1330,2024-11-13
1330,2024-12-15
1330,2025-03-08
1330,2025-05-29
1331,2024-01-13
1331,2024-06-20
1332,2024-02-12
1332,2024-03-28
1332,2024-06-15
1332,2024-07-09
1333,2024-03-10
1333,2024-05-30
1334,2024-02-16
1334,2024-09-18
1335,2024-01-05
1335,2024-02-03
1335,2024-02-07
1336,2024-02-21
1336,2024-06-16
1337,2024-03-15
1338,2024-02-03
1338,2024-02-03
1338,2024-10-08
1338,2025-03-13
1338,2025-05-21
1339,2024-01-27
1340,2024-02-18
1340,2024-02-20
1340,2024-04-28
1340,2024-07-14
1340,2024-09-21
1340,2024-12-12
1340,2025-01-15
1340,2025-02-11
1340,2025-04-02
1341,2024-02-14
1342,2024-02-11
1342,2024-03-27
1342,2024-06-12
1342,2025-02-15
1343,2024-03-08
1343,2024-03-16
1343,2024-06-24
1343,2024-08-14
1343,2024-08-27
1343,2024-08-29
1343,2024-09-02
1343,2024-10-10
1343,2024-10-12
1343,2024-10-22
1343,2024-12-01
1343,2025-01-05
1343,2025-01-10
1343,2025-02-20
1343,2025-04-20
1343,2025-05-19
1344,2024-03-03
1344,2024-03-11
1344,2024-03-30
1344,2024-04-30
1344,2024-05-13
1344,2024-08-03
1344,2024-08-08
1344,2024-09-08
1344,2025-05-15
1344,2025-06-19
1345,2024-02-26
1345,2024-07-28
1345,2024-10-31
1345,2025-01-09
1345,2025-03-31
1346,2024-01-17
1346,2024-02-14
1347,2024-01-27
1347,2024-06-16
1347,2024-07-09
1347,2024-07-16
1348,2024-03-07
1348,2025-04-24
1349,2024-03-12
1350,2024-01-26
1350,2024-02-03
1351,2024-03-21
1351,2024-10-28
1351,2025-06-18
1352,2024-01-07
1352,2024-02-01
1353,2024-02-15
1353,2024-11-02
1353,2025-01-09
1353,2025-04-07
1353,2025-04-20
1354,2024-02-21
1354,2025-04-14
1355,2024-03-20
1355,2024-04-17
1356,2024-03-15
1356,2024-04-08
1356,2024-04-22
1356,2024-04-27
1356,2024-05-03
1356,2024-05-14
1356,2024-05-28
1356,2024-06-22
1356,2024-07-15
1356,2024-07-21
1356,2024-07-29
1356,2024-10-10
1356,2024-12-08
1356,2024-12-19
1356,2024-12-22
1356,2024-12-24
1356,2025-01-30
1356,2025-02-19
1356,2025-02-22
1356,2025-03-07
1356,2025-03-29
1357,2024-02-17
1358,2024-03-20
1358,2025-02-16
1359,2024-01-21
1359,2024-03-27
1359,2024-10-26
1359,2025-01-12
1359,2025-03-09
1359,2025-04-21
1360,2024-02-29
1360,2024-04-19
1361,2024-02-09
1362,2024-03-18
1363,2024-03-06
1363,2024-11-28
1363,2025-03-14
1364,2024-02-11
1364,2024-02-12
1365,2024-02-10
1366,2024-01-24
1366,2024-02-20
1367,2024-01-30
1368,2024-03-24
1368,2024-04-26
1368,2024-07-03
1368,2024-07-12
1368,2024-11-12
1368,2025-01-23
1368,2025-04-12
1369,2024-03-23
1369,2024-05-07
1370,2024-01-31
1370,2024-08-29
1370,2024-10-23
1370,2025-02-11
1370,2025-04-20
1371,2024-02-16
1371,2024-08-11
1372,2024-02-24
1372,2024-05-11
1372,2024-08-26
1373,2024-01-20
1373,2024-02-09
1373,2024-10-14
1373,2025-03-10
1373,2025-05-28
1374,2024-02-03
1374,2024-02-20
1374,2024-03-28
1375,2024-02-04
1375,2025-04-28
1376,2024-01-12
1377,2024-02-20
1377,2024-05-04
1377,2024-06-10
1377,2024-06-22
1377,2024-07-09
1377,2024-08-11
1377,2024-10-03
1377,2024-10-14
1377,2025-04-08
1377,2025-05-01
1378,2024-02-08
1378,2024-03-07
1378,2024-04-23
1378,2024-05-18
1378,2024-06-02
1378,2024-07-11
1378,2024-07-15
1378,2024-07-16
1378,2024-10-03
1378,2024-10-07
1378,2024-10-31
1378,2024-11-06
1378,2024-11-28
1378,2025-01-06
1378,2025-01-25
1378,2025-01-29
1378,2025-03-20
1378,2025-04-22
1378,2025-04-23
1379,2024-02-07
1379,2024-02-27
1379,2024-02-28
1379,2024-06-09
1379,2024-10-27
1379,2024-12-21
1379,2025-01-05
1379,2025-01-23
1379,2025-02-09
1379,2025-02-19
1379,2025-04-27
1379,2025-05-05
1379,2025-05-29
1379,2025-06-04
1380,2024-03-03
1380,2024-07-28
1380,2024-08-08
1380,2024-10-21
1380,2025-04-04
1381,2024-01-02
1381,2024-02-07
1381,2024-03-12
1381,2024-04-09
1381,2024-04-16
1381,2024-04-24
1381,2024-05-03
1381,2024-05-04
1381,2024-05-07
1381,2024-06-06
1381,2024-06-11
1381,2024-07-11
1381,2024-07-28
1381,2024-08-25
1381,2024-08-26
1381,2024-09-06
1381,2024-10-19
1381,2024-11-01
1381,2024-12-14
1381,2024-12-23
1381,2024-12-24
1381,2025-01-19
1381,2025-01-23
1381,2025-02-14
1381,2025-03-02
1381,2025-03-08
1381,2025-04-28
1381,2025-05-01
1381,2025-05-07
1381,2025-05-15
1381,2025-05-19
1382,2024-03-23
1382,2024-04-23
1382,2024-06-04
1383,2024-03-12
1383,2025-03-23
1383,2025-04-02
1384,2024-01-17
1384,2025-03-24
1385,2024-02-06
1385,2024-03-02
1386,2024-01-12
1386,2024-01-13
1386,2024-01-19
1386,2024-01-20
1386,2024-02-06
1386,2024-04-28
1386,2024-05-22
1386,2024-07-07
1386,2024-07-11
1387,2024-01-15
1388,2024-01-31
1389,2024-01-13
1389,2024-01-23
1389,2024-04-08
1389,2024-04-16
1390,2024-01-07
1391,2024-03-04
1391,2024-03-14
1391,2024-03-27
1391,2024-04-13
1391,2024-05-20
1391,2024-06-05
1391,2024-07-01
1391,2024-07-08
1391,2024-09-21
1391,2024-09-30
1391,2024-10-18
1391,2024-11-14
1391,2024-12-21
1391,2024-12-30
1391,2024-12-31
1392,2024-02-06
1393,2024-01-26
1393,2024-06-20
1393,2024-06-30
1393,2024-08-03
1393,2024-08-29
1393,2024-09-27
1393,2024-10-17
1393,2025-01-02
1393,2025-02-26
1393,2025-03-02
1393,2025-04-25
1393,2025-05-22
1393,2025-06-03
1393,2025-06-05
1393,2025-06-22
1394,2024-02-07
1394,2024-02-14
1394,2024-03-31
1394,2024-04-30
1394,2024-05-03
1394,2024-05-30
1394,2024-06-04
1395,2024-02-28
1395,2024-10-23
1396,2024-02-11
1396,2024-02-18
1396,2024-05-02
1396,2024-05-22
1396,2024-06-04
1396,2024-07-17
1396,2024-12-09
1397,2024-02-15
1397,2024-03-31
1397,2024-05-14
1398,2024-02-06
1398,2024-07-14
1399,2024-01-26
1399,2024-10-25
1399,2025-05-07
1400,2024-01-08
1400,2024-02-21
1400,2024-07-07
1400,2025-03-12
1401,2024-03-07
1402,2024-02-07
1402,2024-03-05
1403,2024-01-31
1403,2024-05-03
1403,2024-11-01
1404,2024-02-16
1404,2024-03-02
1404,2024-05-13
1405,2024-02-04
1406,2024-01-29
1407,2024-01-21
1408,2024-02-03
1408,2025-03-17
1408,2025-05-22
1408,2025-06-16
1409,2024-03-07
1409,2024-08-04
1410,2024-01-04
1410,2024-08-27
1410,2024-10-19
1410,2024-11-29
1411,2024-02-14
1412,2024-01-28
1412,2024-03-03
1412,2024-08-17
1413,2024-03-09
1413,2024-03-14
1414,2024-02-08
1414,2024-06-11
1414,2024-07-19
1414,2024-08-02
1415,2024-02-29
1415,2024-04-09
1415,2024-04-21
1415,2024-05-09
1415,2024-05-14
1415,2024-05-20
1415,2024-06-14
1415,2024-06-16
1415,2024-06-28
1415,2024-07-01
1415,2024-09-11
1415,2024-09-14
1416,2024-02-14
1416,2025-03-30
1417,2024-02-22
1417,2024-03-17
1417,2024-04-10
1418,2024-02-19
1418,2024-08-25
1419,2024-02-28
1419,2024-03-26
1419,2024-06-01
1419,2024-06-14
1420,2024-02-03
1420,2024-04-04
1420,2024-04-16
1420,2024-09-05
1420,2024-11-02
1420,2025-01-10
1420,2025-05-27
1421,2024-01-25
1421,2025-05-05
1422,2024-02-29
1422,2024-06-01
1423,2024-01-07
1423,2024-06-01
1423,2024-07-07
1423,2024-07-12
1423,2024-08-15
1423,2024-10-26
1424,2024-02-28
1424,2024-03-26
1424,2024-04-11
1424,2024-04-27
1424,2024-04-29
1425,2024-02-22
1425,2024-10-15
1425,2025-06-14
1426,2024-02-19
1426,2024-11-25
1427,2024-01-01
1427,2024-03-01
1427,2024-03-10
1427,2024-07-12
1427,2024-10-15
1428,2024-03-09
1428,2024-04-08
1428,2024-05-19
1428,2024-07-21
1428,2024-08-01
1429,2024-03-02
1429,2024-04-24
1429,2024-08-05
1429,2024-09-21
1430,2024-03-16
1430,2025-03-20
1431,2024-03-18
1431,2024-05-06
1431,2024-09-23
1431,2025-02-05
1432,2024-03-17
1433,2024-03-19
1434,2024-03-16
1434,2024-04-15
1434,2024-05-15
1434,2024-07-13
1434,2024-07-16
1434,2024-09-03
1434,2024-10-15
1434,2024-11-09
1434,2025-05-10
1435,2024-02-17
1435,2024-04-14
1436,2024-02-06
1436,2024-02-07
1436,2024-03-20
1436,2024-03-27
1436,2024-04-14
1436,2024-04-23
1436,2024-05-05
1436,2024-05-12
1436,2024-05-16
1436,2024-05-16
1436,2024-05-29
1436,2024-06-12
1436,2024-07-11
1436,2024-07-22
1436,2024-07-24
1436,2024-08-07
1436,2024-08-11
1436,2024-10-31
1436,2024-11-29
1436,2024-12-15
1436,2025-01-14
1436,2025-03-18
1436,2025-05-04
1436,2025-05-13
1436,2025-05-14
1436,2025-06-08
1436,2025-06-09
1436,2025-06-26
1437,2024-02-07
1437,2024-06-23
1437,2024-12-12
1438,2024-03-02
1439,2024-01-27
1439,2024-04-21
1440,2024-02-24
1440,2024-03-09
1440,2024-03-10
1440,2024-03-16
1440,2024-04-15
1440,2024-10-22
1440,2025-05-16
1441,2024-01-06
1442,2024-03-07
1442,2024-11-26
1442,2025-01-16
1443,2024-01-20
1444,2024-01-21
1444,2024-06-10
1444,2024-08-18
1445,2024-02-08
1445,2024-06-21
1445,2024-08-09
1445,2024-08-13
1446,2024-03-02
1446,2024-03-26
1446,2024-05-01
1446,2024-12-12
1446,2025-01-21
1446,2025-06-25
1447,2024-02-07
1447,2024-03-03
1447,2024-03-05
1448,2024-01-21
1448,2024-03-12
1448,2024-06-03
1448,2024-06-03
1449,2024-02-09
1450,2024-01-11
1450,2024-07-06
1450,2025-01-26
1450,2025-03-26
1451,2024-01-20
1451,2024-01-26
1451,2024-03-21
1451,2024-03-30
1451,2024-04-19
1452,2024-03-19
1452,2024-05-23
1452,2024-08-25
1452,2024-10-08
1452,2024-10-21
1452,2025-02-08
1453,2024-01-05
1453,2024-03-16
1453,2024-04-04
1453,2024-09-14
1453,2024-09-21
1453,2024-09-22
1453,2024-10-27
1453,2025-02-24
1453,2025-04-07
1453,2025-05-27
1453,2025-06-26
1454,2024-01-30
1455,2024-02-15
1456,2024-02-25
1456,2025-01-19
1457,2024-02-09
1457,2024-04-03
1458,2024-03-04
1459,2024-03-07
1460,2024-03-12
1460,2024-03-18
1461,2024-03-02
1462,2024-02-06
1463,2024-03-14
1464,2024-03-08
1464,2024-03-21
1464,2024-03-24
1464,2024-11-20
1464,2025-03-08
1464,2025-03-20
1464,2025-03-27
1464,2025-04-24
1465,2024-02-29
1466,2024-02-03
1466,2024-02-20
1467,2024-03-19
1467,2024-06-17
1467,2024-07-05
1467,2024-07-06
1467,2024-08-07
1467,2024-10-02
1467,2024-10-20
1467,2024-10-23
1467,2024-10-26
1467,2024-12-21
1467,2025-02-24
1467,2025-03-06
1467,2025-03-18
1467,2025-03-23
1467,2025-03-28
1467,2025-05-21
1468,2024-01-09
1468,2024-07-21
1469,2024-01-29
1469,2024-02-29
1469,2024-04-29
1470,2024-03-18
1470,2024-12-15
1470,2025-02-19
1470,2025-05-27
1471,2024-03-05
1471,2024-04-10
1471,2024-05-14
1471,2024-06-16
1471,2024-06-17
1471,2024-06-18
1471,2024-07-15
1471,2024-07-25
1471,2024-08-28
1472,2024-01-13
1472,2024-01-19
1473,2024-01-12
1473,2024-02-08
1473,2024-03-14
1473,2025-04-13
1474,2024-03-19
1474,2024-06-04
1475,2024-02-19
1475,2024-03-06
1475,2024-03-11
1475,2024-12-30
1475,2025-02-25
1475,2025-03-06
1475,2025-03-11
1476,2024-01-09
1476,2024-02-29
1476,2024-03-31
1476,2024-04-18
1476,2024-06-24
1476,2024-09-27
1476,2024-10-06
1476,2024-10-12
1476,2024-12-12
1477,2024-02-16
1478,2024-02-22
1479,2024-01-03
1479,2024-01-05
1479,2024-01-27
1479,2024-02-01
1480,2024-01-06
1480,2024-03-11
1481,2024-02-19
1481,2024-06-05
1482,2024-03-04
1482,2024-05-27
1482,2024-10-27
1483,2024-02-09
1483,2024-04-09
1483,2024-04-26
1483,2024-09-29
1483,2025-06-01
1484,2024-01-08
1484,2024-01-31
1485,2024-03-17
1485,2024-08-25
1485,2024-08-27
1486,2024-03-17
1486,2024-07-29
1486,2024-08-10
1486,2024-08-22
1486,2024-12-03
1486,2025-01-11
1486,2025-01-13
1486,2025-03-21
1486,2025-06-16
1487,2024-02-06
1487,2024-06-27
1487,2024-08-28
1487,2025-03-14
1487,2025-06-15
1488,2024-01-01
1489,2024-03-21
1489,2024-04-01
1489,2024-05-18
1490,2024-02-28
1490,2024-03-12
1491,2024-02-15
1492,2024-02-21
1492,2024-04-17
1493,2024-02-24
1493,2024-08-09
1494,2024-01-29
1494,2024-02-10
1494,2024-02-24
1494,2024-03-24
1494,2024-03-26
1494,2024-04-02
1494,2024-04-26
1494,2024-06-02
1494,2024-07-10
1494,2024-07-11
1494,2024-08-01
1494,2024-08-11
1495,2024-01-14
1496,2024-03-02
1496,2024-04-15
1496,2024-04-26
1496,2024-10-02
1496,2024-11-19
1496,2024-12-08
1496,2025-04-07
1496,2025-05-31
1496,2025-06-12
1497,2024-03-10
1498,2024-02-10
1498,2024-03-04
1498,2024-03-07
1498,2024-03-11
1498,2024-05-24
1498,2024-06-11
1498,2024-06-22
1498,2024-07-17
1498,2024-08-06
1498,2024-08-07
1498,2024-08-10
1498,2024-09-22
1498,2024-09-28
1498,2024-11-29
1498,2024-12-20
1498,2024-12-21
1498,2024-12-27
1498,2025-01-19
1498,2025-02-26
1498,2025-04-25
1498,2025-05-18
1498,2025-05-18
1498,2025-05-26
1498,2025-05-28
1498,2025-05-29
1498,2025-06-05
1498,2025-06-10
1498,2025-06-12
1498,2025-06-19
1499,2024-01-21
1499,2024-06-08
1499,2024-07-11
1499,2024-12-13
1499,2025-01-16
1499,2025-02-24
1499,2025-05-23
1500,2024-03-13
1500,2025-01-15
1501,2024-03-22
1501,2024-12-20
1502,2024-03-04
1503,2024-02-21
1504,2024-01-31
1504,2024-02-14
1504,2024-02-15
1504,2024-03-31
1504,2024-04-08
1504,2024-04-20
1504,2024-05-18
1504,2024-05-20
1504,2024-06-10
1504,2024-06-24
1504,2024-08-06
1505,2024-01-03
1505,2024-06-01
1505,2025-01-02
1505,2025-05-31
1506,2024-01-29
1506,2024-11-20
1506,2025-03-29
1507,2024-03-21
1507,2024-04-30
1507,2024-05-01
1507,2024-10-10
1508,2024-02-20
1509,2024-02-22
1509,2025-06-23
1510,2024-03-12
1510,2024-03-28
1510,2024-05-06
1510,2024-11-22
1510,2025-03-02
1510,2025-04-03
1510,2025-06-04
1511,2024-03-06
1511,2024-07-14
1511,2024-08-13
1512,2024-01-11
1512,2024-06-22
1512,2024-07-09
1512,2024-07-11
1512,2024-12-31
1512,2025-03-02
1512,2025-03-12
1513,2024-02-17
1513,2025-01-25
1514,2024-02-06
1514,2024-05-12
1515,2024-03-17
1515,2024-11-21
1515,2024-11-26
1515,2025-06-06
1516,2024-02-15
1516,2024-03-13
1517,2024-03-03
1518,2024-03-18
1519,2024-03-02
1519,2024-03-07
1519,2024-03-24
1519,2024-04-01
1519,2024-06-01
1520,2024-01-30
1521,2024-02-04
1521,2024-08-19
1521,2024-09-16
1521,2024-11-10
1521,2024-12-22
1521,2025-01-14
1521,2025-04-26
1522,2024-02-12
1522,2024-03-20
1523,2024-02-22
1523,2024-04-24
1523,2025-01-27
1524,2024-02-14
1524,2024-02-15
1525,2024-03-04
1526,2024-02-05
1526,2024-03-20
1526,2024-06-01
1526,2024-06-28
1526,2024-12-24
1526,2025-01-05
1526,2025-06-16
1526,2025-06-24
1527,2024-03-17
1527,2024-09-18
1527,2025-03-13
1527,2025-05-23
1528,2024-02-11
1529,2024-01-29
1529,2024-03-10
1530,2024-02-27
1530,2024-06-02
1530,2024-06-29
1530,2024-10-06
1530,2025-04-26
1531,2024-01-27
1531,2024-02-20
1531,2024-02-24
1531,2024-03-04
1531,2024-03-18
1531,2024-04-23
1531,2024-05-02
1531,2024-05-21
1531,2024-06-13
1531,2024-06-24
1531,2024-07-06
1531,2024-08-25
1531,2024-08-31
1531,2024-09-08
1531,2024-09-28
1531,2024-10-13
1532,2024-03-11
1532,2024-07-27
1533,2024-01-14
1533,2024-01-17
1533,2024-01-21
1533,2024-03-06
1533,2024-04-17
1533,2024-07-18
1533,2024-07-21
1533,2024-07-21
1533,2024-09-10
1533,2024-09-21
1533,2024-09-30
1533,2024-10-21
1533,2025-03-30
1533,2025-04-06
1533,2025-04-29
1533,2025-05-14
1533,2025-05-25
1533,2025-06-16
1533,2025-06-21
1533,2025-06-26
1534,2024-02-10
1534,2024-02-14
1534,2024-08-12
1534,2025-06-24
1535,2024-02-12
1536,2024-01-08
1536,2024-02-16
1536,2024-03-01
1536,2024-03-12
1536,2024-03-15
1536,2024-11-03
1536,2024-11-24
1536,2025-01-22
1536,2025-02-26
1537,2024-03-21
1537,2024-04-13
1537,2024-04-16
1538,2024-03-20
1538,2024-10-11
1538,2024-11-17
1539,2024-02-02
1539,2024-06-10
1540,2024-02-11
1540,2024-03-10
1541,2024-02-03
1541,2024-07-13
1542,2024-03-17
1542,2024-04-04
1543,2024-03-16
1543,2024-03-31
1543,2024-04-03
1543,2024-04-21
1543,2024-04-27
1543,2024-05-04
1543,2024-05-14
1543,2024-05-18
1543,2024-06-23
1544,2024-02-05
1544,2024-04-05
1544,2024-08-15
1544,2024-12-30
1545,2024-03-16
1545,2025-03-18
1546,2024-03-01
1546,2024-05-11
1546,2025-02-17
1546,2025-03-17
1547,2024-02-05
1547,2024-03-23
1547,2024-07-11
1548,2024-01-30
1549,2024-02-01
1550,2024-02-05
1550,2025-04-02
1551,2024-02-16
1551,2024-03-03
1551,2024-03-23
1551,2025-03-03
1551,2025-04-15
1552,2024-01-31
1552,2024-02-04
1552,2024-02-23
1552,2024-05-15
1552,2024-11-19
1552,2024-12-20
1552,2025-04-16
1552,2025-04-25
1553,2024-03-04
1553,2024-04-09
1553,2024-05-25
1553,2024-07-06
1553,2025-02-08
1554,2024-01-03
1554,2024-01-30
1554,2024-06-13
1555,2024-03-23
1555,2024-03-30
1556,2024-03-23
1556,2024-10-03
1556,2025-05-12
1556,2025-05-16
1557,2024-03-07
1557,2024-03-14
1557,2024-03-23
1557,2024-05-07
1557,2024-05-15
1557,2024-06-01
1557,2024-07-06
1558,2024-03-21
1558,2024-06-13
1558,2024-11-05
1558,2024-11-15
1558,2024-12-01
1558,2025-02-04
1558,2025-02-06
1558,2025-04-12
1559,2024-03-22
1559,2024-06-22
1560,2024-01-17
1560,2024-01-25
1560,2024-02-13
1560,2024-03-13
1560,2024-04-18
1560,2024-07-06
1560,2024-07-26
1560,2024-10-08
1560,2024-10-23
1560,2024-11-13
1560,2024-11-15
1560,2024-12-19
1561,2024-01-20
1561,2024-02-29
1561,2024-05-18
1561,2024-07-15
1561,2024-07-26
1561,2024-10-29
1561,2024-12-13
1561,2024-12-23
1561,2025-01-22
1562,2024-03-23
1562,2024-06-02
1563,2024-02-16
1563,2024-03-04
1564,2024-03-17
1564,2025-03-13
1565,2024-02-22
1565,2024-10-02
1566,2024-03-17
1566,2024-11-14
1566,2024-11-21
1567,2024-02-26
1567,2024-06-03
1567,2024-06-18
1567,2024-06-20
1568,2024-02-16
1568,2025-01-01
1568,2025-06-29
1569,2024-02-09
1570,2024-02-11
1570,2024-03-04
1570,2024-07-18
1570,2024-08-16
1570,2024-10-16
1570,2024-12-23
1571,2024-03-21
1571,2024-07-23
1572,2024-03-20
1573,2024-01-02
1573,2025-04-16
1574,2024-01-19
1574,2024-02-05
1574,2024-05-11
1574,2024-07-14
1574,2024-07-22
1574,2024-10-06
1574,2025-02-23
1574,2025-03-31
1575,2024-03-21
1575,2024-04-15
1575,2024-05-31
1575,2024-06-03
1575,2024-07-13
1575,2024-07-16
1575,2024-07-27
1575,2024-08-21
1575,2024-09-26
1575,2024-10-15
1575,2024-11-14
1575,2024-11-16
1575,2024-12-13
1575,2024-12-30
1575,2025-01-21
1575,2025-02-06
1575,2025-02-19
1575,2025-03-07
1575,2025-03-31
1575,2025-04-07
1575,2025-04-24
1575,2025-05-14
1575,2025-05-20
1575,2025-06-08
1575,2025-06-09
1576,2024-01-20
1577,2024-02-01
1577,2024-07-25
1578,2024-01-04
1578,2024-01-13
1579,2024-01-24
1579,2024-02-04
1579,2024-02-24
1579,2024-04-15
1579,2024-08-13
1579,2024-08-23
1579,2024-09-17
1579,2024-10-05
1579,2024-12-06
1579,2025-01-16
1579,2025-01-18
1579,2025-02-17
1579,2025-05-03
1580,2024-01-06
1580,2024-02-14
1580,2024-04-13
1580,2024-07-29
1580,2024-10-19
1580,2024-11-08
1580,2024-11-15
1580,2024-12-01
1580,2024-12-07
1580,2025-01-15
1580,2025-02-21
1580,2025-03-18
1581,2024-03-22
1581,2024-04-29
1582,2024-03-06
1582,2024-05-02
1582,2024-06-24
1582,2024-08-14
1582,2024-10-15
1583,2024-01-06
1584,2024-01-21
1585,2024-03-02
1585,2024-06-25
1585,2024-07-01
1585,2024-07-18
1586,2024-03-08
1587,2024-03-22
1588,2024-03-03
1588,2024-07-23
1588,2024-12-04
1589,2024-01-28
1589,2024-02-20
1589,2024-03-04
1589,2024-07-06
1589,2024-07-22
1589,2024-08-27
1589,2024-09-23
1589,2024-09-25
1589,2024-10-03
1589,2024-10-09
1589,2024-10-26
1589,2024-11-27
1589,2025-02-11
1589,2025-03-09
1589,2025-03-10
1589,2025-05-24
1589,2025-06-09
1589,2025-06-16
1589,2025-06-26
1590,2024-02-16
1590,2024-03-04
1590,2024-03-15
1590,2024-06-11
1591,2024-03-06
1592,2024-03-15
1592,2024-04-27
1592,2024-06-07
1592,2024-10-18
1592,2024-10-22
1592,2024-11-02
1592,2024-11-24
1592,2024-11-25
1592,2024-12-28
1592,2025-02-20
1593,2024-01-05
1593,2024-02-22
1593,2024-03-07
1593,2024-04-23
1594,2024-02-04
1594,2024-04-15
1594,2024-05-09
1594,2025-01-15
1594,2025-05-21
1595,2024-03-06
1595,2024-03-07
1595,2024-03-10
1595,2024-03-17
1595,2024-03-29
1595,2024-04-09
1595,2024-04-20
1595,2024-05-18
1595,2024-06-09
1595,2024-06-15
1595,2024-07-04
1595,2024-07-18
1595,2024-07-21
1595,2024-07-21
1595,2024-08-09
1595,2024-09-02
1595,2024-09-03
1595,2024-09-24
1595,2024-10-08
1595,2024-10-10
1595,2024-10-10
1595,2024-11-02
1596,2024-02-26
1596,2024-05-21
1597,2024-03-16
1597,2024-05-01
1597,2024-06-01
1597,2024-08-05
1597,2024-08-14
1597,2024-11-12
1597,2024-12-22
1597,2025-03-08
1597,2025-05-17
1597,2025-06-01
1598,2024-02-13
1598,2024-02-28
1598,2024-04-08
1598,2024-06-04
1599,2024-01-28
1600,2024-02-18
1600,2024-04-20
1600,2024-04-29
1600,2024-06-13
1600,2024-10-28
1600,2024-11-23
1600,2024-12-27
1600,2025-01-21
1601,2024-01-25
1601,2024-02-21
1602,2024-03-10
1602,2024-03-17
1602,2024-09-02
1602,2024-10-28
1602,2025-03-06
1602,2025-03-19
1603,2024-01-24
1603,2024-02-03
1603,2024-02-11
1603,2024-02-23
1603,2024-02-27
1603,2024-04-22
1603,2024-05-04
1603,2024-07-25
1603,2024-08-06
1603,2025-01-07
1603,2025-01-15
1603,2025-01-26
1604,2024-03-14
1604,2024-03-25
1604,2024-05-22
1604,2024-05-26
1604,2025-03-17
1604,2025-05-06
1604,2025-06-20
1605,2024-02-12
1605,2024-02-27
1605,2024-05-30
1605,2025-01-17
1606,2024-02-19
1607,2024-01-24
1607,2024-06-23
1607,2024-06-23
1607,2024-09-20
1607,2024-11-01
1607,2024-11-03
1607,2024-12-23
1607,2025-01-29
1607,2025-03-06
1608,2024-03-07
1608,2024-07-29
1609,2024-02-07
1609,2024-11-11
1610,2024-03-20
1610,2024-04-08
1611,2024-03-14
1611,2024-11-28
1612,2024-01-06
1612,2025-02-15
1613,2024-02-25
1613,2024-05-10
1613,2024-12-07
1613,2024-12-19
1613,2025-01-22
1613,2025-03-05
1614,2024-01-24
1614,2024-02-01
1614,2024-06-06
1615,2024-03-18
1615,2024-11-02
1615,2024-12-08
1615,2025-03-10
1615,2025-03-11
1616,2024-01-26
1616,2024-03-26
1616,2024-07-05
1616,2024-10-09
1616,2024-11-30
1616,2025-04-01
1616,2025-06-19
1617,2024-01-09
1617,2024-01-17
1618,2024-01-21
1618,2024-02-11
1618,2024-04-07
1618,2024-04-23
1618,2024-07-13
1619,2024-01-06
1619,2024-01-21
1619,2024-03-21
1619,2024-04-03
1619,2024-05-17
1619,2024-05-21
1619,2024-08-08
1619,2024-08-12
1619,2024-11-03
1619,2024-12-23
1619,2025-05-03
1619,2025-06-15
1620,2024-02-26
1621,2024-03-15
1621,2024-05-03
1621,2024-05-04
1621,2024-05-15
1621,2024-06-08
1621,2024-06-15
1621,2024-07-07
1621,2024-08-06
1621,2024-09-04
1621,2024-09-27
1622,2024-01-04
1622,2024-02-27
1622,2024-08-31
1622,2024-10-27
1622,2024-12-18
1623,2024-02-12
1623,2024-04-02
1623,2024-05-17
1623,2024-05-19
1623,2024-05-20
1623,2024-07-13
1623,2024-10-02
1623,2025-01-30
1624,2024-03-18
1625,2024-02-04
1626,2024-03-15
1626,2024-04-03
1626,2024-04-11
1627,2024-02-03
1628,2024-02-16
1628,2024-05-02
1628,2024-06-20
1628,2024-07-03
1629,2024-03-07
1629,2024-03-21
1629,2024-03-26
1629,2024-09-02
1629,2024-10-22
1629,2025-01-24
1629,2025-04-20
1629,2025-05-17
1629,2025-06-17
1630,2024-03-10
1630,2024-03-12
1630,2024-03-26
1630,2024-03-30
1630,2024-04-01
1630,2024-04-12
1630,2024-05-11
1630,2024-05-17
1630,2024-05-24
1630,2024-07-06
1630,2024-09-01
1630,2024-09-04
1630,2024-09-18
1630,2024-09-21
1630,2024-10-17
1630,2024-10-29
1630,2024-11-16
1630,2024-11-28
1630,2024-12-26
1630,2024-12-31
1630,2025-01-15
1630,2025-01-24
1630,2025-02-05
1630,2025-02-05
1630,2025-03-20
1630,2025-03-24
1630,2025-05-17
1630,2025-06-14
1630,2025-06-17
1630,2025-06-18
1630,2025-06-28
1631,2024-01-31
1631,2024-02-16
1631,2024-07-15
1631,2024-07-26
1631,2024-08-23
1631,2024-10-24
1631,2024-12-20
1631,2024-12-21
1631,2025-02-08
1631,2025-03-09
1631,2025-03-14
1631,2025-03-30
1632,2024-02-29
1633,2024-03-13
1633,2024-11-14
1634,2024-02-27
1634,2024-04-08
1635,2024-02-01
1635,2024-10-21
1635,2024-12-31
1635,2025-01-10
1636,2024-02-09
1637,2024-01-22
1637,2024-07-20
1637,2024-09-11
1638,2024-03-13
1639,2024-01-01
1639,2024-01-02
1640,2024-03-18
1641,2024-03-06
1641,2024-05-12
1641,2025-02-25
1641,2025-06-26
1642,2024-03-20
1642,2025-02-05
1643,2024-03-04
1643,2024-05-18
1643,2024-06-04
1643,2024-06-22
1643,2024-09-18
1643,2024-10-04
1643,2024-11-05
1643,2024-12-30
1643,2025-02-26
1643,2025-03-19
1643,2025-03-22
1644,2024-03-15
1644,2024-04-02
1644,2024-04-10
1644,2024-04-22
1645,2024-01-20
1646,2024-03-12
1646,2024-07-09
1647,2024-01-01
1647,2024-03-22
1648,2024-02-02
1648,2024-03-16
1648,2024-04-03
1648,2024-05-10
1648,2024-06-27
1648,2024-08-07
1648,2024-11-01
1648,2025-01-20
1648,2025-01-23
1648,2025-01-24
1648,2025-02-07
1648,2025-04-04
1649,2024-02-27
1649,2024-09-21
1649,2025-01-22
1650,2024-03-12
1650,2024-06-02
1650,2024-07-21
1650,2024-10-06
1650,2025-02-28
1650,2025-04-20
1651,2024-02-25
1651,2024-03-26
1651,2024-08-30
1651,2024-09-10
1651,2024-10-15
1652,2024-03-21
1652,2024-07-05
1653,2024-01-23
1653,2024-05-20
1653,2024-08-23
1654,2024-03-19
1654,2024-07-19
1654,2024-07-24
1655,2024-03-06
1655,2024-05-16
1655,2024-11-25
1655,2025-03-04
1655,2025-04-07
1656,2024-03-08
1656,2024-05-26
1656,2024-08-30
1656,2025-01-18
1656,2025-01-18
1656,2025-02-27
1657,2024-01-09
1657,2024-08-20
1657,2025-05-24
1658,2024-02-29
1658,2024-03-30
1659,2024-01-01
1659,2024-02-17
1659,2024-04-21
1659,2024-04-24
1659,2024-05-23
1659,2024-05-29
1659,2024-06-04
1659,2024-07-13
1659,2024-08-02
1659,2024-08-17
1660,2024-01-03
1660,2024-02-04
1661,2024-01-25
1661,2024-03-03
1661,2024-03-21
1662,2024-01-05
1662,2024-09-11
1662,2024-09-15
1662,2024-11-24
1662,2025-06-10
1663,2024-01-12
1663,2024-01-18
1663,2024-01-19
1663,2024-02-05
1663,2024-03-15
1663,2024-03-16
1663,2024-04-06
1663,2024-04-07
1663,2024-04-16
1663,2024-05-11
1663,2024-05-31
1663,2024-06-13
1663,2024-07-07
1663,2024-09-30
1663,2024-11-02
1663,2024-11-19
1663,2024-12-10
1663,2025-01-19
1663,2025-02-01
1663,2025-02-23
1663,2025-03-19
1663,2025-03-21
1663,2025-03-23
1663,2025-04-23
1663,2025-05-05
1663,2025-05-21
1663,2025-05-29
1663,2025-06-27
1664,2024-02-21
1664,2024-06-29
1664,2024-11-14
1664,2024-12-14
1665,2024-01-16
1665,2024-12-01
1666,2024-03-15
1666,2024-08-10
1667,2024-01-22
1667,2024-12-03
1668,2024-01-29
1669,2024-03-08
1669,2025-03-25
1669,2025-06-01
1669,2025-06-13
1670,2024-02-18
1670,2024-06-02
1671,2024-01-21
1671,2024-06-10
1671,2024-06-27
1671,2024-11-28
1672,2024-02-03
1672,2024-05-07
1672,2024-08-14
1673,2024-01-20
1673,2024-04-08
1673,2024-09-20
1673,2024-11-11
1674,2024-03-09
1674,2024-08-06
1674,2024-08-17
1674,2024-12-21
1674,2025-02-17
1674,2025-04-15
1674,2025-04-30
1674,2025-06-04
1675,2024-02-21
1675,2024-06-24
1675,2024-07-19
1675,2024-12-09
1675,2025-01-30
1675,2025-03-06
1675,2025-03-28
1676,2024-02-06
1676,2024-04-22
1676,2025-05-22
1677,2024-02-19
1678,2024-03-18
1678,2024-03-18
1678,2024-04-15
1678,2024-04-23
1678,2024-06-26
1678,2024-07-05
1678,2024-08-08
1678,2024-08-09
1678,2024-08-24
1678,2024-09-30
1678,2024-11-25
1678,2025-01-01
1678,2025-02-09
1678,2025-04-17
1679,2024-01-28
1679,2024-03-04
1679,2024-05-19
1679,2024-06-12
1679,2024-07-26
1680,2024-01-05
1681,2024-01-29
1681,2024-08-02
1681,2024-11-23
1682,2024-02-02
1682,2024-06-14
1682,2024-09-12
1682,2024-12-07
1683,2024-02-05
1684,2024-01-14
1684,2024-07-24
1684,2025-02-03
1684,2025-02-15
1684,2025-03-09
1685,2024-02-02
1685,2024-02-21
1685,2024-03-08
1685,2024-04-23
1686,2024-02-06
1686,2024-02-17
1687,2024-03-11
1687,2024-04-06
1687,2024-04-28
1687,2024-07-19
1687,2025-01-19
1687,2025-05-24
1688,2024-01-24
1688,2024-02-04
1689,2024-01-31
1689,2024-02-02
1689,2024-02-12
1689,2024-03-15
1689,2024-06-04
1689,2024-06-05
1689,2024-08-29
1689,2024-09-11
1689,2024-10-25
1689,2024-11-09
1689,2024-11-10
1689,2024-12-08
1689,2024-12-27
1689,2025-02-09
1689,2025-02-14
1689,2025-02-19
1689,2025-02-20
1689,2025-02-22
1689,2025-03-28
1689,2025-06-24
1690,2024-01-17
1690,2024-02-16
1691,2024-02-05
1691,2025-01-26
1692,2024-03-20
1692,2024-06-19
1692,2024-08-02
1692,2024-08-09
1692,2024-09-03
1692,2024-09-19
1692,2024-11-20
1692,2025-04-09
1692,2025-04-19
1693,2024-02-15
1694,2024-01-29
1694,2024-07-16
1694,2024-07-23
1694,2024-08-07
1694,2024-10-26
1694,2024-11-11
1694,2024-12-03
1695,2024-01-18
1695,2024-01-24
1696,2024-01-04
1696,2024-02-26
1697,2024-01-26
1697,2024-02-21
1697,2024-03-26
1697,2024-04-18
1697,2024-04-20
1698,2024-01-27
1698,2024-02-21
1698,2024-03-18
1699,2024-02-19
1700,2024-03-16
1700,2024-04-01
1701,2024-01-11
1701,2024-03-31
1701,2024-12-29
1702,2024-02-11
1702,2024-11-18
1702,2024-12-13
1702,2025-01-05
1702,2025-01-21
1702,2025-02-25
1702,2025-03-18
1702,2025-03-26
1702,2025-04-17
1702,2025-05-23
1702,2025-06-22
1703,2024-03-12
1703,2024-05-13
1703,2024-09-04
1704,2024-03-20
1704,2024-04-25
1704,2024-06-04
1704,2024-06-13
1704,2024-09-14
1704,2024-11-25
1704,2024-11-25
1704,2024-12-02
1704,2025-05-25
1704,2025-06-03
1705,2024-01-20
1706,2024-02-09
1707,2024-01-06
1707,2024-03-11
1707,2024-03-22
1707,2024-05-21
1707,2024-07-22
1708,2024-03-24
1709,2024-02-21
1709,2024-04-25
1710,2024-01-03
1710,2024-05-09
1711,2024-01-19
1711,2024-07-14
1711,2024-07-20
1712,2024-03-04
1713,2024-02-20
1713,2024-08-22
1713,2025-01-10
1713,2025-06-11
1714,2024-03-06
1714,2024-07-23
1715,2024-01-27
1715,2024-03-03
1716,2024-01-14
1716,2024-04-24
1716,2025-03-03
1717,2024-01-16
1717,2024-02-27
1717,2024-03-16
1717,2025-03-26
1717,2025-06-20
1717,2025-06-29
1718,2024-02-07
1718,2024-02-08
1718,2024-02-18
1719,2024-03-03
1719,2024-03-07
1720,2024-02-14
1721,2024-02-24
1721,2024-10-01
1722,2024-02-16
1722,2024-03-30
1723,2024-03-21
1723,2024-04-10
1723,2024-04-25
1724,2024-01-21
1724,2024-03-24
1724,2024-12-23
1725,2024-01-22
1725,2024-04-02
1726,2024-02-03
1726,2024-02-27
1726,2024-03-17
1726,2024-05-06
1726,2024-05-24
1726,2024-12-23
1726,2025-04-03
1726,2025-04-14
1726,2025-04-30
1726,2025-06-01
1727,2024-01-12
1727,2024-10-01
1727,2024-12-22
1728,2024-02-03
1728,2024-10-29
1728,2025-01-16
1729,2024-02-02
1729,2024-07-17
1730,2024-03-03
1731,2024-01-12
1731,2024-01-27
1731,2024-08-16
1731,2025-05-23
1732,2024-02-20
1733,2024-03-16
1733,2024-04-11
1733,2024-06-09
1733,2024-06-09
1733,2024-06-18
1733,2024-07-09
1734,2024-01-10
1734,2024-03-13
1734,2024-03-13
1734,2024-03-15
1734,2024-05-02
1734,2024-05-24
1734,2024-05-24
1734,2024-06-29
1734,2024-07-16
1734,2024-09-05
1734,2024-09-05
1734,2024-09-28
1734,2024-10-15
1734,2024-11-23
1734,2024-12-08
1734,2024-12-21
1734,2025-01-11
1734,2025-03-11
1734,2025-03-18
1734,2025-03-28
1734,2025-04-03
1734,2025-04-19
1734,2025-05-02
1734,2025-05-28
1734,2025-06-10
1734,2025-06-10
1735,2024-02-28
1736,2024-03-07
1736,2024-05-02
1736,2024-07-16
1736,2024-09-13
1736,2024-11-15
1736,2025-02-08
1736,2025-03-27
1737,2024-01-17
1737,2024-03-16
1737,2024-05-18
1737,2024-05-31
1738,2024-03-03
1739,2024-02-11
1739,2024-02-12
1739,2024-02-24
1739,2024-03-26
1740,2024-03-07
1741,2024-02-23
1741,2024-03-27
1741,2024-05-04
1742,2024-01-17
1742,2024-03-29
1742,2024-05-03
1742,2024-06-06
1742,2024-10-22
1742,2024-11-05
1742,2024-12-21
1742,2025-05-08
1743,2024-01-09
1743,2024-02-05
1743,2024-05-07
1743,2024-06-20
1743,2025-03-21
1744,2024-02-12
1744,2024-06-02
1744,2025-03-09
1745,2024-01-19
1745,2024-01-20
1745,2024-03-19
1746,2024-01-20
1747,2024-01-27
1747,2024-02-13
1747,2024-03-15
1747,2024-03-16
1747,2024-04-14
1747,2024-04-19
1747,2024-04-19
1747,2024-05-22
1747,2024-06-01
1747,2024-10-01
1747,2024-10-13
1747,2024-11-06
1747,2024-11-09
1747,2025-01-06
1747,2025-01-17
1747,2025-01-22
1747,2025-02-04
1747,2025-02-11
1747,2025-03-09
1747,2025-04-03
1747,2025-04-13
1747,2025-04-21
1747,2025-05-15
1747,2025-05-23
1747,2025-05-24
1747,2025-06-09
1748,2024-02-16
1748,2024-03-08
1748,2024-04-09
1748,2024-05-09
1748,2024-05-15
1748,2024-05-15
1748,2024-05-30
1748,2024-06-15
1748,2024-06-22
1748,2024-06-26
1748,2024-06-26
1748,2024-07-03
1748,2024-07-04
1748,2024-07-16
1748,2024-07-21
1748,2024-08-18
1748,2024-09-06
1748,2024-10-15
1748,2024-10-25
1748,2024-10-31
1748,2024-12-06
1748,2024-12-22
1748,2024-12-25
1748,2024-12-28
1748,2025-01-20
1748,2025-02-13
1748,2025-03-02
1748,2025-03-08
1748,2025-03-26
1748,2025-03-30
1748,2025-04-05
1748,2025-05-04
1748,2025-05-15
1748,2025-05-27
1748,2025-06-21
1748,2025-06-22
1749,2024-01-30
1750,2024-03-24
1750,2024-07-02
1751,2024-03-05
1751,2024-03-16
1751,2024-06-21
1751,2024-06-28
1751,2024-07-08
1751,2024-07-31
1751,2024-09-24
1752,2024-01-30
1753,2024-03-11
1753,2024-03-23
1753,2024-03-28
1753,2024-04-10
1753,2024-04-14
1753,2024-05-03
1753,2024-05-29
1753,2024-07-03
1753,2024-07-09
1754,2024-01-21
1754,2024-04-16
1754,2024-07-21
1754,2024-08-10
1754,2024-08-28
1754,2025-03-01
1755,2024-02-10
1755,2024-05-21
1755,2024-05-25
1756,2024-03-03
1756,2024-05-30
1757,2024-02-14
1758,2024-03-09
1759,2024-03-19
1759,2024-03-26
1760,2024-02-27
1760,2024-03-13
1760,2024-09-08
1760,2025-03-24
1760,2025-06-27
1761,2024-02-13
1761,2024-04-08
1761,2024-06-09
1761,2024-07-01
1761,2024-07-31
1761,2024-10-16
1761,2024-10-27
1762,2024-01-06
1762,2024-06-05
1762,2025-05-18
1763,2024-02-12
1764,2024-02-25
1764,2024-05-06
1764,2024-07-14
1764,2024-07-24
1764,2024-08-08
1764,2024-08-19
1764,2024-08-27
1764,2024-09-09
1764,2024-11-12
1764,2025-03-09
1764,2025-04-27
1764,2025-06-18
1765,2024-03-20
1765,2024-05-03
1766,2024-01-01
1766,2024-10-28
1767,2024-02-01
1768,2024-01-20
1768,2024-07-18
1769,2024-02-11
1770,2024-02-18
1771,2024-01-06
1771,2024-06-21
1771,2025-02-05
1772,2024-01-27
1772,2024-03-24
1772,2024-06-03
1772,2024-07-12
1772,2024-11-29
1772,2025-01-12
1772,2025-01-24
1772,2025-05-06
1773,2024-02-20
1773,2024-05-21
1774,2024-02-17
1774,2024-03-25
1775,2024-01-26
1775,2024-01-27
1776,2024-01-23
1776,2024-02-12
1776,2024-03-12
1776,2024-06-16
1776,2024-08-27
1777,2024-02-21
1777,2024-11-05
1777,2025-06-12
1778,2024-02-22
1778,2024-04-21
1779,2024-01-19
1779,2024-02-14
1779,2024-09-09
1779,2025-04-11
1779,2025-06-06
1780,2024-02-05
1781,2024-03-18
1781,2024-03-25
1781,2024-08-13
1782,2024-01-22
1783,2024-02-20
1784,2024-03-07
1784,2024-08-13
1784,2024-12-13
1784,2025-02-08
1784,2025-02-16
1784,2025-05-23
1784,2025-05-24
1785,2024-03-18
1786,2024-02-25
1787,2024-02-11
1787,2024-05-09
1788,2024-01-28
1789,2024-01-30
1790,2024-03-23
1791,2024-01-23
1792,2024-01-30
1792,2024-12-31
1792,2025-05-29
1793,2024-01-13
1793,2024-09-07
1794,2024-01-14
1794,2024-09-28
1794,2024-10-22
1795,2024-01-21
1795,2024-02-19
1795,2024-02-19
1795,2024-02-29
1796,2024-02-09
1796,2024-03-01
1796,2024-03-21
1796,2025-02-09
1796,2025-06-06
1797,2024-03-05
1797,2024-04-04
1797,2024-07-17
1797,2025-02-15
1797,2025-05-17
1797,2025-05-29
1797,2025-06-05
1798,2024-03-05
1798,2024-09-19
1799,2024-03-10
1800,2024-02-29
1800,2024-03-04
1800,2024-05-20
1800,2024-06-03
1800,2024-06-19
1801,2024-02-13
1801,2024-06-14
1801,2025-04-26
1801,2025-06-21
1802,2024-02-23
1802,2024-05-01
1803,2024-02-18
1803,2024-02-27
1803,2024-04-12
1803,2024-04-29
1803,2024-05-10
1803,2024-05-21
1803,2024-09-10
1803,2024-09-30
1803,2024-10-19
1804,2024-03-20
1805,2024-01-29
1805,2024-02-22
1805,2024-05-03
1805,2024-05-04
1805,2024-05-23
1805,2024-06-16
1805,2024-07-30
1805,2024-09-05
1805,2024-10-19
1805,2024-10-24
1805,2024-11-01
1805,2025-01-22
1805,2025-02-12
1805,2025-03-03
1805,2025-04-08
1805,2025-05-01
1805,2025-05-01
1806,2024-01-29
1806,2024-04-09
1807,2024-01-01
1807,2024-06-02
1807,2025-03-18
1808,2024-01-11
1808,2024-05-07
1809,2024-03-11
1809,2024-06-29
1810,2024-03-02
1810,2024-03-03
1810,2024-03-14
1810,2024-04-27
1810,2024-07-18
1811,2024-01-08
1811,2024-06-05
1811,2024-06-26
1811,2024-06-26
1811,2024-08-19
1811,2024-10-10
1811,2024-12-30
1811,2025-01-16
1812,2024-02-09
1812,2024-09-14
1813,2024-01-26
1813,2024-03-11
1813,2024-05-06
1813,2024-07-22
1813,2025-01-01
1813,2025-02-13
1813,2025-04-02
1813,2025-04-12
1813,2025-05-14
1813,2025-05-30
1813,2025-06-05
1814,2024-03-23
1815,2024-01-31
1815,2024-03-28
1815,2024-06-28
1815,2024-07-13
1815,2024-10-31
1815,2025-01-26
1815,2025-03-05
1815,2025-04-03
1815,2025-05-12
1816,2024-01-05
1816,2024-01-28
1816,2024-03-07
1816,2024-04-04
1816,2024-06-14
1816,2024-07-27
1816,2024-10-29
1817,2024-02-27
1817,2024-09-02
1817,2024-11-11
1818,2024-03-13
1818,2024-05-07
1818,2024-05-20
1818,2024-05-28
1818,2024-07-01
1818,2024-07-14
1818,2024-10-04
1818,2024-11-01
1818,2024-11-23
1819,2024-02-11
1819,2024-03-08
1819,2025-01-13
1820,2024-02-23
1820,2024-03-21
1820,2024-06-27
1820,2024-07-14
1820,2024-07-21
1820,2024-09-01
1820,2024-09-21
1821,2024-01-21
1821,2024-02-12
1821,2024-02-16
1821,2024-02-20
1821,2024-02-26
1821,2024-03-01
1822,2024-03-10
1823,2024-01-18
1823,2024-01-19
1823,2024-05-11
1823,2025-01-06
1823,2025-04-28
1824,2024-02-14
1824,2024-03-14
1824,2024-04-25
1824,2024-07-13
1825,2024-03-12
1825,2024-03-15
1825,2024-04-21
1825,2024-07-17
1826,2024-02-04
1826,2024-07-27
1827,2024-02-23
1827,2024-03-27
1827,2024-04-08
1827,2024-04-16
1828,2024-02-15
1828,2024-06-09
1828,2024-07-30
1829,2024-02-21
1830,2024-03-18
1831,2024-03-18
1831,2024-10-19
1831,2024-10-22
1831,2025-01-21
1831,2025-02-07
1831,2025-03-11
1831,2025-04-14
1832,2024-03-22
1832,2024-06-18
1833,2024-03-05
1833,2024-04-29
1833,2024-05-20
1833,2025-02-01
1834,2024-01-26
1834,2024-07-28
1834,2024-08-28
1834,2025-01-05
1834,2025-02-05
1834,2025-02-26
1834,2025-06-20
1835,2024-02-24
1835,2024-08-06
1836,2024-01-27
1836,2024-08-17
1837,2024-01-07
1837,2024-06-04
1837,2024-08-20
1838,2024-02-09
1838,2024-05-13
1839,2024-02-27
1839,2024-11-11
1839,2025-05-20
1840,2024-02-24
1841,2024-03-07
1841,2024-06-29
1841,2024-10-05
1842,2024-02-17
1842,2025-01-21
1842,2025-03-08
1843,2024-01-27
1844,2024-03-01
1844,2024-11-18
1844,2025-02-02
1844,2025-03-23
1844,2025-05-03
1845,2024-01-03
1845,2024-02-13
1845,2024-02-21
1845,2024-05-20
1845,2024-05-26
1845,2024-06-20
1845,2024-07-28
1845,2024-08-04
1846,2024-01-23
1846,2024-03-25
1847,2024-01-10
1847,2024-01-24
1847,2024-02-10
1848,2024-01-13
1849,2024-03-18
1849,2024-07-29
1850,2024-03-15
1850,2024-07-22
1851,2024-02-15
1851,2024-10-21
1851,2024-11-26
1851,2025-01-01
1852,2024-02-06
1852,2024-11-24
1852,2025-02-18
1853,2024-02-26
1853,2024-03-04
1853,2024-03-07
1853,2024-03-08
1853,2024-03-13
1853,2024-03-25
1853,2024-04-15
1853,2024-04-21
1853,2024-04-24
1853,2024-04-26
1853,2024-04-29
1853,2024-05-08
1853,2024-05-13
1853,2024-06-14
1853,2024-06-16
1853,2024-07-21
1854,2024-03-14
1855,2024-01-23
1855,2024-03-13
1855,2024-03-19
1856,2024-03-08
1856,2024-05-11
1856,2024-05-22
1856,2024-05-23
1856,2024-05-25
1856,2024-07-04
1856,2024-07-21
1856,2024-08-22
1856,2024-08-31
1856,2024-09-14
1856,2024-09-22
1856,2024-09-25
1856,2024-10-10
1856,2024-11-15
1856,2024-11-15
1856,2024-12-22
1856,2024-12-29
1856,2025-01-19
1856,2025-02-21
1856,2025-03-03
1856,2025-05-24
1856,2025-06-04
1857,2024-03-16
1857,2024-10-28
1857,2024-12-12
1857,2025-02-04
1858,2024-02-07
1858,2024-03-02
1858,2024-03-02
1858,2024-03-06
1858,2024-03-25
1858,2024-04-07
1858,2024-04-11
1858,2024-04-17
1858,2024-04-26
1858,2024-04-29
1858,2024-05-04
1858,2024-05-21
1858,2024-05-21
1858,2024-06-21
1858,2024-06-23
1858,2024-07-06
1858,2024-08-01
1858,2024-08-11
1858,2024-09-01
1858,2024-09-28
1858,2024-10-04
1858,2024-10-28
1858,2024-10-28
1858,2024-11-15
1858,2024-11-30
1858,2025-01-02
1858,2025-01-09
1858,2025-01-16
1858,2025-01-24
1858,2025-02-07
1858,2025-02-15
1858,2025-02-18
1858,2025-02-24
1858,2025-03-03
1858,2025-04-04
1858,2025-04-16
1858,2025-04-17
1858,2025-04-23
1858,2025-05-15
1859,2024-01-24
1860,2024-02-07
1860,2024-10-08
1860,2025-06-20
1861,2024-01-28
1861,2024-05-05
1861,2024-06-05
1861,2024-07-06
1862,2024-02-08
1863,2024-01-07
1863,2024-02-20
1864,2024-02-08
1865,2024-02-25
1866,2024-02-03
1866,2024-09-02
1867,2024-02-27
1868,2024-02-15
1868,2024-02-22
1868,2024-04-03
1868,2024-04-09
1868,2024-04-28
1868,2024-05-06
1868,2024-06-06
1868,2024-06-17
1869,2024-03-21
1870,2024-01-23
1870,2024-03-24
1870,2024-07-18
1870,2025-01-11
1871,2024-03-18
1871,2024-04-05
1871,2024-05-22
1871,2024-09-17
1871,2024-09-26
1871,2024-11-05
1871,2024-11-30
1871,2025-05-21
1871,2025-05-26
1872,2024-03-19
1872,2024-12-14
1873,2024-02-24
1874,2024-02-18
1874,2024-06-12
1874,2024-06-28
1874,2024-06-29
1874,2024-09-07
1874,2024-09-16
1874,2024-11-07
1874,2025-01-11
1874,2025-06-04
1875,2024-01-08
1876,2024-03-12
1876,2024-10-17
1877,2024-01-31
1877,2024-02-16
1877,2024-03-07
1877,2024-04-27
1877,2024-06-09
1877,2024-06-12
1877,2024-06-16
1877,2024-07-05
1878,2024-02-26
1878,2024-05-17
1879,2024-02-29
1879,2024-03-09
1879,2024-03-16
1879,2024-03-25
1880,2024-03-13
1881,2024-02-18
1882,2024-01-14
1882,2024-01-16
1882,2024-03-22
1882,2024-03-27
1882,2024-05-10
1882,2024-05-16
1882,2024-07-06
1882,2024-09-04
1883,2024-03-16
1883,2024-05-21
1883,2025-02-16
1883,2025-02-26
1883,2025-04-15
1884,2024-03-01
1884,2024-04-14
1884,2024-04-24
1884,2024-06-10
1884,2024-06-28
1884,2024-11-27
1884,2025-01-07
1884,2025-02-25
1884,2025-05-17
1885,2024-03-12
1885,2024-05-31
1885,2024-11-04
1885,2025-01-23
1885,2025-02-06
1885,2025-02-15
1885,2025-02-21
1886,2024-01-04
1886,2024-10-17
1887,2024-03-08
1887,2024-07-08
1888,2024-02-14
1888,2024-05-23
1889,2024-01-22
1889,2025-02-02
1890,2024-02-11
1890,2024-03-13
1890,2024-04-26
1890,2024-07-10
1890,2024-07-21
1890,2024-08-28
1890,2024-08-31
1890,2024-09-30
1891,2024-03-09
1891,2024-08-08
1892,2024-02-09
1892,2024-03-16
1892,2024-05-21
1892,2024-10-05
1893,2024-01-20
1893,2024-03-24
1893,2024-07-03
1893,2024-09-08
1894,2024-02-15
1894,2024-02-25
1894,2024-06-19
1894,2024-06-20
1894,2024-08-05
1894,2024-09-18
1895,2024-01-21
1895,2024-02-17
1896,2024-03-09
1896,2024-03-18
1896,2024-03-27
1896,2024-04-08
1896,2024-05-19
1896,2024-10-15
1896,2024-10-21
1896,2025-01-14
1896,2025-01-30
1896,2025-02-10
1897,2024-01-14
1897,2024-08-13
1897,2025-01-19
1897,2025-04-12
1897,2025-06-07
1898,2024-01-21
1898,2024-04-07
1899,2024-03-19
1899,2024-07-31
1900,2024-01-24
1900,2024-04-20
1901,2024-02-13
1901,2024-03-18
1901,2024-07-22
1902,2024-03-22
1903,2024-02-27
1903,2024-04-24
1904,2024-02-16
1904,2024-03-26
1904,2024-06-23
1904,2024-10-13
1905,2024-03-12
1906,2024-02-06
1906,2024-03-15
1906,2024-08-11
1906,2024-11-15
1906,2025-01-08
1907,2024-01-14
1907,2024-01-19
1907,2024-01-23
1907,2024-02-15
1907,2024-02-26
1907,2024-02-28
1907,2024-03-13
1907,2024-03-20
1907,2024-03-26
1907,2024-03-26
1907,2024-04-04
1907,2024-05-06
1907,2024-05-28
1907,2024-06-10
1907,2024-06-20
1907,2024-06-29
1907,2024-07-10
1907,2024-07-11
1907,2024-07-14
1907,2024-07-24
1907,2024-07-26
1907,2024-08-07
1907,2024-08-24
1907,2024-09-20
1908,2024-01-14
1908,2024-06-06
1908,2024-06-16
1908,2024-09-30
1908,2024-10-27
1908,2025-04-17
1909,2024-01-05
1909,2024-01-11
1909,2024-01-12
1910,2024-03-17
1910,2024-08-03
1910,2024-08-20
1910,2025-06-20
1910,2025-06-25
1911,2024-02-12
1911,2024-09-04
1912,2024-03-24
1912,2024-04-10
1912,2024-04-16
1912,2024-05-15
1912,2024-06-16
1913,2024-01-23
1913,2024-04-25
1913,2024-07-11
1913,2024-07-24
1913,2024-09-10
1913,2024-10-29
1913,2024-12-25
1913,2025-01-11
1913,2025-01-15
1913,2025-03-29
1913,2025-05-13
1914,2024-02-22
1914,2024-02-26
1914,2024-03-07
1914,2024-04-04
1914,2024-05-09
1915,2024-01-15
1915,2024-01-16
1915,2024-02-24
1915,2024-03-06
1915,2024-03-13
1915,2024-03-17
1915,2024-03-25
1915,2024-04-03
1915,2024-04-05
1915,2024-04-30
1915,2024-06-02
1915,2024-06-15
1915,2024-07-17
1915,2024-08-09
1915,2024-08-14
1915,2024-08-25
1915,2024-08-31
1915,2024-09-08
1915,2024-09-14
1915,2024-09-14
1915,2024-09-28
1915,2024-10-07
1915,2024-10-28
1915,2024-10-31
1915,2024-11-15
1915,2024-11-17
1915,2024-12-30
1915,2024-12-30
1915,2025-02-12
1915,2025-02-19
1915,2025-03-01
1915,2025-03-22
1915,2025-03-26
1915,2025-04-27
1915,2025-05-07
1915,2025-06-19
1916,2024-02-09
1916,2024-02-29
1916,2024-03-19
1916,2024-03-24
1916,2024-04-22
1916,2024-06-02
1916,2024-07-17
1917,2024-03-15
1917,2024-05-18
1917,2024-08-01
1917,2024-08-07
1917,2024-08-09
1917,2024-12-10
1917,2025-01-23
1917,2025-01-25
1917,2025-02-17
1917,2025-03-16
1917,2025-04-03
1918,2024-01-25
1919,2024-03-17
1919,2024-05-28
1919,2024-07-10
1919,2024-09-05
1919,2025-01-02
1919,2025-03-01
1919,2025-04-11
1919,2025-05-16
1919,2025-05-31
1920,2024-03-16
1920,2024-06-19
1920,2024-08-22
1920,2024-09-01
1920,2025-05-16
1920,2025-05-25
1921,2024-03-16
1922,2024-02-16
1922,2024-02-18
1922,2024-02-26
1922,2024-03-07
1922,2024-03-26
1922,2024-03-30
1922,2024-04-07
1922,2024-04-15
1922,2024-04-23
1923,2024-01-19
1923,2024-02-10
1923,2024-02-28
1923,2024-03-31
1923,2024-05-24
1923,2024-08-12
1924,2024-02-20
1924,2025-06-19
1925,2024-03-10
1926,2024-02-16
1926,2024-04-04
1926,2025-01-11
1926,2025-01-15
1926,2025-02-25
1926,2025-04-12
1926,2025-06-06
1927,2024-03-20
1927,2024-04-27
1927,2024-05-15
1928,2024-01-08
1928,2024-07-12
1929,2024-03-23
1929,2024-07-04
1929,2024-07-08
1929,2025-04-14
1930,2024-03-11
1931,2024-03-09
1931,2024-05-19
1932,2024-01-07
1932,2024-02-12
1933,2024-02-19
1934,2024-03-15
1934,2024-06-03
1935,2024-01-24
1935,2024-03-19
1936,2024-03-06
1936,2024-03-22
1936,2024-04-14
1936,2024-05-26
1936,2024-06-12
1937,2024-02-19
1937,2024-05-10
1938,2024-01-12
1938,2025-03-13
1939,2024-03-23
1939,2024-03-31
1939,2024-04-03
1939,2024-04-13
1939,2024-04-13
1939,2024-04-16
1939,2024-04-27
1939,2024-04-29
1939,2024-05-13
1939,2024-05-22
1939,2024-06-22
1939,2024-06-26
1939,2024-07-09
1939,2024-07-21
1939,2024-07-23
1939,2024-07-29
1939,2024-08-06
1939,2024-08-09
1939,2024-08-12
1939,2024-08-15
1939,2024-08-19
1939,2024-08-21
1939,2024-09-06
1939,2024-09-06
1939,2024-09-09
1939,2024-09-13
1939,2024-09-16
1939,2024-09-21
1939,2024-09-30
1939,2024-10-06
1939,2024-10-21
1939,2024-10-23
1939,2024-10-31
1939,2024-11-05
1939,2024-11-07
1939,2024-11-16
1939,2024-12-01
1939,2024-12-08
1939,2024-12-09
1939,2024-12-10
1939,2024-12-13
1939,2024-12-27
1939,2025-01-02
1940,2024-03-06
1941,2024-03-23
1941,2024-04-26
1941,2024-05-12
1941,2024-06-30
1941,2024-10-29
1941,2024-12-17
1941,2024-12-26
1941,2025-02-06
1941,2025-05-02
1941,2025-06-06
1941,2025-06-20
1942,2024-01-15
1943,2024-01-28
1943,2024-05-21
1944,2024-02-23
1944,2024-02-23
1944,2024-03-02
1944,2024-05-12
1944,2024-06-10
1944,2024-06-12
1945,2024-02-03
1945,2024-08-03
1946,2024-03-20
1946,2024-08-08
1946,2024-08-12
1946,2024-11-02
1946,2025-01-18
1946,2025-02-25
1946,2025-04-20
1946,2025-04-30
1947,2024-02-07
1948,2024-01-01
1948,2024-01-15
1948,2025-03-09
1949,2024-01-25
1949,2024-07-25
1949,2025-02-25
1949,2025-03-24
1950,2024-02-09
1951,2024-01-09
1952,2024-02-09
1953,2024-03-19
1953,2024-03-23
1954,2024-02-22
1954,2024-03-14
1955,2024-02-12
1955,2024-02-28
1955,2024-03-16
1955,2024-04-16
1955,2024-04-16
1955,2024-04-30
1956,2024-02-17
1956,2025-03-09
1956,2025-06-03
1957,2024-01-18
1957,2024-03-07
1957,2024-04-03
1957,2024-06-13
1957,2024-07-03
1958,2024-01-29
1959,2024-03-10
1959,2024-03-23
1959,2024-04-10
1959,2024-04-14
1959,2024-05-01
1959,2024-05-07
1959,2024-05-22
1960,2024-01-05
1961,2024-01-14
1961,2024-07-06
1962,2024-01-10
1962,2025-03-07
1963,2024-01-03
1963,2024-02-05
1963,2024-02-05
1963,2024-02-28
1963,2024-06-02
1963,2024-09-15
1963,2024-12-06
1964,2024-03-01
1965,2024-03-03
1965,2024-03-04
1966,2024-03-14
1966,2024-06-03
1966,2024-11-08
1967,2024-01-25
1968,2024-02-09
1968,2024-11-29
1968,2025-02-16
1968,2025-04-05
1969,2024-01-03
1969,2024-01-21
1970,2024-01-28
1970,2024-04-27
1970,2024-06-07
1970,2024-07-10
1970,2024-08-03
1970,2024-09-20
1970,2024-10-10
1970,2024-10-29
1970,2024-11-01
1970,2024-12-03
1970,2024-12-19
1970,2025-02-11
1970,2025-04-18
1970,2025-06-17
1971,2024-02-13
1971,2024-04-16
1971,2024-04-22
1971,2024-04-24
1971,2024-04-26
1971,2024-05-06
1971,2024-05-11
1971,2024-05-14
1971,2024-05-21
1971,2024-06-23
1971,2024-07-19
1971,2024-07-22
1971,2024-10-14
1972,2024-01-08
1972,2024-02-11
1973,2024-02-11
1973,2024-05-09
1973,2024-09-20
1973,2025-01-15
1973,2025-06-15
1974,2024-03-09
1974,2024-05-06
1975,2024-03-19
1975,2024-05-27
1975,2024-09-06
1975,2024-10-01
1976,2024-01-22
1976,2024-02-06
1976,2024-04-19
1976,2024-07-23
1976,2024-07-26
1977,2024-01-26
1978,2024-02-18
1978,2024-04-29
1978,2024-10-24
1978,2025-03-11
1979,2024-01-01
1979,2024-07-13
1980,2024-02-23
1980,2024-06-06
1981,2024-01-24
1981,2024-09-24
1981,2025-02-23
1981,2025-03-23
1982,2024-02-13
1982,2024-03-08
1982,2024-05-09
1982,2024-06-16
1982,2024-08-21
1982,2024-10-09
1982,2024-12-17
1982,2025-06-07
1983,2024-02-25
1983,2024-05-01
1983,2024-05-27
1984,2024-02-13
1984,2024-06-04
1985,2024-02-20
1985,2024-02-27
1985,2024-05-10
1985,2024-08-10
1985,2024-10-09
1985,2024-10-09
1985,2024-10-17
1985,2025-01-21
1985,2025-01-30
1985,2025-02-16
1985,2025-03-06
1985,2025-04-12
1985,2025-05-07
1985,2025-06-28
1986,2024-02-19
1986,2024-08-03
1986,2024-08-25
1986,2024-09-10
1986,2024-09-26
1987,2024-02-29
1987,2024-11-12
1988,2024-02-27
1988,2024-05-02
1988,2024-06-15
1988,2024-08-14
1988,2024-11-29
1988,2025-01-01
1989,2024-02-21
1989,2024-02-21
1990,2024-01-18
1990,2024-05-24
1990,2024-06-01
1990,2024-06-12
1990,2024-10-17
1990,2024-12-25
1990,2025-01-10
1990,2025-05-02
1990,2025-05-04
1991,2024-03-01
1991,2024-05-10
1991,2024-07-05
1991,2024-08-03
1991,2024-09-12
1991,2024-10-15
1991,2024-11-29
1991,2025-03-22
1992,2024-02-11
1993,2024-02-25
1994,2024-02-05
1994,2024-02-09
1994,2024-02-24
1995,2024-03-16
1995,2024-04-16
1995,2024-05-20
1995,2024-06-19
1995,2024-07-01
1995,2024-10-08
1995,2024-10-10
1995,2024-12-02
1995,2024-12-16
1995,2025-01-02
1995,2025-01-08
1995,2025-01-24
1995,2025-02-09
1995,2025-03-12
1995,2025-04-21
1995,2025-04-28
1995,2025-05-20
1996,2024-03-04
1996,2024-03-14
1996,2024-04-09
1996,2024-04-20
1996,2024-04-28
1996,2024-05-03
1996,2024-06-03
1996,2024-07-11
1996,2024-09-12
1996,2024-09-17
1996,2024-09-19
1996,2024-09-26
1996,2024-10-12
1996,2024-10-24
1996,2024-10-30
1996,2024-11-14
1996,2024-12-13
1996,2025-03-04
1996,2025-04-13
1996,2025-04-29
1996,2025-06-24
1997,2024-02-29
1997,2024-03-06
1998,2024-02-02
1999,2024-01-14
2000,2024-01-05
2001,2024-01-19
2001,2024-02-20
2002,2024-02-14
2003,2024-01-04
2003,2024-01-12
2003,2024-07-09
2004,2024-03-14
2005,2024-02-21
2005,2024-04-02
2005,2024-06-07
2005,2024-10-03
2005,2025-03-02
2005,2025-05-10
2005,2025-06-09
2006,2024-02-09
2006,2024-06-28
2006,2024-08-19
2007,2024-02-16
2007,2024-10-07
2007,2024-11-22
2007,2025-05-13
2008,2024-01-09
2008,2024-03-20
2008,2024-04-25
2008,2024-06-16
2008,2024-08-08
2008,2024-09-08
2008,2024-10-06
2008,2025-03-09
2008,2025-03-22
2009,2024-02-24
2009,2024-11-13
2010,2024-03-21
2010,2024-03-25
2011,2024-02-02
2011,2024-03-29
2011,2024-04-19
2012,2024-03-09
2012,2024-04-01
2012,2025-06-22
2013,2024-03-06
2013,2024-06-15
2013,2024-10-23
2013,2024-11-12
2013,2025-03-07
2014,2024-03-05
2015,2024-03-08
2015,2024-03-31
2016,2024-01-22
2016,2024-02-04
2016,2024-03-25
2016,2024-05-03
2016,2024-05-04
2016,2024-05-18
2016,2024-05-27
2016,2024-05-30
2016,2024-06-01
2016,2024-06-14
2016,2024-06-22
2016,2024-07-08
2016,2024-09-23
2016,2024-10-05
2016,2024-10-19
2016,2024-11-12
2016,2024-11-26
2016,2025-02-27
2016,2025-03-08
2016,2025-03-22
2016,2025-03-30
2017,2024-01-03
2017,2024-01-25
2017,2024-03-03
2017,2024-04-23
2017,2024-05-12
2017,2024-05-12
2017,2024-08-12
2017,2024-09-13
2017,2024-10-28
2017,2024-12-16
2017,2024-12-21
2017,2024-12-24
2017,2024-12-28
2017,2025-02-10
2017,2025-02-18
2017,2025-04-18
2018,2024-03-05
2018,2024-04-02
2019,2024-03-16
2019,2024-07-30
2019,2024-09-05
2019,2024-09-09
2019,2025-01-23
2019,2025-04-22
2019,2025-05-18
2020,2024-03-09
2021,2024-01-15
2021,2024-02-21
2021,2024-02-22
2021,2024-02-23
2022,2024-02-04
2022,2024-02-05
2022,2024-02-25
2022,2024-06-25
2022,2024-08-07
2022,2024-09-30
2022,2024-10-16
2022,2024-11-28
2023,2024-02-21
2023,2024-03-03
2023,2024-03-28
2023,2024-04-01
2023,2024-05-06
2023,2024-06-18
2023,2024-07-31
2023,2024-08-07
2023,2024-08-29
2023,2024-09-08
2023,2025-01-16
2023,2025-02-11
2023,2025-03-23
2023,2025-05-14
2024,2024-02-10
2025,2024-01-30
2025,2024-02-17
2025,2024-03-03
2025,2024-03-05
2026,2024-02-17
2026,2024-03-04
2027,2024-03-20
2027,2024-04-30
2027,2024-05-25
2027,2024-07-13
2028,2024-03-02
2029,2024-02-27
2029,2024-03-11
2030,2024-02-08
2030,2024-04-30
2030,2024-07-05
2031,2024-01-14
2032,2024-01-11
2032,2025-01-03
2033,2024-02-15
2033,2024-10-25
2033,2024-10-28
2033,2025-01-28
2034,2024-02-08
2034,2024-02-11
2035,2024-01-04
2035,2024-07-19
2036,2024-02-04
2036,2024-03-06
2036,2024-03-08
2036,2024-03-10
2036,2024-03-20
2037,2024-02-24
2037,2024-05-06
2037,2025-01-07
2037,2025-01-22
2037,2025-04-05
2038,2024-02-14
2038,2024-02-24
2038,2024-03-09
2038,2024-03-14
2038,2024-03-21
2038,2024-03-28
2038,2024-04-04
2038,2024-05-14
2038,2024-05-17
2038,2024-05-30
2038,2024-08-05
2038,2024-09-11
2039,2024-02-27
2039,2024-03-21
2039,2024-05-25
2039,2024-06-19
2039,2024-06-29
2039,2025-01-22
2039,2025-02-11
2039,2025-05-12
2039,2025-05-30
2040,2024-02-20
2040,2025-05-13
2041,2024-02-21
2041,2024-02-28
2041,2024-03-09
2041,2024-04-15
2041,2024-05-13
2041,2024-05-28
2041,2024-06-19
2041,2024-07-28
2041,2024-08-12
2041,2024-09-03
2041,2024-09-12
2041,2024-11-02
2041,2024-12-15
2041,2025-02-25
2041,2025-05-12
2041,2025-06-17
2042,2024-02-17
2042,2024-05-24
2042,2024-08-24
2042,2024-09-02
2042,2024-12-06
2042,2024-12-22
2042,2025-01-08
2042,2025-02-11
2042,2025-03-17
2042,2025-04-27
2042,2025-06-22
2043,2024-03-07
2044,2024-01-21
2044,2024-01-29
2044,2024-04-12
2045,2024-01-08
2045,2024-01-08
2046,2024-01-20
2046,2024-01-27
2046,2024-02-10
2046,2024-02-14
2046,2024-03-15
2046,2024-04-12
2046,2024-04-30
2046,2024-05-31
2046,2024-06-05
2046,2024-07-21
2047,2024-01-27
2047,2024-01-30
2047,2024-02-23
2047,2024-04-19
2047,2024-07-17
2047,2024-07-25
2047,2024-08-04
2047,2024-08-05
2047,2024-09-02
2047,2024-10-17
2047,2024-10-19
2047,2024-11-01
2047,2024-11-25
2047,2024-11-28
2047,2024-12-26
2047,2025-01-02
2047,2025-03-06
2047,2025-03-16
2047,2025-06-09
2048,2024-02-29
2048,2024-04-08
2048,2024-04-23
2048,2024-06-01
2048,2024-06-11
2048,2024-06-29
2048,2024-06-29
2048,2024-07-29
2048,2024-08-13
2048,2024-08-27
2048,2024-10-01
2048,2024-11-15
2048,2024-11-28
2048,2024-12-06
2048,2024-12-26
2048,2025-02-08
2048,2025-02-13
2048,2025-02-17
2048,2025-02-27
2048,2025-03-22
2048,2025-05-01
2048,2025-05-03
2048,2025-05-17
2048,2025-05-20
2048,2025-06-29
2049,2024-01-13
2049,2024-06-12
2049,2024-07-04
2049,2024-09-13
2049,2024-10-20
2049,2024-11-20
2049,2025-01-20
2049,2025-02-20
2049,2025-02-23
2049,2025-04-18
2049,2025-05-30
2049,2025-06-18
2049,2025-06-23
2050,2024-01-15
2050,2024-01-25
2051,2024-02-01
2051,2024-05-19
2051,2024-07-14
2052,2024-01-03
2052,2024-07-31
2052,2025-03-03
2052,2025-06-04
2053,2024-02-10
2053,2024-10-26
2053,2025-02-21
2054,2024-01-04
2054,2024-01-30
2055,2024-03-21
2056,2024-02-04
2056,2024-04-14
2056,2024-05-22
2056,2024-05-26
2056,2024-06-02
2057,2024-02-12
2057,2024-04-09
2057,2024-05-01
2057,2024-08-24
2057,2024-11-19
2057,2025-02-12
2057,2025-04-15
2057,2025-06-29
2058,2024-01-30
2058,2024-06-16
2059,2024-01-24
2059,2024-12-11
2059,2025-03-03
2059,2025-03-29
2060,2024-02-10
2061,2024-01-31
2061,2024-08-25
2062,2024-02-11
2062,2024-09-07
2063,2024-01-27
2063,2024-07-18
2063,2024-09-03
2063,2024-11-30
2064,2024-03-21
2064,2024-04-17
2064,2024-05-29
2064,2024-07-26
2064,2025-03-15
2064,2025-06-27
2065,2024-03-19
2065,2024-05-10
2065,2024-05-20
2065,2024-06-04
2065,2024-09-08
2065,2024-09-13
2065,2024-09-16
2065,2024-10-06
2065,2024-10-24
2065,2024-11-27
2065,2025-01-09
2065,2025-02-25
2065,2025-04-01
2065,2025-04-06
2065,2025-05-07
2066,2024-02-03
2066,2024-03-23
2066,2024-03-30
2066,2024-11-27
2066,2024-12-09
2066,2025-01-30
2066,2025-03-18
2066,2025-04-05
2066,2025-06-07
2067,2024-01-21
2067,2024-02-16
2067,2024-04-18
2067,2024-06-22
2068,2024-02-23
2068,2024-06-14
2069,2024-03-19
2070,2024-02-26
2070,2024-05-11
2070,2024-06-29
2070,2024-09-27
2070,2024-11-29
2071,2024-03-24
2071,2024-10-16
2072,2024-02-19
2072,2024-04-14
2072,2024-04-16
2072,2024-07-15
2072,2024-10-15
2073,2024-03-02
2073,2024-06-10
2073,2024-09-03
2073,2024-10-21
2073,2024-10-23
2073,2024-10-29
2073,2025-02-06
2073,2025-06-04
2073,2025-06-08
2073,2025-06-20
2073,2025-06-28
2074,2024-02-14
2074,2024-02-24
2074,2024-04-04
2075,2024-01-15
2075,2025-01-29
2076,2024-02-19
2076,2024-07-03
2076,2025-02-03
2076,2025-05-18
2077,2024-03-15
2077,2024-03-16
2077,2024-04-21
2077,2024-05-15
2077,2024-07-09
2077,2024-10-06
2077,2024-10-12
2077,2024-10-13
2077,2024-10-26
2077,2024-12-05
2077,2024-12-06
2077,2025-01-11
2077,2025-01-29
2077,2025-04-24
2077,2025-05-13
2077,2025-05-16
2077,2025-05-30
2078,2024-01-21
2079,2024-03-04
2080,2024-02-17
2081,2024-01-24
2081,2024-02-12
2081,2024-02-14
2081,2024-02-27
2082,2024-03-19
2082,2024-05-13
2082,2024-05-15
2082,2024-06-30
2082,2024-08-23
2082,2024-09-02
2082,2024-09-04
2082,2024-09-11
2082,2024-09-22
2082,2024-10-26
2082,2024-11-29
2082,2024-11-30
2082,2024-12-15
2082,2024-12-15
2082,2025-01-08
2082,2025-01-14
2082,2025-03-17
2082,2025-04-14
2082,2025-04-17
2082,2025-06-15
2083,2024-01-24
2083,2024-04-27
2083,2024-04-30
2084,2024-01-24
2084,2024-02-25
2084,2024-03-27
2084,2024-04-20
2084,2024-04-30
2084,2024-05-07
2084,2024-07-01
2084,2024-08-04
2084,2024-10-03
2084,2024-12-15
2084,2024-12-21
2084,2025-02-08
2084,2025-04-03
2084,2025-05-23
2085,2024-01-03
2086,2024-01-15
2086,2024-03-09
2086,2024-03-16
2086,2024-04-09
2086,2024-07-13
2087,2024-01-20
2087,2024-01-22
2087,2024-01-29
2087,2024-02-14
2087,2024-02-15
2087,2024-03-02
2088,2024-03-02
2088,2024-04-09
2089,2024-01-26
2089,2024-11-01
2089,2025-02-24
2089,2025-03-01
2090,2024-01-07
2090,2024-02-21
2090,2024-03-01
2090,2024-05-12
2090,2024-09-16
2091,2024-02-24
2092,2024-01-09
2093,2024-02-17
2093,2024-03-03
2094,2024-01-17
2094,2024-03-12
2094,2024-03-20
2094,2024-04-10
2094,2025-02-05
2094,2025-02-12
2094,2025-02-13
2094,2025-05-07
2095,2024-03-05
2095,2025-03-22
2096,2024-01-16
2096,2024-06-25
2096,2025-03-14
2096,2025-04-26
2097,2024-02-09
2097,2025-01-17
2098,2024-03-22
2099,2024-01-28
2100,2024-01-17
2100,2024-10-23
2101,2024-01-24
2101,2024-03-01
2102,2024-02-24
2102,2024-06-07
2102,2024-07-01
2102,2024-07-27
2102,2024-08-17
2102,2024-11-07
2102,2024-12-24
2102,2024-12-31
2103,2024-01-09
2103,2024-03-06
2103,2024-11-19
2103,2025-05-30
2103,2025-06-08
2104,2024-01-06
2104,2024-03-31
2105,2024-02-24
2106,2024-01-19
2106,2024-04-18
2106,2024-04-21
2106,2024-07-17
2106,2024-10-20
2106,2024-11-30
2106,2024-12-08
2106,2025-02-02
2106,2025-02-07
2106,2025-02-08
2106,2025-03-03
2106,2025-06-01
2106,2025-06-08
2106,2025-06-21
2106,2025-06-28
2107,2024-01-15
2107,2024-03-11
2107,2024-11-21
2107,2025-04-29
2108,2024-02-05
2108,2024-02-08
2108,2024-07-02
2108,2024-07-06
2108,2024-10-29
2109,2024-01-28
2109,2024-09-28
2109,2025-04-04
2110,2024-01-06
2110,2024-05-19
2110,2025-02-10
2110,2025-06-11
2111,2024-01-13
2111,2024-01-28
2111,2024-04-29
2111,2024-08-09
2111,2024-10-04
2111,2025-03-12
2111,2025-06-24
2112,2024-02-23
2113,2024-02-14
2113,2024-04-20
2114,2024-01-25
2114,2024-04-25
2115,2024-02-18
2115,2024-05-16
2115,2025-02-02
2116,2024-02-09
2116,2024-02-19
2116,2024-03-08
2116,2024-04-11
2116,2024-05-25
2117,2024-01-09
2117,2025-03-12
2118,2024-01-16
2118,2024-10-14
2119,2024-03-13
2119,2024-08-14
2120,2024-03-05
2120,2024-03-30
2120,2024-06-25
2120,2024-09-04
2120,2024-10-02
2120,2024-10-28
2120,2025-02-05
2121,2024-01-20
2122,2024-03-14
2122,2025-04-19
2123,2024-03-11
2123,2024-05-06
2123,2024-05-06
2123,2025-04-12
2123,2025-05-02
2123,2025-06-07
2124,2024-02-10
2124,2024-04-09
2125,2024-01-03
2125,2024-01-17
2125,2024-01-20
2126,2024-01-30
2126,2024-02-22
2127,2024-02-25
2127,2024-05-03
2127,2024-07-29
2127,2024-09-06
2127,2024-09-20
2127,2024-11-01
2127,2024-11-28
2127,2024-11-29
2127,2024-12-30
2127,2025-01-20
2127,2025-01-20
2127,2025-04-14
2128,2024-01-03
2128,2024-10-25
2129,2024-02-13
2129,2024-03-10
2129,2024-03-14
2129,2024-06-20
2129,2024-07-09
2129,2024-12-17
2129,2025-02-03
2129,2025-05-30
2129,2025-06-08
2130,2024-01-01
2130,2024-07-15
2130,2025-03-06
2130,2025-05-20
2131,2024-03-24
2131,2024-04-17
2131,2024-05-29
2131,2024-08-27
2131,2024-10-15
2131,2024-10-30
2132,2024-02-13
2132,2024-05-19
2132,2025-02-22
2133,2024-02-03
2133,2024-06-30
2134,2024-02-24
2134,2024-02-25
2134,2024-03-02
2134,2024-03-03
2134,2024-03-16
2134,2024-03-20
2134,2024-03-24
2134,2024-04-03
2134,2024-05-10
2134,2024-05-24
2134,2024-06-19
2134,2024-07-07
2134,2024-07-27
2134,2024-08-27
2134,2024-09-11
2134,2024-10-25
2134,2024-11-14
2134,2024-12-09
2134,2025-01-02
2135,2024-02-23
2135,2024-03-06
2135,2024-04-01
2135,2024-04-12
2135,2024-04-19
2135,2024-05-08
2135,2024-05-15
2135,2024-06-06
2135,2024-06-10
2135,2024-07-13
2135,2024-08-03
2135,2024-08-08
2135,2024-08-08
2135,2024-08-11
2135,2024-08-12
2135,2024-09-01
2135,2024-09-16
2135,2024-10-14
2135,2024-10-24
2135,2024-11-17
2135,2024-11-17
2135,2024-11-28
2135,2024-12-06
2135,2024-12-07
2135,2024-12-08
2135,2024-12-16
2135,2024-12-25
2135,2025-01-17
2135,2025-02-01
2135,2025-02-18
2135,2025-02-22
2135,2025-03-05
2135,2025-03-16
2135,2025-03-17
2135,2025-05-15
2135,2025-05-16
2135,2025-05-30
2135,2025-06-03
2135,2025-06-29
2136,2024-02-12
2137,2024-03-17
2137,2024-03-29
2137,2024-04-01
2137,2024-04-08
2138,2024-03-14
2139,2024-01-17
2139,2025-02-01
2139,2025-02-09
2140,2024-02-06
2141,2024-01-06
2142,2024-01-21
2142,2024-01-22
2142,2024-02-20
2142,2024-02-20
2142,2024-03-04
2142,2024-03-17
2142,2024-06-23
2142,2024-06-27
2142,2024-08-01
2142,2024-08-25
2142,2024-12-16
2142,2025-01-03
2142,2025-01-25
2143,2024-03-14
2144,2024-01-18
2144,2024-01-30
2145,2024-03-08
2145,2024-05-05
2145,2024-06-02
2145,2024-08-11
2145,2024-08-12
2145,2025-01-03
2145,2025-04-10
2145,2025-05-21
2145,2025-06-24
2146,2024-02-15
2146,2024-03-13
2146,2024-03-27
2146,2024-03-30
2146,2024-05-11
2146,2024-06-18
2146,2024-07-30
2147,2024-03-16
2148,2024-02-10
2148,2025-01-29
2149,2024-02-08
2149,2024-10-10
2149,2024-11-02
2149,2025-05-24
2150,2024-01-29
2150,2024-02-13
2150,2024-03-26
2150,2024-05-25
2150,2024-06-05
2150,2024-06-06
2150,2024-06-16
2151,2024-02-25
2151,2024-09-11
2151,2024-12-26
2151,2025-06-17
2152,2024-03-19
2152,2024-04-20
2152,2024-06-23
2152,2024-07-14
2152,2024-08-16
2152,2024-08-28
2153,2024-03-16
2154,2024-01-18
2155,2024-02-05
2155,2024-03-12
2156,2024-02-23
2156,2024-02-28
2156,2024-09-20
2157,2024-01-31
2157,2025-05-16
2158,2024-03-24
2159,2024-03-13
2159,2024-05-08
2159,2024-12-02
2159,2025-01-25
2160,2024-02-28
2160,2024-11-20
2161,2024-01-29
2161,2024-07-26
2162,2024-02-08
2162,2024-03-21
2162,2024-04-18
2162,2024-05-31
2162,2024-06-01
2162,2024-06-04
2162,2024-06-11
2162,2024-06-11
2162,2024-07-03
2162,2024-07-04
2162,2024-07-26
2162,2024-08-07
2162,2024-09-13
2162,2024-09-22
2162,2024-10-06
2162,2024-11-24
2162,2024-12-19
2162,2024-12-25
2162,2025-01-08
2162,2025-01-20
2162,2025-01-27
2162,2025-02-15
2162,2025-03-05
2162,2025-03-09
2162,2025-04-01
2163,2024-03-11
2163,2024-03-11
2163,2024-05-24
2163,2024-05-30
2163,2024-06-09
2164,2024-03-04
2164,2024-03-13
2164,2024-04-24
2164,2024-05-03
2164,2024-07-20
2164,2024-10-03
2165,2024-01-25
2165,2024-02-13
2165,2025-01-26
2165,2025-02-07
2165,2025-03-17
2166,2024-03-22
2167,2024-01-28
2167,2024-03-22
2168,2024-02-21
2168,2024-02-22
2168,2024-03-30
2168,2024-06-30
2168,2024-07-30
2168,2024-08-14
2168,2024-08-20
2168,2024-12-17
2168,2024-12-21
2168,2025-01-10
2168,2025-01-24
2168,2025-02-04
2168,2025-04-21
2169,2024-01-05
2170,2024-01-09
2170,2024-06-09
2171,2024-01-31
2172,2024-01-23
2172,2024-01-27
2173,2024-01-14
2173,2024-01-29
2174,2024-03-03
2174,2024-03-09
2174,2024-05-01
2174,2024-06-04
2174,2024-06-06
2174,2024-06-11
2174,2024-10-15
2174,2024-10-29
2174,2024-11-23
2174,2025-01-16
2174,2025-01-25
2174,2025-04-29
2174,2025-05-24
2175,2024-02-03
2175,2025-04-09
2176,2024-03-19
2176,2024-05-03
2177,2024-01-02
2177,2024-02-23
2178,2024-03-09
2178,2024-07-09
2178,2024-08-14
2178,2024-08-16
2178,2024-12-24
2178,2024-12-24
2178,2025-06-21
2179,2024-01-01
2179,2024-09-28
2179,2024-12-04
2179,2025-03-18
2180,2024-01-16
2180,2024-03-28
2180,2024-07-26
2180,2024-09-16
2181,2024-03-15
2181,2024-05-19
2181,2024-08-24
2181,2025-02-01
2181,2025-02-08
2181,2025-02-23
2182,2024-01-06
2182,2024-06-26
2182,2024-10-30
2183,2024-03-05
2183,2024-09-23
2184,2024-03-03
2185,2024-02-22
2186,2024-03-03
2186,2024-05-06
2186,2024-05-18
2186,2024-06-30
2186,2024-08-07
2186,2024-08-14
2186,2024-09-07
2186,2024-09-28
2186,2024-11-13
2186,2024-12-15
2186,2025-01-20
2186,2025-02-27
2186,2025-04-19
2186,2025-04-23
2186,2025-04-24
2187,2024-01-13
2187,2024-01-19
2187,2024-02-22
2187,2024-02-22
2187,2024-04-05
2187,2024-04-07
2187,2024-05-16
2187,2024-06-01
2187,2024-07-14
2187,2024-08-02
2187,2024-08-25
2187,2024-08-31
2187,2024-09-19
2187,2024-10-11
2187,2024-10-23
2187,2024-12-14
2187,2024-12-31
2187,2025-01-20
2187,2025-01-20
2187,2025-02-16
2187,2025-04-03
2187,2025-04-08
2187,2025-05-08
2187,2025-05-18
2187,2025-06-05
2188,2024-02-26
2189,2024-03-09
2189,2024-10-01
2190,2024-01-23
2190,2024-01-26
2190,2024-01-27
2190,2024-01-28
2190,2024-03-01
2190,2024-03-25
2191,2024-01-14
2191,2024-06-03
2191,2024-07-02
2192,2024-03-07
2192,2024-03-28
2193,2024-02-26
2193,2024-06-18
2193,2024-09-20
2194,2024-02-02
2194,2024-03-07
2194,2024-03-19
2194,2024-04-08
2194,2024-05-22
2194,2024-05-24
2194,2024-06-04
2195,2024-03-17
2196,2024-03-10
2196,2024-03-12
2197,2024-01-18
2197,2024-01-28
2197,2024-03-03
2197,2024-04-19
2197,2024-07-08
2197,2024-07-26
2197,2024-09-13
2197,2024-09-15
2197,2024-12-23
2197,2024-12-24
2197,2024-12-29
2197,2025-01-14
2197,2025-01-15
2197,2025-05-26
2198,2024-03-10
2198,2024-11-24
2199,2024-01-12
2199,2024-02-08
2200,2024-01-03
2201,2024-02-15
2202,2024-02-08
2202,2024-05-06
2203,2024-01-20
2204,2024-03-22
2204,2024-06-19
2204,2024-07-17
2204,2024-08-22
2204,2024-12-01
2204,2024-12-08
2204,2024-12-24
2204,2025-01-16
2204,2025-01-25
2204,2025-03-09
2204,2025-03-10
2204,2025-03-19
2204,2025-05-09
2204,2025-05-15
2205,2024-02-22
2206,2024-03-21
2206,2025-03-25
2207,2024-02-13
2207,2024-03-18
2207,2024-04-08
2207,2024-05-27
2207,2024-08-10
2207,2024-09-09
2207,2024-09-22
2207,2024-10-09
2207,2024-10-18
2207,2024-11-23
2207,2024-12-25
2208,2024-03-20
2209,2024-02-28
2209,2024-04-02
2209,2024-04-10
2209,2024-05-15
2209,2024-05-29
2209,2024-06-12
2209,2024-06-15
2209,2024-06-17
2209,2024-06-20
2209,2024-08-16
2209,2024-08-29
2209,2024-09-23
2209,2024-10-11
2209,2024-11-22
2209,2024-11-26
2209,2024-12-01
2209,2025-01-06
2209,2025-01-23
2209,2025-02-08
2209,2025-02-16
2209,2025-04-01
2209,2025-04-27
2209,2025-05-08
2209,2025-05-10
2209,2025-06-21
2209,2025-06-29
2210,2024-02-02
2210,2024-06-24
2210,2024-07-24
2210,2024-08-26
2210,2024-10-02
2210,2024-10-24
2210,2024-11-27
2210,2024-12-27
2210,2025-02-15
2210,2025-04-03
2210,2025-06-16
2210,2025-06-29
2211,2024-02-24
2211,2024-06-11
2211,2024-07-15
2211,2024-08-17
2211,2024-10-25
2211,2024-12-06
2211,2025-01-07
2212,2024-02-21
2212,2024-07-26
2212,2025-05-13
2213,2024-01-31
2213,2024-03-26
2213,2024-04-22
2213,2024-04-30
2213,2024-05-01
2213,2024-07-14
2213,2024-08-13
2213,2024-11-06
2213,2024-12-05
2213,2025-02-12
2213,2025-02-25
2213,2025-05-26
2214,2024-01-27
2214,2024-02-15
2214,2024-03-06
2214,2024-03-18
2214,2024-04-21
2215,2024-01-30
2215,2024-02-03
2215,2024-02-12
2215,2024-03-09
2216,2024-02-24
2216,2024-08-26
2216,2025-03-12
2216,2025-04-01
2216,2025-05-12
2217,2024-03-06
2217,2024-12-15
2217,2024-12-15
2217,2024-12-28
2217,2025-04-11
2218,2024-01-17
2218,2024-02-03
2218,2024-03-25
2218,2024-04-11
2219,2024-02-27
2219,2024-03-06
2219,2024-09-02
2219,2025-03-19
2220,2024-01-13
2220,2024-02-10
2220,2024-06-07
2220,2024-08-12
2220,2025-03-25
2220,2025-05-03
2220,2025-05-08
2220,2025-05-20
2221,2024-03-16
2222,2024-03-06
2222,2025-05-30
2223,2024-02-01
2223,2024-03-09
2223,2024-04-13
2223,2025-01-16
2223,2025-05-05
2223,2025-05-05
2223,2025-05-17
2224,2024-02-20
2224,2024-07-01
2225,2024-02-29
2225,2024-06-10
2226,2024-01-09
2226,2024-03-12
2227,2024-02-16
2227,2024-07-10
2228,2024-02-21
2228,2024-04-03
2228,2024-05-15
2228,2024-09-09
2228,2024-11-21
2228,2024-12-21
2228,2025-01-17
2228,2025-06-05
2228,2025-06-25
2229,2024-01-16
2229,2024-06-23
2229,2025-03-28
2230,2024-01-26
2230,2024-04-28
2230,2024-05-16
2231,2024-03-20
2231,2024-08-05
2231,2024-09-09
2231,2024-12-09
2232,2024-02-02
2232,2024-08-19
2232,2024-12-05
2232,2024-12-13
2232,2025-02-06
2233,2024-03-11
2233,2024-03-30
2233,2024-04-20
2233,2024-06-07
2233,2024-09-12
2233,2024-11-29
2233,2024-12-23
2233,2025-01-07
2234,2024-02-27
2234,2025-02-08
2234,2025-04-15
2235,2024-03-12
2235,2024-05-23
2236,2024-01-17
2236,2024-02-02
2237,2024-01-06
2237,2024-01-22
2237,2024-02-01
2237,2024-02-07
2237,2024-03-14
2237,2024-05-03
2237,2024-07-01
2237,2024-07-26
2237,2024-07-27
2237,2024-08-14
2237,2024-10-20
2237,2024-10-21
2237,2024-11-21
2237,2024-12-05
2237,2024-12-05
2237,2024-12-28
2237,2025-01-03
2237,2025-02-28
2237,2025-05-28
2237,2025-06-28
2238,2024-02-06
2238,2024-11-06
2239,2024-01-04
2240,2024-02-14
2240,2024-02-23
2240,2024-03-12
2240,2024-04-06
2240,2024-04-06
2240,2024-04-11
2240,2024-05-12
2240,2024-05-26
2241,2024-03-16
2241,2024-07-01
2241,2024-10-30
2241,2024-12-05
2241,2025-01-07
2241,2025-05-15
2242,2024-01-03
2243,2024-01-11
2244,2024-01-03
2244,2024-07-06
2244,2024-08-01
2244,2024-10-13
2244,2025-04-14
2244,2025-05-06
2245,2024-02-05
2246,2024-03-09
2246,2024-03-29
2247,2024-01-31
2247,2024-03-02
2247,2024-06-02
2248,2024-03-11
2249,2024-01-08
2250,2024-01-24
2251,2024-03-10
2251,2024-03-28
2252,2024-02-16
2252,2024-10-15
2253,2024-02-26
2253,2024-03-04
2253,2024-10-17
2254,2024-02-21
2254,2025-02-26
2255,2024-03-08
2256,2024-01-31
2257,2024-03-12
2258,2024-02-12
2258,2024-04-14
2258,2024-05-09
2259,2024-03-10
2259,2024-12-16
2260,2024-01-08
2260,2024-10-23
2260,2025-01-17
2261,2024-01-03
2261,2024-09-30
2262,2024-01-29
2262,2024-06-25
2262,2024-07-08
2262,2024-08-06
2262,2024-09-10
2262,2024-12-31
2263,2024-02-12
2263,2025-04-24
2263,2025-04-25
2264,2024-02-28
2265,2024-02-02
2265,2024-02-17
2265,2024-03-04
2265,2024-03-12
2265,2024-04-05
2265,2024-05-04
2265,2024-06-25
2265,2024-06-25
2266,2024-01-13
2266,2024-07-24
2266,2025-04-19
2267,2024-01-02
2267,2024-01-07
2267,2024-03-11
2267,2024-03-16
2267,2024-04-03
2268,2024-02-23
2269,2024-01-08
2269,2024-02-21
2269,2024-05-07
2269,2025-06-03
2269,2025-06-27
2270,2024-03-18
2271,2024-03-02
2271,2025-05-17
2272,2024-02-09
2272,2024-04-26
2272,2024-06-08
2273,2024-03-24
2273,2024-04-11
2273,2024-06-26
2273,2024-12-28
2274,2024-01-31
2274,2024-11-14
2274,2025-05-03
2275,2024-03-11
2275,2024-04-09
2275,2024-06-26
2275,2025-02-06
2275,2025-03-30
2275,2025-05-13
2276,2024-03-24
2276,2024-10-01
2277,2024-03-23
2277,2024-04-02
2277,2024-04-05
2278,2024-02-06
2278,2024-02-25
2278,2024-04-13
2278,2024-05-16
2278,2024-05-17
2278,2024-05-24
2278,2024-05-31
2278,2024-07-18
2278,2024-08-22
2278,2024-08-26
2278,2024-08-27
2278,2024-09-15
2278,2024-09-16
2278,2024-09-19
2278,2024-09-26
2279,2024-03-23
2279,2024-08-13
2280,2024-01-13
2280,2024-03-26
2281,2024-01-11
2282,2024-01-31
2282,2024-08-01
2283,2024-01-19
2283,2024-02-01
2283,2024-02-07
2283,2024-07-08
2283,2024-09-02
2283,2024-12-07
2283,2025-02-13
2283,2025-03-04
2283,2025-04-20
2283,2025-06-23
2283,2025-06-24
2284,2024-02-21
2285,2024-01-27
2285,2024-02-22
2285,2024-03-18
2285,2024-07-11
2285,2024-08-11
2285,2024-08-15
2285,2024-08-15
2286,2024-02-10
2286,2024-02-24
2286,2024-06-04
2286,2024-07-11
2287,2024-01-16
2287,2024-04-14
2288,2024-03-01
2289,2024-02-21
2289,2024-02-29
2290,2024-01-19
2290,2024-03-04
2290,2024-12-11
2291,2024-02-21
2291,2025-04-01
2291,2025-04-11
2291,2025-06-29
2292,2024-03-16
2292,2024-03-31
2292,2024-11-25
2292,2024-11-28
2292,2025-03-29
2293,2024-03-12
2293,2024-10-01
2293,2024-12-20
2293,2025-06-16
2294,2024-01-08
2295,2024-02-15
2295,2024-07-03
2295,2024-08-04
2295,2024-12-03
2295,2024-12-15
2295,2025-03-11
2296,2024-03-14
2296,2024-05-23
2296,2024-12-11
2296,2024-12-18
2296,2025-01-30
2297,2024-01-11
2297,2024-05-05
2298,2024-03-05
2299,2024-02-12
2299,2024-04-09
2299,2024-05-06
2299,2024-06-13
2299,2024-07-23
2299,2024-07-24
2299,2024-10-17
2299,2024-10-27
2299,2025-02-15
2299,2025-02-21
2299,2025-03-14
2299,2025-03-26
2299,2025-04-26
2299,2025-05-30
2300,2024-03-20
2300,2024-04-30
2300,2024-05-27
2300,2024-11-29
2300,2024-12-25
2300,2025-03-06
2300,2025-04-20
2300,2025-04-28
2301,2024-03-21
2301,2024-03-30
2301,2024-04-14
2301,2024-04-27
2301,2024-05-02
2302,2024-03-18
2302,2024-03-31
2302,2024-04-12
2302,2024-05-10
2302,2024-06-04
2302,2024-11-08
2302,2024-11-09
2302,2025-01-25
2303,2024-02-09
2304,2024-03-09
2304,2024-07-24
2304,2025-04-06
2305,2024-02-03
2305,2024-02-24
2306,2024-03-20
2306,2024-04-21
2306,2024-05-12
2306,2024-05-19
2306,2024-05-29
2306,2024-06-03
2306,2024-06-15
2306,2024-06-24
2306,2024-07-11
2306,2024-07-14
2306,2024-07-29
2306,2024-09-01
2306,2024-09-11
2306,2024-12-05
2306,2025-05-11
2306,2025-05-30
2307,2024-01-10
2307,2024-11-05
2308,2024-01-25
2308,2024-07-14
2309,2024-03-07
2310,2024-01-29
2310,2024-06-25
2311,2024-03-03
2312,2024-01-25
2312,2024-03-04
2312,2024-05-21
2312,2024-07-15
2312,2024-09-29
2313,2024-01-04
2313,2024-04-02
2314,2024-03-01
2314,2024-03-24
2314,2024-03-26
2314,2024-05-07
2315,2024-02-24
2315,2024-03-06
2315,2024-04-08
2315,2024-04-12
2315,2024-06-28
2315,2024-07-19
2315,2024-07-29
2316,2024-03-19
2316,2024-05-03
2317,2024-02-01
2317,2024-08-27
2317,2024-09-05
2317,2025-01-03
2317,2025-01-24
2318,2024-01-12
2318,2024-04-08
2319,2024-02-24
2319,2024-07-09
2319,2025-01-19
2320,2024-02-19
2321,2024-01-15
2321,2024-03-01
2321,2024-07-24
2321,2024-09-25
2321,2024-11-13
2322,2024-03-22
2323,2024-01-17
2323,2024-01-17
2323,2024-05-10
2323,2024-06-24
2323,2024-07-31
2323,2024-09-12
2323,2024-11-06
2323,2024-12-08
2323,2024-12-31
2323,2025-04-07
2323,2025-05-04
2324,2024-03-02
2325,2024-01-06
2325,2024-07-03
2325,2024-07-20
2325,2024-07-22
2325,2025-05-18
2326,2024-03-08
2326,2024-11-09
2326,2024-12-16
2326,2025-03-18
2326,2025-05-24
2326,2025-06-10
2326,2025-06-28
2327,2024-01-04
2327,2024-03-22
2328,2024-02-09
2328,2024-07-20
2328,2024-08-04
2328,2024-11-20
2328,2024-12-05
2328,2024-12-26
2328,2025-04-19
2329,2024-02-21
2329,2024-04-30
2329,2024-08-20
2329,2024-09-21
2329,2024-10-21
2329,2024-10-23
2329,2025-01-30
2329,2025-02-02
2329,2025-05-02
2329,2025-05-22
2330,2024-02-13
2330,2025-01-27
2330,2025-04-05
2331,2024-01-06
2331,2024-06-08
2331,2024-08-29
2332,2024-03-16
2332,2025-04-06
2333,2024-01-07
2333,2024-01-16
2333,2024-03-14
2333,2024-03-28
2333,2024-06-22
2333,2024-08-01
2334,2024-01-18
2334,2024-09-24
2334,2024-10-01
2335,2024-01-09
2335,2024-06-16
2335,2024-07-19
2336,2024-01-27
2336,2024-01-27
2336,2024-02-28
2336,2024-03-08
2336,2024-03-31
2336,2024-05-02
2336,2024-05-31
2336,2024-07-06
2336,2024-07-15
2336,2024-07-17
2336,2024-08-06
2337,2024-02-19
2338,2024-02-24
2339,2024-01-25
2339,2024-04-28
2339,2024-07-04
2339,2024-08-24
2340,2024-01-02
2340,2024-01-02
2340,2024-02-01
2340,2024-07-03
2340,2024-10-01
2340,2024-11-02
2340,2024-11-11
2340,2025-01-18
2340,2025-02-12
2341,2024-02-06
2341,2024-02-25
2341,2024-03-01
2341,2024-03-07
2342,2024-02-17
2342,2024-03-05
2342,2024-04-09
2343,2024-02-14
2343,2024-03-22
2343,2024-06-08
2343,2024-08-02
2343,2024-09-04
2343,2024-11-11
2343,2024-11-15
2344,2024-03-07
2344,2024-03-22
2345,2024-03-07
2345,2024-03-09
2345,2024-04-04
2345,2024-04-17
2345,2024-05-03
2345,2024-05-30
2345,2024-06-14
2345,2024-08-05
2345,2024-08-18
2345,2024-08-20
2345,2024-09-28
2345,2024-10-16
2346,2024-03-04
2346,2024-04-28
2346,2025-06-18
2346,2025-06-23
2347,2024-01-20
2347,2024-04-24
2348,2024-03-13
2348,2025-01-05
2348,2025-06-01
2349,2024-01-14
2349,2024-02-14
2349,2024-04-09
2350,2024-01-08
2350,2024-02-07
2350,2024-04-16
2350,2024-06-09
2350,2024-08-17
2350,2024-09-02
2350,2024-11-06
2350,2024-11-09
2350,2025-02-11
2350,2025-02-21
2350,2025-03-05
2350,2025-06-12
2351,2024-01-05
2351,2024-02-01
2351,2025-06-16
2352,2024-02-14
2352,2024-06-02
2353,2024-01-03
2354,2024-02-05
2354,2024-12-28
2355,2024-01-27
2355,2024-04-30
2356,2024-03-01
2356,2024-06-07
2357,2024-03-13
2358,2024-02-04
2359,2024-01-10
2359,2024-11-13
2360,2024-01-14
2361,2024-02-09
2361,2024-06-03
2361,2024-12-07
2362,2024-02-20
2362,2024-04-13
2362,2024-04-16
2363,2024-03-20
2364,2024-03-12
2365,2024-03-14
2365,2024-04-12
2365,2024-08-04
2365,2024-10-18
2365,2024-11-15
2365,2025-02-12
2365,2025-03-23
2365,2025-04-09
2366,2024-01-09
2367,2024-02-09
2367,2024-09-18
2368,2024-02-06
2369,2024-02-11
2369,2024-03-22
2369,2024-03-31
2369,2024-04-10
2369,2024-04-11
2369,2024-04-14
2369,2024-04-29
2369,2024-06-08
2369,2024-06-19
2369,2024-06-20
2369,2024-06-24
2369,2024-06-24
2369,2024-07-03
2369,2024-07-14
2369,2024-07-17
2369,2024-07-29
2369,2024-08-02
2369,2024-08-11
2369,2024-09-10
2369,2024-09-17
2369,2024-10-27
2369,2024-11-11
2369,2024-11-16
2369,2024-11-20
2369,2024-12-10
2369,2024-12-27
2369,2025-01-02
2369,2025-01-08
2369,2025-02-10
2369,2025-02-20
2369,2025-03-12
2369,2025-03-12
2369,2025-03-13
2369,2025-04-25
2369,2025-05-06
2369,2025-05-19
2369,2025-05-28
2369,2025-06-04
2370,2024-02-20
2370,2024-03-05
2371,2024-02-26
2371,2024-03-31
2371,2024-11-29
2371,2025-01-15
2371,2025-02-10
2371,2025-05-07
2372,2024-03-20
2372,2024-08-18
2372,2025-01-16
2372,2025-03-20
2373,2024-01-25
2373,2024-02-02
2373,2024-04-13
2373,2024-04-24
2373,2024-07-23
2373,2024-09-30
2373,2024-10-03
2373,2025-01-15
2373,2025-02-01
2373,2025-03-18
2373,2025-04-28
2373,2025-05-17
2373,2025-06-12
2373,2025-06-28
2374,2024-01-15
2374,2024-08-19
2375,2024-01-30
2375,2024-09-12
2375,2024-10-07
2375,2024-11-19
2375,2025-05-23
2376,2024-01-03
2376,2024-01-29
2376,2025-01-05
2376,2025-06-07
2377,2024-02-10
2377,2024-04-22
2378,2024-01-28
2379,2024-02-28
2380,2024-03-01
2381,2024-01-20
2381,2024-02-13
2381,2024-03-29
2382,2024-02-18
2382,2024-02-20
2382,2024-02-27
2382,2025-01-27
2382,2025-03-08
2383,2024-02-22
2383,2024-05-10
2383,2024-06-28
2383,2024-10-02
2383,2024-12-24
2384,2024-02-07
2384,2024-02-07
2384,2024-03-29
2384,2024-04-16
2384,2024-04-18
2384,2024-05-17
2384,2024-05-26
2384,2024-06-24
2385,2024-02-13
2385,2024-02-13
2385,2024-03-30
2386,2024-03-22
2386,2024-08-04
2386,2024-11-29
2387,2024-03-14
2387,2024-03-20
2387,2024-05-20
2387,2024-10-26
2387,2024-12-30
2387,2025-02-10
2387,2025-03-26
2388,2024-03-18
2388,2024-05-15
2388,2024-10-08
2388,2025-01-02
2388,2025-01-05
2388,2025-04-05
2389,2024-02-28
2389,2024-03-13
2389,2024-05-18
2390,2024-01-16
2391,2024-01-08
2392,2024-01-24
2393,2024-03-23
2393,2024-04-21
2393,2024-10-31
2394,2024-01-19
2394,2024-03-12
2394,2024-11-08
2394,2024-12-31
2394,2025-05-13
2394,2025-06-11
2394,2025-06-14
2394,2025-06-29
2395,2024-01-14
2395,2024-01-17
2395,2024-02-29
2395,2024-03-18
2395,2024-03-27
2395,2024-03-28
2395,2024-04-12
2395,2024-06-10
2395,2024-07-05
2396,2024-02-18
2396,2024-03-05
2396,2024-03-31
2397,2024-01-20
2397,2024-03-19
2398,2024-02-09
2398,2024-04-04
2398,2024-12-05
2399,2024-01-14
2399,2024-02-22
2400,2024-01-19
2400,2024-02-28
2400,2024-03-18
2401,2024-03-01
2402,2024-01-21
2402,2024-02-06
2403,2024-03-13
2403,2024-12-04
2404,2024-02-13
2404,2024-02-17
2405,2024-01-27
2405,2024-02-20
2406,2024-01-16
2407,2024-02-09
2408,2024-02-09
2409,2024-02-23
2409,2024-03-09
2409,2024-03-29
2409,2024-04-11
2409,2024-04-20
2410,2024-01-02
2410,2024-02-12
2410,2024-02-13
2410,2024-04-08
2410,2024-04-17
2410,2024-04-23
2410,2024-04-26
2410,2024-05-17
2410,2024-05-23
2410,2024-06-23
2410,2024-07-13
2410,2024-07-20
2410,2024-08-15
2410,2024-10-02
2410,2024-12-05
2410,2024-12-30
2410,2025-01-20
2410,2025-01-22
2410,2025-03-01
2410,2025-03-16
2410,2025-04-21
2410,2025-05-02
2410,2025-05-11
2410,2025-06-15
2410,2025-06-29
2411,2024-01-24
2411,2024-08-26
2411,2024-09-16
2412,2024-02-17
2413,2024-01-01
2414,2024-03-07
2414,2024-03-07
2414,2024-03-09
2414,2024-04-03
2414,2024-06-01
2414,2024-06-11
2414,2024-07-20
2414,2024-12-02
2414,2024-12-11
2414,2024-12-17
2414,2024-12-29
2414,2025-01-15
2414,2025-01-22
2414,2025-04-18
2414,2025-04-24
2414,2025-06-03
2414,2025-06-13
2415,2024-01-13
2415,2024-02-13
2415,2024-03-23
2415,2024-04-23
2415,2024-05-25
2415,2024-06-11
2415,2024-07-06
2416,2024-01-18
2416,2024-05-29
2416,2024-07-11
2416,2024-08-11
2417,2024-03-04
2417,2024-04-10
2417,2024-04-22
2417,2024-05-29
2417,2024-06-13
2417,2024-06-21
2417,2024-08-01
2417,2024-12-29
2417,2025-02-21
2417,2025-02-21
2417,2025-04-03
2417,2025-04-29
2417,2025-06-28
2418,2024-01-28
2419,2024-02-28
2419,2024-03-29
2419,2024-05-16
2420,2024-03-05
2421,2024-03-01
2421,2024-03-15
2421,2024-03-18
2421,2024-04-03
2421,2024-04-19
2421,2024-04-20
2421,2024-04-27
2421,2024-05-04
2421,2024-05-12
2421,2024-06-12
2421,2024-06-29
2421,2024-07-25
2422,2024-01-07
2422,2024-02-19
2422,2024-04-27
2422,2024-06-22
2422,2024-07-03
2422,2024-11-22
2422,2025-04-16
2422,2025-05-04
2423,2024-03-23
2423,2025-01-07
2424,2024-02-28
2424,2024-04-25
2424,2024-12-22
2425,2024-03-11
2426,2024-02-23
2426,2024-04-16
2427,2024-02-24
2428,2024-01-23
2428,2024-02-14
2428,2024-03-05
2428,2024-03-19
2428,2024-03-22
2428,2024-08-17
2428,2024-10-19
2428,2024-12-13
2428,2024-12-23
2428,2024-12-24
2428,2025-02-12
2428,2025-02-24
2428,2025-04-29
2429,2024-02-01
2429,2024-03-07
2430,2024-02-02
2431,2024-01-03
2431,2024-01-22
2431,2024-03-08
2431,2024-04-09
2431,2024-10-12
2431,2024-10-15
2432,2024-01-19
2433,2024-03-16
2433,2024-06-16
2433,2024-12-15
2433,2025-02-13
2434,2024-03-13
2434,2024-06-15
2434,2024-11-20
2434,2025-01-01
2434,2025-03-18
2435,2024-01-07
2435,2024-04-06
2435,2024-05-29
2435,2024-06-15
2435,2024-07-05
2435,2024-09-15
2436,2024-01-27
2436,2025-03-12
2437,2024-02-04
2437,2024-02-09
2437,2024-05-10
2437,2024-07-17
2438,2024-02-03
2439,2024-02-25
2439,2024-02-26
2440,2024-02-20
2440,2024-04-01
2440,2024-05-24
2440,2024-05-24
2440,2024-12-16
2441,2024-03-06
2442,2024-01-05
2443,2024-02-03
2443,2024-03-09
2443,2024-04-20
2444,2024-01-29
2444,2024-02-21
2444,2024-11-03
2444,2025-01-09
2445,2024-03-01
2445,2024-05-21
2446,2024-02-10
2446,2024-02-10
2447,2024-03-16
2447,2024-06-17
2447,2024-06-19
2448,2024-02-22
2448,2024-03-27
2449,2024-01-18
2449,2024-01-30
2449,2024-02-14
2449,2024-03-02
2449,2024-08-02
2449,2024-08-13
2449,2024-08-18
2449,2024-08-30
2449,2024-09-22
2449,2024-09-26
2449,2024-10-04
2449,2024-10-29
2449,2024-11-08
2449,2025-01-19
2449,2025-01-21
2449,2025-02-14
2449,2025-03-02
2449,2025-03-10
2449,2025-03-25
2449,2025-04-07
2449,2025-05-23
2449,2025-06-10
2450,2024-01-09
2450,2024-01-17
2450,2024-03-26
2450,2024-12-11
2451,2024-02-11
2451,2025-04-07
2452,2024-02-05
2452,2024-03-09
2452,2024-03-20
2453,2024-02-09
2453,2024-02-29
2453,2024-05-09
2453,2024-05-30
2454,2024-01-04
2454,2024-05-12
2454,2024-05-25
2454,2024-09-25
2454,2024-09-28
2454,2024-10-26
2454,2025-04-01
2455,2024-03-10
2455,2024-04-26
2455,2024-05-09
2455,2024-12-28
2455,2025-01-15
2456,2024-02-19
2456,2024-02-27
2456,2024-04-03
2456,2024-04-18
2456,2024-08-09
2456,2024-08-13
2457,2024-02-16
2457,2024-03-15
2457,2024-08-28
2458,2024-01-13
2458,2025-01-21
2459,2024-01-16
2459,2024-03-17
2459,2024-06-25
2459,2024-06-25
2459,2024-07-23
2459,2024-08-06
2459,2024-08-09
2459,2024-11-10
2459,2024-11-28
2459,2024-12-18
2459,2024-12-23
2459,2024-12-30
2459,2025-01-11
2459,2025-02-14
2459,2025-03-08
2459,2025-04-09
2459,2025-05-12
2459,2025-06-20
2459,2025-06-23
2460,2024-01-27
2460,2024-03-05
2460,2024-09-27
2461,2024-01-20
2461,2024-01-20
2461,2024-01-23
2461,2024-01-25
2461,2024-02-24
2461,2024-03-04
2461,2024-03-08
2461,2024-03-22
2461,2024-04-03
2461,2024-04-25
2461,2024-04-28
2461,2024-05-05
2461,2024-05-08
2461,2024-05-12
2461,2024-05-17
2461,2024-06-20
2461,2024-06-23
2461,2024-06-23
2461,2024-06-23
2461,2024-06-29
2462,2024-02-10
2462,2024-03-07
2462,2024-05-26
2462,2024-11-19
2462,2025-01-18
2462,2025-01-26
2462,2025-01-27
2462,2025-02-04
2462,2025-04-06
2462,2025-05-04
2462,2025-05-30
2463,2024-01-18
2463,2024-01-20
2463,2024-01-29
2463,2024-02-15
2463,2024-03-18
2463,2024-05-05
2463,2024-06-08
2463,2024-07-31
2463,2024-09-24
2463,2024-10-12
2463,2024-10-23
2463,2024-11-08
2463,2024-12-05
2463,2025-03-04
2463,2025-03-28
2464,2024-03-20
2464,2024-08-01
2464,2024-08-09
2464,2024-08-15
2464,2024-09-21
2464,2024-12-14
2464,2024-12-15
2464,2025-01-09
2464,2025-02-23
2464,2025-02-26
2465,2024-03-02
2465,2025-06-10
2466,2024-01-14
2466,2024-04-11
2467,2024-03-13
2467,2024-04-23
2468,2024-03-10
2469,2024-01-14
2470,2024-02-16
2471,2024-02-23
2471,2024-06-25
2472,2024-03-01
2472,2025-03-13
2473,2024-02-10
2473,2024-04-11
2474,2024-02-09
2474,2024-04-18
2474,2025-05-17
2474,2025-05-31
2474,2025-06-16
2475,2024-02-11
2475,2024-05-20
2475,2024-12-28
2476,2024-02-04
2476,2024-03-18
2477,2024-01-25
2478,2024-01-13
2478,2024-01-16
2478,2024-08-23
2478,2024-10-17
2478,2024-10-28
2478,2024-11-11
2478,2024-12-09
2479,2024-01-22
2479,2024-09-06
2480,2024-02-15
2480,2024-08-19
2480,2024-12-01
2480,2025-06-18
2481,2024-01-13
2481,2024-05-25
2481,2024-06-22
2482,2024-01-15
2482,2024-02-04
2482,2024-07-06
2482,2024-07-29
2482,2024-09-08
2482,2024-11-23
2483,2024-03-03
2483,2024-05-24
2483,2024-08-02
2483,2024-08-06
2483,2024-10-01
2483,2024-10-12
2483,2024-10-13
2483,2025-02-19
2483,2025-04-24
2484,2024-03-05
2484,2024-05-15
2484,2024-06-02
2484,2024-06-17
2484,2024-07-03
2485,2024-03-19
2486,2024-01-11
2486,2024-03-06
2486,2024-05-28
2486,2024-08-15
2486,2024-08-25
2486,2024-10-11
2486,2024-11-10
2486,2024-11-28
2486,2025-01-16
2486,2025-02-01
2487,2024-01-19
2487,2024-05-03
2487,2024-05-18
2487,2024-06-27
2487,2024-08-12
2487,2024-09-25
2487,2025-01-06
2487,2025-01-29
2487,2025-06-25
2488,2024-02-07
2488,2024-02-26
2488,2024-04-13
2488,2024-05-03
2488,2024-06-17
2489,2024-02-20
2489,2025-04-30
2490,2024-01-11
2491,2024-01-11
2491,2024-10-04
2491,2025-01-01
2492,2024-03-07
2492,2024-06-16
2492,2024-07-09
2492,2024-07-14
2492,2024-08-19
2492,2024-11-13
2492,2024-11-13
2492,2024-12-13
2492,2025-02-17
2492,2025-04-09
2492,2025-05-04
2493,2024-02-13
2494,2024-02-03
2494,2024-06-24
2495,2024-03-05
2495,2024-03-24
2495,2024-03-31
2495,2024-04-23
2495,2024-05-07
2495,2024-05-25
2495,2024-06-04
2496,2024-03-14
2496,2024-03-15
2497,2024-02-23
2497,2024-03-30
2497,2025-05-04
2498,2024-01-06
2498,2024-01-17
2499,2024-02-20
2499,2024-03-30
2499,2024-04-17
2499,2024-05-15
2499,2024-07-30
2499,2024-08-28
2499,2024-10-24
2499,2024-12-12
2500,2024-01-14
2500,2024-03-19
2500,2024-06-26
2500,2025-05-12
2501,2024-02-06
2501,2024-08-12
2501,2024-08-14
2501,2024-09-14
2501,2024-10-16
2501,2024-11-27
2501,2024-12-28
2501,2024-12-31
2501,2025-01-07
2501,2025-03-10
2501,2025-04-17
2501,2025-05-03
2501,2025-05-30
2501,2025-06-17
2502,2024-02-16
2502,2024-02-27
2502,2024-03-03
2502,2024-03-05
2502,2024-08-06
2502,2024-08-08
2502,2024-08-09
2502,2024-11-13
2502,2025-01-15
2502,2025-01-19
2503,2024-01-24
2503,2024-03-12
2503,2024-03-27
2503,2024-04-13
2503,2024-06-06
2503,2024-07-06
2503,2024-09-09
2503,2024-10-03
2503,2024-10-22
2503,2024-11-18
2503,2024-12-17
2503,2025-01-13
2503,2025-02-05
2504,2024-02-12
2504,2024-02-19
2505,2024-02-18
2505,2024-03-24
2505,2024-04-22
2505,2024-07-16
2505,2024-09-13
2505,2024-10-24
2505,2025-01-30
2505,2025-05-04
2505,2025-05-10
2505,2025-05-15
2505,2025-06-01
2505,2025-06-26
2506,2024-03-09
2506,2024-05-18
2506,2025-01-04
2507,2024-03-17
2507,2024-04-13
2507,2024-07-18
2507,2025-01-04
2507,2025-02-17
2507,2025-04-17
2508,2024-02-27
2508,2024-03-08
2508,2024-04-19
2508,2024-05-16
2508,2024-06-19
2508,2024-07-28
2508,2024-11-03
2508,2024-11-17
2508,2024-11-24
2508,2024-12-24
2508,2024-12-28
2508,2025-05-09
2509,2024-02-16
2509,2024-04-02
2509,2024-06-17
2509,2024-07-07
2510,2024-03-09
2510,2024-12-22
2511,2024-03-02
2511,2024-03-31
2511,2024-05-10
2512,2024-01-12
2512,2024-01-15
2512,2024-01-18
2512,2024-01-23
2512,2024-01-24
2512,2024-02-03
2512,2024-02-04
2512,2024-02-07
2512,2024-02-23
2512,2024-03-01
2512,2024-03-03
2512,2024-03-07
2512,2024-03-19
2513,2024-02-05
2514,2024-02-21
2515,2024-02-21
2515,2024-04-03
2515,2024-07-30
2516,2024-01-27
2517,2024-01-30
2517,2024-02-09
2518,2024-02-06
2518,2024-02-10
2518,2024-05-04
2518,2024-10-04
2518,2024-10-13
2518,2024-12-15
2518,2025-03-04
2519,2024-03-16
2519,2025-05-13
2520,2024-02-25
2520,2024-12-28
2521,2024-01-25
2521,2024-03-18
2521,2024-08-18
2521,2024-11-01
2521,2025-04-24
2522,2024-01-08
2522,2024-02-02
2523,2024-02-07
2523,2024-10-28
2523,2024-11-26
2524,2024-03-20
2525,2024-01-20
2525,2024-12-30
2526,2024-02-10
2526,2024-03-24
2526,2024-03-29
2526,2024-04-12
2526,2024-05-19
2526,2024-07-06
2526,2024-10-10
2526,2024-11-04
2526,2024-12-23
2526,2025-02-18
2526,2025-02-26
2526,2025-03-09
2526,2025-04-04
2526,2025-04-05
2526,2025-04-30
2526,2025-05-30
2527,2024-02-19
2527,2024-02-23
2527,2024-03-08
2527,2024-03-19
2527,2024-05-25
2527,2024-06-23
2527,2024-07-25
2528,2024-01-18
2528,2024-10-25
2529,2024-02-08
2529,2024-04-27
2529,2024-04-27
2529,2024-07-31
2529,2024-08-20
2529,2024-09-27
2529,2024-10-19
2529,2024-11-07
2529,2024-11-25
2529,2025-05-13
2529,2025-06-16
2529,2025-06-29
2530,2024-01-02
2531,2024-03-23
2531,2024-06-26
2531,2024-09-12
2531,2024-09-25
2531,2024-10-23
2531,2024-11-24
2531,2025-03-10
2532,2024-02-25
2532,2024-08-23
2532,2024-08-25
2532,2024-09-12
2532,2024-09-27
2532,2025-03-10
2532,2025-04-10
2532,2025-04-18
2533,2024-03-13
2534,2024-02-28
2534,2024-02-28
2534,2024-03-05
2534,2024-04-18
2534,2024-04-28
2534,2024-06-13
2534,2024-07-08
2534,2024-07-29
2534,2024-08-09
2534,2024-10-28
2534,2024-11-02
2534,2024-11-14
2534,2024-11-20
2534,2024-12-07
2534,2024-12-11
2534,2025-01-03
2534,2025-02-21
2534,2025-04-11
2534,2025-04-22
2534,2025-04-25
2534,2025-05-23
2534,2025-05-25
2534,2025-05-29
2534,2025-06-15
2535,2024-03-15
2535,2024-03-23
2535,2024-04-03
2535,2024-06-17
2536,2024-02-18
2536,2024-02-18
2536,2024-02-27
2536,2024-03-27
2536,2024-05-01
2536,2024-06-03
2536,2024-06-12
2536,2024-06-30
2536,2024-07-23
2537,2024-01-29
2537,2024-02-22
2537,2024-05-18
2537,2024-05-26
2537,2024-06-03
2537,2024-08-31
2537,2024-10-28
2537,2024-11-11
2538,2024-03-24
2538,2024-05-09
2539,2024-03-02
2539,2024-03-05
2540,2024-01-19
2540,2024-01-31
2540,2024-01-31
2540,2024-03-21
2540,2024-08-02
2540,2024-08-07
2540,2024-10-01
2540,2024-12-11
2540,2024-12-22
2540,2025-02-13
2541,2024-01-13
2542,2024-03-09
2542,2024-04-13
2542,2024-05-24
2542,2025-06-27
2543,2024-03-21
2543,2024-04-26
2543,2024-05-28
2543,2024-08-28
2543,2024-10-06
2544,2024-03-13
2544,2024-04-22
2544,2024-06-12
2544,2024-11-23
2544,2025-03-30
2544,2025-04-06
2544,2025-05-12
2544,2025-05-29
2544,2025-06-01
2545,2024-03-04
2546,2024-02-18
2546,2025-02-09
2547,2024-03-20
2547,2024-05-06
2548,2024-02-16
2548,2024-02-22
2548,2024-03-14
2548,2024-03-18
2548,2024-05-01
2548,2024-07-10
2549,2024-01-10
2550,2024-02-12
2550,2024-03-15
2550,2024-08-09
2551,2024-01-11
2551,2024-01-12
2551,2024-02-16
2552,2024-02-19
2552,2024-04-07
2552,2024-12-01
2552,2024-12-29
2552,2025-01-25
2552,2025-06-13
2553,2024-01-16
2553,2024-02-28
2554,2024-02-04
2554,2024-02-21
2554,2024-02-22
2555,2024-02-02
2556,2024-01-24
2556,2024-04-14
2556,2024-08-17
2556,2024-10-11
2556,2024-12-31
2556,2025-01-23
2556,2025-03-06
2556,2025-06-16
2557,2024-02-18
2558,2024-02-21
2558,2024-03-11
2558,2024-04-10
2558,2024-04-25
2559,2024-03-12
2560,2024-01-27
2561,2024-02-28
2561,2024-03-20
2561,2024-03-26
2561,2024-03-26
2561,2024-04-24
2561,2024-04-28
2561,2024-06-18
2561,2024-07-20
2561,2024-07-23
2561,2024-08-25
2561,2024-09-01
2561,2024-09-11
2561,2024-09-21
2561,2024-09-22
2561,2024-10-16
2561,2024-11-01
2562,2024-01-18
2562,2024-10-26
2563,2024-01-02
2563,2024-10-01
2563,2025-03-11
2563,2025-06-17
2564,2024-03-05
2564,2024-03-08
2565,2024-02-16
2565,2024-02-16
2565,2024-02-22
2565,2024-04-03
2566,2024-02-17
2567,2024-02-16
2567,2024-11-05
2567,2025-02-28
2567,2025-04-11
2568,2024-03-12
2568,2024-03-12
2568,2024-04-03
2568,2024-04-10
2568,2024-04-14
2568,2024-04-21
2568,2024-05-11
2568,2024-06-11
2568,2024-06-22
2568,2024-06-23
2568,2024-07-24
2568,2024-08-25
2568,2024-09-28
2568,2024-10-21
2568,2024-10-22
2568,2024-11-14
2568,2025-01-16
2568,2025-01-17
2568,2025-01-23
2568,2025-02-15
2568,2025-03-02
2568,2025-05-01
2568,2025-05-13
2568,2025-05-25
2568,2025-05-31
2568,2025-06-03
2569,2024-03-01
2570,2024-02-03
2570,2024-08-11
2570,2025-01-15
2570,2025-01-28
2571,2024-01-03
2571,2024-01-28
2571,2024-02-16
2571,2024-03-15
2571,2024-04-01
2572,2024-01-19
2572,2024-02-24
2572,2024-04-17
2572,2024-06-09
2573,2024-01-19
2573,2024-04-21
2573,2024-07-26
2574,2024-02-26
2574,2024-10-01
2574,2025-01-06
2575,2024-02-16
2575,2024-03-15
2575,2024-09-03
2575,2024-09-29
2575,2024-11-13
2575,2025-02-19
2575,2025-03-17
2576,2024-02-26
2576,2024-03-15
2576,2024-04-09
2576,2024-08-13
2576,2024-10-13
2576,2024-11-02
2576,2024-11-19
2576,2024-12-06
2576,2025-02-12
2576,2025-03-17
2576,2025-04-05
2577,2024-02-16
2577,2024-06-14
2577,2024-08-10
2577,2024-10-02
2577,2024-12-10
2577,2025-02-24
2578,2024-03-19
2578,2024-03-19
2578,2024-03-25
2579,2024-02-14
2579,2024-12-17
2580,2024-02-11
2580,2024-02-13
2580,2024-04-06
2580,2024-04-07
2580,2024-05-04
2580,2024-05-31
2580,2024-06-10
2580,2024-06-29
2580,2024-07-15
2580,2024-07-26
2580,2024-08-01
2580,2024-08-23
2580,2024-09-04
2580,2024-09-16
2580,2024-09-20
2580,2024-09-21
2580,2024-09-24
2580,2024-09-25
2581,2024-03-20
2581,2024-09-12
2581,2025-06-19
2582,2024-01-04
2582,2024-10-11
2582,2024-11-29
2583,2024-01-21
2583,2024-06-16
2583,2025-03-23
2584,2024-02-16
2585,2024-03-05
2585,2024-03-23
2585,2024-04-26
2585,2024-05-04
2585,2024-08-14
2585,2024-10-27
2585,2024-12-12
2585,2025-02-16
2585,2025-03-07
2586,2024-03-06
2587,2024-02-14
2587,2024-02-25
2587,2024-06-25
2587,2024-08-24
2587,2024-09-11
2587,2024-09-17
2587,2024-09-21
2587,2024-12-18
2587,2025-02-14
2587,2025-04-14
2587,2025-04-25
2587,2025-05-03
2587,2025-05-06
2588,2024-03-22
2588,2024-06-24
2588,2024-07-18
2588,2024-07-20
2588,2024-08-30
2589,2024-02-23
2589,2024-12-24
2590,2024-02-06
2590,2024-10-11
2591,2024-02-06
2591,2024-08-02
2591,2024-11-21
2592,2024-03-09
2592,2024-04-03
2592,2024-06-10
2592,2024-07-06
2592,2024-08-24
2592,2024-10-25
2592,2024-11-02
2592,2024-12-06
2592,2024-12-21
2592,2025-01-03
2592,2025-01-08
2592,2025-01-14
2592,2025-03-16
2592,2025-05-10
2592,2025-06-17
2593,2024-01-13
2593,2024-05-13
2593,2024-06-09
2593,2024-07-19
2593,2024-07-29
2593,2024-08-30
2593,2024-09-11
2593,2024-10-25
2593,2024-11-16
2594,2024-02-27
2594,2024-04-10
2594,2024-11-19
2595,2024-01-05
2595,2024-02-14
2596,2024-02-11
2596,2024-02-11
2596,2024-02-17
2596,2024-03-11
2596,2024-03-27
2596,2024-05-09
2596,2024-05-26
2596,2024-06-04
2596,2024-06-13
2596,2024-07-23
2596,2024-07-25
2596,2024-08-01
2596,2024-08-10
2596,2024-08-11
2596,2024-08-27
2596,2024-10-20
2596,2024-12-11
2596,2024-12-25
2596,2025-01-28
2596,2025-05-24
2596,2025-06-19
2597,2024-01-15
2597,2024-03-21
2598,2024-02-19
2598,2024-08-16
2598,2024-10-06
2598,2024-10-21
2599,2024-01-19
2599,2024-02-05
2599,2024-05-29
2599,2024-09-30
2600,2024-03-12
2601,2024-01-08
2601,2024-08-04
2602,2024-02-16
2602,2024-03-25
2602,2024-03-30
2602,2024-05-16
2603,2024-02-25
2603,2024-12-25
2603,2025-04-27
2603,2025-05-13
2603,2025-05-14
2604,2024-02-05
2604,2024-02-29
2604,2024-07-02
2604,2024-07-29
2604,2024-07-31
2604,2024-08-10
2604,2024-09-07
2604,2024-09-22
2604,2024-09-27
2604,2024-10-05
2604,2024-12-10
2604,2025-03-31
2604,2025-04-24
2604,2025-06-01
2604,2025-06-15
2604,2025-06-27
2605,2024-01-15
2605,2024-02-19
2605,2024-05-16
2605,2024-05-31
2606,2024-02-24
2606,2024-11-03
2607,2024-03-20
2607,2024-04-02
2607,2024-04-15
2607,2024-05-01
2608,2024-01-27
2608,2024-04-09
2608,2024-07-16
2608,2024-08-01
2608,2025-04-13
2608,2025-05-02
2609,2024-01-13
2609,2024-02-07
2609,2024-02-15
2609,2024-03-13
2609,2024-05-07
2609,2024-06-02
2610,2024-01-25
2611,2024-02-09
2612,2024-02-27
2613,2024-02-24
2613,2024-07-31
2613,2024-09-03
2613,2025-03-07
2614,2024-01-28
2615,2024-03-12
2615,2025-06-06
2616,2024-02-02
2616,2024-08-07
2617,2024-02-26
2617,2024-04-25
2617,2024-10-30
2617,2025-03-12
2617,2025-06-20
2618,2024-01-01
2618,2024-01-05
2618,2024-04-07
2618,2024-04-16
2618,2024-06-27
2618,2024-07-14
2618,2024-07-30
2618,2024-08-15
2618,2024-09-23
2618,2024-11-21
2618,2025-02-14
2618,2025-02-16
2618,2025-03-09
2618,2025-03-28
2618,2025-04-07
2618,2025-04-22
2618,2025-04-29
2618,2025-05-20
2618,2025-06-18
2619,2024-02-09
2619,2024-05-29
2620,2024-01-31
2620,2024-02-06
2620,2024-02-08
2620,2024-03-01
2620,2024-04-06
2620,2024-04-22
2620,2024-06-11
2620,2024-06-23
2620,2024-08-22
2621,2024-02-02
2621,2024-04-24
2621,2024-06-05
2621,2024-06-06
2621,2024-06-27
2621,2024-07-07
2621,2024-10-23
2621,2024-11-25
2621,2025-02-20
2622,2024-03-08
2622,2024-03-17
2622,2024-06-20
2622,2024-07-30
2622,2025-01-25
2622,2025-05-27
2623,2024-03-03
2624,2024-02-10
2625,2024-01-31
2625,2025-01-11
2625,2025-04-01
2626,2024-02-11
2626,2024-03-02
2627,2024-03-01
2628,2024-01-17
2629,2024-01-01
2630,2024-01-02
2630,2024-02-23
2630,2024-03-19
2630,2024-05-04
2630,2024-09-25
2630,2024-10-01
2630,2024-10-16
2630,2024-10-29
2630,2024-11-19
2630,2025-03-17
2630,2025-03-19
2630,2025-03-19
2630,2025-05-10
2630,2025-05-29
2630,2025-06-28
2631,2024-01-01
2631,2024-02-19
2631,2024-03-07
2631,2024-09-16
2631,2025-04-07
2631,2025-05-09
2632,2024-01-25
2633,2024-03-20
2633,2024-03-24
2633,2024-03-27
2633,2024-03-28
2633,2024-04-28
2634,2024-01-26
2635,2024-03-10
2635,2024-03-21
2635,2024-09-23
2635,2025-02-05
2636,2024-01-22
2636,2024-01-29
2636,2024-02-09
2636,2024-02-12
2637,2024-01-28
2638,2024-03-17
2638,2024-03-28
2638,2024-04-06
2639,2024-03-24
2639,2024-07-18
2639,2025-02-13
2639,2025-06-11
2640,2024-02-09
2641,2024-01-13
2641,2024-01-15
2642,2024-02-03
2642,2024-02-16
2642,2024-02-26
2642,2024-02-26
2642,2024-03-16
2642,2024-03-29
2642,2024-04-04
2642,2024-04-10
2642,2024-05-14
2642,2024-06-20
2642,2024-07-06
2642,2024-07-09
2642,2024-07-30
2642,2024-08-04
2642,2024-08-15
2642,2024-08-15
2642,2024-09-19
2642,2024-10-13
2642,2024-10-14
2642,2024-10-23
2643,2024-02-13
2643,2024-05-31
2643,2024-06-19
2643,2024-08-21
2643,2024-08-22
2643,2024-09-17
2643,2024-10-14
2643,2024-11-05
2643,2024-11-14
2643,2024-11-29
2643,2025-01-04
2643,2025-01-09
2643,2025-04-22
2643,2025-05-15
2643,2025-06-14
2644,2024-03-06
2644,2024-06-19
2644,2024-07-23
2644,2024-09-29
2645,2024-01-13
2645,2024-02-03
2645,2024-02-17
2645,2024-06-10
2645,2024-06-23
2645,2024-09-22
2645,2024-10-05
2645,2024-11-04
2645,2024-12-01
2645,2024-12-06
2645,2025-01-01
2645,2025-01-06
2645,2025-06-10
2646,2024-03-02
2646,2024-05-13
2647,2024-02-05
2647,2024-03-29
2647,2024-04-04
2647,2024-07-16
2648,2024-02-21
2648,2024-09-15
2649,2024-03-21
2649,2024-04-20
2650,2024-02-29
2650,2025-01-04
2651,2024-02-27
2651,2024-03-16
2651,2024-06-17
2651,2024-07-05
2651,2024-08-04
2651,2025-02-13
2651,2025-02-16
2651,2025-05-02
2651,2025-05-08
2651,2025-05-27
2651,2025-06-01
2652,2024-03-05
2653,2024-02-07
2653,2024-06-09
2653,2024-08-27
2653,2025-03-03
2653,2025-04-04
2653,2025-04-29
2653,2025-05-01
2654,2024-02-18
2654,2024-02-22
2655,2024-01-04
2655,2024-01-20
2655,2024-03-25
2656,2024-02-18
2656,2024-03-10
2656,2024-03-25
2657,2024-02-03
2658,2024-02-09
2658,2024-02-23
2658,2024-05-13
2658,2024-06-13
2658,2024-10-13
2658,2025-01-25
2659,2024-02-15
2659,2024-03-08
2659,2024-07-06
2659,2025-02-09
2659,2025-02-17
2659,2025-03-11
2660,2024-01-06
2660,2024-01-12
2660,2024-10-04
2660,2024-11-11
2661,2024-01-26
2661,2024-07-19
2661,2025-04-26
2662,2024-01-19
2662,2024-09-02
2663,2024-02-12
2663,2024-05-26
2663,2024-06-19
2663,2024-08-27
2663,2024-12-07
2663,2025-01-25
2663,2025-02-05
2663,2025-04-25
2663,2025-05-05
2663,2025-05-14
2663,2025-05-21
2663,2025-05-28
2663,2025-06-11
2664,2024-03-16
2664,2025-04-04
2664,2025-05-26
2664,2025-06-17
2665,2024-01-11
2665,2024-12-22
2666,2024-01-20
2666,2024-02-03
2666,2024-02-11
2666,2024-02-18
2667,2024-03-22
2667,2024-04-23
2668,2024-03-19
2668,2024-03-21
2669,2024-02-19
2670,2024-02-02
2670,2024-02-08
2670,2024-03-04
2670,2024-03-06
2670,2024-03-11
2670,2024-03-15
2670,2024-03-23
2670,2024-04-06
2670,2024-04-10
2670,2024-04-30
2670,2024-05-09
2670,2024-06-02
2670,2024-07-16
2671,2024-02-04
2672,2024-02-29
2672,2024-07-01
2672,2024-07-26
2672,2024-09-14
2672,2024-09-15
2672,2024-12-09
2673,2024-03-13
2674,2024-02-23
2674,2024-02-25
2674,2024-07-08
2674,2024-08-24
2674,2024-10-11
2674,2024-10-21
2674,2024-11-28
2674,2024-12-05
2674,2025-02-10
2674,2025-02-10
2674,2025-05-27
2674,2025-06-01
2675,2024-01-22
2676,2024-03-12
2677,2024-01-23
2677,2024-02-12
2677,2024-02-24
2677,2024-03-11
2677,2024-03-30
2677,2024-04-18
2677,2024-04-22
2677,2024-05-09
2677,2024-05-13
2678,2024-01-13
2678,2024-02-23
2679,2024-02-29
2679,2024-03-20
2679,2024-07-05
2679,2024-09-28
2679,2024-12-16
2679,2024-12-26
2679,2025-05-12
2679,2025-05-24
2680,2024-01-03
2680,2024-01-10
2681,2024-01-21
2681,2024-02-28
2682,2024-02-11
2682,2024-07-14
2682,2025-03-03
2683,2024-03-11
2683,2024-05-02
2683,2024-05-27
2683,2024-08-17
2683,2025-03-17
2683,2025-06-01
2684,2024-02-26
2684,2024-03-24
2685,2024-02-27
2685,2024-03-07
2685,2024-03-25
2685,2024-04-04
2685,2024-05-18
2685,2024-06-20
2685,2024-08-18
2686,2024-03-18
2686,2024-05-02
2687,2024-02-07
2687,2024-02-14
2687,2024-04-03
2687,2024-07-30
2687,2024-08-13
2687,2024-10-09
2687,2024-10-19
2687,2024-10-27
2687,2025-04-01
2688,2024-01-22
2688,2024-08-15
2688,2024-11-18
2689,2024-01-27
2689,2024-11-07
2690,2024-03-18
2691,2024-01-08
2692,2024-03-23
2692,2024-06-04
2693,2024-02-18
2693,2024-02-26
2694,2024-02-25
2694,2024-03-28
2695,2024-02-01
2695,2024-03-24
2695,2024-04-05
2695,2024-05-11
2695,2024-09-12
2696,2024-03-20
2696,2024-04-01
2696,2024-04-30
2697,2024-01-13
2697,2024-10-31
2698,2024-03-10
2698,2024-03-19
2698,2024-05-31
2698,2024-10-06
2698,2025-01-08
2698,2025-01-26
2699,2024-01-10
2699,2024-01-15
2699,2024-01-16
2699,2024-02-25
2699,2024-03-03
2699,2024-03-23
2699,2024-03-25
2699,2024-04-16
2699,2024-04-27
2699,2024-06-19
2700,2024-02-11
2700,2024-02-15
2700,2024-02-16
2700,2024-03-08
2700,2024-03-09
2700,2024-03-25
2701,2024-03-01
2701,2024-04-07
2701,2024-05-21
2701,2024-05-23
2701,2024-09-17
2701,2024-12-12
2702,2024-02-17
2702,2024-08-30
2703,2024-03-10
2704,2024-01-29
2704,2024-03-26
2704,2024-03-28
2704,2024-07-13
2704,2024-07-25
2704,2024-08-02
2704,2024-08-15
2704,2025-01-30
2705,2024-03-24
2706,2024-02-08
2706,2024-04-19
2706,2024-08-14
2706,2025-01-09
2707,2024-02-08
2708,2024-03-04
2708,2024-04-09
2708,2024-05-17
2708,2024-06-22
2709,2024-01-03
2709,2024-01-11
2710,2024-01-15
2710,2024-01-30
2711,2024-01-07
2711,2025-05-16
2712,2024-02-09
2712,2025-01-12
2712,2025-03-03
2712,2025-03-04
2712,2025-04-05
2713,2024-01-30
2713,2024-05-13
2713,2024-09-03
2713,2024-09-28
2713,2024-10-23
2713,2024-12-01
2714,2024-02-01
2714,2024-02-28
2715,2024-02-16
2715,2024-07-11
2715,2024-11-06
2716,2024-03-07
2716,2025-02-10
2717,2024-01-06
2717,2024-01-16
2717,2024-01-27
2717,2024-03-02
2717,2024-08-02
2717,2024-09-06
2718,2024-01-25
2718,2024-02-26
2718,2024-05-08
2718,2024-05-10
2718,2024-05-11
2718,2024-10-02
2719,2024-01-18
2719,2024-01-20
2719,2024-01-22
2719,2024-01-23
2719,2024-02-01
2719,2024-02-06
2719,2024-03-03
2719,2024-03-19
2720,2024-01-27
2720,2024-02-25
2720,2024-02-26
2720,2024-04-09
2721,2024-02-22
2722,2024-02-25
2722,2024-12-25
2723,2024-01-14
2723,2024-03-30
2723,2024-04-29
2723,2025-01-25
2723,2025-02-09
2724,2024-03-10
2725,2024-03-02
2725,2024-04-10
2725,2024-04-14
2725,2024-04-29
2725,2024-05-02
2725,2024-05-08
2725,2024-05-24
2725,2024-05-27
2726,2024-01-12
2727,2024-01-03
2727,2024-01-13
2727,2024-03-07
2728,2024-01-15
2729,2024-03-01
2729,2024-04-26
2730,2024-01-28
2730,2024-01-30
2731,2024-02-14
2731,2024-08-27
2732,2024-01-26
2732,2024-03-31
2732,2024-07-20
2732,2024-09-08
2733,2024-02-01
2733,2024-02-01
2733,2024-03-14
2733,2024-04-05
2733,2024-04-27
2733,2024-06-08
2733,2024-08-07
2733,2024-10-31
2733,2024-11-02
2733,2024-11-07
2733,2024-11-14
2733,2025-01-04
2733,2025-01-29
2733,2025-01-29
2733,2025-02-22
2733,2025-05-21
2734,2024-02-18
2734,2024-06-01
2734,2024-06-20
2735,2024-02-23
2735,2024-05-24
2735,2024-08-24
2735,2024-10-01
2735,2024-11-06
2735,2024-12-12
2735,2025-04-07
2735,2025-04-17
2735,2025-06-16
2736,2024-01-05
2736,2024-01-12
2737,2024-02-02
2737,2024-02-05
2737,2024-02-24
2737,2024-03-11
2737,2024-04-02
2737,2024-04-16
2738,2024-02-25
2739,2024-02-23
2739,2024-04-01
2739,2024-04-03
2739,2024-07-11
2739,2024-08-17
2739,2024-10-28
2739,2025-04-14
2740,2024-03-02
2740,2024-04-07
2740,2024-04-20
2740,2024-04-22
2740,2024-05-03
2740,2024-05-23
2740,2024-07-05
2740,2024-07-15
2740,2024-10-14
2741,2024-03-16
2741,2024-05-12
2741,2024-05-13
2741,2024-06-05
2742,2024-02-15
2742,2024-03-30
2742,2024-04-13
2742,2024-04-26
2742,2024-05-23
2742,2024-07-13
2742,2024-08-25
2742,2024-09-12
2742,2024-09-26
2743,2024-02-13
2743,2024-03-23
2743,2024-05-12
2743,2025-05-28
2744,2024-01-08
2745,2024-02-20
2745,2024-10-23
2746,2024-03-19
2747,2024-02-08
2747,2024-02-28
2748,2024-02-14
2748,2024-02-18
2748,2024-03-26
2748,2024-08-04
2748,2024-08-06
2748,2024-10-08
2748,2024-10-09
2748,2024-10-13
2748,2024-11-18
2748,2024-11-26
2748,2024-12-31
2748,2025-02-03
2748,2025-02-10
2748,2025-03-12
2748,2025-04-20
2749,2024-02-11
2749,2024-05-29
2749,2024-07-09
2749,2025-01-10
2749,2025-06-23
2750,2024-03-07
2751,2024-02-27
2751,2024-04-04
2752,2024-03-03
2753,2024-02-18
2753,2024-04-16
2754,2024-02-24
2754,2024-03-09
2754,2024-09-07
2754,2024-12-02
2755,2024-03-02
2755,2024-03-11
2755,2024-06-01
2755,2024-06-19
2756,2024-02-06
2756,2024-02-12
2756,2024-02-12
2756,2024-04-03
2756,2024-08-11
2756,2024-09-02
2756,2025-06-02
2757,2024-02-20
2757,2024-02-26
2757,2024-03-11
2757,2025-06-17
2758,2024-03-11
2758,2024-06-20
2758,2024-06-28
2758,2024-07-17
2758,2024-07-21
2758,2024-07-22
2758,2024-08-17
2758,2024-09-08
2759,2024-01-12
2759,2024-03-22
2760,2024-02-07
2760,2024-02-14
2760,2024-06-20
2760,2024-07-10
2760,2025-03-18
2760,2025-05-05
2760,2025-05-21
2761,2024-03-01
2761,2024-04-26
2761,2024-04-28
2761,2024-06-01
2761,2024-08-04
2761,2024-10-11
2761,2024-11-27
2761,2024-11-29
2762,2024-02-17
2762,2024-03-18
2762,2024-06-01
2763,2024-02-14
2764,2024-03-20
2764,2024-04-17
2764,2024-09-01
2764,2024-09-17
2764,2024-09-26
2765,2024-02-27
2765,2025-05-13
2766,2024-02-25
2767,2024-03-02
2768,2024-03-12
2769,2024-02-12
2769,2024-08-23
2769,2024-10-24
2769,2024-10-26
2769,2024-12-15
2770,2024-02-20
2770,2024-05-05
2770,2024-05-15
2770,2024-06-11
2770,2024-06-20
2770,2024-06-22
2770,2024-09-17
2771,2024-01-23
2771,2024-02-01
2772,2024-01-10
2773,2024-01-12
2773,2024-02-19
2774,2024-01-11
2774,2024-07-06
2774,2025-02-10
2775,2024-02-19
2776,2024-02-10
2776,2024-05-15
2776,2024-05-15
2776,2024-06-09
2777,2024-02-10
2777,2024-02-28
2777,2024-03-01
2777,2024-03-05
2777,2024-03-07
2777,2024-03-16
2777,2024-03-29
2777,2024-06-16
2777,2024-07-03
2777,2024-08-22
2777,2024-09-12
2777,2024-10-17
2777,2024-10-26
2777,2024-11-26
2777,2025-02-17
2777,2025-03-24
2777,2025-04-01
2777,2025-05-08
2777,2025-05-18
2777,2025-06-03
2778,2024-02-05
2779,2024-02-14
2780,2024-03-02
2780,2024-03-17
2780,2024-06-24
2780,2024-11-08
2780,2025-02-18
2780,2025-02-24
2780,2025-02-25
2781,2024-02-14
2782,2024-03-17
2782,2024-04-19
2782,2024-06-19
2783,2024-03-20
2783,2024-07-21
2783,2024-10-19
2783,2025-02-01
2784,2024-01-16
2784,2025-05-11
2784,2025-06-12
2785,2024-02-18
2785,2024-03-30
2785,2024-04-13
2786,2024-03-13
2786,2024-07-15
2786,2025-02-06
2786,2025-05-10
2787,2024-03-09
2787,2024-04-15
2787,2024-04-30
2787,2024-06-11
2788,2024-02-13
2788,2024-03-04
2789,2024-02-15
2789,2024-02-17
2790,2024-03-04
2791,2024-01-03
2791,2024-04-05
2791,2024-04-30
2791,2024-06-23
2791,2024-07-26
2791,2024-09-23
2791,2024-09-28
2791,2024-11-27
2791,2025-02-11
2791,2025-03-06
2791,2025-04-08
2792,2024-01-09
2792,2024-01-13
2792,2024-01-21
2792,2024-06-01
2792,2024-10-14
2792,2024-11-30
2792,2024-12-11
2792,2024-12-11
2792,2025-03-16
2792,2025-03-25
2793,2024-02-14
2793,2024-04-15
2793,2024-04-18
2793,2024-06-26
2793,2024-08-14
2793,2024-09-21
2793,2024-11-29
2793,2025-03-19
2793,2025-03-20
2794,2024-02-06
2794,2024-02-29
2794,2024-03-15
2794,2024-06-01
2794,2024-07-09
2794,2024-08-03
2794,2024-08-13
2795,2024-01-13
2795,2024-09-28
2796,2024-02-22
2796,2024-03-01
2796,2024-03-18
2796,2024-04-21
2796,2024-05-06
2796,2024-05-11
2796,2024-06-03
2796,2024-06-11
2796,2024-06-27
2796,2024-07-06
2796,2024-07-12
2796,2024-07-12
2796,2024-08-20
2796,2024-08-21
2796,2024-09-01
2796,2024-09-01
2796,2024-09-22
2796,2024-09-25
2796,2024-09-26
2796,2024-10-03
2796,2024-10-10
2796,2024-10-25
2796,2024-11-05
2796,2024-11-20
2797,2024-01-07
2797,2024-01-11
2797,2024-05-06
2797,2024-06-08
2797,2024-06-21
2797,2024-07-08
2798,2024-03-12
2798,2024-03-12
2798,2024-03-14
2798,2024-03-15
2798,2024-04-18
2798,2024-05-29
2798,2024-07-09
2798,2024-07-12
2798,2024-07-23
2798,2024-09-19
2798,2024-10-10
2798,2024-11-21
2798,2024-11-24
2798,2024-12-17
2798,2024-12-29
2798,2025-01-28
2798,2025-02-12
2798,2025-03-22
2798,2025-03-24
2798,2025-05-09
2798,2025-05-23
2798,2025-06-04
2798,2025-06-16
2798,2025-06-29
2799,2024-03-04
2799,2025-01-31
2800,2024-02-25
2800,2024-04-07
2800,2024-05-05
2800,2024-05-13
2801,2024-02-04
2801,2024-07-04
2801,2024-12-07
2802,2024-02-29
2802,2024-03-23
2802,2024-06-30
2802,2024-12-20
2803,2024-03-16
2803,2024-04-17
2803,2024-05-13
2803,2024-06-22
2803,2024-07-29
2803,2024-11-12
2803,2024-11-25
2803,2024-12-03
2803,2024-12-29
2803,2025-01-04
2803,2025-06-20
2804,2024-03-07
2804,2024-04-11
2805,2024-03-04
2805,2024-09-14
2806,2024-02-18
2806,2024-11-05
2806,2025-02-17
2807,2024-01-09
2808,2024-03-18
2808,2024-04-30
2809,2024-01-05
2810,2024-02-05
2810,2024-05-10
2810,2024-06-15
2810,2024-08-28
2810,2025-04-17
2811,2024-01-15
2811,2024-02-13
2811,2024-05-06
2812,2024-01-13
2812,2024-06-16
2812,2024-07-06
2813,2024-01-26
2813,2024-04-14
2813,2024-06-10
2813,2024-07-11
2813,2024-09-21
2813,2024-09-29
2813,2024-10-02
2813,2024-10-07
2813,2024-12-27
2813,2025-01-31
2813,2025-02-03
2813,2025-02-23
2813,2025-03-05
2813,2025-03-08
2813,2025-04-22
2813,2025-05-03
2814,2024-03-01
2814,2024-03-01
2814,2024-03-05
2814,2024-03-31
2814,2024-05-27
2814,2024-12-29
2814,2025-06-08
2815,2024-01-11
2815,2024-09-28
2815,2024-12-24
2816,2024-03-09
2816,2024-06-05
2817,2024-02-06
2818,2024-02-29
2818,2024-05-13
2819,2024-03-04
2819,2024-04-07
2819,2024-04-09
2819,2024-04-11
2819,2024-04-27
2820,2024-03-20
2820,2024-05-18
2820,2024-06-26
2820,2024-07-18
2820,2024-08-19
2820,2025-02-07
2821,2024-02-10
2822,2024-03-21
2822,2024-05-05
2822,2024-05-08
2822,2024-06-20
2823,2024-03-19
2824,2024-03-02
2824,2024-05-12
2824,2024-08-03
2824,2024-12-21
2824,2025-06-15
2825,2024-02-04
2825,2024-02-24
2825,2024-05-23
2825,2024-09-12
2825,2024-11-08
2825,2024-11-14
2825,2024-12-01
2825,2024-12-18
2825,2025-02-27
2825,2025-03-08
2826,2024-01-12
2826,2024-11-25
2827,2024-02-22
2827,2025-03-18
2828,2024-01-23
2828,2024-01-28
2828,2024-02-20
2828,2024-04-01
2829,2024-01-04
2830,2024-01-25
2831,2024-03-09
2832,2024-03-03
2833,2024-02-28
2833,2024-05-20
2834,2024-03-05
2834,2024-04-21
2834,2024-04-28
2834,2024-04-29
2834,2024-05-19
2834,2024-05-21
2835,2024-03-09
2835,2025-03-09
2835,2025-04-17
2836,2024-01-20
2836,2024-06-04
2836,2024-06-17
2836,2024-09-20
2836,2024-11-04
2836,2025-02-06
2836,2025-03-23
2837,2024-01-31
2838,2024-03-09
2838,2024-04-18
2838,2024-04-24
2839,2024-01-24
2839,2024-09-21
2840,2024-03-04
2840,2024-08-21
2840,2025-01-05
2840,2025-01-13
2841,2024-01-18
2841,2024-04-13
2841,2024-05-17
2841,2024-05-19
2842,2024-01-22
2842,2025-02-14
2843,2024-02-15
2843,2024-07-14
2844,2024-01-30
2844,2024-02-10
2845,2024-03-10
2845,2025-06-04
2846,2024-02-19
2846,2024-02-26
2846,2024-04-07
2846,2024-04-09
2846,2024-12-31
2846,2025-05-18
2847,2024-03-07
2848,2024-01-27
2848,2024-01-30
2848,2024-02-10
2848,2024-02-18
2848,2024-02-28
2848,2024-03-04
2848,2024-03-07
2848,2024-03-13
2848,2024-03-20
2848,2024-03-31
2848,2024-04-01
2848,2024-04-11
2848,2024-04-20
2848,2024-04-30
2848,2024-05-06
2848,2024-05-18
2848,2024-05-22
2849,2024-02-16
2849,2025-06-23
2850,2024-01-26
2851,2024-03-19
2851,2024-04-16
2851,2024-05-11
2852,2024-02-13
2852,2024-06-02
2853,2024-01-09
2853,2024-02-09
2853,2024-03-10
2853,2024-05-06
2853,2024-05-29
2853,2024-07-15
2853,2024-08-10
2853,2024-10-03
2853,2024-12-14
2853,2025-02-09
2854,2024-03-06
2854,2024-03-15
2854,2024-04-29
2854,2024-06-14
2854,2024-11-18
2854,2025-04-03
2854,2025-05-14
2854,2025-05-28
2855,2024-02-23
2855,2024-12-27
2855,2025-03-03
2855,2025-03-07
2856,2024-02-12
2856,2024-04-04
2856,2024-05-05
2856,2024-05-13
2856,2024-08-14
2856,2024-08-31
2856,2024-10-31
2857,2024-01-28
2857,2024-04-04
2857,2024-05-01
2858,2024-02-12
2859,2024-01-07
2859,2024-01-07
2859,2024-02-15
2859,2024-12-14
2859,2024-12-23
2859,2024-12-30
2859,2025-02-05
2859,2025-06-15
2860,2024-01-11
2860,2024-04-04
2860,2024-05-06
2860,2024-05-20
2861,2024-03-17
2861,2024-11-14
2861,2025-04-09
2862,2024-02-20
2862,2025-02-18
2862,2025-04-27
2863,2024-01-22
2864,2024-03-05
2864,2024-05-25
2865,2024-01-13
2865,2024-03-04
2866,2024-02-28
2867,2024-02-25
2867,2025-04-15
2868,2024-02-13
2868,2024-12-18
2868,2025-02-17
2868,2025-02-18
2868,2025-06-29
2869,2024-02-04
2870,2024-03-07
2870,2024-03-21
2870,2024-03-23
2871,2024-02-11
2872,2024-02-02
2872,2024-02-17
2872,2024-02-22
2872,2024-03-13
2872,2024-03-15
2872,2024-03-26
2872,2024-04-14
2872,2024-04-17
2873,2024-01-02
2874,2024-01-01
2874,2024-05-19
2874,2024-07-10
2874,2024-10-13
2874,2025-02-21
2875,2024-02-27
2875,2025-06-09
2876,2024-03-22
2876,2024-06-08
2876,2024-08-18
2876,2024-09-20
2876,2025-05-23
2877,2024-02-05
2877,2024-03-04
2877,2024-03-12
2877,2024-05-06
2878,2024-02-23
2878,2024-02-29
2878,2024-04-06
2878,2024-04-12
2878,2024-04-24
2878,2024-05-17
2879,2024-02-29
2879,2024-03-26
2880,2024-02-08
2881,2024-01-09
2881,2024-07-13
2881,2024-08-01
2881,2024-08-23
2881,2024-09-06
2881,2024-10-22
2881,2024-12-04
2881,2024-12-06
2881,2025-02-24
2881,2025-04-10
2881,2025-06-08
2882,2024-01-05
2882,2024-01-07
2882,2024-02-11
2883,2024-01-09
2884,2024-01-20
2884,2025-06-12
2885,2024-02-13
2885,2024-04-16
2885,2024-07-30
2886,2024-01-26
2886,2024-01-30
2886,2024-02-02
2886,2024-06-09
2886,2024-09-02
2886,2024-09-03
2886,2024-11-30
2886,2025-03-12
2887,2024-03-04
2887,2024-04-20
2887,2024-08-10
2887,2024-10-29
2887,2025-02-04
2887,2025-02-10
2887,2025-03-09
2888,2024-02-15
2889,2024-03-01
2889,2025-04-02
2890,2024-01-18
2890,2024-02-02
2890,2024-03-19
2890,2024-03-22
2890,2024-05-20
2890,2024-06-10
2890,2024-06-16
2890,2024-06-28
2890,2025-02-24
2890,2025-05-23
2891,2024-03-03
2891,2024-03-09
2891,2024-05-09
2891,2024-11-10
2891,2025-05-23
2892,2024-02-24
2892,2024-10-21
2892,2025-02-25
2892,2025-06-06
2893,2024-01-17
2893,2024-03-30
2894,2024-01-22
2894,2024-11-20
2895,2024-02-20
2895,2025-04-15
2895,2025-06-23
2896,2024-02-11
2897,2024-02-29
2897,2024-03-23
2897,2024-04-04
2897,2024-04-07
2897,2024-05-08
2897,2024-06-05
2897,2024-08-23
2897,2024-08-27
2897,2024-09-17
2897,2024-11-14
2897,2024-11-21
2898,2024-02-29
2898,2024-06-21
2899,2024-03-10
2900,2024-03-06
2900,2024-03-10
2900,2024-03-23
2900,2024-04-07
2900,2024-04-15
2900,2024-04-17
2900,2024-04-27
2901,2024-02-19
2901,2024-05-17
2901,2024-07-28
2901,2024-10-27
2901,2025-06-10
2902,2024-03-10
2902,2024-06-13
2903,2024-02-21
2903,2024-04-02
2903,2024-05-26
2903,2024-06-18
2903,2024-06-20
2903,2024-07-08
2904,2024-01-26
2905,2024-02-01
2905,2024-03-16
2905,2024-03-31
2905,2024-03-31
2905,2024-06-28
2905,2025-03-16
2905,2025-06-13
2906,2024-03-03
2906,2024-05-14
2906,2024-05-29
2906,2024-11-21
2906,2025-01-16
2906,2025-02-05
2906,2025-03-31
2906,2025-05-28
2907,2024-01-20
2908,2024-03-11
2908,2024-05-15
2909,2024-01-10
2909,2024-06-01
2910,2024-02-18
2910,2024-03-15
2910,2024-04-16
2910,2024-05-13
2910,2024-05-28
2910,2024-07-24
2910,2024-08-15
2911,2024-01-07
2911,2024-02-01
2911,2024-03-06
2911,2024-05-29
2911,2024-08-03
2912,2024-02-05
2913,2024-02-04
2913,2024-04-17
2913,2024-05-26
2913,2024-06-12
2913,2024-07-17
2913,2024-10-29
2913,2024-10-31
2913,2024-11-25
2913,2024-12-04
2913,2025-02-04
2913,2025-05-07
2913,2025-05-17
2913,2025-05-20
2913,2025-05-26
2913,2025-06-12
2914,2024-03-01
2914,2024-03-12
2915,2024-01-12
2916,2024-01-12
2916,2024-09-20
2916,2025-02-08
2916,2025-04-06
2917,2024-03-12
2917,2025-01-29
2918,2024-03-15
2918,2024-05-30
2918,2024-09-05
2919,2024-02-16
2919,2024-11-08
2920,2024-03-08
2921,2024-02-01
2922,2024-01-11
2922,2024-02-26
2922,2024-07-08
2922,2024-09-28
2922,2024-11-18
2923,2024-01-06
2923,2025-03-18
2924,2024-03-05
2924,2024-04-05
2924,2024-05-08
2925,2024-03-13
2926,2024-01-08
2926,2024-02-13
2927,2024-01-01
2927,2024-01-02
2927,2024-03-17
2927,2024-04-17
2927,2024-06-28
2927,2024-06-28
2928,2024-01-02
2928,2024-01-11
2928,2024-04-02
2929,2024-02-20
2929,2024-03-12
2929,2024-03-31
2929,2024-04-16
2929,2024-05-03
2929,2024-05-18
2929,2024-05-25
2929,2024-07-12
2929,2024-07-17
2929,2024-08-30
2929,2024-09-04
2929,2024-09-06
2929,2024-11-15
2929,2024-12-20
2929,2025-01-31
2929,2025-02-24
2929,2025-03-18
2929,2025-04-15
2929,2025-05-30
2930,2024-02-01
2930,2024-03-20
2930,2024-04-30
2930,2024-07-06
2930,2024-08-03
2930,2024-09-22
2930,2024-09-25
2930,2025-01-06
2930,2025-02-01
2930,2025-04-23
2931,2024-02-05
2932,2024-03-10
2933,2024-01-18
2934,2024-02-09
2934,2024-02-17
2934,2024-02-21
2934,2024-02-24
2934,2024-04-13
2934,2024-06-05
2934,2024-07-03
2934,2024-09-02
2934,2024-11-17
2934,2025-04-26
2934,2025-05-25
2934,2025-05-30
2934,2025-06-26
2935,2024-02-29
2935,2024-10-04
2935,2025-02-13
2935,2025-05-21
2936,2024-02-04
2936,2024-02-21
2936,2024-04-08
2937,2024-02-16
2937,2024-02-19
2937,2024-03-21
2937,2024-04-11
2937,2024-05-28
2938,2024-02-26
2938,2024-06-29
2939,2024-02-03
2939,2024-02-23
2940,2024-02-15
2940,2024-06-06
2940,2024-08-16
2941,2024-03-24
2941,2024-04-27
2941,2024-05-14
2942,2024-01-01
2942,2024-02-16
2942,2024-05-20
2943,2024-03-06
2943,2024-03-24
2943,2024-06-27
2943,2024-07-02
2944,2024-02-07
2944,2024-03-06
2944,2024-03-09
2944,2024-03-15
2944,2024-03-16
2944,2024-04-14
2944,2024-04-22
2944,2024-05-01
2944,2024-05-17
2944,2024-05-18
2944,2024-06-30
2944,2024-07-14
2944,2024-08-02
2944,2024-08-05
2944,2024-08-12
2944,2024-08-14
2944,2024-08-16
2944,2024-08-18
2944,2024-08-22
2944,2024-09-03
2944,2024-09-04
2944,2024-09-15
2944,2024-09-18
2944,2024-09-27
2944,2024-09-30
2944,2024-10-16
2944,2024-11-02
2944,2024-11-05
2944,2024-11-07
2944,2024-12-04
2944,2024-12-08
2944,2024-12-08
2944,2024-12-15
2944,2025-01-17
2944,2025-02-12
2944,2025-02-14
2944,2025-02-15
2944,2025-03-14
2944,2025-03-18
2944,2025-03-21
2944,2025-03-26
2944,2025-04-01
2944,2025-04-13
2944,2025-04-15
2944,2025-05-05
2944,2025-05-08
2944,2025-05-23
2944,2025-05-30
2944,2025-05-31
2944,2025-06-18
2944,2025-06-21
2945,2024-02-20
2945,2024-03-30
2945,2024-09-21
2946,2024-02-02
2947,2024-01-11
2948,2024-03-20
2948,2024-05-26
2948,2024-06-23
2948,2024-09-13
2948,2024-09-18
2948,2024-12-14
2948,2024-12-17
2948,2025-01-06
2948,2025-01-30
2948,2025-02-19
2948,2025-03-01
2948,2025-03-27
2948,2025-04-15
2948,2025-06-15
2949,2024-03-03
2949,2025-01-29
2950,2024-01-31
2950,2024-02-09
2951,2024-03-11
2951,2024-03-19
2951,2024-04-03
2951,2024-04-13
2951,2024-05-09
2951,2024-06-02
2951,2024-07-09
2951,2024-07-20
2951,2024-08-13
2951,2024-08-18
2951,2024-09-02
2951,2024-10-01
2951,2024-10-15
2952,2024-03-10
2952,2025-03-21
2953,2024-01-15
2954,2024-03-20
2954,2024-04-08
2954,2024-06-20
2954,2024-07-06
2954,2024-11-26
2954,2024-12-02
2954,2024-12-04
2954,2025-04-18
2955,2024-01-29
2955,2024-03-29
2955,2024-04-19
2955,2024-04-20
2955,2024-05-01
2955,2024-06-12
2955,2024-06-27
2955,2024-07-13
2955,2024-08-16
2955,2024-08-21
2955,2024-10-12
2956,2024-01-21
2956,2024-02-26
2957,2024-02-11
2958,2024-03-23
2959,2024-01-09
2959,2024-04-13
2959,2024-08-19
2960,2024-02-20
2960,2024-06-23
2961,2024-03-16
2962,2024-01-09
2962,2024-01-12
2962,2024-02-14
2962,2024-05-25
2962,2024-07-21
2962,2024-08-06
2962,2024-09-16
2962,2024-10-15
2962,2024-10-15
2963,2024-01-01
2963,2024-03-31
2963,2025-03-29
2963,2025-05-01
2964,2024-02-21
2965,2024-01-24
2965,2024-04-18
2965,2024-07-22
2965,2024-09-29
2965,2025-04-22
2965,2025-06-26
2966,2024-01-03
2967,2024-03-08
2967,2025-05-27
2968,2024-03-11
2969,2024-02-05
2969,2024-08-20
2969,2024-09-13
2969,2025-02-25
2969,2025-03-09
2970,2024-03-02
2970,2024-04-03
2971,2024-03-21
2971,2024-08-02
2972,2024-01-06
2972,2024-01-12
2972,2024-02-12
2972,2024-03-14
2972,2024-05-06
2972,2024-05-29
2972,2024-05-29
2972,2024-06-21
2972,2024-07-22
2972,2024-07-26
2972,2024-08-10
2972,2024-08-22
2972,2024-09-12
2972,2024-11-09
2972,2024-12-07
2972,2025-01-02
2972,2025-01-14
2972,2025-01-28
2972,2025-02-11
2972,2025-03-12
2972,2025-03-16
2972,2025-03-30
2972,2025-03-30
2972,2025-04-17
2972,2025-05-05
2973,2024-02-12
2973,2024-05-01
2973,2024-05-20
2974,2024-02-28
2974,2024-12-21
2974,2025-04-26
2974,2025-05-25
2974,2025-06-24
2975,2024-03-04
2975,2025-06-14
2976,2024-02-16
2976,2024-02-23
2976,2024-03-31
2976,2024-03-31
2976,2024-04-10
2976,2024-05-29
2976,2024-12-28
2976,2025-01-27
2976,2025-03-30
2976,2025-05-06
2977,2024-03-21
2977,2024-04-05
2978,2024-01-13
2979,2024-01-02
2980,2024-03-20
2981,2024-01-24
2981,2024-01-25
2982,2024-03-20
2982,2024-04-12
2983,2024-02-24
2984,2024-02-15
2984,2024-06-01
2985,2024-03-16
2986,2024-01-14
2987,2024-01-08
2987,2024-06-19
2988,2024-02-02
2988,2024-02-02
2988,2024-02-17
2989,2024-01-28
2990,2024-01-28
2990,2024-02-17
2990,2024-02-25
2990,2024-05-13
2990,2024-06-10
2990,2024-09-17
2990,2024-10-13
2991,2024-02-02
2991,2024-04-18
2991,2025-03-01
2991,2025-05-10
2992,2024-01-28
2992,2024-04-01
2992,2024-04-16
2992,2024-05-21
2993,2024-02-20
2993,2024-11-20
2993,2024-12-26
2993,2024-12-29
2993,2025-04-10
2994,2024-03-06
2994,2024-05-26
2994,2024-10-22
2995,2024-03-04
2996,2024-02-27
2996,2024-05-09
2996,2024-10-27
2996,2025-02-21
2996,2025-05-31
2997,2024-01-11
2997,2024-04-23
2998,2024-01-07
2998,2024-02-01
2999,2024-03-05
2999,2025-01-01
3000,2024-01-10
3000,2024-01-15
3000,2024-02-02
3000,2024-02-15
3000,2024-02-15
3000,2024-02-19
3000,2024-02-29
3000,2024-03-03
3000,2024-03-24
3000,2024-04-20
3000,2024-05-25
3001,2024-01-26
3001,2024-01-26
3001,2024-02-01
3001,2024-02-05
3001,2024-03-19
3001,2024-04-19
3001,2024-05-20
3001,2024-07-03
3002,2024-03-24
3002,2024-11-15
3002,2025-04-17
3003,2024-03-02
3003,2024-07-17
3004,2024-01-02
3005,2024-02-02
3005,2024-03-15
3005,2025-04-14
3005,2025-05-27
3006,2024-02-27
3006,2025-06-22
3007,2024-01-30
3007,2024-06-05
3007,2024-07-19
3007,2024-10-30
3007,2025-02-20
3008,2024-01-08
3008,2024-04-19
3009,2024-03-02
3009,2024-06-05
3009,2024-12-17
3009,2025-04-13
3009,2025-06-17
3010,2024-03-13
3011,2024-02-15
3011,2024-05-02
3012,2024-01-29
3012,2024-02-12
3012,2024-04-25
3012,2024-05-06
3012,2024-08-21
3012,2024-10-28
3012,2025-04-16
3012,2025-05-16
3013,2024-03-19
3013,2024-08-19
3013,2024-08-23
3013,2025-05-28
3013,2025-06-15
3014,2024-02-26
3015,2024-01-09
3015,2024-04-18
3016,2024-03-15
3016,2024-04-11
3016,2024-05-15
3016,2024-05-26
3016,2024-06-27
3016,2024-07-21
3016,2024-10-12
3016,2024-10-31
3016,2024-12-20
3016,2024-12-21
3016,2025-01-02
3016,2025-03-17
3017,2024-01-05
3017,2024-05-02
3017,2024-05-15
3017,2024-06-03
3017,2024-08-07
3017,2024-11-04
3017,2025-01-19
3017,2025-01-26
3018,2024-02-29
3019,2024-03-02
3019,2024-05-22
3019,2024-06-09
3019,2025-03-21
3019,2025-04-29
3020,2024-03-14
3020,2024-04-05
3020,2024-09-04
3020,2024-09-30
3021,2024-02-22
3022,2024-03-17
3022,2024-04-24
3022,2024-05-11
3022,2024-06-06
3022,2024-06-23
3022,2024-07-26
3022,2024-08-09
3023,2024-03-07
3023,2024-07-03
3023,2024-09-10
3023,2024-09-21
3023,2025-03-10
3024,2024-03-22
3024,2025-05-31
3025,2024-02-11
3025,2024-03-11
3025,2024-03-17
3025,2024-03-18
3025,2024-04-06
3025,2024-04-27
3025,2024-07-25
3025,2024-09-14
3025,2024-10-25
3025,2025-02-12
3025,2025-03-14
3025,2025-03-22
3025,2025-04-06
3025,2025-05-25
3025,2025-06-23
3026,2024-02-09
3027,2024-02-01
3027,2024-07-02
3027,2024-09-02
3027,2024-11-21
3027,2025-02-02
3027,2025-03-11
3027,2025-05-08
3028,2024-03-24
3028,2024-04-02
3028,2024-04-04
3028,2024-04-12
3028,2024-05-13
3028,2024-05-27
3028,2024-06-07
3028,2024-06-21
3028,2024-06-29
3028,2024-07-18
3028,2024-07-22
3028,2024-09-25
3028,2024-10-03
3028,2024-10-13
3028,2024-12-26
3028,2025-01-17
3028,2025-02-03
3028,2025-02-06
3028,2025-04-09
3028,2025-04-14
3028,2025-06-23
3028,2025-06-24
3029,2024-02-05
3029,2025-05-15
3029,2025-05-15
3030,2024-03-10
3031,2024-03-22
3032,2024-02-09
3032,2024-02-11
3032,2024-04-03
3032,2024-06-19
3032,2024-06-30
3032,2024-09-01
3032,2025-03-20
3033,2024-02-28
3033,2024-05-09
3033,2024-05-10
3033,2024-12-10
3034,2024-01-16
3034,2024-03-03
3035,2024-02-16
3035,2024-03-21
3035,2024-04-10
3035,2024-05-06
3035,2024-05-16
3036,2024-01-28
3036,2024-11-15
3037,2024-01-29
3038,2024-01-02
3038,2025-01-14
3039,2024-01-17
3039,2024-01-23
3039,2024-02-28
3039,2024-03-27
3039,2024-04-09
3039,2024-04-16
3039,2024-04-21
3040,2024-01-10
3040,2024-02-06
3040,2024-02-09
3040,2024-02-15
3041,2024-02-28
3041,2024-03-19
3041,2024-04-25
3041,2024-04-29
3041,2024-07-24
3041,2024-11-13
3041,2025-04-05
3042,2024-02-20
3042,2024-02-29
3043,2024-01-09
3043,2024-01-26
3043,2024-02-24
3043,2024-07-24
3043,2024-07-24
3043,2024-10-14
3043,2024-12-23
3043,2025-03-03
3043,2025-03-19
3043,2025-06-06
3044,2024-03-24
3044,2024-07-10
3044,2024-12-20
3044,2025-02-05
3044,2025-05-07
3045,2024-03-11
3045,2024-03-24
3045,2024-06-02
3045,2024-08-30
3045,2024-09-12
3045,2024-11-29
3045,2025-01-27
3045,2025-05-12
3045,2025-05-13
3045,2025-06-09
3046,2024-02-23
3047,2024-03-13
3047,2024-04-01
3048,2024-02-11
3048,2024-03-06
3049,2024-03-14
3049,2024-08-23
3049,2024-11-30
3049,2025-01-19
3050,2024-01-19
3050,2024-02-07
3050,2024-03-10
3051,2024-03-12
3051,2024-05-01
3052,2024-01-08
3053,2024-01-23
3053,2024-06-23
3053,2024-10-13
3053,2025-01-12
3054,2024-02-03
3055,2024-01-25
3056,2024-02-24
3056,2024-03-03
3056,2024-04-08
3056,2024-04-24
3056,2024-10-20
3056,2025-03-09
3057,2024-03-20
3057,2025-04-20
3058,2024-02-13
3058,2024-03-19
3058,2024-03-23
3059,2024-02-13
3059,2024-07-29
3060,2024-03-23
3060,2024-05-08
3061,2024-03-02
3061,2024-05-11
3061,2024-08-24
3061,2024-10-18
3061,2024-11-23
3061,2025-01-01
3061,2025-05-09
3062,2024-03-09
3062,2024-11-14
3062,2024-12-25
3062,2024-12-29
3062,2025-03-03
3062,2025-05-21
3063,2024-01-18
3063,2024-06-04
3063,2024-09-17
3063,2025-06-16
3064,2024-03-02
3064,2024-03-12
3064,2024-04-14
3064,2024-12-11
3064,2025-06-23
3065,2024-02-15
3065,2024-03-11
3065,2024-05-16
3065,2024-07-17
3065,2024-11-30
3065,2025-04-11
3065,2025-04-18
3065,2025-06-17
3066,2024-03-09
3066,2024-04-02
3066,2024-04-08
3067,2024-02-01
3067,2024-04-04
3067,2024-05-04
3067,2024-05-17
3067,2024-10-17
3067,2024-12-09
3067,2025-03-06
3068,2024-01-31
3068,2024-07-30
3068,2025-05-03
3069,2024-01-13
3070,2024-01-02
3070,2024-02-25
3070,2024-03-25
3070,2024-04-02
3070,2024-04-07
3070,2024-04-17
3070,2024-04-18
3071,2024-02-05
3072,2024-01-02
3072,2024-10-11
3073,2024-02-25
3073,2024-03-10
3073,2024-05-02
3074,2024-03-07
3075,2024-02-02
3075,2024-02-08
3076,2024-01-07
3076,2024-01-20
3077,2024-02-17
3078,2024-01-16
3078,2024-05-13
3078,2024-06-05
3079,2024-02-16
3079,2024-06-27
3080,2024-02-09
3080,2024-04-25
3080,2024-05-04
3080,2024-08-08
3081,2024-01-22
3082,2024-02-13
3082,2025-01-06
3083,2024-03-24
3083,2024-05-25
3084,2024-03-01
3084,2024-08-25
3084,2024-09-08
3084,2024-11-07
3084,2025-01-09
3085,2024-01-23
3086,2024-02-03
3086,2024-04-08
3087,2024-03-23
3087,2024-08-07
3088,2024-02-27
3088,2024-11-04
3089,2024-01-14
3090,2024-02-21
3090,2024-09-24
3090,2024-09-30
3090,2024-11-04
3091,2024-02-29
3091,2024-04-01
3091,2024-06-12
3092,2024-01-08
3092,2025-05-10
3092,2025-05-12
3093,2024-02-04
3093,2024-02-23
3093,2024-03-28
3093,2024-04-28
3093,2024-05-02
3093,2024-05-24
3093,2024-05-30
3093,2024-06-21
3093,2024-06-28
3094,2024-03-03
3095,2024-02-09
3096,2024-03-11
3096,2025-01-15
3097,2024-03-07
3097,2024-06-16
3097,2024-09-12
3097,2025-01-01
3097,2025-04-11
3097,2025-04-29
3098,2024-03-09
3098,2024-11-13
3099,2024-01-17
3099,2024-01-29
3099,2024-02-01
3099,2024-02-13
3099,2024-03-31
3099,2024-05-04
3099,2024-08-03
3099,2024-10-19
3100,2024-01-09
3100,2024-05-21
3101,2024-03-16
3101,2024-03-21
3101,2024-04-09
3101,2024-04-12
3101,2024-04-27
3101,2024-04-27
3101,2024-04-30
3101,2024-05-07
3102,2024-01-03
3102,2024-02-10
3102,2024-03-21
3102,2024-04-09
3103,2024-02-17
3103,2024-07-19
3103,2024-09-04
3103,2024-09-10
3103,2024-09-17
3103,2024-12-30
3104,2024-02-15
3104,2025-01-28
3105,2024-01-24
3106,2024-02-17
3106,2024-06-08
3107,2024-02-24
3107,2024-10-24
3107,2024-12-13
3107,2025-04-12
3107,2025-05-15
3108,2024-03-13
3109,2024-02-19
3109,2024-02-27
3109,2024-03-01
3109,2024-03-03
3109,2024-03-07
3109,2024-03-09
3109,2024-04-07
3109,2024-04-20
3109,2024-05-01
3109,2024-06-11
3109,2024-07-06
3109,2024-07-13
3109,2024-07-21
3109,2024-08-06
3109,2024-08-17
3109,2024-08-17
3109,2024-08-23
3109,2024-09-13
3109,2024-09-23
3109,2024-10-26
3109,2024-11-10
3109,2024-11-12
3109,2024-11-22
3109,2025-01-13
3109,2025-02-15
3109,2025-05-15
3109,2025-06-19
3110,2024-02-13
3110,2024-02-14
3110,2024-02-15
3110,2024-03-01
3110,2024-04-27
3110,2024-05-05
3110,2024-06-06
3110,2024-06-11
3110,2024-06-16
3110,2024-06-20
3110,2024-06-23
3110,2024-07-17
3110,2024-07-18
3110,2024-07-29
3110,2024-08-15
3110,2024-08-25
3110,2024-11-07
3110,2024-11-19
3110,2024-12-31
3110,2025-01-06
3110,2025-02-03
3110,2025-02-08
3110,2025-02-16
3110,2025-02-19
3110,2025-02-22
3110,2025-02-22
3110,2025-05-04
3110,2025-06-21
3111,2024-01-13
3112,2024-01-15
3112,2024-05-15
3112,2024-07-26
3112,2025-05-23
3113,2024-01-29
3113,2024-02-06
3113,2024-02-17
3113,2024-02-25
3114,2024-02-20
3115,2024-01-05
3115,2024-01-19
3115,2024-03-08
3115,2024-06-14
3115,2024-07-05
3115,2025-01-17
3115,2025-06-24
3116,2024-02-14
3116,2025-01-05
3117,2024-02-22
3117,2025-06-23
3118,2024-03-15
3118,2024-08-29
3118,2024-08-29
3118,2024-10-08
3118,2025-05-27
3119,2024-02-29
3119,2024-05-16
3119,2024-08-01
3119,2024-11-06
3120,2024-01-31
3120,2024-02-28
3120,2024-03-12
3120,2024-05-02
3120,2024-06-15
3120,2025-01-25
3120,2025-06-01
3121,2024-03-12
3121,2024-03-15
3121,2024-03-25
3121,2024-03-30
3121,2024-04-01
3121,2024-04-14
3121,2024-04-20
3122,2024-01-02
3122,2024-01-18
3123,2024-02-25
3124,2024-02-13
3124,2024-02-19
3124,2024-03-10
3124,2024-03-16
3124,2024-07-30
3125,2024-01-22
3125,2024-02-17
3125,2024-12-23
3126,2024-03-02
3127,2024-01-10
3127,2024-01-29
3127,2024-02-20
3127,2024-02-29
3127,2024-03-07
3127,2024-03-07
3127,2024-03-08
3127,2024-03-23
3127,2024-04-11
3127,2024-04-25
3127,2024-05-28
3127,2024-06-22
3127,2024-06-27
3127,2024-07-14
3127,2024-07-21
3127,2024-07-24
3127,2024-08-14
3127,2024-08-22
3127,2024-09-23
3127,2024-09-30
3127,2024-10-22
3127,2024-10-25
3127,2024-11-08
3127,2024-11-19
3127,2024-11-22
3127,2024-11-24
3127,2024-12-02
3127,2025-01-01
3127,2025-01-09
3127,2025-01-14
3127,2025-01-15
3127,2025-01-31
3127,2025-03-14
3127,2025-03-28
3127,2025-04-04
3127,2025-04-23
3128,2024-03-07
3129,2024-01-27
3129,2024-04-04
3129,2024-04-24
3130,2024-02-17
3130,2024-03-19
3131,2024-02-17
3132,2024-02-01
3132,2024-02-11
3132,2024-06-18
3133,2024-02-16
3134,2024-01-27
3134,2024-03-30
3134,2024-04-07
3134,2024-05-12
3134,2024-06-03
3134,2024-07-31
3134,2024-08-02
3135,2024-03-05
3135,2024-05-01
3135,2025-02-03
3135,2025-06-09
3135,2025-06-09
3136,2024-03-05
3136,2024-10-12
3136,2024-10-17
3136,2024-10-29
3136,2024-11-09
3136,2025-03-24
3136,2025-06-21
3137,2024-01-20
3137,2024-04-27
3138,2024-02-17
3138,2024-03-08
3138,2024-05-31
3139,2024-02-15
3139,2024-07-25
3139,2025-06-18
3140,2024-01-02
3140,2024-01-11
3141,2024-02-20
3141,2024-03-05
3141,2024-03-23
3141,2024-04-10
3141,2024-05-24
3141,2024-06-07
3141,2024-06-26
3141,2024-07-25
3141,2024-08-12
3141,2024-08-17
3141,2024-10-07
3141,2024-11-02
3141,2024-11-18
3141,2024-12-13
3141,2024-12-25
3141,2025-01-04
3141,2025-03-23
3141,2025-05-07
3141,2025-06-09
3142,2024-03-04
3142,2024-07-30
3142,2025-06-07
3143,2024-02-10
3143,2024-02-21
3144,2024-03-08
3144,2024-04-08
3145,2024-01-14
3145,2024-02-07
3145,2024-03-26
3145,2024-05-23
3145,2024-08-27
3145,2024-10-18
3145,2024-11-04
3145,2024-11-10
3145,2025-02-22
3145,2025-03-28
3145,2025-05-08
3146,2024-01-25
3146,2024-03-18
3146,2024-05-08
3146,2024-05-14
3146,2024-05-16
3146,2024-08-07
3146,2024-09-30
3146,2024-10-17
3146,2024-10-17
3146,2025-03-14
3146,2025-06-10
3146,2025-06-25
3147,2024-02-06
3147,2024-02-15
3147,2024-03-03
3147,2024-03-18
3147,2024-06-05
3147,2024-06-08
3147,2024-07-25
3147,2024-07-28
3147,2024-08-08
3147,2024-08-10
3147,2024-08-25
3147,2024-08-31
3147,2024-09-25
3147,2024-09-29
3147,2024-12-26
3147,2025-02-11
3147,2025-02-24
3147,2025-03-08
3147,2025-03-10
3147,2025-05-02
3147,2025-05-10
3148,2024-02-27
3148,2024-07-05
3148,2024-07-11
3148,2024-07-24
3148,2024-10-01
3148,2024-11-04
3148,2025-06-11
3148,2025-06-18
3149,2024-03-22
3149,2024-10-23
3149,2025-03-31
3150,2024-01-26
3150,2024-02-02
3150,2024-05-09
3150,2024-10-17
3150,2024-12-12
3150,2025-01-21
3150,2025-02-22
3150,2025-04-20
3151,2024-01-26
3151,2024-02-10
3151,2024-02-11
3151,2024-02-18
3151,2024-03-30
3151,2024-04-14
3151,2024-04-30
3151,2024-05-01
3151,2024-05-06
3151,2024-06-04
3151,2024-06-16
3151,2024-06-21
3151,2024-06-25
3151,2024-07-18
3151,2024-08-18
3151,2024-09-05
3151,2024-11-15
3151,2025-01-12
3151,2025-02-18
3151,2025-02-26
3151,2025-03-26
3151,2025-04-05
3151,2025-05-06
3151,2025-05-08
3152,2024-02-23
3152,2024-09-13
3152,2025-06-18
3153,2024-02-29
3153,2024-03-02
3153,2024-07-16
3153,2024-07-17
3153,2024-10-26
3153,2024-12-26
3153,2024-12-31
3153,2025-02-07
3153,2025-03-16
3153,2025-04-29
3153,2025-06-05
3154,2024-02-19
3154,2024-02-26
3154,2024-03-02
3154,2024-03-29
3154,2024-07-08
3154,2024-11-23
3154,2025-01-23
3155,2024-01-17
3155,2024-02-17
3155,2024-03-09
3155,2024-04-08
3155,2024-04-10
3155,2024-04-26
3155,2024-09-08
3155,2024-09-24
3156,2024-01-08
3156,2024-02-09
3157,2024-01-21
3157,2024-01-24
3157,2025-05-19
3158,2024-01-28
3158,2024-05-02
3159,2024-01-11
3159,2024-05-15
3160,2024-02-12
3160,2024-03-01
3160,2024-05-21
3160,2024-07-20
3160,2024-10-03
3160,2025-01-03
3161,2024-01-19
3161,2024-05-22
3161,2024-07-27
3161,2024-10-21
3161,2024-12-09
3162,2024-01-30
3162,2024-08-01
3163,2024-03-12
3163,2024-04-10
3163,2024-05-13
3164,2024-02-26
3164,2024-07-29
3164,2024-08-29
3165,2024-02-28
3165,2024-08-10
3166,2024-01-27
3166,2024-04-15
3166,2024-06-10
3167,2024-01-11
3167,2024-01-20
3167,2024-02-04
3167,2024-02-07
3167,2024-02-11
3167,2024-02-22
3168,2024-01-25
3168,2024-02-11
3169,2024-01-23
3169,2024-07-12
3170,2024-03-17
3170,2024-03-20
3170,2024-11-30
3171,2024-02-27
3171,2024-03-29
3172,2024-03-21
3172,2024-05-02
3172,2024-08-26
3172,2024-10-04
3172,2024-10-11
3172,2024-11-14
3172,2024-11-19
3172,2025-03-09
3173,2024-02-16
3173,2024-03-29
3173,2024-05-22
3173,2024-06-11
3174,2024-03-13
3174,2024-03-18
3174,2024-03-19
3174,2024-03-20
3174,2024-03-21
3174,2024-03-29
3174,2024-04-05
3174,2024-04-18
3174,2024-04-20
3174,2024-04-21
3174,2024-04-26
3174,2024-04-28
3174,2024-04-29
3174,2024-05-26
3174,2024-05-27
3174,2024-06-19
3174,2024-06-30
3174,2024-07-02
3174,2024-07-02
3174,2024-07-06
3174,2024-07-29
3174,2024-08-13
3175,2024-02-16
3175,2024-07-18
3175,2025-03-02
3176,2024-02-28
3176,2024-09-11
3176,2024-12-22
3176,2025-02-18
3176,2025-03-06
3177,2024-02-01
3177,2024-02-04
3177,2024-02-11
3177,2024-02-12
3177,2024-03-19
3177,2024-03-25
3177,2024-06-20
3177,2024-07-22
3177,2024-08-11
3177,2024-09-05
3177,2024-09-26
3177,2024-10-04
3177,2025-03-17
3177,2025-06-09
3178,2024-01-20
3178,2024-01-26
3178,2024-01-28
3178,2024-03-05
3178,2024-06-05
3179,2024-01-09
3179,2024-01-17
3179,2024-04-24
3179,2025-02-03
3179,2025-04-23
3180,2024-01-25
3180,2024-02-12
3180,2024-03-09
3180,2024-03-24
3181,2024-02-25
3181,2024-03-23
3182,2024-03-11
3182,2024-04-06
3183,2024-02-22
3184,2024-01-17
3184,2024-04-21
3185,2024-03-01
3185,2024-03-09
3185,2024-03-12
3185,2024-03-18
3185,2024-03-26
3185,2024-05-09
3185,2024-08-23
3185,2024-10-21
3185,2024-11-08
3185,2024-11-19
3185,2024-11-20
3185,2025-02-01
3185,2025-02-01
3185,2025-02-17
3185,2025-03-05
3185,2025-03-17
3185,2025-03-17
3185,2025-05-13
3185,2025-05-20
3185,2025-06-09
3185,2025-06-22
3186,2024-03-13
3187,2024-02-18
3187,2024-04-06
3187,2024-05-19
3187,2024-05-29
3187,2024-06-15
3187,2024-06-15
3187,2024-07-19
3187,2024-07-27
3187,2024-08-24
3187,2024-09-10
3187,2024-09-22
3187,2024-09-24
3188,2024-01-26
3188,2024-11-09
3188,2025-02-22
3189,2024-03-20
3189,2024-09-16
3190,2024-03-10
3190,2024-10-31
3190,2024-12-04
3191,2024-02-28
3191,2024-11-30
3191,2025-01-15
3191,2025-03-07
3192,2024-01-22
3193,2024-01-13
3193,2024-05-22
3193,2024-05-30
3193,2024-06-24
3193,2025-01-07
3193,2025-01-11
3193,2025-03-01
3193,2025-03-22
3193,2025-04-05
3193,2025-05-03
3193,2025-06-03
3194,2024-02-09
3194,2024-08-27
3194,2024-12-15
3194,2025-06-14
3195,2024-03-11
3195,2024-11-25
3195,2024-12-18
3195,2025-06-09
3196,2024-02-16
3197,2024-01-05
3198,2024-02-04
3198,2024-02-06
3199,2024-01-03
3200,2024-02-09
3200,2024-02-13
3200,2024-03-06
3201,2024-03-12
3202,2024-02-07
3202,2024-02-10
3202,2024-02-17
3203,2024-01-02
3203,2024-04-30
3204,2024-03-07
3204,2024-03-28
3204,2024-09-20
3204,2024-10-11
3204,2024-11-07
3204,2024-11-29
3204,2024-11-30
3204,2024-12-09
3204,2024-12-15
3204,2025-03-11
3204,2025-04-24
3205,2024-03-06
3206,2024-01-09
3206,2025-02-10
3207,2024-03-19
3207,2024-05-13
3207,2024-05-13
3207,2024-09-03
3207,2024-10-02
3208,2024-01-22
3208,2024-03-05
3208,2024-06-11
3208,2024-06-14
3208,2024-06-29
3208,2024-08-06
3208,2024-08-25
3208,2025-01-13
3208,2025-01-13
3208,2025-01-22
3208,2025-02-02
3208,2025-04-01
3208,2025-06-26
3209,2024-02-19
3209,2024-03-11
3209,2024-03-24
3209,2024-04-25
3209,2024-04-30
3209,2024-05-04
3209,2024-06-08
3209,2024-06-23
3209,2024-07-21
3209,2024-08-15
3209,2024-11-10
3209,2024-11-14
3209,2024-11-23
3209,2024-12-02
3209,2025-01-30
3209,2025-06-07
3210,2024-01-14
3210,2025-02-24
3211,2024-02-13
3211,2024-02-18
3211,2024-02-23
3212,2024-02-14
3212,2024-06-14
3213,2024-01-11
3213,2024-04-18
3213,2024-07-02
3213,2025-02-07
3214,2024-02-14
3215,2024-02-24
3215,2024-04-03
3215,2024-05-30
3215,2024-06-06
3215,2024-09-14
3215,2024-10-21
3215,2025-02-17
3215,2025-02-26
3215,2025-03-26
3215,2025-04-04
3215,2025-06-24
3216,2024-03-02
3217,2024-02-23
3217,2024-05-07
3217,2024-07-11
3218,2024-02-26
3218,2024-02-29
3219,2024-03-05
3220,2024-03-15
3220,2024-03-18
3220,2024-06-19
3220,2024-07-05
3220,2024-10-01
3220,2024-12-23
3220,2025-01-23
3220,2025-03-29
3221,2024-01-03
3221,2024-03-22
3221,2024-04-01
3222,2024-01-03
3222,2024-01-04
3223,2024-03-21
3223,2024-05-02
3223,2024-07-22
3223,2024-07-28
3223,2025-03-16
3223,2025-06-22
3224,2024-02-05
3224,2024-02-08
3224,2024-04-08
3224,2024-07-08
3224,2024-08-14
3224,2024-10-01
3224,2024-10-21
3224,2024-10-25
3224,2024-12-04
3224,2024-12-05
3224,2025-06-12
3225,2024-01-04
3225,2024-01-23
3226,2024-01-27
3226,2024-03-10
3226,2024-06-09
3226,2024-09-21
3227,2024-03-21
3227,2024-05-01
3228,2024-02-03
3229,2024-01-27
3230,2024-02-25
3230,2024-03-06
3231,2024-02-26
3231,2024-03-08
3232,2024-02-02
3232,2024-04-07
3232,2024-05-02
3232,2024-05-04
3233,2024-03-14
3233,2024-04-07
3234,2024-03-11
3235,2024-01-19
3235,2024-07-05
3236,2024-02-02
3237,2024-03-19
3237,2024-07-05
3238,2024-01-04
3238,2024-02-08
3238,2024-02-18
3238,2024-03-01
3239,2024-02-04
3240,2024-01-17
3240,2024-02-14
3241,2024-02-13
3241,2025-03-04
3242,2024-02-02
3242,2024-04-25
3243,2024-02-24
3243,2024-05-13
3243,2024-12-04
3243,2025-03-07
3244,2024-02-17
3244,2025-05-20
3245,2024-03-22
3245,2024-05-06
3246,2024-02-02
3246,2024-02-11
3246,2024-04-09
3246,2024-07-20
3246,2024-07-22
3246,2024-08-30
3246,2024-09-17
3246,2024-10-09
3246,2024-10-27
3246,2024-11-15
3246,2025-02-08
3246,2025-02-11
3246,2025-02-13
3246,2025-03-01
3246,2025-03-21
3246,2025-03-30
3246,2025-04-24
3247,2024-02-09
3247,2024-04-10
3247,2024-05-16
3247,2025-01-21
3247,2025-05-22
3248,2024-02-07
3248,2024-03-14
3248,2025-03-31
3249,2024-01-04
3249,2024-03-04
3250,2024-02-20
3250,2024-02-23
3250,2024-03-09
3250,2024-03-25
3251,2024-03-16
3251,2024-03-24
3251,2024-04-05
3251,2024-04-10
3251,2024-04-26
3251,2024-05-20
3251,2024-05-28
3251,2024-06-01
3251,2024-06-04
3251,2024-06-19
3251,2024-07-05
3251,2024-07-16
3251,2024-08-08
3251,2024-08-13
3252,2024-01-29
3252,2024-03-03
3252,2024-05-02
3252,2024-07-29
3253,2024-01-10
3253,2024-02-26
3253,2024-03-31
3253,2024-10-05
3253,2024-12-16
3253,2024-12-16
3254,2024-03-16
3255,2024-03-07
3256,2024-02-29
3256,2025-01-20
3257,2024-01-18
3257,2024-05-31
3257,2024-06-08
3257,2025-05-03
3257,2025-05-04
3258,2024-01-21
3259,2024-02-16
3259,2024-02-25
3260,2024-01-04
3261,2024-02-14
3262,2024-01-26
3262,2024-03-21
3262,2024-03-21
3263,2024-01-27
3263,2024-02-09
3263,2024-04-05
3263,2024-05-07
3263,2024-05-22
3263,2024-07-23
3263,2024-08-08
3263,2024-12-14
3263,2025-01-03
3263,2025-01-29
3263,2025-02-21
3263,2025-04-05
3263,2025-04-18
3263,2025-04-20
3263,2025-05-14
3263,2025-05-14
3264,2024-01-11
3264,2024-01-16
3264,2024-01-17
3265,2024-01-28
3265,2024-01-28
3266,2024-03-12
3266,2024-04-16
3267,2024-02-05
3267,2024-02-10
3267,2024-05-10
3267,2024-05-14
3267,2024-05-22
3267,2024-06-26
3267,2024-07-14
3267,2024-07-25
3267,2024-07-26
3267,2024-07-27
3267,2024-07-29
3267,2024-10-27
3267,2024-11-20
3267,2024-11-22
3267,2025-04-30
3267,2025-05-14
3268,2024-03-14
3268,2024-03-22
3269,2024-01-04
3269,2024-02-24
3269,2024-06-21
3269,2024-09-27
3269,2024-10-07
3269,2024-11-23
3270,2024-02-02
3270,2024-08-01
3271,2024-01-23
3271,2024-04-08
3272,2024-03-14
3273,2024-01-16
3274,2024-02-11
3274,2024-04-07
3274,2024-05-14
3274,2024-09-04
3274,2025-01-03
3274,2025-03-01
3274,2025-05-17
3275,2024-02-23
3275,2024-05-08
3276,2024-02-13
3276,2024-03-14
3277,2024-03-16
3277,2024-03-16
3277,2024-04-01
3277,2024-05-10
3277,2024-05-12
3277,2024-05-20
3277,2024-05-27
3277,2024-06-08
3277,2024-08-23
3277,2024-09-02
3277,2024-09-08
3277,2024-09-15
3277,2024-09-18
3277,2024-09-22
3277,2024-09-26
3277,2024-10-12
3278,2024-01-30
3278,2024-03-25
3278,2024-04-06
3278,2024-04-07
3278,2024-04-28
3278,2024-05-13
3278,2024-05-22
3279,2024-03-23
3279,2024-09-14
3279,2024-12-25
3280,2024-03-19
3281,2024-03-24
3281,2024-03-25
3281,2024-04-22
3281,2024-07-21
3282,2024-01-08
3283,2024-01-14
3283,2024-02-07
3283,2024-02-10
3284,2024-03-05
3284,2024-04-18
3284,2024-04-25
3284,2024-05-22
3284,2024-05-26
3284,2024-11-13
3285,2024-01-01
3286,2024-01-06
3286,2024-01-17
3287,2024-01-23
3287,2024-03-02
3287,2024-03-15
3287,2024-07-04
3287,2024-09-23
3287,2024-09-28
3288,2024-01-28
3289,2024-03-07
3289,2024-10-31
3289,2025-01-09
3289,2025-03-29
3290,2024-01-31
3290,2024-02-13
3290,2024-06-02
3290,2024-07-20
3290,2024-07-25
3291,2024-02-19
3291,2024-03-17
3291,2024-05-30
3291,2025-01-12
3291,2025-02-12
3292,2024-03-20
3292,2025-03-22
3293,2024-02-26
3293,2024-05-27
3293,2024-08-13
3293,2024-11-03
3293,2024-12-18
3293,2025-02-01
3293,2025-02-25
3293,2025-03-02
3293,2025-06-01
3294,2024-01-29
3294,2024-03-03
3295,2024-03-07
3295,2024-03-22
3295,2024-03-31
3295,2024-04-22
3295,2024-04-24
3295,2024-05-30
3295,2024-06-13
3296,2024-02-10
3296,2024-03-22
3297,2024-02-23
3298,2024-01-20
3299,2024-01-09
3299,2024-03-03
3299,2024-06-06
3299,2025-01-14
3300,2024-03-15
3300,2024-08-02
3300,2025-02-08
3301,2024-02-22
3301,2024-07-30
3301,2024-12-09
3302,2024-01-21
3302,2024-02-17
3302,2024-12-29
3302,2025-02-04
3302,2025-03-04
3303,2024-02-23
3303,2024-02-25
3303,2024-03-15
3304,2024-01-07
3304,2024-02-28
3304,2025-02-13
3305,2024-01-01
3305,2024-01-20
3305,2024-07-04
3305,2024-08-08
3305,2024-10-18
3305,2025-01-31
3305,2025-02-16
3306,2024-02-19
3307,2024-02-06
3308,2024-02-01
3308,2024-03-11
3308,2024-03-12
3308,2024-09-11
3308,2024-09-28
3308,2024-10-24
3308,2025-04-20
3308,2025-04-21
3308,2025-05-24
3309,2024-02-17
3309,2024-02-23
3309,2024-03-07
3309,2024-04-16
3309,2024-07-21
3309,2024-10-11
3309,2024-11-06
3309,2024-11-23
3310,2024-02-12
3310,2025-05-23
3311,2024-02-03
3311,2024-03-08
3311,2024-05-13
3311,2024-08-22
3311,2024-09-11
3311,2024-09-18
3311,2024-10-23
3311,2025-02-04
3311,2025-02-23
3311,2025-03-23
3311,2025-04-25
3311,2025-05-28
3311,2025-06-03
3311,2025-06-07
3311,2025-06-07
3311,2025-06-08
3311,2025-06-10
3311,2025-06-16
3312,2024-01-18
3312,2025-03-02
3313,2024-01-15
3313,2024-01-25
3313,2024-01-25
3313,2024-04-16
3313,2024-04-22
3313,2024-11-06
3313,2024-12-17
3314,2024-02-24
3315,2024-03-04
3315,2024-07-23
3315,2024-07-25
3315,2024-10-10
3315,2024-10-31
3316,2024-02-13
3316,2024-04-09
3316,2024-04-18
3316,2024-04-19
3316,2024-05-10
3316,2024-05-16
3316,2024-05-18
3316,2024-05-23
3316,2024-05-25
3316,2024-05-30
3316,2024-06-12
3316,2024-06-25
3316,2024-07-22
3316,2024-08-01
3316,2024-08-09
3316,2024-08-28
3317,2024-02-09
3317,2024-06-09
3317,2025-01-22
3318,2024-01-03
3319,2024-01-30
3319,2024-03-05
3320,2024-02-20
3320,2024-10-29
3321,2024-02-05
3321,2024-03-22
3321,2024-06-23
3322,2024-02-13
3322,2024-05-30
3322,2024-06-05
3322,2025-03-02
3323,2024-01-22
3323,2024-03-27
3323,2024-06-16
3323,2024-06-20
3323,2024-12-15
3323,2024-12-30
3323,2025-03-10
3323,2025-05-16
3324,2024-02-29
3324,2024-03-21
3324,2024-03-22
3324,2024-04-10
3325,2024-02-08
3325,2024-06-25
3325,2024-08-04
3325,2024-08-19
3325,2024-11-28
3325,2025-05-09
3326,2024-01-07
3326,2024-07-18
3326,2024-11-02
3326,2025-01-11
3326,2025-06-19
3327,2024-02-03
3328,2024-01-22
3328,2024-10-26
3328,2024-11-03
3329,2024-02-22
3329,2025-01-14
3330,2024-02-26
3331,2024-03-12
3331,2025-02-28
3331,2025-03-29
3332,2024-02-28
3333,2024-01-10
3333,2024-01-19
3333,2024-08-26
3333,2024-09-23
3333,2025-01-25
3334,2024-02-28
3334,2024-05-22
3334,2024-06-14
3334,2024-06-15
3335,2024-01-26
3335,2024-03-25
3335,2024-05-09
3335,2024-05-10
3335,2024-05-10
3335,2024-05-12
3335,2024-06-21
3335,2024-06-24
3335,2024-07-10
3335,2024-08-26
3335,2024-10-29
3335,2025-01-12
3335,2025-01-16
3335,2025-02-08
3335,2025-03-11
3335,2025-04-07
3335,2025-05-08
3335,2025-05-29
3335,2025-05-31
3335,2025-06-11
3335,2025-06-19
3336,2024-02-13
3336,2024-05-18
3337,2024-01-19
3337,2024-04-14
3337,2024-07-25
3337,2024-08-30
3337,2024-09-08
3338,2024-03-22
3338,2024-03-28
3338,2024-04-06
3338,2024-04-08
3338,2024-04-12
3338,2024-06-08
3339,2024-02-09
3339,2024-03-07
3339,2024-04-18
3339,2024-05-16
3339,2025-05-08
3340,2024-02-29
3341,2024-03-05
3341,2024-04-12
3341,2024-06-14
3341,2025-04-14
3341,2025-04-29
3341,2025-05-31
3342,2024-03-10
3342,2024-03-31
3342,2024-04-06
3342,2024-06-14
3342,2024-06-14
3342,2024-07-18
3342,2024-08-05
3342,2024-08-23
3342,2024-08-26
3342,2024-09-29
3342,2024-09-30
3342,2024-10-02
3342,2025-01-08
3342,2025-02-22
3342,2025-03-25
3342,2025-04-02
3342,2025-04-07
3342,2025-04-25
3342,2025-05-09
3342,2025-06-12
3343,2024-01-29
3344,2024-01-21
3345,2024-01-18
3345,2024-02-28
3345,2024-04-19
3345,2024-04-23
3345,2024-05-24
3345,2024-06-11
3345,2024-06-11
3346,2024-03-17
3347,2024-03-01
3347,2024-03-30
3347,2024-05-20
3347,2024-05-29
3347,2024-08-09
3347,2024-12-02
3347,2024-12-06
3347,2025-01-21
3347,2025-02-08
3347,2025-03-26
3347,2025-04-06
3347,2025-05-07
3348,2024-01-02
3348,2024-03-25
3349,2024-03-16
3350,2024-02-22
3351,2024-02-03
3351,2024-03-09
3352,2024-01-08
3352,2024-03-19
3353,2024-01-03
3353,2024-05-12
3353,2024-06-15
3353,2024-07-01
3353,2024-07-23
3353,2024-09-07
3353,2024-09-10
3353,2025-01-21
3353,2025-04-10
3354,2024-01-20
3354,2024-02-23
3354,2024-03-18
3355,2024-01-12
3355,2024-01-16
3355,2024-01-22
3355,2024-08-08
3356,2024-03-10
3356,2024-03-20
3356,2024-04-06
3356,2024-05-27
3356,2024-09-21
3356,2024-10-17
3356,2024-11-05
3356,2024-11-29
3357,2024-02-18
3357,2024-02-20
3357,2024-03-05
3357,2024-03-10
3357,2024-03-15
3357,2024-03-15
3357,2024-03-29
3357,2024-04-08
3358,2024-03-12
3358,2024-05-01
3358,2024-06-23
3358,2024-07-02
3358,2024-07-06
3359,2024-03-04
3359,2024-08-28
3360,2024-03-09
3360,2024-03-31
3360,2024-04-09
3360,2024-04-14
3361,2024-01-28
3361,2024-02-16
3361,2024-03-30
3361,2024-05-23
3361,2024-07-13
3361,2024-07-17
3361,2024-08-07
3361,2024-08-27
3361,2025-01-20
3361,2025-02-22
3361,2025-03-17
3361,2025-05-27
3361,2025-06-05
3361,2025-06-21
3362,2024-03-14
3362,2024-07-06
3363,2024-02-12
3363,2024-02-27
3364,2024-02-05
3364,2024-05-06
3364,2024-06-13
3364,2024-06-26
3364,2024-09-19
3364,2025-06-25
3365,2024-01-07
3365,2024-05-16
3365,2024-07-02
3365,2024-12-02
3365,2024-12-29
3366,2024-01-22
3366,2024-03-17
3366,2024-05-01
3366,2024-08-17
3367,2024-03-01
3367,2024-03-06
3367,2024-04-02
3367,2024-04-13
3367,2024-07-19
3367,2024-07-22
3367,2024-10-21
3368,2024-01-14
3369,2024-01-27
3369,2024-05-07
3369,2024-08-17
3369,2024-12-12
3369,2024-12-14
3369,2024-12-21
3370,2024-02-07
3370,2025-02-19
3370,2025-04-02
3371,2024-01-26
3371,2024-05-26
3371,2024-07-15
3371,2024-12-12
3371,2024-12-16
3372,2024-02-21
3372,2024-03-13
3372,2024-05-30
3372,2024-09-22
3372,2024-10-10
3372,2024-11-04
3372,2024-11-21
3372,2025-05-17
3372,2025-06-09
3373,2024-02-22
3374,2024-03-07
3375,2024-01-16
3375,2024-01-16
3375,2024-02-01
3375,2024-02-11
3375,2024-02-15
3375,2024-05-22
3375,2024-07-20
3375,2024-08-19
3375,2024-11-23
3375,2024-12-18
3375,2025-02-26
3376,2024-02-19
3376,2024-03-04
3376,2024-08-18
3376,2025-04-03
3377,2024-01-02
3377,2024-01-22
3377,2025-03-13
3378,2024-03-02
3379,2024-02-18
3379,2024-04-22
3379,2024-04-29
3379,2024-04-29
3379,2024-05-18
3380,2024-01-07
3380,2024-11-26
3381,2024-01-24
3381,2024-05-25
3381,2024-05-27
3381,2024-08-20
3382,2024-01-10
3382,2024-03-06
3382,2024-03-10
3382,2024-03-21
3382,2024-04-27
3382,2024-06-19
3382,2024-07-02
3382,2024-07-11
3382,2024-09-19
3383,2024-02-24
3383,2024-12-21
3383,2024-12-29
3384,2024-01-30
3385,2024-01-20
3386,2024-01-20
3386,2024-02-09
3387,2024-02-15
3387,2024-07-12
3388,2024-03-16
3388,2024-03-28
3388,2024-06-11
3389,2024-03-14
3389,2024-03-20
3389,2024-03-23
3389,2024-04-17
3389,2024-04-26
3389,2024-05-01
3389,2024-05-22
3389,2024-06-09
3389,2024-07-02
3389,2024-07-08
3389,2024-08-05
3389,2024-09-05
3389,2024-09-10
3389,2024-09-20
3389,2024-10-10
3389,2024-10-21
3389,2024-11-07
3389,2024-12-03
3389,2024-12-04
3389,2024-12-09
3389,2024-12-27
3389,2025-01-10
3389,2025-02-14
3389,2025-03-01
3389,2025-03-11
3389,2025-04-16
3389,2025-04-22
3389,2025-04-24
3389,2025-05-01
3389,2025-06-06
3390,2024-01-02
3390,2024-01-03
3390,2024-02-08
3390,2024-03-03
3390,2024-03-07
3390,2024-03-07
3390,2024-03-07
3390,2024-03-08
3390,2024-03-14
3390,2024-03-30
3390,2024-04-04
3390,2024-05-13
3390,2024-05-20
3390,2024-05-31
3390,2024-06-23
3390,2024-07-24
3391,2024-02-01
3391,2024-04-10
3392,2024-01-12
3392,2024-04-09
3392,2024-05-21
3393,2024-01-15
3393,2024-08-04
3393,2025-04-13
3393,2025-04-27
3394,2024-03-18
3394,2024-05-20
3394,2024-09-15
3394,2024-12-26
3395,2024-02-09
3395,2024-03-16
3396,2024-01-31
3396,2024-05-09
3396,2024-05-13
3396,2024-11-29
3396,2025-04-28
3396,2025-05-10
3397,2024-03-22
3397,2024-04-20
3397,2024-05-21
3397,2024-05-24
3397,2024-06-13
3397,2024-08-11
3397,2024-08-14
3397,2024-08-19
3397,2024-09-19
3397,2024-11-03
3398,2024-02-05
3398,2024-03-10
3398,2024-03-31
3398,2024-05-14
3398,2024-06-01
3398,2024-07-30
3398,2024-08-20
3398,2024-09-02
3398,2024-09-04
3398,2024-09-21
3398,2024-10-12
3398,2024-10-15
3398,2024-10-18
3399,2024-01-31
3399,2024-03-03
3400,2024-02-14
3400,2024-09-30
3401,2024-03-02
3401,2025-04-23
3402,2024-02-13
3402,2024-07-09
3403,2024-02-05
3403,2024-05-29
3403,2024-06-21
3403,2024-11-14
3403,2024-12-11
3403,2025-01-22
3403,2025-02-25
3403,2025-04-10
3403,2025-04-28
3403,2025-06-03
3403,2025-06-25
3404,2024-01-09
3405,2024-01-22
3405,2024-02-07
3405,2024-02-13
3405,2024-06-08
3405,2024-06-21
3405,2024-09-06
3405,2024-09-25
3405,2024-11-14
3405,2024-12-02
3405,2025-02-05
3405,2025-03-08
3405,2025-06-14
3406,2024-02-16
3406,2024-11-09
3407,2024-03-01
3407,2024-03-15
3407,2024-06-03
3408,2024-02-27
3409,2024-01-03
3410,2024-02-01
3410,2024-06-29
3410,2025-02-22
3411,2024-02-05
3411,2024-02-07
3411,2024-02-19
3411,2024-03-15
3411,2024-04-18
3411,2024-04-23
3411,2024-04-29
3411,2024-04-30
3411,2024-05-02
3411,2024-05-06
3411,2024-05-08
3411,2024-05-21
3411,2024-06-01
3411,2024-07-04
3411,2024-07-05
3411,2024-07-20
3411,2024-07-21
3411,2024-07-31
3411,2024-08-11
3411,2024-08-16
3411,2024-10-05
3411,2024-10-14
3411,2024-11-22
3411,2024-11-23
3411,2024-12-01
3411,2025-01-07
3411,2025-01-25
3411,2025-02-13
3411,2025-02-27
3411,2025-03-27
3411,2025-04-15
3411,2025-04-17
3411,2025-06-01
3411,2025-06-12
3411,2025-06-13
3411,2025-06-14
3411,2025-06-16
3411,2025-06-26
3411,2025-06-27
3412,2024-02-23
3412,2024-06-06
3413,2024-03-07
3414,2024-02-14
3414,2024-05-26
3414,2024-06-01
3414,2024-08-18
3414,2024-11-19
3415,2024-03-13
3415,2024-05-29
3415,2024-09-20
3415,2024-11-22
3416,2024-01-09
3416,2024-02-27
3416,2024-07-24
3417,2024-02-27
3417,2025-01-15
3417,2025-02-14
3418,2024-02-25
3418,2024-03-15
3418,2024-03-20
3418,2024-03-31
3418,2024-04-15
3418,2024-05-15
3418,2024-05-25
3419,2024-02-20
3419,2024-03-21
3419,2024-05-31
3419,2025-04-03
3419,2025-04-17
3419,2025-04-21
3419,2025-05-15
3419,2025-05-25
3419,2025-06-25
3419,2025-06-29
3420,2024-01-26
3420,2024-01-30
3420,2024-02-03
3420,2024-03-13
3421,2024-01-07
3421,2024-03-13
3421,2024-05-20
3421,2024-05-27
3421,2024-06-15
3421,2024-06-27
3421,2024-07-06
3421,2024-11-17
3421,2024-11-24
3421,2025-02-03
3421,2025-02-11
3421,2025-03-07
3421,2025-04-29
3421,2025-05-05
3422,2024-01-23
3422,2024-01-31
3422,2024-03-20
3422,2024-03-21
3422,2024-04-09
3422,2024-08-30
3422,2024-09-16
3422,2024-10-23
3422,2025-01-17
3422,2025-03-18
3422,2025-04-30
3422,2025-06-15
3422,2025-06-28
3423,2024-03-22
3423,2024-03-31
3423,2024-04-05
3423,2024-04-07
3423,2024-04-09
3423,2024-05-10
3423,2024-05-22
3423,2024-06-26
3423,2024-10-12
3423,2024-10-18
3423,2024-11-20
3423,2024-11-28
3423,2025-02-06
3423,2025-03-15
3424,2024-02-22
3425,2024-03-13
3426,2024-01-18
3426,2025-01-15
3427,2024-02-27
3427,2024-03-18
3427,2024-03-24
3428,2024-02-07
3429,2024-02-10
3429,2025-04-11
3430,2024-02-21
3430,2024-08-24
3430,2024-10-21
3431,2024-03-04
3431,2024-07-23
3431,2024-07-30
3431,2024-08-07
3431,2025-05-19
3431,2025-06-11
3432,2024-02-15
3432,2024-04-26
3432,2024-07-21
3432,2024-09-01
3432,2024-10-16
3433,2024-02-07
3433,2025-06-28
3434,2024-02-11
3435,2024-02-11
3435,2024-09-25
3436,2024-03-16
3436,2024-12-22
3436,2025-05-23
3436,2025-06-08
3437,2024-03-14
3437,2024-03-20
3437,2024-05-19
3437,2024-06-10
3438,2024-01-01
3438,2024-01-05
3439,2024-01-24
3439,2024-02-13
3439,2024-04-09
3439,2024-04-26
3439,2024-05-05
3439,2024-05-17
3439,2024-05-18
3439,2024-06-29
3440,2024-02-07
3440,2024-02-07
3440,2024-07-22
3440,2025-02-08
3440,2025-02-23
3441,2024-01-03
3442,2024-03-12
3442,2024-04-20
3442,2024-12-18
3442,2025-02-08
3442,2025-02-11
3442,2025-03-12
3442,2025-04-07
3442,2025-06-12
3443,2024-02-02
3443,2024-02-10
3443,2024-02-11
3443,2024-04-12
3443,2024-04-28
3444,2024-01-05
3444,2024-04-25
3445,2024-02-14
3446,2024-01-07
3446,2024-03-27
3446,2024-05-02
3446,2024-06-14
3446,2024-08-07
3446,2024-09-09
3446,2024-11-09
3446,2025-01-28
3446,2025-04-22
3447,2024-03-21
3447,2024-05-21
3447,2024-11-03
3447,2024-11-23
3447,2024-11-28
3447,2024-12-13
3447,2024-12-31
3447,2025-02-12
3448,2024-02-19
3448,2024-09-14
3448,2024-11-08
3448,2025-04-03
3449,2024-02-05
3449,2024-12-23
3450,2024-01-31
3450,2024-03-25
3450,2024-07-26
3450,2024-09-07
3451,2024-02-17
3451,2024-07-23
3452,2024-01-13
3452,2024-09-23
3452,2024-11-20
3453,2024-03-02
3453,2024-08-13
3453,2024-12-10
3453,2025-03-29
3453,2025-04-30
3453,2025-05-11
3454,2024-02-13
3455,2024-03-13
3455,2024-05-01
3455,2025-04-05
3455,2025-04-11
3455,2025-04-30
3455,2025-06-11
3455,2025-06-26
3456,2024-02-14
3456,2025-03-15
3457,2024-03-09
3457,2024-03-15
3457,2024-03-27
3457,2024-05-18
3457,2024-05-26
3457,2024-05-29
3457,2024-07-09
3457,2024-07-14
3457,2024-07-14
3457,2024-08-11
3457,2024-08-16
3457,2024-08-16
3457,2024-09-28
3457,2024-10-26
3457,2024-12-15
3457,2024-12-25
3457,2025-01-18
3457,2025-02-02
3457,2025-03-05
3457,2025-03-08
3457,2025-03-30
3457,2025-05-08
3457,2025-05-11
3457,2025-06-24
3458,2024-03-08
3459,2024-03-11
3459,2024-05-27
3460,2024-03-23
3460,2024-03-28
3460,2024-06-27
3460,2024-07-01
3460,2024-11-30
3461,2024-01-18
3461,2024-02-10
3461,2024-03-30
3461,2024-04-18
3461,2024-04-20
3462,2024-02-15
3463,2024-02-02
3463,2024-11-26
3464,2024-03-13
3464,2024-04-18
3464,2024-05-09
3464,2024-07-08
3464,2024-08-30
3465,2024-03-04
3465,2024-03-11
3465,2024-03-14
3465,2024-03-17
3466,2024-01-20
3466,2024-02-11
3466,2024-07-10
3466,2024-12-21
3466,2024-12-22
3466,2025-02-02
3466,2025-03-22
3467,2024-02-02
3467,2024-02-15
3467,2024-06-21
3467,2024-07-08
3467,2024-08-12
3467,2024-09-14
3467,2025-02-23
3467,2025-06-13
3468,2024-01-31
3468,2025-04-08
3469,2024-01-12
3470,2024-01-09
3471,2024-03-19
3471,2025-02-02
3472,2024-03-05
3472,2024-07-11
3472,2024-08-06
3472,2024-08-19
3472,2024-11-25
3472,2024-12-25
3472,2025-01-07
3472,2025-02-05
3473,2024-01-10
3473,2024-02-25
3473,2024-03-28
3473,2024-04-25
3473,2024-05-25
3473,2024-06-10
3473,2024-06-13
3473,2024-09-12
3473,2024-09-23
3473,2025-03-17
3474,2024-03-01
3475,2024-03-19
3475,2024-04-12
3475,2024-04-15
3475,2024-05-16
3475,2024-07-02
3476,2024-02-22
3477,2024-02-20
3477,2024-03-25
3477,2024-05-01
3477,2024-07-11
3477,2024-09-08
3477,2024-10-08
3477,2024-10-08
3477,2024-10-23
3477,2024-10-28
3477,2024-11-16
3478,2024-01-02
3478,2024-02-20
3478,2024-03-29
3478,2024-05-03
3478,2024-05-10
3478,2024-07-13
3479,2024-01-11
3479,2025-06-07
3480,2024-01-12
3480,2024-06-09
3480,2024-08-04
3480,2024-08-09
3480,2024-09-21
3480,2024-10-11
3480,2024-10-28
3480,2024-11-04
3480,2024-11-16
3480,2025-01-16
3480,2025-03-01
3480,2025-03-12
3480,2025-04-23
3481,2024-02-04
3481,2024-03-22
3481,2024-03-23
3481,2024-04-16
3481,2024-07-05
3481,2025-01-24
3481,2025-02-05
3481,2025-04-16
3482,2024-02-24
3482,2024-03-01
3483,2024-01-04
3484,2024-02-24
3484,2024-07-10
3484,2024-07-23
3484,2024-07-26
3485,2024-01-05
3486,2024-03-17
3486,2024-07-04
3486,2024-07-23
3486,2024-12-30
3486,2025-03-28
3486,2025-05-19
3487,2024-01-23
3488,2024-02-29
3489,2024-02-24
3490,2024-02-23
3490,2024-03-21
3491,2024-01-09
3491,2024-05-18
3491,2024-11-08
3492,2024-02-15
3492,2024-02-20
3492,2024-03-07
3492,2024-04-21
3492,2024-04-28
3492,2024-08-21
3492,2024-10-13
3492,2024-11-03
3492,2024-11-05
3492,2025-03-16
3492,2025-04-09
3492,2025-06-23
3493,2024-02-25
3493,2024-04-03
3493,2024-04-07
3493,2024-06-10
3493,2024-08-14
3493,2024-08-17
3493,2024-10-28
3493,2024-12-18
3493,2024-12-31
3493,2025-01-21
3493,2025-03-30
3493,2025-04-20
3493,2025-04-26
3493,2025-05-14
3494,2024-01-07
3494,2024-01-18
3494,2024-02-06
3494,2024-02-11
3495,2024-02-19
3495,2024-12-23
3496,2024-03-09
3496,2024-03-16
3496,2024-03-19
3497,2024-02-28
3497,2024-03-24
3497,2024-04-20
3497,2024-06-08
3497,2024-06-16
3497,2024-09-29
3497,2024-10-15
3497,2024-11-13
3497,2025-04-14
3498,2024-01-15
3499,2024-01-20
3499,2024-03-06
3500,2024-02-25
3501,2024-02-16
3501,2024-05-12
3502,2024-03-08
3502,2024-04-23
3502,2024-06-23
3503,2024-03-08
3503,2024-10-13
3503,2025-03-01
3504,2024-01-08
3504,2024-01-31
3504,2024-03-20
3504,2024-03-22
3504,2024-03-22
3504,2024-04-16
3504,2024-05-16
3504,2024-05-30
3504,2024-06-08
3504,2024-06-08
3504,2024-06-27
3504,2024-07-10
3504,2024-07-17
3504,2024-07-25
3504,2024-08-05
3504,2024-10-01
3504,2024-10-04
3504,2024-11-02
3504,2024-11-10
3504,2024-11-15
3504,2024-12-25
3504,2025-01-05
3504,2025-01-18
3504,2025-02-26
3504,2025-03-11
3504,2025-03-25
3504,2025-05-04
3504,2025-05-20
3504,2025-06-16
3505,2024-02-07
3505,2024-11-27
3506,2024-02-29
3506,2024-04-15
3506,2024-05-14
3506,2024-05-27
3506,2024-06-02
3506,2024-07-20
3506,2024-07-26
3506,2024-09-10
3506,2024-09-13
3506,2024-09-27
3507,2024-01-20
3507,2024-04-30
3507,2024-05-20
3507,2024-09-28
3508,2024-03-16
3508,2024-06-01
3508,2025-01-18
3509,2024-03-16
3509,2024-03-21
3509,2024-03-24
3509,2024-03-27
3509,2024-04-03
3509,2024-04-26
3509,2024-05-13
3509,2024-06-09
3509,2024-06-09
3509,2024-06-16
3509,2024-06-17
3509,2024-08-03
3509,2024-08-09
3509,2024-08-21
3509,2024-08-23
3509,2024-08-23
3509,2024-08-26
3509,2024-09-12
3510,2024-02-25
3510,2024-03-08
3510,2024-03-22
3510,2024-04-01
3510,2024-04-16
3510,2024-06-03
3510,2024-07-03
3510,2024-07-09
3510,2024-10-17
3510,2024-10-20
3510,2024-11-18
3510,2024-12-16
3510,2025-01-31
3510,2025-02-07
3510,2025-02-28
3510,2025-03-25
3510,2025-04-02
3511,2024-02-11
3511,2024-08-24
3511,2024-08-25
3511,2024-10-11
3511,2024-12-03
3511,2025-01-08
3511,2025-02-28
3512,2024-02-24
3512,2024-06-13
3512,2024-09-14
3512,2024-11-01
3512,2025-01-17
3512,2025-03-31
3512,2025-04-26
3512,2025-05-29
3513,2024-01-22
3514,2024-02-21
3514,2025-03-02
3514,2025-03-07
3515,2024-01-24
3515,2024-02-28
3515,2024-03-02
3515,2024-05-25
3515,2024-06-07
3515,2024-09-14
3515,2024-10-12
3515,2025-03-01
3516,2024-01-11
3516,2025-03-02
3517,2024-01-28
3517,2024-06-29
3518,2024-03-10
3518,2024-03-23
3518,2024-05-22
3518,2024-05-25
3518,2024-08-13
3518,2024-08-23
3518,2024-09-13
3518,2024-09-23
3518,2024-11-02
3518,2024-11-09
3518,2024-11-18
3518,2024-12-12
3518,2024-12-12
3518,2025-02-24
3518,2025-02-26
3518,2025-03-16
3518,2025-05-14
3518,2025-05-16
3519,2024-01-02
3519,2025-03-29
3520,2024-02-24
3521,2024-02-18
3521,2024-05-03
3521,2024-06-18
3522,2024-03-08
3522,2024-04-26
3522,2024-05-25
3522,2024-06-08
3522,2024-07-24
3522,2024-09-02
3522,2024-09-27
3523,2024-02-17
3523,2024-04-13
3523,2024-10-14
3524,2024-03-10
3524,2024-03-18
3525,2024-03-04
3525,2024-08-31
3526,2024-02-02
3526,2024-09-07
3526,2025-02-09
3527,2024-03-04
3527,2024-06-08
3527,2024-10-11
3527,2025-06-06
3528,2024-02-05
3528,2024-02-20
3529,2024-02-28
3529,2024-05-14
3529,2024-06-01
3530,2024-03-11
3530,2024-05-28
3530,2024-06-22
3531,2024-02-08
3531,2025-05-29
3532,2024-01-10
3532,2024-06-08
3532,2024-08-29
3532,2025-02-14
3532,2025-04-09
3533,2024-02-27
3533,2024-03-02
3533,2024-03-31
3534,2024-01-24
3534,2024-10-22
3535,2024-02-21
3535,2024-03-25
3536,2024-03-02
3537,2024-03-08
3538,2024-02-26
3538,2024-02-27
3538,2024-07-12
3538,2025-06-26
3539,2024-02-13
3539,2024-04-08
3539,2024-10-02
3539,2025-01-05
3539,2025-02-26
3539,2025-06-06
3540,2024-03-06
3540,2024-07-01
3540,2024-08-06
3540,2024-12-24
3541,2024-01-25
3541,2024-04-27
3542,2024-03-14
3542,2024-05-28
3542,2024-06-23
3543,2024-01-27
3543,2024-05-06
3543,2024-09-25
3543,2024-12-21
3544,2024-03-05
3545,2024-01-02
3545,2024-02-11
3545,2024-02-23
3545,2024-02-26
3545,2024-05-23
3545,2024-06-16
3545,2024-10-09
3545,2024-12-04
3545,2025-01-15
3545,2025-02-06
3545,2025-04-15
3546,2024-02-17
3546,2024-02-20
3546,2024-02-24
3547,2024-02-25
3547,2024-03-03
3547,2024-03-04
3547,2024-05-28
3548,2024-02-19
3548,2024-03-02
3548,2024-03-23
3548,2024-06-21
3548,2024-08-22
3548,2024-10-08
3548,2025-03-15
3548,2025-04-07
3548,2025-05-09
3549,2024-02-03
3549,2024-05-02
3549,2024-09-12
3549,2024-10-02
3549,2024-11-13
3550,2024-02-17
3550,2024-04-27
3551,2024-01-24
3552,2024-01-28
3552,2024-01-31
3552,2024-02-08
3552,2024-02-09
3553,2024-03-18
3553,2024-03-20
3553,2024-04-27
3553,2024-08-11
3554,2024-02-03
3554,2024-02-29
3555,2024-02-05
3556,2024-03-10
3556,2024-07-04
3556,2024-12-02
3556,2025-03-27
3556,2025-04-09
3557,2024-01-07
3557,2024-01-08
3557,2024-03-17
3557,2024-04-29
3557,2024-06-06
3557,2024-07-22
3557,2024-12-24
3557,2025-03-08
3557,2025-04-14
3557,2025-04-21
3558,2024-03-07
3558,2024-05-23
3558,2024-08-15
3558,2024-09-15
3558,2024-10-01
3558,2024-11-11
3558,2024-11-30
3558,2024-12-02
3558,2025-01-01
3558,2025-04-14
3558,2025-05-04
3558,2025-05-07
3559,2024-02-22
3559,2024-04-19
3559,2024-06-06
3559,2024-09-28
3559,2025-01-01
3559,2025-06-01
3560,2024-02-16
3561,2024-01-01
3562,2024-02-19
3562,2024-08-18
3562,2024-09-26
3563,2024-02-18
3563,2024-02-28
3563,2024-03-28
3563,2024-11-01
3563,2024-11-18
3564,2024-03-02
3565,2024-03-14
3565,2024-04-02
3566,2024-01-04
3566,2024-02-13
3566,2024-08-21
3567,2024-03-24
3568,2024-02-02
3568,2025-06-02
3569,2024-03-09
3570,2024-03-12
3570,2024-07-08
3571,2024-01-30
3571,2024-01-30
3571,2024-06-03
3571,2024-10-09
3571,2024-11-21
3571,2025-04-26
3572,2024-02-08
3572,2024-02-19
3573,2024-01-16
3573,2024-03-02
3573,2024-03-17
3573,2024-03-17
3573,2024-07-09
3573,2024-08-06
3573,2024-10-18
3573,2024-11-09
3573,2025-02-09
3573,2025-02-25
3574,2024-01-31
3574,2024-11-28
3574,2025-01-02
3575,2024-03-14
3575,2024-11-04
3576,2024-02-25
3577,2024-02-04
3577,2024-04-13
3577,2024-08-28
3578,2024-02-23
3578,2024-10-21
3578,2025-01-17
3578,2025-04-17
3579,2024-01-07
3579,2024-03-03
3580,2024-03-19
3580,2025-02-27
3581,2024-02-20
3581,2024-05-05
3581,2024-06-11
3581,2024-07-22
3581,2024-08-05
3581,2024-08-17
3581,2024-11-05
3581,2024-11-07
3581,2024-11-19
3581,2025-01-08
3581,2025-02-25
3581,2025-05-22
3581,2025-06-04
3582,2024-03-16
3582,2024-05-27
3582,2024-06-30
3582,2024-07-08
3582,2024-07-29
3582,2024-08-22
3582,2024-12-04
3582,2024-12-28
3582,2025-01-21
3582,2025-01-27
3582,2025-02-14
3582,2025-02-26
3582,2025-04-30
3582,2025-04-30
3583,2024-02-06
3584,2024-03-20
3584,2024-07-13
3584,2024-07-17
3584,2024-09-16
3584,2024-11-08
3584,2024-12-15
3584,2025-04-26
3584,2025-05-16
3585,2024-01-31
3586,2024-01-25
3586,2025-01-20
3586,2025-03-16
3587,2024-01-23
3588,2024-03-14
3588,2024-03-15
3588,2024-03-20
3588,2024-11-13
3588,2025-05-15
3588,2025-06-14
3589,2024-03-03
3589,2024-11-05
3589,2025-03-12
3590,2024-01-15
3590,2024-01-27
3590,2024-02-03
3590,2024-02-20
3590,2024-03-25
3590,2024-04-05
3590,2024-05-11
3590,2024-05-22
3590,2024-05-25
3590,2024-06-14
3590,2024-10-04
3590,2024-12-06
3590,2024-12-14
3591,2024-03-01
3591,2024-05-29
3591,2024-06-11
3591,2024-07-01
3591,2024-07-03
3591,2024-08-12
3591,2024-08-26
3591,2024-08-27
3591,2024-08-27
3591,2024-09-08
3591,2024-09-21
3591,2024-10-14
3591,2024-10-16
3591,2024-10-22
3591,2024-10-30
3591,2024-11-15
3591,2024-11-16
3591,2024-11-17
3591,2024-12-03
3591,2025-04-08
3592,2024-01-28
3592,2024-02-21
3592,2024-03-18
3592,2024-08-22
3592,2024-10-30
3592,2024-11-07
3592,2025-06-05
3593,2024-01-30
3593,2024-05-18
3593,2024-06-18
3594,2024-03-13
3594,2025-04-25
3595,2024-02-09
3595,2025-06-08
3596,2024-03-01
3596,2024-07-25
3596,2024-09-09
3596,2024-10-04
3596,2024-12-11
3596,2025-05-18
3597,2024-01-22
3597,2024-04-19
3598,2024-02-08
3598,2024-02-09
3598,2024-02-27
3598,2024-05-22
3598,2024-07-21
3599,2024-01-13
3600,2024-01-01
3600,2024-02-27
3600,2024-03-16
3600,2024-03-30
3601,2024-01-01
3601,2024-02-22
3602,2024-02-20
3602,2024-06-06
3603,2024-02-16
3603,2024-03-21
3603,2024-05-11
3604,2024-01-23
3604,2024-01-24
3604,2024-03-02
3604,2024-04-14
3604,2024-07-07
3604,2025-01-15
3604,2025-04-20
3605,2024-02-03
3605,2024-10-09
3605,2025-03-26
3606,2024-03-12
3606,2024-04-30
3606,2024-05-01
3606,2024-06-16
3606,2024-07-26
3606,2024-10-12
3607,2024-01-29
3608,2024-01-05
3608,2024-01-29
3608,2024-05-11
3608,2024-06-08
3608,2024-06-13
3608,2024-06-14
3608,2024-07-20
3608,2024-08-06
3608,2024-11-27
3609,2024-01-25
3610,2024-01-15
3610,2025-04-09
3611,2024-03-01
3611,2024-07-14
3611,2025-04-06
3612,2024-01-19
3612,2025-05-26
3613,2024-02-05
3613,2024-03-25
3613,2024-05-13
3613,2024-07-03
3613,2024-08-01
3613,2024-09-10
3613,2024-09-18
3613,2025-03-02
3613,2025-03-27
3614,2024-02-26
3614,2024-03-19
3614,2024-08-02
3614,2024-10-09
3615,2024-02-09
3615,2024-05-08
3615,2024-09-07
3615,2024-09-08
3615,2025-01-07
3615,2025-05-25
3616,2024-02-04
3617,2024-03-23
3617,2025-01-03
3618,2024-01-24
3618,2024-10-27
3619,2024-03-12
3620,2024-02-29
3621,2024-01-02
3621,2024-03-23
3621,2024-08-03
3621,2024-09-12
3621,2025-01-28
3621,2025-04-02
3622,2024-02-12
3622,2024-02-23
3622,2024-03-10
3622,2024-03-16
3622,2024-10-12
3623,2024-03-21
3624,2024-01-19
3624,2024-09-06
3624,2025-03-18
3625,2024-03-16
3625,2024-07-01
3625,2024-12-22
3625,2025-01-04
3626,2024-01-23
3626,2024-04-12
3626,2024-07-10
3626,2024-07-11
3626,2024-08-09
3626,2024-10-24
3626,2024-11-30
3626,2024-12-13
3626,2025-03-19
3626,2025-04-05
3626,2025-06-26
3627,2024-02-20
3627,2024-04-07
3627,2024-06-07
3627,2024-07-09
3627,2024-08-23
3628,2024-01-03
3629,2024-03-08
3629,2024-05-01
3629,2024-06-04
3629,2024-06-07
3629,2024-10-09
3630,2024-01-13
3631,2024-01-08
3631,2024-10-26
3632,2024-03-06
3632,2024-03-27
3632,2024-03-30
3632,2024-05-24
3632,2024-06-13
3632,2024-07-08
3632,2024-08-26
3632,2024-11-30
3632,2025-03-28
3632,2025-05-24
3633,2024-01-09
3633,2024-01-27
3634,2024-01-02
3634,2024-04-19
3635,2024-03-21
3636,2024-02-29
3636,2024-03-03
3636,2024-11-02
3636,2025-01-29
3637,2024-03-22
3638,2024-02-14
3638,2024-03-13
3638,2024-04-05
3638,2024-06-14
3638,2024-09-17
3638,2024-12-03
3638,2025-03-14
3638,2025-04-17
3638,2025-06-22
3639,2024-03-22
3640,2024-02-17
3640,2024-02-27
3640,2024-05-09
3640,2025-05-07
3641,2024-01-24
3641,2024-01-28
3642,2024-02-18
3642,2024-06-23
3642,2024-11-14
3642,2025-02-03
3642,2025-03-19
3643,2024-03-07
3643,2024-08-30
3644,2024-03-11
3645,2024-02-17
3646,2024-02-26
3646,2024-05-21
3647,2024-02-13
3647,2024-03-04
3647,2024-05-09
3647,2024-10-05
3647,2024-10-27
3647,2024-11-21
3647,2024-12-10
3647,2025-01-31
3648,2024-01-23
3648,2024-12-19
3648,2025-02-03
3648,2025-03-28
3649,2024-01-24
3649,2024-02-17
3649,2024-03-26
3649,2024-04-17
3649,2024-05-18
3649,2024-08-01
3649,2024-12-05
3649,2024-12-25
3650,2024-01-30
3650,2024-02-15
3650,2024-02-22
3650,2024-04-27
3650,2024-12-26
3650,2025-01-19
3650,2025-05-01
3650,2025-05-14
3650,2025-06-04
3651,2024-02-09
3651,2024-03-12
3652,2024-02-02
3652,2024-04-12
3652,2024-04-28
3652,2024-05-29
3652,2024-07-09
3652,2024-07-14
3652,2024-08-05
3652,2024-09-26
3652,2024-10-09
3652,2024-10-12
3652,2024-12-07
3652,2024-12-12
3652,2025-01-12
3652,2025-03-12
3652,2025-06-07
3652,2025-06-07
3653,2024-01-03
3653,2024-05-11
3653,2025-02-19
3653,2025-02-24
3653,2025-05-17
3653,2025-05-21
3654,2024-02-14
3654,2024-04-14
3654,2024-08-08
3655,2024-03-13
3655,2024-04-22
3656,2024-01-16
3656,2024-02-17
3657,2024-01-15
3657,2024-04-07
3658,2024-02-15
3658,2024-04-18
3658,2024-07-01
3658,2024-08-30
3658,2024-09-19
3658,2024-10-06
3658,2024-11-24
3658,2025-02-17
3658,2025-05-31
3658,2025-06-07
3659,2024-02-02
3659,2024-08-02
3660,2024-02-06
3660,2024-02-20
3660,2024-04-25
3660,2024-05-14
3660,2024-06-13
3660,2024-07-01
3660,2024-07-02
3660,2024-07-24
3660,2024-08-22
3660,2024-09-22
3660,2024-10-19
3660,2024-10-26
3660,2025-01-11
3660,2025-01-23
3660,2025-02-26
3660,2025-03-08
3660,2025-03-15
3660,2025-03-29
3660,2025-04-17
3660,2025-04-23
3660,2025-05-03
3660,2025-06-12
3661,2024-01-15
3661,2024-12-19
3661,2024-12-29
3661,2025-02-16
3661,2025-06-14
3662,2024-02-07
3662,2024-03-17
3662,2024-05-21
3662,2024-08-06
3662,2024-08-14
3662,2024-08-31
3662,2025-02-18
3663,2024-02-18
3663,2024-02-26
3664,2024-03-03
3664,2024-04-08
3665,2024-02-22
3665,2024-03-08
3665,2024-05-11
3665,2024-06-30
3665,2024-07-24
3665,2025-01-04
3665,2025-01-23
3665,2025-02-04
3665,2025-02-25
3666,2024-03-21
3666,2024-04-03
3666,2024-05-09
3666,2024-05-17
3666,2024-08-03
3666,2024-08-08
3666,2024-09-27
3666,2024-10-21
3666,2024-12-08
3666,2024-12-17
3666,2025-01-06
3666,2025-02-27
3666,2025-04-16
3666,2025-04-17
3666,2025-05-20
3666,2025-06-09
3667,2024-01-18
3667,2024-03-11
3667,2024-04-02
3667,2024-04-09
3668,2024-03-20
3668,2024-03-29
3668,2024-04-12
3668,2024-04-13
3668,2024-04-15
3668,2024-05-01
3668,2024-05-24
3668,2024-07-02
3668,2024-07-08
3668,2024-07-12
3668,2024-08-06
3668,2024-08-11
3668,2024-09-05
3668,2024-10-14
3668,2024-11-06
3668,2024-11-24
3669,2024-01-23
3670,2024-01-10
3670,2024-04-19
3670,2024-10-01
3671,2024-01-17
3671,2024-01-27
3671,2024-02-04
3671,2024-03-17
3671,2024-07-21
3672,2024-03-17
3672,2024-04-29
3673,2024-01-22
3673,2024-03-06
3673,2024-08-14
3673,2024-08-17
3673,2024-09-27
3673,2024-10-22
3673,2024-11-19
3673,2025-01-12
3673,2025-01-19
3673,2025-04-02
3673,2025-06-13
3674,2024-01-07
3674,2024-08-09
3674,2024-08-14
3675,2024-03-22
3676,2024-02-17
3676,2024-06-19
3676,2024-07-27
3676,2024-09-27
3676,2024-11-16
3676,2025-01-04
3676,2025-02-04
3677,2024-02-05
3678,2024-01-25
3678,2025-01-29
3678,2025-05-11
3679,2024-02-07
3679,2024-03-05
3679,2024-06-29
3679,2024-09-13
3680,2024-03-08
3680,2024-04-18
3680,2024-05-21
3680,2024-06-01
3681,2024-02-27
3682,2024-01-27
3682,2024-07-06
3682,2025-02-02
3683,2024-02-06
3683,2024-03-22
3683,2024-07-05
3684,2024-01-17
3684,2024-01-30
3684,2024-06-26
3684,2024-09-26
3685,2024-01-26
3685,2024-12-13
3686,2024-01-11
3686,2025-05-21
3687,2024-02-10
3687,2025-04-19
3688,2024-03-09
3688,2025-04-04
3688,2025-04-15
3689,2024-03-17
3689,2024-04-28
3689,2024-12-14
3689,2025-02-10
3689,2025-04-26
3689,2025-06-25
3690,2024-03-18
3690,2024-11-29
3691,2024-02-04
3691,2024-03-23
3691,2024-10-06
3691,2024-12-08
3691,2024-12-20
3691,2025-01-12
3691,2025-02-25
3691,2025-03-05
3691,2025-03-24
3691,2025-03-28
3692,2024-03-22
3692,2024-10-21
3692,2025-04-04
3693,2024-02-06
3693,2024-08-28
3694,2024-03-11
3694,2024-03-21
3694,2024-04-07
3694,2024-04-09
3694,2024-04-26
3695,2024-02-08
3695,2024-02-23
3696,2024-03-10
3696,2024-04-02
3696,2025-03-04
3697,2024-03-24
3697,2024-11-27
3698,2024-02-19
3699,2024-03-18
3700,2024-01-26
3700,2024-02-25
3700,2024-03-22
3700,2024-04-16
3701,2024-01-01
3702,2024-01-04
3702,2025-04-04
3703,2024-02-19
3704,2024-03-19
3705,2024-01-30
3705,2024-12-03
3705,2024-12-13
3706,2024-03-14
3706,2024-04-01
3706,2024-07-01
3706,2024-07-05
3706,2024-07-15
3706,2024-09-11
3706,2024-10-11
3706,2024-10-23
3706,2024-11-04
3706,2024-11-07
3706,2024-11-08
3706,2025-01-18
3706,2025-04-27
3706,2025-05-29
3707,2024-01-22
3708,2024-03-04
3708,2024-04-19
3708,2024-06-13
3708,2024-06-30
3708,2024-07-17
3708,2024-09-27
3708,2024-09-29
3708,2024-12-02
3708,2024-12-17
3708,2025-01-18
3709,2024-03-24
3710,2024-02-19
3710,2024-12-16
3711,2024-03-23
3712,2024-02-29
3712,2024-05-10
3712,2024-06-05
3712,2024-06-23
3713,2024-02-23
3713,2024-02-23
3713,2024-02-27
3714,2024-02-08
3714,2024-04-11
3715,2024-02-01
3715,2024-02-18
3716,2024-02-19
3716,2024-03-09
3716,2024-03-29
3716,2024-06-19
3716,2024-07-24
3717,2024-02-11
3717,2024-06-03
3718,2024-02-29
3718,2024-06-17
3718,2024-08-22
3718,2024-10-03
3719,2024-02-03
3719,2024-03-27
3719,2024-05-07
3719,2024-05-23
3719,2024-08-24
3719,2024-09-03
3720,2024-02-09
3720,2024-03-10
3720,2024-03-27
3720,2024-04-17
3720,2024-05-26
3720,2024-08-10
3720,2024-08-25
3720,2024-09-08
3720,2024-10-01
3720,2024-10-04
3720,2024-10-20
3721,2024-01-28
3721,2024-02-15
3721,2024-06-12
3721,2024-11-29
3721,2025-03-20
3721,2025-04-19
3722,2024-01-27
3722,2024-02-10
3723,2024-02-29
3723,2024-03-27
3723,2024-06-25
3723,2024-10-19
3723,2025-04-19
3724,2024-03-14
3724,2024-12-29
3724,2025-05-14
3725,2024-02-13
3725,2024-06-19
3725,2024-08-21
3725,2025-02-14
3725,2025-02-28
3726,2024-02-23
3727,2024-02-02
3728,2024-01-09
3729,2024-01-02
3730,2024-02-12
3730,2024-04-10
3731,2024-02-04
3731,2024-04-06
3731,2024-05-12
3731,2024-11-03
3732,2024-03-13
3733,2024-01-07
3733,2024-03-27
3733,2024-06-16
3733,2024-08-25
3733,2025-03-22
3733,2025-05-02
3734,2024-01-02
3734,2024-01-07
3734,2024-01-23
3735,2024-02-15
3735,2024-04-01
3735,2024-04-18
3735,2024-06-12
3735,2024-11-19
3736,2024-02-20
3736,2024-03-12
3736,2024-03-18
3737,2024-01-27
3737,2024-02-02
3737,2024-02-27
3737,2024-04-17
3737,2024-05-15
3737,2024-05-16
3737,2024-06-28
3737,2024-08-22
3737,2024-09-11
3737,2024-10-07
3737,2024-11-13
3737,2024-11-27
3737,2024-12-17
3737,2024-12-21
3737,2025-02-03
3737,2025-02-08
3737,2025-04-01
3737,2025-04-13
3737,2025-04-16
3738,2024-02-07
3738,2024-02-20
3738,2024-03-02
3738,2024-03-23
3738,2024-04-16
3738,2024-05-04
3738,2024-05-15
3739,2024-03-05
3739,2024-07-11
3740,2024-01-29
3740,2024-01-29
3740,2024-03-13
3740,2024-04-19
3740,2024-06-03
3740,2024-06-18
3741,2024-03-04
3742,2024-02-27
3742,2024-07-20
3742,2024-12-13
3743,2024-03-17
3743,2025-01-03
3743,2025-05-31
3744,2024-01-13
3744,2024-03-17
3744,2024-07-28
3745,2024-01-30
3745,2024-01-31
3745,2024-02-29
3746,2024-02-21
3746,2024-08-08
3746,2024-11-06
3747,2024-03-12
3747,2024-03-21
3747,2025-01-26
3747,2025-04-14
3748,2024-01-17
3748,2024-01-28
3748,2024-02-02
3748,2024-02-20
3748,2024-05-23
3748,2024-06-17
3748,2024-08-20
3748,2024-09-28
3748,2024-10-27
3748,2024-12-21
3748,2024-12-25
3748,2025-02-01
3748,2025-02-13
3748,2025-02-28
3748,2025-03-01
3748,2025-03-31
3748,2025-04-15
3749,2024-03-23
3749,2024-05-31
3749,2024-06-20
3749,2024-07-29
3749,2024-11-28
3749,2024-12-28
3749,2025-01-03
3750,2024-01-08
3750,2024-10-22
3750,2024-12-24
3751,2024-01-18
3752,2024-02-18
3752,2024-07-04
3753,2024-01-24
3754,2024-02-04
3754,2024-05-18
3754,2024-06-06
3754,2024-12-23
3755,2024-01-18
3755,2024-02-09
3755,2024-03-05
3756,2024-02-05
3756,2024-05-21
3756,2024-06-23
3756,2024-06-28
3756,2024-07-18
3757,2024-03-03
3757,2024-08-01
3757,2025-05-04
3758,2024-01-05
3758,2025-03-12
3758,2025-05-09
3759,2024-03-11
3759,2024-03-20
3759,2024-07-25
3760,2024-01-17
3760,2024-03-04
3761,2024-03-10
3761,2024-03-20
3761,2024-09-12
3762,2024-02-27
3763,2024-03-12
3763,2024-04-18
3763,2025-01-26
3764,2024-03-13
3764,2024-03-19
3764,2024-05-09
3764,2024-07-05
3764,2024-10-18
3764,2025-01-14
3764,2025-01-22
3764,2025-01-30
3764,2025-03-01
3764,2025-04-12
3764,2025-04-13
3764,2025-04-29
3764,2025-05-08
3764,2025-06-05
3765,2024-02-29
3765,2024-03-14
3765,2025-01-03
3765,2025-04-10
3765,2025-06-12
3766,2024-02-17
3767,2024-01-28
3768,2024-02-22
3768,2024-04-08
3768,2024-05-21
3768,2024-07-28
3768,2024-09-03
3768,2024-10-06
3768,2024-11-05
3768,2024-11-05
3768,2024-11-11
3769,2024-02-01
3769,2024-02-03
3769,2024-02-17
3770,2024-02-01
3770,2024-03-22
3770,2024-04-02
3770,2024-07-06
3771,2024-03-24
3771,2024-03-30
3772,2024-02-15
3772,2024-03-27
3772,2024-04-27
3772,2024-05-12
3772,2024-05-14
3772,2024-06-21
3772,2024-10-28
3772,2024-11-04
3772,2024-12-02
3772,2024-12-22
3773,2024-01-05
3773,2024-05-11
3774,2024-01-31
3774,2024-09-10
3775,2024-02-06
3775,2024-02-25
3776,2024-03-19
3777,2024-01-30
3777,2024-04-27
3777,2024-04-29
3777,2025-01-27
3778,2024-03-20
3779,2024-01-08
3779,2024-01-08
3779,2024-03-12
3779,2024-06-06
3779,2024-06-11
3779,2024-07-30
3779,2024-12-26
3779,2025-03-06
3779,2025-04-18
3780,2024-02-22
3780,2024-04-16
3780,2024-07-25
3780,2024-08-19
3780,2024-11-17
3780,2025-04-16
3781,2024-02-18
3781,2024-05-04
3781,2025-04-04
3782,2024-01-22
3782,2024-03-27
3783,2024-02-29
3783,2025-03-08
3784,2024-03-11
3784,2024-03-15
3784,2024-06-21
3784,2025-04-15
3785,2024-03-03
3785,2024-05-04
3785,2024-06-14
3785,2024-08-01
3785,2024-09-24
3785,2024-10-29
3785,2024-11-02
3785,2024-11-20
3786,2024-03-11
3786,2024-10-09
3786,2024-11-25
3786,2025-01-12
3786,2025-01-28
3786,2025-05-14
3787,2024-03-09
3787,2024-04-10
3788,2024-01-26
3788,2024-01-28
3788,2024-02-04
3788,2024-02-11
3788,2024-03-17
3788,2024-04-05
3788,2024-04-21
3788,2024-04-22
3788,2024-04-22
3788,2024-05-03
3788,2024-05-24
3788,2024-05-28
3789,2024-02-13
3790,2024-01-27
3790,2024-04-22
3790,2024-04-27
3791,2024-02-10
3791,2024-03-29
3792,2024-01-02
3792,2024-03-06
3792,2024-03-26
3792,2024-04-15
3792,2024-08-24
3792,2024-10-22
3792,2024-12-20
3792,2025-02-20
3792,2025-04-13
3792,2025-04-23
3793,2024-02-18
3793,2024-02-29
3793,2025-03-31
3794,2024-01-14
3794,2024-04-21
3795,2024-02-27
3795,2024-04-12
3795,2024-05-18
3795,2024-05-27
3795,2024-09-26
3796,2024-03-24
3796,2024-09-24
3797,2024-03-13
3797,2024-05-12
3797,2024-05-18
3798,2024-01-16
3798,2024-11-29
3799,2024-01-30
3799,2024-06-13
3799,2024-09-23
3799,2024-11-20
3799,2025-01-27
3799,2025-03-01
3799,2025-03-26
3799,2025-04-07
3799,2025-05-27
3800,2024-03-24
3800,2024-04-27
3800,2024-05-09
3800,2024-07-30
3801,2024-02-05
3802,2024-01-05
3802,2024-02-17
3802,2024-03-14
3802,2024-03-15
3803,2024-02-04
3803,2024-03-18
3803,2024-06-04
3803,2024-07-18
3803,2024-11-08
3803,2025-01-25
3804,2024-02-17
3804,2024-03-22
3804,2024-04-14
3804,2024-11-22
3805,2024-01-26
3805,2024-02-22
3805,2024-08-09
3806,2024-03-22
3806,2024-03-22
3807,2024-01-27
3808,2024-01-27
3808,2024-03-16
3808,2024-05-18
3809,2024-02-25
3809,2024-02-28
3809,2024-05-07
3809,2024-06-30
3809,2024-08-02
3809,2024-09-25
3809,2024-12-13
3809,2025-02-05
3809,2025-03-01
3809,2025-03-03
3809,2025-04-05
3809,2025-05-04
3809,2025-05-27
3809,2025-06-20
3810,2024-02-12
3810,2024-02-18
3810,2024-02-23
3810,2024-03-07
3810,2024-08-18
3810,2024-11-28
3810,2025-01-25
3810,2025-03-27
3810,2025-06-01
3811,2024-02-07
3811,2024-03-27
3811,2024-04-28
3811,2024-06-19
3811,2024-11-17
3811,2025-04-08
3811,2025-06-13
3812,2024-03-11
3812,2024-06-21
3813,2024-01-06
3813,2024-03-10
3813,2024-04-11
3814,2024-01-21
3814,2024-01-23
3814,2024-03-24
3814,2024-03-29
3814,2024-04-28
3815,2024-03-11
3815,2024-03-14
3815,2024-03-14
3815,2024-03-25
3815,2024-04-05
3815,2024-04-08
3815,2024-04-17
3816,2024-01-31
3816,2024-02-01
3816,2024-07-23
3816,2024-09-19
3816,2025-03-20
3817,2024-01-01
3817,2024-01-15
3817,2024-02-15
3817,2024-04-07
3817,2024-04-07
3817,2024-04-23
3817,2024-06-11
3817,2024-08-02
3817,2024-09-14
3818,2024-02-20
3818,2025-02-21
3819,2024-02-16
3819,2024-03-03
3819,2024-06-17
3820,2024-01-22
3820,2024-03-20
3820,2024-03-31
3820,2024-05-15
3820,2025-04-07
3820,2025-04-29
3821,2024-03-11
3822,2024-01-13
3822,2025-01-02
3823,2024-02-26
3823,2024-03-08
3823,2024-03-16
3823,2024-05-07
3824,2024-01-12
3824,2024-01-21
3824,2024-01-23
3824,2024-03-16
3824,2024-04-13
3824,2024-04-28
3824,2024-04-29
3824,2024-05-08
3824,2024-05-09
3825,2024-01-16
3825,2024-05-27
3825,2024-06-27
3825,2024-11-12
3825,2025-04-04
3825,2025-06-20
3826,2024-02-03
3826,2024-07-02
3827,2024-03-09
3828,2024-02-07
3828,2024-08-13
3828,2025-02-02
3829,2024-02-23
3829,2024-04-03
3830,2024-02-15
3830,2024-04-04
3830,2024-04-05
3830,2024-05-06
3831,2024-02-04
3831,2024-09-04
3831,2024-09-17
3832,2024-03-07
3832,2024-06-19
3833,2024-01-01
3834,2024-03-11
3834,2024-11-01
3835,2024-02-11
3835,2024-09-30
3835,2024-11-14
3836,2024-01-01
3836,2024-05-25
3837,2024-01-04
3837,2024-06-08
3837,2024-08-02
3837,2024-08-12
3837,2024-12-18
3837,2025-02-23
3838,2024-01-25
3839,2024-01-22
3839,2024-02-24
3839,2024-08-29
3839,2024-12-15
3839,2025-01-27
3839,2025-02-02
3839,2025-03-14
3840,2024-01-16
3840,2024-04-01
3841,2024-02-15
3842,2024-01-02
3842,2024-05-26
3842,2024-09-05
3842,2025-01-18
3843,2024-01-19
3843,2024-10-07
3844,2024-02-24
3844,2024-03-02
3844,2024-04-06
3844,2024-07-13
3844,2024-08-22
3844,2024-09-01
3845,2024-02-21
3845,2024-09-04
3846,2024-03-05
3846,2025-02-05
3847,2024-03-02
3847,2024-03-18
3847,2024-04-13
3847,2024-04-13
3847,2024-09-05
3847,2024-11-08
3848,2024-01-14
3848,2024-05-30
3848,2024-06-16
3848,2024-12-10
3849,2024-02-13
3849,2024-03-07
3849,2024-06-25
3849,2024-10-07
3849,2024-10-14
3849,2024-11-13
3849,2024-11-29
3849,2025-02-18
3849,2025-02-20
3849,2025-02-25
3849,2025-03-18
3850,2024-02-19
3850,2024-02-28
3851,2024-01-07
3851,2024-01-29
3851,2024-03-04
3851,2024-03-06
3851,2024-03-31
3851,2024-04-06
3851,2024-05-03
3851,2024-05-23
3852,2024-02-16
3853,2024-03-14
3854,2024-02-24
3855,2024-01-02
3855,2024-03-06
3855,2024-03-13
3855,2024-04-23
3855,2024-06-04
3855,2024-06-20
3855,2024-11-11
3855,2024-11-28
3855,2024-12-24
3855,2025-04-18
3856,2024-02-24
3856,2025-01-15
3856,2025-04-13
3857,2024-02-19
3858,2024-01-17
3858,2024-02-01
3858,2024-03-17
3858,2024-04-08
3858,2024-06-02
3858,2024-09-22
3858,2024-10-18
3858,2025-02-16
3858,2025-02-17
3858,2025-03-31
3858,2025-04-19
3859,2024-01-17
3859,2024-03-27
3860,2024-01-14
3860,2024-02-27
3861,2024-01-11
3861,2024-10-17
3861,2025-04-19
3861,2025-06-07
3862,2024-03-10
3863,2024-01-09
3863,2024-06-04
3864,2024-03-17
3864,2024-03-23
3864,2024-03-31
3864,2024-06-08
3864,2024-06-11
3864,2024-08-14
3864,2024-10-12
3864,2024-11-26
3864,2025-01-20
3865,2024-02-05
3866,2024-02-07
3867,2024-02-20
3868,2024-03-01
3868,2024-07-06
3868,2024-08-02
3868,2024-08-28
3868,2024-08-29
3869,2024-01-01
3869,2025-04-18
3870,2024-03-19
3870,2024-04-25
3870,2024-05-01
3871,2024-01-19
3871,2024-02-16
3871,2025-01-07
3872,2024-03-13
3873,2024-02-01
3873,2024-03-01
3874,2024-02-05
3875,2024-02-18
3875,2025-06-23
3876,2024-01-27
3876,2024-03-01
3877,2024-02-24
3877,2024-04-04
3877,2024-07-03
3877,2024-10-05
3878,2024-01-18
3878,2024-05-17
3879,2024-01-01
3880,2024-01-07
3880,2025-04-27
3880,2025-06-13
3881,2024-03-20
3881,2024-08-15
3881,2024-08-20
3881,2025-06-14
3882,2024-01-11
3883,2024-01-23
3883,2024-05-23
3883,2024-06-28
3883,2024-08-03
3883,2024-08-15
3883,2024-08-23
3883,2024-09-15
3883,2024-10-17
3883,2024-10-26
3883,2024-11-29
3883,2025-02-20
3883,2025-03-19
3883,2025-03-25
3883,2025-04-04
3884,2024-01-10
3884,2024-03-04
3884,2024-10-22
3884,2024-12-01
3884,2025-03-15
3884,2025-03-20
3885,2024-02-19
3885,2024-04-11
3885,2024-07-04
3885,2025-04-14
3886,2024-03-05
3886,2024-04-11
3886,2024-06-12
3887,2024-01-14
3888,2024-02-28
3888,2024-03-15
3888,2024-03-15
3888,2024-04-20
3888,2024-05-05
3888,2024-06-05
3888,2024-06-10
3888,2024-09-05
3888,2024-11-24
3888,2025-01-25
3888,2025-01-26
3888,2025-02-10
3888,2025-03-07
3889,2024-01-14
3889,2024-05-13
3890,2024-02-29
3891,2024-03-14
3891,2024-03-14
3891,2024-03-15
3891,2024-03-18
3892,2024-03-11
3892,2024-07-20
3893,2024-01-08
3893,2024-01-22
3893,2024-02-13
3894,2024-01-23
3894,2024-05-06
3894,2024-06-22
3894,2024-10-25
3894,2025-01-28
3894,2025-02-28
3894,2025-05-15
3895,2024-02-03
3895,2024-02-14
3895,2024-03-27
3895,2024-03-31
3896,2024-02-13
3896,2024-08-13
3896,2024-09-16
3896,2025-01-01
3896,2025-02-18
3896,2025-04-19
3896,2025-05-24
3896,2025-06-28
3897,2024-01-19
3898,2024-01-20
3898,2024-01-31
3899,2024-01-05
3899,2024-05-14
3899,2025-06-23
3900,2024-03-12
3901,2024-01-06
3901,2024-01-28
3901,2024-02-18
3902,2024-03-13
3903,2024-01-13
3903,2024-02-12
3904,2024-03-10
3904,2024-06-29
3905,2024-02-18
3906,2024-03-16
3906,2024-09-17
3906,2025-02-27
3907,2024-03-09
3907,2024-12-04
3908,2024-01-12
3908,2024-01-28
3909,2024-02-17
3909,2024-11-14
3909,2025-01-14
3910,2024-03-01
3911,2024-01-24
3911,2024-02-12
3911,2024-03-27
3911,2024-04-19
3912,2024-01-23
3912,2024-02-29
3912,2024-03-05
3912,2024-05-20
3912,2024-06-24
3912,2024-08-09
3912,2024-09-22
3912,2024-11-23
3912,2024-11-25
3912,2025-02-02
3913,2024-02-01
3914,2024-01-20
3915,2024-03-10
3915,2024-04-18
3915,2024-05-12
3915,2024-07-29
3915,2024-08-11
3916,2024-02-15
3916,2024-11-07
3916,2024-11-12
3916,2025-04-06
3916,2025-06-08
3917,2024-03-02
3917,2024-03-06
3917,2024-04-08
3918,2024-01-12
3918,2024-03-22
3918,2024-06-16
3919,2024-03-16
3920,2024-02-05
3920,2024-02-12
3920,2024-03-17
3920,2024-03-20
3920,2024-05-13
3920,2024-06-10
3920,2024-06-16
3920,2024-10-18
3920,2024-11-26
3920,2024-12-07
3920,2025-03-09
3920,2025-03-28
3920,2025-04-30
3920,2025-06-23
3921,2024-01-15
3921,2024-01-17
3921,2024-01-24
3922,2024-03-08
3922,2024-07-11
3922,2024-08-31
3922,2024-09-01
3922,2024-09-09
3922,2024-12-15
3922,2025-02-02
3923,2024-03-09
3923,2024-03-13
3923,2024-08-23
3923,2025-01-25
3923,2025-06-21
3924,2024-01-31
3924,2024-05-19
3925,2024-01-03
3925,2024-06-12
3925,2024-12-18
3925,2024-12-20
3926,2024-02-05
3926,2024-04-11
3926,2024-06-05
3926,2024-06-16
3927,2024-01-23
3928,2024-03-17
3928,2024-03-27
3928,2024-03-30
3929,2024-03-22
3930,2024-02-22
3930,2024-06-05
3931,2024-03-16
3932,2024-01-18
3933,2024-01-14
3933,2024-02-10
3933,2024-03-01
3933,2024-05-22
3933,2024-06-06
3933,2024-06-20
3933,2024-07-05
3933,2025-03-24
3934,2024-01-23
3934,2024-04-16
3934,2024-07-20
3934,2024-07-22
3934,2024-10-06
3934,2024-10-28
3934,2024-11-04
3935,2024-02-24
3935,2024-07-27
3936,2024-01-24
3937,2024-01-31
3937,2024-06-28
3937,2024-07-05
3937,2024-09-02
3937,2024-09-06
3937,2024-09-15
3937,2024-10-09
3937,2024-10-17
3937,2024-11-25
3937,2025-05-25
3938,2024-01-15
3938,2024-03-25
3939,2024-03-22
3940,2024-01-16
3940,2024-02-09
3940,2024-02-18
3940,2024-03-06
3940,2024-03-14
3940,2025-03-06
3940,2025-03-15
3941,2024-01-22
3941,2024-11-20
3941,2024-12-26
3941,2025-03-15
3942,2024-03-17
3942,2024-03-20
3942,2024-06-27
3943,2024-02-24
3943,2024-03-24
3944,2024-01-25
3944,2024-02-01
3944,2024-05-21
3944,2024-06-03
3944,2024-07-28
3944,2024-09-05
3944,2025-02-18
3945,2024-01-06
3945,2024-01-20
3945,2024-04-14
3945,2024-06-25
3945,2024-08-29
3945,2025-03-08
3946,2024-01-29
3946,2024-05-01
3947,2024-02-11
3947,2024-03-09
3948,2024-03-21
3949,2024-03-14
3949,2024-04-02
3950,2024-02-15
3950,2024-03-06
3951,2024-03-24
3951,2024-04-14
3952,2024-03-05
3952,2024-03-30
3952,2025-06-20
3953,2024-03-03
3953,2024-04-02
3953,2024-09-04
3953,2024-10-26
3953,2025-02-13
3954,2024-01-01
3954,2024-01-09
3954,2024-05-17
3955,2024-01-13
3955,2024-01-13
3955,2024-11-13
3956,2024-03-06
3956,2024-03-29
3957,2024-03-20
3958,2024-03-07
3959,2024-02-20
3959,2024-03-13
3959,2024-05-29
3960,2024-03-07
3960,2024-03-28
3960,2024-03-29
3960,2024-04-14
3960,2024-05-20
3960,2024-07-24
3960,2024-07-25
3961,2024-01-15
3961,2024-12-27
3962,2024-02-14
3963,2024-02-04
3963,2024-03-20
3964,2024-02-27
3965,2024-01-06
3966,2024-03-11
3966,2024-05-28
3967,2024-03-03
3968,2024-03-08
3968,2024-05-25
3968,2024-12-14
3968,2025-01-19
3968,2025-03-09
3969,2024-02-10
3969,2025-01-16
3970,2024-02-04
3971,2024-03-13
3971,2024-03-17
3972,2024-01-30
3972,2024-01-31
3972,2024-03-07
3972,2024-04-10
3972,2024-06-13
3972,2024-08-07
3972,2024-09-08
3972,2024-09-19
3972,2025-01-11
3972,2025-02-02
3972,2025-02-10
3973,2024-03-21
3974,2024-01-06
3974,2024-01-20
3974,2024-05-12
3974,2024-08-10
3974,2024-09-23
3975,2024-01-13
3975,2024-11-27
3975,2024-12-03
3976,2024-01-25
3977,2024-03-14
3977,2024-11-13
3977,2025-06-09
3978,2024-01-07
3978,2024-01-12
3978,2024-01-22
3979,2024-03-11
3979,2024-04-24
3979,2024-06-04
3979,2024-06-07
3979,2024-07-16
3979,2024-07-29
3979,2024-08-04
3979,2024-11-21
3979,2024-12-16
3979,2024-12-21
3979,2025-01-17
3979,2025-02-08
3979,2025-02-19
3980,2024-02-26
3980,2025-01-12
3981,2024-01-01
3981,2024-07-05
3981,2024-12-11
3981,2025-02-28
3982,2024-01-13
3982,2024-02-02
3982,2024-03-11
3982,2024-05-07
3982,2024-05-08
3982,2025-01-10
3982,2025-02-04
3983,2024-03-03
3983,2024-04-18
3984,2024-01-31
3984,2024-02-10
3984,2024-02-13
3984,2024-04-18
3984,2024-05-25
3984,2024-11-21
3984,2024-12-02
3985,2024-03-21
3985,2024-04-24
3985,2024-05-21
3985,2024-06-21
3985,2024-06-22
3985,2024-07-04
3986,2024-01-18
3987,2024-02-09
3987,2024-06-22
3988,2024-03-10
3988,2025-03-03
3989,2024-02-14
3989,2024-06-15
3990,2024-01-18
3990,2024-02-29
3990,2024-03-15
3990,2024-04-20
3991,2024-03-16
3991,2024-04-04
3991,2024-04-04
3991,2024-05-06
3991,2025-03-06
3991,2025-03-24
3991,2025-06-20
3992,2024-02-01
3992,2024-03-01
3992,2024-04-13
3992,2024-04-14
3992,2024-04-27
3992,2024-05-24
3993,2024-03-22
3994,2024-02-23
3994,2024-03-25
3994,2024-05-19
3994,2024-07-25
3994,2024-10-27
3994,2024-12-29
3994,2025-01-01
3994,2025-03-18
3994,2025-05-31
3994,2025-06-05
3995,2024-02-23
3995,2025-06-19
3996,2024-02-10
3996,2024-03-02
3996,2024-05-11
3997,2024-02-22
3997,2024-08-09
3997,2024-10-28
3997,2025-03-26
3998,2024-02-09
3998,2024-04-24
3998,2024-05-04
3998,2024-07-31
3998,2024-08-16
3999,2024-02-06
3999,2024-11-29
4000,2024-03-21
4000,2024-11-26
4000,2025-03-29
