customer_id,frequency,recency,T,test_frequency,test_T,true_lambda,true_p,true_alive_at_cal_end,true_alive_at_end
1,1.0,0.2857142857142857,44.285714285714285,0.0,26.0,0.292357,0.349344,0,0
2,10.0,44.57142857142857,51.857142857142854,2.0,26.0,0.171703,0.074439,1,0
3,0.0,0.0,50.142857142857146,0.0,26.0,0.025242,0.145008,1,1
4,3.0,18.0,47.285714285714285,1.0,26.0,0.046719,0.032176,1,1
5,3.0,40.0,48.57142857142857,1.0,26.0,0.054814,0.169846,1,1
6,1.0,0.8571428571428571,51.0,0.0,26.0,0.223327,0.146403,0,0
7,0.0,0.0,46.142857142857146,0.0,26.0,0.018461,0.128918,1,1
8,0.0,0.0,46.0,0.0,26.0,0.000666,0.105963,1,1
9,2.0,36.714285714285715,40.857142857142854,2.0,26.0,0.08325,0.02635,1,1
10,5.0,24.714285714285715,46.57142857142857,0.0,26.0,0.148681,0.105273,0,0
11,1.0,18.142857142857142,43.714285714285715,0.0,26.0,0.023792,0.343371,0,0
12,7.0,24.571428571428573,43.42857142857143,0.0,26.0,0.304714,0.082347,0,0
13,1.0,34.285714285714285,44.142857142857146,0.0,26.0,0.031134,0.028692,1,1
14,0.0,0.0,48.285714285714285,0.0,26.0,0.010087,0.040434,1,1
15,2.0,11.714285714285714,50.42857142857143,0.0,26.0,0.097731,0.14818,0,0
16,2.0,4.142857142857143,44.42857142857143,0.0,26.0,0.205796,0.261172,0,0
17,0.0,0.0,45.857142857142854,0.0,26.0,0.003325,0.092525,1,1
18,1.0,1.0,45.142857142857146,0.0,26.0,0.312677,0.041681,0,0
19,0.0,0.0,50.57142857142857,0.0,26.0,0.00432,0.014093,1,1
20,0.0,0.0,50.857142857142854,0.0,26.0,0.000545,0.358995,1,1
21,1.0,6.857142857142857,43.142857142857146,0.0,26.0,0.156113,0.315389,0,0
22,2.0,40.714285714285715,51.857142857142854,3.0,26.0,0.124574,0.006657,1,1
23,15.0,44.57142857142857,45.42857142857143,3.0,26.0,0.269529,0.094034,1,0
24,0.0,0.0,47.285714285714285,0.0,26.0,0.001531,0.473298,1,1
25,0.0,0.0,43.285714285714285,0.0,26.0,0.015566,0.056573,1,1
26,0.0,0.0,41.142857142857146,0.0,26.0,0.000131,0.161705,1,1
27,5.0,40.714285714285715,43.42857142857143,0.0,26.0,0.167533,0.310221,0,0
28,4.0,13.142857142857142,51.57142857142857,0.0,26.0,0.180946,0.088495,0,0
29,0.0,0.0,41.714285714285715,0.0,26.0,0.026692,0.121809,1,1
30,4.0,10.285714285714286,40.42857142857143,0.0,26.0,0.159919,0.318756,0,0
31,1.0,32.42857142857143,41.42857142857143,0.0,26.0,0.010617,0.221721,1,1
32,4.0,8.428571428571429,43.0,0.0,26.0,0.524752,0.232486,0,0
33,4.0,3.5714285714285716,47.42857142857143,0.0,26.0,0.169823,0.281819,0,0
34,2.0,35.285714285714285,43.285714285714285,0.0,26.0,0.043874,0.226926,1,1
35,0.0,0.0,45.42857142857143,0.0,26.0,0.000115,0.105218,1,1
36,0.0,0.0,49.714285714285715,0.0,26.0,0.004359,0.061607,1,1
37,3.0,38.142857142857146,49.42857142857143,0.0,26.0,0.0535,0.426416,0,0
38,0.0,0.0,44.857142857142854,0.0,26.0,0.010314,0.151282,1,1
39,2.0,1.4285714285714286,41.714285714285715,0.0,26.0,0.110973,0.014448,0,0
40,10.0,39.42857142857143,43.285714285714285,4.0,26.0,0.339392,0.040277,1,0
41,9.0,12.857142857142858,41.57142857142857,0.0,26.0,0.601472,0.108097,0,0
42,0.0,0.0,41.0,0.0,26.0,0.006326,0.696989,1,1
43,0.0,0.0,45.0,1.0,26.0,0.041918,0.641722,1,0
44,8.0,22.428571428571427,51.42857142857143,0.0,26.0,0.166611,0.207597,0,0
45,0.0,0.0,41.57142857142857,1.0,26.0,0.012001,0.381396,1,0
46,2.0,1.7142857142857142,50.714285714285715,0.0,26.0,0.118888,0.430639,0,0
47,8.0,46.714285714285715,51.0,4.0,26.0,0.146455,0.015998,1,1
48,2.0,28.428571428571427,40.285714285714285,0.0,26.0,0.04625,0.002911,1,1
49,2.0,27.428571428571427,48.142857142857146,0.0,26.0,0.027614,0.556885,1,1
50,1.0,22.714285714285715,42.42857142857143,0.0,26.0,0.01419,0.050297,1,1
51,0.0,0.0,41.714285714285715,0.0,26.0,0.014458,0.149558,1,1
52,1.0,34.714285714285715,47.57142857142857,0.0,26.0,0.005771,0.020252,0,0
53,2.0,24.285714285714285,43.0,0.0,26.0,0.039409,0.150001,1,1
54,2.0,22.857142857142858,50.285714285714285,0.0,26.0,0.044135,0.116398,0,0
55,1.0,2.142857142857143,42.0,0.0,26.0,0.196972,0.520709,0,0
56,1.0,8.0,44.142857142857146,0.0,26.0,0.04917,0.309167,0,0
57,0.0,0.0,42.0,1.0,26.0,0.017719,0.187254,1,0
58,1.0,12.285714285714286,40.857142857142854,0.0,26.0,0.31536,0.396157,0,0
59,1.0,37.57142857142857,49.142857142857146,0.0,26.0,0.00815,0.593552,1,1
60,0.0,0.0,49.42857142857143,0.0,26.0,0.003047,0.080896,1,1
61,5.0,35.857142857142854,42.285714285714285,1.0,26.0,0.040513,0.045838,1,0
62,0.0,0.0,43.142857142857146,0.0,26.0,0.011063,0.010994,1,1
63,1.0,15.571428571428571,50.714285714285715,0.0,26.0,0.042967,0.276033,0,0
64,1.0,42.142857142857146,49.714285714285715,1.0,26.0,0.020517,0.410063,1,1
65,1.0,9.428571428571429,49.42857142857143,3.0,26.0,0.066413,0.048186,1,1
66,1.0,21.428571428571427,43.285714285714285,2.0,26.0,0.098658,0.036954,1,1
67,0.0,0.0,48.285714285714285,1.0,26.0,0.003695,0.153521,1,1
68,9.0,46.857142857142854,50.285714285714285,1.0,26.0,0.085459,0.005921,1,1
69,1.0,36.0,48.42857142857143,0.0,26.0,0.036079,0.087837,1,1
70,0.0,0.0,40.0,0.0,26.0,0.002745,0.034907,1,1
71,18.0,39.42857142857143,40.857142857142854,7.0,26.0,0.327249,0.088268,1,0
72,2.0,21.428571428571427,51.285714285714285,0.0,26.0,0.130141,0.186649,0,0
73,1.0,43.142857142857146,49.42857142857143,0.0,26.0,0.062532,0.074482,1,1
74,5.0,35.142857142857146,47.57142857142857,0.0,26.0,0.175385,0.39674,0,0
75,0.0,0.0,51.42857142857143,0.0,26.0,9.1e-05,0.069544,1,1
76,1.0,6.0,44.285714285714285,0.0,26.0,0.052845,0.664615,0,0
77,1.0,1.0,47.857142857142854,0.0,26.0,0.372983,0.270359,0,0
78,0.0,0.0,44.42857142857143,0.0,26.0,0.000684,0.085735,1,1
79,13.0,50.42857142857143,50.42857142857143,5.0,26.0,0.316677,0.045715,1,1
80,1.0,6.428571428571429,49.857142857142854,0.0,26.0,0.102016,0.349935,0,0
81,0.0,0.0,45.285714285714285,0.0,26.0,0.001295,0.208383,1,1
82,1.0,42.42857142857143,50.714285714285715,0.0,26.0,0.031657,0.097033,0,0
83,0.0,0.0,47.57142857142857,0.0,26.0,0.008099,0.335032,1,1
84,1.0,2.5714285714285716,48.285714285714285,0.0,26.0,0.113354,0.631809,0,0
85,11.0,38.142857142857146,41.42857142857143,1.0,26.0,0.184655,0.114676,1,0
86,0.0,0.0,49.285714285714285,0.0,26.0,0.006225,0.128963,1,1
87,2.0,42.57142857142857,44.285714285714285,1.0,26.0,0.034325,0.060804,1,1
88,1.0,0.7142857142857143,43.142857142857146,0.0,26.0,0.146158,0.430941,0,0
89,1.0,31.142857142857142,49.0,0.0,26.0,0.062657,0.704814,0,0
90,0.0,0.0,47.857142857142854,0.0,26.0,0.000784,0.016363,1,1
91,1.0,28.857142857142858,49.714285714285715,0.0,26.0,0.002652,0.512086,0,0
92,0.0,0.0,43.714285714285715,0.0,26.0,0.006369,0.095255,1,1
93,1.0,4.0,50.57142857142857,0.0,26.0,0.012346,0.48239,1,1
94,2.0,24.428571428571427,40.285714285714285,1.0,26.0,0.063919,0.207998,1,0
95,2.0,4.285714285714286,45.857142857142854,0.0,26.0,0.628526,0.519037,0,0
96,8.0,39.857142857142854,43.57142857142857,2.0,26.0,0.260047,0.115976,1,0
97,1.0,0.7142857142857143,40.857142857142854,0.0,26.0,0.027997,0.249605,0,0
98,0.0,0.0,47.714285714285715,1.0,26.0,0.064515,0.022853,1,1
99,0.0,0.0,48.857142857142854,0.0,26.0,0.001482,0.497177,1,1
100,0.0,0.0,43.57142857142857,0.0,26.0,0.002878,0.260943,1,1
101,5.0,51.142857142857146,51.714285714285715,2.0,26.0,0.141329,0.025259,1,0
102,2.0,36.142857142857146,41.285714285714285,0.0,26.0,0.07311,0.268771,1,1
103,1.0,3.2857142857142856,42.714285714285715,0.0,26.0,0.225713,0.796372,0,0
104,0.0,0.0,46.285714285714285,1.0,26.0,0.03489,0.247906,1,0
105,2.0,6.142857142857143,47.0,0.0,26.0,0.463818,0.205587,0,0
106,3.0,33.57142857142857,45.0,3.0,26.0,0.171701,0.025762,1,1
107,1.0,36.42857142857143,41.57142857142857,0.0,26.0,0.01365,0.358968,1,1
108,2.0,40.857142857142854,48.57142857142857,1.0,26.0,0.090001,0.018822,1,1
109,5.0,43.714285714285715,49.142857142857146,5.0,26.0,0.125459,0.047116,1,1
110,2.0,20.285714285714285,43.857142857142854,0.0,26.0,0.064636,0.136612,1,1
111,1.0,1.1428571428571428,43.57142857142857,0.0,26.0,0.009043,0.040388,1,1
112,2.0,21.0,49.42857142857143,0.0,26.0,0.034484,0.098931,1,1
113,1.0,8.142857142857142,40.714285714285715,0.0,26.0,0.021008,0.073699,1,1
114,1.0,4.285714285714286,43.285714285714285,0.0,26.0,0.041445,0.162656,0,0
115,2.0,5.714285714285714,46.285714285714285,0.0,26.0,0.542576,0.324186,0,0
116,1.0,33.142857142857146,40.57142857142857,1.0,26.0,0.018225,0.126352,1,0
117,2.0,18.714285714285715,47.57142857142857,0.0,26.0,0.046794,0.333649,0,0
118,1.0,5.285714285714286,43.142857142857146,1.0,26.0,0.025964,0.185166,1,1
119,0.0,0.0,43.285714285714285,0.0,26.0,0.001868,0.266185,1,1
120,7.0,17.714285714285715,50.0,0.0,26.0,0.25492,0.093245,0,0
121,10.0,41.0,43.0,5.0,26.0,0.124583,0.034543,1,1
122,3.0,8.428571428571429,50.0,3.0,26.0,0.052498,0.103829,1,1
123,1.0,31.571428571428573,48.857142857142854,0.0,26.0,0.003226,0.066334,1,1
124,4.0,9.285714285714286,41.285714285714285,0.0,26.0,0.208914,0.14209,0,0
125,0.0,0.0,44.0,0.0,26.0,0.011382,0.157532,1,1
126,2.0,40.285714285714285,44.142857142857146,2.0,26.0,0.049363,0.059851,1,0
127,5.0,49.0,50.0,4.0,26.0,0.152424,0.039,1,1
128,0.0,0.0,50.714285714285715,1.0,26.0,0.013113,0.015554,1,1
129,0.0,0.0,48.57142857142857,0.0,26.0,0.00628,0.310072,1,1
130,2.0,6.285714285714286,41.714285714285715,0.0,26.0,0.131425,0.602679,0,0
131,0.0,0.0,50.285714285714285,0.0,26.0,2.6e-05,0.109232,1,1
132,2.0,24.714285714285715,45.142857142857146,0.0,26.0,0.114848,0.088068,0,0
133,1.0,24.857142857142858,40.142857142857146,0.0,26.0,0.127113,0.531346,0,0
134,1.0,41.142857142857146,47.0,2.0,26.0,0.042171,0.015138,1,1
135,1.0,0.14285714285714285,42.285714285714285,0.0,26.0,0.560266,0.149165,0,0
136,5.0,23.0,42.142857142857146,0.0,26.0,0.198092,0.122998,0,0
137,1.0,34.857142857142854,46.57142857142857,0.0,26.0,0.007683,0.01123,1,1
138,0.0,0.0,45.714285714285715,0.0,26.0,0.003297,0.38565,1,1
139,0.0,0.0,42.57142857142857,1.0,26.0,0.035476,0.347999,1,0
140,2.0,18.142857142857142,43.0,0.0,26.0,0.089813,0.159073,0,0
141,5.0,42.714285714285715,48.42857142857143,2.0,26.0,0.090869,0.054841,1,1
142,2.0,37.285714285714285,48.142857142857146,0.0,26.0,0.043027,0.372715,1,1
143,1.0,3.7142857142857144,49.142857142857146,2.0,26.0,0.072369,0.19951,1,0
144,1.0,2.7142857142857144,51.57142857142857,0.0,26.0,0.431012,0.448119,0,0
145,0.0,0.0,48.714285714285715,0.0,26.0,0.002264,0.267813,1,1
146,0.0,0.0,49.285714285714285,0.0,26.0,0.008471,0.069423,1,1
147,1.0,3.7142857142857144,42.714285714285715,0.0,26.0,0.206289,0.368918,0,0
148,0.0,0.0,43.857142857142854,0.0,26.0,0.007118,0.390088,1,1
149,3.0,26.571428571428573,45.714285714285715,0.0,26.0,0.066517,0.11271,1,1
150,0.0,0.0,46.0,1.0,26.0,0.012892,0.713626,1,0
151,0.0,0.0,48.285714285714285,1.0,26.0,0.01529,0.217915,1,1
152,3.0,43.57142857142857,43.714285714285715,2.0,26.0,0.100231,0.34543,1,0
153,2.0,8.714285714285714,40.142857142857146,4.0,26.0,0.09177,0.018471,1,1
154,2.0,3.142857142857143,44.857142857142854,0.0,26.0,0.255719,0.824557,0,0
155,0.0,0.0,45.714285714285715,0.0,26.0,0.006681,0.063144,1,1
156,3.0,38.857142857142854,43.857142857142854,2.0,26.0,0.123991,0.183607,1,0
157,0.0,0.0,44.285714285714285,0.0,26.0,0.022616,0.295456,1,1
158,4.0,9.428571428571429,47.42857142857143,0.0,26.0,0.243264,0.273555,0,0
159,3.0,4.571428571428571,45.57142857142857,0.0,26.0,0.443068,0.154509,0,0
160,1.0,18.285714285714285,48.857142857142854,0.0,26.0,0.105309,0.31274,0,0
161,0.0,0.0,49.42857142857143,1.0,26.0,0.009724,0.160661,1,1
162,1.0,20.428571428571427,43.714285714285715,3.0,26.0,0.098219,0.007969,1,1
163,1.0,21.142857142857142,51.285714285714285,0.0,26.0,0.002197,0.183303,0,0
164,0.0,0.0,44.142857142857146,0.0,26.0,0.012917,0.150333,1,1
165,1.0,19.857142857142858,45.857142857142854,0.0,26.0,0.007219,0.15959,1,1
166,1.0,1.5714285714285714,51.714285714285715,0.0,26.0,0.005204,0.020656,1,1
167,0.0,0.0,42.0,0.0,26.0,0.021887,0.019427,1,1
168,4.0,39.142857142857146,44.714285714285715,2.0,26.0,0.117568,0.076672,1,1
169,1.0,31.857142857142858,47.857142857142854,0.0,26.0,0.009593,0.460603,1,1
170,6.0,47.857142857142854,48.42857142857143,8.0,26.0,0.149913,0.03738,1,0
171,0.0,0.0,40.714285714285715,0.0,26.0,1e-05,0.0013,1,1
172,0.0,0.0,40.42857142857143,0.0,26.0,0.002926,0.20842,1,1
173,1.0,25.428571428571427,46.857142857142854,1.0,26.0,0.023008,0.079439,1,1
174,2.0,21.428571428571427,50.142857142857146,3.0,26.0,0.096817,0.002511,1,1
175,1.0,17.428571428571427,49.714285714285715,0.0,26.0,0.05827,0.541452,0,0
176,1.0,2.857142857142857,45.714285714285715,0.0,26.0,0.360327,0.224254,0,0
177,2.0,28.857142857142858,40.285714285714285,0.0,26.0,0.020073,0.1257,1,1
178,0.0,0.0,47.57142857142857,0.0,26.0,0.000916,0.017193,1,1
179,0.0,0.0,44.0,1.0,26.0,0.013193,0.057,1,1
180,0.0,0.0,45.285714285714285,0.0,26.0,4.8e-05,0.17431,1,1
181,3.0,15.714285714285714,41.285714285714285,0.0,26.0,0.162033,0.222339,0,0
182,0.0,0.0,43.0,0.0,26.0,0.01538,0.065322,1,1
183,6.0,44.285714285714285,51.714285714285715,0.0,26.0,0.091568,0.036672,0,0
184,1.0,21.142857142857142,42.42857142857143,1.0,26.0,0.01288,0.023482,1,1
185,2.0,7.285714285714286,43.0,0.0,26.0,0.10049,0.147659,0,0
186,7.0,25.857142857142858,48.857142857142854,0.0,26.0,0.367875,0.307337,0,0
187,3.0,12.571428571428571,50.42857142857143,0.0,26.0,0.058013,0.024916,0,0
188,0.0,0.0,45.0,0.0,26.0,0.003339,0.468424,1,1
189,2.0,42.0,43.142857142857146,1.0,26.0,0.045701,0.190426,1,1
190,1.0,37.285714285714285,43.285714285714285,0.0,26.0,0.050399,0.132132,0,0
191,16.0,47.57142857142857,49.857142857142854,9.0,26.0,0.420596,0.00663,1,1
192,0.0,0.0,43.857142857142854,0.0,26.0,0.009093,0.002937,1,1
193,1.0,10.571428571428571,48.857142857142854,0.0,26.0,0.114466,0.395917,0,0
194,1.0,10.428571428571429,40.42857142857143,0.0,26.0,0.196555,0.366773,0,0
195,1.0,15.285714285714286,47.57142857142857,0.0,26.0,0.177836,0.353228,0,0
196,0.0,0.0,44.857142857142854,0.0,26.0,4.4e-05,0.396609,1,1
197,0.0,0.0,40.42857142857143,0.0,26.0,0.004619,0.009069,1,1
198,3.0,30.0,43.714285714285715,0.0,26.0,0.017323,0.298827,1,1
199,3.0,26.714285714285715,51.142857142857146,0.0,26.0,0.108506,0.197589,0,0
200,2.0,37.0,51.714285714285715,0.0,26.0,0.015019,0.161195,1,1
201,1.0,14.285714285714286,47.57142857142857,0.0,26.0,0.168297,0.336832,0,0
202,0.0,0.0,50.142857142857146,2.0,26.0,0.045517,0.065755,1,0
203,0.0,0.0,48.714285714285715,0.0,26.0,0.000466,0.102186,1,1
204,0.0,0.0,49.285714285714285,1.0,26.0,0.016413,0.173855,1,1
205,0.0,0.0,40.285714285714285,0.0,26.0,0.013537,0.265767,1,1
206,12.0,45.57142857142857,47.42857142857143,3.0,26.0,0.266439,0.020407,1,1
207,2.0,33.42857142857143,43.42857142857143,0.0,26.0,0.019102,0.049925,1,1
208,12.0,43.714285714285715,49.285714285714285,2.0,26.0,0.178829,0.046426,1,0
209,3.0,38.714285714285715,43.857142857142854,0.0,26.0,0.050455,0.29722,1,1
210,5.0,19.285714285714285,44.857142857142854,0.0,26.0,0.202766,0.054789,0,0
211,0.0,0.0,43.42857142857143,0.0,26.0,0.000257,0.083364,1,1
212,1.0,1.1428571428571428,50.142857142857146,0.0,26.0,0.118591,0.098721,0,0
213,0.0,0.0,50.714285714285715,0.0,26.0,0.007923,0.072312,1,1
214,0.0,0.0,45.42857142857143,0.0,26.0,0.000637,0.012205,1,1
215,3.0,11.714285714285714,51.285714285714285,0.0,26.0,0.289149,0.222428,0,0
216,0.0,0.0,49.285714285714285,0.0,26.0,0.019749,0.247599,1,1
217,4.0,37.142857142857146,46.714285714285715,2.0,26.0,0.109762,0.328608,1,1
218,3.0,30.714285714285715,41.714285714285715,2.0,26.0,0.071886,0.221356,1,1
219,0.0,0.0,49.57142857142857,0.0,26.0,7.3e-05,0.042154,1,1
220,0.0,0.0,51.714285714285715,0.0,26.0,0.005538,0.726515,1,1
221,1.0,14.285714285714286,41.285714285714285,0.0,26.0,0.017885,0.188001,1,1
222,3.0,3.5714285714285716,51.57142857142857,0.0,26.0,0.455897,0.140088,0,0
223,0.0,0.0,45.57142857142857,0.0,26.0,0.011931,0.054837,1,1
224,2.0,36.0,45.714285714285715,0.0,26.0,0.038827,0.04539,1,1
225,1.0,1.2857142857142858,46.0,0.0,26.0,0.119381,0.135896,0,0
226,0.0,0.0,50.57142857142857,1.0,26.0,0.000913,0.207107,1,1
227,1.0,11.142857142857142,51.0,0.0,26.0,0.092852,0.519976,0,0
228,0.0,0.0,45.714285714285715,0.0,26.0,0.001193,0.033671,1,1
229,12.0,47.714285714285715,49.42857142857143,7.0,26.0,0.266392,0.063216,1,1
230,2.0,18.285714285714285,50.857142857142854,0.0,26.0,0.038759,0.391118,0,0
231,3.0,6.285714285714286,46.57142857142857,0.0,26.0,0.786799,0.151657,0,0
232,0.0,0.0,42.285714285714285,0.0,26.0,0.03255,0.599326,1,1
233,1.0,6.142857142857143,51.42857142857143,0.0,26.0,0.440255,0.236785,0,0
234,0.0,0.0,42.42857142857143,0.0,26.0,0.000263,0.228154,1,1
235,0.0,0.0,43.857142857142854,4.0,26.0,0.10561,0.23022,1,1
236,1.0,17.428571428571427,47.142857142857146,0.0,26.0,0.046329,0.6174,0,0
237,1.0,36.57142857142857,49.714285714285715,0.0,26.0,0.034854,0.043832,1,1
238,2.0,9.0,49.42857142857143,0.0,26.0,0.455508,0.237382,0,0
239,4.0,34.42857142857143,44.714285714285715,0.0,26.0,0.217045,0.213672,0,0
240,13.0,26.857142857142858,48.142857142857146,0.0,26.0,0.579664,0.32229,0,0
241,0.0,0.0,45.857142857142854,3.0,26.0,0.019802,0.526933,1,0
242,1.0,24.428571428571427,42.0,1.0,26.0,0.017637,0.031865,1,1
243,7.0,14.142857142857142,47.285714285714285,0.0,26.0,0.254946,0.172491,0,0
244,1.0,6.428571428571429,49.57142857142857,0.0,26.0,0.194178,0.26998,0,0
245,1.0,20.571428571428573,40.857142857142854,1.0,26.0,0.035047,0.009428,1,1
246,19.0,38.285714285714285,40.57142857142857,8.0,26.0,0.393111,0.005452,1,1
247,1.0,3.857142857142857,44.857142857142854,1.0,26.0,0.009346,0.051102,1,0
248,6.0,24.0,44.714285714285715,0.0,26.0,0.081973,0.162105,1,1
249,1.0,4.857142857142857,43.0,0.0,26.0,0.012072,0.200317,0,0
250,5.0,15.714285714285714,40.714285714285715,0.0,26.0,0.303722,0.494796,0,0
251,1.0,1.8571428571428572,46.42857142857143,0.0,26.0,0.140985,0.147471,0,0
252,2.0,39.285714285714285,50.42857142857143,0.0,26.0,0.04997,0.062952,1,1
253,0.0,0.0,45.0,0.0,26.0,0.001242,0.134608,1,1
254,1.0,3.5714285714285716,51.142857142857146,0.0,26.0,0.085097,0.520699,0,0
255,9.0,37.142857142857146,42.142857142857146,2.0,26.0,0.129243,0.015283,1,1
256,5.0,43.142857142857146,51.142857142857146,2.0,26.0,0.096989,0.045172,1,1
257,3.0,27.285714285714285,42.57142857142857,0.0,26.0,0.041474,0.492525,0,0
258,0.0,0.0,50.0,0.0,26.0,0.001401,0.089084,1,1
259,0.0,0.0,45.57142857142857,0.0,26.0,0.005546,0.07309,1,1
260,0.0,0.0,50.42857142857143,1.0,26.0,0.029345,0.067679,1,1
261,0.0,0.0,48.857142857142854,0.0,26.0,0.006596,0.324345,1,1
262,0.0,0.0,40.42857142857143,1.0,26.0,0.003836,0.204246,1,1
263,1.0,38.714285714285715,51.57142857142857,0.0,26.0,0.028553,0.325923,0,0
264,1.0,1.1428571428571428,41.142857142857146,0.0,26.0,0.195111,0.661832,0,0
265,9.0,40.0,40.857142857142854,6.0,26.0,0.127573,0.072589,1,1
266,3.0,43.285714285714285,47.142857142857146,1.0,26.0,0.068796,0.366476,1,0
267,0.0,0.0,41.0,0.0,26.0,0.000841,0.1263,1,1
268,13.0,44.57142857142857,44.57142857142857,5.0,26.0,0.251529,0.119931,1,0
269,0.0,0.0,41.57142857142857,0.0,26.0,0.0048,0.093314,1,1
270,4.0,34.0,50.285714285714285,2.0,26.0,0.067851,0.13964,1,1
271,2.0,4.571428571428571,44.142857142857146,0.0,26.0,0.522696,0.219696,0,0
272,1.0,3.5714285714285716,40.714285714285715,0.0,26.0,0.103907,0.693951,0,0
273,5.0,46.57142857142857,46.57142857142857,4.0,26.0,0.110872,0.187088,1,1
274,1.0,12.142857142857142,51.57142857142857,0.0,26.0,0.07768,0.193777,0,0
275,2.0,40.57142857142857,47.285714285714285,1.0,26.0,0.047781,0.244012,1,1
276,1.0,4.285714285714286,43.142857142857146,0.0,26.0,0.045196,0.228332,0,0
277,2.0,38.285714285714285,44.0,2.0,26.0,0.052257,0.174179,1,1
278,4.0,15.571428571428571,46.285714285714285,0.0,26.0,0.252803,0.212937,0,0
279,1.0,0.14285714285714285,50.857142857142854,0.0,26.0,0.155332,0.090672,0,0
280,2.0,38.57142857142857,51.142857142857146,1.0,26.0,0.097925,0.08824,1,1
281,2.0,17.714285714285715,49.857142857142854,0.0,26.0,0.293804,0.1515,0,0
282,3.0,15.142857142857142,40.142857142857146,0.0,26.0,0.195488,0.053647,0,0
283,4.0,40.0,43.0,3.0,26.0,0.067188,0.075624,1,1
284,5.0,27.285714285714285,48.142857142857146,0.0,26.0,0.095249,0.122972,0,0
285,1.0,8.857142857142858,50.142857142857146,0.0,26.0,0.106843,0.283024,0,0
286,7.0,33.57142857142857,50.42857142857143,0.0,26.0,0.067835,0.137283,0,0
287,2.0,32.57142857142857,49.42857142857143,2.0,26.0,0.05914,0.007176,1,1
288,1.0,14.714285714285714,44.714285714285715,1.0,26.0,0.092835,0.088032,1,1
289,1.0,48.857142857142854,51.42857142857143,0.0,26.0,0.006459,0.10039,1,1
290,1.0,10.142857142857142,51.57142857142857,3.0,26.0,0.028231,0.212135,1,1
291,2.0,38.857142857142854,46.714285714285715,1.0,26.0,0.068122,0.367968,1,0
292,1.0,30.571428571428573,47.857142857142854,0.0,26.0,0.038294,0.324682,0,0
293,0.0,0.0,46.142857142857146,0.0,26.0,0.01195,0.312274,1,1
294,1.0,1.4285714285714286,40.42857142857143,0.0,26.0,0.453606,0.542859,0,0
295,1.0,24.714285714285715,43.714285714285715,0.0,26.0,0.003137,0.012888,1,1
296,1.0,1.7142857142857142,41.42857142857143,0.0,26.0,0.231716,0.580589,0,0
297,4.0,34.42857142857143,44.0,5.0,26.0,0.149081,0.060972,1,1
298,0.0,0.0,49.0,0.0,26.0,0.000615,0.128597,1,1
299,1.0,8.285714285714286,41.57142857142857,0.0,26.0,0.15758,0.358157,0,0
300,0.0,0.0,45.285714285714285,0.0,26.0,0.004208,0.477863,1,1
301,3.0,39.142857142857146,42.0,0.0,26.0,0.016754,0.056744,1,1
302,0.0,0.0,42.42857142857143,0.0,26.0,0.002672,0.469458,1,1
303,7.0,39.57142857142857,48.857142857142854,3.0,26.0,0.065085,0.017333,1,1
304,0.0,0.0,40.0,0.0,26.0,0.005055,0.490438,1,1
305,1.0,17.571428571428573,44.714285714285715,1.0,26.0,0.018913,0.00216,1,1
306,2.0,14.428571428571429,49.42857142857143,0.0,26.0,0.053382,0.08376,0,0
307,3.0,39.57142857142857,43.0,1.0,26.0,0.099344,0.278671,1,1
308,3.0,33.57142857142857,45.714285714285715,2.0,26.0,0.101271,0.097141,1,1
309,0.0,0.0,44.57142857142857,1.0,26.0,0.026691,0.375692,1,0
310,7.0,44.0,47.0,5.0,26.0,0.148541,0.042366,1,0
311,0.0,0.0,42.285714285714285,0.0,26.0,0.009887,0.263363,1,1
312,2.0,36.857142857142854,44.57142857142857,2.0,26.0,0.039628,0.022198,1,1
313,1.0,7.0,46.0,0.0,26.0,0.025461,0.628443,0,0
314,0.0,0.0,50.714285714285715,0.0,26.0,0.002301,0.098326,1,1
315,0.0,0.0,51.57142857142857,0.0,26.0,0.015952,0.162294,1,1
316,3.0,4.857142857142857,49.0,0.0,26.0,0.81144,0.446969,0,0
317,4.0,11.142857142857142,42.285714285714285,0.0,26.0,0.411372,0.160046,0,0
318,1.0,17.0,50.857142857142854,1.0,26.0,0.008604,0.176598,1,1
319,2.0,7.714285714285714,46.57142857142857,0.0,26.0,0.113295,0.542238,0,0
320,10.0,43.0,44.0,2.0,26.0,0.131315,0.006011,1,1
321,3.0,37.57142857142857,50.142857142857146,0.0,26.0,0.054421,0.100984,0,0
322,7.0,27.571428571428573,46.42857142857143,0.0,26.0,0.395114,0.110042,0,0
323,1.0,43.857142857142854,47.285714285714285,0.0,26.0,0.006814,0.186087,1,1
324,1.0,36.0,42.42857142857143,0.0,26.0,0.042393,0.098371,1,1
325,2.0,31.285714285714285,43.142857142857146,2.0,26.0,0.063904,0.149425,1,1
326,2.0,3.2857142857142856,42.714285714285715,0.0,26.0,0.097492,0.420358,0,0
327,1.0,24.714285714285715,42.285714285714285,0.0,26.0,0.060972,0.264196,1,1
328,0.0,0.0,42.42857142857143,0.0,26.0,0.00472,0.241516,1,1
329,11.0,42.714285714285715,49.142857142857146,5.0,26.0,0.195234,0.057501,1,0
330,3.0,44.142857142857146,47.857142857142854,0.0,26.0,0.029062,0.048483,1,1
331,1.0,29.285714285714285,46.857142857142854,0.0,26.0,0.000619,0.064337,1,1
332,0.0,0.0,51.42857142857143,0.0,26.0,0.000943,0.373074,1,1
333,0.0,0.0,41.714285714285715,0.0,26.0,0.006311,0.123639,1,1
334,2.0,8.714285714285714,41.0,0.0,26.0,0.041978,0.189454,0,0
335,1.0,29.142857142857142,44.285714285714285,0.0,26.0,0.07335,0.685393,0,0
336,3.0,43.857142857142854,46.857142857142854,0.0,26.0,0.028309,0.063868,1,1
337,1.0,5.857142857142857,46.285714285714285,0.0,26.0,0.034016,0.395366,0,0
338,12.0,38.857142857142854,40.857142857142854,2.0,26.0,0.189225,0.052618,1,1
339,0.0,0.0,51.857142857142854,1.0,26.0,0.030151,0.210547,1,1
340,3.0,18.714285714285715,46.0,0.0,26.0,0.118792,0.75187,0,0
341,0.0,0.0,40.285714285714285,0.0,26.0,0.000496,0.312199,1,1
342,1.0,1.7142857142857142,47.142857142857146,0.0,26.0,0.101503,0.132696,0,0
343,4.0,23.571428571428573,48.285714285714285,1.0,26.0,0.111589,0.217098,1,0
344,0.0,0.0,41.857142857142854,0.0,26.0,0.014189,0.141437,1,1
345,5.0,41.285714285714285,46.857142857142854,4.0,26.0,0.141075,0.014898,1,1
346,1.0,3.5714285714285716,42.714285714285715,0.0,26.0,0.065444,0.222114,0,0
347,0.0,0.0,44.142857142857146,0.0,26.0,0.008674,0.648231,1,1
348,0.0,0.0,49.0,0.0,26.0,0.000767,0.047061,1,1
349,1.0,19.285714285714285,51.285714285714285,0.0,26.0,0.004962,0.090905,1,1
350,1.0,38.857142857142854,50.57142857142857,1.0,26.0,0.048767,0.181674,1,1
351,0.0,0.0,43.857142857142854,3.0,26.0,0.056867,0.216742,1,0
352,1.0,11.857142857142858,46.42857142857143,0.0,26.0,0.131172,0.535117,0,0
353,0.0,0.0,51.714285714285715,0.0,26.0,0.0089,0.194135,1,1
354,1.0,41.142857142857146,46.57142857142857,0.0,26.0,0.008858,0.46475,0,0
355,0.0,0.0,44.42857142857143,0.0,26.0,0.060927,0.121096,1,1
356,3.0,39.57142857142857,49.714285714285715,1.0,26.0,0.019125,0.028557,1,1
357,3.0,49.714285714285715,50.42857142857143,1.0,26.0,0.032532,0.026293,1,1
358,2.0,44.42857142857143,46.57142857142857,0.0,26.0,0.074747,0.187207,1,1
359,2.0,17.571428571428573,40.857142857142854,0.0,26.0,0.099207,0.219352,0,0
360,0.0,0.0,42.142857142857146,0.0,26.0,0.010312,0.165226,1,1
361,2.0,12.857142857142858,40.57142857142857,1.0,26.0,0.082235,0.336388,1,1
362,12.0,25.571428571428573,40.285714285714285,0.0,26.0,0.272531,0.112792,0,0
363,4.0,3.4285714285714284,50.285714285714285,0.0,26.0,0.679676,0.486604,0,0
364,0.0,0.0,44.42857142857143,0.0,26.0,0.000383,0.062247,1,1
365,2.0,34.42857142857143,50.857142857142854,0.0,26.0,0.08279,0.298454,0,0
366,1.0,27.142857142857142,46.285714285714285,0.0,26.0,0.124168,0.214934,0,0
367,0.0,0.0,42.857142857142854,0.0,26.0,0.007811,0.031956,1,1
368,2.0,4.857142857142857,46.285714285714285,0.0,26.0,0.031273,0.230482,0,0
369,0.0,0.0,45.857142857142854,0.0,26.0,0.002427,0.227336,1,1
370,5.0,12.0,50.285714285714285,0.0,26.0,0.201153,0.030011,0,0
371,11.0,48.285714285714285,51.285714285714285,4.0,26.0,0.205877,0.045458,1,1
372,0.0,0.0,41.57142857142857,3.0,26.0,0.051979,0.149439,1,1
373,1.0,47.142857142857146,51.42857142857143,0.0,26.0,0.012912,0.008059,1,1
374,2.0,40.142857142857146,49.0,1.0,26.0,0.032189,0.412212,1,0
375,4.0,42.0,44.714285714285715,0.0,26.0,0.081505,0.280599,0,0
376,2.0,1.0,43.57142857142857,0.0,26.0,0.352235,0.070578,0,0
377,0.0,0.0,42.0,0.0,26.0,0.014393,0.679725,1,1
378,1.0,31.142857142857142,48.42857142857143,2.0,26.0,0.027183,0.030922,1,1
379,0.0,0.0,47.714285714285715,0.0,26.0,0.030459,0.164506,1,1
380,0.0,0.0,40.857142857142854,0.0,26.0,0.012757,0.133312,1,1
381,1.0,13.142857142857142,45.857142857142854,0.0,26.0,0.030592,0.353272,0,0
382,6.0,34.857142857142854,41.142857142857146,4.0,26.0,0.224863,0.030455,1,1
383,0.0,0.0,47.857142857142854,1.0,26.0,0.007981,0.053971,1,1
384,0.0,0.0,41.57142857142857,0.0,26.0,0.051705,0.698458,1,1
385,2.0,22.0,40.285714285714285,1.0,26.0,0.03377,0.190126,1,1
386,1.0,1.4285714285714286,47.42857142857143,0.0,26.0,0.247069,0.630332,0,0
387,0.0,0.0,44.57142857142857,0.0,26.0,0.005161,0.089064,1,1
388,0.0,0.0,50.142857142857146,0.0,26.0,0.018311,0.404801,1,1
389,2.0,20.857142857142858,41.285714285714285,2.0,26.0,0.03056,0.003546,1,1
390,1.0,13.0,43.857142857142854,0.0,26.0,0.000217,0.244587,1,1
391,1.0,3.0,45.714285714285715,0.0,26.0,0.002369,0.036562,1,1
392,1.0,17.0,42.285714285714285,0.0,26.0,0.05527,0.052552,1,1
393,0.0,0.0,42.0,0.0,26.0,0.000581,0.026978,1,1
394,16.0,48.42857142857143,50.0,0.0,26.0,0.308836,0.058105,0,0
395,4.0,37.142857142857146,44.142857142857146,0.0,26.0,0.05073,0.087727,1,1
396,9.0,39.714285714285715,47.142857142857146,6.0,26.0,0.290718,0.006078,1,1
397,4.0,41.285714285714285,44.714285714285715,1.0,26.0,0.056554,0.072145,1,1
398,1.0,5.714285714285714,44.0,0.0,26.0,0.225182,0.782658,0,0
399,0.0,0.0,48.142857142857146,0.0,26.0,0.031681,0.017595,1,1
400,1.0,1.2857142857142858,50.42857142857143,0.0,26.0,0.35071,0.622573,0,0
401,2.0,15.857142857142858,46.42857142857143,0.0,26.0,0.085425,0.338714,0,0
402,3.0,40.857142857142854,42.57142857142857,3.0,26.0,0.10029,0.151133,1,1
403,0.0,0.0,45.0,0.0,26.0,0.171088,0.79772,0,0
404,1.0,4.857142857142857,51.285714285714285,0.0,26.0,0.294564,0.44973,0,0
405,1.0,21.571428571428573,45.857142857142854,0.0,26.0,0.043444,0.581967,0,0
406,0.0,0.0,44.57142857142857,0.0,26.0,0.00101,0.072625,1,1
407,0.0,0.0,40.42857142857143,0.0,26.0,0.014615,0.265459,1,1
408,6.0,29.428571428571427,50.285714285714285,0.0,26.0,0.101662,0.102722,0,0
409,0.0,0.0,40.142857142857146,0.0,26.0,0.024605,0.119747,1,1
410,0.0,0.0,41.42857142857143,0.0,26.0,0.158754,0.542144,0,0
411,1.0,27.142857142857142,51.0,0.0,26.0,0.009806,0.002263,1,1
412,1.0,21.571428571428573,48.714285714285715,0.0,26.0,0.032316,0.678574,1,1
413,0.0,0.0,47.57142857142857,4.0,26.0,0.06066,0.079294,1,0
414,0.0,0.0,48.285714285714285,1.0,26.0,0.010403,0.058911,1,1
415,1.0,8.0,51.285714285714285,1.0,26.0,0.012731,0.101767,1,1
416,5.0,19.571428571428573,45.857142857142854,0.0,26.0,0.097665,0.074604,0,0
417,2.0,20.714285714285715,44.285714285714285,0.0,26.0,0.230286,0.027956,0,0
418,8.0,43.42857142857143,43.42857142857143,4.0,26.0,0.330785,0.004905,1,1
419,5.0,39.57142857142857,49.0,1.0,26.0,0.098733,0.011083,1,1
420,0.0,0.0,47.0,0.0,26.0,0.000146,0.130349,1,1
421,0.0,0.0,42.142857142857146,0.0,26.0,0.003705,0.03528,1,1
422,1.0,24.571428571428573,40.0,0.0,26.0,0.060204,0.256436,0,0
423,1.0,23.714285714285715,51.57142857142857,1.0,26.0,0.055765,0.650323,1,0
424,3.0,16.142857142857142,51.0,0.0,26.0,0.113493,0.244153,0,0
425,1.0,29.142857142857142,49.285714285714285,0.0,26.0,0.058509,0.45248,0,0
426,2.0,42.57142857142857,43.714285714285715,0.0,26.0,0.018149,0.097988,1,1
427,1.0,4.571428571428571,43.714285714285715,0.0,26.0,0.021016,0.128857,1,1
428,1.0,10.142857142857142,43.714285714285715,0.0,26.0,0.10888,0.733337,0,0
429,0.0,0.0,41.42857142857143,0.0,26.0,0.010767,0.193972,1,1
430,2.0,43.142857142857146,51.0,1.0,26.0,0.034891,0.217933,1,1
431,4.0,36.714285714285715,45.0,2.0,26.0,0.106304,0.111299,1,1
432,0.0,0.0,42.42857142857143,0.0,26.0,0.007781,0.192698,1,1
433,2.0,24.142857142857142,42.42857142857143,0.0,26.0,0.026588,0.356576,1,1
434,7.0,16.571428571428573,43.142857142857146,0.0,26.0,0.349263,0.148802,0,0
435,5.0,45.0,48.142857142857146,1.0,26.0,0.073509,0.134126,1,0
436,0.0,0.0,47.714285714285715,0.0,26.0,0.008274,0.302028,1,1
437,1.0,4.571428571428571,49.142857142857146,0.0,26.0,0.071189,0.195972,0,0
438,1.0,29.142857142857142,41.857142857142854,0.0,26.0,0.023725,0.104689,1,1
439,1.0,16.0,41.0,0.0,26.0,0.043198,0.249521,0,0
440,1.0,21.571428571428573,42.57142857142857,0.0,26.0,0.026173,0.360463,0,0
441,3.0,10.714285714285714,48.42857142857143,0.0,26.0,0.142403,0.457886,0,0
442,1.0,11.285714285714286,44.285714285714285,0.0,26.0,0.029944,0.225722,1,1
443,0.0,0.0,45.0,0.0,26.0,0.058897,0.068219,1,1
444,0.0,0.0,42.285714285714285,0.0,26.0,0.000149,0.409468,1,1
445,1.0,6.0,44.285714285714285,0.0,26.0,0.180001,0.453284,0,0
446,0.0,0.0,48.42857142857143,1.0,26.0,0.036299,0.622804,1,1
447,6.0,24.0,46.57142857142857,0.0,26.0,0.189246,0.039779,0,0
448,4.0,44.0,44.714285714285715,1.0,26.0,0.066345,0.011951,1,1
449,3.0,45.714285714285715,46.285714285714285,7.0,26.0,0.168762,0.118506,1,1
450,2.0,10.428571428571429,50.57142857142857,0.0,26.0,0.088468,0.387652,0,0
451,1.0,8.571428571428571,45.714285714285715,1.0,26.0,0.045369,0.199822,1,0
452,0.0,0.0,47.285714285714285,0.0,26.0,0.001012,0.032013,1,1
453,3.0,7.714285714285714,51.142857142857146,0.0,26.0,0.256506,0.273529,0,0
454,1.0,31.571428571428573,51.42857142857143,2.0,26.0,0.041304,0.061555,1,1
455,1.0,3.7142857142857144,47.285714285714285,0.0,26.0,0.244381,0.708973,0,0
456,2.0,20.0,44.285714285714285,0.0,26.0,0.088567,0.333422,0,0
457,2.0,40.857142857142854,51.42857142857143,0.0,26.0,0.055294,0.224888,0,0
458,6.0,12.857142857142858,46.0,0.0,26.0,0.478982,0.039026,0,0
459,13.0,45.0,45.57142857142857,1.0,26.0,0.34001,0.085514,1,0
460,0.0,0.0,40.57142857142857,0.0,26.0,0.000469,0.103089,1,1
461,0.0,0.0,47.42857142857143,0.0,26.0,0.024164,0.002281,1,1
462,1.0,2.2857142857142856,40.285714285714285,0.0,26.0,0.034521,0.221475,0,0
463,3.0,4.857142857142857,47.57142857142857,2.0,26.0,0.084902,0.065361,1,1
464,0.0,0.0,41.0,0.0,26.0,0.002285,0.453888,1,1
465,2.0,10.714285714285714,47.57142857142857,0.0,26.0,0.069705,0.468991,0,0
466,0.0,0.0,49.42857142857143,0.0,26.0,0.00552,0.132926,1,1
467,0.0,0.0,46.0,0.0,26.0,0.039441,0.535799,1,1
468,4.0,10.571428571428571,47.57142857142857,0.0,26.0,0.094084,0.296443,0,0
469,12.0,39.857142857142854,51.0,0.0,26.0,0.228916,0.154021,0,0
470,0.0,0.0,44.42857142857143,0.0,26.0,0.004278,0.07909,1,1
471,8.0,39.285714285714285,46.142857142857146,1.0,26.0,0.174927,0.235783,1,0
472,0.0,0.0,44.142857142857146,1.0,26.0,0.008133,0.210647,1,1
473,0.0,0.0,50.714285714285715,0.0,26.0,0.004385,0.25708,1,1
474,4.0,39.42857142857143,44.857142857142854,3.0,26.0,0.056162,5e-06,1,1
475,2.0,38.285714285714285,40.142857142857146,1.0,26.0,0.058067,0.125361,1,1
476,0.0,0.0,48.142857142857146,0.0,26.0,0.006289,0.034115,1,1
477,2.0,14.428571428571429,42.285714285714285,2.0,26.0,0.040436,0.040081,1,1
478,1.0,3.4285714285714284,45.42857142857143,0.0,26.0,0.225862,0.374089,0,0
479,1.0,5.714285714285714,49.857142857142854,0.0,26.0,0.102614,0.209995,0,0
480,0.0,0.0,50.142857142857146,0.0,26.0,0.023629,0.282963,1,1
481,3.0,24.0,42.714285714285715,1.0,26.0,0.041614,0.27615,1,0
482,1.0,25.714285714285715,47.42857142857143,0.0,26.0,0.006683,0.276039,0,0
483,3.0,8.285714285714286,46.0,0.0,26.0,0.102318,0.181953,0,0
484,0.0,0.0,45.285714285714285,0.0,26.0,0.001659,0.088104,1,1
485,2.0,14.285714285714286,50.0,0.0,26.0,0.097373,0.03549,0,0
486,0.0,0.0,41.285714285714285,2.0,26.0,0.073641,0.373142,1,1
487,7.0,42.857142857142854,45.0,3.0,26.0,0.213967,0.354366,1,0
488,0.0,0.0,41.142857142857146,0.0,26.0,0.034973,0.259566,1,1
489,1.0,17.571428571428573,46.142857142857146,1.0,26.0,0.034751,0.07068,1,1
490,2.0,23.714285714285715,49.857142857142854,0.0,26.0,0.110679,0.11441,0,0
491,2.0,40.285714285714285,45.285714285714285,0.0,26.0,0.047601,0.046864,1,1
492,5.0,33.857142857142854,51.857142857142854,4.0,26.0,0.054942,0.050258,1,1
493,0.0,0.0,47.0,1.0,26.0,0.0005,0.099166,1,1
494,1.0,2.7142857142857144,41.0,2.0,26.0,0.038609,0.033218,1,1
495,0.0,0.0,40.714285714285715,0.0,26.0,0.022188,0.559591,1,1
496,0.0,0.0,46.142857142857146,0.0,26.0,0.027755,0.052469,1,1
497,0.0,0.0,46.42857142857143,0.0,26.0,0.02793,0.086726,1,1
498,21.0,49.857142857142854,49.857142857142854,19.0,26.0,0.545228,0.035154,1,1
499,4.0,37.142857142857146,44.714285714285715,5.0,26.0,0.089138,0.04233,1,1
500,6.0,46.285714285714285,50.714285714285715,3.0,26.0,0.184445,0.548078,1,0
501,0.0,0.0,42.0,0.0,26.0,0.018959,0.632318,1,1
502,0.0,0.0,50.714285714285715,0.0,26.0,0.000186,0.098006,1,1
503,0.0,0.0,42.0,0.0,26.0,0.028417,0.000439,1,1
504,1.0,39.42857142857143,47.285714285714285,0.0,26.0,0.037688,0.1148,0,0
505,9.0,34.0,44.57142857142857,4.0,26.0,0.192226,0.015552,1,1
506,1.0,4.428571428571429,43.285714285714285,0.0,26.0,0.202062,0.360662,0,0
507,1.0,14.428571428571429,47.142857142857146,1.0,26.0,0.028412,0.023317,1,1
508,1.0,4.285714285714286,43.285714285714285,0.0,26.0,0.109688,0.715182,0,0
509,0.0,0.0,46.0,1.0,26.0,0.011577,0.060654,1,1
510,1.0,4.428571428571429,41.714285714285715,0.0,26.0,0.00709,0.081604,1,1
511,3.0,49.42857142857143,50.714285714285715,2.0,26.0,0.084464,0.128759,1,1
512,6.0,28.142857142857142,49.714285714285715,0.0,26.0,0.164759,0.045288,0,0
513,0.0,0.0,40.857142857142854,0.0,26.0,0.009058,0.39123,1,1
514,3.0,42.0,42.0,1.0,26.0,0.039811,0.044446,1,0
515,1.0,25.571428571428573,44.0,0.0,26.0,0.008319,0.003986,1,1
516,3.0,48.285714285714285,50.142857142857146,0.0,26.0,0.04876,0.267925,0,0
517,3.0,39.0,50.57142857142857,0.0,26.0,0.074054,0.023431,1,1
518,0.0,0.0,49.142857142857146,1.0,26.0,0.018825,0.262859,1,0
519,0.0,0.0,42.57142857142857,3.0,26.0,0.099078,0.037526,1,1
520,1.0,30.857142857142858,51.0,0.0,26.0,0.035278,0.683085,0,0
521,1.0,26.714285714285715,48.0,0.0,26.0,0.009438,0.252842,1,1
522,1.0,0.14285714285714285,40.714285714285715,0.0,26.0,0.432166,0.184285,0,0
523,4.0,22.714285714285715,42.857142857142854,0.0,26.0,0.079424,0.190396,0,0
524,1.0,29.285714285714285,45.42857142857143,0.0,26.0,0.009061,0.04816,1,1
525,4.0,33.714285714285715,45.285714285714285,0.0,26.0,0.113999,0.279765,0,0
526,1.0,27.714285714285715,46.57142857142857,1.0,26.0,0.027356,0.128996,1,0
527,2.0,27.857142857142858,45.0,1.0,26.0,0.030578,0.211389,1,0
528,0.0,0.0,44.285714285714285,1.0,26.0,0.022074,0.482726,1,0
529,0.0,0.0,50.857142857142854,0.0,26.0,0.000397,0.019508,1,1
530,9.0,25.285714285714285,41.57142857142857,3.0,26.0,0.110651,0.0069,1,1
531,2.0,17.857142857142858,41.0,2.0,26.0,0.079552,0.138719,1,0
532,0.0,0.0,44.857142857142854,0.0,26.0,0.003419,0.006298,1,1
533,1.0,22.285714285714285,42.714285714285715,1.0,26.0,0.011622,0.024893,1,1
534,5.0,12.428571428571429,50.714285714285715,0.0,26.0,0.170574,0.130221,0,0
535,0.0,0.0,50.0,0.0,26.0,0.001397,0.359944,1,1
536,3.0,27.857142857142858,44.714285714285715,1.0,26.0,0.064214,0.128749,1,1
537,0.0,0.0,43.0,0.0,26.0,0.00621,0.383302,1,1
538,1.0,35.42857142857143,40.285714285714285,0.0,26.0,0.019724,0.000948,1,1
539,10.0,48.142857142857146,50.714285714285715,5.0,26.0,0.200827,0.133543,1,0
540,5.0,34.285714285714285,43.285714285714285,0.0,26.0,0.091376,0.114923,0,0
541,5.0,42.57142857142857,44.57142857142857,0.0,26.0,0.05263,0.076824,0,0
542,1.0,1.0,40.57142857142857,0.0,26.0,0.119886,0.25548,0,0
543,0.0,0.0,43.714285714285715,0.0,26.0,0.004462,0.144015,1,1
544,3.0,31.285714285714285,44.714285714285715,0.0,26.0,0.044781,0.436402,0,0
545,0.0,0.0,44.714285714285715,0.0,26.0,0.125958,0.00366,1,1
546,0.0,0.0,48.0,1.0,26.0,0.02786,0.044382,1,1
547,0.0,0.0,42.42857142857143,0.0,26.0,0.009063,0.06737,1,1
548,5.0,21.0,51.142857142857146,0.0,26.0,0.168905,0.265167,0,0
549,6.0,44.142857142857146,49.285714285714285,4.0,26.0,0.061311,0.095941,1,1
550,1.0,5.571428571428571,41.57142857142857,0.0,26.0,0.048021,0.507643,0,0
551,1.0,0.8571428571428571,40.714285714285715,0.0,26.0,0.115744,0.230642,0,0
552,1.0,20.428571428571427,40.142857142857146,0.0,26.0,0.008017,0.343773,1,1
553,0.0,0.0,46.285714285714285,1.0,26.0,0.009293,0.058316,1,1
554,0.0,0.0,48.714285714285715,0.0,26.0,0.006174,0.729026,1,1
555,0.0,0.0,48.0,0.0,26.0,0.006301,0.237,1,1
556,2.0,34.42857142857143,49.857142857142854,0.0,26.0,0.035303,0.08652,1,1
557,2.0,27.428571428571427,48.142857142857146,1.0,26.0,0.064174,0.134694,1,0
558,3.0,29.0,47.0,0.0,26.0,0.024185,0.094234,1,1
559,4.0,35.285714285714285,46.0,0.0,26.0,0.043796,0.124549,1,1
560,0.0,0.0,51.42857142857143,0.0,26.0,0.007331,0.379227,1,1
561,2.0,13.714285714285714,41.714285714285715,0.0,26.0,0.055367,0.402926,0,0
562,16.0,47.857142857142854,48.0,9.0,26.0,0.294942,0.000855,1,1
563,3.0,34.42857142857143,41.57142857142857,0.0,26.0,0.124413,0.000703,1,1
564,3.0,37.0,44.857142857142854,2.0,26.0,0.058194,0.019146,1,1
565,5.0,9.857142857142858,50.42857142857143,0.0,26.0,0.205636,0.039494,0,0
566,1.0,38.42857142857143,47.57142857142857,0.0,26.0,0.020087,0.559658,1,1
567,1.0,1.7142857142857142,49.714285714285715,0.0,26.0,0.073793,0.111438,0,0
568,5.0,28.142857142857142,44.142857142857146,0.0,26.0,0.149166,0.116857,0,0
569,0.0,0.0,44.57142857142857,1.0,26.0,0.040256,0.066625,1,1
570,1.0,34.857142857142854,46.0,0.0,26.0,0.072009,0.58391,0,0
571,1.0,28.285714285714285,46.285714285714285,0.0,26.0,0.10085,0.46546,0,0
572,6.0,43.0,44.285714285714285,6.0,26.0,0.24896,0.009584,1,1
573,3.0,2.7142857142857144,42.142857142857146,0.0,26.0,0.171233,0.286812,0,0
574,1.0,20.571428571428573,51.142857142857146,0.0,26.0,0.033395,0.364487,1,1
575,2.0,15.285714285714286,47.714285714285715,0.0,26.0,0.066394,0.231711,0,0
576,1.0,0.42857142857142855,45.57142857142857,0.0,26.0,0.247439,0.192294,0,0
577,3.0,14.285714285714286,44.57142857142857,0.0,26.0,0.185388,0.324202,0,0
578,2.0,34.714285714285715,43.142857142857146,0.0,26.0,0.026008,0.036767,1,1
579,7.0,43.142857142857146,51.57142857142857,1.0,26.0,0.088612,0.056333,1,1
580,1.0,39.42857142857143,46.42857142857143,0.0,26.0,0.007051,0.012908,1,1
581,0.0,0.0,51.714285714285715,0.0,26.0,0.001577,0.274851,1,1
582,0.0,0.0,48.857142857142854,0.0,26.0,0.013342,0.012982,1,1
583,0.0,0.0,47.285714285714285,0.0,26.0,0.001771,0.052282,1,1
584,2.0,10.571428571428571,44.285714285714285,0.0,26.0,0.029606,0.175853,0,0
585,6.0,45.142857142857146,51.142857142857146,1.0,26.0,0.122181,0.00048,1,1
586,3.0,5.571428571428571,40.285714285714285,0.0,26.0,0.744746,0.195705,0,0
587,0.0,0.0,48.285714285714285,0.0,26.0,0.003659,0.122657,1,1
588,1.0,0.2857142857142857,49.857142857142854,0.0,26.0,0.264592,0.150245,0,0
589,0.0,0.0,43.42857142857143,0.0,26.0,0.01064,0.525344,1,1
590,0.0,0.0,42.285714285714285,0.0,26.0,0.031855,0.656904,1,1
591,31.0,45.857142857142854,47.285714285714285,12.0,26.0,0.496741,0.048016,1,1
592,1.0,5.285714285714286,40.285714285714285,0.0,26.0,0.106194,0.200571,0,0
593,0.0,0.0,46.714285714285715,0.0,26.0,0.013538,0.088571,1,1
594,0.0,0.0,50.857142857142854,0.0,26.0,0.001264,0.21149,1,1
595,1.0,11.571428571428571,47.285714285714285,0.0,26.0,0.003184,0.006678,1,1
596,1.0,0.42857142857142855,42.142857142857146,0.0,26.0,0.322555,0.578583,0,0
597,2.0,4.285714285714286,45.714285714285715,0.0,26.0,0.418365,0.156265,0,0
598,1.0,0.5714285714285714,42.0,0.0,26.0,0.012163,0.255415,1,1
599,1.0,0.5714285714285714,51.0,0.0,26.0,0.053872,0.189845,0,0
600,0.0,0.0,48.57142857142857,0.0,26.0,0.015459,0.138577,1,1
601,3.0,37.57142857142857,51.0,2.0,26.0,0.03699,0.173247,1,1
602,0.0,0.0,44.857142857142854,0.0,26.0,0.034668,0.137754,1,1
603,4.0,37.714285714285715,41.142857142857146,2.0,26.0,0.075763,0.091223,1,1
604,13.0,40.142857142857146,44.857142857142854,6.0,26.0,0.25889,0.046195,1,1
605,5.0,34.285714285714285,42.42857142857143,2.0,26.0,0.085851,0.189078,1,1
606,2.0,24.714285714285715,41.857142857142854,0.0,26.0,0.094497,0.214282,0,0
607,0.0,0.0,49.0,1.0,26.0,0.052333,0.337225,1,0
608,1.0,6.428571428571429,45.285714285714285,0.0,26.0,0.103515,0.085162,0,0
609,3.0,12.571428571428571,51.714285714285715,0.0,26.0,0.334683,0.172881,0,0
610,2.0,9.0,48.285714285714285,0.0,26.0,0.122363,0.138166,0,0
611,4.0,40.285714285714285,45.42857142857143,1.0,26.0,0.065014,0.104746,1,1
612,2.0,37.714285714285715,43.0,1.0,26.0,0.0646,0.026408,1,1
613,0.0,0.0,49.714285714285715,0.0,26.0,0.007139,0.245742,1,1
614,15.0,41.42857142857143,41.42857142857143,11.0,26.0,0.391115,0.000902,1,1
615,3.0,24.0,50.42857142857143,2.0,26.0,0.059361,0.349969,1,0
616,0.0,0.0,48.57142857142857,0.0,26.0,0.015085,0.05857,1,1
617,12.0,45.142857142857146,46.57142857142857,6.0,26.0,0.188497,0.032759,1,1
618,2.0,15.428571428571429,48.714285714285715,0.0,26.0,0.086828,0.449736,0,0
619,4.0,44.57142857142857,49.42857142857143,3.0,26.0,0.12029,0.154165,1,1
620,3.0,33.42857142857143,47.714285714285715,0.0,26.0,0.024876,0.405378,1,1
621,2.0,15.142857142857142,50.142857142857146,0.0,26.0,0.160923,0.184877,0,0
622,1.0,0.7142857142857143,49.0,0.0,26.0,0.125372,0.163172,0,0
623,2.0,9.714285714285714,42.857142857142854,0.0,26.0,0.03128,0.632275,0,0
624,0.0,0.0,44.714285714285715,0.0,26.0,0.00223,0.036245,1,1
625,2.0,15.0,45.285714285714285,0.0,26.0,0.225526,0.207933,0,0
626,0.0,0.0,44.285714285714285,0.0,26.0,0.014734,0.217546,1,1
627,2.0,33.285714285714285,40.42857142857143,0.0,26.0,0.004029,0.403008,1,1
628,0.0,0.0,40.57142857142857,0.0,26.0,0.015667,0.023995,1,1
629,2.0,2.857142857142857,49.142857142857146,0.0,26.0,0.316278,0.467496,0,0
630,7.0,37.0,43.857142857142854,1.0,26.0,0.112506,0.021156,1,1
631,2.0,37.285714285714285,50.0,1.0,26.0,0.053853,0.450549,1,1
632,0.0,0.0,43.0,0.0,26.0,0.0004,0.318972,1,1
633,3.0,19.0,45.857142857142854,0.0,26.0,0.193668,0.522189,0,0
634,0.0,0.0,41.57142857142857,0.0,26.0,0.001464,0.328927,1,1
635,6.0,41.285714285714285,47.57142857142857,5.0,26.0,0.094992,0.173184,1,1
636,1.0,9.142857142857142,46.285714285714285,0.0,26.0,0.147611,0.468485,0,0
637,4.0,39.0,46.714285714285715,1.0,26.0,0.027249,0.187138,1,0
638,0.0,0.0,42.0,1.0,26.0,0.0186,0.066329,1,1
639,2.0,22.571428571428573,41.42857142857143,0.0,26.0,0.033914,0.012895,1,1
640,0.0,0.0,46.714285714285715,2.0,26.0,0.048727,0.045398,1,1
641,1.0,6.142857142857143,46.714285714285715,0.0,26.0,0.413727,0.31077,0,0
642,8.0,45.0,47.142857142857146,2.0,26.0,0.173801,0.00415,1,1
643,0.0,0.0,46.0,0.0,26.0,0.003717,0.440931,1,1
644,5.0,37.714285714285715,47.42857142857143,1.0,26.0,0.067322,0.084607,1,1
645,1.0,22.714285714285715,46.0,0.0,26.0,0.083972,0.348622,0,0
646,2.0,20.142857142857142,44.0,1.0,26.0,0.046529,0.165924,1,1
647,1.0,38.0,40.285714285714285,2.0,26.0,0.019273,0.218459,1,1
648,3.0,42.285714285714285,43.714285714285715,0.0,26.0,0.034915,0.217214,0,0
649,7.0,46.57142857142857,51.0,2.0,26.0,0.097083,0.091272,1,1
650,0.0,0.0,42.285714285714285,0.0,26.0,9e-06,0.075612,1,1
651,2.0,12.0,50.142857142857146,0.0,26.0,0.042801,0.243214,1,1
652,2.0,9.142857142857142,41.714285714285715,0.0,26.0,0.022752,0.159402,1,1
653,4.0,34.0,40.714285714285715,1.0,26.0,0.088529,0.019395,1,1
654,8.0,42.0,42.142857142857146,6.0,26.0,0.152951,0.006663,1,0
655,3.0,34.57142857142857,41.0,3.0,26.0,0.078043,0.030598,1,0
656,0.0,0.0,42.0,0.0,26.0,0.367889,0.124097,0,0
657,0.0,0.0,46.42857142857143,0.0,26.0,0.006267,0.466867,1,1
658,0.0,0.0,42.142857142857146,1.0,26.0,0.005675,0.082133,1,1
659,0.0,0.0,43.857142857142854,1.0,26.0,0.002925,0.327677,1,1
660,1.0,0.8571428571428571,47.42857142857143,0.0,26.0,0.10465,0.162582,0,0
661,3.0,43.57142857142857,48.857142857142854,1.0,26.0,0.039092,0.085484,1,1
662,1.0,37.57142857142857,41.57142857142857,0.0,26.0,0.007301,0.197196,1,1
663,5.0,29.714285714285715,43.857142857142854,0.0,26.0,0.165418,0.27785,0,0
664,2.0,14.0,41.142857142857146,0.0,26.0,0.069565,0.299699,0,0
665,0.0,0.0,43.57142857142857,0.0,26.0,0.014396,0.033144,1,1
666,2.0,28.0,46.57142857142857,0.0,26.0,0.016712,0.119351,1,1
667,0.0,0.0,43.714285714285715,0.0,26.0,0.004015,0.533949,1,1
668,2.0,37.0,44.57142857142857,2.0,26.0,0.056799,0.227693,1,1
669,0.0,0.0,41.714285714285715,0.0,26.0,0.004706,0.065241,1,1
670,4.0,19.571428571428573,42.0,0.0,26.0,0.379812,0.045507,0,0
671,0.0,0.0,46.142857142857146,0.0,26.0,6e-05,0.5219,1,1
672,1.0,7.0,50.142857142857146,0.0,26.0,0.007641,0.475792,1,1
673,0.0,0.0,46.714285714285715,0.0,26.0,0.001157,0.367907,1,1
674,1.0,39.285714285714285,48.714285714285715,0.0,26.0,0.02984,0.118274,1,1
675,5.0,9.142857142857142,49.285714285714285,0.0,26.0,0.18902,0.42322,0,0
676,0.0,0.0,41.714285714285715,0.0,26.0,0.000826,0.030713,1,1
677,0.0,0.0,41.714285714285715,0.0,26.0,0.010384,0.365673,1,1
678,1.0,25.428571428571427,46.714285714285715,1.0,26.0,0.027294,0.362245,1,1
679,4.0,28.857142857142858,50.57142857142857,4.0,26.0,0.075374,0.057312,1,1
680,3.0,14.428571428571429,41.0,0.0,26.0,0.221301,0.377185,0,0
681,3.0,27.714285714285715,41.285714285714285,1.0,26.0,0.096217,0.063898,1,1
682,1.0,2.0,42.714285714285715,0.0,26.0,0.155204,0.280103,0,0
683,6.0,40.714285714285715,43.142857142857146,1.0,26.0,0.158214,0.340122,1,0
684,0.0,0.0,43.714285714285715,4.0,26.0,0.079923,0.022945,1,1
685,1.0,2.5714285714285716,48.857142857142854,0.0,26.0,0.03418,0.242871,0,0
686,1.0,24.714285714285715,44.42857142857143,0.0,26.0,0.027757,6.9e-05,1,1
687,6.0,48.57142857142857,49.0,2.0,26.0,0.0731,0.124795,1,1
688,0.0,0.0,47.285714285714285,1.0,26.0,0.023622,0.372628,1,0
689,1.0,7.571428571428571,47.285714285714285,0.0,26.0,0.157129,0.445973,0,0
690,4.0,41.42857142857143,50.42857142857143,2.0,26.0,0.105683,0.262903,1,0
691,1.0,6.714285714285714,49.857142857142854,0.0,26.0,0.174873,0.511506,0,0
692,2.0,38.57142857142857,49.42857142857143,0.0,26.0,0.035087,0.237403,0,0
693,7.0,41.714285714285715,43.0,6.0,26.0,0.130243,0.052286,1,1
694,0.0,0.0,50.714285714285715,0.0,26.0,0.017232,0.099185,1,1
695,7.0,11.428571428571429,50.142857142857146,0.0,26.0,0.432732,0.063646,0,0
696,11.0,45.142857142857146,46.0,8.0,26.0,0.243938,0.004001,1,1
697,1.0,2.7142857142857144,50.57142857142857,0.0,26.0,0.488423,0.765415,0,0
698,9.0,20.714285714285715,44.57142857142857,0.0,26.0,0.3398,0.119892,0,0
699,0.0,0.0,45.714285714285715,0.0,26.0,0.021125,0.179804,1,1
700,9.0,37.857142857142854,41.0,6.0,26.0,0.210068,0.084372,1,1
701,5.0,44.285714285714285,47.285714285714285,0.0,26.0,0.140139,0.219576,0,0
702,5.0,48.714285714285715,51.0,5.0,26.0,0.105699,0.011814,1,1
703,1.0,2.7142857142857144,48.0,0.0,26.0,0.176358,0.339402,0,0
704,1.0,6.714285714285714,49.714285714285715,0.0,26.0,0.155199,0.211127,0,0
705,0.0,0.0,41.57142857142857,1.0,26.0,0.007167,0.005005,1,1
706,2.0,23.428571428571427,44.42857142857143,0.0,26.0,0.021441,0.130004,1,1
707,4.0,28.285714285714285,41.285714285714285,5.0,26.0,0.224335,0.128271,1,1
708,6.0,39.42857142857143,41.42857142857143,3.0,26.0,0.120868,0.038516,1,1
709,3.0,9.142857142857142,44.57142857142857,0.0,26.0,0.057438,0.060205,0,0
710,1.0,10.714285714285714,46.714285714285715,0.0,26.0,0.165195,0.782875,0,0
711,0.0,0.0,46.0,0.0,26.0,0.0232,0.380548,1,1
712,1.0,33.142857142857146,44.57142857142857,1.0,26.0,0.01383,0.359906,1,0
713,1.0,14.142857142857142,46.57142857142857,1.0,26.0,0.042534,0.09746,1,0
714,0.0,0.0,51.142857142857146,1.0,26.0,0.012042,0.113142,1,1
715,1.0,33.142857142857146,49.57142857142857,0.0,26.0,0.045561,0.102859,0,0
716,7.0,16.714285714285715,40.42857142857143,0.0,26.0,0.277869,0.088523,0,0
717,1.0,0.42857142857142855,40.857142857142854,0.0,26.0,0.100784,0.34032,0,0
718,1.0,11.571428571428571,50.714285714285715,0.0,26.0,0.025083,0.416855,1,1
719,3.0,5.428571428571429,40.285714285714285,0.0,26.0,0.230347,0.127885,0,0
720,5.0,41.142857142857146,42.714285714285715,3.0,26.0,0.130659,0.037279,1,1
721,1.0,3.2857142857142856,40.142857142857146,0.0,26.0,0.437701,0.358086,0,0
722,2.0,19.857142857142858,41.0,3.0,26.0,0.082076,0.206073,1,0
723,2.0,3.2857142857142856,46.285714285714285,1.0,26.0,0.051,0.463871,1,1
724,0.0,0.0,42.714285714285715,0.0,26.0,0.027502,0.151,1,1
725,2.0,41.42857142857143,44.714285714285715,1.0,26.0,0.040174,0.084855,1,1
726,8.0,37.285714285714285,43.0,12.0,26.0,0.302319,0.013566,1,1
727,3.0,43.142857142857146,43.142857142857146,5.0,26.0,0.098486,0.006202,1,1
728,2.0,14.714285714285714,45.285714285714285,0.0,26.0,0.139824,0.327529,0,0
729,0.0,0.0,42.714285714285715,0.0,26.0,0.006723,0.098409,1,1
730,2.0,4.714285714285714,46.42857142857143,0.0,26.0,0.225044,0.11067,0,0
731,1.0,25.428571428571427,45.0,1.0,26.0,0.029549,0.649005,1,0
732,5.0,5.571428571428571,43.42857142857143,0.0,26.0,0.574281,0.11789,0,0
733,2.0,27.714285714285715,46.714285714285715,0.0,26.0,0.146671,0.059669,0,0
734,1.0,31.857142857142858,50.0,0.0,26.0,0.014239,0.12678,1,1
735,13.0,37.285714285714285,41.142857142857146,8.0,26.0,0.382716,0.000521,1,1
736,4.0,47.857142857142854,49.42857142857143,2.0,26.0,0.117504,0.062468,1,0
737,2.0,5.857142857142857,50.142857142857146,0.0,26.0,0.162229,0.147826,0,0
738,2.0,32.0,45.0,0.0,26.0,0.068416,0.199179,0,0
739,1.0,40.714285714285715,47.0,0.0,26.0,0.036191,0.122115,1,1
740,1.0,36.142857142857146,47.42857142857143,0.0,26.0,0.01638,0.106196,1,1
741,9.0,43.42857142857143,49.857142857142854,5.0,26.0,0.240237,0.033894,1,1
742,1.0,2.857142857142857,51.0,0.0,26.0,0.007007,0.076871,1,1
743,10.0,27.571428571428573,43.857142857142854,0.0,26.0,0.157807,0.014108,0,0
744,2.0,46.285714285714285,47.57142857142857,0.0,26.0,0.076223,0.036303,1,1
745,1.0,14.857142857142858,46.714285714285715,0.0,26.0,0.124497,0.242451,0,0
746,1.0,29.142857142857142,45.42857142857143,0.0,26.0,0.026141,0.165698,1,1
747,1.0,5.142857142857143,46.285714285714285,1.0,26.0,0.001976,0.023975,1,1
748,0.0,0.0,51.857142857142854,0.0,26.0,0.138055,0.503716,0,0
749,0.0,0.0,42.0,0.0,26.0,0.000158,0.007008,1,1
750,1.0,41.714285714285715,42.0,0.0,26.0,0.013089,0.099128,1,1
751,9.0,40.42857142857143,42.714285714285715,3.0,26.0,0.237918,0.024133,1,1
752,0.0,0.0,49.0,0.0,26.0,0.009944,0.758249,1,1
753,0.0,0.0,49.857142857142854,1.0,26.0,0.013154,0.030948,1,1
754,3.0,7.0,49.57142857142857,0.0,26.0,0.371044,0.435692,0,0
755,0.0,0.0,40.57142857142857,0.0,26.0,0.001518,0.066902,1,1
756,1.0,14.0,50.857142857142854,0.0,26.0,0.23803,0.222602,0,0
757,0.0,0.0,42.0,0.0,26.0,0.000629,0.013105,1,1
758,0.0,0.0,41.714285714285715,0.0,26.0,0.001773,0.165179,1,1
759,14.0,38.0,48.142857142857146,4.0,26.0,0.277505,0.022346,1,1
760,8.0,40.714285714285715,41.42857142857143,4.0,26.0,0.301357,0.180834,1,0
761,5.0,39.57142857142857,49.714285714285715,0.0,26.0,0.061727,0.27974,0,0
762,2.0,25.428571428571427,46.0,0.0,26.0,0.081047,0.117029,0,0
763,2.0,29.142857142857142,44.42857142857143,5.0,26.0,0.124056,0.188209,1,1
764,2.0,5.714285714285714,43.285714285714285,0.0,26.0,0.877559,0.773872,0,0
765,2.0,4.714285714285714,44.42857142857143,0.0,26.0,0.231435,0.39909,0,0
766,0.0,0.0,50.857142857142854,0.0,26.0,0.010092,0.029994,1,1
767,1.0,8.714285714285714,49.57142857142857,0.0,26.0,0.133534,0.437198,0,0
768,2.0,42.42857142857143,43.42857142857143,0.0,26.0,0.016473,0.168242,0,0
769,2.0,9.857142857142858,46.0,0.0,26.0,0.196408,0.425586,0,0
770,4.0,48.142857142857146,50.857142857142854,2.0,26.0,0.076037,0.093157,1,1
771,0.0,0.0,47.714285714285715,0.0,26.0,0.0015,0.350088,1,1
772,2.0,47.42857142857143,51.714285714285715,1.0,26.0,0.071167,0.006637,1,1
773,11.0,46.857142857142854,48.857142857142854,0.0,26.0,0.196494,0.044709,0,0
774,2.0,41.57142857142857,46.57142857142857,1.0,26.0,0.048601,0.101224,1,1
775,3.0,42.42857142857143,44.42857142857143,3.0,26.0,0.087265,0.259369,1,1
776,1.0,15.714285714285714,44.857142857142854,0.0,26.0,0.071837,0.157788,1,1
777,3.0,36.714285714285715,43.142857142857146,2.0,26.0,0.076858,0.400481,1,1
778,1.0,31.428571428571427,51.57142857142857,1.0,26.0,0.021715,0.116729,1,1
779,0.0,0.0,44.57142857142857,0.0,26.0,0.001821,0.200719,1,1
780,1.0,11.0,42.0,0.0,26.0,0.048991,0.232805,0,0
781,0.0,0.0,49.285714285714285,0.0,26.0,0.003779,0.411537,1,1
782,1.0,12.428571428571429,45.57142857142857,1.0,26.0,0.015157,0.520602,1,0
783,16.0,44.42857142857143,46.714285714285715,3.0,26.0,0.243822,0.002926,1,1
784,0.0,0.0,44.42857142857143,0.0,26.0,0.019007,0.130295,1,1
785,0.0,0.0,50.142857142857146,0.0,26.0,0.018491,0.169986,1,1
786,1.0,8.142857142857142,46.57142857142857,0.0,26.0,0.078601,0.25495,0,0
787,0.0,0.0,46.57142857142857,0.0,26.0,0.022625,0.312367,1,1
788,0.0,0.0,51.0,0.0,26.0,0.005997,0.66895,1,1
789,1.0,12.0,44.0,0.0,26.0,0.121553,0.48883,0,0
790,8.0,41.0,45.57142857142857,1.0,26.0,0.216043,0.085834,1,0
791,2.0,14.428571428571429,45.857142857142854,0.0,26.0,0.05435,0.549167,0,0
792,3.0,7.714285714285714,51.142857142857146,0.0,26.0,0.109895,0.173121,0,0
793,0.0,0.0,42.857142857142854,0.0,26.0,0.001816,0.001789,1,1
794,1.0,1.5714285714285714,43.285714285714285,0.0,26.0,0.042123,0.383267,0,0
795,2.0,27.0,51.57142857142857,0.0,26.0,0.034025,0.006698,1,1
796,4.0,28.571428571428573,42.57142857142857,3.0,26.0,0.100034,0.073123,1,0
797,1.0,7.428571428571429,51.0,0.0,26.0,0.163304,0.465031,0,0
798,1.0,19.0,48.142857142857146,0.0,26.0,0.032947,0.188716,1,1
799,0.0,0.0,46.714285714285715,1.0,26.0,0.006017,0.030258,1,1
800,2.0,40.857142857142854,43.142857142857146,2.0,26.0,0.060482,0.00611,1,1
801,0.0,0.0,47.42857142857143,1.0,26.0,0.025566,0.037942,1,1
802,3.0,44.0,48.42857142857143,0.0,26.0,0.057192,0.058777,1,1
803,3.0,41.57142857142857,46.285714285714285,1.0,26.0,0.089078,0.118738,1,1
804,5.0,18.857142857142858,48.142857142857146,0.0,26.0,0.274974,0.049032,0,0
805,1.0,2.142857142857143,44.857142857142854,0.0,26.0,0.357465,0.604928,0,0
806,3.0,50.142857142857146,50.42857142857143,1.0,26.0,0.053892,0.127697,1,1
807,0.0,0.0,43.142857142857146,0.0,26.0,0.003159,0.579186,1,1
808,11.0,37.0,41.857142857142854,7.0,26.0,0.140098,0.007385,1,1
809,0.0,0.0,42.57142857142857,1.0,26.0,0.013014,0.393359,1,0
810,0.0,0.0,46.0,0.0,26.0,0.000869,0.23731,1,1
811,1.0,0.42857142857142855,40.0,0.0,26.0,0.774462,0.253611,0,0
812,1.0,8.571428571428571,47.142857142857146,2.0,26.0,0.023054,0.197887,1,1
813,1.0,30.857142857142858,43.42857142857143,0.0,26.0,0.096951,0.236651,0,0
814,9.0,50.42857142857143,51.285714285714285,4.0,26.0,0.122184,0.010894,1,1
815,0.0,0.0,45.0,0.0,26.0,0.015296,0.343661,1,1
816,3.0,40.857142857142854,51.857142857142854,0.0,26.0,0.036163,0.004288,1,1
817,3.0,19.428571428571427,48.57142857142857,0.0,26.0,0.105552,0.176911,0,0
818,14.0,20.0,47.42857142857143,0.0,26.0,0.669668,0.112223,0,0
819,0.0,0.0,42.285714285714285,1.0,26.0,0.018421,0.008662,1,1
820,0.0,0.0,44.142857142857146,0.0,26.0,0.000184,0.000326,1,1
821,1.0,18.857142857142858,45.57142857142857,0.0,26.0,0.004627,0.216235,1,1
822,1.0,46.714285714285715,47.42857142857143,0.0,26.0,0.015683,0.068425,1,1
823,1.0,1.0,45.142857142857146,0.0,26.0,0.123491,0.347646,0,0
824,2.0,38.714285714285715,41.142857142857146,1.0,26.0,0.021576,0.261145,1,0
825,0.0,0.0,49.57142857142857,1.0,26.0,0.069369,0.458175,1,1
826,11.0,20.285714285714285,40.714285714285715,0.0,26.0,0.551411,0.18164,0,0
827,4.0,39.0,40.857142857142854,0.0,26.0,0.063996,0.036177,1,1
828,0.0,0.0,47.0,0.0,26.0,0.00388,0.284631,1,1
829,1.0,22.857142857142858,48.714285714285715,0.0,26.0,0.038539,0.280432,0,0
830,1.0,0.42857142857142855,49.0,0.0,26.0,0.0242,0.201976,1,1
831,3.0,30.0,42.857142857142854,0.0,26.0,0.04169,0.587454,0,0
832,0.0,0.0,47.857142857142854,0.0,26.0,0.001603,0.084638,1,1
833,1.0,8.714285714285714,43.42857142857143,0.0,26.0,0.015898,0.178854,0,0
834,1.0,11.0,46.285714285714285,0.0,26.0,0.075724,0.573653,0,0
835,1.0,0.42857142857142855,42.42857142857143,0.0,26.0,0.359016,0.228886,0,0
836,1.0,4.142857142857143,44.857142857142854,0.0,26.0,0.034223,0.376732,0,0
837,1.0,2.142857142857143,42.714285714285715,0.0,26.0,0.036704,0.262269,1,1
838,4.0,39.857142857142854,42.285714285714285,2.0,26.0,0.052517,0.186963,1,1
839,1.0,33.57142857142857,46.0,0.0,26.0,0.020978,0.054185,1,1
840,6.0,44.142857142857146,49.57142857142857,3.0,26.0,0.110992,0.591049,1,1
841,6.0,21.142857142857142,42.857142857142854,0.0,26.0,0.092275,0.018892,0,0
842,0.0,0.0,48.0,0.0,26.0,0.006367,0.062634,1,1
843,4.0,23.285714285714285,43.142857142857146,3.0,26.0,0.067833,0.110796,1,1
844,2.0,15.285714285714286,49.714285714285715,0.0,26.0,0.149068,0.555081,0,0
845,1.0,43.714285714285715,47.42857142857143,1.0,26.0,0.040275,0.443103,1,0
846,2.0,19.285714285714285,41.857142857142854,0.0,26.0,0.142916,0.138971,0,0
847,0.0,0.0,43.285714285714285,0.0,26.0,0.006837,0.08396,1,1
848,2.0,11.142857142857142,47.714285714285715,0.0,26.0,0.020586,0.239579,0,0
849,0.0,0.0,41.57142857142857,0.0,26.0,0.000466,0.166854,1,1
850,6.0,42.142857142857146,48.714285714285715,2.0,26.0,0.096443,0.078925,1,1
851,3.0,33.285714285714285,43.714285714285715,0.0,26.0,0.073649,0.25423,0,0
852,2.0,23.0,51.0,1.0,26.0,0.051255,0.126928,1,0
853,0.0,0.0,44.142857142857146,0.0,26.0,0.004987,0.112336,1,1
854,1.0,18.428571428571427,44.142857142857146,0.0,26.0,0.023664,0.243589,0,0
855,4.0,37.714285714285715,51.142857142857146,0.0,26.0,0.025072,0.069651,1,1
856,1.0,15.142857142857142,40.57142857142857,1.0,26.0,0.048498,0.645313,1,0
857,6.0,12.571428571428571,44.0,0.0,26.0,0.230235,0.094268,0,0
858,1.0,27.428571428571427,48.42857142857143,1.0,26.0,0.053299,0.000143,1,1
859,1.0,1.0,47.714285714285715,0.0,26.0,0.119381,0.137797,0,0
860,2.0,22.0,47.57142857142857,0.0,26.0,0.142261,0.606634,0,0
861,1.0,40.0,43.42857142857143,2.0,26.0,0.077327,0.353149,1,1
862,1.0,2.5714285714285716,43.42857142857143,0.0,26.0,0.090859,0.567697,0,0
863,2.0,26.857142857142858,48.0,1.0,26.0,0.04455,0.020237,1,1
864,0.0,0.0,43.42857142857143,0.0,26.0,0.467064,0.382243,0,0
865,2.0,35.285714285714285,49.714285714285715,0.0,26.0,0.042137,0.209198,1,1
866,1.0,1.4285714285714286,49.857142857142854,0.0,26.0,0.304098,0.373308,0,0
867,3.0,39.857142857142854,40.285714285714285,3.0,26.0,0.10614,0.191737,1,1
868,4.0,42.0,47.714285714285715,2.0,26.0,0.063374,0.119484,1,1
869,6.0,45.42857142857143,45.42857142857143,4.0,26.0,0.120221,0.013674,1,1
870,1.0,2.857142857142857,40.285714285714285,0.0,26.0,0.104543,0.320936,0,0
871,1.0,15.428571428571429,42.857142857142854,2.0,26.0,0.058843,0.012588,1,1
872,0.0,0.0,47.142857142857146,0.0,26.0,0.01345,0.310332,1,1
873,2.0,45.142857142857146,46.57142857142857,0.0,26.0,0.028503,0.195137,1,1
874,2.0,4.571428571428571,43.42857142857143,0.0,26.0,0.29248,0.222248,0,0
875,0.0,0.0,42.42857142857143,3.0,26.0,0.029337,0.092772,1,1
876,0.0,0.0,47.285714285714285,0.0,26.0,0.007596,0.000616,1,1
877,0.0,0.0,44.57142857142857,0.0,26.0,0.047228,0.136353,1,1
878,0.0,0.0,40.857142857142854,0.0,26.0,0.011593,0.047453,1,1
879,2.0,17.428571428571427,45.857142857142854,0.0,26.0,0.368895,0.371089,0,0
880,2.0,47.857142857142854,48.142857142857146,0.0,26.0,0.023461,0.031927,1,1
881,0.0,0.0,47.857142857142854,0.0,26.0,0.001662,0.003243,1,1
882,1.0,17.285714285714285,43.42857142857143,0.0,26.0,0.00943,0.027882,1,1
883,2.0,31.142857142857142,42.42857142857143,0.0,26.0,0.052985,0.41764,1,1
884,1.0,2.5714285714285716,50.57142857142857,1.0,26.0,0.056628,0.112517,1,1
885,8.0,44.714285714285715,45.142857142857146,1.0,26.0,0.185574,0.135912,1,0
886,3.0,20.0,50.42857142857143,0.0,26.0,0.041164,0.230516,0,0
887,1.0,3.142857142857143,51.57142857142857,0.0,26.0,0.09111,0.413861,0,0
888,0.0,0.0,43.857142857142854,0.0,26.0,0.002359,0.369665,1,1
889,2.0,7.428571428571429,44.42857142857143,0.0,26.0,0.035019,0.048048,1,1
890,2.0,24.571428571428573,47.142857142857146,0.0,26.0,0.086482,0.347786,0,0
891,2.0,17.285714285714285,42.857142857142854,0.0,26.0,0.174588,0.169653,0,0
892,1.0,23.428571428571427,40.714285714285715,4.0,26.0,0.048681,0.217327,1,1
893,0.0,0.0,42.142857142857146,0.0,26.0,0.002627,0.129189,1,1
894,0.0,0.0,43.142857142857146,0.0,26.0,0.010442,0.409231,1,1
895,3.0,32.0,47.714285714285715,0.0,26.0,0.120347,0.15577,0,0
896,2.0,19.285714285714285,48.57142857142857,3.0,26.0,0.154111,0.032956,1,1
897,1.0,22.285714285714285,50.857142857142854,2.0,26.0,0.006429,0.04919,1,1
898,1.0,34.57142857142857,43.714285714285715,0.0,26.0,0.025412,0.268247,0,0
899,4.0,31.0,51.285714285714285,0.0,26.0,0.104413,0.175936,0,0
900,0.0,0.0,51.285714285714285,0.0,26.0,0.00651,0.160356,1,1
901,4.0,39.57142857142857,44.285714285714285,5.0,26.0,0.091845,0.195119,1,1
902,2.0,7.285714285714286,51.57142857142857,0.0,26.0,0.172363,0.069615,0,0
903,10.0,42.57142857142857,48.142857142857146,10.0,26.0,0.351074,0.044806,1,1
904,2.0,9.142857142857142,47.285714285714285,0.0,26.0,0.053608,0.486395,0,0
905,13.0,34.285714285714285,45.714285714285715,0.0,26.0,0.350539,0.171157,0,0
906,2.0,33.142857142857146,49.57142857142857,0.0,26.0,0.062952,0.585981,0,0
907,0.0,0.0,44.714285714285715,1.0,26.0,0.045065,0.48355,1,1
908,2.0,1.8571428571428572,48.714285714285715,0.0,26.0,0.510446,0.488371,0,0
909,1.0,48.0,49.57142857142857,1.0,26.0,0.073062,0.291638,1,0
910,1.0,13.142857142857142,40.0,0.0,26.0,0.105357,0.035028,0,0
911,1.0,20.142857142857142,45.857142857142854,0.0,26.0,0.061565,0.389494,0,0
912,1.0,0.14285714285714285,50.0,0.0,26.0,0.216744,0.07701,0,0
913,1.0,22.142857142857142,40.57142857142857,1.0,26.0,0.02475,0.029226,1,1
914,2.0,20.571428571428573,49.285714285714285,0.0,26.0,0.336009,0.246114,0,0
915,1.0,7.571428571428571,43.57142857142857,0.0,26.0,0.053596,0.399961,0,0
916,0.0,0.0,51.57142857142857,0.0,26.0,0.006222,0.168473,1,1
917,8.0,48.285714285714285,50.142857142857146,6.0,26.0,0.162256,0.076934,1,1
918,4.0,38.857142857142854,47.42857142857143,2.0,26.0,0.098819,0.220995,1,0
919,1.0,28.428571428571427,44.42857142857143,0.0,26.0,0.004001,0.29126,1,1
920,0.0,0.0,50.42857142857143,0.0,26.0,0.000232,0.031458,1,1
921,3.0,36.57142857142857,41.42857142857143,1.0,26.0,0.033891,0.018078,1,1
922,0.0,0.0,49.42857142857143,0.0,26.0,0.011127,0.117311,1,1
923,1.0,2.7142857142857144,49.714285714285715,0.0,26.0,0.065794,0.148309,0,0
924,9.0,46.857142857142854,47.57142857142857,5.0,26.0,0.251365,0.050535,1,1
925,1.0,0.42857142857142855,51.714285714285715,0.0,26.0,0.098087,0.330642,0,0
926,1.0,11.142857142857142,50.857142857142854,0.0,26.0,0.137977,0.045366,0,0
927,0.0,0.0,50.285714285714285,0.0,26.0,0.003029,0.066989,1,1
928,1.0,47.285714285714285,49.0,0.0,26.0,0.01567,0.660675,1,1
929,1.0,1.4285714285714286,49.42857142857143,0.0,26.0,0.320532,0.121535,0,0
930,1.0,1.0,43.57142857142857,0.0,26.0,0.460072,0.579788,0,0
931,2.0,26.857142857142858,46.42857142857143,0.0,26.0,0.056186,0.266104,0,0
932,1.0,27.0,50.857142857142854,1.0,26.0,0.046141,0.03381,1,1
933,6.0,36.42857142857143,45.57142857142857,2.0,26.0,0.221794,0.013113,1,1
934,4.0,39.57142857142857,42.285714285714285,1.0,26.0,0.045702,0.033946,1,1
935,1.0,3.7142857142857144,46.857142857142854,0.0,26.0,0.24188,0.417225,0,0
936,3.0,44.285714285714285,47.57142857142857,1.0,26.0,0.063079,0.301463,1,1
937,2.0,2.2857142857142856,46.0,0.0,26.0,0.247404,0.322608,0,0
938,1.0,10.0,46.142857142857146,0.0,26.0,0.075912,0.689311,0,0
939,0.0,0.0,50.857142857142854,0.0,26.0,0.000604,0.097229,1,1
940,1.0,6.142857142857143,41.0,2.0,26.0,0.102109,0.00348,1,1
941,1.0,47.714285714285715,50.714285714285715,0.0,26.0,0.016421,0.572866,0,0
942,1.0,38.714285714285715,41.0,0.0,26.0,0.003248,0.097166,1,1
943,0.0,0.0,41.857142857142854,0.0,26.0,0.010915,0.187778,1,1
944,2.0,45.0,46.57142857142857,0.0,26.0,0.054777,0.388931,1,1
945,1.0,10.571428571428571,44.285714285714285,0.0,26.0,0.037163,0.56501,0,0
946,2.0,50.0,50.857142857142854,0.0,26.0,0.036797,0.050963,1,1
947,1.0,13.714285714285714,40.42857142857143,0.0,26.0,0.010485,0.538113,0,0
948,0.0,0.0,46.142857142857146,1.0,26.0,0.018133,0.306992,1,1
949,0.0,0.0,48.714285714285715,1.0,26.0,0.056593,0.620407,1,0
950,7.0,43.57142857142857,49.42857142857143,1.0,26.0,0.158311,0.014406,1,1
951,0.0,0.0,41.142857142857146,1.0,26.0,0.049051,0.166958,1,0
952,3.0,34.42857142857143,50.57142857142857,2.0,26.0,0.026739,0.18543,1,1
953,2.0,11.285714285714286,46.0,0.0,26.0,0.080456,0.178565,0,0
954,3.0,40.42857142857143,43.142857142857146,2.0,26.0,0.07447,0.013236,1,1
955,0.0,0.0,42.57142857142857,0.0,26.0,0.015984,0.008875,1,1
956,1.0,3.5714285714285716,41.714285714285715,0.0,26.0,0.033326,0.245466,0,0
957,0.0,0.0,46.285714285714285,0.0,26.0,0.00248,0.003209,1,1
958,0.0,0.0,51.57142857142857,1.0,26.0,0.002533,0.180691,1,1
959,0.0,0.0,44.42857142857143,0.0,26.0,0.027894,0.051668,1,1
960,4.0,14.285714285714286,42.714285714285715,3.0,26.0,0.089945,0.086343,1,1
961,14.0,49.142857142857146,50.142857142857146,5.0,26.0,0.246967,0.013355,1,1
962,5.0,13.142857142857142,41.857142857142854,0.0,26.0,0.212043,0.090087,0,0
963,1.0,4.714285714285714,41.142857142857146,0.0,26.0,0.566317,0.492823,0,0
964,3.0,44.714285714285715,44.714285714285715,4.0,26.0,0.119647,0.019971,1,1
965,2.0,32.857142857142854,42.142857142857146,1.0,26.0,0.069575,0.069688,1,1
966,1.0,4.571428571428571,50.285714285714285,0.0,26.0,0.184646,0.220967,0,0
967,1.0,2.857142857142857,41.57142857142857,0.0,26.0,0.122121,0.58869,0,0
968,1.0,31.857142857142858,41.142857142857146,0.0,26.0,0.070158,0.37144,1,1
969,5.0,38.57142857142857,47.714285714285715,6.0,26.0,0.187735,0.030191,1,1
970,1.0,5.857142857142857,41.0,0.0,26.0,0.160266,0.052767,0,0
971,5.0,41.857142857142854,49.42857142857143,2.0,26.0,0.111633,0.044845,1,0
972,3.0,51.285714285714285,51.285714285714285,0.0,26.0,0.056001,0.022043,1,1
973,1.0,3.857142857142857,40.42857142857143,0.0,26.0,0.241915,0.744842,0,0
974,4.0,15.285714285714286,47.42857142857143,0.0,26.0,0.222579,0.158179,0,0
975,5.0,38.714285714285715,48.714285714285715,1.0,26.0,0.07023,0.001192,1,1
976,3.0,17.714285714285715,50.42857142857143,0.0,26.0,0.190901,0.078261,0,0
977,0.0,0.0,49.285714285714285,0.0,26.0,0.010891,0.170242,1,1
978,0.0,0.0,48.0,0.0,26.0,0.004734,0.320036,1,1
979,3.0,23.142857142857142,49.142857142857146,0.0,26.0,0.082638,0.842406,0,0
980,1.0,36.42857142857143,41.142857142857146,0.0,26.0,0.050159,0.019295,1,1
981,1.0,3.7142857142857144,50.57142857142857,0.0,26.0,0.016605,0.618594,1,1
982,0.0,0.0,42.285714285714285,1.0,26.0,0.01016,0.279406,1,1
983,0.0,0.0,46.285714285714285,0.0,26.0,0.007348,0.050478,1,1
984,1.0,45.57142857142857,46.714285714285715,0.0,26.0,0.010079,0.247379,0,0
985,2.0,42.714285714285715,43.57142857142857,0.0,26.0,0.134214,0.04317,0,0
986,0.0,0.0,44.857142857142854,0.0,26.0,0.027608,0.11937,1,1
987,0.0,0.0,40.42857142857143,0.0,26.0,0.001418,0.004397,1,1
988,4.0,47.714285714285715,48.857142857142854,2.0,26.0,0.091027,0.012642,1,1
989,2.0,38.857142857142854,45.142857142857146,0.0,26.0,0.058108,0.244069,0,0
990,0.0,0.0,51.857142857142854,0.0,26.0,7.8e-05,0.003541,1,1
991,4.0,31.714285714285715,51.57142857142857,0.0,26.0,0.062462,0.121316,0,0
992,3.0,2.4285714285714284,42.0,0.0,26.0,1.019053,0.45177,0,0
993,2.0,13.285714285714286,43.285714285714285,0.0,26.0,0.088004,0.237748,0,0
994,1.0,17.428571428571427,42.857142857142854,0.0,26.0,0.264736,0.581422,0,0
995,8.0,41.285714285714285,45.0,4.0,26.0,0.214343,0.023521,1,0
996,2.0,30.142857142857142,47.57142857142857,0.0,26.0,0.045453,0.319937,0,0
997,0.0,0.0,47.714285714285715,1.0,26.0,0.051569,0.570549,1,1
998,1.0,5.857142857142857,49.0,0.0,26.0,0.157668,0.553288,0,0
999,0.0,0.0,40.714285714285715,0.0,26.0,0.002163,0.034666,1,1
1000,6.0,31.857142857142858,41.57142857142857,1.0,26.0,0.069846,0.036506,1,1
1001,2.0,21.571428571428573,43.142857142857146,0.0,26.0,0.042115,0.382303,0,0
1002,7.0,31.857142857142858,41.857142857142854,4.0,26.0,0.149768,0.002477,1,1
1003,2.0,48.42857142857143,48.42857142857143,0.0,26.0,0.008629,0.4908,0,0
1004,0.0,0.0,43.142857142857146,0.0,26.0,0.001653,0.054086,1,1
1005,5.0,37.714285714285715,41.42857142857143,7.0,26.0,0.195219,0.070906,1,0
1006,1.0,23.428571428571427,51.142857142857146,0.0,26.0,0.085952,0.279144,0,0
1007,3.0,44.285714285714285,51.0,2.0,26.0,0.112408,0.026359,1,1
1008,1.0,46.142857142857146,50.42857142857143,0.0,26.0,0.043827,0.03192,1,1
1009,4.0,37.42857142857143,45.714285714285715,2.0,26.0,0.095698,0.00153,1,1
1010,3.0,37.57142857142857,49.857142857142854,1.0,26.0,0.061815,0.205303,1,1
1011,0.0,0.0,43.714285714285715,2.0,26.0,0.052294,0.502126,1,0
1012,6.0,20.428571428571427,48.857142857142854,0.0,26.0,0.227695,0.389843,0,0
1013,0.0,0.0,42.0,0.0,26.0,0.015463,0.060332,1,1
1014,0.0,0.0,45.0,0.0,26.0,0.000964,0.323006,1,1
1015,16.0,45.142857142857146,48.714285714285715,1.0,26.0,0.214094,0.152913,1,0
1016,1.0,4.714285714285714,49.857142857142854,0.0,26.0,0.187691,0.355378,0,0
1017,1.0,2.5714285714285716,44.142857142857146,1.0,26.0,0.028266,0.305966,1,1
1018,3.0,30.714285714285715,46.285714285714285,0.0,26.0,0.164221,0.127482,0,0
1019,32.0,45.285714285714285,45.285714285714285,18.0,26.0,0.772223,0.023403,1,1
1020,0.0,0.0,40.285714285714285,0.0,26.0,0.024365,0.189605,1,1
1021,1.0,4.857142857142857,51.0,0.0,26.0,0.006997,0.006688,1,1
1022,1.0,40.285714285714285,47.0,0.0,26.0,0.146905,0.338904,0,0
1023,4.0,41.285714285714285,42.857142857142854,0.0,26.0,0.087508,0.415217,0,0
1024,2.0,7.0,46.714285714285715,0.0,26.0,0.234073,0.393033,0,0
1025,11.0,25.571428571428573,45.57142857142857,0.0,26.0,0.294893,0.076464,0,0
1026,2.0,25.428571428571427,40.57142857142857,0.0,26.0,0.065887,0.106879,1,1
1027,4.0,39.142857142857146,46.714285714285715,3.0,26.0,0.057106,0.039402,1,1
1028,2.0,50.0,51.142857142857146,1.0,26.0,0.021702,0.078558,1,1
1029,0.0,0.0,49.57142857142857,0.0,26.0,0.001558,0.193384,1,1
1030,1.0,16.285714285714285,49.142857142857146,1.0,26.0,0.015261,0.28299,1,0
1031,2.0,1.5714285714285714,45.285714285714285,0.0,26.0,0.519335,0.187613,0,0
1032,1.0,20.285714285714285,43.42857142857143,0.0,26.0,0.105828,0.090595,0,0
1033,5.0,37.42857142857143,46.57142857142857,2.0,26.0,0.09231,0.053207,1,0
1034,3.0,42.285714285714285,44.857142857142854,1.0,26.0,0.052455,0.064128,1,1
1035,1.0,30.428571428571427,51.714285714285715,0.0,26.0,0.046396,0.106878,0,0
1036,0.0,0.0,44.142857142857146,0.0,26.0,0.003965,0.330565,1,1
1037,1.0,3.4285714285714284,51.42857142857143,0.0,26.0,0.104044,0.296364,0,0
1038,1.0,29.714285714285715,44.142857142857146,1.0,26.0,0.008885,0.20024,1,1
1039,2.0,39.0,46.857142857142854,0.0,26.0,0.004363,0.001537,1,1
1040,1.0,0.2857142857142857,43.42857142857143,0.0,26.0,0.05462,0.237549,0,0
1041,2.0,28.285714285714285,50.285714285714285,0.0,26.0,0.0259,0.014928,1,1
1042,2.0,27.285714285714285,42.142857142857146,0.0,26.0,0.023068,0.201197,1,1
1043,1.0,0.42857142857142855,47.285714285714285,0.0,26.0,0.220281,0.190822,0,0
1044,0.0,0.0,45.0,0.0,26.0,0.001887,0.191712,1,1
1045,0.0,0.0,45.42857142857143,0.0,26.0,0.010001,0.455805,1,1
1046,4.0,19.428571428571427,49.57142857142857,0.0,26.0,0.123416,0.151062,0,0
1047,2.0,3.0,42.714285714285715,0.0,26.0,0.327204,0.237857,0,0
1048,1.0,1.8571428571428572,50.57142857142857,0.0,26.0,0.050669,0.455034,0,0
1049,9.0,42.0,44.0,0.0,26.0,0.108297,0.204252,0,0
1050,7.0,34.857142857142854,48.714285714285715,3.0,26.0,0.097305,0.0231,1,1
1051,3.0,48.57142857142857,50.714285714285715,1.0,26.0,0.043928,0.01677,1,1
1052,0.0,0.0,50.142857142857146,0.0,26.0,0.011432,0.07638,1,1
1053,6.0,46.142857142857146,47.142857142857146,4.0,26.0,0.178885,0.01888,1,1
1054,1.0,14.428571428571429,51.57142857142857,0.0,26.0,0.027829,0.817722,0,0
1055,0.0,0.0,49.285714285714285,0.0,26.0,0.013372,0.011053,1,1
1056,4.0,35.714285714285715,41.57142857142857,0.0,26.0,0.087984,0.123433,0,0
1057,5.0,13.714285714285714,48.0,0.0,26.0,0.488847,0.037905,0,0
1058,10.0,34.857142857142854,43.285714285714285,6.0,26.0,0.343675,0.020588,1,0
1059,1.0,22.857142857142858,50.0,0.0,26.0,0.002877,0.31801,1,1
1060,2.0,33.714285714285715,50.285714285714285,2.0,26.0,0.088721,0.09535,1,1
1061,2.0,35.42857142857143,45.42857142857143,1.0,26.0,0.016212,0.22666,1,0
1062,0.0,0.0,44.285714285714285,0.0,26.0,0.001338,0.016154,1,1
1063,5.0,31.428571428571427,46.42857142857143,0.0,26.0,0.176797,0.142292,0,0
1064,5.0,42.285714285714285,43.285714285714285,2.0,26.0,0.165106,0.04969,1,1
1065,3.0,32.857142857142854,40.142857142857146,2.0,26.0,0.034334,0.027556,1,1
1066,3.0,17.571428571428573,42.142857142857146,0.0,26.0,0.130472,0.136895,0,0
1067,4.0,31.714285714285715,50.714285714285715,0.0,26.0,0.061008,0.181994,0,0
1068,1.0,28.285714285714285,42.0,0.0,26.0,0.00964,0.445677,0,0
1069,2.0,20.571428571428573,47.57142857142857,0.0,26.0,0.139255,0.071704,0,0
1070,3.0,39.285714285714285,49.142857142857146,1.0,26.0,0.044558,0.191588,1,0
1071,6.0,40.42857142857143,43.0,4.0,26.0,0.087857,0.051573,1,1
1072,1.0,43.42857142857143,44.285714285714285,0.0,26.0,0.040868,0.117893,1,1
1073,6.0,26.857142857142858,41.142857142857146,0.0,26.0,0.238579,0.24169,0,0
1074,0.0,0.0,40.285714285714285,0.0,26.0,0.0032,0.336173,1,1
1075,2.0,15.428571428571429,44.57142857142857,0.0,26.0,0.097571,0.497513,0,0
1076,1.0,1.5714285714285714,50.857142857142854,0.0,26.0,0.211522,0.115991,0,0
1077,1.0,9.285714285714286,41.714285714285715,0.0,26.0,0.651718,0.556941,0,0
1078,5.0,42.285714285714285,47.714285714285715,1.0,26.0,0.100356,0.001354,1,1
1079,2.0,29.571428571428573,49.142857142857146,1.0,26.0,0.093903,0.39249,1,1
1080,0.0,0.0,45.42857142857143,2.0,26.0,0.064848,0.009955,1,1
1081,1.0,3.0,40.714285714285715,0.0,26.0,0.08292,0.238014,0,0
1082,1.0,5.0,41.857142857142854,0.0,26.0,0.183878,0.608139,0,0
1083,0.0,0.0,51.42857142857143,0.0,26.0,0.322161,0.663031,0,0
1084,0.0,0.0,50.57142857142857,0.0,26.0,0.001216,0.201363,1,1
1085,4.0,13.428571428571429,48.285714285714285,0.0,26.0,0.229652,0.455292,0,0
1086,0.0,0.0,45.42857142857143,1.0,26.0,0.02289,0.072962,1,1
1087,1.0,2.0,51.57142857142857,0.0,26.0,0.187003,0.530564,0,0
1088,1.0,10.571428571428571,50.57142857142857,0.0,26.0,0.134683,0.276823,0,0
1089,5.0,36.0,46.142857142857146,2.0,26.0,0.108331,0.154591,1,1
1090,11.0,48.714285714285715,49.57142857142857,1.0,26.0,0.206902,0.081161,1,0
1091,0.0,0.0,48.42857142857143,0.0,26.0,0.00311,0.137722,1,1
1092,3.0,11.285714285714286,42.285714285714285,0.0,26.0,0.271776,0.305342,0,0
1093,3.0,21.571428571428573,49.714285714285715,0.0,26.0,0.027732,0.273034,0,0
1094,1.0,7.714285714285714,48.857142857142854,0.0,26.0,0.26054,0.43218,0,0
1095,0.0,0.0,51.0,0.0,26.0,0.004809,0.266136,1,1
1096,3.0,39.42857142857143,44.285714285714285,0.0,26.0,0.078539,0.260568,0,0
1097,5.0,44.42857142857143,49.714285714285715,0.0,26.0,0.03529,0.179771,0,0
1098,2.0,35.285714285714285,40.57142857142857,1.0,26.0,0.031317,0.214646,1,0
1099,2.0,6.857142857142857,43.0,0.0,26.0,0.235101,0.271432,0,0
1100,2.0,10.714285714285714,42.285714285714285,0.0,26.0,0.03545,0.445882,1,1
1101,6.0,37.285714285714285,48.42857142857143,5.0,26.0,0.160094,0.003365,1,1
1102,1.0,16.857142857142858,40.42857142857143,0.0,26.0,0.014354,0.483079,0,0
1103,1.0,38.714285714285715,42.42857142857143,0.0,26.0,0.010802,0.286382,1,1
1104,2.0,14.571428571428571,47.57142857142857,0.0,26.0,0.182299,0.164401,0,0
1105,0.0,0.0,44.714285714285715,0.0,26.0,0.005988,0.482461,1,1
1106,0.0,0.0,43.0,0.0,26.0,0.007476,0.445844,1,1
1107,0.0,0.0,45.42857142857143,1.0,26.0,0.021884,0.952268,1,0
1108,0.0,0.0,48.42857142857143,1.0,26.0,0.010642,0.314786,1,1
1109,1.0,22.857142857142858,40.57142857142857,0.0,26.0,0.019409,0.644595,0,0
1110,0.0,0.0,42.0,1.0,26.0,0.005215,0.462939,1,1
1111,1.0,26.571428571428573,41.57142857142857,0.0,26.0,0.02655,0.157183,1,1
1112,0.0,0.0,43.142857142857146,0.0,26.0,0.004872,0.183,1,1
1113,5.0,28.714285714285715,47.285714285714285,0.0,26.0,0.026657,0.305468,0,0
1114,4.0,37.142857142857146,46.42857142857143,3.0,26.0,0.079715,0.170541,1,1
1115,29.0,48.857142857142854,49.285714285714285,6.0,26.0,0.633496,0.049518,1,0
1116,1.0,17.142857142857142,47.0,1.0,26.0,0.042969,0.192687,1,1
1117,1.0,13.428571428571429,48.857142857142854,1.0,26.0,0.026641,0.033089,1,1
1118,1.0,5.0,49.285714285714285,0.0,26.0,0.107112,0.706966,0,0
1119,1.0,2.2857142857142856,48.857142857142854,0.0,26.0,0.045376,0.528837,0,0
1120,1.0,16.428571428571427,43.857142857142854,1.0,26.0,0.058166,0.108694,1,1
1121,2.0,15.857142857142858,46.142857142857146,0.0,26.0,0.185749,0.257693,0,0
1122,1.0,7.428571428571429,51.0,0.0,26.0,0.000907,0.016754,1,1
1123,4.0,33.0,40.142857142857146,3.0,26.0,0.18495,0.047824,1,1
1124,3.0,44.714285714285715,51.42857142857143,0.0,26.0,0.038259,0.071266,0,0
1125,4.0,31.714285714285715,41.0,2.0,26.0,0.076169,0.090495,1,1
1126,7.0,48.57142857142857,50.0,6.0,26.0,0.153051,0.140405,1,1
1127,5.0,45.57142857142857,45.857142857142854,0.0,26.0,0.153247,0.385954,0,0
1128,7.0,36.285714285714285,41.857142857142854,6.0,26.0,0.159779,0.023622,1,1
1129,1.0,27.857142857142858,44.285714285714285,3.0,26.0,0.037223,0.317482,1,0
1130,11.0,51.57142857142857,51.857142857142854,8.0,26.0,0.196584,0.087344,1,1
1131,0.0,0.0,40.57142857142857,0.0,26.0,0.020931,0.196211,1,1
1132,1.0,17.428571428571427,51.142857142857146,0.0,26.0,0.013145,0.142665,1,1
1133,5.0,37.142857142857146,41.857142857142854,1.0,26.0,0.058426,0.002269,1,1
1134,0.0,0.0,46.714285714285715,0.0,26.0,0.011655,0.225617,1,1
1135,7.0,36.57142857142857,47.42857142857143,1.0,26.0,0.194517,0.250895,1,0
1136,1.0,5.142857142857143,47.42857142857143,0.0,26.0,0.172234,0.155446,0,0
1137,0.0,0.0,43.285714285714285,0.0,26.0,0.004189,0.386768,1,1
1138,1.0,8.428571428571429,49.57142857142857,0.0,26.0,0.008457,0.091175,1,1
1139,1.0,2.4285714285714284,48.0,0.0,26.0,0.398997,0.244197,0,0
1140,7.0,27.857142857142858,41.142857142857146,0.0,26.0,0.254982,0.014078,0,0
1141,4.0,45.142857142857146,45.285714285714285,1.0,26.0,0.057595,0.19623,1,1
1142,1.0,2.5714285714285716,50.142857142857146,0.0,26.0,0.24127,0.563669,0,0
1143,4.0,39.57142857142857,44.0,0.0,26.0,0.040672,0.053845,1,1
1144,0.0,0.0,48.57142857142857,0.0,26.0,0.00082,0.277865,1,1
1145,1.0,17.0,49.142857142857146,0.0,26.0,0.061532,0.308472,0,0
1146,1.0,11.0,40.57142857142857,2.0,26.0,0.058857,0.118158,1,1
1147,0.0,0.0,49.857142857142854,0.0,26.0,0.00575,0.091746,1,1
1148,2.0,34.42857142857143,48.714285714285715,0.0,26.0,0.05618,0.492358,0,0
1149,9.0,14.142857142857142,50.57142857142857,0.0,26.0,0.466898,0.092944,0,0
1150,3.0,47.57142857142857,50.0,0.0,26.0,0.078115,0.130848,0,0
1151,0.0,0.0,41.42857142857143,1.0,26.0,0.024498,0.259398,1,0
1152,4.0,27.0,49.57142857142857,0.0,26.0,0.142936,0.5934,0,0
1153,13.0,45.142857142857146,49.714285714285715,0.0,26.0,0.282421,0.048258,0,0
1154,8.0,38.285714285714285,46.714285714285715,1.0,26.0,0.096225,0.112579,1,0
1155,0.0,0.0,51.285714285714285,0.0,26.0,0.012641,0.037661,1,1
1156,1.0,8.428571428571429,44.142857142857146,0.0,26.0,0.034829,0.047707,1,1
1157,1.0,1.1428571428571428,42.285714285714285,0.0,26.0,0.012741,0.235391,1,1
1158,1.0,20.428571428571427,49.57142857142857,0.0,26.0,0.093069,0.075422,0,0
1159,3.0,3.4285714285714284,51.714285714285715,0.0,26.0,0.226512,0.071089,0,0
1160,0.0,0.0,51.714285714285715,0.0,26.0,0.00311,0.111602,1,1
1161,2.0,8.571428571428571,44.142857142857146,0.0,26.0,0.154977,0.148284,0,0
1162,2.0,22.857142857142858,51.0,0.0,26.0,0.032514,0.120129,1,1
1163,13.0,30.857142857142858,51.714285714285715,0.0,26.0,0.234471,0.068338,0,0
1164,3.0,7.857142857142857,44.285714285714285,0.0,26.0,0.312137,0.332208,0,0
1165,6.0,42.0,43.714285714285715,1.0,26.0,0.185611,0.092885,1,0
1166,0.0,0.0,46.57142857142857,0.0,26.0,0.001884,0.143836,1,1
1167,4.0,35.285714285714285,48.285714285714285,0.0,26.0,0.110439,0.212116,0,0
1168,1.0,11.285714285714286,42.714285714285715,7.0,26.0,0.121838,0.038966,1,1
1169,3.0,48.42857142857143,48.42857142857143,0.0,26.0,0.117659,0.135602,0,0
1170,3.0,44.0,44.857142857142854,2.0,26.0,0.082218,0.23375,1,0
1171,8.0,38.42857142857143,40.142857142857146,5.0,26.0,0.165319,0.003253,1,1
1172,1.0,31.285714285714285,44.857142857142854,1.0,26.0,0.089194,0.19466,1,0
1173,2.0,27.142857142857142,45.0,0.0,26.0,0.172164,0.269479,0,0
1174,2.0,4.285714285714286,40.857142857142854,0.0,26.0,0.666244,0.120996,0,0
1175,1.0,29.0,50.857142857142854,0.0,26.0,0.046511,0.094739,0,0
1176,0.0,0.0,46.857142857142854,0.0,26.0,7.5e-05,0.318794,1,1
1177,1.0,37.0,45.42857142857143,0.0,26.0,0.011728,0.29588,1,1
1178,0.0,0.0,45.42857142857143,0.0,26.0,0.008761,0.100018,1,1
1179,2.0,42.57142857142857,42.57142857142857,2.0,26.0,0.10523,0.150967,1,1
1180,0.0,0.0,44.714285714285715,1.0,26.0,0.055555,0.224467,1,0
1181,7.0,39.42857142857143,51.57142857142857,0.0,26.0,0.110639,0.189108,0,0
1182,1.0,30.285714285714285,47.142857142857146,0.0,26.0,0.007381,0.350481,0,0
1183,5.0,15.428571428571429,42.285714285714285,0.0,26.0,0.130176,0.169893,0,0
1184,2.0,41.142857142857146,49.0,3.0,26.0,0.094311,0.241751,1,1
1185,0.0,0.0,42.0,1.0,26.0,0.077855,0.068988,1,1
1186,0.0,0.0,47.285714285714285,1.0,26.0,0.065274,0.171354,1,0
1187,1.0,2.142857142857143,45.857142857142854,0.0,26.0,0.311325,0.54426,0,0
1188,17.0,45.142857142857146,46.57142857142857,7.0,26.0,0.285249,0.00595,1,1
1189,0.0,0.0,47.285714285714285,0.0,26.0,0.009643,0.098853,1,1
1190,1.0,10.714285714285714,41.57142857142857,0.0,26.0,0.02072,0.339411,0,0
1191,1.0,7.142857142857143,42.0,0.0,26.0,0.017002,0.772629,0,0
1192,15.0,40.57142857142857,44.714285714285715,6.0,26.0,0.309108,0.065708,1,1
1193,1.0,0.14285714285714285,42.857142857142854,0.0,26.0,0.107007,0.384662,0,0
1194,2.0,41.142857142857146,50.0,2.0,26.0,0.034669,0.309706,1,0
1195,1.0,30.0,41.57142857142857,1.0,26.0,0.018928,0.811959,1,0
1196,2.0,19.571428571428573,46.714285714285715,1.0,26.0,0.01724,0.181311,1,1
1197,6.0,43.285714285714285,47.714285714285715,5.0,26.0,0.166101,0.133027,1,1
1198,2.0,43.857142857142854,48.0,1.0,26.0,0.063781,0.140078,1,0
1199,0.0,0.0,48.142857142857146,0.0,26.0,0.00809,0.194522,1,1
1200,1.0,0.2857142857142857,46.0,0.0,26.0,0.133091,0.425499,0,0
1201,1.0,22.571428571428573,43.142857142857146,1.0,26.0,0.037085,0.4818,1,0
1202,1.0,10.714285714285714,41.57142857142857,1.0,26.0,0.032603,0.078856,1,1
1203,0.0,0.0,44.42857142857143,0.0,26.0,0.016437,0.006374,1,1
1204,0.0,0.0,40.285714285714285,0.0,26.0,0.00097,0.394121,1,1
1205,2.0,8.714285714285714,40.857142857142854,0.0,26.0,0.180062,0.309334,0,0
1206,1.0,7.714285714285714,51.0,0.0,26.0,0.00699,0.196536,1,1
1207,3.0,12.857142857142858,43.285714285714285,0.0,26.0,0.289482,0.361441,0,0
1208,1.0,29.571428571428573,44.42857142857143,1.0,26.0,0.006177,0.062689,1,1
1209,1.0,2.0,45.142857142857146,0.0,26.0,0.688423,0.538218,0,0
1210,0.0,0.0,42.714285714285715,0.0,26.0,0.003169,0.405984,1,1
1211,4.0,2.5714285714285716,45.57142857142857,0.0,26.0,0.233041,0.277214,0,0
1212,0.0,0.0,46.57142857142857,0.0,26.0,0.010209,0.080877,1,1
1213,4.0,18.142857142857142,49.142857142857146,0.0,26.0,0.356601,0.375364,0,0
1214,4.0,43.714285714285715,48.42857142857143,2.0,26.0,0.090183,0.014699,1,1
1215,1.0,8.142857142857142,43.0,0.0,26.0,0.037943,0.379705,0,0
1216,0.0,0.0,41.57142857142857,1.0,26.0,0.011647,0.023142,1,1
1217,1.0,6.571428571428571,50.857142857142854,0.0,26.0,0.019001,0.343624,0,0
1218,0.0,0.0,43.42857142857143,0.0,26.0,0.002858,0.244156,1,1
1219,0.0,0.0,49.857142857142854,0.0,26.0,0.006282,0.210831,1,1
1220,2.0,2.142857142857143,46.57142857142857,0.0,26.0,0.182548,0.153232,0,0
1221,3.0,28.142857142857142,48.285714285714285,1.0,26.0,0.046321,0.011763,1,1
1222,0.0,0.0,46.714285714285715,0.0,26.0,0.032904,0.023266,1,1
1223,4.0,38.57142857142857,41.857142857142854,1.0,26.0,0.102804,0.332875,1,0
1224,5.0,27.571428571428573,44.142857142857146,0.0,26.0,0.165866,0.061768,0,0
1225,0.0,0.0,50.714285714285715,0.0,26.0,0.025812,0.672841,1,1
1226,1.0,5.142857142857143,40.857142857142854,0.0,26.0,0.170239,0.326611,0,0
1227,3.0,45.57142857142857,50.142857142857146,1.0,26.0,0.035803,0.256317,1,1
1228,6.0,23.714285714285715,49.0,0.0,26.0,0.259446,0.069126,0,0
1229,18.0,42.857142857142854,46.42857142857143,2.0,26.0,0.356518,0.06983,1,0
1230,1.0,35.285714285714285,51.714285714285715,2.0,26.0,0.029854,0.089014,1,1
1231,7.0,44.142857142857146,48.42857142857143,5.0,26.0,0.073755,0.191397,1,1
1232,0.0,0.0,44.57142857142857,0.0,26.0,0.004138,0.112214,1,1
1233,0.0,0.0,51.857142857142854,0.0,26.0,0.002216,0.010919,1,1
1234,1.0,12.285714285714286,44.0,0.0,26.0,0.07749,0.182567,0,0
1235,0.0,0.0,50.714285714285715,0.0,26.0,0.025557,0.11013,1,1
1236,0.0,0.0,41.57142857142857,0.0,26.0,0.001149,0.582715,1,1
1237,2.0,30.0,50.0,0.0,26.0,0.038497,0.689235,0,0
1238,2.0,19.857142857142858,48.0,0.0,26.0,0.053676,0.042878,1,1
1239,2.0,32.857142857142854,40.0,0.0,26.0,0.083787,0.486994,0,0
1240,1.0,7.142857142857143,47.57142857142857,0.0,26.0,0.133969,0.23906,0,0
1241,0.0,0.0,40.714285714285715,0.0,26.0,0.002202,0.555649,1,1
1242,1.0,40.0,49.857142857142854,0.0,26.0,0.041553,0.003289,1,1
1243,2.0,48.57142857142857,49.0,3.0,26.0,0.112685,0.11661,1,1
1244,1.0,37.57142857142857,51.857142857142854,1.0,26.0,0.038522,0.472635,1,0
1245,11.0,26.571428571428573,41.142857142857146,0.0,26.0,0.477725,0.059852,0,0
1246,2.0,3.2857142857142856,48.285714285714285,0.0,26.0,0.181829,0.664537,0,0
1247,0.0,0.0,41.857142857142854,0.0,26.0,0.003234,0.160032,1,1
1248,0.0,0.0,40.0,0.0,26.0,0.046136,0.292378,1,1
1249,0.0,0.0,43.285714285714285,0.0,26.0,0.00843,0.175793,1,1
1250,2.0,41.142857142857146,49.857142857142854,1.0,26.0,0.051021,0.2697,1,1
1251,0.0,0.0,47.42857142857143,0.0,26.0,7e-06,0.119364,1,1
1252,1.0,14.714285714285714,47.0,1.0,26.0,0.052557,0.177908,1,1
1253,2.0,20.428571428571427,46.857142857142854,0.0,26.0,0.017251,0.066777,1,1
1254,13.0,25.0,47.57142857142857,0.0,26.0,0.505111,0.147068,0,0
1255,1.0,1.0,43.714285714285715,0.0,26.0,0.191917,0.666954,0,0
1256,2.0,39.0,43.714285714285715,0.0,26.0,0.040248,0.261182,1,1
1257,1.0,23.428571428571427,49.0,1.0,26.0,0.002899,0.047936,1,1
1258,1.0,38.285714285714285,49.42857142857143,1.0,26.0,0.035243,0.161745,1,0
1259,1.0,0.2857142857142857,42.57142857142857,0.0,26.0,0.197147,0.298814,0,0
1260,9.0,50.857142857142854,51.0,1.0,26.0,0.153145,0.001895,1,1
1261,1.0,8.428571428571429,46.285714285714285,0.0,26.0,0.236536,0.363622,0,0
1262,1.0,4.285714285714286,51.42857142857143,0.0,26.0,0.089069,0.258173,0,0
1263,12.0,47.142857142857146,47.714285714285715,5.0,26.0,0.205422,0.033914,1,1
1264,1.0,19.0,40.57142857142857,1.0,26.0,0.03674,0.297015,1,1
1265,1.0,26.714285714285715,40.57142857142857,0.0,26.0,0.001432,0.047267,1,1
1266,3.0,33.142857142857146,47.142857142857146,1.0,26.0,0.071111,0.038679,1,1
1267,0.0,0.0,49.285714285714285,1.0,26.0,0.004307,0.287553,1,1
1268,6.0,17.857142857142858,51.857142857142854,0.0,26.0,0.334694,0.243548,0,0
1269,0.0,0.0,42.857142857142854,0.0,26.0,2.8e-05,0.641465,1,1
1270,0.0,0.0,45.714285714285715,0.0,26.0,0.001846,0.144627,1,1
1271,0.0,0.0,40.285714285714285,0.0,26.0,0.002145,0.008884,1,1
1272,1.0,36.142857142857146,45.285714285714285,2.0,26.0,0.020479,0.006169,1,1
1273,19.0,50.857142857142854,51.0,1.0,26.0,0.375503,0.028453,1,0
1274,3.0,11.285714285714286,51.714285714285715,0.0,26.0,0.168004,0.424857,0,0
1275,0.0,0.0,48.714285714285715,0.0,26.0,0.002241,0.076592,1,1
1276,1.0,4.857142857142857,50.285714285714285,0.0,26.0,0.173616,0.387918,0,0
1277,1.0,1.8571428571428572,50.285714285714285,0.0,26.0,0.521299,0.513151,0,0
1278,4.0,36.0,47.285714285714285,0.0,26.0,0.096024,0.424653,0,0
1279,0.0,0.0,47.57142857142857,0.0,26.0,0.004496,0.006802,1,1
1280,0.0,0.0,43.42857142857143,1.0,26.0,0.002066,0.058582,1,1
1281,0.0,0.0,41.42857142857143,0.0,26.0,0.018886,0.09391,1,1
1282,1.0,5.428571428571429,51.857142857142854,0.0,26.0,0.007089,0.387186,0,0
1283,1.0,3.0,45.285714285714285,0.0,26.0,0.361043,0.421406,0,0
1284,3.0,43.857142857142854,51.285714285714285,0.0,26.0,0.034431,0.004477,1,1
1285,0.0,0.0,40.714285714285715,0.0,26.0,1.9e-05,0.14193,1,1
1286,4.0,22.0,40.0,0.0,26.0,0.060334,0.159581,0,0
1287,6.0,38.714285714285715,50.42857142857143,1.0,26.0,0.073389,0.014545,1,1
1288,1.0,1.8571428571428572,50.285714285714285,0.0,26.0,0.553434,0.101979,0,0
1289,5.0,15.142857142857142,50.857142857142854,0.0,26.0,0.198127,0.119299,0,0
1290,4.0,25.0,41.857142857142854,7.0,26.0,0.153019,0.077453,1,0
1291,7.0,41.714285714285715,42.57142857142857,2.0,26.0,0.086462,0.015098,1,1
1292,0.0,0.0,45.0,1.0,26.0,0.01881,0.06038,1,1
1293,3.0,11.285714285714286,41.0,0.0,26.0,0.438128,0.224034,0,0
1294,5.0,9.714285714285714,50.857142857142854,0.0,26.0,0.381865,0.18319,0,0
1295,0.0,0.0,42.57142857142857,0.0,26.0,0.001595,0.463056,1,1
1296,0.0,0.0,51.714285714285715,0.0,26.0,1.6e-05,0.102287,1,1
1297,1.0,9.571428571428571,40.0,0.0,26.0,0.072795,0.525828,0,0
1298,9.0,40.857142857142854,44.0,11.0,26.0,0.253982,0.007365,1,1
1299,3.0,5.285714285714286,42.714285714285715,0.0,26.0,0.069364,0.254753,1,1
1300,0.0,0.0,42.42857142857143,0.0,26.0,0.0101,0.603895,1,1
1301,6.0,42.0,42.57142857142857,3.0,26.0,0.100238,0.078902,1,1
1302,2.0,8.428571428571429,42.57142857142857,0.0,26.0,0.272678,0.547374,0,0
1303,14.0,51.142857142857146,51.714285714285715,3.0,26.0,0.242699,0.069452,1,0
1304,1.0,14.428571428571429,41.57142857142857,0.0,26.0,0.07074,0.084394,0,0
1305,0.0,0.0,47.42857142857143,1.0,26.0,0.037382,0.100798,1,0
1306,2.0,26.428571428571427,42.285714285714285,0.0,26.0,0.077575,0.214106,0,0
1307,1.0,44.42857142857143,45.857142857142854,0.0,26.0,0.073527,0.170585,1,1
1308,0.0,0.0,43.285714285714285,0.0,26.0,0.000403,0.47441,1,1
1309,0.0,0.0,48.42857142857143,0.0,26.0,0.001668,0.072664,1,1
1310,4.0,43.142857142857146,48.42857142857143,1.0,26.0,0.12302,0.282153,1,0
1311,1.0,13.0,40.0,0.0,26.0,0.048992,0.379148,0,0
1312,0.0,0.0,48.285714285714285,0.0,26.0,0.002339,0.142336,1,1
1313,0.0,0.0,46.142857142857146,0.0,26.0,0.014387,0.117967,1,1
1314,1.0,31.285714285714285,46.142857142857146,0.0,26.0,0.026583,0.011508,1,1
1315,1.0,17.571428571428573,43.57142857142857,0.0,26.0,0.019594,0.40782,1,1
1316,3.0,10.571428571428571,45.714285714285715,0.0,26.0,0.151731,0.285997,0,0
1317,2.0,13.857142857142858,41.714285714285715,0.0,26.0,0.079048,0.126579,0,0
1318,1.0,36.285714285714285,43.714285714285715,0.0,26.0,0.026912,0.120858,0,0
1319,1.0,5.857142857142857,49.42857142857143,0.0,26.0,0.205431,0.29285,0,0
1320,0.0,0.0,48.285714285714285,1.0,26.0,0.025419,0.34787,1,0
1321,0.0,0.0,43.42857142857143,1.0,26.0,0.004902,0.053567,1,1
1322,1.0,19.142857142857142,46.42857142857143,1.0,26.0,0.029277,0.149137,1,1
1323,0.0,0.0,44.57142857142857,0.0,26.0,0.002666,0.239297,1,1
1324,1.0,11.142857142857142,41.714285714285715,0.0,26.0,0.020092,0.447769,0,0
1325,1.0,3.4285714285714284,44.57142857142857,0.0,26.0,0.121492,0.246668,0,0
1326,1.0,4.142857142857143,50.42857142857143,0.0,26.0,0.090317,0.065491,0,0
1327,1.0,5.857142857142857,47.142857142857146,0.0,26.0,0.173584,0.018233,0,0
1328,0.0,0.0,43.285714285714285,2.0,26.0,0.02102,0.008852,1,1
1329,0.0,0.0,40.714285714285715,0.0,26.0,0.002122,0.098318,1,1
1330,5.0,41.714285714285715,43.714285714285715,2.0,26.0,0.100337,0.106025,1,0
1331,1.0,22.714285714285715,50.142857142857146,0.0,26.0,0.014238,0.042614,1,1
1332,3.0,21.142857142857142,45.857142857142854,0.0,26.0,0.213734,0.263336,0,0
1333,1.0,11.571428571428571,42.0,0.0,26.0,0.032693,0.26425,0,0
1334,1.0,30.714285714285715,45.285714285714285,0.0,26.0,0.017903,0.038693,1,1
1335,2.0,4.714285714285714,51.285714285714285,0.0,26.0,0.199144,0.339194,0,0
1336,1.0,16.571428571428573,44.57142857142857,0.0,26.0,0.080434,0.256305,0,0
1337,0.0,0.0,41.285714285714285,0.0,26.0,0.002153,0.362329,1,1
1338,1.0,35.42857142857143,47.142857142857146,2.0,26.0,0.055757,0.433043,1,1
1339,0.0,0.0,48.142857142857146,0.0,26.0,0.0,0.354305,1,1
1340,5.0,42.57142857142857,45.0,3.0,26.0,0.112109,0.175879,1,1
1341,0.0,0.0,45.57142857142857,0.0,26.0,0.003046,0.086156,1,1
1342,2.0,17.428571428571427,46.0,1.0,26.0,0.04477,0.185547,1,1
1343,10.0,38.285714285714285,42.285714285714285,5.0,26.0,0.237184,0.07803,1,1
1344,7.0,27.0,43.0,2.0,26.0,0.16659,0.075638,1,1
1345,2.0,35.42857142857143,43.857142857142854,2.0,26.0,0.106237,0.111757,1,1
1346,1.0,4.0,49.57142857142857,0.0,26.0,0.024825,0.228331,0,0
1347,3.0,24.428571428571427,48.142857142857146,0.0,26.0,0.019274,0.176155,0,0
1348,0.0,0.0,42.42857142857143,1.0,26.0,0.012145,0.007091,1,1
1349,0.0,0.0,41.714285714285715,0.0,26.0,8.6e-05,0.017816,1,1
1350,1.0,1.1428571428571428,48.285714285714285,0.0,26.0,0.138267,0.091382,0,0
1351,1.0,31.571428571428573,40.42857142857143,1.0,26.0,0.007365,0.064103,1,1
1352,1.0,3.5714285714285716,51.0,0.0,26.0,0.05848,0.473219,0,0
1353,1.0,37.285714285714285,45.42857142857143,3.0,26.0,0.076454,0.154287,1,1
1354,0.0,0.0,44.57142857142857,1.0,26.0,0.018175,0.124895,1,1
1355,1.0,4.0,40.57142857142857,0.0,26.0,0.135362,0.249956,0,0
1356,15.0,40.57142857142857,41.285714285714285,5.0,26.0,0.2075,0.064941,1,0
1357,0.0,0.0,45.142857142857146,0.0,26.0,0.001885,0.255839,1,1
1358,0.0,0.0,40.57142857142857,1.0,26.0,0.005182,0.371883,1,0
1359,2.0,39.857142857142854,49.0,3.0,26.0,0.088726,0.009699,1,1
1360,1.0,7.142857142857143,43.42857142857143,0.0,26.0,0.136718,0.47115,0,0
1361,0.0,0.0,46.285714285714285,0.0,26.0,0.001651,0.131165,1,1
1362,0.0,0.0,40.857142857142854,0.0,26.0,0.008759,0.25653,1,1
1363,1.0,38.142857142857146,42.57142857142857,1.0,26.0,0.026827,0.118865,1,1
1364,1.0,0.14285714285714285,46.0,0.0,26.0,0.281789,0.131704,0,0
1365,0.0,0.0,46.142857142857146,0.0,26.0,0.004198,0.113961,1,1
1366,1.0,3.857142857142857,48.57142857142857,0.0,26.0,0.040026,0.528439,0,0
1367,0.0,0.0,47.714285714285715,0.0,26.0,0.006124,0.012336,1,1
1368,4.0,33.285714285714285,40.0,2.0,26.0,0.053406,0.060632,1,1
1369,1.0,6.428571428571429,40.142857142857146,0.0,26.0,0.012823,0.092401,1,1
1370,2.0,38.0,47.57142857142857,2.0,26.0,0.015655,0.371566,1,1
1371,1.0,25.285714285714285,45.285714285714285,0.0,26.0,0.018445,0.383138,1,1
1372,2.0,26.285714285714285,44.142857142857146,0.0,26.0,0.045748,0.192117,1,1
1373,2.0,38.285714285714285,49.142857142857146,2.0,26.0,0.100125,0.356295,1,1
1374,2.0,7.714285714285714,47.142857142857146,0.0,26.0,0.224651,0.115711,0,0
1375,0.0,0.0,47.0,1.0,26.0,0.000935,0.010905,1,1
1376,0.0,0.0,50.285714285714285,0.0,26.0,0.008317,0.594128,1,1
1377,7.0,33.857142857142854,44.714285714285715,2.0,26.0,0.093926,0.045716,1,0
1378,12.0,42.0,46.42857142857143,6.0,26.0,0.237734,0.057494,1,1
1379,5.0,45.42857142857143,46.57142857142857,8.0,26.0,0.19731,0.068853,1,1
1380,3.0,33.142857142857146,43.0,1.0,26.0,0.049725,0.17002,1,0
1381,20.0,51.0,51.714285714285715,10.0,26.0,0.36027,0.051121,1,1
1382,2.0,10.428571428571429,40.142857142857146,0.0,26.0,0.17022,0.239148,0,0
1383,0.0,0.0,41.714285714285715,2.0,26.0,0.025345,0.074102,1,1
1384,0.0,0.0,49.57142857142857,1.0,26.0,0.005063,0.654567,1,1
1385,1.0,3.5714285714285716,46.714285714285715,0.0,26.0,0.105431,0.191323,0,0
1386,8.0,25.857142857142858,50.285714285714285,0.0,26.0,0.500473,0.008955,0,0
1387,0.0,0.0,49.857142857142854,0.0,26.0,0.006919,0.032006,1,1
1388,0.0,0.0,47.57142857142857,0.0,26.0,0.007942,0.341478,1,1
1389,3.0,13.428571428571429,50.142857142857146,0.0,26.0,0.02632,0.030688,1,1
1390,0.0,0.0,51.0,0.0,26.0,0.004146,0.049849,1,1
1391,12.0,41.714285714285715,42.857142857142854,2.0,26.0,0.223846,0.011505,1,0
1392,0.0,0.0,46.714285714285715,0.0,26.0,0.002416,0.494276,1,1
1393,6.0,37.857142857142854,48.285714285714285,8.0,26.0,0.29671,0.005782,1,1
1394,6.0,16.857142857142858,46.57142857142857,0.0,26.0,0.094732,0.01807,0,0
1395,1.0,34.0,43.57142857142857,0.0,26.0,0.038781,0.708936,0,0
1396,6.0,43.142857142857146,46.0,0.0,26.0,0.175053,0.198998,0,0
1397,2.0,12.714285714285714,45.42857142857143,0.0,26.0,0.133729,0.287739,0,0
1398,1.0,22.714285714285715,46.714285714285715,0.0,26.0,0.043056,0.301251,0,0
1399,1.0,39.0,48.285714285714285,1.0,26.0,0.011164,0.088299,1,1
1400,2.0,25.857142857142858,50.857142857142854,1.0,26.0,0.042306,0.016536,1,1
1401,0.0,0.0,42.42857142857143,0.0,26.0,0.006347,0.090067,1,1
1402,1.0,3.857142857142857,46.57142857142857,0.0,26.0,0.106372,0.820721,0,0
1403,2.0,39.285714285714285,47.57142857142857,0.0,26.0,0.064443,0.243134,0,0
1404,2.0,12.428571428571429,45.285714285714285,0.0,26.0,0.123753,0.277345,0,0
1405,0.0,0.0,47.0,0.0,26.0,0.01618,0.659048,1,1
1406,0.0,0.0,47.857142857142854,0.0,26.0,0.017529,0.719044,1,1
1407,0.0,0.0,49.0,0.0,26.0,0.003278,0.398449,1,1
1408,0.0,0.0,47.142857142857146,3.0,26.0,0.036186,0.051906,1,1
1409,1.0,21.428571428571427,42.42857142857143,0.0,26.0,0.029763,0.032435,1,1
1410,3.0,47.142857142857146,51.42857142857143,0.0,26.0,0.044881,0.013121,1,1
1411,0.0,0.0,45.57142857142857,0.0,26.0,0.001068,0.005856,1,1
1412,2.0,28.857142857142858,48.0,0.0,26.0,0.063587,0.14376,0,0
1413,1.0,0.7142857142857143,42.142857142857146,0.0,26.0,0.207616,0.566982,0,0
1414,3.0,25.142857142857142,46.42857142857143,0.0,26.0,0.154505,0.224125,0,0
1415,11.0,28.285714285714285,43.42857142857143,0.0,26.0,0.374265,0.15391,0,0
1416,0.0,0.0,45.57142857142857,1.0,26.0,0.034741,0.11406,1,1
1417,2.0,6.857142857142857,44.42857142857143,0.0,26.0,0.479262,0.118243,0,0
1418,1.0,26.857142857142858,44.857142857142854,0.0,26.0,0.032121,0.264304,0,0
1419,3.0,15.285714285714286,43.57142857142857,0.0,26.0,0.019395,0.008628,1,1
1420,4.0,39.0,47.142857142857146,2.0,26.0,0.086169,0.035789,1,1
1421,0.0,0.0,48.42857142857143,1.0,26.0,0.005734,0.743003,1,0
1422,1.0,13.285714285714286,43.42857142857143,0.0,26.0,0.080407,0.507213,0,0
1423,5.0,41.857142857142854,51.0,0.0,26.0,0.164171,0.162583,0,0
1424,4.0,8.714285714285714,43.57142857142857,0.0,26.0,0.378299,0.273146,0,0
1425,1.0,33.714285714285715,44.42857142857143,1.0,26.0,0.012417,0.0933,1,1
1426,1.0,40.0,44.857142857142854,0.0,26.0,0.007104,0.029652,0,0
1427,4.0,41.142857142857146,51.857142857142854,0.0,26.0,0.054563,0.412093,0,0
1428,4.0,20.714285714285715,42.142857142857146,0.0,26.0,0.095618,0.355007,0,0
1429,3.0,29.0,43.142857142857146,0.0,26.0,0.104473,0.461894,0,0
1430,0.0,0.0,41.142857142857146,1.0,26.0,0.005413,0.369178,1,0
1431,2.0,27.0,40.857142857142854,1.0,26.0,0.060879,0.00444,1,1
1432,0.0,0.0,41.0,0.0,26.0,0.006263,0.43272,1,1
1433,0.0,0.0,40.714285714285715,0.0,26.0,0.007357,0.16534,1,1
1434,7.0,34.0,41.142857142857146,1.0,26.0,0.108924,0.266378,1,1
1435,1.0,8.142857142857142,45.142857142857146,0.0,26.0,0.069855,0.065259,0,0
1436,18.0,44.714285714285715,46.714285714285715,8.0,26.0,0.246222,0.003686,1,1
1437,2.0,44.142857142857146,46.57142857142857,0.0,26.0,0.007915,0.293699,1,1
1438,0.0,0.0,43.142857142857146,0.0,26.0,0.010231,0.313329,1,1
1439,1.0,12.142857142857142,48.142857142857146,0.0,26.0,0.0384,0.33921,0,0
1440,5.0,34.42857142857143,44.142857142857146,1.0,26.0,0.102805,0.000169,1,1
1441,0.0,0.0,51.142857142857146,0.0,26.0,0.007402,0.193848,1,1
1442,1.0,37.714285714285715,42.42857142857143,1.0,26.0,0.038916,0.239205,1,0
1443,0.0,0.0,49.142857142857146,0.0,26.0,0.012198,0.027052,1,1
1444,2.0,30.0,49.0,0.0,26.0,0.024952,0.067872,1,1
1445,3.0,26.714285714285715,46.42857142857143,0.0,26.0,0.448437,0.093188,0,0
1446,3.0,40.714285714285715,43.142857142857146,2.0,26.0,0.045898,0.353288,1,0
1447,2.0,3.857142857142857,46.57142857142857,0.0,26.0,0.667196,0.559101,0,0
1448,2.0,19.142857142857142,49.0,0.0,26.0,0.076226,0.309571,0,0
1449,0.0,0.0,46.285714285714285,0.0,26.0,0.004927,0.239891,1,1
1450,1.0,25.285714285714285,50.42857142857143,2.0,26.0,0.033619,0.108386,1,1
1451,4.0,12.857142857142858,49.142857142857146,0.0,26.0,0.275585,0.04607,0,0
1452,4.0,30.857142857142858,40.714285714285715,1.0,26.0,0.059178,0.181025,1,1
1453,6.0,42.285714285714285,51.285714285714285,4.0,26.0,0.082682,0.00324,1,1
1454,0.0,0.0,47.714285714285715,0.0,26.0,0.000613,0.408648,1,1
1455,0.0,0.0,45.42857142857143,0.0,26.0,0.007301,0.024767,1,1
1456,0.0,0.0,44.0,1.0,26.0,0.038389,0.030707,1,1
1457,1.0,7.714285714285714,46.285714285714285,0.0,26.0,0.024408,0.264113,1,1
1458,0.0,0.0,42.857142857142854,0.0,26.0,0.013541,0.018206,1,1
1459,0.0,0.0,42.42857142857143,0.0,26.0,0.003162,0.377017,1,1
1460,1.0,0.8571428571428571,41.714285714285715,0.0,26.0,0.04564,0.123604,0,0
1461,0.0,0.0,43.142857142857146,0.0,26.0,0.002478,0.077804,1,1
1462,0.0,0.0,46.714285714285715,0.0,26.0,0.025479,0.10946,1,1
1463,0.0,0.0,41.42857142857143,0.0,26.0,5e-06,0.46782,1,1
1464,3.0,36.714285714285715,42.285714285714285,4.0,26.0,0.120278,0.035218,1,0
1465,0.0,0.0,43.42857142857143,0.0,26.0,0.011613,0.104614,1,1
1466,1.0,2.4285714285714284,47.142857142857146,0.0,26.0,0.419713,0.566465,0,0
1467,9.0,39.57142857142857,40.714285714285715,6.0,26.0,0.278815,0.005133,1,1
1468,1.0,27.714285714285715,50.714285714285715,0.0,26.0,0.033821,0.000468,1,1
1469,2.0,13.0,47.857142857142854,0.0,26.0,0.100706,0.399685,0,0
1470,1.0,38.857142857142854,40.857142857142854,2.0,26.0,0.019892,0.338043,1,1
1471,8.0,25.142857142857142,42.714285714285715,0.0,26.0,0.260988,0.32653,0,0
1472,1.0,0.8571428571428571,50.142857142857146,0.0,26.0,0.200746,0.573683,0,0
1473,2.0,8.857142857142858,50.285714285714285,1.0,26.0,0.036126,0.08837,1,1
1474,1.0,11.0,40.714285714285715,0.0,26.0,0.001926,0.002794,1,1
1475,2.0,3.0,44.857142857142854,4.0,26.0,0.070657,0.010474,1,1
1476,8.0,48.285714285714285,50.714285714285715,0.0,26.0,0.08521,0.418967,0,0
1477,0.0,0.0,45.285714285714285,0.0,26.0,0.007926,0.29327,1,1
1478,0.0,0.0,44.42857142857143,0.0,26.0,0.027017,0.216217,1,1
1479,3.0,4.142857142857143,51.57142857142857,0.0,26.0,0.070887,0.12654,0,0
1480,1.0,9.285714285714286,51.142857142857146,0.0,26.0,0.076363,0.557716,0,0
1481,1.0,15.285714285714286,44.857142857142854,0.0,26.0,0.014849,0.086826,0,0
1482,2.0,33.857142857142854,42.857142857142854,0.0,26.0,0.042846,0.013748,1,1
1483,3.0,33.285714285714285,46.285714285714285,1.0,26.0,0.03639,0.05883,1,1
1484,1.0,3.2857142857142856,50.857142857142854,0.0,26.0,0.074315,0.416821,0,0
1485,2.0,23.285714285714285,41.0,0.0,26.0,0.095439,0.142156,0,0
1486,4.0,37.285714285714285,41.0,4.0,26.0,0.079783,0.04394,1,1
1487,2.0,29.142857142857142,46.714285714285715,2.0,26.0,0.090058,0.003292,1,1
1488,0.0,0.0,51.857142857142854,0.0,26.0,0.00166,0.098721,1,1
1489,2.0,8.285714285714286,40.42857142857143,0.0,26.0,0.307979,0.142315,0,0
1490,1.0,1.8571428571428572,43.57142857142857,0.0,26.0,0.233822,0.282244,0,0
1491,0.0,0.0,45.42857142857143,0.0,26.0,0.003059,0.461987,1,1
1492,1.0,8.0,44.57142857142857,0.0,26.0,0.125541,0.376766,0,0
1493,1.0,23.857142857142858,44.142857142857146,0.0,26.0,0.078437,0.626402,0,0
1494,11.0,27.857142857142858,47.857142857142854,0.0,26.0,0.293819,0.173205,0,0
1495,0.0,0.0,50.0,0.0,26.0,0.001874,0.068006,1,1
1496,5.0,40.142857142857146,43.142857142857146,3.0,26.0,0.147252,0.013503,1,1
1497,0.0,0.0,42.0,0.0,26.0,0.001603,0.071006,1,1
1498,16.0,45.857142857142854,46.142857142857146,11.0,26.0,0.491902,0.001873,1,1
1499,3.0,46.714285714285715,49.0,3.0,26.0,0.127147,0.201645,1,1
1500,0.0,0.0,41.57142857142857,1.0,26.0,0.045841,0.248737,1,1
1501,1.0,39.0,40.285714285714285,0.0,26.0,0.023922,0.196126,1,1
1502,0.0,0.0,42.857142857142854,0.0,26.0,0.01737,0.008463,1,1
1503,0.0,0.0,44.57142857142857,0.0,26.0,0.001226,0.111553,1,1
1504,10.0,26.857142857142858,47.57142857142857,0.0,26.0,0.191831,0.184414,0,0
1505,1.0,21.428571428571427,51.57142857142857,2.0,26.0,0.07353,0.092863,1,1
1506,1.0,42.285714285714285,47.857142857142854,1.0,26.0,0.02963,0.066051,1,1
1507,3.0,29.0,40.42857142857143,0.0,26.0,0.112785,0.127028,0,0
1508,0.0,0.0,44.714285714285715,0.0,26.0,0.009589,0.282923,1,1
1509,0.0,0.0,44.42857142857143,1.0,26.0,0.014724,0.042268,1,1
1510,3.0,36.42857142857143,41.714285714285715,3.0,26.0,0.142851,0.115322,1,1
1511,2.0,22.857142857142858,42.57142857142857,0.0,26.0,0.033838,0.034464,1,1
1512,3.0,26.0,50.42857142857143,3.0,26.0,0.107059,0.363234,1,0
1513,0.0,0.0,45.142857142857146,1.0,26.0,0.013806,0.3507,1,0
1514,1.0,13.714285714285714,46.714285714285715,0.0,26.0,0.159196,0.30996,0,0
1515,2.0,36.285714285714285,41.0,1.0,26.0,0.04852,0.710272,1,0
1516,1.0,3.857142857142857,45.42857142857143,0.0,26.0,0.180502,0.15858,0,0
1517,0.0,0.0,43.0,0.0,26.0,0.03529,0.045659,1,1
1518,0.0,0.0,40.857142857142854,0.0,26.0,0.000284,0.086607,1,1
1519,4.0,13.0,43.142857142857146,0.0,26.0,0.258155,0.190745,0,0
1520,0.0,0.0,47.714285714285715,0.0,26.0,0.010627,0.045074,1,1
1521,4.0,46.0,47.0,2.0,26.0,0.104292,0.102558,1,1
1522,1.0,5.285714285714286,45.857142857142854,0.0,26.0,0.043402,0.098467,1,1
1523,1.0,8.857142857142858,44.42857142857143,1.0,26.0,0.02973,0.075911,1,1
1524,1.0,0.14285714285714285,45.57142857142857,0.0,26.0,0.080206,0.212245,0,0
1525,0.0,0.0,42.857142857142854,0.0,26.0,0.00042,0.030736,1,1
1526,4.0,46.142857142857146,46.857142857142854,3.0,26.0,0.077167,0.121505,1,1
1527,1.0,26.428571428571427,41.0,2.0,26.0,0.019999,0.035996,1,1
1528,0.0,0.0,46.0,0.0,26.0,0.000134,0.417935,1,1
1529,1.0,5.857142857142857,47.857142857142854,0.0,26.0,0.026153,0.085995,0,0
1530,3.0,31.714285714285715,43.714285714285715,1.0,26.0,0.056712,0.078275,1,1
1531,15.0,37.142857142857146,48.142857142857146,0.0,26.0,0.24419,0.109349,0,0
1532,1.0,19.714285714285715,41.857142857142854,0.0,26.0,0.017649,0.068525,1,1
1533,10.0,40.142857142857146,50.0,8.0,26.0,0.300987,0.167077,1,0
1534,2.0,26.285714285714285,46.142857142857146,1.0,26.0,0.068923,0.054781,1,1
1535,0.0,0.0,45.857142857142854,0.0,26.0,0.01744,0.260831,1,1
1536,6.0,45.857142857142854,50.857142857142854,2.0,26.0,0.061963,0.309329,1,1
1537,2.0,3.7142857142857144,40.42857142857143,0.0,26.0,0.246529,0.484325,0,0
1538,2.0,34.57142857142857,40.57142857142857,0.0,26.0,0.015684,0.060561,1,1
1539,1.0,18.428571428571427,47.285714285714285,0.0,26.0,0.008082,0.381418,0,0
1540,1.0,4.0,46.0,0.0,26.0,0.102375,0.339783,0,0
1541,1.0,23.0,47.142857142857146,0.0,26.0,0.035807,0.61044,0,0
1542,1.0,2.5714285714285716,41.0,0.0,26.0,0.096625,0.106674,0,0
1543,8.0,14.142857142857142,41.142857142857146,0.0,26.0,0.345397,0.105225,0,0
1544,2.0,27.428571428571427,46.857142857142854,1.0,26.0,0.083256,0.017444,1,1
1545,0.0,0.0,41.142857142857146,1.0,26.0,0.025186,0.078012,1,1
1546,1.0,10.142857142857142,43.285714285714285,2.0,26.0,0.065021,0.054181,1,1
1547,2.0,22.428571428571427,46.857142857142854,0.0,26.0,0.022865,0.33669,1,1
1548,0.0,0.0,47.714285714285715,0.0,26.0,0.003239,0.29538,1,1
1549,0.0,0.0,47.42857142857143,0.0,26.0,0.00769,0.27057,1,1
1550,0.0,0.0,46.857142857142854,1.0,26.0,0.003243,0.807193,1,0
1551,2.0,5.142857142857143,45.285714285714285,2.0,26.0,0.056393,0.075324,1,1
1552,5.0,46.285714285714285,47.57142857142857,2.0,26.0,0.090624,0.0062,1,1
1553,3.0,17.714285714285715,42.857142857142854,1.0,26.0,0.036441,0.136731,1,1
1554,2.0,23.142857142857142,51.57142857142857,0.0,26.0,0.085333,0.585773,0,0
1555,1.0,1.0,40.142857142857146,0.0,26.0,0.467641,0.514415,0,0
1556,1.0,27.714285714285715,40.142857142857146,2.0,26.0,0.049345,0.572252,1,1
1557,6.0,17.285714285714285,42.42857142857143,0.0,26.0,0.261043,0.1559,0,0
1558,4.0,36.42857142857143,40.42857142857143,3.0,26.0,0.210149,0.160269,1,0
1559,1.0,13.142857142857142,40.285714285714285,0.0,26.0,0.050133,0.3594,0,0
1560,11.0,48.142857142857146,49.57142857142857,0.0,26.0,0.240965,0.045813,0,0
1561,7.0,48.285714285714285,49.142857142857146,1.0,26.0,0.230343,0.095766,1,0
1562,1.0,10.142857142857142,40.142857142857146,0.0,26.0,0.135847,0.429103,0,0
1563,1.0,2.4285714285714284,45.285714285714285,0.0,26.0,0.183213,0.491241,0,0
1564,0.0,0.0,41.0,1.0,26.0,0.060295,0.718374,1,0
1565,1.0,31.857142857142858,44.42857142857143,0.0,26.0,0.103801,0.375238,0,0
1566,2.0,35.57142857142857,41.0,0.0,26.0,0.019588,0.124886,1,1
1567,3.0,16.428571428571427,43.857142857142854,0.0,26.0,0.090906,0.437839,0,0
1568,0.0,0.0,45.285714285714285,2.0,26.0,0.044074,0.170941,1,1
1569,0.0,0.0,46.285714285714285,0.0,26.0,0.016618,0.121082,1,1
1570,5.0,45.142857142857146,46.0,0.0,26.0,0.070122,0.007497,1,1
1571,1.0,17.714285714285715,40.42857142857143,0.0,26.0,0.027909,0.460176,0,0
1572,0.0,0.0,40.57142857142857,0.0,26.0,0.024254,0.561807,1,1
1573,0.0,0.0,51.714285714285715,1.0,26.0,0.019267,0.011109,1,1
1574,5.0,37.285714285714285,49.285714285714285,2.0,26.0,0.069085,0.026364,1,1
1575,12.0,38.142857142857146,40.42857142857143,12.0,26.0,0.280544,0.037323,1,1
1576,0.0,0.0,49.142857142857146,0.0,26.0,0.010356,0.175149,1,1
1577,1.0,25.0,47.42857142857143,0.0,26.0,0.061153,0.278852,0,0
1578,1.0,1.2857142857142858,51.42857142857143,0.0,26.0,0.156327,0.142709,0,0
1579,8.0,45.285714285714285,48.57142857142857,4.0,26.0,0.201054,0.016972,1,1
1580,8.0,48.0,51.142857142857146,3.0,26.0,0.149505,0.041408,1,1
1581,1.0,5.428571428571429,40.285714285714285,0.0,26.0,0.139542,0.621369,0,0
1582,4.0,31.857142857142858,42.57142857142857,0.0,26.0,0.077464,0.393787,0,0
1583,0.0,0.0,51.142857142857146,0.0,26.0,0.007112,0.056366,1,1
1584,0.0,0.0,49.0,0.0,26.0,0.014768,0.678324,1,1
1585,3.0,19.714285714285715,43.142857142857146,0.0,26.0,0.047355,0.19664,1,1
1586,0.0,0.0,42.285714285714285,0.0,26.0,0.002076,0.025277,1,1
1587,0.0,0.0,40.285714285714285,0.0,26.0,0.017859,0.215799,1,1
1588,2.0,39.42857142857143,43.0,0.0,26.0,0.012729,0.103642,1,1
1589,11.0,43.42857142857143,48.0,7.0,26.0,0.267109,0.100605,1,0
1590,3.0,16.571428571428573,45.285714285714285,0.0,26.0,0.291851,0.176282,0,0
1591,0.0,0.0,42.57142857142857,0.0,26.0,0.000191,0.029573,1,1
1592,8.0,41.142857142857146,41.285714285714285,1.0,26.0,0.119835,0.244431,1,0
1593,3.0,15.571428571428571,51.285714285714285,0.0,26.0,0.212511,0.212323,0,0
1594,2.0,13.571428571428571,47.0,2.0,26.0,0.033681,0.004459,1,1
1595,19.0,34.42857142857143,42.57142857142857,0.0,26.0,0.413112,0.037715,0,0
1596,1.0,12.142857142857142,43.857142857142854,0.0,26.0,0.021727,0.696574,1,1
1597,6.0,40.142857142857146,41.142857142857146,3.0,26.0,0.153545,0.03175,1,1
1598,3.0,16.0,45.714285714285715,0.0,26.0,0.136483,0.173026,0,0
1599,0.0,0.0,48.0,0.0,26.0,0.000213,0.551911,1,1
1600,6.0,44.714285714285715,45.0,1.0,26.0,0.14939,0.120391,1,0
1601,1.0,3.857142857142857,48.42857142857143,0.0,26.0,0.246358,0.813219,0,0
1602,3.0,33.142857142857146,42.0,2.0,26.0,0.133463,0.033634,1,1
1603,8.0,27.857142857142858,48.57142857142857,3.0,26.0,0.206145,0.104302,1,0
1604,3.0,10.428571428571429,41.42857142857143,3.0,26.0,0.065299,0.525474,1,0
1605,2.0,15.428571428571429,45.857142857142854,1.0,26.0,0.027579,0.110268,1,1
1606,0.0,0.0,44.857142857142854,0.0,26.0,0.026197,0.025751,1,1
1607,5.0,47.714285714285715,48.57142857142857,2.0,26.0,0.102268,0.290773,1,0
1608,1.0,20.571428571428573,42.42857142857143,0.0,26.0,0.035334,0.394758,1,1
1609,1.0,39.714285714285715,46.57142857142857,0.0,26.0,0.016337,0.075821,1,1
1610,1.0,2.7142857142857144,40.57142857142857,0.0,26.0,0.149215,0.501203,0,0
1611,1.0,37.0,41.42857142857143,0.0,26.0,0.026539,0.017138,1,1
1612,0.0,0.0,51.142857142857146,1.0,26.0,0.021904,0.323262,1,0
1613,3.0,42.57142857142857,44.0,2.0,26.0,0.070562,0.071188,1,0
1614,2.0,19.142857142857142,48.57142857142857,0.0,26.0,0.027734,0.077746,1,1
1615,2.0,37.857142857142854,40.857142857142854,2.0,26.0,0.022875,0.003197,1,1
1616,4.0,44.142857142857146,48.285714285714285,2.0,26.0,0.094073,0.286221,1,1
1617,1.0,1.1428571428571428,50.714285714285715,0.0,26.0,0.025283,0.387053,0,0
1618,4.0,24.857142857142858,49.0,0.0,26.0,0.161611,0.429862,0,0
1619,9.0,50.285714285714285,51.142857142857146,2.0,26.0,0.058527,0.089237,1,1
1620,0.0,0.0,43.857142857142854,0.0,26.0,0.02059,0.315639,1,1
1621,9.0,28.0,41.285714285714285,0.0,26.0,0.558378,0.224118,0,0
1622,4.0,49.857142857142854,51.42857142857143,0.0,26.0,0.053721,0.087035,1,1
1623,6.0,33.285714285714285,45.857142857142854,1.0,26.0,0.106241,0.137156,1,1
1624,0.0,0.0,40.857142857142854,0.0,26.0,0.002678,0.54175,1,1
1625,0.0,0.0,47.0,0.0,26.0,0.004681,0.258811,1,1
1626,2.0,3.857142857142857,41.285714285714285,0.0,26.0,0.267803,0.393625,0,0
1627,0.0,0.0,47.142857142857146,0.0,26.0,0.000902,0.11671,1,1
1628,3.0,19.714285714285715,45.285714285714285,0.0,26.0,0.052328,0.118397,1,1
1629,4.0,32.714285714285715,42.42857142857143,4.0,26.0,0.162096,0.036217,1,1
1630,18.0,41.57142857142857,42.0,11.0,26.0,0.346752,0.025405,1,1
1631,7.0,46.42857142857143,47.57142857142857,4.0,26.0,0.173322,0.050617,1,0
1632,0.0,0.0,43.42857142857143,0.0,26.0,0.000569,0.219502,1,1
1633,1.0,35.142857142857146,41.57142857142857,0.0,26.0,0.000624,0.097376,1,1
1634,1.0,5.857142857142857,43.714285714285715,0.0,26.0,0.199641,0.522918,0,0
1635,1.0,37.57142857142857,47.42857142857143,2.0,26.0,0.05993,0.147058,1,1
1636,0.0,0.0,46.285714285714285,0.0,26.0,0.000395,0.569459,1,1
1637,2.0,33.285714285714285,48.857142857142854,0.0,26.0,0.252274,0.226492,0,0
1638,0.0,0.0,41.57142857142857,0.0,26.0,0.009926,0.369109,1,1
1639,1.0,0.14285714285714285,51.857142857142854,0.0,26.0,0.348246,0.578222,0,0
1640,0.0,0.0,40.857142857142854,0.0,26.0,0.01298,0.653684,1,1
1641,1.0,9.571428571428571,42.57142857142857,2.0,26.0,0.067045,0.040924,1,1
1642,0.0,0.0,40.57142857142857,1.0,26.0,0.04883,0.27607,1,0
1643,6.0,35.142857142857146,42.857142857142854,4.0,26.0,0.081735,0.206786,1,1
1644,3.0,5.428571428571429,41.285714285714285,0.0,26.0,0.10543,0.168653,0,0
1645,0.0,0.0,49.142857142857146,0.0,26.0,0.001004,0.116671,1,1
1646,1.0,17.0,41.714285714285715,0.0,26.0,0.010782,0.452957,0,0
1647,1.0,11.571428571428571,51.857142857142854,0.0,26.0,0.061331,0.373332,0,0
1648,6.0,39.0,47.285714285714285,5.0,26.0,0.252341,0.072592,1,0
1649,1.0,29.571428571428573,43.714285714285715,1.0,26.0,0.007829,0.20784,1,1
1650,3.0,29.714285714285715,41.714285714285715,2.0,26.0,0.060978,0.002631,1,1
1651,4.0,33.285714285714285,44.0,0.0,26.0,0.285566,0.148423,0,0
1652,1.0,15.142857142857142,40.42857142857143,0.0,26.0,0.004365,0.026284,1,1
1653,2.0,30.428571428571427,48.714285714285715,0.0,26.0,0.040066,0.637195,0,0
1654,2.0,18.142857142857142,40.714285714285715,0.0,26.0,0.069982,0.629678,0,0
1655,2.0,37.714285714285715,42.57142857142857,2.0,26.0,0.05018,0.110763,1,1
1656,2.0,25.0,42.285714285714285,2.0,26.0,0.051449,0.022045,1,1
1657,1.0,32.0,50.714285714285715,1.0,26.0,0.011704,0.147458,1,1
1658,1.0,4.285714285714286,43.42857142857143,0.0,26.0,0.051921,0.339782,0,0
1659,9.0,32.714285714285715,51.857142857142854,0.0,26.0,0.318859,0.063706,0,0
1660,1.0,4.571428571428571,51.57142857142857,0.0,26.0,0.166094,0.56753,0,0
1661,2.0,8.0,48.42857142857143,0.0,26.0,0.044224,0.081974,0,0
1662,3.0,46.285714285714285,51.285714285714285,1.0,26.0,0.035455,0.000178,1,1
1663,16.0,47.57142857142857,50.285714285714285,11.0,26.0,0.336294,0.013399,1,1
1664,3.0,42.42857142857143,44.57142857142857,0.0,26.0,0.01005,0.055835,1,1
1665,1.0,45.714285714285715,49.714285714285715,0.0,26.0,0.052534,0.300319,1,1
1666,1.0,21.142857142857142,41.285714285714285,0.0,26.0,0.055548,0.002502,1,1
1667,1.0,45.142857142857146,48.857142857142854,0.0,26.0,0.023432,0.358218,0,0
1668,0.0,0.0,47.857142857142854,0.0,26.0,0.008345,0.126327,1,1
1669,0.0,0.0,42.285714285714285,3.0,26.0,0.03221,0.357876,1,0
1670,1.0,15.0,45.0,0.0,26.0,0.010769,0.005523,1,1
1671,3.0,44.57142857142857,49.0,0.0,26.0,0.040185,0.08086,1,1
1672,2.0,27.571428571428573,47.142857142857146,0.0,26.0,0.053599,0.360618,0,0
1673,3.0,42.285714285714285,49.142857142857146,0.0,26.0,0.05153,0.12907,0,0
1674,3.0,41.0,42.142857142857146,4.0,26.0,0.052001,0.020292,1,1
1675,3.0,41.714285714285715,44.57142857142857,3.0,26.0,0.127465,0.128354,1,0
1676,1.0,10.857142857142858,46.714285714285715,1.0,26.0,0.014548,0.086259,1,1
1677,0.0,0.0,44.857142857142854,0.0,26.0,0.007297,0.064925,1,1
1678,9.0,36.0,40.857142857142854,3.0,26.0,0.209316,0.180181,1,1
1679,4.0,25.714285714285715,48.0,0.0,26.0,0.098789,0.304011,0,0
1680,0.0,0.0,51.285714285714285,0.0,26.0,0.001541,0.285648,1,1
1681,2.0,42.714285714285715,47.857142857142854,0.0,26.0,0.008776,0.189921,0,0
1682,3.0,44.142857142857146,47.285714285714285,0.0,26.0,0.01528,0.050516,1,1
1683,0.0,0.0,46.857142857142854,0.0,26.0,0.007758,0.111273,1,1
1684,1.0,27.428571428571427,50.0,3.0,26.0,0.033305,0.253819,1,1
1685,3.0,11.571428571428571,47.285714285714285,0.0,26.0,0.367892,0.225353,0,0
1686,1.0,1.5714285714285714,46.714285714285715,0.0,26.0,0.466291,0.377044,0,0
1687,3.0,18.571428571428573,41.857142857142854,2.0,26.0,0.097632,0.036588,1,1
1688,1.0,1.5714285714285714,48.57142857142857,0.0,26.0,0.091174,0.608075,0,0
1689,12.0,47.285714285714285,47.57142857142857,7.0,26.0,0.39678,0.009339,1,1
1690,1.0,4.285714285714286,49.57142857142857,0.0,26.0,0.121245,0.272203,0,0
1691,0.0,0.0,46.857142857142854,1.0,26.0,0.066882,0.103829,1,1
1692,6.0,35.0,40.57142857142857,2.0,26.0,0.232373,0.128648,1,1
1693,0.0,0.0,45.42857142857143,0.0,26.0,0.000276,0.142309,1,1
1694,6.0,44.142857142857146,47.857142857142854,0.0,26.0,0.080998,0.22434,1,1
1695,1.0,0.8571428571428571,49.42857142857143,0.0,26.0,0.006218,0.229214,1,1
1696,1.0,7.571428571428571,51.42857142857143,0.0,26.0,0.043964,0.335835,0,0
1697,4.0,12.142857142857142,48.285714285714285,0.0,26.0,0.239568,0.092942,0,0
1698,2.0,7.285714285714286,48.142857142857146,0.0,26.0,0.197653,0.078354,0,0
1699,0.0,0.0,44.857142857142854,0.0,26.0,0.009725,0.398889,1,1
1700,1.0,2.2857142857142856,41.142857142857146,0.0,26.0,0.024969,0.331145,1,1
1701,2.0,50.42857142857143,50.42857142857143,0.0,26.0,0.011792,0.200406,0,0
1702,2.0,43.714285714285715,46.0,8.0,26.0,0.183338,0.085561,1,1
1703,2.0,25.142857142857142,41.714285714285715,0.0,26.0,0.215851,0.333174,0,0
1704,6.0,36.714285714285715,40.57142857142857,2.0,26.0,0.146045,0.010583,1,1
1705,0.0,0.0,49.142857142857146,0.0,26.0,0.002247,0.086411,1,1
1706,0.0,0.0,46.285714285714285,0.0,26.0,0.003467,0.235118,1,1
1707,4.0,28.285714285714285,51.142857142857146,0.0,26.0,0.127201,0.24034,0,0
1708,0.0,0.0,40.0,0.0,26.0,0.005617,0.046084,1,1
1709,1.0,9.142857142857142,44.57142857142857,0.0,26.0,0.010663,0.259748,1,1
1710,1.0,18.142857142857142,51.57142857142857,0.0,26.0,0.10062,0.67495,0,0
1711,2.0,26.142857142857142,49.285714285714285,0.0,26.0,0.025339,0.298309,0,0
1712,0.0,0.0,42.857142857142854,0.0,26.0,0.020002,0.231475,1,1
1713,1.0,26.285714285714285,44.714285714285715,2.0,26.0,0.043993,0.280815,1,1
1714,1.0,19.857142857142858,42.57142857142857,0.0,26.0,0.007212,0.011673,1,1
1715,1.0,5.142857142857143,48.142857142857146,0.0,26.0,0.263934,0.443233,0,0
1716,1.0,14.428571428571429,50.0,1.0,26.0,0.039244,0.101747,1,1
1717,2.0,8.571428571428571,49.714285714285715,3.0,26.0,0.059278,0.000209,1,1
1718,2.0,1.5714285714285714,46.57142857142857,0.0,26.0,0.601507,0.142318,0,0
1719,1.0,0.5714285714285714,43.0,0.0,26.0,0.303067,0.716736,0,0
1720,0.0,0.0,45.57142857142857,0.0,26.0,0.002672,0.10334,1,1
1721,1.0,31.428571428571427,44.142857142857146,0.0,26.0,0.000943,0.4652,0,0
1722,1.0,6.142857142857143,45.285714285714285,0.0,26.0,0.033699,0.334534,0,0
1723,2.0,5.0,40.42857142857143,0.0,26.0,0.160005,0.319092,0,0
1724,2.0,48.142857142857146,49.0,0.0,26.0,0.045266,0.505551,0,0
1725,1.0,10.142857142857142,48.857142857142854,0.0,26.0,0.014492,0.174149,1,1
1726,5.0,46.285714285714285,47.142857142857146,4.0,26.0,0.160535,0.024266,1,1
1727,2.0,49.285714285714285,50.285714285714285,0.0,26.0,0.018595,0.107,1,1
1728,1.0,38.42857142857143,47.142857142857146,1.0,26.0,0.043588,0.180743,1,1
1729,1.0,23.714285714285715,47.285714285714285,0.0,26.0,0.073682,0.258223,0,0
1730,0.0,0.0,43.0,0.0,26.0,0.00865,0.34285,1,1
1731,2.0,31.0,50.285714285714285,1.0,26.0,0.091438,0.031959,1,1
1732,0.0,0.0,44.714285714285715,0.0,26.0,0.001117,0.280372,1,1
1733,4.0,16.428571428571427,41.142857142857146,0.0,26.0,0.396446,0.1793,0,0
1734,12.0,49.42857142857143,50.57142857142857,9.0,26.0,0.297807,0.005837,1,1
1735,0.0,0.0,43.57142857142857,0.0,26.0,0.001172,0.315551,1,1
1736,4.0,36.142857142857146,42.42857142857143,2.0,26.0,0.095492,0.192491,1,1
1737,3.0,19.285714285714285,49.57142857142857,0.0,26.0,0.109254,0.038115,0,0
1738,0.0,0.0,43.0,0.0,26.0,0.002157,0.606082,1,1
1739,3.0,6.285714285714286,46.0,0.0,26.0,0.392677,0.232358,0,0
1740,0.0,0.0,42.42857142857143,0.0,26.0,0.010712,0.069854,1,1
1741,2.0,10.142857142857142,44.285714285714285,0.0,26.0,0.030652,0.69562,0,0
1742,6.0,48.42857142857143,49.57142857142857,1.0,26.0,0.055193,0.027413,1,1
1743,3.0,23.285714285714285,50.714285714285715,1.0,26.0,0.073391,0.019741,1,1
1744,1.0,15.857142857142858,45.857142857142854,1.0,26.0,0.022928,0.509592,1,0
1745,2.0,8.571428571428571,49.285714285714285,0.0,26.0,0.080092,0.273449,0,0
1746,0.0,0.0,49.142857142857146,0.0,26.0,0.011675,0.172347,1,1
1747,11.0,41.0,48.142857142857146,13.0,26.0,0.305778,0.009098,1,1
1748,21.0,45.142857142857146,45.285714285714285,12.0,26.0,0.455296,0.039293,1,1
1749,0.0,0.0,47.714285714285715,0.0,26.0,0.028244,0.574943,1,1
1750,1.0,14.285714285714286,40.0,0.0,26.0,0.023706,0.326815,0,0
1751,6.0,29.0,42.714285714285715,0.0,26.0,0.157932,0.292258,0,0
1752,0.0,0.0,47.714285714285715,0.0,26.0,0.003646,0.193204,1,1
1753,8.0,17.142857142857142,41.857142857142854,0.0,26.0,0.137487,0.235363,0,0
1754,4.0,31.428571428571427,49.0,1.0,26.0,0.029448,0.179361,1,1
1755,2.0,15.0,46.142857142857146,0.0,26.0,0.061908,0.277604,0,0
1756,1.0,12.571428571428571,43.0,0.0,26.0,0.019402,0.088697,1,1
1757,0.0,0.0,45.57142857142857,0.0,26.0,0.002264,0.447061,1,1
1758,0.0,0.0,42.142857142857146,0.0,26.0,0.016613,0.355634,1,1
1759,1.0,1.0,40.714285714285715,0.0,26.0,0.00656,0.048364,1,1
1760,2.0,27.714285714285715,43.714285714285715,2.0,26.0,0.028963,0.063787,1,1
1761,6.0,36.714285714285715,45.714285714285715,0.0,26.0,0.142765,0.155837,0,0
1762,1.0,21.571428571428573,51.142857142857146,1.0,26.0,0.056851,0.131937,1,1
1763,0.0,0.0,45.857142857142854,0.0,26.0,1.1e-05,0.099229,1,1
1764,8.0,37.285714285714285,44.0,3.0,26.0,0.186305,0.013667,1,1
1765,1.0,6.285714285714286,40.57142857142857,0.0,26.0,0.132404,0.495344,0,0
1766,1.0,43.0,51.857142857142854,0.0,26.0,0.002267,0.373526,1,1
1767,0.0,0.0,47.42857142857143,0.0,26.0,0.009046,0.303967,1,1
1768,1.0,25.714285714285715,49.142857142857146,0.0,26.0,0.047956,0.189872,0,0
1769,0.0,0.0,46.0,0.0,26.0,0.028942,0.09946,1,1
1770,0.0,0.0,45.0,0.0,26.0,0.019117,0.110676,1,1
1771,1.0,23.857142857142858,51.142857142857146,1.0,26.0,0.005141,0.425065,1,0
1772,4.0,43.857142857142854,48.142857142857146,3.0,26.0,0.124871,0.150647,1,1
1773,1.0,13.0,44.714285714285715,0.0,26.0,0.041851,0.08575,0,0
1774,1.0,5.285714285714286,45.142857142857146,0.0,26.0,0.082748,0.417349,0,0
1775,1.0,0.14285714285714285,48.285714285714285,0.0,26.0,0.192184,0.263576,0,0
1776,4.0,31.0,48.714285714285715,0.0,26.0,0.12759,0.278941,0,0
1777,1.0,36.857142857142854,44.57142857142857,1.0,26.0,0.059096,0.236987,1,1
1778,1.0,8.428571428571429,44.42857142857143,0.0,26.0,0.005628,0.150087,1,1
1779,2.0,33.42857142857143,49.285714285714285,2.0,26.0,0.049296,0.168838,1,1
1780,0.0,0.0,46.857142857142854,0.0,26.0,0.000977,0.252189,1,1
1781,2.0,21.142857142857142,40.857142857142854,0.0,26.0,0.155909,0.223957,0,0
1782,0.0,0.0,48.857142857142854,0.0,26.0,0.00323,0.18521,1,1
1783,0.0,0.0,44.714285714285715,0.0,26.0,0.02548,0.137499,1,1
1784,2.0,40.142857142857146,42.42857142857143,4.0,26.0,0.141923,0.10396,1,0
1785,0.0,0.0,40.857142857142854,0.0,26.0,0.001185,0.344866,1,1
1786,0.0,0.0,44.0,0.0,26.0,0.000104,0.07896,1,1
1787,1.0,12.571428571428571,46.0,0.0,26.0,0.113273,0.437975,0,0
1788,0.0,0.0,48.0,0.0,26.0,0.00692,0.125206,1,1
1789,0.0,0.0,47.714285714285715,0.0,26.0,0.00105,0.812963,1,1
1790,0.0,0.0,40.142857142857146,0.0,26.0,0.004542,0.146292,1,1
1791,0.0,0.0,48.714285714285715,0.0,26.0,0.004847,0.155815,1,1
1792,0.0,0.0,47.714285714285715,2.0,26.0,0.010125,0.026278,1,1
1793,1.0,34.0,50.142857142857146,0.0,26.0,0.011427,0.006122,1,1
1794,2.0,40.285714285714285,50.0,0.0,26.0,0.024827,0.125649,0,0
1795,2.0,5.571428571428571,49.0,0.0,26.0,0.162729,0.059916,0,0
1796,2.0,5.857142857142857,46.285714285714285,2.0,26.0,0.05417,0.011206,1,1
1797,2.0,19.142857142857142,42.714285714285715,4.0,26.0,0.151995,0.046288,1,1
1798,1.0,28.285714285714285,42.714285714285715,0.0,26.0,0.016263,0.330578,1,1
1799,0.0,0.0,42.0,0.0,26.0,0.001165,0.081543,1,1
1800,4.0,15.857142857142858,43.42857142857143,0.0,26.0,0.103851,0.113784,0,0
1801,1.0,17.428571428571427,45.714285714285715,2.0,26.0,0.065955,0.09892,1,1
1802,1.0,9.714285714285714,44.285714285714285,0.0,26.0,0.034491,0.102683,1,1
1803,8.0,34.857142857142854,45.0,0.0,26.0,0.205553,0.441475,0,0
1804,0.0,0.0,40.57142857142857,0.0,26.0,0.036081,0.010206,1,1
1805,10.0,39.57142857142857,47.857142857142854,5.0,26.0,0.113484,0.107787,1,1
1806,1.0,10.142857142857142,47.857142857142854,0.0,26.0,0.01842,0.104291,1,1
1807,1.0,21.857142857142858,51.857142857142854,1.0,26.0,0.010939,0.031642,1,1
1808,1.0,16.714285714285715,50.42857142857143,0.0,26.0,0.016635,0.031973,1,1
1809,1.0,15.714285714285714,41.857142857142854,0.0,26.0,0.012398,0.454261,1,1
1810,4.0,19.714285714285715,43.142857142857146,0.0,26.0,0.044692,0.025296,1,1
1811,4.0,39.42857142857143,50.857142857142854,2.0,26.0,0.079647,0.067955,1,1
1812,1.0,31.142857142857142,46.285714285714285,0.0,26.0,0.042007,0.297629,0,0
1813,3.0,25.428571428571427,48.285714285714285,7.0,26.0,0.132354,0.073604,1,0
1814,0.0,0.0,40.142857142857146,0.0,26.0,0.000387,0.129691,1,1
1815,4.0,39.142857142857146,47.57142857142857,4.0,26.0,0.051235,0.130641,1,1
1816,6.0,42.57142857142857,51.285714285714285,0.0,26.0,0.087149,0.008996,1,1
1817,2.0,36.857142857142854,43.714285714285715,0.0,26.0,0.073709,0.054471,1,1
1818,8.0,36.42857142857143,41.57142857142857,0.0,26.0,0.329954,0.103087,0,0
1819,1.0,3.7142857142857144,46.0,1.0,26.0,0.048284,0.79338,1,0
1820,6.0,30.142857142857142,44.285714285714285,0.0,26.0,0.165289,0.060423,0,0
1821,5.0,5.714285714285714,49.0,0.0,26.0,0.887221,0.108341,0,0
1822,0.0,0.0,42.0,0.0,26.0,0.003177,0.19063,1,1
1823,2.0,16.285714285714285,49.42857142857143,2.0,26.0,0.036364,0.095702,1,1
1824,3.0,21.428571428571427,45.57142857142857,0.0,26.0,0.045581,0.301887,0,0
1825,3.0,18.142857142857142,41.714285714285715,0.0,26.0,0.07052,0.509237,0,0
1826,1.0,24.857142857142858,47.0,0.0,26.0,0.011033,0.055742,1,1
1827,3.0,7.571428571428571,44.285714285714285,0.0,26.0,0.529088,0.387205,0,0
1828,2.0,23.714285714285715,45.42857142857143,0.0,26.0,0.192214,0.121064,0,0
1829,0.0,0.0,44.57142857142857,0.0,26.0,0.014693,0.521175,1,1
1830,0.0,0.0,40.857142857142854,0.0,26.0,0.001119,0.320783,1,1
1831,2.0,31.142857142857142,40.857142857142854,4.0,26.0,0.050612,0.044015,1,0
1832,1.0,12.571428571428571,40.285714285714285,0.0,26.0,0.032543,0.35528,0,0
1833,2.0,10.857142857142858,42.714285714285715,1.0,26.0,0.056196,0.091869,1,0
1834,2.0,30.714285714285715,48.285714285714285,4.0,26.0,0.074369,0.190737,1,1
1835,1.0,23.428571428571427,44.142857142857146,0.0,26.0,0.008318,0.222563,1,1
1836,1.0,29.0,48.142857142857146,0.0,26.0,0.003532,0.008478,1,1
1837,2.0,32.285714285714285,51.0,0.0,26.0,0.046057,0.034101,1,1
1838,1.0,13.428571428571429,46.285714285714285,0.0,26.0,0.085005,0.232941,0,0
1839,1.0,36.857142857142854,43.714285714285715,1.0,26.0,0.0354,0.090224,1,1
1840,0.0,0.0,44.142857142857146,0.0,26.0,0.035224,0.030707,1,1
1841,2.0,30.285714285714285,42.42857142857143,0.0,26.0,0.026746,0.076355,1,1
1842,0.0,0.0,45.142857142857146,2.0,26.0,0.0162,0.020319,1,1
1843,0.0,0.0,48.142857142857146,0.0,26.0,0.003015,0.054155,1,1
1844,1.0,37.42857142857143,43.285714285714285,3.0,26.0,0.073282,0.052639,1,1
1845,7.0,30.571428571428573,51.57142857142857,0.0,26.0,0.073099,0.483697,0,0
1846,1.0,8.857142857142858,48.714285714285715,0.0,26.0,0.030854,0.426506,1,1
1847,2.0,4.428571428571429,50.57142857142857,0.0,26.0,0.333328,0.185161,0,0
1848,0.0,0.0,50.142857142857146,0.0,26.0,0.000472,0.201695,1,1
1849,1.0,19.0,40.857142857142854,0.0,26.0,0.014833,0.333772,0,0
1850,1.0,18.428571428571427,41.285714285714285,0.0,26.0,0.042751,0.495122,0,0
1851,2.0,40.714285714285715,45.42857142857143,1.0,26.0,0.04536,0.073627,1,0
1852,1.0,41.714285714285715,46.714285714285715,1.0,26.0,0.062802,0.039824,1,1
1853,15.0,20.857142857142858,43.857142857142854,0.0,26.0,0.412395,0.123906,0,0
1854,0.0,0.0,41.42857142857143,0.0,26.0,0.003441,0.095655,1,1
1855,2.0,8.0,48.714285714285715,0.0,26.0,0.283477,0.371719,0,0
1856,15.0,42.285714285714285,42.285714285714285,5.0,26.0,0.270585,0.004788,1,1
1857,2.0,38.714285714285715,41.142857142857146,1.0,26.0,0.044881,0.229554,1,0
1858,21.0,42.42857142857143,46.57142857142857,14.0,26.0,0.571201,0.003979,1,1
1859,0.0,0.0,48.57142857142857,0.0,26.0,0.000217,0.220194,1,1
1860,1.0,34.857142857142854,46.57142857142857,1.0,26.0,0.05059,0.014806,1,1
1861,3.0,22.857142857142858,48.0,0.0,26.0,0.105052,0.274917,0,0
1862,0.0,0.0,46.42857142857143,0.0,26.0,0.001817,0.375315,1,1
1863,1.0,6.285714285714286,51.0,0.0,26.0,0.315179,0.510932,0,0
1864,0.0,0.0,46.42857142857143,0.0,26.0,3.2e-05,0.206199,1,1
1865,0.0,0.0,44.0,0.0,26.0,0.000861,0.137408,1,1
1866,1.0,30.285714285714285,47.142857142857146,0.0,26.0,0.065016,0.549969,0,0
1867,0.0,0.0,43.714285714285715,0.0,26.0,0.026459,0.008282,1,1
1868,7.0,17.571428571428573,45.42857142857143,0.0,26.0,0.651238,0.104569,0,0
1869,0.0,0.0,40.42857142857143,0.0,26.0,1e-06,0.135369,1,1
1870,2.0,25.285714285714285,48.714285714285715,1.0,26.0,0.050104,0.186324,1,0
1871,6.0,36.714285714285715,40.857142857142854,2.0,26.0,0.135424,0.058408,1,1
1872,1.0,38.57142857142857,40.714285714285715,0.0,26.0,0.034268,0.033364,1,1
1873,0.0,0.0,44.142857142857146,0.0,26.0,0.006256,0.132739,1,1
1874,6.0,37.57142857142857,45.0,2.0,26.0,0.137478,0.367847,1,1
1875,0.0,0.0,50.857142857142854,0.0,26.0,0.006169,0.148789,1,1
1876,1.0,31.285714285714285,41.714285714285715,0.0,26.0,0.014571,0.207629,1,1
1877,7.0,22.285714285714285,47.57142857142857,0.0,26.0,0.391429,0.081919,0,0
1878,1.0,11.571428571428571,43.857142857142854,0.0,26.0,0.01463,0.547464,0,0
1879,3.0,3.5714285714285716,43.42857142857143,0.0,26.0,0.1348,0.188387,0,0
1880,0.0,0.0,41.57142857142857,0.0,26.0,0.001148,0.052263,1,1
1881,0.0,0.0,45.0,0.0,26.0,0.009134,0.171943,1,1
1882,7.0,33.42857142857143,50.0,0.0,26.0,0.066835,0.201057,1,1
1883,1.0,9.428571428571429,41.142857142857146,3.0,26.0,0.052596,0.071586,1,0
1884,5.0,38.714285714285715,43.285714285714285,3.0,26.0,0.100139,0.135548,1,1
1885,2.0,33.857142857142854,41.714285714285715,4.0,26.0,0.092942,0.086697,1,0
1886,1.0,41.0,51.42857142857143,0.0,26.0,0.025252,0.665736,1,1
1887,1.0,17.428571428571427,42.285714285714285,0.0,26.0,0.017216,0.52734,0,0
1888,1.0,14.142857142857142,45.57142857142857,0.0,26.0,0.143736,0.405139,0,0
1889,0.0,0.0,48.857142857142854,1.0,26.0,0.015032,0.240518,1,0
1890,7.0,33.142857142857146,46.0,0.0,26.0,0.257255,0.169459,0,0
1891,1.0,21.714285714285715,42.142857142857146,0.0,26.0,0.077499,0.652857,0,0
1892,3.0,34.142857142857146,46.285714285714285,0.0,26.0,0.066292,0.232303,0,0
1893,3.0,33.142857142857146,49.142857142857146,0.0,26.0,0.04948,0.028918,0,0
1894,5.0,30.857142857142858,45.42857142857143,0.0,26.0,0.223741,0.220486,0,0
1895,1.0,3.857142857142857,49.0,0.0,26.0,0.169676,0.657154,0,0
1896,6.0,32.285714285714285,42.142857142857146,3.0,26.0,0.168309,0.009329,1,1
1897,1.0,30.285714285714285,50.0,3.0,26.0,0.068598,0.28162,1,0
1898,1.0,11.0,49.0,0.0,26.0,0.084892,0.330758,0,0
1899,1.0,19.142857142857142,40.714285714285715,0.0,26.0,0.014441,0.403137,1,1
1900,1.0,12.428571428571429,48.57142857142857,0.0,26.0,0.012415,0.063969,1,1
1901,2.0,22.857142857142858,45.714285714285715,0.0,26.0,0.026864,0.079342,1,1
1902,0.0,0.0,40.285714285714285,0.0,26.0,0.007007,0.025112,1,1
1903,1.0,8.142857142857142,43.714285714285715,0.0,26.0,0.066049,0.179238,0,0
1904,3.0,34.285714285714285,45.285714285714285,0.0,26.0,0.12526,0.066284,0,0
1905,0.0,0.0,41.714285714285715,0.0,26.0,0.005979,0.015962,1,1
1906,3.0,40.42857142857143,46.714285714285715,1.0,26.0,0.043392,0.142159,1,1
1907,22.0,35.714285714285715,50.0,0.0,26.0,0.475137,0.004173,0,0
1908,4.0,41.0,50.0,1.0,26.0,0.063501,0.024528,1,1
1909,2.0,1.0,51.285714285714285,0.0,26.0,0.349906,0.42884,0,0
1910,2.0,22.285714285714285,41.0,2.0,26.0,0.053267,0.26472,1,1
1911,1.0,29.285714285714285,45.857142857142854,0.0,26.0,0.016523,0.158725,1,1
1912,4.0,12.0,40.0,0.0,26.0,0.160599,0.126973,0,0
1913,6.0,48.142857142857146,48.714285714285715,4.0,26.0,0.139375,0.104283,1,1
1914,4.0,11.0,44.42857142857143,0.0,26.0,0.208818,0.230256,0,0
1915,24.0,43.857142857142854,49.857142857142854,9.0,26.0,0.547416,0.025064,1,1
1916,6.0,22.714285714285715,46.285714285714285,0.0,26.0,0.264125,0.122541,0,0
1917,5.0,38.57142857142857,41.285714285714285,5.0,26.0,0.138066,0.15901,1,0
1918,0.0,0.0,48.42857142857143,0.0,26.0,0.015372,0.006317,1,1
1919,3.0,24.571428571428573,41.0,5.0,26.0,0.095139,0.002406,1,1
1920,3.0,24.142857142857142,41.142857142857146,2.0,26.0,0.01588,0.065264,1,1
1921,0.0,0.0,41.142857142857146,0.0,26.0,0.041009,0.004909,1,1
1922,8.0,9.571428571428571,45.285714285714285,0.0,26.0,1.046606,0.198876,0,0
1923,5.0,29.428571428571427,49.285714285714285,0.0,26.0,0.080758,0.0748,0,0
1924,0.0,0.0,44.714285714285715,1.0,26.0,0.02623,0.101204,1,1
1925,0.0,0.0,42.0,0.0,26.0,0.017996,0.003355,1,1
1926,1.0,6.857142857142857,45.285714285714285,5.0,26.0,0.091917,0.058102,1,1
1927,2.0,8.0,40.57142857142857,0.0,26.0,0.367382,0.347778,0,0
1928,1.0,26.571428571428573,50.857142857142854,0.0,26.0,0.026827,0.100411,0,0
1929,2.0,15.285714285714286,40.142857142857146,1.0,26.0,0.133769,0.223255,1,1
1930,0.0,0.0,41.857142857142854,0.0,26.0,0.016683,0.096922,1,1
1931,1.0,10.142857142857142,42.142857142857146,0.0,26.0,0.240023,0.608042,0,0
1932,1.0,5.142857142857143,51.0,0.0,26.0,0.139888,0.471044,0,0
1933,0.0,0.0,44.857142857142854,0.0,26.0,0.024608,0.013757,1,1
1934,1.0,11.428571428571429,41.285714285714285,0.0,26.0,0.005593,0.215571,1,1
1935,1.0,7.857142857142857,48.57142857142857,0.0,26.0,0.011683,0.183565,1,1
1936,4.0,14.0,42.57142857142857,0.0,26.0,0.350518,0.298885,0,0
1937,1.0,11.571428571428571,44.857142857142854,0.0,26.0,0.070904,0.096218,0,0
1938,0.0,0.0,50.285714285714285,1.0,26.0,0.023409,0.320192,1,1
1939,39.0,39.857142857142854,40.142857142857146,1.0,26.0,0.798053,0.089524,1,0
1940,0.0,0.0,42.57142857142857,0.0,26.0,0.001074,0.179827,1,1
1941,6.0,39.714285714285715,40.142857142857146,4.0,26.0,0.118856,0.028863,1,1
1942,0.0,0.0,49.857142857142854,0.0,26.0,0.002047,0.064156,1,1
1943,1.0,16.285714285714285,48.0,0.0,26.0,0.020032,0.3485,0,0
1944,4.0,15.714285714285714,44.285714285714285,0.0,26.0,0.24611,0.280625,0,0
1945,1.0,26.0,47.142857142857146,0.0,26.0,0.061135,0.064466,1,1
1946,3.0,32.42857142857143,40.57142857142857,4.0,26.0,0.126243,0.115906,1,1
1947,0.0,0.0,46.57142857142857,0.0,26.0,0.022395,0.000216,1,1
1948,1.0,2.0,51.857142857142854,1.0,26.0,0.028364,0.003288,1,1
1949,1.0,26.0,48.42857142857143,2.0,26.0,0.030805,0.340402,1,1
1950,0.0,0.0,46.285714285714285,0.0,26.0,0.00969,0.214292,1,1
1951,0.0,0.0,50.714285714285715,0.0,26.0,0.00115,0.06127,1,1
1952,0.0,0.0,46.285714285714285,0.0,26.0,0.000781,0.070652,1,1
1953,1.0,0.5714285714285714,40.714285714285715,0.0,26.0,0.327193,0.537299,0,0
1954,1.0,3.0,44.42857142857143,0.0,26.0,0.007354,0.787337,0,0
1955,4.0,11.142857142857142,45.857142857142854,0.0,26.0,0.523453,0.357368,0,0
1956,0.0,0.0,45.142857142857146,2.0,26.0,0.027415,0.282592,1,1
1957,4.0,23.857142857142858,49.42857142857143,0.0,26.0,0.125513,0.031257,0,0
1958,0.0,0.0,47.857142857142854,0.0,26.0,0.002373,0.425587,1,1
1959,6.0,10.428571428571429,42.0,0.0,26.0,0.31858,0.042859,0,0
1960,0.0,0.0,51.285714285714285,0.0,26.0,0.006361,0.04889,1,1
1961,1.0,24.857142857142858,50.0,0.0,26.0,0.017574,0.332816,0,0
1962,0.0,0.0,50.57142857142857,1.0,26.0,0.014579,0.635009,1,1
1963,5.0,48.285714285714285,51.57142857142857,0.0,26.0,0.076452,0.152894,0,0
1964,0.0,0.0,43.285714285714285,0.0,26.0,0.010266,0.015918,1,1
1965,1.0,0.14285714285714285,43.0,0.0,26.0,0.332837,0.284945,0,0
1966,2.0,34.142857142857146,41.42857142857143,0.0,26.0,0.047827,0.0155,1,1
1967,0.0,0.0,48.42857142857143,0.0,26.0,0.003915,0.32478,1,1
1968,1.0,42.0,46.285714285714285,2.0,26.0,0.071034,0.175007,1,1
1969,1.0,2.5714285714285716,51.57142857142857,0.0,26.0,0.40383,0.495802,0,0
1970,10.0,46.57142857142857,48.0,3.0,26.0,0.204248,0.02071,1,1
1971,12.0,34.857142857142854,45.714285714285715,0.0,26.0,0.223931,0.207177,0,0
1972,1.0,4.857142857142857,50.857142857142854,0.0,26.0,0.00241,0.014577,1,1
1973,2.0,31.714285714285715,46.0,2.0,26.0,0.022594,0.003981,1,1
1974,1.0,8.285714285714286,42.142857142857146,0.0,26.0,0.393723,0.574853,0,0
1975,3.0,28.0,40.714285714285715,0.0,26.0,0.032385,0.083181,1,1
1976,4.0,26.571428571428573,48.857142857142854,0.0,26.0,0.082182,0.171178,0,0
1977,0.0,0.0,48.285714285714285,0.0,26.0,0.002654,0.059274,1,1
1978,2.0,35.57142857142857,45.0,1.0,26.0,0.032054,0.231654,1,1
1979,1.0,27.714285714285715,51.857142857142854,0.0,26.0,0.033434,0.569916,0,0
1980,1.0,14.857142857142858,44.285714285714285,0.0,26.0,0.180525,0.114931,0,0
1981,1.0,34.857142857142854,48.57142857142857,2.0,26.0,0.069421,0.012241,1,1
1982,6.0,44.0,45.714285714285715,1.0,26.0,0.068319,0.048065,1,1
1983,2.0,13.142857142857142,44.0,0.0,26.0,0.076169,0.06045,0,0
1984,1.0,16.0,45.714285714285715,0.0,26.0,0.109424,0.647963,0,0
1985,5.0,34.285714285714285,44.714285714285715,7.0,26.0,0.107976,0.098737,1,1
1986,4.0,31.428571428571427,44.857142857142854,0.0,26.0,0.129099,0.120318,0,0
1987,1.0,36.714285714285715,43.42857142857143,0.0,26.0,0.007337,0.64005,0,0
1988,4.0,39.42857142857143,43.714285714285715,1.0,26.0,0.070479,0.033422,1,1
1989,0.0,0.0,44.57142857142857,0.0,26.0,0.555989,0.384007,0,0
1990,5.0,48.857142857142854,49.42857142857143,3.0,26.0,0.139962,0.095325,1,1
1991,6.0,39.0,43.285714285714285,1.0,26.0,0.112551,0.079293,1,0
1992,0.0,0.0,46.0,0.0,26.0,0.00704,0.031688,1,1
1993,0.0,0.0,44.0,0.0,26.0,1.9e-05,0.111229,1,1
1994,2.0,2.7142857142857144,46.857142857142854,0.0,26.0,0.116421,0.270491,0,0
1995,8.0,39.285714285714285,41.142857142857146,8.0,26.0,0.27751,0.043681,1,0
1996,16.0,40.57142857142857,42.857142857142854,4.0,26.0,0.312825,0.002615,1,1
1997,1.0,0.8571428571428571,43.42857142857143,0.0,26.0,0.31334,0.29591,0,0
1998,0.0,0.0,47.285714285714285,0.0,26.0,7.8e-05,0.554386,1,1
1999,0.0,0.0,50.0,0.0,26.0,0.001424,0.064438,1,1
2000,0.0,0.0,51.285714285714285,0.0,26.0,0.001364,0.110875,1,1
2001,1.0,4.571428571428571,49.285714285714285,0.0,26.0,0.072564,0.388542,0,0
2002,0.0,0.0,45.57142857142857,0.0,26.0,0.001992,0.075991,1,1
2003,2.0,26.714285714285715,51.42857142857143,0.0,26.0,0.03033,0.236528,1,1
2004,0.0,0.0,41.42857142857143,0.0,26.0,9.5e-05,0.053441,1,1
2005,3.0,32.142857142857146,44.57142857142857,3.0,26.0,0.085432,0.076724,1,1
2006,2.0,27.428571428571427,46.285714285714285,0.0,26.0,0.080032,0.391599,0,0
2007,2.0,40.0,45.285714285714285,1.0,26.0,0.087076,0.069298,1,1
2008,6.0,38.714285714285715,50.714285714285715,2.0,26.0,0.137579,0.114232,1,0
2009,1.0,37.57142857142857,44.142857142857146,0.0,26.0,0.068457,0.280814,0,0
2010,1.0,0.5714285714285714,40.42857142857143,0.0,26.0,0.974882,0.248165,0,0
2011,2.0,11.0,47.285714285714285,0.0,26.0,0.041714,0.123875,0,0
2012,1.0,3.2857142857142856,42.142857142857146,1.0,26.0,0.073685,0.220906,1,1
2013,3.0,35.857142857142854,42.57142857142857,1.0,26.0,0.030994,0.001661,1,1
2014,0.0,0.0,42.714285714285715,0.0,26.0,0.001672,0.000843,1,1
2015,1.0,3.2857142857142856,42.285714285714285,0.0,26.0,0.236797,0.823209,0,0
2016,16.0,44.142857142857146,48.857142857142854,4.0,26.0,0.310648,0.097667,1,0
2017,11.0,51.42857142857143,51.57142857142857,3.0,26.0,0.167275,0.028871,1,0
2018,1.0,4.0,42.714285714285715,0.0,26.0,0.359092,0.511353,0,0
2019,3.0,25.285714285714285,41.142857142857146,3.0,26.0,0.047609,0.376414,1,1
2020,0.0,0.0,42.142857142857146,0.0,26.0,0.019909,0.339355,1,1
2021,3.0,5.571428571428571,49.857142857142854,0.0,26.0,0.24079,0.191532,0,0
2022,7.0,42.57142857142857,47.0,0.0,26.0,0.066323,0.115113,1,1
2023,9.0,28.571428571428573,44.57142857142857,4.0,26.0,0.210597,0.113963,1,0
2024,0.0,0.0,46.142857142857146,0.0,26.0,0.002826,0.224657,1,1
2025,3.0,5.0,47.714285714285715,0.0,26.0,0.085629,0.458753,0,0
2026,1.0,2.2857142857142856,45.142857142857146,0.0,26.0,0.275699,0.065405,0,0
2027,3.0,16.428571428571427,40.57142857142857,0.0,26.0,0.142984,0.37794,0,0
2028,0.0,0.0,43.142857142857146,0.0,26.0,0.012458,0.020591,1,1
2029,1.0,1.8571428571428572,43.714285714285715,0.0,26.0,0.114734,0.750725,0,0
2030,2.0,21.142857142857142,46.42857142857143,0.0,26.0,0.091104,0.252968,0,0
2031,0.0,0.0,50.0,0.0,26.0,0.001662,0.068624,1,1
2032,0.0,0.0,50.42857142857143,1.0,26.0,0.006241,0.229071,1,1
2033,2.0,36.57142857142857,45.42857142857143,1.0,26.0,0.113224,0.182366,1,0
2034,1.0,0.42857142857142855,46.42857142857143,0.0,26.0,0.375001,0.557004,0,0
2035,1.0,28.142857142857142,51.42857142857143,0.0,26.0,0.008198,0.457856,0,0
2036,4.0,6.428571428571429,47.0,0.0,26.0,0.20388,0.075194,0,0
2037,1.0,10.285714285714286,44.142857142857146,3.0,26.0,0.025872,0.031806,1,1
2038,11.0,30.0,45.57142857142857,0.0,26.0,0.233304,0.109899,0,0
2039,4.0,17.571428571428573,43.714285714285715,4.0,26.0,0.177654,0.033146,1,1
2040,0.0,0.0,44.714285714285715,1.0,26.0,0.011537,0.496518,1,0
2041,12.0,42.57142857142857,44.57142857142857,3.0,26.0,0.274022,0.060481,1,1
2042,5.0,44.142857142857146,45.142857142857146,5.0,26.0,0.21294,0.105835,1,1
2043,0.0,0.0,42.42857142857143,0.0,26.0,0.000117,0.267222,1,1
2044,2.0,11.714285714285714,49.0,0.0,26.0,0.144989,0.307501,0,0
2045,0.0,0.0,50.857142857142854,0.0,26.0,0.106774,0.288946,0,0
2046,9.0,26.142857142857142,49.142857142857146,0.0,26.0,0.262584,0.4303,0,0
2047,14.0,47.714285714285715,48.142857142857146,4.0,26.0,0.220413,0.003582,1,1
2048,13.0,43.0,43.42857142857143,10.0,26.0,0.248562,0.010365,1,1
2049,5.0,44.57142857142857,50.142857142857146,7.0,26.0,0.134825,0.024982,1,1
2050,1.0,1.4285714285714286,49.857142857142854,0.0,26.0,0.158045,0.718991,0,0
2051,2.0,23.428571428571427,47.42857142857143,0.0,26.0,0.147716,0.08005,0,0
2052,1.0,30.0,51.57142857142857,2.0,26.0,0.021728,0.007097,1,1
2053,1.0,37.0,46.142857142857146,1.0,26.0,0.027966,0.186036,1,1
2054,1.0,3.7142857142857144,51.42857142857143,0.0,26.0,0.053545,0.247364,0,0
2055,0.0,0.0,40.42857142857143,0.0,26.0,0.006919,0.03399,1,1
2056,4.0,17.0,47.0,0.0,26.0,0.092006,0.103666,0,0
2057,4.0,40.142857142857146,45.857142857142854,3.0,26.0,0.157762,0.137092,1,1
2058,1.0,19.714285714285715,47.714285714285715,0.0,26.0,0.064254,0.187321,0,0
2059,1.0,46.0,48.57142857142857,2.0,26.0,0.031593,0.090152,1,1
2060,0.0,0.0,46.142857142857146,0.0,26.0,0.001687,0.144446,1,1
2061,1.0,29.571428571428573,47.57142857142857,0.0,26.0,0.003249,0.03481,1,1
2062,1.0,29.857142857142858,46.0,0.0,26.0,0.00787,0.17138,1,1
2063,3.0,44.0,48.142857142857146,0.0,26.0,0.03537,0.15312,0,0
2064,3.0,18.142857142857142,40.42857142857143,2.0,26.0,0.082151,0.23082,1,0
2065,9.0,36.142857142857146,40.714285714285715,5.0,26.0,0.197556,0.058626,1,1
2066,4.0,44.285714285714285,47.142857142857146,4.0,26.0,0.07937,0.161491,1,1
2067,3.0,21.857142857142858,49.0,0.0,26.0,0.180613,0.475818,0,0
2068,1.0,16.0,44.285714285714285,0.0,26.0,0.021131,0.236958,0,0
2069,0.0,0.0,40.714285714285715,0.0,26.0,0.001794,0.19651,1,1
2070,4.0,39.57142857142857,43.857142857142854,0.0,26.0,0.096007,0.015186,1,1
2071,1.0,29.428571428571427,40.0,0.0,26.0,0.012276,0.17252,0,0
2072,4.0,34.142857142857146,44.857142857142854,0.0,26.0,0.097581,0.038469,0,0
2073,5.0,34.42857142857143,43.142857142857146,5.0,26.0,0.109086,0.175387,1,0
2074,2.0,7.142857142857143,45.57142857142857,0.0,26.0,0.302763,0.213841,0,0
2075,0.0,0.0,49.857142857142854,1.0,26.0,0.017237,0.16594,1,1
2076,1.0,19.285714285714285,44.857142857142854,2.0,26.0,0.022875,0.295659,1,1
2077,10.0,38.0,41.285714285714285,6.0,26.0,0.214383,0.086954,1,1
2078,0.0,0.0,49.0,0.0,26.0,0.000777,0.693769,1,1
2079,0.0,0.0,42.857142857142854,0.0,26.0,0.000677,0.18289,1,1
2080,0.0,0.0,45.142857142857146,0.0,26.0,0.016759,0.465467,1,1
2081,3.0,4.857142857142857,48.57142857142857,0.0,26.0,0.156569,0.06965,0,0
2082,12.0,38.714285714285715,40.714285714285715,6.0,26.0,0.33961,0.013179,1,1
2083,2.0,13.857142857142858,48.57142857142857,0.0,26.0,0.025098,0.023912,1,1
2084,10.0,47.42857142857143,48.57142857142857,3.0,26.0,0.152844,0.012877,1,1
2085,0.0,0.0,51.57142857142857,0.0,26.0,0.028475,0.01229,1,1
2086,4.0,25.714285714285715,49.857142857142854,0.0,26.0,0.242845,0.105737,0,0
2087,5.0,6.0,49.142857142857146,0.0,26.0,0.224616,0.148567,0,0
2088,1.0,5.428571428571429,43.142857142857146,0.0,26.0,0.057755,0.117185,0,0
2089,1.0,40.0,48.285714285714285,2.0,26.0,0.046748,0.020455,1,1
2090,4.0,36.142857142857146,51.0,0.0,26.0,0.048399,0.011174,1,1
2091,0.0,0.0,44.142857142857146,0.0,26.0,0.010042,0.029967,1,1
2092,0.0,0.0,50.714285714285715,0.0,26.0,0.006977,0.034014,1,1
2093,1.0,2.142857142857143,45.142857142857146,0.0,26.0,0.00324,0.265512,1,1
2094,3.0,12.0,49.57142857142857,4.0,26.0,0.041094,0.069416,1,1
2095,0.0,0.0,42.714285714285715,1.0,26.0,0.012226,0.010341,1,1
2096,1.0,23.0,49.714285714285715,2.0,26.0,0.02657,0.018647,1,1
2097,0.0,0.0,46.285714285714285,1.0,26.0,0.005245,0.16199,1,1
2098,0.0,0.0,40.285714285714285,0.0,26.0,0.012921,0.381383,1,1
2099,0.0,0.0,48.0,0.0,26.0,0.000691,0.21616,1,1
2100,1.0,40.0,49.57142857142857,0.0,26.0,0.007714,0.295231,1,1
2101,1.0,5.285714285714286,48.57142857142857,0.0,26.0,0.123123,0.565329,0,0
2102,6.0,43.42857142857143,44.142857142857146,1.0,26.0,0.197012,0.362187,1,0
2103,2.0,45.0,50.714285714285715,2.0,26.0,0.0745,0.007476,1,1
2104,1.0,12.142857142857142,51.142857142857146,0.0,26.0,0.015783,0.214647,1,1
2105,0.0,0.0,44.142857142857146,0.0,26.0,0.000933,0.066907,1,1
2106,6.0,46.285714285714285,49.285714285714285,8.0,26.0,0.160829,0.236508,1,1
2107,2.0,44.42857142857143,49.857142857142854,1.0,26.0,0.058786,0.041079,1,1
2108,4.0,38.142857142857146,46.857142857142854,0.0,26.0,0.133842,0.021215,0,0
2109,1.0,34.857142857142854,48.0,1.0,26.0,0.027062,0.159738,1,1
2110,1.0,19.142857142857142,51.142857142857146,2.0,26.0,0.047534,0.049794,1,1
2111,4.0,37.857142857142854,50.142857142857146,2.0,26.0,0.062903,0.048284,1,1
2112,0.0,0.0,44.285714285714285,0.0,26.0,0.002981,0.195098,1,1
2113,1.0,9.428571428571429,45.57142857142857,0.0,26.0,0.046186,0.192654,0,0
2114,1.0,13.0,48.42857142857143,0.0,26.0,0.013017,0.022139,1,1
2115,1.0,12.571428571428571,45.0,1.0,26.0,0.023972,0.196175,1,1
2116,4.0,15.142857142857142,46.285714285714285,0.0,26.0,0.275412,0.106675,0,0
2117,0.0,0.0,50.714285714285715,1.0,26.0,0.030409,0.917425,1,0
2118,1.0,38.857142857142854,49.714285714285715,0.0,26.0,0.02089,0.654738,0,0
2119,1.0,22.0,41.57142857142857,0.0,26.0,0.10506,0.325384,0,0
2120,5.0,33.857142857142854,42.714285714285715,1.0,26.0,0.042275,0.024525,1,1
2121,0.0,0.0,49.142857142857146,0.0,26.0,0.006872,0.003667,1,1
2122,0.0,0.0,41.42857142857143,1.0,26.0,0.008192,0.037659,1,1
2123,1.0,8.0,41.857142857142854,3.0,26.0,0.059783,0.107235,1,1
2124,1.0,8.428571428571429,46.142857142857146,0.0,26.0,0.053294,0.0948,0,0
2125,2.0,2.4285714285714284,51.57142857142857,0.0,26.0,0.04468,0.482191,0,0
2126,1.0,3.2857142857142856,47.714285714285715,0.0,26.0,0.213451,0.078506,0,0
2127,7.0,39.714285714285715,44.0,3.0,26.0,0.150069,0.010737,1,1
2128,1.0,42.285714285714285,51.57142857142857,0.0,26.0,0.018945,0.265912,1,1
2129,5.0,44.0,45.714285714285715,3.0,26.0,0.121982,0.190097,1,0
2130,1.0,28.0,51.857142857142854,2.0,26.0,0.020274,0.002632,1,1
2131,5.0,31.428571428571427,40.0,0.0,26.0,0.298436,0.131107,0,0
2132,1.0,13.714285714285714,45.714285714285715,1.0,26.0,0.028761,0.125154,1,1
2133,1.0,21.142857142857142,47.142857142857146,0.0,26.0,0.004997,0.619757,0,0
2134,17.0,41.285714285714285,44.142857142857146,1.0,26.0,0.373912,0.065668,1,0
2135,24.0,43.714285714285715,44.285714285714285,12.0,26.0,0.622084,0.015875,1,1
2136,0.0,0.0,45.857142857142854,0.0,26.0,0.006273,0.082893,1,1
2137,3.0,3.142857142857143,41.0,0.0,26.0,0.369779,0.1065,0,0
2138,0.0,0.0,41.42857142857143,0.0,26.0,0.006218,0.06437,1,1
2139,0.0,0.0,49.57142857142857,2.0,26.0,0.021597,0.006449,1,1
2140,0.0,0.0,46.714285714285715,0.0,26.0,0.000201,0.20987,1,1
2141,0.0,0.0,51.142857142857146,0.0,26.0,0.003383,0.015983,1,1
2142,9.0,47.142857142857146,49.0,2.0,26.0,0.170079,0.143489,1,0
2143,0.0,0.0,41.42857142857143,0.0,26.0,0.004964,0.252492,1,1
2144,1.0,1.7142857142857142,49.42857142857143,0.0,26.0,0.140737,0.415044,0,0
2145,4.0,22.428571428571427,42.285714285714285,4.0,26.0,0.157724,0.136426,1,1
2146,6.0,23.714285714285715,45.42857142857143,0.0,26.0,0.190551,0.446928,0,0
2147,0.0,0.0,41.142857142857146,0.0,26.0,0.003795,0.318723,1,1
2148,0.0,0.0,46.142857142857146,1.0,26.0,0.014052,0.222069,1,0
2149,2.0,38.285714285714285,46.42857142857143,1.0,26.0,0.069619,0.074245,1,1
2150,6.0,19.857142857142858,47.857142857142854,0.0,26.0,0.185724,0.095664,0,0
2151,2.0,43.57142857142857,44.0,1.0,26.0,0.067705,0.274716,1,1
2152,5.0,23.142857142857142,40.714285714285715,0.0,26.0,0.276625,0.030974,0,0
2153,0.0,0.0,41.142857142857146,0.0,26.0,0.008367,0.277148,1,1
2154,0.0,0.0,49.42857142857143,0.0,26.0,0.006181,0.036102,1,1
2155,1.0,5.142857142857143,46.857142857142854,0.0,26.0,0.019736,0.233288,0,0
2156,2.0,30.0,44.285714285714285,0.0,26.0,0.102804,0.393611,0,0
2157,0.0,0.0,47.57142857142857,1.0,26.0,0.008036,0.018414,1,1
2158,0.0,0.0,40.0,0.0,26.0,0.047686,0.026845,1,1
2159,2.0,37.714285714285715,41.57142857142857,1.0,26.0,0.023004,0.480446,1,1
2160,1.0,38.0,43.57142857142857,0.0,26.0,0.06902,0.138823,0,0
2161,1.0,25.571428571428573,47.857142857142854,0.0,26.0,0.030081,0.192002,1,1
2162,16.0,45.857142857142854,46.42857142857143,7.0,26.0,0.275838,0.101981,1,0
2163,3.0,12.857142857142858,41.857142857142854,0.0,26.0,0.326961,0.717625,0,0
2164,5.0,30.428571428571427,42.857142857142854,0.0,26.0,0.543186,0.244216,0,0
2165,1.0,2.7142857142857144,48.42857142857143,3.0,26.0,0.097709,0.165636,1,1
2166,0.0,0.0,40.285714285714285,0.0,26.0,0.005443,0.025169,1,1
2167,1.0,7.714285714285714,48.0,0.0,26.0,0.003388,0.039702,1,1
2168,8.0,43.42857142857143,44.57142857142857,4.0,26.0,0.159549,0.054146,1,1
2169,0.0,0.0,51.285714285714285,0.0,26.0,0.000487,0.090499,1,1
2170,1.0,21.714285714285715,50.714285714285715,0.0,26.0,0.018541,0.171264,0,0
2171,0.0,0.0,47.57142857142857,0.0,26.0,1.7e-05,0.162391,1,1
2172,1.0,0.5714285714285714,48.714285714285715,0.0,26.0,0.103153,0.644448,0,0
2173,1.0,2.142857142857143,50.0,0.0,26.0,0.036093,0.398969,1,1
2174,8.0,37.857142857142854,43.0,4.0,26.0,0.225811,0.014377,1,1
2175,0.0,0.0,47.142857142857146,1.0,26.0,0.019757,0.11081,1,1
2176,1.0,6.428571428571429,40.714285714285715,0.0,26.0,0.018343,0.268254,1,1
2177,1.0,7.428571428571429,51.714285714285715,0.0,26.0,0.186627,0.304055,0,0
2178,4.0,41.42857142857143,42.142857142857146,1.0,26.0,0.078666,2.3e-05,1,1
2179,2.0,48.285714285714285,51.857142857142854,1.0,26.0,0.047024,0.084875,1,1
2180,3.0,34.857142857142854,49.714285714285715,0.0,26.0,0.098216,0.097712,0,0
2181,2.0,23.142857142857142,41.285714285714285,3.0,26.0,0.142002,0.357264,1,0
2182,2.0,42.57142857142857,51.142857142857146,0.0,26.0,0.027029,0.077037,1,1
2183,1.0,28.857142857142858,42.714285714285715,0.0,26.0,0.06127,0.319065,0,0
2184,0.0,0.0,43.0,0.0,26.0,0.00051,0.306379,1,1
2185,0.0,0.0,44.42857142857143,0.0,26.0,0.000507,0.140852,1,1
2186,9.0,41.0,43.0,5.0,26.0,0.228079,0.183416,1,0
2187,14.0,48.0,50.142857142857146,8.0,26.0,0.24304,0.003038,1,1
2188,0.0,0.0,43.857142857142854,0.0,26.0,0.000286,0.006767,1,1
2189,1.0,29.428571428571427,42.142857142857146,0.0,26.0,0.017774,0.739786,0,0
2190,5.0,8.857142857142858,48.714285714285715,0.0,26.0,0.482734,0.454088,0,0
2191,2.0,24.285714285714285,50.0,0.0,26.0,0.136562,0.063304,0,0
2192,1.0,3.0,42.42857142857143,0.0,26.0,0.082509,0.766601,0,0
2193,2.0,29.571428571428573,43.857142857142854,0.0,26.0,0.028048,0.212365,0,0
2194,6.0,17.571428571428573,47.285714285714285,0.0,26.0,0.192335,0.320499,0,0
2195,0.0,0.0,41.0,0.0,26.0,0.03432,0.418703,1,1
2196,1.0,0.2857142857142857,42.0,0.0,26.0,0.194398,0.742837,0,0
2197,10.0,49.42857142857143,49.42857142857143,3.0,26.0,0.2073,0.025444,1,1
2198,1.0,37.0,42.0,0.0,26.0,0.019466,0.194301,0,0
2199,1.0,3.857142857142857,50.285714285714285,0.0,26.0,0.180413,0.465677,0,0
2200,0.0,0.0,51.57142857142857,0.0,26.0,0.039234,0.380629,1,1
2201,0.0,0.0,45.42857142857143,0.0,26.0,0.00055,0.000383,1,1
2202,1.0,12.571428571428571,46.42857142857143,0.0,26.0,0.070366,0.746722,0,0
2203,0.0,0.0,49.142857142857146,0.0,26.0,0.000947,0.108976,1,1
2204,6.0,39.57142857142857,40.285714285714285,7.0,26.0,0.250805,0.099205,1,1
2205,0.0,0.0,44.42857142857143,0.0,26.0,0.002863,0.003152,1,1
2206,0.0,0.0,40.42857142857143,1.0,26.0,0.009761,0.064756,1,1
2207,10.0,45.142857142857146,45.714285714285715,0.0,26.0,0.176012,0.125213,0,0
2208,0.0,0.0,40.57142857142857,0.0,26.0,0.028156,0.164409,1,1
2209,15.0,39.57142857142857,43.57142857142857,10.0,26.0,0.275775,0.033245,1,1
2210,7.0,47.0,47.285714285714285,4.0,26.0,0.192173,0.194449,1,0
2211,5.0,40.857142857142854,44.142857142857146,1.0,26.0,0.081305,0.453794,1,0
2212,1.0,22.285714285714285,44.57142857142857,1.0,26.0,0.021508,0.251699,1,1
2213,8.0,44.142857142857146,47.57142857142857,3.0,26.0,0.183197,0.057906,1,1
2214,4.0,12.142857142857142,48.142857142857146,0.0,26.0,0.315864,0.11145,0,0
2215,3.0,5.571428571428571,47.714285714285715,0.0,26.0,0.876797,0.016598,0,0
2216,1.0,26.285714285714285,44.142857142857146,3.0,26.0,0.117698,0.044987,1,1
2217,2.0,42.42857142857143,42.57142857142857,1.0,26.0,0.107119,0.044269,1,1
2218,3.0,12.142857142857142,49.57142857142857,0.0,26.0,0.134879,0.343275,0,0
2219,2.0,26.857142857142858,43.714285714285715,1.0,26.0,0.014119,7e-06,1,1
2220,3.0,30.285714285714285,50.142857142857146,4.0,26.0,0.057352,0.096596,1,1
2221,0.0,0.0,41.142857142857146,0.0,26.0,0.020142,0.1506,1,1
2222,0.0,0.0,42.57142857142857,1.0,26.0,0.019934,0.006962,1,1
2223,2.0,10.285714285714286,47.42857142857143,3.0,26.0,0.059486,0.039069,1,1
2224,1.0,18.857142857142858,44.714285714285715,0.0,26.0,0.006638,0.225726,0,0
2225,1.0,14.571428571428571,43.42857142857143,0.0,26.0,0.030099,0.00116,1,1
2226,1.0,9.0,50.714285714285715,0.0,26.0,0.011085,0.049304,1,1
2227,1.0,20.714285714285715,45.285714285714285,0.0,26.0,0.001997,0.319886,1,1
2228,5.0,43.42857142857143,44.57142857142857,3.0,26.0,0.077423,0.082546,1,1
2229,1.0,22.714285714285715,49.714285714285715,1.0,26.0,0.013429,0.022573,1,1
2230,2.0,15.857142857142858,48.285714285714285,0.0,26.0,0.10785,0.08516,0,0
2231,3.0,37.714285714285715,40.57142857142857,0.0,26.0,0.023538,0.098263,1,1
2232,3.0,45.0,47.285714285714285,1.0,26.0,0.067837,0.180783,1,0
2233,6.0,41.0,41.857142857142854,1.0,26.0,0.197442,0.015134,1,1
2234,0.0,0.0,43.714285714285715,2.0,26.0,0.025661,0.090734,1,1
2235,1.0,10.285714285714286,41.714285714285715,0.0,26.0,0.060535,0.58628,0,0
2236,1.0,2.2857142857142856,49.57142857142857,0.0,26.0,0.030163,0.185296,0,0
2237,14.0,51.0,51.142857142857146,4.0,26.0,0.194968,0.000801,1,1
2238,1.0,39.142857142857146,46.714285714285715,0.0,26.0,0.047189,0.097366,1,1
2239,0.0,0.0,51.42857142857143,0.0,26.0,0.024062,0.075446,1,1
2240,6.0,14.571428571428571,45.57142857142857,0.0,26.0,0.40639,0.258414,0,0
2241,3.0,37.714285714285715,41.142857142857146,2.0,26.0,0.081083,0.092426,1,1
2242,0.0,0.0,51.57142857142857,0.0,26.0,0.065945,0.023279,1,1
2243,0.0,0.0,50.42857142857143,0.0,26.0,0.006715,0.316689,1,1
2244,3.0,40.57142857142857,51.57142857142857,2.0,26.0,0.063918,0.126165,1,1
2245,0.0,0.0,46.857142857142854,0.0,26.0,0.023938,0.187063,1,1
2246,1.0,2.857142857142857,42.142857142857146,0.0,26.0,0.309251,0.578609,0,0
2247,2.0,17.571428571428573,47.57142857142857,0.0,26.0,0.037539,0.112968,0,0
2248,0.0,0.0,41.857142857142854,0.0,26.0,0.004277,0.155476,1,1
2249,0.0,0.0,50.857142857142854,0.0,26.0,0.011711,0.006153,1,1
2250,0.0,0.0,48.57142857142857,0.0,26.0,0.000768,0.419534,1,1
2251,1.0,2.5714285714285716,42.0,0.0,26.0,0.19321,0.095546,0,0
2252,1.0,34.57142857142857,45.285714285714285,0.0,26.0,0.018311,0.057499,1,1
2253,2.0,33.42857142857143,43.857142857142854,0.0,26.0,0.09618,0.335008,0,0
2254,0.0,0.0,44.57142857142857,1.0,26.0,0.014462,0.15747,1,0
2255,0.0,0.0,42.285714285714285,0.0,26.0,0.011065,0.052756,1,1
2256,0.0,0.0,47.57142857142857,0.0,26.0,0.009038,0.321079,1,1
2257,0.0,0.0,41.714285714285715,0.0,26.0,0.001072,0.505918,1,1
2258,2.0,12.428571428571429,45.857142857142854,0.0,26.0,0.072749,0.163036,0,0
2259,1.0,40.142857142857146,42.0,0.0,26.0,0.015022,0.534445,0,0
2260,1.0,41.285714285714285,50.857142857142854,1.0,26.0,0.066653,0.121689,1,1
2261,1.0,38.714285714285715,51.57142857142857,0.0,26.0,0.037478,0.002757,1,1
2262,4.0,32.142857142857146,47.857142857142854,1.0,26.0,0.131787,0.050913,1,0
2263,0.0,0.0,45.857142857142854,2.0,26.0,0.020971,0.04196,1,1
2264,0.0,0.0,43.57142857142857,0.0,26.0,0.003365,0.133501,1,1
2265,6.0,20.571428571428573,47.285714285714285,0.0,26.0,0.466757,0.176138,0,0
2266,1.0,27.571428571428573,50.142857142857146,1.0,26.0,0.044116,0.479078,1,1
2267,4.0,13.142857142857142,51.714285714285715,0.0,26.0,0.238377,0.11654,0,0
2268,0.0,0.0,44.285714285714285,0.0,26.0,0.010596,0.178745,1,1
2269,2.0,17.142857142857142,50.857142857142854,2.0,26.0,0.038092,0.091398,1,1
2270,0.0,0.0,40.857142857142854,0.0,26.0,0.006713,0.001383,1,1
2271,0.0,0.0,43.142857142857146,1.0,26.0,0.008504,0.331236,1,1
2272,2.0,17.142857142857142,46.285714285714285,0.0,26.0,0.154828,0.585852,0,0
2273,3.0,39.857142857142854,40.0,0.0,26.0,0.036882,0.015942,1,1
2274,1.0,41.142857142857146,47.57142857142857,1.0,26.0,0.052585,0.006625,1,1
2275,2.0,15.285714285714286,41.857142857142854,3.0,26.0,0.05065,0.13255,1,0
2276,1.0,27.285714285714285,40.0,0.0,26.0,0.008712,0.276156,1,1
2277,2.0,1.8571428571428572,40.142857142857146,0.0,26.0,0.213205,0.804136,0,0
2278,14.0,33.285714285714285,46.714285714285715,0.0,26.0,0.377502,0.054314,0,0
2279,1.0,20.428571428571427,40.142857142857146,0.0,26.0,0.067246,0.430511,0,0
2280,1.0,10.428571428571429,50.142857142857146,0.0,26.0,0.086374,0.305556,0,0
2281,0.0,0.0,50.42857142857143,0.0,26.0,0.000359,0.312986,1,1
2282,1.0,26.142857142857142,47.57142857142857,0.0,26.0,0.004378,0.00714,1,1
2283,5.0,46.142857142857146,49.285714285714285,5.0,26.0,0.160874,0.074489,1,1
2284,0.0,0.0,44.57142857142857,0.0,26.0,0.005024,0.247139,1,1
2285,5.0,28.714285714285715,48.142857142857146,0.0,26.0,0.097903,0.281071,0,0
2286,3.0,21.714285714285715,46.142857142857146,0.0,26.0,0.186999,0.181539,0,0
2287,1.0,12.714285714285714,49.714285714285715,0.0,26.0,0.196723,0.366922,0,0
2288,0.0,0.0,43.285714285714285,0.0,26.0,0.007894,0.137444,1,1
2289,1.0,1.1428571428571428,44.57142857142857,0.0,26.0,0.042266,0.006116,1,1
2290,2.0,46.714285714285715,49.285714285714285,0.0,26.0,0.020224,0.153334,1,1
2291,0.0,0.0,44.57142857142857,3.0,26.0,0.018202,0.01137,1,1
2292,3.0,36.714285714285715,41.142857142857146,1.0,26.0,0.059351,0.014906,1,1
2293,2.0,40.42857142857143,41.714285714285715,1.0,26.0,0.032337,0.025864,1,1
2294,0.0,0.0,50.857142857142854,0.0,26.0,0.003886,0.065761,1,1
2295,4.0,43.42857142857143,45.42857142857143,1.0,26.0,0.052762,0.004039,1,1
2296,3.0,39.857142857142854,41.42857142857143,1.0,26.0,0.072996,0.006506,1,1
2297,1.0,16.428571428571427,50.42857142857143,0.0,26.0,0.010618,0.624597,1,1
2298,0.0,0.0,42.714285714285715,0.0,26.0,0.011787,0.448249,1,1
2299,7.0,36.857142857142854,45.857142857142854,6.0,26.0,0.162244,0.07608,1,1
2300,4.0,40.0,40.57142857142857,3.0,26.0,0.088311,0.02757,1,1
2301,4.0,6.0,40.42857142857143,0.0,26.0,0.068658,0.151367,0,0
2302,6.0,33.714285714285715,40.857142857142854,1.0,26.0,0.09269,0.019114,1,1
2303,0.0,0.0,46.285714285714285,0.0,26.0,0.001053,0.72074,1,1
2304,1.0,19.571428571428573,42.142857142857146,1.0,26.0,0.068979,0.35772,1,0
2305,1.0,3.0,47.142857142857146,0.0,26.0,0.013192,0.507994,1,1
2306,13.0,37.142857142857146,40.57142857142857,2.0,26.0,0.193404,0.055534,1,1
2307,1.0,42.857142857142854,50.57142857142857,0.0,26.0,0.030277,0.115678,1,1
2308,1.0,24.428571428571427,48.42857142857143,0.0,26.0,0.007725,0.248302,0,0
2309,0.0,0.0,42.42857142857143,0.0,26.0,0.000782,0.163349,1,1
2310,1.0,21.142857142857142,47.857142857142854,0.0,26.0,0.02046,0.085026,1,1
2311,0.0,0.0,43.0,0.0,26.0,0.000919,0.164874,1,1
2312,4.0,35.42857142857143,48.42857142857143,0.0,26.0,0.110064,0.732372,0,0
2313,1.0,12.714285714285714,51.42857142857143,0.0,26.0,0.027583,0.142279,0,0
2314,3.0,9.571428571428571,43.285714285714285,0.0,26.0,0.20354,0.601756,0,0
2315,6.0,22.285714285714285,44.142857142857146,0.0,26.0,0.089925,0.165237,0,0
2316,1.0,6.428571428571429,40.714285714285715,0.0,26.0,0.044831,0.150954,1,1
2317,2.0,31.0,47.42857142857143,2.0,26.0,0.088148,0.002615,1,1
2318,1.0,12.428571428571429,50.285714285714285,0.0,26.0,0.021833,0.140009,1,1
2319,1.0,19.428571428571427,44.142857142857146,1.0,26.0,0.014156,0.251316,1,1
2320,0.0,0.0,44.857142857142854,0.0,26.0,0.036519,0.085467,1,1
2321,4.0,43.285714285714285,49.857142857142854,0.0,26.0,0.036866,0.000261,1,1
2322,0.0,0.0,40.285714285714285,0.0,26.0,0.000657,0.219292,1,1
2323,6.0,46.57142857142857,49.57142857142857,3.0,26.0,0.18742,0.006605,1,1
2324,0.0,0.0,43.142857142857146,0.0,26.0,0.002017,0.32997,1,1
2325,3.0,28.285714285714285,51.142857142857146,1.0,26.0,0.007909,0.01294,1,1
2326,2.0,40.42857142857143,42.285714285714285,4.0,26.0,0.138323,0.024403,1,1
2327,1.0,11.142857142857142,51.42857142857143,0.0,26.0,0.090464,0.112376,0,0
2328,5.0,45.857142857142854,46.285714285714285,1.0,26.0,0.068247,0.206753,1,0
2329,5.0,35.0,44.57142857142857,4.0,26.0,0.112534,0.032691,1,0
2330,0.0,0.0,45.714285714285715,2.0,26.0,0.023031,0.094013,1,1
2331,2.0,33.714285714285715,51.142857142857146,0.0,26.0,0.025675,0.000104,1,1
2332,0.0,0.0,41.142857142857146,1.0,26.0,0.008365,0.182705,1,0
2333,5.0,29.571428571428573,51.0,0.0,26.0,0.11371,0.375156,0,0
2334,2.0,36.714285714285715,49.42857142857143,0.0,26.0,0.067455,0.031441,0,0
2335,2.0,27.428571428571427,50.714285714285715,0.0,26.0,0.121185,0.255528,0,0
2336,9.0,27.428571428571427,48.142857142857146,0.0,26.0,0.323442,0.155227,0,0
2337,0.0,0.0,44.857142857142854,0.0,26.0,0.000725,0.141653,1,1
2338,0.0,0.0,44.142857142857146,0.0,26.0,0.007351,0.744467,1,1
2339,3.0,30.285714285714285,48.42857142857143,0.0,26.0,0.196332,0.035639,0,0
2340,5.0,44.857142857142854,51.714285714285715,2.0,26.0,0.098856,0.006131,1,1
2341,3.0,4.285714285714286,46.714285714285715,0.0,26.0,0.464974,0.146308,0,0
2342,2.0,7.428571428571429,45.142857142857146,0.0,26.0,0.154732,0.169617,0,0
2343,6.0,39.285714285714285,45.57142857142857,0.0,26.0,0.070545,0.198903,1,1
2344,1.0,2.142857142857143,42.42857142857143,0.0,26.0,0.492467,0.232196,0,0
2345,11.0,31.857142857142858,42.42857142857143,0.0,26.0,0.466945,0.021326,0,0
2346,1.0,7.857142857142857,42.857142857142854,2.0,26.0,0.027625,0.187808,1,1
2347,1.0,13.571428571428571,49.142857142857146,0.0,26.0,0.043735,0.551278,0,0
2348,0.0,0.0,41.57142857142857,2.0,26.0,0.004145,0.055858,1,1
2349,2.0,12.285714285714286,50.0,0.0,26.0,0.389423,0.123208,0,0
2350,7.0,43.714285714285715,50.857142857142854,4.0,26.0,0.101409,0.044993,1,1
2351,1.0,3.857142857142857,51.285714285714285,1.0,26.0,0.026938,0.072895,1,1
2352,1.0,15.571428571428571,45.57142857142857,0.0,26.0,0.124424,0.204185,0,0
2353,0.0,0.0,51.57142857142857,0.0,26.0,0.000906,0.002477,1,1
2354,1.0,46.714285714285715,46.857142857142854,0.0,26.0,0.027365,0.405653,1,1
2355,1.0,13.428571428571429,48.142857142857146,0.0,26.0,0.04308,0.262284,0,0
2356,1.0,14.0,43.285714285714285,0.0,26.0,0.137594,0.384916,0,0
2357,0.0,0.0,41.57142857142857,0.0,26.0,0.01257,0.238097,1,1
2358,0.0,0.0,47.0,0.0,26.0,0.015332,0.388098,1,1
2359,1.0,44.0,50.57142857142857,0.0,26.0,0.006976,0.336454,1,1
2360,0.0,0.0,50.0,0.0,26.0,0.002261,0.051222,1,1
2361,2.0,43.142857142857146,46.285714285714285,0.0,26.0,0.062342,0.029699,0,0
2362,2.0,8.0,44.714285714285715,0.0,26.0,0.248822,0.214203,0,0
2363,0.0,0.0,40.57142857142857,0.0,26.0,0.005462,0.096498,1,1
2364,0.0,0.0,41.714285714285715,0.0,26.0,0.003049,0.366751,1,1
2365,4.0,35.142857142857146,41.42857142857143,3.0,26.0,0.068645,0.122535,1,1
2366,0.0,0.0,50.714285714285715,0.0,26.0,0.017323,0.017302,1,1
2367,1.0,31.714285714285715,46.285714285714285,0.0,26.0,0.016728,0.326263,0,0
2368,0.0,0.0,46.714285714285715,0.0,26.0,0.001175,0.548548,1,1
2369,24.0,45.714285714285715,46.0,11.0,26.0,0.475863,0.00524,1,1
2370,1.0,2.0,44.714285714285715,0.0,26.0,0.048214,0.505117,0,0
2371,2.0,39.57142857142857,43.857142857142854,3.0,26.0,0.077817,0.021415,1,1
2372,1.0,21.571428571428573,40.57142857142857,2.0,26.0,0.055784,0.062126,1,1
2373,6.0,36.0,48.42857142857143,7.0,26.0,0.186109,0.03637,1,1
2374,1.0,31.0,49.857142857142854,0.0,26.0,0.071127,0.40445,0,0
2375,3.0,42.0,47.714285714285715,1.0,26.0,0.072386,0.010973,1,1
2376,1.0,3.7142857142857144,51.57142857142857,2.0,26.0,0.051202,0.555162,1,0
2377,1.0,10.285714285714286,46.142857142857146,0.0,26.0,0.052139,0.499838,0,0
2378,0.0,0.0,48.0,0.0,26.0,0.018632,0.030329,1,1
2379,0.0,0.0,43.57142857142857,0.0,26.0,0.002033,0.108197,1,1
2380,0.0,0.0,43.285714285714285,0.0,26.0,0.010684,0.709308,1,1
2381,2.0,9.857142857142858,49.142857142857146,0.0,26.0,0.06566,0.264932,0,0
2382,2.0,1.2857142857142858,45.0,2.0,26.0,0.029097,0.384568,1,0
2383,4.0,43.714285714285715,44.42857142857143,0.0,26.0,0.031036,0.340713,0,0
2384,6.0,19.714285714285715,46.57142857142857,0.0,26.0,0.174708,0.294547,0,0
2385,1.0,6.571428571428571,45.714285714285715,0.0,26.0,0.121256,0.362291,0,0
2386,2.0,36.0,40.285714285714285,0.0,26.0,0.046636,0.036927,1,1
2387,3.0,32.285714285714285,41.42857142857143,3.0,26.0,0.062658,0.130525,1,1
2388,2.0,29.142857142857142,40.857142857142854,3.0,26.0,0.084048,0.105137,1,1
2389,2.0,11.428571428571429,43.57142857142857,0.0,26.0,0.064351,0.219316,0,0
2390,0.0,0.0,49.714285714285715,0.0,26.0,0.006542,0.073986,1,1
2391,0.0,0.0,50.857142857142854,0.0,26.0,7.3e-05,0.08353,1,1
2392,0.0,0.0,48.57142857142857,0.0,26.0,0.017389,0.354087,1,1
2393,2.0,31.714285714285715,40.142857142857146,0.0,26.0,0.018952,0.00026,1,1
2394,2.0,42.0,49.285714285714285,5.0,26.0,0.103,0.023115,1,1
2395,8.0,24.714285714285715,50.0,0.0,26.0,0.298235,0.065991,0,0
2396,2.0,6.0,45.0,0.0,26.0,0.024838,0.478624,0,0
2397,1.0,8.428571428571429,49.142857142857146,0.0,26.0,0.150632,0.360643,0,0
2398,2.0,42.857142857142854,46.285714285714285,0.0,26.0,0.028459,0.114523,1,1
2399,1.0,5.571428571428571,50.0,0.0,26.0,0.209451,0.264738,0,0
2400,2.0,8.428571428571429,49.285714285714285,0.0,26.0,0.373943,0.372051,0,0
2401,0.0,0.0,43.285714285714285,0.0,26.0,0.02059,0.01269,1,1
2402,1.0,2.2857142857142856,49.0,0.0,26.0,0.350743,0.155325,0,0
2403,1.0,38.0,41.57142857142857,0.0,26.0,0.008975,0.397757,1,1
2404,1.0,0.5714285714285714,45.714285714285715,0.0,26.0,0.083182,0.116489,0,0
2405,1.0,3.4285714285714284,48.142857142857146,0.0,26.0,0.561463,0.267048,0,0
2406,0.0,0.0,49.714285714285715,0.0,26.0,0.006976,0.075636,1,1
2407,0.0,0.0,46.285714285714285,0.0,26.0,0.002167,0.153549,1,1
2408,0.0,0.0,46.285714285714285,0.0,26.0,0.000101,0.221672,1,1
2409,4.0,8.142857142857142,44.285714285714285,0.0,26.0,0.570003,0.051572,0,0
2410,14.0,48.285714285714285,51.714285714285715,10.0,26.0,0.300674,0.001966,1,1
2411,2.0,33.714285714285715,48.57142857142857,0.0,26.0,0.027461,0.607739,1,1
2412,0.0,0.0,45.142857142857146,0.0,26.0,0.000222,0.000964,1,1
2413,0.0,0.0,51.857142857142854,0.0,26.0,0.019844,0.065889,1,1
2414,9.0,42.42857142857143,42.42857142857143,6.0,26.0,0.206913,0.109405,1,1
2415,6.0,25.0,50.142857142857146,0.0,26.0,0.161077,0.175703,0,0
2416,3.0,29.428571428571427,49.42857142857143,0.0,26.0,0.078622,0.54367,0,0
2417,7.0,42.857142857142854,42.857142857142854,4.0,26.0,0.209359,0.042894,1,0
2418,0.0,0.0,48.0,0.0,26.0,0.009724,0.211992,1,1
2419,2.0,11.142857142857142,43.57142857142857,0.0,26.0,0.178153,0.149896,0,0
2420,0.0,0.0,42.714285714285715,0.0,26.0,0.001385,0.370435,1,1
2421,11.0,20.857142857142858,43.285714285714285,0.0,26.0,0.563865,0.029213,0,0
2422,5.0,45.714285714285715,51.0,2.0,26.0,0.066096,0.081923,1,1
2423,0.0,0.0,40.142857142857146,1.0,26.0,0.032397,0.318773,1,0
2424,2.0,42.57142857142857,43.57142857142857,0.0,26.0,0.016508,0.147436,1,1
2425,0.0,0.0,41.857142857142854,0.0,26.0,0.002683,0.451191,1,1
2426,1.0,7.571428571428571,44.285714285714285,0.0,26.0,0.169816,0.163825,0,0
2427,0.0,0.0,44.142857142857146,0.0,26.0,0.005358,0.573358,1,1
2428,9.0,48.0,48.714285714285715,3.0,26.0,0.212667,1.5e-05,1,1
2429,1.0,5.0,47.42857142857143,0.0,26.0,0.099359,0.446725,0,0
2430,0.0,0.0,47.285714285714285,0.0,26.0,0.002287,0.19771,1,1
2431,5.0,40.857142857142854,51.57142857142857,0.0,26.0,0.093043,0.29527,0,0
2432,0.0,0.0,49.285714285714285,0.0,26.0,0.022795,0.122048,1,1
2433,2.0,39.142857142857146,41.142857142857146,1.0,26.0,0.041623,0.403247,1,1
2434,2.0,36.0,41.57142857142857,2.0,26.0,0.055114,0.040077,1,1
2435,5.0,36.0,51.0,0.0,26.0,0.157647,0.215608,0,0
2436,0.0,0.0,48.142857142857146,1.0,26.0,0.038468,0.088578,1,1
2437,3.0,23.428571428571427,47.0,0.0,26.0,0.089375,0.173606,0,0
2438,0.0,0.0,47.142857142857146,0.0,26.0,0.001257,0.228559,1,1
2439,1.0,0.14285714285714285,44.0,0.0,26.0,0.147759,0.318138,0,0
2440,3.0,42.857142857142854,44.714285714285715,0.0,26.0,0.034278,0.239202,1,1
2441,0.0,0.0,42.57142857142857,0.0,26.0,1.5e-05,0.026349,1,1
2442,0.0,0.0,51.285714285714285,0.0,26.0,0.005131,0.039091,1,1
2443,2.0,11.0,47.142857142857146,0.0,26.0,0.134073,0.192681,0,0
2444,2.0,39.857142857142854,47.857142857142854,1.0,26.0,0.044433,0.094436,1,1
2445,1.0,11.571428571428571,43.285714285714285,0.0,26.0,0.132501,0.643849,0,0
2446,0.0,0.0,46.142857142857146,0.0,26.0,0.204593,0.631658,0,0
2447,2.0,13.571428571428571,41.142857142857146,0.0,26.0,0.144508,0.457887,0,0
2448,1.0,4.857142857142857,44.42857142857143,0.0,26.0,0.123023,0.047072,0,0
2449,12.0,42.142857142857146,49.42857142857143,9.0,26.0,0.294142,0.045387,1,1
2450,3.0,48.142857142857146,50.714285714285715,0.0,26.0,0.025027,0.107965,1,1
2451,0.0,0.0,46.0,1.0,26.0,0.008647,0.00017,1,1
2452,2.0,6.285714285714286,46.857142857142854,0.0,26.0,0.658838,0.516248,0,0
2453,3.0,15.857142857142858,46.285714285714285,0.0,26.0,0.100408,0.303077,0,0
2454,5.0,42.285714285714285,51.42857142857143,1.0,26.0,0.098762,0.141092,1,0
2455,3.0,41.857142857142854,42.0,1.0,26.0,0.077784,0.095507,1,1
2456,5.0,25.142857142857142,44.857142857142854,0.0,26.0,0.086619,0.161602,0,0
2457,2.0,27.714285714285715,45.285714285714285,0.0,26.0,0.060812,0.153522,0,0
2458,0.0,0.0,50.142857142857146,1.0,26.0,0.023105,0.648794,1,1
2459,9.0,48.857142857142854,49.714285714285715,8.0,26.0,0.175817,0.055662,1,0
2460,2.0,34.857142857142854,48.142857142857146,0.0,26.0,0.131595,0.277291,0,0
2461,16.0,23.0,49.142857142857146,0.0,26.0,0.63964,0.073841,0,0
2462,3.0,40.42857142857143,46.142857142857146,7.0,26.0,0.137862,0.085843,1,1
2463,12.0,46.0,49.42857142857143,2.0,26.0,0.146496,5.2e-05,1,1
2464,6.0,38.57142857142857,40.57142857142857,3.0,26.0,0.144498,0.001231,1,1
2465,0.0,0.0,43.142857142857146,1.0,26.0,0.008952,0.103677,1,1
2466,1.0,12.571428571428571,50.0,0.0,26.0,0.07997,0.064549,0,0
2467,1.0,5.857142857142857,41.57142857142857,0.0,26.0,0.083625,0.052245,0,0
2468,0.0,0.0,42.0,0.0,26.0,0.003136,0.004595,1,1
2469,0.0,0.0,50.0,0.0,26.0,0.000397,0.403423,1,1
2470,0.0,0.0,45.285714285714285,0.0,26.0,0.014294,0.263762,1,1
2471,1.0,17.571428571428573,44.285714285714285,0.0,26.0,0.084208,0.026295,0,0
2472,0.0,0.0,43.285714285714285,1.0,26.0,0.041611,0.005521,1,1
2473,1.0,8.714285714285714,46.142857142857146,0.0,26.0,0.057739,0.150887,0,0
2474,1.0,9.857142857142858,46.285714285714285,3.0,26.0,0.0558,0.352537,1,1
2475,2.0,45.857142857142854,46.0,0.0,26.0,0.055538,0.142315,1,1
2476,1.0,6.142857142857143,47.0,0.0,26.0,0.081699,0.539272,0,0
2477,0.0,0.0,48.42857142857143,0.0,26.0,0.023033,0.560405,1,1
2478,6.0,47.285714285714285,50.142857142857146,0.0,26.0,0.223462,0.205267,0,0
2479,1.0,32.57142857142857,48.857142857142854,0.0,26.0,0.020339,0.645079,0,0
2480,2.0,41.42857142857143,45.42857142857143,1.0,26.0,0.019399,0.403307,1,1
2481,2.0,23.0,50.142857142857146,0.0,26.0,0.128,0.239849,0,0
2482,5.0,44.714285714285715,49.857142857142854,0.0,26.0,0.109433,0.042091,0,0
2483,6.0,32.0,43.0,2.0,26.0,0.165084,0.229358,1,0
2484,4.0,17.142857142857142,42.714285714285715,0.0,26.0,0.250191,0.253208,0,0
2485,0.0,0.0,40.714285714285715,0.0,26.0,0.001899,0.059629,1,1
2486,7.0,46.0,50.42857142857143,2.0,26.0,0.158069,0.049762,1,0
2487,5.0,35.714285714285715,49.285714285714285,3.0,26.0,0.095766,0.108142,1,1
2488,4.0,18.714285714285715,46.57142857142857,0.0,26.0,0.330675,0.372729,0,0
2489,0.0,0.0,44.714285714285715,1.0,26.0,0.004199,0.476581,1,0
2490,0.0,0.0,50.42857142857143,0.0,26.0,0.008341,0.014097,1,1
2491,1.0,38.142857142857146,50.42857142857143,1.0,26.0,0.034684,0.098502,1,0
2492,6.0,40.142857142857146,42.42857142857143,3.0,26.0,0.210688,0.062392,1,1
2493,0.0,0.0,45.714285714285715,0.0,26.0,0.031339,0.027329,1,1
2494,1.0,20.285714285714285,47.142857142857146,0.0,26.0,0.061386,0.578101,0,0
2495,6.0,13.0,42.714285714285715,0.0,26.0,0.160189,0.382801,0,0
2496,1.0,0.14285714285714285,41.42857142857143,0.0,26.0,0.114626,0.21911,0,0
2497,1.0,5.142857142857143,44.285714285714285,1.0,26.0,0.027824,0.160648,1,1
2498,1.0,1.5714285714285714,51.142857142857146,0.0,26.0,0.069865,0.618202,0,0
2499,7.0,42.285714285714285,44.714285714285715,0.0,26.0,0.114239,0.046859,1,1
2500,2.0,23.428571428571427,50.0,1.0,26.0,0.056104,0.081755,1,1
2501,6.0,46.57142857142857,46.714285714285715,7.0,26.0,0.153505,0.032507,1,1
2502,7.0,38.714285714285715,45.285714285714285,2.0,26.0,0.113845,0.025818,1,1
2503,10.0,46.857142857142854,48.57142857142857,2.0,26.0,0.219033,0.064364,1,0
2504,1.0,1.0,45.857142857142854,0.0,26.0,0.125182,0.111187,0,0
2505,5.0,35.57142857142857,45.0,6.0,26.0,0.105808,0.050932,1,1
2506,1.0,10.0,42.142857142857146,1.0,26.0,0.046873,0.357675,1,0
2507,2.0,17.571428571428573,41.0,3.0,26.0,0.073949,0.125924,1,0
2508,10.0,43.57142857142857,43.714285714285715,1.0,26.0,0.109015,0.061053,1,1
2509,3.0,20.285714285714285,45.285714285714285,0.0,26.0,0.102113,0.456859,0,0
2510,1.0,41.142857142857146,42.142857142857146,0.0,26.0,0.071814,0.130517,0,0
2511,2.0,9.857142857142858,43.142857142857146,0.0,26.0,0.262181,0.322898,0,0
2512,12.0,9.571428571428571,50.285714285714285,0.0,26.0,0.967755,0.094777,0,0
2513,0.0,0.0,46.857142857142854,0.0,26.0,0.001639,0.32036,1,1
2514,0.0,0.0,44.57142857142857,0.0,26.0,0.00161,0.15687,1,1
2515,2.0,22.857142857142858,44.57142857142857,0.0,26.0,0.077176,0.333402,0,0
2516,0.0,0.0,48.142857142857146,0.0,26.0,0.001684,0.151855,1,1
2517,1.0,1.4285714285714286,47.714285714285715,0.0,26.0,0.19089,0.383065,0,0
2518,5.0,44.714285714285715,46.714285714285715,1.0,26.0,0.037892,0.109193,1,0
2519,0.0,0.0,41.142857142857146,1.0,26.0,0.035541,0.078767,1,1
2520,1.0,43.857142857142854,44.0,0.0,26.0,0.033608,0.039962,1,1
2521,3.0,40.142857142857146,48.42857142857143,1.0,26.0,0.059051,0.0108,1,1
2522,1.0,3.5714285714285716,50.857142857142854,0.0,26.0,0.176635,0.459271,0,0
2523,2.0,41.857142857142854,46.57142857142857,0.0,26.0,0.092142,0.005189,1,1
2524,0.0,0.0,40.57142857142857,0.0,26.0,0.001602,0.26823,1,1
2525,0.0,0.0,49.142857142857146,1.0,26.0,0.009275,0.015082,1,1
2526,8.0,45.285714285714285,46.142857142857146,7.0,26.0,0.283514,0.078574,1,1
2527,6.0,22.428571428571427,44.857142857142854,0.0,26.0,0.175947,0.098806,0,0
2528,1.0,40.142857142857146,49.42857142857143,0.0,26.0,0.008084,0.005947,1,1
2529,7.0,41.57142857142857,46.42857142857143,3.0,26.0,0.17731,0.002111,1,1
2530,0.0,0.0,51.714285714285715,0.0,26.0,0.006714,0.031866,1,1
2531,5.0,35.142857142857146,40.142857142857146,1.0,26.0,0.072712,0.108821,1,1
2532,4.0,30.714285714285715,44.0,3.0,26.0,0.056434,0.118796,1,1
2533,0.0,0.0,41.57142857142857,0.0,26.0,0.008349,0.151498,1,1
2534,13.0,41.0,43.57142857142857,9.0,26.0,0.351773,0.001434,1,1
2535,3.0,13.428571428571429,41.285714285714285,0.0,26.0,0.146349,0.100139,0,0
2536,7.0,22.285714285714285,45.0,0.0,26.0,0.194881,0.062905,0,0
2537,7.0,41.0,47.857142857142854,0.0,26.0,0.146666,0.149152,0,0
2538,1.0,6.571428571428571,40.0,0.0,26.0,0.003913,0.212196,1,1
2539,1.0,0.42857142857142855,43.142857142857146,0.0,26.0,0.562989,0.365006,0,0
2540,7.0,48.285714285714285,49.285714285714285,1.0,26.0,0.091818,0.04018,1,1
2541,0.0,0.0,50.142857142857146,0.0,26.0,0.007727,0.053314,1,1
2542,2.0,10.857142857142858,42.142857142857146,1.0,26.0,0.062006,0.019018,1,1
2543,4.0,28.428571428571427,40.42857142857143,0.0,26.0,0.114315,0.113148,0,0
2544,3.0,36.42857142857143,41.57142857142857,5.0,26.0,0.150179,0.01989,1,1
2545,0.0,0.0,42.857142857142854,0.0,26.0,0.000499,0.490143,1,1
2546,0.0,0.0,45.0,1.0,26.0,0.022659,0.115245,1,1
2547,1.0,6.714285714285714,40.57142857142857,0.0,26.0,0.066267,0.269776,0,0
2548,5.0,20.714285714285715,45.285714285714285,0.0,26.0,0.197489,0.480048,0,0
2549,0.0,0.0,50.57142857142857,0.0,26.0,0.001764,0.361782,1,1
2550,2.0,25.571428571428573,45.857142857142854,0.0,26.0,0.128641,0.645725,0,0
2551,2.0,5.142857142857143,50.42857142857143,0.0,26.0,0.124135,0.090808,0,0
2552,3.0,44.857142857142854,44.857142857142854,2.0,26.0,0.066126,0.106807,1,1
2553,1.0,6.142857142857143,49.714285714285715,0.0,26.0,0.176996,0.110333,0,0
2554,2.0,2.5714285714285716,47.0,0.0,26.0,0.575118,0.16297,0,0
2555,0.0,0.0,47.285714285714285,0.0,26.0,0.00013,0.223215,1,1
2556,3.0,37.285714285714285,48.57142857142857,4.0,26.0,0.112682,0.036727,1,1
2557,0.0,0.0,45.0,0.0,26.0,0.003844,0.147501,1,1
2558,3.0,9.142857142857142,44.57142857142857,0.0,26.0,0.104941,0.3471,0,0
2559,0.0,0.0,41.714285714285715,0.0,26.0,0.014731,0.085994,1,1
2560,0.0,0.0,48.142857142857146,0.0,26.0,0.002014,0.129711,1,1
2561,14.0,35.285714285714285,43.57142857142857,0.0,26.0,0.329662,0.046086,0,0
2562,1.0,40.285714285714285,49.42857142857143,0.0,26.0,0.001233,0.54209,0,0
2563,1.0,39.0,51.714285714285715,2.0,26.0,0.073844,0.152826,1,1
2564,1.0,0.42857142857142855,42.714285714285715,0.0,26.0,0.377262,0.704002,0,0
2565,2.0,6.714285714285714,45.285714285714285,0.0,26.0,0.087758,0.389779,0,0
2566,0.0,0.0,45.142857142857146,0.0,26.0,0.006112,0.019131,1,1
2567,1.0,37.57142857142857,45.285714285714285,2.0,26.0,0.031923,0.251095,1,1
2568,14.0,35.285714285714285,41.714285714285715,10.0,26.0,0.478492,0.048544,1,1
2569,0.0,0.0,43.285714285714285,0.0,26.0,0.00505,0.595757,1,1
2570,1.0,27.142857142857142,47.142857142857146,2.0,26.0,0.069553,0.3499,1,0
2571,4.0,12.714285714285714,51.57142857142857,0.0,26.0,0.24556,0.326963,0,0
2572,3.0,20.285714285714285,49.285714285714285,0.0,26.0,0.07888,0.055605,0,0
2573,2.0,27.0,49.285714285714285,0.0,26.0,0.017808,0.09048,1,1
2574,1.0,31.142857142857142,43.857142857142854,1.0,26.0,0.033529,0.217972,1,1
2575,4.0,38.714285714285715,45.285714285714285,2.0,26.0,0.068113,0.036818,1,1
2576,7.0,40.57142857142857,43.857142857142854,3.0,26.0,0.093431,0.045951,1,1
2577,4.0,42.57142857142857,45.285714285714285,1.0,26.0,0.038287,0.039779,1,1
2578,1.0,0.8571428571428571,40.714285714285715,0.0,26.0,0.14382,0.292262,0,0
2579,1.0,43.857142857142854,45.57142857142857,0.0,26.0,0.038627,0.573512,0,0
2580,17.0,32.42857142857143,46.0,0.0,26.0,0.473589,0.021385,0,0
2581,1.0,25.142857142857142,40.57142857142857,1.0,26.0,0.006223,0.482575,1,1
2582,2.0,47.142857142857146,51.42857142857143,0.0,26.0,0.063942,0.182082,0,0
2583,1.0,21.0,49.0,1.0,26.0,0.024829,0.161603,1,1
2584,0.0,0.0,45.285714285714285,0.0,26.0,0.017838,0.018881,1,1
2585,6.0,40.285714285714285,42.714285714285715,2.0,26.0,0.097881,0.018695,1,1
2586,0.0,0.0,42.57142857142857,0.0,26.0,0.000605,0.26312,1,1
2587,7.0,44.0,45.57142857142857,5.0,26.0,0.164394,0.01473,1,1
2588,4.0,23.0,40.285714285714285,0.0,26.0,0.267903,0.246402,0,0
2589,1.0,43.57142857142857,44.285714285714285,0.0,26.0,0.009645,0.425094,0,0
2590,1.0,35.42857142857143,46.714285714285715,0.0,26.0,0.019753,0.359851,0,0
2591,2.0,41.285714285714285,46.714285714285715,0.0,26.0,0.017188,0.391097,0,0
2592,8.0,41.0,42.142857142857146,6.0,26.0,0.256418,0.018762,1,1
2593,8.0,44.0,50.142857142857146,0.0,26.0,0.114128,0.031434,1,1
2594,2.0,38.0,43.714285714285715,0.0,26.0,0.012558,0.386481,0,0
2595,1.0,5.714285714285714,51.285714285714285,0.0,26.0,0.228369,0.091318,0,0
2596,16.0,45.42857142857143,46.0,3.0,26.0,0.385824,0.013259,1,1
2597,1.0,9.428571428571429,49.857142857142854,0.0,26.0,0.016112,0.317448,1,1
2598,3.0,35.0,44.857142857142854,0.0,26.0,0.005077,0.291514,1,1
2599,3.0,36.42857142857143,49.285714285714285,0.0,26.0,0.18033,0.472382,0,0
2600,0.0,0.0,41.714285714285715,0.0,26.0,0.016315,0.102068,1,1
2601,1.0,29.857142857142858,50.857142857142854,0.0,26.0,0.022991,0.4165,1,1
2602,3.0,12.857142857142858,45.285714285714285,0.0,26.0,0.124281,0.097009,0,0
2603,1.0,43.42857142857143,44.0,3.0,26.0,0.066044,0.025533,1,1
2604,10.0,44.142857142857146,46.857142857142854,5.0,26.0,0.110862,0.054418,1,1
2605,3.0,19.571428571428573,49.857142857142854,0.0,26.0,0.206667,0.142307,0,0
2606,1.0,36.142857142857146,44.142857142857146,0.0,26.0,0.014916,0.08704,0,0
2607,3.0,6.0,40.57142857142857,0.0,26.0,0.132237,0.074366,0,0
2608,3.0,26.714285714285715,48.142857142857146,2.0,26.0,0.069972,0.051105,1,1
2609,5.0,20.142857142857142,50.142857142857146,0.0,26.0,0.261009,0.224094,0,0
2610,0.0,0.0,48.42857142857143,0.0,26.0,0.034816,0.042074,1,1
2611,0.0,0.0,46.285714285714285,0.0,26.0,0.003183,0.829753,1,1
2612,0.0,0.0,43.714285714285715,0.0,26.0,0.007269,0.474518,1,1
2613,2.0,27.428571428571427,44.142857142857146,1.0,26.0,0.080648,0.047955,1,1
2614,0.0,0.0,48.0,0.0,26.0,0.01849,0.214082,1,1
2615,0.0,0.0,41.714285714285715,1.0,26.0,0.021031,0.294563,1,1
2616,1.0,26.714285714285715,47.285714285714285,0.0,26.0,0.004939,0.144308,1,1
2617,2.0,35.285714285714285,43.857142857142854,2.0,26.0,0.029606,0.131348,1,1
2618,9.0,46.42857142857143,51.857142857142854,9.0,26.0,0.238588,0.003674,1,1
2619,1.0,15.714285714285714,46.285714285714285,0.0,26.0,0.020753,0.031393,1,1
2620,8.0,29.142857142857142,47.57142857142857,0.0,26.0,0.399766,0.223742,0,0
2621,7.0,42.42857142857143,47.285714285714285,1.0,26.0,0.168097,0.010372,1,1
2622,3.0,20.571428571428573,42.285714285714285,2.0,26.0,0.055367,0.10091,1,1
2623,0.0,0.0,43.0,0.0,26.0,0.031766,0.436206,1,1
2624,0.0,0.0,46.142857142857146,0.0,26.0,0.027391,0.078692,1,1
2625,0.0,0.0,47.57142857142857,2.0,26.0,0.01309,0.038102,1,1
2626,1.0,2.857142857142857,46.0,0.0,26.0,0.107669,0.684419,0,0
2627,0.0,0.0,43.285714285714285,0.0,26.0,0.001339,0.023221,1,1
2628,0.0,0.0,49.57142857142857,0.0,26.0,0.037808,0.492328,1,1
2629,0.0,0.0,51.857142857142854,0.0,26.0,0.001105,0.095874,1,1
2630,8.0,46.0,51.714285714285715,5.0,26.0,0.238868,0.077218,1,1
2631,3.0,37.0,51.857142857142854,2.0,26.0,0.111306,0.097043,1,0
2632,0.0,0.0,48.42857142857143,0.0,26.0,0.000459,0.141792,1,1
2633,4.0,5.571428571428571,40.57142857142857,0.0,26.0,0.210401,0.442468,0,0
2634,0.0,0.0,48.285714285714285,0.0,26.0,0.005635,0.020337,1,1
2635,2.0,28.142857142857142,42.0,1.0,26.0,0.057103,0.261717,1,1
2636,3.0,3.0,48.857142857142854,0.0,26.0,0.453885,0.056886,0,0
2637,0.0,0.0,48.0,0.0,26.0,0.001517,0.28876,1,1
2638,2.0,2.857142857142857,41.0,0.0,26.0,0.159778,0.33144,0,0
2639,1.0,16.571428571428573,40.0,2.0,26.0,0.020999,0.023472,1,1
2640,0.0,0.0,46.285714285714285,0.0,26.0,0.0008,0.044162,1,1
2641,1.0,0.2857142857142857,50.142857142857146,0.0,26.0,0.017292,0.310003,1,1
2642,17.0,37.57142857142857,47.142857142857146,0.0,26.0,0.396301,0.0215,0,0
2643,9.0,41.42857142857143,45.714285714285715,5.0,26.0,0.123546,0.020718,1,1
2644,3.0,29.571428571428573,42.57142857142857,0.0,26.0,0.055481,0.321661,0,0
2645,9.0,46.857142857142854,50.142857142857146,3.0,26.0,0.133178,0.12737,1,1
2646,1.0,10.285714285714286,43.142857142857146,0.0,26.0,0.01575,0.349598,1,1
2647,3.0,23.142857142857142,46.857142857142854,0.0,26.0,0.055496,0.113897,0,0
2648,1.0,29.571428571428573,44.57142857142857,0.0,26.0,0.024324,0.538267,0,0
2649,1.0,4.285714285714286,40.42857142857143,0.0,26.0,0.016394,0.470641,0,0
2650,0.0,0.0,43.42857142857143,1.0,26.0,0.004475,0.217668,1,1
2651,4.0,22.714285714285715,43.714285714285715,6.0,26.0,0.122,0.155853,1,1
2652,0.0,0.0,42.714285714285715,0.0,26.0,0.002593,0.26459,1,1
2653,2.0,28.857142857142858,46.57142857142857,4.0,26.0,0.116884,0.172007,1,1
2654,1.0,0.5714285714285714,45.0,0.0,26.0,0.155444,0.13076,0,0
2655,2.0,11.571428571428571,51.42857142857143,0.0,26.0,0.29699,0.049201,0,0
2656,2.0,5.142857142857143,45.0,0.0,26.0,0.208406,0.497184,0,0
2657,0.0,0.0,47.142857142857146,0.0,26.0,0.003781,0.782512,1,1
2658,4.0,35.285714285714285,46.285714285714285,1.0,26.0,0.05924,0.237101,1,1
2659,2.0,20.285714285714285,45.42857142857143,3.0,26.0,0.100414,0.13977,1,0
2660,3.0,44.285714285714285,51.142857142857146,0.0,26.0,0.03672,0.585,0,0
2661,1.0,25.0,48.285714285714285,1.0,26.0,0.014418,0.315761,1,1
2662,1.0,32.42857142857143,49.285714285714285,0.0,26.0,0.063468,0.590756,0,0
2663,4.0,42.714285714285715,45.857142857142854,8.0,26.0,0.130272,0.00369,1,1
2664,0.0,0.0,41.142857142857146,3.0,26.0,0.020159,0.162886,1,1
2665,1.0,49.42857142857143,50.42857142857143,0.0,26.0,0.007666,0.069021,1,1
2666,3.0,4.142857142857143,49.142857142857146,0.0,26.0,0.21588,0.363823,0,0
2667,1.0,4.571428571428571,40.285714285714285,0.0,26.0,0.306505,0.312618,0,0
2668,1.0,0.2857142857142857,40.714285714285715,0.0,26.0,0.177133,0.410298,0,0
2669,0.0,0.0,44.857142857142854,0.0,26.0,0.005638,0.443644,1,1
2670,12.0,23.571428571428573,47.285714285714285,0.0,26.0,0.467193,0.1061,0,0
2671,0.0,0.0,47.0,0.0,26.0,0.00678,0.074947,1,1
2672,5.0,40.57142857142857,43.42857142857143,0.0,26.0,0.111082,0.297924,0,0
2673,0.0,0.0,41.57142857142857,0.0,26.0,0.005281,0.050899,1,1
2674,7.0,40.857142857142854,44.285714285714285,3.0,26.0,0.103691,0.024687,1,1
2675,0.0,0.0,48.857142857142854,0.0,26.0,0.009851,0.089901,1,1
2676,0.0,0.0,41.714285714285715,0.0,26.0,0.00173,0.081344,1,1
2677,8.0,15.857142857142858,48.714285714285715,0.0,26.0,0.587485,0.357519,0,0
2678,1.0,5.857142857142857,50.142857142857146,0.0,26.0,0.008823,0.27122,0,0
2679,5.0,43.0,43.42857142857143,2.0,26.0,0.108276,0.022471,1,1
2680,1.0,1.0,51.57142857142857,0.0,26.0,0.470599,0.21778,0,0
2681,1.0,5.428571428571429,49.0,0.0,26.0,0.697447,0.055939,0,0
2682,1.0,22.0,46.0,1.0,26.0,0.067726,0.279302,1,1
2683,3.0,22.714285714285715,41.857142857142854,2.0,26.0,0.074538,0.118047,1,1
2684,1.0,3.857142857142857,43.857142857142854,0.0,26.0,0.084168,0.351376,0,0
2685,6.0,24.714285714285715,43.714285714285715,0.0,26.0,0.159048,0.422982,0,0
2686,1.0,6.428571428571429,40.857142857142854,0.0,26.0,0.003789,0.305038,0,0
2687,7.0,37.57142857142857,46.57142857142857,1.0,26.0,0.157779,0.056344,1,1
2688,2.0,43.0,48.857142857142854,0.0,26.0,0.050935,0.137727,0,0
2689,1.0,40.714285714285715,48.142857142857146,0.0,26.0,0.000693,0.20681,0,0
2690,0.0,0.0,40.857142857142854,0.0,26.0,0.010549,0.428476,1,1
2691,0.0,0.0,50.857142857142854,0.0,26.0,0.002487,0.142416,1,1
2692,1.0,10.428571428571429,40.142857142857146,0.0,26.0,0.04428,0.632937,0,0
2693,1.0,1.1428571428571428,45.0,0.0,26.0,0.20029,0.279098,0,0
2694,1.0,4.571428571428571,44.0,0.0,26.0,0.174981,0.082146,0,0
2695,4.0,32.0,47.42857142857143,0.0,26.0,0.077282,0.226209,0,0
2696,2.0,5.857142857142857,40.57142857142857,0.0,26.0,0.066078,0.390873,0,0
2697,1.0,41.714285714285715,50.142857142857146,0.0,26.0,0.0268,0.366321,0,0
2698,3.0,30.0,42.0,2.0,26.0,0.140724,0.128818,1,0
2699,9.0,23.0,50.57142857142857,0.0,26.0,0.498372,0.021191,0,0
2700,5.0,6.142857142857143,46.0,0.0,26.0,0.357683,0.209618,0,0
2701,5.0,40.857142857142854,43.285714285714285,0.0,26.0,0.10602,0.490265,0,0
2702,1.0,27.857142857142858,45.142857142857146,0.0,26.0,0.042184,0.339959,0,0
2703,0.0,0.0,42.0,0.0,26.0,0.003587,0.177658,1,1
2704,6.0,28.428571428571427,47.857142857142854,1.0,26.0,0.146645,0.021794,1,1
2705,0.0,0.0,40.0,0.0,26.0,0.012321,0.019312,1,1
2706,2.0,26.857142857142858,46.42857142857143,1.0,26.0,0.083392,0.064796,1,1
2707,0.0,0.0,46.42857142857143,0.0,26.0,0.02628,0.129685,1,1
2708,3.0,15.714285714285714,42.857142857142854,0.0,26.0,0.314158,0.198549,0,0
2709,1.0,1.1428571428571428,51.57142857142857,0.0,26.0,0.066717,0.481982,0,0
2710,1.0,2.142857142857143,49.857142857142854,0.0,26.0,0.229579,0.58938,0,0
2711,0.0,0.0,51.0,1.0,26.0,0.010562,0.065675,1,1
2712,0.0,0.0,46.285714285714285,4.0,26.0,0.025584,0.222394,1,1
2713,5.0,43.714285714285715,47.714285714285715,0.0,26.0,0.120868,0.083352,0,0
2714,1.0,3.857142857142857,47.42857142857143,0.0,26.0,0.260065,0.075101,0,0
2715,2.0,37.714285714285715,45.285714285714285,0.0,26.0,0.048958,0.075639,1,1
2716,0.0,0.0,42.42857142857143,1.0,26.0,0.045608,0.410121,1,0
2717,5.0,34.857142857142854,51.142857142857146,0.0,26.0,0.063753,0.000265,1,1
2718,5.0,35.857142857142854,48.42857142857143,0.0,26.0,0.153154,0.240053,0,0
2719,7.0,8.714285714285714,49.42857142857143,0.0,26.0,0.702891,0.35055,0,0
2720,3.0,10.428571428571429,48.142857142857146,0.0,26.0,0.138756,0.369016,0,0
2721,0.0,0.0,44.42857142857143,0.0,26.0,0.00065,0.044304,1,1
2722,1.0,43.42857142857143,44.0,0.0,26.0,0.029312,0.146753,1,1
2723,2.0,15.142857142857142,50.0,2.0,26.0,0.049162,0.073654,1,1
2724,0.0,0.0,42.0,0.0,26.0,0.00251,0.226052,1,1
2725,7.0,12.285714285714286,43.142857142857146,0.0,26.0,0.275264,0.211377,0,0
2726,0.0,0.0,50.285714285714285,0.0,26.0,0.000851,0.003849,1,1
2727,2.0,9.142857142857142,51.57142857142857,0.0,26.0,0.122945,0.045494,0,0
2728,0.0,0.0,49.857142857142854,0.0,26.0,0.001339,0.483933,1,1
2729,1.0,8.0,43.285714285714285,0.0,26.0,0.075129,0.35787,0,0
2730,1.0,0.2857142857142857,48.0,0.0,26.0,0.100786,0.414595,0,0
2731,1.0,27.857142857142858,45.57142857142857,0.0,26.0,0.037382,0.014736,1,1
2732,3.0,32.285714285714285,48.285714285714285,0.0,26.0,0.1061,0.199282,0,0
2733,9.0,41.0,47.42857142857143,4.0,26.0,0.292404,0.051688,1,0
2734,2.0,17.571428571428573,45.0,0.0,26.0,0.112734,0.337877,0,0
2735,5.0,41.857142857142854,44.285714285714285,3.0,26.0,0.088198,0.263544,1,0
2736,1.0,1.0,51.285714285714285,0.0,26.0,0.267839,0.415639,0,0
2737,5.0,10.571428571428571,47.285714285714285,0.0,26.0,0.254635,0.331621,0,0
2738,0.0,0.0,44.0,0.0,26.0,0.006303,0.386398,1,1
2739,5.0,35.42857142857143,44.285714285714285,1.0,26.0,0.099828,0.109605,1,1
2740,8.0,32.285714285714285,43.142857142857146,0.0,26.0,0.270209,0.128921,0,0
2741,3.0,11.571428571428571,41.142857142857146,0.0,26.0,0.047386,0.092845,0,0
2742,8.0,32.0,45.42857142857143,0.0,26.0,0.190174,0.130139,0,0
2743,2.0,12.714285714285714,45.714285714285715,1.0,26.0,0.072619,0.130324,1,1
2744,0.0,0.0,50.857142857142854,0.0,26.0,0.009928,0.144514,1,1
2745,1.0,35.142857142857146,44.714285714285715,0.0,26.0,0.072406,0.524164,0,0
2746,0.0,0.0,40.714285714285715,0.0,26.0,0.01899,0.775186,1,1
2747,1.0,2.857142857142857,46.42857142857143,0.0,26.0,0.453773,0.674222,0,0
2748,9.0,40.857142857142854,45.57142857142857,5.0,26.0,0.268196,0.251018,1,0
2749,2.0,21.285714285714285,46.0,2.0,26.0,0.060157,0.079339,1,0
2750,0.0,0.0,42.42857142857143,0.0,26.0,0.001216,0.202608,1,1
2751,1.0,5.285714285714286,43.714285714285715,0.0,26.0,0.00209,0.270022,0,0
2752,0.0,0.0,43.0,0.0,26.0,0.007002,0.118404,1,1
2753,1.0,8.285714285714286,45.0,0.0,26.0,0.024014,0.409806,0,0
2754,3.0,40.285714285714285,44.142857142857146,0.0,26.0,0.044315,0.424105,0,0
2755,3.0,15.571428571428571,43.142857142857146,0.0,26.0,0.085963,0.188229,0,0
2756,4.0,29.857142857142858,46.714285714285715,1.0,26.0,0.08148,0.044209,1,1
2757,2.0,2.857142857142857,44.714285714285715,1.0,26.0,0.021825,0.075749,1,1
2758,7.0,25.857142857142858,41.857142857142854,0.0,26.0,0.284205,0.219136,0,0
2759,1.0,10.0,50.285714285714285,0.0,26.0,0.052743,0.393635,0,0
2760,3.0,22.0,46.57142857142857,3.0,26.0,0.044934,0.001074,1,1
2761,7.0,39.0,43.285714285714285,0.0,26.0,0.200468,0.115344,0,0
2762,2.0,15.0,45.142857142857146,0.0,26.0,0.079627,0.377846,0,0
2763,0.0,0.0,45.57142857142857,0.0,26.0,3.2e-05,0.088342,1,1
2764,4.0,27.142857142857142,40.57142857142857,0.0,26.0,0.164461,0.365792,1,1
2765,0.0,0.0,43.714285714285715,1.0,26.0,0.011403,0.215238,1,1
2766,0.0,0.0,44.0,0.0,26.0,0.000278,0.160109,1,1
2767,0.0,0.0,43.142857142857146,0.0,26.0,0.000179,0.600253,1,1
2768,0.0,0.0,41.714285714285715,0.0,26.0,0.050832,0.635539,1,1
2769,4.0,43.857142857142854,45.857142857142854,0.0,26.0,0.040748,0.019886,1,1
2770,6.0,30.0,44.714285714285715,0.0,26.0,0.177662,0.171764,0,0
2771,1.0,1.2857142857142858,48.714285714285715,0.0,26.0,0.128033,0.076379,0,0
2772,0.0,0.0,50.57142857142857,0.0,26.0,0.006,0.109043,1,1
2773,1.0,5.428571428571429,50.285714285714285,0.0,26.0,0.352954,0.228068,0,0
2774,1.0,25.285714285714285,50.42857142857143,1.0,26.0,0.050421,0.131136,1,0
2775,0.0,0.0,44.857142857142854,0.0,26.0,0.000326,0.239415,1,1
2776,2.0,17.142857142857142,46.142857142857146,0.0,26.0,0.260667,0.17358,0,0
2777,13.0,41.42857142857143,46.142857142857146,6.0,26.0,0.19099,0.19504,1,0
2778,0.0,0.0,46.857142857142854,0.0,26.0,0.000706,0.208646,1,1
2779,0.0,0.0,45.57142857142857,0.0,26.0,0.00183,0.61648,1,1
2780,3.0,35.857142857142854,43.142857142857146,3.0,26.0,0.08623,0.020999,1,1
2781,0.0,0.0,45.57142857142857,0.0,26.0,0.000102,0.335494,1,1
2782,2.0,13.428571428571429,41.0,0.0,26.0,0.018238,0.261375,1,1
2783,2.0,30.428571428571427,40.57142857142857,1.0,26.0,0.032454,0.238847,1,1
2784,0.0,0.0,49.714285714285715,2.0,26.0,0.022231,0.388528,1,0
2785,2.0,7.857142857142857,45.0,0.0,26.0,0.169037,0.312077,0,0
2786,1.0,17.714285714285715,41.57142857142857,2.0,26.0,0.061947,0.06161,1,1
2787,3.0,13.428571428571429,42.142857142857146,0.0,26.0,0.115924,0.177673,0,0
2788,1.0,2.857142857142857,45.714285714285715,0.0,26.0,0.328681,0.64806,0,0
2789,1.0,0.2857142857142857,45.42857142857143,0.0,26.0,0.090359,0.521556,0,0
2790,0.0,0.0,42.857142857142854,0.0,26.0,0.005204,0.090154,1,1
2791,7.0,47.0,51.57142857142857,3.0,26.0,0.202248,0.018574,1,1
2792,6.0,48.142857142857146,50.714285714285715,2.0,26.0,0.122273,0.034236,1,0
2793,6.0,41.285714285714285,45.57142857142857,2.0,26.0,0.12688,0.015551,1,0
2794,6.0,27.0,46.714285714285715,0.0,26.0,0.116392,0.113044,0,0
2795,1.0,37.0,50.142857142857146,0.0,26.0,0.011162,0.061516,1,1
2796,21.0,38.857142857142854,44.42857142857143,0.0,26.0,0.595626,0.035219,0,0
2797,5.0,26.142857142857142,51.0,0.0,26.0,0.129146,0.132684,0,0
2798,13.0,41.714285714285715,41.714285714285715,9.0,26.0,0.295927,0.033371,1,1
2799,0.0,0.0,42.857142857142854,1.0,26.0,0.013945,0.078518,1,1
2800,3.0,11.142857142857142,44.0,0.0,26.0,0.042636,0.222864,0,0
2801,2.0,43.857142857142854,47.0,0.0,26.0,0.022227,0.250717,1,1
2802,3.0,42.142857142857146,43.42857142857143,0.0,26.0,0.040844,0.223298,0,0
2803,8.0,41.142857142857146,41.142857142857146,2.0,26.0,0.257317,0.144066,1,1
2804,1.0,5.0,42.42857142857143,0.0,26.0,0.045267,0.113358,0,0
2805,1.0,27.714285714285715,42.857142857142854,0.0,26.0,0.090411,0.142217,1,1
2806,1.0,37.285714285714285,45.0,1.0,26.0,0.016663,0.040094,1,1
2807,0.0,0.0,50.714285714285715,0.0,26.0,0.008038,0.266758,1,1
2808,1.0,6.142857142857143,40.857142857142854,0.0,26.0,0.079359,0.218172,0,0
2809,0.0,0.0,51.285714285714285,0.0,26.0,0.010554,0.379406,1,1
2810,3.0,29.285714285714285,46.857142857142854,1.0,26.0,0.124561,0.070682,1,1
2811,2.0,16.0,49.857142857142854,0.0,26.0,0.211631,0.045225,0,0
2812,2.0,25.0,50.142857142857146,0.0,26.0,0.057566,0.671032,0,0
2813,8.0,48.0,48.285714285714285,7.0,26.0,0.164927,0.07498,1,1
2814,4.0,43.285714285714285,43.285714285714285,1.0,26.0,0.076113,0.03467,1,1
2815,2.0,49.714285714285715,50.42857142857143,0.0,26.0,0.046373,0.051212,1,1
2816,1.0,12.571428571428571,42.142857142857146,0.0,26.0,0.108244,0.381429,0,0
2817,0.0,0.0,46.714285714285715,0.0,26.0,0.010168,0.433947,1,1
2818,1.0,10.571428571428571,43.42857142857143,0.0,26.0,0.00576,0.334176,1,1
2819,4.0,7.714285714285714,42.857142857142854,0.0,26.0,0.520704,0.334194,0,0
2820,4.0,21.714285714285715,40.57142857142857,1.0,26.0,0.045989,0.149905,1,1
2821,0.0,0.0,46.142857142857146,0.0,26.0,0.013088,0.039232,1,1
2822,3.0,13.0,40.42857142857143,0.0,26.0,0.111105,0.407756,0,0
2823,0.0,0.0,40.714285714285715,0.0,26.0,0.003525,0.099267,1,1
2824,3.0,42.0,43.142857142857146,1.0,26.0,0.029695,0.125243,1,1
2825,7.0,45.42857142857143,47.0,2.0,26.0,0.104357,0.18009,1,1
2826,1.0,45.42857142857143,50.285714285714285,0.0,26.0,0.09338,0.453638,0,0
2827,0.0,0.0,44.42857142857143,1.0,26.0,0.000503,0.141081,1,0
2828,3.0,9.857142857142858,48.714285714285715,0.0,26.0,0.104433,0.411683,0,0
2829,0.0,0.0,51.42857142857143,0.0,26.0,0.00013,0.202847,1,1
2830,0.0,0.0,48.42857142857143,0.0,26.0,0.00403,0.011563,1,1
2831,0.0,0.0,42.142857142857146,0.0,26.0,0.023482,0.105014,1,1
2832,0.0,0.0,43.0,0.0,26.0,0.000416,0.353117,1,1
2833,1.0,11.714285714285714,43.57142857142857,0.0,26.0,0.139147,0.576729,0,0
2834,5.0,11.0,42.714285714285715,0.0,26.0,0.536544,0.031526,0,0
2835,0.0,0.0,42.142857142857146,2.0,26.0,0.017938,0.045811,1,1
2836,4.0,41.285714285714285,49.142857142857146,2.0,26.0,0.041833,0.170395,1,0
2837,0.0,0.0,47.57142857142857,0.0,26.0,0.016387,0.062313,1,1
2838,2.0,6.571428571428571,42.142857142857146,0.0,26.0,0.099795,0.161614,0,0
2839,1.0,34.42857142857143,48.57142857142857,0.0,26.0,0.015092,0.16516,1,1
2840,1.0,24.285714285714285,42.857142857142854,2.0,26.0,0.010189,0.332693,1,1
2841,3.0,17.428571428571427,49.42857142857143,0.0,26.0,0.080381,0.270409,0,0
2842,0.0,0.0,48.857142857142854,1.0,26.0,0.026941,0.147026,1,0
2843,1.0,21.428571428571427,45.42857142857143,0.0,26.0,0.022526,0.621716,0,0
2844,1.0,1.5714285714285714,47.714285714285715,0.0,26.0,0.087031,0.234263,0,0
2845,0.0,0.0,42.0,1.0,26.0,0.008773,0.111695,1,1
2846,3.0,7.142857142857143,44.857142857142854,2.0,26.0,0.114935,0.36638,1,1
2847,0.0,0.0,42.42857142857143,0.0,26.0,0.001462,0.077835,1,1
2848,16.0,16.571428571428573,48.142857142857146,0.0,26.0,0.551926,0.124639,0,0
2849,0.0,0.0,45.285714285714285,1.0,26.0,0.014002,0.231985,1,1
2850,0.0,0.0,48.285714285714285,0.0,26.0,0.01677,0.042245,1,1
2851,2.0,7.571428571428571,40.714285714285715,0.0,26.0,0.062331,0.087021,0,0
2852,1.0,15.714285714285714,45.714285714285715,0.0,26.0,0.115066,0.256964,0,0
2853,8.0,48.57142857142857,50.714285714285715,1.0,26.0,0.124493,0.131126,1,0
2854,4.0,36.714285714285715,42.57142857142857,3.0,26.0,0.132563,0.310006,1,1
2855,1.0,44.0,44.285714285714285,2.0,26.0,0.014868,0.072076,1,1
2856,6.0,37.42857142857143,45.857142857142854,0.0,26.0,0.178088,0.158498,0,0
2857,2.0,13.428571428571429,48.0,0.0,26.0,0.138816,0.431238,0,0
2858,0.0,0.0,45.857142857142854,0.0,26.0,0.000336,0.67611,1,1
2859,3.0,50.142857142857146,51.0,3.0,26.0,0.050822,0.233346,1,1
2860,3.0,18.571428571428573,50.42857142857143,0.0,26.0,0.129845,0.32307,0,0
2861,1.0,34.57142857142857,41.0,1.0,26.0,0.018585,0.105357,1,1
2862,0.0,0.0,44.714285714285715,2.0,26.0,0.032803,0.044167,1,1
2863,0.0,0.0,48.857142857142854,0.0,26.0,0.001795,0.029545,1,1
2864,1.0,11.571428571428571,42.714285714285715,0.0,26.0,0.121585,0.506701,0,0
2865,1.0,7.285714285714286,50.142857142857146,0.0,26.0,0.012625,0.059004,1,1
2866,0.0,0.0,43.57142857142857,0.0,26.0,0.002522,0.254598,1,1
2867,0.0,0.0,44.0,1.0,26.0,0.002536,0.098249,1,0
2868,1.0,44.142857142857146,45.714285714285715,3.0,26.0,0.025645,0.063384,1,1
2869,0.0,0.0,47.0,0.0,26.0,0.049509,0.301279,1,1
2870,2.0,2.2857142857142856,42.42857142857143,0.0,26.0,0.48271,0.63788,0,0
2871,0.0,0.0,46.0,0.0,26.0,0.008439,0.000653,1,1
2872,7.0,10.714285714285714,47.285714285714285,0.0,26.0,0.455111,0.080764,0,0
2873,0.0,0.0,51.714285714285715,0.0,26.0,0.000864,0.020786,1,1
2874,3.0,40.857142857142854,51.857142857142854,1.0,26.0,0.086581,0.032448,1,1
2875,0.0,0.0,43.714285714285715,1.0,26.0,0.01777,0.028713,1,1
2876,3.0,26.0,40.285714285714285,1.0,26.0,0.064411,0.213847,1,1
2877,3.0,13.0,46.857142857142854,0.0,26.0,0.201644,0.057767,0,0
2878,5.0,12.0,44.285714285714285,0.0,26.0,0.229227,0.138126,0,0
2879,1.0,3.7142857142857144,43.42857142857143,0.0,26.0,0.011105,0.064628,1,1
2880,0.0,0.0,46.42857142857143,0.0,26.0,0.004804,0.064701,1,1
2881,7.0,47.42857142857143,50.714285714285715,3.0,26.0,0.07106,0.071508,1,1
2882,2.0,5.285714285714286,51.285714285714285,0.0,26.0,0.289641,0.189527,0,0
2883,0.0,0.0,50.714285714285715,0.0,26.0,0.006615,3.5e-05,1,1
2884,0.0,0.0,49.142857142857146,1.0,26.0,0.003842,0.45292,1,0
2885,2.0,24.0,45.714285714285715,0.0,26.0,0.030687,0.112282,1,1
2886,6.0,44.142857142857146,48.285714285714285,1.0,26.0,0.151142,0.012304,1,1
2887,3.0,34.142857142857146,42.857142857142854,3.0,26.0,0.062922,0.050151,1,1
2888,0.0,0.0,45.42857142857143,0.0,26.0,0.000279,0.065696,1,1
2889,0.0,0.0,43.285714285714285,1.0,26.0,0.057701,0.013174,1,1
2890,7.0,23.142857142857142,49.42857142857143,2.0,26.0,0.1149,0.02835,1,1
2891,3.0,36.0,43.0,1.0,26.0,0.033908,0.013003,1,1
2892,1.0,34.285714285714285,44.142857142857146,2.0,26.0,0.054199,0.013992,1,1
2893,1.0,10.428571428571429,49.57142857142857,0.0,26.0,0.393713,0.365177,0,0
2894,1.0,43.285714285714285,48.857142857142854,0.0,26.0,0.022368,0.231037,1,1
2895,0.0,0.0,44.714285714285715,2.0,26.0,0.019028,0.230598,1,1
2896,0.0,0.0,46.0,0.0,26.0,0.004003,0.161477,1,1
2897,10.0,38.0,43.42857142857143,0.0,26.0,0.292042,0.031537,0,0
2898,1.0,16.142857142857142,43.42857142857143,0.0,26.0,0.045358,0.048357,1,1
2899,0.0,0.0,42.0,0.0,26.0,0.011454,0.411689,1,1
2900,6.0,7.428571428571429,42.57142857142857,0.0,26.0,0.587323,0.054277,0,0
2901,3.0,35.857142857142854,44.857142857142854,1.0,26.0,0.063086,0.250713,1,1
2902,1.0,13.571428571428571,42.0,0.0,26.0,0.035713,0.64719,0,0
2903,5.0,19.714285714285715,44.57142857142857,0.0,26.0,0.210418,0.088738,0,0
2904,0.0,0.0,48.285714285714285,0.0,26.0,0.001141,0.183056,1,1
2905,3.0,21.142857142857142,47.42857142857143,2.0,26.0,0.057334,0.068941,1,1
2906,3.0,37.57142857142857,43.0,4.0,26.0,0.14601,0.042363,1,1
2907,0.0,0.0,49.142857142857146,0.0,26.0,0.002631,0.669043,1,1
2908,1.0,9.285714285714286,41.857142857142854,0.0,26.0,0.088681,0.522053,0,0
2909,1.0,20.428571428571427,50.57142857142857,0.0,26.0,0.002408,0.583641,0,0
2910,6.0,25.571428571428573,45.0,0.0,26.0,0.245078,0.186234,0,0
2911,4.0,29.857142857142858,51.0,0.0,26.0,0.145034,0.199738,0,0
2912,0.0,0.0,46.857142857142854,0.0,26.0,0.007797,0.19763,1,1
2913,8.0,43.42857142857143,47.0,6.0,26.0,0.148456,0.046704,1,1
2914,1.0,1.5714285714285714,43.285714285714285,0.0,26.0,0.075688,0.367083,0,0
2915,0.0,0.0,50.285714285714285,0.0,26.0,0.008998,0.009853,1,1
2916,1.0,36.0,50.285714285714285,2.0,26.0,0.044345,0.276214,1,0
2917,0.0,0.0,41.714285714285715,1.0,26.0,0.030823,0.341022,1,0
2918,2.0,24.857142857142858,41.285714285714285,0.0,26.0,0.11587,0.144945,0,0
2919,1.0,38.0,45.285714285714285,0.0,26.0,0.022281,0.025962,1,1
2920,0.0,0.0,42.285714285714285,0.0,26.0,0.00525,0.234619,1,1
2921,0.0,0.0,47.42857142857143,0.0,26.0,0.001287,0.152441,1,1
2922,4.0,44.57142857142857,50.42857142857143,0.0,26.0,0.089677,0.108654,0,0
2923,0.0,0.0,51.142857142857146,1.0,26.0,0.004297,0.158371,1,0
2924,2.0,9.142857142857142,42.714285714285715,0.0,26.0,0.093364,0.139411,0,0
2925,0.0,0.0,41.57142857142857,0.0,26.0,0.019857,0.01813,1,1
2926,1.0,5.142857142857143,50.857142857142854,0.0,26.0,0.171799,0.446751,0,0
2927,4.0,25.571428571428573,51.857142857142854,0.0,26.0,0.131009,0.124159,0,0
2928,2.0,13.0,51.714285714285715,0.0,26.0,0.086874,0.162042,0,0
2929,13.0,43.42857142857143,44.714285714285715,5.0,26.0,0.194928,0.010503,1,1
2930,6.0,33.857142857142854,47.42857142857143,3.0,26.0,0.166528,0.004402,1,1
2931,0.0,0.0,46.857142857142854,0.0,26.0,4.8e-05,0.241415,1,1
2932,0.0,0.0,42.0,0.0,26.0,0.002742,0.421332,1,1
2933,0.0,0.0,49.42857142857143,0.0,26.0,0.015595,0.043797,1,1
2934,8.0,40.285714285714285,46.285714285714285,4.0,26.0,0.141518,0.039395,1,1
2935,1.0,31.142857142857142,43.42857142857143,2.0,26.0,0.068489,0.139777,1,1
2936,2.0,9.142857142857142,47.0,0.0,26.0,0.23214,0.293557,0,0
2937,4.0,14.571428571428571,45.285714285714285,0.0,26.0,0.324077,0.12783,0,0
2938,1.0,17.714285714285715,43.857142857142854,0.0,26.0,0.001568,0.086001,1,1
2939,1.0,2.857142857142857,47.142857142857146,0.0,26.0,0.182814,0.229783,0,0
2940,2.0,26.142857142857142,45.42857142857143,0.0,26.0,0.03001,0.242295,0,0
2941,2.0,7.285714285714286,40.0,0.0,26.0,0.221571,0.248196,0,0
2942,2.0,20.0,51.857142857142854,0.0,26.0,0.033243,0.153807,1,1
2943,3.0,16.857142857142858,42.57142857142857,0.0,26.0,0.14406,0.208915,0,0
2944,31.0,44.57142857142857,46.57142857142857,18.0,26.0,0.500683,0.0844,1,1
2945,2.0,30.571428571428573,44.714285714285715,0.0,26.0,0.052857,0.279156,0,0
2946,0.0,0.0,47.285714285714285,0.0,26.0,0.007109,0.346206,1,1
2947,0.0,0.0,50.42857142857143,0.0,26.0,0.000102,0.070867,1,1
2948,6.0,38.857142857142854,40.57142857142857,7.0,26.0,0.148187,0.012249,1,1
2949,0.0,0.0,43.0,1.0,26.0,0.047397,0.291223,1,0
2950,1.0,1.2857142857142858,47.57142857142857,0.0,26.0,0.197929,0.181237,0,0
2951,12.0,31.142857142857142,41.857142857142854,0.0,26.0,0.348132,0.120209,0,0
2952,0.0,0.0,42.0,1.0,26.0,0.010969,0.165251,1,1
2953,0.0,0.0,49.857142857142854,0.0,26.0,0.001799,0.005134,1,1
2954,6.0,37.0,40.57142857142857,1.0,26.0,0.037295,0.103681,1,1
2955,10.0,36.714285714285715,47.857142857142854,0.0,26.0,0.259911,0.064264,0,0
2956,1.0,5.142857142857143,49.0,0.0,26.0,0.073137,0.149881,0,0
2957,0.0,0.0,46.0,0.0,26.0,0.000939,0.220466,1,1
2958,0.0,0.0,40.142857142857146,0.0,26.0,0.034286,0.076836,1,1
2959,2.0,31.857142857142858,50.714285714285715,0.0,26.0,0.058854,0.334311,0,0
2960,1.0,17.714285714285715,44.714285714285715,0.0,26.0,0.005742,0.089104,0,0
2961,0.0,0.0,41.142857142857146,0.0,26.0,0.002629,0.079626,1,1
2962,7.0,40.0,50.714285714285715,0.0,26.0,0.174013,0.173825,0,0
2963,1.0,12.857142857142858,51.857142857142854,2.0,26.0,0.090335,0.159802,1,1
2964,0.0,0.0,44.57142857142857,0.0,26.0,0.004381,0.174142,1,1
2965,3.0,35.57142857142857,48.57142857142857,2.0,26.0,0.05572,0.006319,1,1
2966,0.0,0.0,51.57142857142857,0.0,26.0,0.012616,0.09974,1,1
2967,0.0,0.0,42.285714285714285,1.0,26.0,0.015582,0.166547,1,0
2968,0.0,0.0,41.857142857142854,0.0,26.0,0.008849,0.125865,1,1
2969,2.0,31.571428571428573,46.857142857142854,2.0,26.0,0.057711,0.00703,1,1
2970,1.0,4.571428571428571,43.142857142857146,0.0,26.0,0.026497,0.375391,0,0
2971,1.0,19.142857142857142,40.42857142857143,0.0,26.0,0.074,0.668684,0,0
2972,13.0,48.0,51.142857142857146,9.0,26.0,0.257346,0.007878,1,1
2973,2.0,14.0,45.857142857142854,0.0,26.0,0.166827,0.28569,0,0
2974,1.0,42.42857142857143,43.57142857142857,3.0,26.0,0.034888,0.194431,1,1
2975,0.0,0.0,42.857142857142854,1.0,26.0,0.047511,0.27775,1,1
2976,5.0,45.142857142857146,45.285714285714285,3.0,26.0,0.140385,0.083216,1,1
2977,1.0,2.142857142857143,40.42857142857143,0.0,26.0,0.070703,0.202769,0,0
2978,0.0,0.0,50.142857142857146,0.0,26.0,0.001681,0.33877,1,1
2979,0.0,0.0,51.714285714285715,0.0,26.0,0.006516,0.094537,1,1
2980,0.0,0.0,40.57142857142857,0.0,26.0,0.000637,0.128858,1,1
2981,1.0,0.14285714285714285,48.57142857142857,0.0,26.0,0.346447,0.257835,0,0
2982,1.0,3.2857142857142856,40.57142857142857,0.0,26.0,0.016812,0.124511,1,1
2983,0.0,0.0,44.142857142857146,0.0,26.0,0.017328,0.056651,1,1
2984,1.0,15.285714285714286,45.42857142857143,0.0,26.0,0.016918,0.075137,1,1
2985,0.0,0.0,41.142857142857146,0.0,26.0,0.000177,0.141677,1,1
2986,0.0,0.0,50.0,0.0,26.0,0.01219,0.054804,1,1
2987,1.0,23.285714285714285,50.857142857142854,0.0,26.0,0.05016,0.215135,0,0
2988,1.0,2.142857142857143,47.285714285714285,0.0,26.0,0.201738,0.055806,0,0
2989,0.0,0.0,48.0,0.0,26.0,0.006359,0.067953,1,1
2990,6.0,37.0,48.0,0.0,26.0,0.073997,0.127962,1,1
2991,1.0,10.857142857142858,47.285714285714285,2.0,26.0,0.087405,0.191065,1,1
2992,3.0,16.285714285714285,48.0,0.0,26.0,0.226948,0.419383,0,0
2993,3.0,44.714285714285715,44.714285714285715,1.0,26.0,0.024679,0.086621,1,1
2994,2.0,32.857142857142854,42.57142857142857,0.0,26.0,0.039704,0.319567,0,0
2995,0.0,0.0,42.857142857142854,0.0,26.0,0.001829,0.117504,1,1
2996,2.0,34.714285714285715,43.714285714285715,2.0,26.0,0.102012,0.223937,1,1
2997,1.0,14.714285714285714,50.42857142857143,0.0,26.0,0.011258,0.016688,1,1
2998,1.0,3.5714285714285716,51.0,0.0,26.0,0.28512,0.601447,0,0
2999,0.0,0.0,42.714285714285715,1.0,26.0,0.041523,0.210535,1,1
3000,9.0,19.428571428571427,50.57142857142857,0.0,26.0,0.301678,0.171705,0,0
3001,6.0,22.714285714285715,48.285714285714285,0.0,26.0,0.232693,0.529507,0,0
3002,1.0,33.714285714285715,40.0,1.0,26.0,0.027634,0.155521,1,1
3003,1.0,19.571428571428573,43.142857142857146,0.0,26.0,0.018121,0.536981,0,0
3004,0.0,0.0,51.714285714285715,0.0,26.0,0.001368,0.2962,1,1
3005,1.0,6.0,47.285714285714285,2.0,26.0,0.025694,0.113768,1,1
3006,0.0,0.0,43.714285714285715,1.0,26.0,0.026327,0.095464,1,0
3007,3.0,39.142857142857146,47.714285714285715,1.0,26.0,0.062358,0.088708,1,1
3008,1.0,14.571428571428571,50.857142857142854,0.0,26.0,0.033467,0.181135,0,0
3009,2.0,41.42857142857143,43.142857142857146,2.0,26.0,0.035742,0.149356,1,1
3010,0.0,0.0,41.57142857142857,0.0,26.0,0.010383,0.069779,1,1
3011,1.0,11.0,45.42857142857143,0.0,26.0,0.08486,0.522826,0,0
3012,5.0,39.0,47.857142857142854,2.0,26.0,0.113492,0.055904,1,1
3013,2.0,22.428571428571427,40.714285714285715,2.0,26.0,0.03211,0.02506,1,1
3014,0.0,0.0,43.857142857142854,0.0,26.0,0.018088,0.055873,1,1
3015,1.0,14.285714285714286,50.714285714285715,0.0,26.0,0.061109,0.179188,0,0
3016,9.0,40.142857142857146,41.285714285714285,2.0,26.0,0.123876,0.272854,1,1
3017,5.0,43.42857142857143,51.285714285714285,2.0,26.0,0.13107,0.308382,1,0
3018,0.0,0.0,43.42857142857143,0.0,26.0,0.000127,0.080098,1,1
3019,2.0,14.142857142857142,43.142857142857146,2.0,26.0,0.055438,0.021973,1,1
3020,3.0,28.571428571428573,41.42857142857143,0.0,26.0,0.076726,0.185631,0,0
3021,0.0,0.0,44.42857142857143,0.0,26.0,0.031528,0.355271,1,1
3022,6.0,20.714285714285715,41.0,0.0,26.0,0.371281,0.037997,0,0
3023,3.0,28.285714285714285,42.42857142857143,1.0,26.0,0.126096,0.188712,1,0
3024,0.0,0.0,40.285714285714285,1.0,26.0,0.036795,0.184207,1,1
3025,8.0,36.714285714285715,46.0,6.0,26.0,0.193342,0.040738,1,1
3026,0.0,0.0,46.285714285714285,0.0,26.0,0.016,0.368621,1,1
3027,3.0,42.0,47.42857142857143,3.0,26.0,0.057039,0.000966,1,1
3028,14.0,39.57142857142857,40.0,7.0,26.0,0.298718,0.045985,1,1
3029,0.0,0.0,46.857142857142854,1.0,26.0,0.035148,0.18849,1,1
3030,0.0,0.0,42.0,0.0,26.0,0.034458,0.081027,1,1
3031,0.0,0.0,40.285714285714285,0.0,26.0,0.001765,0.589903,1,1
3032,5.0,29.285714285714285,46.285714285714285,1.0,26.0,0.083465,0.08819,1,1
3033,3.0,40.857142857142854,43.57142857142857,0.0,26.0,0.037861,0.406059,1,1
3034,1.0,6.714285714285714,49.714285714285715,0.0,26.0,0.011798,0.498613,0,0
3035,4.0,12.857142857142858,45.285714285714285,0.0,26.0,0.107001,0.110762,0,0
3036,1.0,41.714285714285715,48.0,0.0,26.0,0.001524,0.261974,1,1
3037,0.0,0.0,47.857142857142854,0.0,26.0,0.006576,0.270454,1,1
3038,0.0,0.0,51.714285714285715,1.0,26.0,0.012347,0.115158,1,0
3039,6.0,13.571428571428571,49.57142857142857,0.0,26.0,0.162045,0.459655,0,0
3040,3.0,5.142857142857143,50.57142857142857,0.0,26.0,0.28295,0.286476,0,0
3041,5.0,37.0,43.57142857142857,1.0,26.0,0.095151,0.07253,1,1
3042,1.0,1.2857142857142858,44.714285714285715,0.0,26.0,0.098419,0.194993,0,0
3043,5.0,49.857142857142854,50.714285714285715,3.0,26.0,0.073991,0.187283,1,0
3044,2.0,38.714285714285715,40.0,2.0,26.0,0.064654,0.030261,1,1
3045,5.0,37.57142857142857,41.857142857142854,4.0,26.0,0.040947,0.045584,1,0
3046,0.0,0.0,44.285714285714285,0.0,26.0,0.000766,0.030426,1,1
3047,1.0,2.7142857142857144,41.57142857142857,0.0,26.0,0.001524,0.173538,1,1
3048,1.0,3.4285714285714284,46.0,0.0,26.0,0.134862,0.148599,0,0
3049,2.0,37.285714285714285,41.42857142857143,1.0,26.0,0.070577,0.090776,1,1
3050,2.0,7.285714285714286,49.285714285714285,0.0,26.0,0.20546,0.343918,0,0
3051,1.0,7.142857142857143,41.714285714285715,0.0,26.0,0.005614,0.324392,0,0
3052,0.0,0.0,50.857142857142854,0.0,26.0,0.000473,0.080496,1,1
3053,2.0,37.714285714285715,48.714285714285715,1.0,26.0,0.098117,0.154983,1,0
3054,0.0,0.0,47.142857142857146,0.0,26.0,0.011867,0.377283,1,1
3055,0.0,0.0,48.42857142857143,0.0,26.0,0.002459,0.281177,1,1
3056,4.0,34.142857142857146,44.142857142857146,1.0,26.0,0.024502,0.015812,1,1
3057,0.0,0.0,40.57142857142857,1.0,26.0,0.020634,0.003947,1,1
3058,2.0,5.571428571428571,45.714285714285715,0.0,26.0,0.434214,0.243597,0,0
3059,1.0,23.857142857142858,45.714285714285715,0.0,26.0,0.096728,0.335242,0,0
3060,1.0,6.571428571428571,40.142857142857146,0.0,26.0,0.026079,0.366601,0,0
3061,4.0,38.0,43.142857142857146,2.0,26.0,0.059808,0.094116,1,1
3062,3.0,42.142857142857146,42.142857142857146,2.0,26.0,0.035518,0.130127,1,1
3063,2.0,34.714285714285715,49.42857142857143,1.0,26.0,0.031403,0.458115,1,1
3064,3.0,40.57142857142857,43.142857142857146,1.0,26.0,0.043413,0.010044,1,1
3065,4.0,41.285714285714285,45.42857142857143,3.0,26.0,0.056409,0.057501,1,1
3066,2.0,4.285714285714286,42.142857142857146,0.0,26.0,0.164539,0.130878,0,0
3067,5.0,44.57142857142857,47.42857142857143,1.0,26.0,0.089415,0.017724,1,1
3068,1.0,25.857142857142858,47.57142857142857,1.0,26.0,0.037412,0.291476,1,0
3069,0.0,0.0,50.142857142857146,0.0,26.0,0.004357,0.411116,1,1
3070,6.0,15.285714285714286,51.714285714285715,0.0,26.0,0.299654,0.017066,0,0
3071,0.0,0.0,46.857142857142854,0.0,26.0,0.001547,0.202119,1,1
3072,1.0,40.42857142857143,51.714285714285715,0.0,26.0,0.036016,0.3876,1,1
3073,2.0,9.571428571428571,44.0,0.0,26.0,0.09031,0.229338,0,0
3074,0.0,0.0,42.42857142857143,0.0,26.0,0.00246,0.041083,1,1
3075,1.0,0.8571428571428571,47.285714285714285,0.0,26.0,0.431526,0.264918,0,0
3076,1.0,1.8571428571428572,51.0,0.0,26.0,0.052821,0.339454,0,0
3077,0.0,0.0,45.142857142857146,0.0,26.0,0.01672,0.252529,1,1
3078,2.0,20.142857142857142,49.714285714285715,0.0,26.0,0.017608,0.007276,1,1
3079,1.0,18.857142857142858,45.285714285714285,0.0,26.0,0.051699,0.183724,0,0
3080,3.0,25.857142857142858,46.285714285714285,0.0,26.0,0.048343,0.459455,0,0
3081,0.0,0.0,48.857142857142854,0.0,26.0,0.007257,0.051429,1,1
3082,0.0,0.0,45.714285714285715,1.0,26.0,0.021778,3.2e-05,1,1
3083,1.0,8.857142857142858,40.0,0.0,26.0,0.065844,0.356153,0,0
3084,3.0,35.857142857142854,43.285714285714285,1.0,26.0,0.030561,0.128132,1,1
3085,0.0,0.0,48.714285714285715,0.0,26.0,0.003314,0.036047,1,1
3086,1.0,9.285714285714286,47.142857142857146,0.0,26.0,0.151002,0.608613,0,0
3087,1.0,19.571428571428573,40.142857142857146,0.0,26.0,0.004339,0.005793,1,1
3088,1.0,35.857142857142854,43.714285714285715,0.0,26.0,0.040547,8.1e-05,1,1
3089,0.0,0.0,50.0,0.0,26.0,0.002108,0.048087,1,1
3090,3.0,36.714285714285715,44.57142857142857,0.0,26.0,0.030781,0.184172,0,0
3091,2.0,14.857142857142858,43.42857142857143,0.0,26.0,0.101976,0.087486,0,0
3092,0.0,0.0,50.857142857142854,2.0,26.0,0.035734,0.085757,1,1
3093,8.0,20.714285714285715,47.0,0.0,26.0,0.291462,0.275038,0,0
3094,0.0,0.0,43.0,0.0,26.0,0.004429,0.940558,1,1
3095,0.0,0.0,46.285714285714285,0.0,26.0,0.016111,0.002553,1,1
3096,0.0,0.0,41.857142857142854,1.0,26.0,0.008577,0.72096,1,1
3097,2.0,27.0,42.42857142857143,3.0,26.0,0.075025,0.001241,1,1
3098,1.0,35.57142857142857,42.142857142857146,0.0,26.0,0.037069,0.09448,0,0
3099,7.0,39.42857142857143,49.57142857142857,0.0,26.0,0.15394,0.246109,0,0
3100,1.0,19.0,50.714285714285715,0.0,26.0,0.020694,0.145621,1,1
3101,6.0,7.428571428571429,41.142857142857146,0.0,26.0,0.871845,0.212973,0,0
3102,3.0,13.857142857142858,51.57142857142857,0.0,26.0,0.29497,0.450279,0,0
3103,4.0,30.428571428571427,45.142857142857146,1.0,26.0,0.055013,0.208681,1,1
3104,0.0,0.0,45.42857142857143,1.0,26.0,0.015001,0.307603,1,1
3105,0.0,0.0,48.57142857142857,0.0,26.0,0.007295,0.050344,1,1
3106,1.0,16.0,45.142857142857146,0.0,26.0,0.02633,0.131879,1,1
3107,2.0,41.857142857142854,44.142857142857146,2.0,26.0,0.022905,0.058,1,1
3108,0.0,0.0,41.57142857142857,0.0,26.0,0.007612,0.407994,1,1
3109,21.0,39.57142857142857,44.857142857142854,4.0,26.0,0.501055,0.051055,1,1
3110,17.0,40.0,45.714285714285715,9.0,26.0,0.490194,0.012711,1,0
3111,0.0,0.0,50.142857142857146,0.0,26.0,0.015334,0.491913,1,1
3112,2.0,27.571428571428573,49.857142857142854,1.0,26.0,0.072459,0.169392,1,0
3113,3.0,3.857142857142857,47.857142857142854,0.0,26.0,0.37505,0.005012,0,0
3114,0.0,0.0,44.714285714285715,0.0,26.0,0.026836,0.016181,1,1
3115,4.0,26.0,51.285714285714285,2.0,26.0,0.058776,0.003473,1,1
3116,0.0,0.0,45.57142857142857,1.0,26.0,0.03166,0.632319,1,0
3117,0.0,0.0,44.42857142857143,1.0,26.0,0.012007,0.08268,1,1
3118,2.0,29.571428571428573,41.285714285714285,1.0,26.0,0.111002,0.390961,1,1
3119,3.0,35.857142857142854,43.42857142857143,0.0,26.0,0.126095,0.066868,0,0
3120,4.0,19.428571428571427,47.57142857142857,2.0,26.0,0.062432,0.00947,1,1
3121,6.0,5.571428571428571,41.714285714285715,0.0,26.0,0.813459,0.175927,0,0
3122,1.0,2.2857142857142856,51.714285714285715,0.0,26.0,0.373445,0.010983,0,0
3123,0.0,0.0,44.0,0.0,26.0,0.005788,0.527852,1,1
3124,4.0,24.0,45.714285714285715,0.0,26.0,0.152555,0.277847,0,0
3125,2.0,48.0,48.857142857142854,0.0,26.0,0.012901,0.224349,1,1
3126,0.0,0.0,43.142857142857146,0.0,26.0,0.014714,0.162718,1,1
3127,25.0,46.714285714285715,50.57142857142857,9.0,26.0,0.577241,0.044552,1,0
3128,0.0,0.0,42.42857142857143,0.0,26.0,0.013886,0.031206,1,1
3129,2.0,12.571428571428571,48.142857142857146,0.0,26.0,0.050872,0.144886,0,0
3130,1.0,4.428571428571429,45.142857142857146,0.0,26.0,0.180716,0.461907,0,0
3131,0.0,0.0,45.142857142857146,0.0,26.0,0.00011,0.016676,1,1
3132,2.0,19.714285714285715,47.42857142857143,0.0,26.0,0.052782,0.368544,0,0
3133,0.0,0.0,45.285714285714285,0.0,26.0,0.021661,0.450334,1,1
3134,6.0,26.857142857142858,48.142857142857146,0.0,26.0,0.28516,0.151162,0,0
3135,1.0,8.142857142857142,42.714285714285715,2.0,26.0,0.043329,0.040978,1,1
3136,4.0,35.57142857142857,42.714285714285715,2.0,26.0,0.046529,0.186629,1,0
3137,1.0,14.0,49.142857142857146,0.0,26.0,0.030143,0.512239,0,0
3138,2.0,14.857142857142858,45.142857142857146,0.0,26.0,0.156283,0.315162,0,0
3139,1.0,23.0,45.42857142857143,1.0,26.0,0.020309,0.00126,1,1
3140,1.0,1.2857142857142858,51.714285714285715,0.0,26.0,0.254999,0.156103,0,0
3141,14.0,44.142857142857146,44.714285714285715,4.0,26.0,0.19384,0.037008,1,1
3142,1.0,21.142857142857142,42.857142857142854,1.0,26.0,0.03419,0.166779,1,0
3143,1.0,1.5714285714285714,46.142857142857146,0.0,26.0,0.312755,0.264344,0,0
3144,1.0,4.428571428571429,42.285714285714285,0.0,26.0,0.250966,0.42848,0,0
3145,7.0,43.0,50.0,3.0,26.0,0.130803,0.003221,1,1
3146,7.0,38.0,48.42857142857143,3.0,26.0,0.175314,0.062256,1,0
3147,14.0,46.285714285714285,46.714285714285715,6.0,26.0,0.256152,0.002034,1,1
3148,5.0,35.857142857142854,43.714285714285715,2.0,26.0,0.06883,0.009733,1,1
3149,1.0,30.714285714285715,40.285714285714285,1.0,26.0,0.061891,0.195198,1,0
3150,4.0,45.857142857142854,48.285714285714285,3.0,26.0,0.074199,0.060994,1,1
3151,16.0,42.0,48.285714285714285,7.0,26.0,0.361533,0.022409,1,0
3152,1.0,29.0,44.285714285714285,1.0,26.0,0.031812,0.040831,1,1
3153,5.0,43.0,43.42857142857143,5.0,26.0,0.094628,0.003478,1,1
3154,5.0,39.714285714285715,44.857142857142854,1.0,26.0,0.12859,0.00633,1,1
3155,7.0,35.857142857142854,49.57142857142857,0.0,26.0,0.224729,0.376114,0,0
3156,1.0,4.571428571428571,50.857142857142854,0.0,26.0,0.188142,0.63857,0,0
3157,1.0,0.42857142857142855,49.0,1.0,26.0,0.033763,0.069158,1,1
3158,1.0,13.571428571428571,48.0,0.0,26.0,0.013178,0.170139,0,0
3159,1.0,17.857142857142858,50.42857142857143,0.0,26.0,0.014246,0.441579,0,0
3160,4.0,33.42857142857143,45.857142857142854,1.0,26.0,0.05064,0.18792,1,1
3161,4.0,46.42857142857143,49.285714285714285,0.0,26.0,0.06399,0.534004,0,0
3162,1.0,26.285714285714285,47.714285714285715,0.0,26.0,0.026149,0.051087,1,1
3163,2.0,8.857142857142858,41.714285714285715,0.0,26.0,0.147535,0.729643,0,0
3164,2.0,26.428571428571427,43.857142857142854,0.0,26.0,0.031267,0.03354,1,1
3165,1.0,23.428571428571427,43.57142857142857,0.0,26.0,0.029375,0.067807,1,1
3166,2.0,19.285714285714285,48.142857142857146,0.0,26.0,0.034612,0.050006,1,1
3167,5.0,6.0,50.42857142857143,0.0,26.0,0.66995,0.333259,0,0
3168,1.0,2.4285714285714284,48.42857142857143,0.0,26.0,0.005395,0.504038,0,0
3169,1.0,24.428571428571427,48.714285714285715,0.0,26.0,0.072847,0.679411,0,0
3170,2.0,36.857142857142854,41.0,0.0,26.0,0.036316,0.218074,1,1
3171,1.0,4.428571428571429,43.714285714285715,0.0,26.0,0.010383,0.332768,0,0
3172,6.0,34.714285714285715,40.42857142857143,1.0,26.0,0.098013,0.225979,1,1
3173,3.0,16.571428571428573,45.285714285714285,0.0,26.0,0.118244,0.224351,0,0
3174,20.0,21.857142857142858,41.57142857142857,0.0,26.0,0.836043,0.030512,0,0
3175,1.0,21.857142857142858,45.285714285714285,1.0,26.0,0.014192,0.455131,1,1
3176,2.0,42.57142857142857,43.57142857142857,2.0,26.0,0.098593,0.110597,1,0
3177,11.0,35.142857142857146,47.42857142857143,2.0,26.0,0.153692,0.007117,1,1
3178,4.0,19.571428571428573,49.142857142857146,0.0,26.0,0.110674,0.09119,0,0
3179,2.0,15.142857142857142,50.714285714285715,2.0,26.0,0.024679,0.035304,1,1
3180,3.0,8.428571428571429,48.42857142857143,0.0,26.0,0.231208,0.022029,0,0
3181,1.0,3.857142857142857,44.0,0.0,26.0,0.065337,0.141811,0,0
3182,1.0,3.7142857142857144,41.857142857142854,0.0,26.0,0.068824,0.129889,0,0
3183,0.0,0.0,44.42857142857143,0.0,26.0,0.000947,0.045214,1,1
3184,1.0,13.571428571428571,49.57142857142857,0.0,26.0,0.035701,0.000649,1,1
3185,10.0,37.714285714285715,43.285714285714285,8.0,26.0,0.247973,0.003724,1,1
3186,0.0,0.0,41.57142857142857,0.0,26.0,0.002721,0.685997,1,1
3187,10.0,31.285714285714285,45.0,0.0,26.0,0.322379,0.054764,0,0
3188,1.0,41.142857142857146,48.285714285714285,1.0,26.0,0.017098,0.021425,1,1
3189,1.0,25.714285714285715,40.57142857142857,0.0,26.0,0.008292,0.307118,0,0
3190,2.0,38.42857142857143,42.0,0.0,26.0,0.036919,0.272116,0,0
3191,1.0,39.42857142857143,43.57142857142857,2.0,26.0,0.05118,0.276886,1,1
3192,0.0,0.0,48.857142857142854,0.0,26.0,0.005533,0.040882,1,1
3193,3.0,23.285714285714285,50.142857142857146,7.0,26.0,0.098678,0.072725,1,1
3194,2.0,44.285714285714285,46.285714285714285,1.0,26.0,0.008461,0.052213,1,0
3195,2.0,40.285714285714285,41.857142857142854,1.0,26.0,0.063533,0.00659,1,1
3196,0.0,0.0,45.285714285714285,0.0,26.0,0.001504,0.049023,1,1
3197,0.0,0.0,51.285714285714285,0.0,26.0,0.00722,0.082197,1,1
3198,1.0,0.2857142857142857,47.0,0.0,26.0,0.063381,0.436342,0,0
3199,0.0,0.0,51.57142857142857,0.0,26.0,0.039469,0.061997,1,1
3200,2.0,3.7142857142857144,46.285714285714285,0.0,26.0,0.216483,0.469657,0,0
3201,0.0,0.0,41.714285714285715,0.0,26.0,0.026386,0.212616,1,1
3202,2.0,1.4285714285714286,46.57142857142857,0.0,26.0,0.271376,0.099844,0,0
3203,1.0,17.0,51.714285714285715,0.0,26.0,0.024745,0.159666,0,0
3204,8.0,40.42857142857143,42.42857142857143,2.0,26.0,0.145894,0.108564,1,1
3205,0.0,0.0,42.57142857142857,0.0,26.0,0.011917,0.442153,1,1
3206,0.0,0.0,50.714285714285715,1.0,26.0,0.006709,0.188163,1,1
3207,3.0,28.142857142857142,40.714285714285715,0.0,26.0,0.037079,0.182949,1,1
3208,6.0,30.857142857142858,48.857142857142854,5.0,26.0,0.118553,0.021274,1,1
3209,13.0,41.0,44.857142857142854,2.0,26.0,0.248716,0.022116,1,1
3210,0.0,0.0,50.0,1.0,26.0,0.054225,0.036663,1,1
3211,2.0,1.4285714285714286,45.714285714285715,0.0,26.0,0.303289,0.171667,0,0
3212,1.0,17.285714285714285,45.57142857142857,0.0,26.0,0.002539,0.005712,1,1
3213,2.0,24.714285714285715,50.42857142857143,1.0,26.0,0.021852,0.022487,1,1
3214,0.0,0.0,45.57142857142857,0.0,26.0,0.039523,0.158076,1,1
3215,5.0,34.285714285714285,44.142857142857146,5.0,26.0,0.194572,0.134078,1,1
3216,0.0,0.0,43.142857142857146,0.0,26.0,0.004921,0.374585,1,1
3217,2.0,19.857142857142858,44.285714285714285,0.0,26.0,0.024872,0.188021,1,1
3218,1.0,0.42857142857142855,43.857142857142854,0.0,26.0,0.09053,0.601387,0,0
3219,0.0,0.0,42.714285714285715,0.0,26.0,9e-06,0.13684,1,1
3220,5.0,40.42857142857143,41.285714285714285,2.0,26.0,0.054609,0.02909,1,1
3221,2.0,12.714285714285714,51.57142857142857,0.0,26.0,0.26912,0.333543,0,0
3222,1.0,0.14285714285714285,51.57142857142857,0.0,26.0,0.261711,0.586912,0,0
3223,3.0,18.428571428571427,40.42857142857143,2.0,26.0,0.069331,0.137037,1,1
3224,9.0,43.42857142857143,46.857142857142854,1.0,26.0,0.06733,0.028302,1,1
3225,1.0,2.7142857142857144,51.42857142857143,0.0,26.0,0.26616,0.269082,0,0
3226,3.0,34.0,48.142857142857146,0.0,26.0,0.013092,0.250559,0,0
3227,1.0,5.857142857142857,40.42857142857143,0.0,26.0,0.154586,0.273779,0,0
3228,0.0,0.0,47.142857142857146,0.0,26.0,0.005307,0.042883,1,1
3229,0.0,0.0,48.142857142857146,0.0,26.0,0.022013,0.059602,1,1
3230,1.0,1.4285714285714286,44.0,0.0,26.0,0.06858,0.211459,0,0
3231,1.0,1.5714285714285714,43.857142857142854,0.0,26.0,0.169567,0.036722,0,0
3232,3.0,13.142857142857142,47.285714285714285,0.0,26.0,0.06487,0.539427,0,0
3233,1.0,3.4285714285714284,41.42857142857143,0.0,26.0,0.008113,0.49912,0,0
3234,0.0,0.0,41.857142857142854,0.0,26.0,0.011643,0.590054,1,1
3235,1.0,24.0,49.285714285714285,0.0,26.0,0.035323,0.526518,0,0
3236,0.0,0.0,47.285714285714285,0.0,26.0,0.00047,0.002489,1,1
3237,1.0,15.428571428571429,40.714285714285715,0.0,26.0,0.043492,0.62749,0,0
3238,3.0,8.142857142857142,51.42857142857143,0.0,26.0,0.110885,0.230261,0,0
3239,0.0,0.0,47.0,0.0,26.0,0.006337,0.281094,1,1
3240,1.0,4.0,49.57142857142857,0.0,26.0,0.148413,0.208556,0,0
3241,0.0,0.0,45.714285714285715,1.0,26.0,0.007124,0.010995,1,1
3242,1.0,11.857142857142858,47.285714285714285,0.0,26.0,0.012514,0.147355,1,1
3243,2.0,40.57142857142857,44.142857142857146,1.0,26.0,0.039366,0.089685,1,1
3244,0.0,0.0,45.142857142857146,1.0,26.0,0.009156,0.178611,1,1
3245,1.0,6.428571428571429,40.285714285714285,0.0,26.0,0.015008,0.209616,1,1
3246,9.0,41.0,47.285714285714285,7.0,26.0,0.143638,0.016127,1,1
3247,2.0,13.857142857142858,46.285714285714285,2.0,26.0,0.072628,0.076454,1,1
3248,1.0,5.142857142857143,46.57142857142857,1.0,26.0,0.030988,0.079855,1,1
3249,1.0,8.571428571428571,51.42857142857143,0.0,26.0,0.046353,0.493799,0,0
3250,3.0,4.857142857142857,44.714285714285715,0.0,26.0,0.114312,0.082939,0,0
3251,13.0,21.428571428571427,41.142857142857146,0.0,26.0,0.313751,0.048882,0,0
3252,3.0,26.0,47.857142857142854,0.0,26.0,0.349764,0.283122,0,0
3253,4.0,48.714285714285715,50.57142857142857,0.0,26.0,0.039373,0.255282,0,0
3254,0.0,0.0,41.142857142857146,0.0,26.0,0.069862,0.045959,1,1
3255,0.0,0.0,42.42857142857143,0.0,26.0,0.021411,0.365289,1,1
3256,0.0,0.0,43.42857142857143,1.0,26.0,0.000353,0.365471,1,1
3257,2.0,20.285714285714285,49.42857142857143,2.0,26.0,0.038108,0.012258,1,1
3258,0.0,0.0,49.0,0.0,26.0,0.013433,0.169187,1,1
3259,1.0,1.2857142857142858,45.285714285714285,0.0,26.0,0.140698,0.639494,0,0
3260,0.0,0.0,51.42857142857143,0.0,26.0,0.005369,0.495568,1,1
3261,0.0,0.0,45.57142857142857,0.0,26.0,0.006683,0.128307,1,1
3262,1.0,7.857142857142857,48.285714285714285,0.0,26.0,0.031035,0.350289,0,0
3263,7.0,46.0,48.142857142857146,7.0,26.0,0.14699,0.031495,1,1
3264,2.0,0.8571428571428571,50.42857142857143,0.0,26.0,0.574313,0.25521,0,0
3265,0.0,0.0,48.0,0.0,26.0,0.26658,0.066225,0,0
3266,1.0,5.0,41.714285714285715,0.0,26.0,0.142584,0.12777,0,0
3267,13.0,41.57142857142857,46.857142857142854,2.0,26.0,0.202601,0.058841,1,1
3268,1.0,1.1428571428571428,41.42857142857143,0.0,26.0,0.398275,0.372608,0,0
3269,5.0,46.285714285714285,51.42857142857143,0.0,26.0,0.081135,0.13119,0,0
3270,1.0,25.857142857142858,47.285714285714285,0.0,26.0,0.057488,0.504508,0,0
3271,1.0,10.857142857142858,48.714285714285715,0.0,26.0,0.058745,0.556798,0,0
3272,0.0,0.0,41.42857142857143,0.0,26.0,0.000414,0.430604,1,1
3273,0.0,0.0,49.714285714285715,0.0,26.0,3.2e-05,0.008649,1,1
3274,3.0,29.428571428571427,46.0,3.0,26.0,0.046241,0.236345,1,0
3275,1.0,10.714285714285714,44.285714285714285,0.0,26.0,0.098174,0.310893,0,0
3276,1.0,4.285714285714286,45.714285714285715,0.0,26.0,0.29711,0.439609,0,0
3277,14.0,30.0,41.142857142857146,0.0,26.0,0.404228,0.120842,0,0
3278,6.0,16.142857142857142,47.714285714285715,0.0,26.0,0.243632,0.234262,0,0
3279,2.0,39.57142857142857,40.142857142857146,0.0,26.0,0.069593,0.110861,1,1
3280,0.0,0.0,40.714285714285715,0.0,26.0,0.003187,0.355126,1,1
3281,3.0,17.0,40.0,0.0,26.0,0.105434,0.247924,0,0
3282,0.0,0.0,50.857142857142854,0.0,26.0,0.009836,0.151973,1,1
3283,2.0,3.857142857142857,50.0,0.0,26.0,0.260449,0.255269,0,0
3284,5.0,36.142857142857146,42.714285714285715,0.0,26.0,0.124723,0.179705,0,0
3285,0.0,0.0,51.857142857142854,0.0,26.0,0.001099,0.408079,1,1
3286,1.0,1.5714285714285714,51.142857142857146,0.0,26.0,0.164027,0.886871,0,0
3287,5.0,35.57142857142857,48.714285714285715,0.0,26.0,0.091928,0.388224,1,1
3288,0.0,0.0,48.0,0.0,26.0,0.003614,0.116091,1,1
3289,1.0,34.0,42.42857142857143,2.0,26.0,0.09669,0.255752,1,1
3290,4.0,25.142857142857142,47.57142857142857,0.0,26.0,0.037722,0.395287,0,0
3291,2.0,14.428571428571429,44.857142857142854,2.0,26.0,0.066667,0.075642,1,0
3292,0.0,0.0,40.57142857142857,1.0,26.0,0.006753,0.39448,1,0
3293,4.0,42.285714285714285,43.857142857142854,4.0,26.0,0.090407,0.000496,1,1
3294,1.0,4.857142857142857,47.857142857142854,0.0,26.0,0.020131,0.383081,0,0
3295,6.0,14.0,42.42857142857143,0.0,26.0,0.227565,0.281864,0,0
3296,1.0,5.857142857142857,46.142857142857146,0.0,26.0,0.027951,0.190728,1,1
3297,0.0,0.0,44.285714285714285,0.0,26.0,0.003568,0.10189,1,1
3298,0.0,0.0,49.142857142857146,0.0,26.0,0.003381,0.079585,1,1
3299,2.0,21.285714285714285,50.714285714285715,1.0,26.0,0.031957,0.076605,1,0
3300,1.0,20.0,41.285714285714285,1.0,26.0,0.092981,0.275456,1,0
3301,2.0,41.57142857142857,44.42857142857143,0.0,26.0,0.076748,0.284985,0,0
3302,2.0,49.0,49.0,2.0,26.0,0.091738,0.102572,1,1
3303,2.0,3.0,44.285714285714285,0.0,26.0,0.44867,0.13507,0,0
3304,1.0,7.428571428571429,51.0,1.0,26.0,0.031221,0.565822,1,0
3305,4.0,41.57142857142857,51.857142857142854,2.0,26.0,0.058384,0.104882,1,0
3306,0.0,0.0,44.857142857142854,0.0,26.0,0.000346,0.42266,1,1
3307,0.0,0.0,46.714285714285715,0.0,26.0,0.006539,0.175977,1,1
3308,5.0,38.0,47.42857142857143,3.0,26.0,0.063795,0.099653,1,1
3309,7.0,40.0,45.142857142857146,0.0,26.0,0.100051,0.094292,0,0
3310,0.0,0.0,45.857142857142854,1.0,26.0,0.028472,0.481805,1,1
3311,6.0,37.57142857142857,47.142857142857146,10.0,26.0,0.12922,0.026853,1,1
3312,0.0,0.0,49.42857142857143,1.0,26.0,0.005491,0.077023,1,0
3313,5.0,48.142857142857146,49.857142857142854,0.0,26.0,0.098983,0.169094,1,1
3314,0.0,0.0,44.142857142857146,0.0,26.0,0.00956,0.248757,1,1
3315,4.0,34.42857142857143,42.857142857142854,0.0,26.0,0.111239,0.049217,0,0
3316,15.0,28.142857142857142,45.714285714285715,0.0,26.0,0.409869,0.201293,0,0
3317,1.0,17.285714285714285,46.285714285714285,1.0,26.0,0.008131,0.18666,1,1
3318,0.0,0.0,51.57142857142857,0.0,26.0,0.008234,0.277084,1,1
3319,1.0,5.0,47.714285714285715,0.0,26.0,0.14274,0.333132,0,0
3320,1.0,36.0,44.714285714285715,0.0,26.0,0.034337,0.547857,0,0
3321,2.0,19.857142857142858,46.857142857142854,0.0,26.0,0.109628,0.26675,0,0
3322,2.0,16.142857142857142,45.714285714285715,1.0,26.0,0.03755,0.475583,1,1
3323,4.0,46.857142857142854,48.857142857142854,3.0,26.0,0.174981,0.223976,1,1
3324,3.0,5.857142857142857,43.42857142857143,0.0,26.0,0.215996,0.195018,0,0
3325,4.0,42.0,46.42857142857143,1.0,26.0,0.085271,0.083165,1,1
3326,2.0,42.857142857142854,51.0,2.0,26.0,0.038295,0.105796,1,1
3327,0.0,0.0,47.142857142857146,0.0,26.0,3.8e-05,0.642316,1,1
3328,2.0,40.857142857142854,48.857142857142854,0.0,26.0,0.029195,0.588756,1,1
3329,0.0,0.0,44.42857142857143,1.0,26.0,0.01367,0.216307,1,0
3330,0.0,0.0,43.857142857142854,0.0,26.0,0.02558,0.195007,1,1
3331,0.0,0.0,41.714285714285715,2.0,26.0,0.025932,0.113232,1,1
3332,0.0,0.0,43.57142857142857,0.0,26.0,0.004349,0.01591,1,1
3333,3.0,36.714285714285715,50.57142857142857,1.0,26.0,0.041004,0.282393,1,1
3334,3.0,15.428571428571429,43.57142857142857,0.0,26.0,0.228239,0.332109,0,0
3335,9.0,39.57142857142857,48.285714285714285,10.0,26.0,0.220485,0.001595,1,1
3336,1.0,13.571428571428571,45.714285714285715,0.0,26.0,0.033477,0.376041,0,0
3337,4.0,33.285714285714285,49.285714285714285,0.0,26.0,0.143558,0.301003,0,0
3338,5.0,11.142857142857142,40.285714285714285,0.0,26.0,0.545481,0.156492,0,0
3339,3.0,13.857142857142858,46.285714285714285,1.0,26.0,0.065286,0.018613,1,1
3340,0.0,0.0,43.42857142857143,0.0,26.0,0.024431,0.108609,1,1
3341,2.0,14.428571428571429,42.714285714285715,3.0,26.0,0.085545,0.002209,1,1
3342,10.0,29.428571428571427,42.0,8.0,26.0,0.206479,0.044394,1,1
3343,0.0,0.0,47.857142857142854,0.0,26.0,0.001348,0.303977,1,1
3344,0.0,0.0,49.0,0.0,26.0,0.006268,0.236468,1,1
3345,5.0,20.714285714285715,49.42857142857143,0.0,26.0,0.267263,0.141138,0,0
3346,0.0,0.0,41.0,0.0,26.0,0.010731,0.013232,1,1
3347,6.0,40.0,43.285714285714285,5.0,26.0,0.121759,0.217797,1,1
3348,1.0,11.857142857142858,51.714285714285715,0.0,26.0,0.033525,0.159599,0,0
3349,0.0,0.0,41.142857142857146,0.0,26.0,0.024582,0.076993,1,1
3350,0.0,0.0,44.42857142857143,0.0,26.0,1e-05,0.098763,1,1
3351,1.0,5.0,47.142857142857146,0.0,26.0,0.104648,0.424079,0,0
3352,1.0,10.142857142857142,50.857142857142854,0.0,26.0,0.0492,0.052126,0,0
3353,6.0,35.857142857142854,51.57142857142857,2.0,26.0,0.080008,0.131002,1,1
3354,2.0,8.285714285714286,49.142857142857146,0.0,26.0,0.144316,0.422746,0,0
3355,3.0,29.857142857142858,50.285714285714285,0.0,26.0,0.100223,0.296663,0,0
3356,7.0,37.714285714285715,42.0,0.0,26.0,0.202358,0.29436,0,0
3357,6.0,7.142857142857143,45.0,0.0,26.0,0.675766,0.031189,0,0
3358,4.0,16.571428571428573,41.714285714285715,0.0,26.0,0.299256,0.134469,0,0
3359,1.0,25.285714285714285,42.857142857142854,0.0,26.0,0.033712,0.357199,1,1
3360,3.0,5.142857142857143,42.142857142857146,0.0,26.0,0.299561,0.318304,0,0
3361,7.0,30.285714285714285,48.0,6.0,26.0,0.111193,0.021475,1,1
3362,1.0,16.285714285714285,41.42857142857143,0.0,26.0,0.189063,0.449388,0,0
3363,1.0,2.142857142857143,45.857142857142854,0.0,26.0,0.212736,0.736781,0,0
3364,4.0,32.42857142857143,46.857142857142854,1.0,26.0,0.046225,0.048531,1,1
3365,4.0,51.0,51.0,0.0,26.0,0.031436,0.669346,1,1
3366,3.0,29.714285714285715,48.857142857142854,0.0,26.0,0.145455,0.398886,0,0
3367,6.0,33.42857142857143,43.285714285714285,0.0,26.0,0.069024,0.009577,1,1
3368,0.0,0.0,50.0,0.0,26.0,0.000436,0.539168,1,1
3369,5.0,47.0,48.142857142857146,0.0,26.0,0.159909,0.172216,0,0
3370,0.0,0.0,46.57142857142857,2.0,26.0,0.014797,0.464481,1,1
3371,4.0,46.42857142857143,48.285714285714285,0.0,26.0,0.082497,0.174784,0,0
3372,6.0,39.142857142857146,44.57142857142857,2.0,26.0,0.161328,0.074696,1,1
3373,0.0,0.0,44.42857142857143,0.0,26.0,0.004322,0.050793,1,1
3374,0.0,0.0,42.42857142857143,0.0,26.0,0.013523,0.344107,1,1
3375,8.0,48.142857142857146,49.714285714285715,1.0,26.0,0.142277,0.090839,1,1
3376,2.0,25.857142857142858,44.857142857142854,1.0,26.0,0.048396,0.001184,1,1
3377,1.0,2.857142857142857,51.714285714285715,1.0,26.0,0.038992,0.130075,1,1
3378,0.0,0.0,43.142857142857146,0.0,26.0,0.004406,0.073606,1,1
3379,3.0,12.857142857142858,45.0,0.0,26.0,0.313142,0.127818,0,0
3380,1.0,46.285714285714285,51.0,0.0,26.0,0.050085,0.330207,1,1
3381,3.0,29.857142857142858,48.57142857142857,0.0,26.0,0.094239,0.392995,0,0
3382,8.0,36.142857142857146,50.57142857142857,0.0,26.0,0.243381,0.22924,0,0
3383,2.0,44.142857142857146,44.142857142857146,0.0,26.0,0.015733,0.314139,0,0
3384,0.0,0.0,47.714285714285715,0.0,26.0,0.005222,0.044358,1,1
3385,0.0,0.0,49.142857142857146,0.0,26.0,0.002386,0.170574,1,1
3386,1.0,2.857142857142857,49.142857142857146,0.0,26.0,0.117768,0.609325,0,0
3387,1.0,21.142857142857142,45.42857142857143,0.0,26.0,0.021391,0.453575,0,0
3388,2.0,12.428571428571429,41.142857142857146,0.0,26.0,0.123226,0.222275,0,0
3389,20.0,41.142857142857146,41.42857142857143,9.0,26.0,0.345197,0.018746,1,1
3390,13.0,29.142857142857142,51.714285714285715,0.0,26.0,0.607498,0.108104,0,0
3391,1.0,9.857142857142858,47.42857142857143,0.0,26.0,0.048288,0.573493,0,0
3392,2.0,18.571428571428573,50.285714285714285,0.0,26.0,0.07425,0.229417,0,0
3393,1.0,28.857142857142858,49.857142857142854,2.0,26.0,0.110579,0.001647,1,1
3394,3.0,40.42857142857143,40.857142857142854,0.0,26.0,0.033777,0.122235,1,1
3395,1.0,5.142857142857143,46.285714285714285,0.0,26.0,0.025758,0.827892,0,0
3396,3.0,43.285714285714285,47.57142857142857,2.0,26.0,0.018989,0.187241,1,1
3397,9.0,32.285714285714285,40.285714285714285,0.0,26.0,0.209277,0.091614,0,0
3398,12.0,36.57142857142857,46.857142857142854,0.0,26.0,0.217402,0.03013,0,0
3399,1.0,4.571428571428571,47.57142857142857,0.0,26.0,0.018076,0.326728,0,0
3400,1.0,32.714285714285715,45.57142857142857,0.0,26.0,0.018495,0.745145,0,0
3401,0.0,0.0,43.142857142857146,1.0,26.0,0.037102,0.067581,1,1
3402,1.0,21.0,45.714285714285715,0.0,26.0,0.093455,0.328029,0,0
3403,4.0,44.285714285714285,46.857142857142854,6.0,26.0,0.165624,0.024737,1,1
3404,0.0,0.0,50.714285714285715,0.0,26.0,0.069002,0.207266,1,1
3405,8.0,45.0,48.857142857142854,3.0,26.0,0.088194,0.009233,1,1
3406,1.0,38.142857142857146,45.285714285714285,0.0,26.0,0.019569,0.239328,1,1
3407,2.0,13.428571428571429,43.285714285714285,0.0,26.0,0.079133,0.136095,0,0
3408,0.0,0.0,43.714285714285715,0.0,26.0,0.001435,0.395741,1,1
3409,0.0,0.0,51.57142857142857,0.0,26.0,0.009424,0.049025,1,1
3410,1.0,21.285714285714285,47.42857142857143,1.0,26.0,0.040363,0.355606,1,0
3411,24.0,42.857142857142854,46.857142857142854,14.0,26.0,0.533288,0.032664,1,1
3412,1.0,14.857142857142858,44.285714285714285,0.0,26.0,0.012752,0.059624,1,1
3413,0.0,0.0,42.42857142857143,0.0,26.0,0.009658,0.116714,1,1
3414,4.0,39.857142857142854,45.57142857142857,0.0,26.0,0.113747,0.137708,0,0
3415,3.0,36.285714285714285,41.57142857142857,0.0,26.0,0.101563,0.126789,0,0
3416,2.0,28.142857142857142,50.714285714285715,0.0,26.0,0.006682,0.173519,1,1
3417,0.0,0.0,43.714285714285715,2.0,26.0,0.075971,0.041117,1,1
3418,6.0,12.857142857142858,44.0,0.0,26.0,0.14659,0.467336,0,0
3419,2.0,14.428571428571429,44.714285714285715,7.0,26.0,0.109951,0.012798,1,1
3420,3.0,6.714285714285714,48.285714285714285,0.0,26.0,0.533161,0.3739,0,0
3421,8.0,46.0,51.0,5.0,26.0,0.212878,0.032627,1,0
3422,7.0,39.142857142857146,48.714285714285715,5.0,26.0,0.113329,0.0135,1,1
3423,11.0,35.857142857142854,40.285714285714285,2.0,26.0,0.169002,0.034578,1,1
3424,0.0,0.0,44.42857142857143,0.0,26.0,0.014842,0.225787,1,1
3425,0.0,0.0,41.57142857142857,0.0,26.0,0.010051,0.073257,1,1
3426,0.0,0.0,49.42857142857143,1.0,26.0,0.005342,0.023382,1,1
3427,2.0,3.7142857142857144,43.714285714285715,0.0,26.0,0.056519,0.426201,0,0
3428,0.0,0.0,46.57142857142857,0.0,26.0,0.012685,0.096746,1,1
3429,0.0,0.0,46.142857142857146,1.0,26.0,0.006301,0.242078,1,0
3430,2.0,34.714285714285715,44.57142857142857,0.0,26.0,0.081146,0.488558,0,0
3431,3.0,22.285714285714285,42.857142857142854,2.0,26.0,0.033934,0.029309,1,1
3432,4.0,34.857142857142854,45.42857142857143,0.0,26.0,0.023761,0.219583,1,1
3433,0.0,0.0,46.57142857142857,1.0,26.0,0.003811,0.152567,1,1
3434,0.0,0.0,46.0,0.0,26.0,0.000367,0.047005,1,1
3435,1.0,32.42857142857143,46.0,0.0,26.0,0.01745,0.029656,0,0
3436,1.0,40.142857142857146,41.142857142857146,2.0,26.0,0.061269,0.026601,1,1
3437,3.0,12.571428571428571,41.42857142857143,0.0,26.0,0.096048,0.247952,0,0
3438,1.0,0.5714285714285714,51.857142857142854,0.0,26.0,0.149192,0.834912,0,0
3439,7.0,22.428571428571427,48.57142857142857,0.0,26.0,0.108605,0.007477,0,0
3440,1.0,23.714285714285715,46.57142857142857,2.0,26.0,0.040883,0.256708,1,1
3441,0.0,0.0,51.57142857142857,0.0,26.0,6e-05,0.007385,1,1
3442,2.0,40.142857142857146,41.714285714285715,5.0,26.0,0.059264,0.264405,1,1
3443,4.0,12.285714285714286,47.285714285714285,0.0,26.0,0.128344,0.240886,0,0
3444,1.0,15.857142857142858,51.285714285714285,0.0,26.0,0.057124,0.360243,0,0
3445,0.0,0.0,45.57142857142857,0.0,26.0,0.001837,0.368994,1,1
3446,6.0,43.857142857142854,51.0,2.0,26.0,0.144611,0.077817,1,1
3447,5.0,38.142857142857146,40.42857142857143,2.0,26.0,0.140864,0.14486,1,0
3448,2.0,37.57142857142857,44.857142857142854,1.0,26.0,0.063334,0.014913,1,1
3449,1.0,46.0,46.857142857142854,0.0,26.0,0.03645,0.008071,1,1
3450,3.0,31.428571428571427,47.57142857142857,0.0,26.0,0.039508,0.488419,0,0
3451,1.0,22.428571428571427,45.142857142857146,0.0,26.0,0.065956,0.675036,0,0
3452,2.0,44.57142857142857,50.142857142857146,0.0,26.0,0.024324,0.010484,1,1
3453,2.0,40.42857142857143,43.142857142857146,3.0,26.0,0.062425,0.207041,1,1
3454,0.0,0.0,45.714285714285715,0.0,26.0,0.029565,0.143516,1,1
3455,1.0,7.0,41.57142857142857,5.0,26.0,0.078629,0.118241,1,0
3456,0.0,0.0,45.57142857142857,1.0,26.0,0.014877,0.129999,1,1
3457,13.0,41.57142857142857,42.142857142857146,8.0,26.0,0.335569,0.013907,1,1
3458,0.0,0.0,42.285714285714285,0.0,26.0,0.00991,0.202785,1,1
3459,1.0,11.0,41.857142857142854,0.0,26.0,0.121151,0.351866,0,0
3460,4.0,36.0,40.142857142857146,0.0,26.0,0.129834,0.131696,0,0
3461,4.0,13.285714285714286,49.42857142857143,0.0,26.0,0.121812,0.191157,0,0
3462,0.0,0.0,45.42857142857143,0.0,26.0,0.010453,0.092191,1,1
3463,1.0,42.57142857142857,47.285714285714285,0.0,26.0,0.011307,0.030128,1,1
3464,4.0,24.285714285714285,41.57142857142857,0.0,26.0,0.093457,0.019434,0,0
3465,3.0,1.8571428571428572,42.857142857142854,0.0,26.0,0.201995,0.021881,0,0
3466,4.0,48.142857142857146,49.142857142857146,2.0,26.0,0.074082,0.039737,1,1
3467,5.0,32.142857142857146,47.285714285714285,2.0,26.0,0.118751,0.03753,1,1
3468,0.0,0.0,47.57142857142857,1.0,26.0,0.002448,0.390362,1,0
3469,0.0,0.0,50.285714285714285,0.0,26.0,0.020872,0.014533,1,1
3470,0.0,0.0,50.714285714285715,0.0,26.0,0.002802,0.462107,1,1
3471,0.0,0.0,40.714285714285715,1.0,26.0,0.043317,0.302308,1,1
3472,5.0,42.142857142857146,42.714285714285715,2.0,26.0,0.152616,0.009455,1,1
3473,8.0,36.714285714285715,50.57142857142857,1.0,26.0,0.132858,0.063901,1,0
3474,0.0,0.0,43.285714285714285,0.0,26.0,0.00549,0.436242,1,1
3475,4.0,15.0,40.714285714285715,0.0,26.0,0.198702,0.242741,0,0
3476,0.0,0.0,44.42857142857143,0.0,26.0,0.000295,0.009478,1,1
3477,8.0,38.57142857142857,44.714285714285715,0.0,26.0,0.133887,0.19714,0,0
3478,5.0,27.571428571428573,51.714285714285715,0.0,26.0,0.248292,0.067418,0,0
3479,0.0,0.0,50.42857142857143,1.0,26.0,0.005449,0.156686,1,1
3480,8.0,44.142857142857146,50.285714285714285,4.0,26.0,0.141007,0.032189,1,1
3481,4.0,21.714285714285715,47.0,3.0,26.0,0.100257,0.114399,1,1
3482,1.0,0.8571428571428571,44.142857142857146,0.0,26.0,0.122919,0.168366,0,0
3483,0.0,0.0,51.42857142857143,0.0,26.0,0.008762,0.487385,1,1
3484,3.0,21.857142857142858,44.142857142857146,0.0,26.0,0.074787,0.226822,0,0
3485,0.0,0.0,51.285714285714285,0.0,26.0,0.042072,0.342701,1,1
3486,2.0,18.285714285714285,41.0,3.0,26.0,0.093268,0.023144,1,1
3487,0.0,0.0,48.714285714285715,0.0,26.0,0.009306,0.053757,1,1
3488,0.0,0.0,43.42857142857143,0.0,26.0,0.019838,0.185442,1,1
3489,0.0,0.0,44.142857142857146,0.0,26.0,0.01208,0.236111,1,1
3490,1.0,3.857142857142857,44.285714285714285,0.0,26.0,0.006845,0.002953,1,1
3491,2.0,43.42857142857143,50.714285714285715,0.0,26.0,0.066024,0.505228,0,0
3492,8.0,37.714285714285715,45.42857142857143,3.0,26.0,0.179087,0.011627,1,1
3493,7.0,42.42857142857143,44.0,6.0,26.0,0.205287,0.182196,1,1
3494,3.0,5.0,51.0,0.0,26.0,0.299327,0.386961,0,0
3495,1.0,44.0,44.857142857142854,0.0,26.0,0.080739,0.608441,0,0
3496,2.0,1.4285714285714286,42.142857142857146,0.0,26.0,0.340587,0.532394,0,0
3497,7.0,37.0,43.57142857142857,1.0,26.0,0.059946,0.024102,1,1
3498,0.0,0.0,49.857142857142854,0.0,26.0,0.005717,0.136483,1,1
3499,1.0,6.571428571428571,49.142857142857146,0.0,26.0,0.009198,0.000663,1,1
3500,0.0,0.0,44.0,0.0,26.0,0.027006,0.08436,1,1
3501,1.0,12.285714285714286,45.285714285714285,0.0,26.0,0.020545,0.0034,1,1
3502,2.0,15.285714285714286,42.285714285714285,0.0,26.0,0.424519,0.534562,0,0
3503,1.0,31.285714285714285,42.285714285714285,1.0,26.0,0.014552,0.414742,1,1
3504,18.0,50.285714285714285,50.857142857142854,8.0,26.0,0.31182,0.005236,1,1
3505,1.0,42.0,46.57142857142857,0.0,26.0,0.033615,0.051246,1,1
3506,9.0,30.142857142857142,43.42857142857143,0.0,26.0,0.305718,0.1934,0,0
3507,3.0,36.0,49.142857142857146,0.0,26.0,0.109268,0.25083,0,0
3508,1.0,11.0,41.142857142857146,1.0,26.0,0.066704,0.212219,1,0
3509,15.0,25.714285714285715,41.142857142857146,0.0,26.0,0.620276,0.067942,0,0
3510,11.0,42.142857142857146,44.0,5.0,26.0,0.262743,0.097311,1,1
3511,4.0,42.285714285714285,46.0,2.0,26.0,0.039072,0.011238,1,1
3512,3.0,35.857142857142854,44.142857142857146,4.0,26.0,0.132747,0.150867,1,0
3513,0.0,0.0,48.857142857142854,0.0,26.0,0.026051,0.17509,1,1
3514,0.0,0.0,44.57142857142857,2.0,26.0,0.026898,0.092373,1,1
3515,6.0,37.42857142857143,48.57142857142857,1.0,26.0,0.076339,0.076768,1,1
3516,0.0,0.0,50.42857142857143,1.0,26.0,0.022322,0.419698,1,1
3517,1.0,21.857142857142858,48.0,0.0,26.0,0.009562,0.107738,1,1
3518,11.0,39.57142857142857,42.0,5.0,26.0,0.286709,0.009724,1,1
3519,0.0,0.0,51.714285714285715,1.0,26.0,0.002237,0.018938,1,1
3520,0.0,0.0,44.142857142857146,0.0,26.0,0.000318,0.247775,1,1
3521,2.0,17.285714285714285,45.0,0.0,26.0,0.051625,0.091255,1,1
3522,6.0,29.0,42.285714285714285,0.0,26.0,0.038272,0.254187,1,1
3523,2.0,34.285714285714285,45.142857142857146,0.0,26.0,0.080908,0.053019,0,0
3524,1.0,1.1428571428571428,42.0,0.0,26.0,0.135131,0.374166,0,0
3525,1.0,25.714285714285715,42.857142857142854,0.0,26.0,0.032351,0.017034,1,1
3526,1.0,31.142857142857142,47.285714285714285,1.0,26.0,0.050554,0.009717,1,1
3527,2.0,31.571428571428573,42.857142857142854,1.0,26.0,0.016201,0.044007,1,1
3528,1.0,2.142857142857143,46.857142857142854,0.0,26.0,0.314786,0.171054,0,0
3529,2.0,13.428571428571429,43.57142857142857,0.0,26.0,0.007079,0.105838,1,1
3530,2.0,14.714285714285714,41.857142857142854,0.0,26.0,0.060273,0.428558,0,0
3531,0.0,0.0,46.42857142857143,1.0,26.0,0.061842,0.226489,1,0
3532,2.0,33.142857142857146,50.57142857142857,2.0,26.0,0.060221,0.023015,1,1
3533,2.0,4.714285714285714,43.714285714285715,0.0,26.0,0.159483,0.145185,0,0
3534,1.0,38.857142857142854,48.57142857142857,0.0,26.0,0.01489,0.135034,1,1
3535,1.0,4.714285714285714,44.57142857142857,0.0,26.0,0.159441,0.540923,0,0
3536,0.0,0.0,43.142857142857146,0.0,26.0,0.000487,0.320369,1,1
3537,0.0,0.0,42.285714285714285,0.0,26.0,0.016159,0.186843,1,1
3538,2.0,19.571428571428573,43.857142857142854,1.0,26.0,0.056524,0.168819,1,1
3539,2.0,33.142857142857146,45.714285714285715,3.0,26.0,0.066702,0.314625,1,1
3540,3.0,41.857142857142854,42.57142857142857,0.0,26.0,0.073627,0.08157,0,0
3541,1.0,13.285714285714286,48.42857142857143,0.0,26.0,0.117308,0.290356,0,0
3542,2.0,14.428571428571429,41.42857142857143,0.0,26.0,0.052224,0.265202,0,0
3543,3.0,47.0,48.142857142857146,0.0,26.0,0.058162,0.245558,1,1
3544,0.0,0.0,42.714285714285715,0.0,26.0,0.006834,0.280882,1,1
3545,7.0,48.142857142857146,51.714285714285715,3.0,26.0,0.108566,0.085861,1,1
3546,2.0,1.0,45.142857142857146,0.0,26.0,0.195036,0.336926,0,0
3547,3.0,13.285714285714286,44.0,0.0,26.0,0.183285,0.509279,0,0
3548,5.0,33.142857142857146,44.857142857142854,3.0,26.0,0.139044,0.009985,1,1
3549,4.0,40.57142857142857,47.142857142857146,0.0,26.0,0.057963,0.229279,1,1
3550,1.0,10.0,45.142857142857146,0.0,26.0,0.04467,0.510382,0,0
3551,0.0,0.0,48.57142857142857,0.0,26.0,0.001018,0.121825,1,1
3552,3.0,1.7142857142857142,48.0,0.0,26.0,0.192256,0.189452,0,0
3553,3.0,20.857142857142858,40.857142857142854,0.0,26.0,0.177148,0.161243,0,0
3554,1.0,3.7142857142857144,47.142857142857146,0.0,26.0,0.088741,0.654216,0,0
3555,0.0,0.0,46.857142857142854,0.0,26.0,0.001608,0.033667,1,1
3556,2.0,38.142857142857146,42.0,2.0,26.0,0.032234,0.076828,1,1
3557,6.0,50.285714285714285,51.0,3.0,26.0,0.221755,0.05333,1,0
3558,7.0,38.57142857142857,42.42857142857143,4.0,26.0,0.154204,0.000544,1,1
3559,3.0,31.285714285714285,44.42857142857143,2.0,26.0,0.031014,0.092071,1,1
3560,0.0,0.0,45.285714285714285,0.0,26.0,0.002023,0.080771,1,1
3561,0.0,0.0,51.857142857142854,0.0,26.0,0.001845,0.006912,1,1
3562,2.0,31.428571428571427,44.857142857142854,0.0,26.0,0.045506,0.044906,0,0
3563,4.0,39.142857142857146,45.0,0.0,26.0,0.056324,0.007361,1,1
3564,0.0,0.0,43.142857142857146,0.0,26.0,0.00232,0.021094,1,1
3565,1.0,2.7142857142857144,41.42857142857143,0.0,26.0,0.111944,0.238977,0,0
3566,2.0,32.857142857142854,51.42857142857143,0.0,26.0,0.018729,0.086183,1,1
3567,0.0,0.0,40.0,0.0,26.0,0.036951,0.429912,1,1
3568,0.0,0.0,47.285714285714285,1.0,26.0,0.019783,0.550522,1,1
3569,0.0,0.0,42.142857142857146,0.0,26.0,0.003772,0.131004,1,1
3570,1.0,16.857142857142858,41.714285714285715,0.0,26.0,0.079423,0.483343,0,0
3571,3.0,42.285714285714285,47.714285714285715,1.0,26.0,0.084908,0.248387,1,1
3572,1.0,1.5714285714285714,46.42857142857143,0.0,26.0,0.310155,0.313744,0,0
3573,6.0,42.57142857142857,49.714285714285715,2.0,26.0,0.070098,0.052451,1,1
3574,1.0,43.142857142857146,47.57142857142857,1.0,26.0,0.043169,0.089387,1,1
3575,1.0,33.57142857142857,41.42857142857143,0.0,26.0,0.003904,0.417178,1,1
3576,0.0,0.0,44.0,0.0,26.0,0.014281,0.564108,1,1
3577,2.0,29.428571428571427,47.0,0.0,26.0,0.026899,0.349208,0,0
3578,1.0,34.42857142857143,44.285714285714285,2.0,26.0,0.047266,0.479663,1,0
3579,1.0,8.0,51.0,0.0,26.0,0.170842,0.189737,0,0
3580,0.0,0.0,40.714285714285715,1.0,26.0,0.032271,0.427202,1,1
3581,8.0,39.0,44.714285714285715,4.0,26.0,0.263402,0.028883,1,1
3582,7.0,41.0,41.142857142857146,5.0,26.0,0.127738,0.132298,1,0
3583,0.0,0.0,46.714285714285715,0.0,26.0,0.0029,0.325584,1,1
3584,5.0,38.57142857142857,40.57142857142857,2.0,26.0,0.076741,0.061875,1,1
3585,0.0,0.0,47.57142857142857,0.0,26.0,0.000929,0.220866,1,1
3586,0.0,0.0,48.42857142857143,2.0,26.0,0.022443,0.223243,1,1
3587,0.0,0.0,48.714285714285715,0.0,26.0,0.003194,0.190289,1,1
3588,3.0,34.857142857142854,41.42857142857143,2.0,26.0,0.130222,0.070072,1,1
3589,1.0,35.285714285714285,43.0,1.0,26.0,0.008353,0.025198,1,1
3590,12.0,47.714285714285715,49.857142857142854,0.0,26.0,0.151866,0.106093,0,0
3591,17.0,39.57142857142857,43.285714285714285,1.0,26.0,0.335075,0.102491,1,0
3592,5.0,40.57142857142857,48.0,1.0,26.0,0.123873,0.140745,1,1
3593,2.0,20.0,47.714285714285715,0.0,26.0,0.196163,0.069102,0,0
3594,0.0,0.0,41.57142857142857,1.0,26.0,0.006457,0.08322,1,1
3595,0.0,0.0,46.285714285714285,1.0,26.0,0.022728,0.563384,1,0
3596,4.0,40.714285714285715,43.285714285714285,1.0,26.0,0.021701,0.054614,1,1
3597,1.0,12.571428571428571,48.857142857142854,0.0,26.0,0.216253,0.062738,0,0
3598,4.0,23.428571428571427,46.42857142857143,0.0,26.0,0.05016,0.274122,0,0
3599,0.0,0.0,50.142857142857146,0.0,26.0,0.007723,0.256648,1,1
3600,3.0,12.714285714285714,51.857142857142854,0.0,26.0,0.248394,0.266949,0,0
3601,1.0,7.428571428571429,51.857142857142854,0.0,26.0,0.030346,0.021141,1,1
3602,1.0,15.285714285714286,44.714285714285715,0.0,26.0,0.051941,0.527386,0,0
3603,2.0,12.142857142857142,45.285714285714285,0.0,26.0,0.169537,0.267452,0,0
3604,4.0,23.714285714285715,48.714285714285715,2.0,26.0,0.104075,0.108392,1,0
3605,1.0,35.57142857142857,47.142857142857146,1.0,26.0,0.036487,0.484699,1,1
3606,5.0,30.571428571428573,41.714285714285715,0.0,26.0,0.223534,0.106746,0,0
3607,0.0,0.0,47.857142857142854,0.0,26.0,0.000788,0.171145,1,1
3608,8.0,46.714285714285715,51.285714285714285,0.0,26.0,0.100327,0.061901,1,1
3609,0.0,0.0,48.42857142857143,0.0,26.0,0.008209,0.136503,1,1
3610,0.0,0.0,49.857142857142854,1.0,26.0,0.009819,0.013379,1,1
3611,1.0,19.285714285714285,43.285714285714285,1.0,26.0,0.025536,0.289412,1,0
3612,0.0,0.0,49.285714285714285,1.0,26.0,0.037285,0.041122,1,1
3613,6.0,32.285714285714285,46.857142857142854,2.0,26.0,0.166922,0.044987,1,1
3614,3.0,32.285714285714285,43.857142857142854,0.0,26.0,0.200702,0.334259,0,0
3615,3.0,30.285714285714285,46.285714285714285,2.0,26.0,0.018155,0.017632,1,1
3616,0.0,0.0,47.0,0.0,26.0,0.026832,0.038528,1,1
3617,0.0,0.0,40.142857142857146,1.0,26.0,0.001788,0.120055,1,1
3618,1.0,39.57142857142857,48.57142857142857,0.0,26.0,0.051507,0.146306,1,1
3619,0.0,0.0,41.714285714285715,0.0,26.0,0.003054,0.273857,1,1
3620,0.0,0.0,43.42857142857143,0.0,26.0,0.003769,0.012455,1,1
3621,3.0,36.285714285714285,51.714285714285715,2.0,26.0,0.05547,7e-05,1,1
3622,4.0,34.714285714285715,45.857142857142854,0.0,26.0,0.038235,0.006596,0,0
3623,0.0,0.0,40.42857142857143,0.0,26.0,0.008292,0.071624,1,1
3624,1.0,33.0,49.285714285714285,1.0,26.0,0.01907,0.043852,1,1
3625,2.0,40.142857142857146,41.142857142857146,1.0,26.0,0.086351,0.313135,1,0
3626,7.0,46.42857142857143,48.714285714285715,3.0,26.0,0.124113,0.061146,1,1
3627,4.0,26.428571428571427,44.714285714285715,0.0,26.0,0.135445,0.195978,0,0
3628,0.0,0.0,51.57142857142857,0.0,26.0,0.011429,0.160156,1,1
3629,4.0,30.714285714285715,42.285714285714285,0.0,26.0,0.111365,0.409032,0,0
3630,0.0,0.0,50.142857142857146,0.0,26.0,0.000949,0.033312,1,1
3631,1.0,41.714285714285715,50.857142857142854,0.0,26.0,0.035336,0.307852,0,0
3632,7.0,38.42857142857143,42.57142857142857,2.0,26.0,0.138554,0.004456,1,0
3633,1.0,2.5714285714285716,50.714285714285715,0.0,26.0,0.157769,0.269903,0,0
3634,1.0,15.428571428571429,51.714285714285715,0.0,26.0,0.029342,0.53609,0,0
3635,0.0,0.0,40.42857142857143,0.0,26.0,0.00365,0.203917,1,1
3636,2.0,35.285714285714285,43.42857142857143,1.0,26.0,0.056449,0.052226,1,0
3637,0.0,0.0,40.285714285714285,0.0,26.0,0.010701,0.019794,1,1
3638,5.0,41.857142857142854,45.57142857142857,3.0,26.0,0.133744,0.145241,1,1
3639,0.0,0.0,40.285714285714285,0.0,26.0,0.002377,0.147735,1,1
3640,2.0,11.714285714285714,45.142857142857146,1.0,26.0,0.072406,0.066545,1,1
3641,1.0,0.5714285714285714,48.57142857142857,0.0,26.0,0.01825,0.061341,1,1
3642,2.0,38.57142857142857,45.0,2.0,26.0,0.122791,0.02794,1,1
3643,1.0,25.142857142857142,42.42857142857143,0.0,26.0,0.032099,0.465082,0,0
3644,0.0,0.0,41.857142857142854,0.0,26.0,0.029009,0.042545,1,1
3645,0.0,0.0,45.142857142857146,0.0,26.0,0.00348,0.117646,1,1
3646,1.0,12.142857142857142,43.857142857142854,0.0,26.0,0.032223,0.698149,0,0
3647,6.0,43.0,45.714285714285715,1.0,26.0,0.229319,0.011099,1,0
3648,1.0,47.285714285714285,48.714285714285715,2.0,26.0,0.025329,0.079364,1,1
3649,7.0,48.0,48.57142857142857,0.0,26.0,0.141023,0.037849,1,1
3650,4.0,47.285714285714285,47.714285714285715,4.0,26.0,0.076752,0.133995,1,1
3651,1.0,4.571428571428571,46.285714285714285,0.0,26.0,0.788518,0.447027,0,0
3652,11.0,44.857142857142854,47.285714285714285,3.0,26.0,0.287679,0.091785,1,0
3653,1.0,18.428571428571427,51.57142857142857,4.0,26.0,0.083782,0.036888,1,1
3654,2.0,25.142857142857142,45.57142857142857,0.0,26.0,0.00258,0.360932,0,0
3655,1.0,5.714285714285714,41.57142857142857,0.0,26.0,0.029936,0.816217,0,0
3656,1.0,4.571428571428571,49.714285714285715,0.0,26.0,0.378725,0.183707,0,0
3657,1.0,11.857142857142858,49.857142857142854,0.0,26.0,0.135879,0.150321,0,0
3658,6.0,40.42857142857143,45.42857142857143,3.0,26.0,0.161059,0.015606,1,1
3659,1.0,26.0,47.285714285714285,0.0,26.0,0.010418,0.269816,1,1
3660,11.0,37.57142857142857,46.714285714285715,10.0,26.0,0.383951,0.08664,1,1
3661,2.0,49.857142857142854,49.857142857142854,2.0,26.0,0.032728,0.083682,1,1
3662,5.0,29.428571428571427,46.57142857142857,1.0,26.0,0.137531,0.446365,1,0
3663,1.0,1.1428571428571428,45.0,0.0,26.0,0.442266,0.738983,0,0
3664,1.0,5.142857142857143,43.0,0.0,26.0,0.060048,0.083257,0,0
3665,4.0,21.857142857142858,44.42857142857143,4.0,26.0,0.219662,0.148405,1,0
3666,9.0,38.714285714285715,40.42857142857143,6.0,26.0,0.195399,0.016998,1,1
3667,3.0,11.714285714285714,49.42857142857143,0.0,26.0,0.158037,0.353951,0,0
3668,15.0,35.57142857142857,40.57142857142857,0.0,26.0,0.397101,0.053437,0,0
3669,0.0,0.0,48.714285714285715,0.0,26.0,0.006916,0.591446,1,1
3670,2.0,37.857142857142854,50.57142857142857,0.0,26.0,0.076178,0.065664,0,0
3671,4.0,26.571428571428573,49.57142857142857,0.0,26.0,0.131686,0.208589,0,0
3672,1.0,6.142857142857143,41.0,0.0,26.0,0.169657,0.596264,0,0
3673,6.0,43.142857142857146,48.857142857142854,4.0,26.0,0.196657,0.120794,1,1
3674,2.0,31.428571428571427,51.0,0.0,26.0,0.148525,0.04235,0,0
3675,0.0,0.0,40.285714285714285,0.0,26.0,0.003803,0.418555,1,1
3676,4.0,39.0,45.142857142857146,2.0,26.0,0.072661,0.00892,1,1
3677,0.0,0.0,46.857142857142854,0.0,26.0,0.002132,0.094122,1,1
3678,0.0,0.0,48.42857142857143,2.0,26.0,0.015503,0.042989,1,0
3679,3.0,31.285714285714285,46.57142857142857,0.0,26.0,0.113288,0.257409,0,0
3680,3.0,12.142857142857142,42.285714285714285,0.0,26.0,0.485033,0.314022,0,0
3681,0.0,0.0,43.714285714285715,0.0,26.0,0.003348,0.159743,1,1
3682,1.0,23.0,48.142857142857146,1.0,26.0,0.035597,0.043268,1,0
3683,2.0,21.428571428571427,46.714285714285715,0.0,26.0,0.134753,0.302293,0,0
3684,3.0,36.142857142857146,49.57142857142857,0.0,26.0,0.016986,0.143567,0,0
3685,1.0,46.0,48.285714285714285,0.0,26.0,0.043574,0.080282,1,1
3686,0.0,0.0,50.42857142857143,1.0,26.0,0.0142,0.07105,1,1
3687,0.0,0.0,46.142857142857146,1.0,26.0,0.002865,0.2455,1,0
3688,0.0,0.0,42.142857142857146,2.0,26.0,0.005169,0.186432,1,1
3689,2.0,38.857142857142854,41.0,3.0,26.0,0.097263,0.043161,1,1
3690,1.0,36.57142857142857,40.857142857142854,0.0,26.0,0.021196,0.837892,0,0
3691,4.0,45.714285714285715,47.0,5.0,26.0,0.109639,0.011614,1,0
3692,1.0,30.428571428571427,40.285714285714285,1.0,26.0,0.035344,0.179346,1,1
3693,1.0,29.142857142857142,46.714285714285715,0.0,26.0,0.0088,0.25844,0,0
3694,4.0,6.571428571428571,41.857142857142854,0.0,26.0,0.290304,0.304442,0,0
3695,1.0,2.142857142857143,46.42857142857143,0.0,26.0,0.027739,0.13493,0,0
3696,1.0,3.2857142857142856,42.0,1.0,26.0,0.049722,0.231226,1,0
3697,1.0,35.42857142857143,40.0,0.0,26.0,0.001255,0.150401,0,0
3698,0.0,0.0,44.857142857142854,0.0,26.0,0.004421,0.320771,1,1
3699,0.0,0.0,40.857142857142854,0.0,26.0,0.004261,0.019463,1,1
3700,3.0,11.571428571428571,48.285714285714285,0.0,26.0,0.15286,0.295747,0,0
3701,0.0,0.0,51.857142857142854,0.0,26.0,0.00166,0.043303,1,1
3702,0.0,0.0,51.42857142857143,1.0,26.0,0.00971,0.201517,1,1
3703,0.0,0.0,44.857142857142854,0.0,26.0,0.013425,0.08025,1,1
3704,0.0,0.0,40.714285714285715,0.0,26.0,0.015234,0.150599,1,1
3705,2.0,45.42857142857143,47.714285714285715,0.0,26.0,0.012254,0.318147,0,0
3706,10.0,34.142857142857146,41.42857142857143,3.0,26.0,0.171646,0.036638,1,1
3707,0.0,0.0,48.857142857142854,0.0,26.0,0.024424,0.085611,1,1
3708,8.0,41.142857142857146,42.857142857142854,1.0,26.0,0.076371,0.00687,1,1
3709,0.0,0.0,40.0,0.0,26.0,0.00152,0.06295,1,1
3710,1.0,43.0,44.857142857142854,0.0,26.0,0.008198,0.749298,1,1
3711,0.0,0.0,40.142857142857146,0.0,26.0,0.01022,0.23568,1,1
3712,3.0,16.428571428571427,43.42857142857143,0.0,26.0,0.068203,0.41536,0,0
3713,1.0,0.5714285714285714,44.285714285714285,0.0,26.0,0.339787,0.169052,0,0
3714,1.0,9.0,46.42857142857143,0.0,26.0,0.003916,0.422247,1,1
3715,1.0,2.4285714285714284,47.42857142857143,0.0,26.0,0.254933,0.066505,0,0
3716,4.0,22.285714285714285,44.857142857142854,0.0,26.0,0.135181,0.377257,0,0
3717,1.0,16.142857142857142,46.0,0.0,26.0,0.25191,0.044244,0,0
3718,3.0,31.0,43.42857142857143,0.0,26.0,0.293579,0.203725,0,0
3719,5.0,30.428571428571427,47.142857142857146,0.0,26.0,0.032277,0.002793,1,1
3720,10.0,36.285714285714285,46.285714285714285,0.0,26.0,0.318663,0.122939,0,0
3721,3.0,43.714285714285715,48.0,2.0,26.0,0.106034,0.000222,1,1
3722,1.0,2.0,48.142857142857146,0.0,26.0,0.055516,0.095295,1,1
3723,3.0,33.285714285714285,43.42857142857143,1.0,26.0,0.053546,0.002113,1,1
3724,1.0,41.42857142857143,41.42857142857143,1.0,26.0,0.050019,0.260648,1,1
3725,2.0,27.142857142857142,45.714285714285715,2.0,26.0,0.058199,0.121296,1,0
3726,0.0,0.0,44.285714285714285,0.0,26.0,0.003153,0.164396,1,1
3727,0.0,0.0,47.285714285714285,0.0,26.0,0.00013,0.13509,1,1
3728,0.0,0.0,50.714285714285715,0.0,26.0,0.011373,0.103497,1,1
3729,0.0,0.0,51.714285714285715,0.0,26.0,0.001127,0.058737,1,1
3730,1.0,8.285714285714286,45.857142857142854,0.0,26.0,0.034743,0.019191,1,1
3731,3.0,39.0,47.0,0.0,26.0,0.035231,0.3698,1,1
3732,0.0,0.0,41.57142857142857,0.0,26.0,0.002189,0.525477,1,1
3733,3.0,33.0,51.0,2.0,26.0,0.031081,0.129618,1,1
3734,2.0,3.0,51.714285714285715,0.0,26.0,0.028633,0.145479,1,1
3735,4.0,39.714285714285715,45.42857142857143,0.0,26.0,0.140887,0.027533,0,0
3736,2.0,3.857142857142857,44.714285714285715,0.0,26.0,0.323014,0.390001,0,0
3737,13.0,47.0,48.142857142857146,5.0,26.0,0.228042,0.063342,1,1
3738,6.0,14.0,46.57142857142857,0.0,26.0,0.456255,0.136859,0,0
3739,1.0,18.285714285714285,42.714285714285715,0.0,26.0,0.08808,0.058491,1,1
3740,4.0,20.142857142857142,47.857142857142854,0.0,26.0,0.20988,0.060074,0,0
3741,0.0,0.0,42.857142857142854,0.0,26.0,0.001263,0.671592,1,1
3742,2.0,41.42857142857143,43.714285714285715,0.0,26.0,0.017453,0.154962,1,1
3743,0.0,0.0,41.0,2.0,26.0,0.040784,0.150208,1,1
3744,2.0,28.142857142857142,50.142857142857146,0.0,26.0,0.052068,0.022206,1,1
3745,2.0,4.285714285714286,47.714285714285715,0.0,26.0,0.144245,0.470924,0,0
3746,2.0,37.0,44.57142857142857,0.0,26.0,0.01286,0.015371,1,1
3747,1.0,1.2857142857142858,41.714285714285715,2.0,26.0,0.073625,2.2e-05,1,1
3748,10.0,49.0,49.57142857142857,6.0,26.0,0.199673,0.084676,1,0
3749,5.0,40.0,40.142857142857146,1.0,26.0,0.117131,0.161041,1,0
3750,2.0,50.142857142857146,50.857142857142854,0.0,26.0,0.036715,0.095362,0,0
3751,0.0,0.0,49.42857142857143,0.0,26.0,0.00066,0.078737,1,1
3752,1.0,19.571428571428573,45.0,0.0,26.0,0.025119,0.022525,1,1
3753,0.0,0.0,48.57142857142857,0.0,26.0,0.000747,0.010515,1,1
3754,3.0,46.142857142857146,47.0,0.0,26.0,0.020829,0.166332,0,0
3755,2.0,6.714285714285714,49.42857142857143,0.0,26.0,0.140273,0.288588,0,0
3756,4.0,23.428571428571427,46.857142857142854,0.0,26.0,0.245295,0.203988,0,0
3757,1.0,21.571428571428573,43.0,1.0,26.0,0.009634,0.063888,1,1
3758,0.0,0.0,51.285714285714285,2.0,26.0,0.015029,0.294944,1,1
3759,2.0,19.428571428571427,41.857142857142854,0.0,26.0,0.129131,0.028502,0,0
3760,1.0,6.714285714285714,49.57142857142857,0.0,26.0,0.058164,0.085225,0,0
3761,2.0,26.571428571428573,42.0,0.0,26.0,0.051047,0.321215,0,0
3762,0.0,0.0,43.714285714285715,0.0,26.0,0.008574,0.30177,1,1
3763,1.0,5.285714285714286,41.714285714285715,1.0,26.0,0.017187,0.356466,1,0
3764,4.0,31.285714285714285,41.57142857142857,9.0,26.0,0.115534,0.107809,1,1
3765,1.0,2.0,43.42857142857143,3.0,26.0,0.048064,0.146734,1,1
3766,0.0,0.0,45.142857142857146,0.0,26.0,0.011175,0.504492,1,1
3767,0.0,0.0,48.0,0.0,26.0,0.00786,0.106801,1,1
3768,7.0,37.57142857142857,44.42857142857143,0.0,26.0,0.4076,0.049254,0,0
3769,2.0,2.2857142857142856,47.42857142857143,0.0,26.0,0.153037,0.169586,0,0
3770,3.0,22.285714285714285,47.42857142857143,0.0,26.0,0.21422,0.188884,0,0
3771,1.0,0.8571428571428571,40.0,0.0,26.0,0.568322,0.128601,0,0
3772,9.0,44.42857142857143,45.42857142857143,0.0,26.0,0.155295,0.355206,0,0
3773,1.0,18.142857142857142,51.285714285714285,0.0,26.0,0.044505,0.403862,0,0
3774,1.0,31.857142857142858,47.57142857142857,0.0,26.0,0.042842,0.032965,1,1
3775,1.0,2.7142857142857144,46.714285714285715,0.0,26.0,0.144494,0.664536,0,0
3776,0.0,0.0,40.714285714285715,0.0,26.0,0.008492,0.111361,1,1
3777,2.0,12.857142857142858,47.714285714285715,1.0,26.0,0.040992,0.155252,1,0
3778,0.0,0.0,40.57142857142857,0.0,26.0,0.006158,0.429913,1,1
3779,5.0,50.42857142857143,50.857142857142854,2.0,26.0,0.066966,0.003369,1,1
3780,4.0,38.42857142857143,44.42857142857143,1.0,26.0,0.06514,0.052964,1,1
3781,1.0,10.857142857142858,45.0,1.0,26.0,0.04,0.039613,1,1
3782,1.0,9.285714285714286,48.857142857142854,0.0,26.0,0.081248,0.609415,0,0
3783,0.0,0.0,43.42857142857143,1.0,26.0,0.01498,0.083056,1,1
3784,2.0,14.571428571428571,41.857142857142854,1.0,26.0,0.040152,0.114861,1,1
3785,7.0,37.42857142857143,43.0,0.0,26.0,0.103399,0.236002,0,0
3786,2.0,37.0,41.857142857142854,3.0,26.0,0.095657,0.019223,1,1
3787,1.0,4.571428571428571,42.142857142857146,0.0,26.0,0.044198,0.488099,0,0
3788,10.0,17.571428571428573,48.285714285714285,0.0,26.0,0.551911,0.230596,0,0
3789,0.0,0.0,45.714285714285715,0.0,26.0,0.015621,0.210594,1,1
3790,2.0,13.0,48.142857142857146,0.0,26.0,0.07225,0.218346,0,0
3791,1.0,6.857142857142857,46.142857142857146,0.0,26.0,0.015215,0.05492,1,1
3792,6.0,50.42857142857143,51.714285714285715,3.0,26.0,0.054174,0.141667,1,1
3793,1.0,1.5714285714285714,45.0,1.0,26.0,0.03313,0.016493,1,0
3794,1.0,14.0,50.0,0.0,26.0,0.006109,0.007589,1,1
3795,4.0,30.285714285714285,43.714285714285715,0.0,26.0,0.126264,0.079218,1,1
3796,1.0,26.285714285714285,40.0,0.0,26.0,0.013601,0.515034,1,1
3797,2.0,9.428571428571429,41.57142857142857,0.0,26.0,0.237443,0.095358,0,0
3798,1.0,45.42857142857143,49.714285714285715,0.0,26.0,0.016015,0.064807,1,1
3799,3.0,42.142857142857146,47.714285714285715,5.0,26.0,0.093116,0.009796,1,1
3800,3.0,18.285714285714285,40.0,0.0,26.0,0.355924,0.45656,0,0
3801,0.0,0.0,46.857142857142854,0.0,26.0,0.001063,0.385879,1,1
3802,3.0,10.0,51.285714285714285,0.0,26.0,0.141183,0.190709,0,0
3803,4.0,39.714285714285715,47.0,1.0,26.0,0.095285,0.049713,1,1
3804,3.0,39.857142857142854,45.142857142857146,0.0,26.0,0.022006,0.001588,1,1
3805,2.0,28.0,48.285714285714285,0.0,26.0,0.121849,0.480609,0,0
3806,0.0,0.0,40.285714285714285,0.0,26.0,0.147303,0.459031,0,0
3807,0.0,0.0,48.142857142857146,0.0,26.0,0.000142,0.246925,1,1
3808,2.0,16.0,48.142857142857146,0.0,26.0,0.084029,0.285963,0,0
3809,6.0,41.714285714285715,44.0,7.0,26.0,0.174816,0.120038,1,1
3810,5.0,41.42857142857143,45.857142857142854,3.0,26.0,0.086723,0.030213,1,1
3811,4.0,40.57142857142857,46.57142857142857,2.0,26.0,0.040406,0.034554,1,0
3812,1.0,14.571428571428571,41.857142857142854,0.0,26.0,0.026343,0.558826,0,0
3813,2.0,13.714285714285714,51.142857142857146,0.0,26.0,0.026424,0.177687,0,0
3814,4.0,14.0,49.0,0.0,26.0,0.331227,0.392829,0,0
3815,5.0,5.285714285714286,41.857142857142854,0.0,26.0,0.39216,0.126045,0,0
3816,3.0,33.142857142857146,47.57142857142857,1.0,26.0,0.075958,0.044925,1,0
3817,7.0,36.714285714285715,51.857142857142854,0.0,26.0,0.21668,0.338426,0,0
3818,0.0,0.0,44.714285714285715,1.0,26.0,0.014695,0.364707,1,1
3819,2.0,17.428571428571427,45.285714285714285,0.0,26.0,0.042192,0.196178,1,1
3820,3.0,16.285714285714285,48.857142857142854,2.0,26.0,0.089288,0.351222,1,1
3821,0.0,0.0,41.857142857142854,0.0,26.0,0.024455,0.04721,1,1
3822,0.0,0.0,50.142857142857146,1.0,26.0,0.006538,0.08183,1,1
3823,3.0,10.142857142857142,43.857142857142854,0.0,26.0,0.194953,0.291328,0,0
3824,8.0,16.857142857142858,50.285714285714285,0.0,26.0,0.359195,0.195133,0,0
3825,3.0,43.0,49.714285714285715,2.0,26.0,0.106975,0.131634,1,1
3826,1.0,21.428571428571427,47.142857142857146,0.0,26.0,0.035564,0.102266,0,0
3827,0.0,0.0,42.142857142857146,0.0,26.0,0.001849,0.04642,1,1
3828,1.0,26.857142857142858,46.57142857142857,1.0,26.0,0.008758,0.084891,1,1
3829,1.0,5.714285714285714,44.285714285714285,0.0,26.0,0.110647,0.591114,0,0
3830,3.0,11.571428571428571,45.42857142857143,0.0,26.0,0.393632,0.202928,0,0
3831,2.0,32.285714285714285,47.0,0.0,26.0,0.02033,0.180655,0,0
3832,1.0,14.857142857142858,42.42857142857143,0.0,26.0,0.18583,0.552238,0,0
3833,0.0,0.0,51.857142857142854,0.0,26.0,0.015142,0.295908,1,1
3834,1.0,33.57142857142857,41.857142857142854,0.0,26.0,0.01174,0.010448,1,1
3835,2.0,39.57142857142857,46.0,0.0,26.0,0.085798,0.025849,0,0
3836,1.0,20.714285714285715,51.857142857142854,0.0,26.0,0.021572,0.302116,0,0
3837,4.0,49.857142857142854,51.42857142857143,1.0,26.0,0.055469,0.134719,1,1
3838,0.0,0.0,48.42857142857143,0.0,26.0,0.000211,0.078092,1,1
3839,3.0,46.857142857142854,48.857142857142854,3.0,26.0,0.070278,0.141881,1,1
3840,1.0,10.857142857142858,49.714285714285715,0.0,26.0,0.062439,0.337621,0,0
3841,0.0,0.0,45.42857142857143,0.0,26.0,0.001735,0.423893,1,1
3842,2.0,35.285714285714285,51.714285714285715,1.0,26.0,0.055064,0.012416,1,1
3843,1.0,37.42857142857143,49.285714285714285,0.0,26.0,0.011855,0.677807,0,0
3844,5.0,27.142857142857142,44.142857142857146,0.0,26.0,0.212541,0.322411,0,0
3845,1.0,28.0,44.57142857142857,0.0,26.0,0.015971,0.054086,1,1
3846,0.0,0.0,42.714285714285715,1.0,26.0,0.013957,0.186935,1,1
3847,4.0,35.857142857142854,43.142857142857146,0.0,26.0,0.053025,0.092513,1,1
3848,3.0,47.285714285714285,50.0,0.0,26.0,0.027493,0.150742,0,0
3849,6.0,41.42857142857143,45.714285714285715,4.0,26.0,0.16805,0.010719,1,1
3850,1.0,1.2857142857142858,44.857142857142854,0.0,26.0,0.1395,0.512641,0,0
3851,7.0,19.571428571428573,51.0,0.0,26.0,0.385759,0.062433,0,0
3852,0.0,0.0,45.285714285714285,0.0,26.0,8.8e-05,0.005661,1,1
3853,0.0,0.0,41.42857142857143,0.0,26.0,0.030156,0.784095,1,1
3854,0.0,0.0,44.142857142857146,0.0,26.0,0.004247,0.786223,1,1
3855,8.0,51.0,51.714285714285715,1.0,26.0,0.184063,0.02185,1,1
3856,0.0,0.0,44.142857142857146,2.0,26.0,0.017637,0.368696,1,1
3857,0.0,0.0,44.857142857142854,0.0,26.0,0.011797,0.357766,1,1
3858,6.0,39.285714285714285,49.57142857142857,4.0,26.0,0.0495,0.117594,1,1
3859,1.0,10.0,49.57142857142857,0.0,26.0,0.248464,0.198836,0,0
3860,1.0,6.285714285714286,50.0,0.0,26.0,0.189559,0.341993,0,0
3861,1.0,40.0,50.42857142857143,2.0,26.0,0.062235,0.236136,1,1
3862,0.0,0.0,42.0,0.0,26.0,0.018017,0.320196,1,1
3863,1.0,21.0,50.714285714285715,0.0,26.0,0.083877,0.256211,0,0
3864,7.0,36.285714285714285,41.0,1.0,26.0,0.13392,0.186331,1,0
3865,0.0,0.0,46.857142857142854,0.0,26.0,0.006659,0.459151,1,1
3866,0.0,0.0,46.57142857142857,0.0,26.0,0.010579,0.320062,1,1
3867,0.0,0.0,44.714285714285715,0.0,26.0,0.001953,0.250173,1,1
3868,4.0,25.857142857142858,43.285714285714285,0.0,26.0,0.312257,0.143198,0,0
3869,0.0,0.0,51.857142857142854,1.0,26.0,0.017798,0.022466,1,1
3870,2.0,6.142857142857143,40.714285714285715,0.0,26.0,0.171377,0.303481,0,0
3871,1.0,4.0,49.285714285714285,1.0,26.0,0.011334,0.004245,1,1
3872,0.0,0.0,41.57142857142857,0.0,26.0,0.002304,0.384314,1,1
3873,1.0,4.142857142857143,47.42857142857143,0.0,26.0,0.178782,0.195385,0,0
3874,0.0,0.0,46.857142857142854,0.0,26.0,0.022306,0.094508,1,1
3875,0.0,0.0,45.0,1.0,26.0,0.013528,0.010107,1,1
3876,1.0,4.857142857142857,48.142857142857146,0.0,26.0,0.040287,0.190089,0,0
3877,3.0,32.0,44.142857142857146,0.0,26.0,0.03508,0.13194,1,1
3878,1.0,17.142857142857142,49.42857142857143,0.0,26.0,0.111146,0.515705,0,0
3879,0.0,0.0,51.857142857142854,0.0,26.0,0.000352,0.140291,1,1
3880,0.0,0.0,51.0,2.0,26.0,0.022075,0.368703,1,1
3881,2.0,21.857142857142858,40.57142857142857,1.0,26.0,0.065057,0.071362,1,1
3882,0.0,0.0,50.42857142857143,0.0,26.0,0.004429,0.038489,1,1
3883,9.0,44.42857142857143,48.714285714285715,4.0,26.0,0.162496,0.036631,1,1
3884,3.0,46.57142857142857,50.57142857142857,2.0,26.0,0.127557,0.006549,1,1
3885,2.0,19.428571428571427,44.857142857142854,1.0,26.0,0.019821,0.016618,1,1
3886,2.0,14.142857142857142,42.714285714285715,0.0,26.0,0.006431,0.007278,1,1
3887,0.0,0.0,50.0,0.0,26.0,0.014264,0.359667,1,1
3888,7.0,38.57142857142857,43.57142857142857,4.0,26.0,0.128519,0.117158,1,0
3889,1.0,17.142857142857142,50.0,0.0,26.0,0.138949,0.509437,0,0
3890,0.0,0.0,43.42857142857143,0.0,26.0,0.051943,0.040361,1,1
3891,2.0,0.5714285714285714,41.42857142857143,0.0,26.0,0.949002,0.906838,0,0
3892,1.0,18.714285714285715,41.857142857142854,0.0,26.0,0.020587,0.280354,0,0
3893,2.0,5.142857142857143,50.857142857142854,0.0,26.0,0.111361,0.095222,1,1
3894,3.0,39.42857142857143,48.714285714285715,3.0,26.0,0.072891,0.129287,1,1
3895,3.0,8.142857142857142,47.142857142857146,0.0,26.0,0.390631,0.308978,0,0
3896,2.0,30.857142857142858,45.714285714285715,5.0,26.0,0.091746,0.002814,1,1
3897,0.0,0.0,49.285714285714285,0.0,26.0,0.002343,0.826489,1,1
3898,1.0,1.5714285714285714,49.142857142857146,0.0,26.0,0.251542,0.254354,0,0
3899,1.0,18.571428571428573,51.285714285714285,1.0,26.0,0.010742,0.023897,1,1
3900,0.0,0.0,41.714285714285715,0.0,26.0,0.001888,0.517486,1,1
3901,2.0,6.142857142857143,51.142857142857146,0.0,26.0,0.269787,0.250704,0,0
3902,0.0,0.0,41.57142857142857,0.0,26.0,0.000876,0.582573,1,1
3903,1.0,4.285714285714286,50.142857142857146,0.0,26.0,0.014151,0.253336,0,0
3904,1.0,15.857142857142858,42.0,0.0,26.0,0.012881,0.003128,1,1
3905,0.0,0.0,45.0,0.0,26.0,0.007804,0.483243,1,1
3906,1.0,26.428571428571427,41.142857142857146,1.0,26.0,0.011644,0.542745,1,1
3907,1.0,38.57142857142857,42.142857142857146,0.0,26.0,0.064103,0.31581,0,0
3908,1.0,2.2857142857142856,50.285714285714285,0.0,26.0,0.325678,0.527672,0,0
3909,1.0,38.714285714285715,45.142857142857146,1.0,26.0,0.037539,0.113308,1,1
3910,0.0,0.0,43.285714285714285,0.0,26.0,0.005617,0.06373,1,1
3911,3.0,12.285714285714286,48.57142857142857,0.0,26.0,0.117748,0.323849,0,0
3912,8.0,43.857142857142854,48.714285714285715,1.0,26.0,0.144603,0.075858,1,0
3913,0.0,0.0,47.42857142857143,0.0,26.0,0.001013,0.044487,1,1
3914,0.0,0.0,49.142857142857146,0.0,26.0,0.004537,0.298949,1,1
3915,4.0,22.0,42.0,0.0,26.0,0.093768,0.384119,0,0
3916,2.0,38.714285714285715,45.42857142857143,2.0,26.0,0.046423,0.007206,1,1
3917,2.0,5.285714285714286,43.142857142857146,0.0,26.0,0.272999,0.142884,0,0
3918,2.0,22.285714285714285,50.285714285714285,0.0,26.0,0.096987,0.722657,0,0
3919,0.0,0.0,41.142857142857146,0.0,26.0,0.01512,0.276879,1,1
3920,9.0,43.714285714285715,46.857142857142854,4.0,26.0,0.203577,0.041533,1,1
3921,2.0,1.2857142857142858,49.857142857142854,0.0,26.0,0.896887,0.492621,0,0
3922,5.0,40.285714285714285,42.285714285714285,1.0,26.0,0.065848,0.327715,1,1
3923,2.0,23.857142857142858,42.142857142857146,2.0,26.0,0.084489,0.00827,1,1
3924,1.0,15.571428571428571,47.57142857142857,0.0,26.0,0.007582,0.121938,1,1
3925,3.0,50.285714285714285,51.57142857142857,0.0,26.0,0.065982,0.033876,0,0
3926,3.0,18.857142857142858,46.857142857142854,0.0,26.0,0.241074,0.542415,0,0
3927,0.0,0.0,48.714285714285715,0.0,26.0,0.017525,0.048556,1,1
3928,2.0,1.8571428571428572,41.0,0.0,26.0,0.320346,0.15497,0,0
3929,0.0,0.0,40.285714285714285,0.0,26.0,0.001311,0.373015,1,1
3930,1.0,14.857142857142858,44.42857142857143,0.0,26.0,0.013304,0.291873,0,0
3931,0.0,0.0,41.142857142857146,0.0,26.0,0.001,0.084016,1,1
3932,0.0,0.0,49.42857142857143,0.0,26.0,0.001311,0.262038,1,1
3933,6.0,24.714285714285715,50.0,1.0,26.0,0.05099,0.222384,1,1
3934,6.0,40.857142857142854,48.714285714285715,0.0,26.0,0.148025,0.085335,0,0
3935,1.0,22.0,44.142857142857146,0.0,26.0,0.012412,0.409865,0,0
3936,0.0,0.0,48.57142857142857,0.0,26.0,6.7e-05,0.042689,1,1
3937,8.0,42.714285714285715,47.57142857142857,1.0,26.0,0.125166,0.202082,1,1
3938,1.0,10.0,49.857142857142854,0.0,26.0,0.010408,0.374723,0,0
3939,0.0,0.0,40.285714285714285,0.0,26.0,0.000132,0.270393,1,1
3940,4.0,8.285714285714286,49.714285714285715,2.0,26.0,0.094186,0.033802,1,1
3941,2.0,48.42857142857143,48.857142857142854,1.0,26.0,0.008474,0.218871,1,0
3942,2.0,14.571428571428571,41.0,0.0,26.0,0.114068,0.538148,0,0
3943,1.0,4.142857142857143,44.142857142857146,0.0,26.0,0.233832,0.54827,0,0
3944,5.0,32.0,48.42857142857143,1.0,26.0,0.100227,0.201357,1,0
3945,4.0,33.714285714285715,51.142857142857146,1.0,26.0,0.123903,0.100907,1,1
3946,1.0,13.285714285714286,47.857142857142854,0.0,26.0,0.059483,0.189773,0,0
3947,1.0,3.857142857142857,46.0,0.0,26.0,0.249704,0.33232,0,0
3948,0.0,0.0,40.42857142857143,0.0,26.0,0.001931,0.049925,1,1
3949,1.0,2.7142857142857144,41.42857142857143,0.0,26.0,0.054515,0.503556,0,0
3950,1.0,2.857142857142857,45.42857142857143,0.0,26.0,0.049389,0.195483,0,0
3951,1.0,3.0,40.0,0.0,26.0,0.036656,0.296106,1,1
3952,1.0,3.5714285714285716,42.714285714285715,1.0,26.0,0.044011,0.054886,1,1
3953,3.0,33.857142857142854,43.0,1.0,26.0,0.034205,0.210587,1,1
3954,2.0,19.571428571428573,51.857142857142854,0.0,26.0,0.144205,0.02869,0,0
3955,1.0,43.57142857142857,50.142857142857146,0.0,26.0,0.029958,0.027587,1,1
3956,1.0,3.2857142857142856,42.57142857142857,0.0,26.0,0.160948,0.418368,0,0
3957,0.0,0.0,40.57142857142857,0.0,26.0,0.001523,0.112638,1,1
3958,0.0,0.0,42.42857142857143,0.0,26.0,0.015038,0.064025,1,1
3959,2.0,14.142857142857142,44.714285714285715,0.0,26.0,0.072638,0.167689,0,0
3960,6.0,20.0,42.42857142857143,0.0,26.0,0.182452,0.199058,0,0
3961,1.0,49.57142857142857,49.857142857142854,0.0,26.0,0.021185,0.522065,0,0
3962,0.0,0.0,45.57142857142857,0.0,26.0,0.009632,0.04955,1,1
3963,1.0,6.428571428571429,47.0,0.0,26.0,0.100107,0.517859,0,0
3964,0.0,0.0,43.714285714285715,0.0,26.0,0.021873,0.425662,1,1
3965,0.0,0.0,51.142857142857146,0.0,26.0,0.001628,0.028158,1,1
3966,1.0,11.142857142857142,41.857142857142854,0.0,26.0,0.015904,0.009276,1,1
3967,0.0,0.0,43.0,0.0,26.0,0.005563,0.169713,1,1
3968,2.0,40.142857142857146,42.285714285714285,2.0,26.0,0.103493,0.285682,1,0
3969,0.0,0.0,46.142857142857146,1.0,26.0,0.018712,0.203715,1,1
3970,0.0,0.0,47.0,0.0,26.0,0.002579,0.051673,1,1
3971,1.0,0.5714285714285714,41.57142857142857,0.0,26.0,0.138636,0.495741,0,0
3972,7.0,33.285714285714285,47.714285714285715,3.0,26.0,0.149181,0.240478,1,0
3973,0.0,0.0,40.42857142857143,0.0,26.0,0.008732,0.644387,1,1
3974,4.0,37.285714285714285,51.142857142857146,0.0,26.0,0.066723,0.128466,0,0
3975,2.0,46.42857142857143,50.142857142857146,0.0,26.0,0.041483,0.308435,0,0
3976,0.0,0.0,48.42857142857143,0.0,26.0,0.00128,0.028847,1,1
3977,1.0,34.857142857142854,41.42857142857143,1.0,26.0,0.021353,0.168939,1,1
3978,2.0,2.142857142857143,51.0,0.0,26.0,0.491707,0.464596,0,0
3979,9.0,40.714285714285715,41.857142857142854,3.0,26.0,0.251787,0.25032,1,0
3980,0.0,0.0,43.857142857142854,1.0,26.0,0.017665,0.196372,1,1
3981,2.0,49.285714285714285,51.857142857142854,1.0,26.0,0.044654,0.204164,1,0
3982,4.0,16.571428571428573,50.142857142857146,2.0,26.0,0.092695,0.230956,1,0
3983,1.0,6.571428571428571,43.0,0.0,26.0,0.026578,0.463961,0,0
3984,6.0,43.714285714285715,47.57142857142857,0.0,26.0,0.105207,0.046301,0,0
3985,5.0,15.0,40.42857142857143,0.0,26.0,0.180958,0.20857,0,0
3986,0.0,0.0,49.42857142857143,0.0,26.0,0.000957,0.012152,1,1
3987,1.0,19.142857142857142,46.285714285714285,0.0,26.0,0.019019,0.383345,1,1
3988,0.0,0.0,42.0,1.0,26.0,0.0084,0.296903,1,0
3989,1.0,17.428571428571427,45.57142857142857,0.0,26.0,0.033724,0.445331,0,0
3990,3.0,13.285714285714286,49.42857142857143,0.0,26.0,0.338316,0.257522,0,0
3991,2.0,7.285714285714286,41.142857142857146,3.0,26.0,0.073686,0.032211,1,1
3992,5.0,16.142857142857142,47.42857142857143,0.0,26.0,0.13537,0.100567,0,0
3993,0.0,0.0,40.285714285714285,0.0,26.0,0.009143,0.127053,1,1
3994,5.0,44.285714285714285,44.285714285714285,4.0,26.0,0.116475,0.090699,1,1
3995,0.0,0.0,44.285714285714285,1.0,26.0,0.009539,0.062082,1,1
3996,2.0,13.0,46.142857142857146,0.0,26.0,0.124118,0.153203,0,0
3997,2.0,35.57142857142857,44.42857142857143,1.0,26.0,0.051847,0.635574,1,0
3998,4.0,27.0,46.285714285714285,0.0,26.0,0.119392,0.114342,0,0
3999,1.0,42.42857142857143,46.714285714285715,0.0,26.0,0.012514,0.145772,1,1
4000,1.0,35.714285714285715,40.42857142857143,1.0,26.0,0.007902,0.050068,1,1
