customer_id,acquisition_channel,first_date,channel_social,channel_referral,true_lambda,true_mu,true_mean_spend,true_alive_at_cal_end,true_alive_at_end
1,social,2024-02-28,1,0,0.15932,0.023338,21.7807,0,0
2,social,2024-04-02,1,0,0.055551,0.02432,17.8454,1,0
3,search,2024-05-01,0,0,0.030939,0.004257,16.603,1,1
4,referral,2024-06-28,0,1,0.059072,0.011576,65.2504,0,0
5,search,2024-01-19,0,0,0.186399,0.007566,60.2261,1,1
6,search,2024-05-03,0,0,0.037487,0.004555,23.9951,0,0
7,search,2024-05-18,0,0,0.064258,0.000732,43.692,1,1
8,social,2024-05-16,1,0,0.061785,0.174146,41.4153,0,0
9,search,2024-06-10,0,0,0.15185,0.022859,38.9368,0,0
10,social,2024-05-21,1,0,0.167358,6.1e-05,33.6517,1,1
11,social,2024-06-29,1,0,0.025004,0.047252,106.1164,0,0
12,social,2024-02-21,1,0,0.067009,0.04677,52.7257,1,0
13,search,2024-02-25,0,0,0.141549,0.052556,26.1651,0,0
14,social,2024-03-16,1,0,0.066344,0.009284,32.1027,1,1
15,social,2024-06-03,1,0,0.102763,0.041263,20.6144,0,0
16,search,2024-06-06,0,0,0.225116,0.003109,26.3191,1,1
17,search,2024-05-03,0,0,0.074377,0.002313,33.8286,1,1
18,referral,2024-01-25,0,1,0.026762,0.019024,37.1316,0,0
19,search,2024-04-05,0,0,0.039333,0.034801,44.1482,0,0
20,search,2024-06-24,0,0,0.329254,0.017751,16.6073,0,0
21,social,2024-06-11,1,0,0.215045,0.102008,10.2865,0,0
22,social,2024-01-31,1,0,0.03984,0.119157,43.5233,0,0
23,search,2024-06-11,0,0,0.078161,0.01838,8.1423,1,0
24,search,2024-05-22,0,0,0.073152,0.000127,65.1141,1,1
25,search,2024-04-11,0,0,0.335418,0.069946,12.5555,0,0
26,search,2024-01-12,0,0,0.088463,0.08186,26.0194,0,0
27,search,2024-04-06,0,0,0.075433,0.059488,22.4381,0,0
28,social,2024-05-15,1,0,0.073566,0.033866,31.1048,0,0
29,search,2024-03-03,0,0,0.677486,0.048784,22.5487,1,0
30,referral,2024-04-16,0,1,0.542152,0.002149,60.3482,1,1
31,referral,2024-04-11,0,1,0.330103,0.027788,34.1545,0,0
32,search,2024-04-19,0,0,0.051669,0.0908,29.9247,0,0
33,search,2024-02-21,0,0,0.127814,0.051323,15.5739,0,0
34,referral,2024-03-13,0,1,0.450084,0.009226,22.6541,1,1
35,search,2024-03-24,0,0,0.070901,0.068201,49.9164,0,0
36,referral,2024-06-07,0,1,0.49614,0.013154,20.2208,0,0
37,social,2024-04-13,1,0,0.005095,0.003966,47.7613,1,1
38,referral,2024-01-13,0,1,0.225941,0.000414,29.6313,1,1
39,social,2024-05-09,1,0,0.017578,0.016791,10.7188,0,0
40,search,2024-02-15,0,0,0.316973,0.011511,19.4669,1,1
41,social,2024-05-18,1,0,0.312795,0.021669,17.327,0,0
42,social,2024-05-22,1,0,0.141294,0.022674,40.874,1,0
43,search,2024-06-09,0,0,0.063221,0.11098,25.5357,0,0
44,search,2024-03-23,0,0,0.129951,0.243355,37.7733,0,0
45,referral,2024-06-21,0,1,0.361939,0.117963,19.1684,0,0
46,search,2024-02-21,0,0,0.145872,0.000812,41.2585,1,1
47,referral,2024-05-29,0,1,0.063478,0.037448,17.6937,0,0
48,search,2024-02-05,0,0,0.035626,0.130903,16.0975,0,0
49,social,2024-02-08,1,0,0.213768,0.000513,16.2545,1,1
50,search,2024-04-29,0,0,0.031265,0.010587,37.6668,0,0
51,search,2024-06-05,0,0,0.004766,0.009072,28.5358,0,0
52,referral,2024-06-29,0,1,0.001149,0.028844,50.4993,0,0
53,social,2024-05-01,1,0,0.027355,0.042483,15.4763,0,0
54,referral,2024-03-18,0,1,0.06861,0.002476,17.6151,1,0
55,referral,2024-03-23,0,1,0.048394,0.024674,30.3328,1,1
56,social,2024-02-04,1,0,0.07461,0.139988,21.2733,0,0
57,referral,2024-01-17,0,1,0.088732,0.045548,13.5186,1,0
58,social,2024-01-27,1,0,0.010598,0.023484,24.2411,1,0
59,referral,2024-05-03,0,1,0.100832,0.001881,91.4164,1,1
60,social,2024-01-08,1,0,0.056884,0.026499,16.172,0,0
61,referral,2024-06-05,0,1,0.590549,0.009291,31.2165,0,0
62,search,2024-04-03,0,0,0.079712,0.005852,44.6349,0,0
63,social,2024-03-16,1,0,0.096782,0.055521,41.4836,0,0
64,referral,2024-01-12,0,1,0.092778,0.050911,17.0223,0,0
65,search,2024-01-15,0,0,0.709147,0.035087,53.0341,0,0
66,social,2024-02-15,1,0,0.055198,0.215094,18.17,0,0
67,social,2024-05-15,1,0,0.046347,0.000995,21.2976,1,1
68,social,2024-04-12,1,0,0.114968,0.087777,18.185,0,0
69,referral,2024-03-23,0,1,0.07001,0.016113,14.4703,1,0
70,search,2024-04-04,0,0,0.369347,0.067584,37.8043,0,0
71,search,2024-06-21,0,0,0.339739,0.00087,43.7895,1,1
72,referral,2024-01-02,0,1,0.260577,0.099524,27.6083,0,0
73,social,2024-02-11,1,0,0.149974,0.310281,35.0817,0,0
74,search,2024-06-08,0,0,0.03957,0.004681,23.7922,1,1
75,search,2024-01-18,0,0,0.259198,0.000491,16.116,1,1
76,social,2024-06-11,1,0,0.015678,0.190965,18.341,0,0
77,search,2024-06-23,0,0,0.054307,0.079535,22.8872,0,0
78,search,2024-06-01,0,0,0.192537,0.098653,34.442,0,0
79,social,2024-05-10,1,0,0.042718,0.039363,18.3113,0,0
80,referral,2024-04-10,0,1,0.192157,0.048881,24.292,0,0
81,social,2024-04-15,1,0,0.117046,0.062401,32.1745,0,0
82,referral,2024-01-26,0,1,0.235964,0.040975,11.5243,0,0
83,social,2024-03-01,1,0,0.053379,0.046618,19.4259,0,0
84,social,2024-06-30,1,0,0.203173,0.006039,45.6166,1,1
85,search,2024-05-20,0,0,0.098145,0.070209,18.7916,0,0
86,referral,2024-03-26,0,1,0.53619,0.003115,14.1788,1,1
87,search,2024-03-16,0,0,0.011604,0.003828,41.4164,1,1
88,search,2024-03-05,0,0,0.102827,0.028805,20.5946,0,0
89,referral,2024-01-02,0,1,0.192977,0.028393,20.9584,0,0
90,search,2024-03-26,0,0,0.011873,0.011976,19.6403,0,0
91,search,2024-05-20,0,0,0.051472,0.217625,16.6315,0,0
92,social,2024-04-24,1,0,0.097991,0.131921,27.5303,0,0
93,search,2024-01-10,0,0,0.075161,0.000923,18.0212,1,1
94,search,2024-06-28,0,0,0.160535,0.057732,23.3831,1,0
95,referral,2024-05-08,0,1,0.065153,0.003222,36.0888,1,1
96,social,2024-02-28,1,0,0.078158,0.160599,15.2504,0,0
97,social,2024-06-23,1,0,0.277196,0.000416,18.6731,1,1
98,referral,2024-05-04,0,1,0.239382,0.051192,30.407,0,0
99,social,2024-05-27,1,0,0.174579,0.017257,38.5375,1,0
100,search,2024-06-11,0,0,0.24433,0.079836,27.0752,0,0
101,social,2024-01-17,1,0,0.014266,0.305485,18.8861,0,0
102,social,2024-03-24,1,0,0.000143,0.033597,31.8955,0,0
103,referral,2024-03-24,0,1,0.033721,0.019145,27.5238,1,0
104,social,2024-05-16,1,0,0.062948,0.038249,76.0788,1,0
105,referral,2024-05-05,0,1,0.278212,0.076291,17.1818,0,0
106,social,2024-06-20,1,0,0.311135,0.115417,23.2104,0,0
107,social,2024-03-01,1,0,0.079746,0.24095,13.2892,0,0
108,search,2024-03-14,0,0,0.12358,0.006811,26.2859,1,1
109,social,2024-01-18,1,0,0.092372,0.063881,33.4464,0,0
110,search,2024-04-23,0,0,0.308706,0.006658,22.7416,1,1
111,search,2024-01-27,0,0,0.127096,0.000339,41.6002,1,1
112,social,2024-06-29,1,0,0.288077,0.05126,21.7641,0,0
113,search,2024-01-23,0,0,0.045933,0.011339,19.1678,1,1
114,search,2024-01-22,0,0,0.074831,0.053602,43.2014,0,0
115,social,2024-02-06,1,0,0.000227,0.154974,26.2028,0,0
116,search,2024-05-20,0,0,0.550263,0.006788,10.0465,1,1
117,search,2024-04-03,0,0,0.025924,0.008116,11.5484,1,0
118,social,2024-06-27,1,0,0.063256,0.087192,15.4324,0,0
119,social,2024-06-04,1,0,0.03165,0.003978,34.5619,1,1
120,search,2024-05-17,0,0,0.106315,0.068918,56.3761,0,0
121,referral,2024-05-29,0,1,0.395203,0.045588,17.7956,0,0
122,search,2024-02-07,0,0,0.033929,0.018432,34.4852,1,0
123,social,2024-06-15,1,0,0.021887,0.132827,57.4988,0,0
124,search,2024-06-29,0,0,0.123301,0.109572,18.8743,0,0
125,social,2024-05-14,1,0,0.527859,8.4e-05,34.7721,1,1
126,search,2024-04-26,0,0,0.292882,0.02937,21.8974,0,0
127,search,2024-04-01,0,0,0.012637,0.017085,19.3494,0,0
128,search,2024-01-22,0,0,0.166048,0.058929,28.0545,0,0
129,social,2024-01-13,1,0,0.083084,0.07047,11.0434,0,0
130,search,2024-02-16,0,0,0.140233,0.022985,13.6254,0,0
131,search,2024-02-02,0,0,0.568824,0.124775,43.9281,0,0
132,social,2024-05-26,1,0,0.455798,0.276039,115.9651,0,0
133,referral,2024-01-19,0,1,0.09482,1e-05,20.4735,1,1
134,search,2024-01-13,0,0,0.245153,0.000112,15.3687,1,1
135,search,2024-04-29,0,0,1.108434,0.048556,47.1265,0,0
136,referral,2024-06-17,0,1,0.19397,0.00842,26.6881,0,0
137,search,2024-04-24,0,0,0.003938,0.010619,15.3445,0,0
138,referral,2024-03-25,0,1,0.015119,0.016623,21.8517,0,0
139,search,2024-05-22,0,0,0.006648,0.07398,25.1727,0,0
140,search,2024-02-01,0,0,0.327386,0.074883,35.8957,0,0
141,referral,2024-05-12,0,1,0.492882,0.044743,11.9802,0,0
142,search,2024-01-29,0,0,0.013502,0.037065,19.6849,1,1
143,social,2024-05-16,1,0,0.366324,0.015317,38.3484,1,0
144,search,2024-03-13,0,0,0.26741,0.03762,8.2082,0,0
145,search,2024-05-14,0,0,0.176683,0.000909,15.196,1,1
146,search,2024-04-30,0,0,0.232643,6.7e-05,30.4185,1,1
147,search,2024-05-07,0,0,0.356655,0.075735,27.0987,1,0
148,search,2024-03-03,0,0,0.275571,0.012941,134.2298,1,1
149,social,2024-01-14,1,0,0.002994,0.014787,11.717,0,0
150,search,2024-05-27,0,0,0.104283,0.053352,15.2254,0,0
151,search,2024-06-06,0,0,0.100352,5.3e-05,30.3603,1,1
152,referral,2024-03-26,0,1,0.071124,0.003173,22.3186,1,0
153,search,2024-01-08,0,0,0.202058,0.004797,24.9235,1,1
154,search,2024-04-15,0,0,0.024454,0.01506,40.1523,1,0
155,referral,2024-01-06,0,1,0.013549,0.100773,16.0647,0,0
156,social,2024-04-12,1,0,0.07142,0.573405,30.8426,0,0
157,referral,2024-05-09,0,1,0.032614,0.082002,20.8501,0,0
158,social,2024-03-10,1,0,0.004146,0.098285,12.8424,0,0
159,social,2024-03-30,1,0,0.049875,0.239471,21.7296,0,0
160,search,2024-06-17,0,0,0.060227,0.00489,14.412,1,1
161,search,2024-01-13,0,0,0.079535,0.003238,31.7326,1,1
162,referral,2024-05-09,0,1,0.491086,0.020448,51.9884,0,0
163,search,2024-03-09,0,0,0.294846,0.010042,60.9349,1,1
164,referral,2024-02-17,0,1,0.137794,0.006223,48.6774,1,0
165,search,2024-03-16,0,0,0.107845,0.003662,17.5991,1,1
166,referral,2024-06-03,0,1,0.013588,0.009925,21.0232,1,1
167,referral,2024-02-27,0,1,0.172613,0.003723,54.6096,1,1
168,referral,2024-05-25,0,1,0.071941,0.003581,17.5467,1,1
169,referral,2024-03-31,0,1,0.247071,0.005874,31.5483,1,1
170,search,2024-02-25,0,0,0.051168,0.046502,29.6823,0,0
171,search,2024-04-25,0,0,0.252472,0.003314,43.7566,1,1
172,referral,2024-03-28,0,1,0.038742,0.002707,16.962,1,1
173,search,2024-05-10,0,0,0.078571,0.006569,34.6471,1,1
174,search,2024-01-07,0,0,0.031365,0.108296,22.3385,0,0
175,social,2024-03-15,1,0,0.314756,0.013689,34.7939,1,1
176,search,2024-01-16,0,0,0.265889,0.030549,12.5896,0,0
177,search,2024-01-29,0,0,0.52663,0.139539,23.621,0,0
178,search,2024-01-04,0,0,0.101603,0.123574,17.3927,0,0
179,referral,2024-04-27,0,1,0.000336,0.003017,24.9763,1,1
180,social,2024-03-03,1,0,0.055839,0.020065,14.4246,1,1
181,search,2024-02-28,0,0,0.144792,0.057798,24.9936,1,0
182,social,2024-02-18,1,0,0.037621,0.000455,50.2236,1,1
183,social,2024-04-13,1,0,0.087656,0.001017,45.1693,1,1
184,search,2024-04-26,0,0,0.032198,0.000827,253.0871,1,1
185,search,2024-03-22,0,0,0.341403,0.014874,31.6535,1,1
186,search,2024-03-06,0,0,0.082858,0.003013,15.7608,1,0
187,social,2024-05-16,1,0,0.240258,0.065304,22.9997,0,0
188,social,2024-01-19,1,0,0.056733,0.065135,32.4467,0,0
189,search,2024-04-24,0,0,0.213502,0.099824,52.5278,0,0
190,referral,2024-04-30,0,1,0.054977,0.026582,11.3868,0,0
191,search,2024-06-27,0,0,0.147544,0.056259,25.0487,0,0
192,search,2024-01-28,0,0,0.1339,0.068637,20.2769,0,0
193,social,2024-01-08,1,0,0.207456,0.100407,25.5444,0,0
194,search,2024-05-08,0,0,0.140429,0.018661,55.1817,1,0
195,search,2024-05-29,0,0,0.003419,0.00813,26.4035,1,0
196,search,2024-01-07,0,0,0.59105,0.155521,90.1683,0,0
197,social,2024-01-11,1,0,0.181834,0.256495,52.2121,0,0
198,referral,2024-05-04,0,1,0.007361,0.004199,30.1642,1,1
199,social,2024-02-17,1,0,0.040899,0.029646,14.6951,0,0
200,referral,2024-06-04,0,1,0.067961,0.019666,11.3066,1,1
201,search,2024-01-20,0,0,0.157051,0.004488,42.0402,1,1
202,search,2024-06-19,0,0,0.101074,0.001262,39.182,0,0
203,social,2024-04-25,1,0,0.070049,0.175793,51.2424,0,0
204,social,2024-01-26,1,0,0.153572,0.312777,32.9547,0,0
205,social,2024-06-18,1,0,0.027986,0.087027,29.0987,0,0
206,search,2024-06-27,0,0,0.079082,0.007483,29.5379,1,1
207,search,2024-04-10,0,0,0.257306,0.365761,45.5482,0,0
208,search,2024-06-25,0,0,0.154369,0.046205,21.9991,0,0
209,social,2024-02-12,1,0,0.458193,0.144978,16.9477,0,0
210,search,2024-01-27,0,0,0.0122,0.199169,19.746,0,0
211,referral,2024-04-17,0,1,0.094474,0.008051,26.7309,1,1
212,search,2024-06-27,0,0,0.230333,0.016507,10.9193,0,0
213,search,2024-01-24,0,0,0.053677,0.019821,28.2711,0,0
214,referral,2024-03-31,0,1,0.276505,0.060191,31.1925,0,0
215,referral,2024-03-28,0,1,0.481873,0.003473,43.2024,1,1
216,referral,2024-05-12,0,1,0.028106,0.001278,8.9442,1,1
217,social,2024-01-14,1,0,0.02594,0.034978,15.8188,0,0
218,referral,2024-04-28,0,1,0.38762,0.002493,23.4153,1,1
219,search,2024-05-21,0,0,0.117207,0.006517,12.6942,1,1
220,social,2024-01-03,1,0,0.07255,0.034047,28.3246,0,0
221,social,2024-04-21,1,0,0.065268,0.00341,8.2701,1,1
222,search,2024-01-21,0,0,0.148283,0.06149,52.9251,0,0
223,social,2024-02-06,1,0,0.076442,0.043111,22.0115,0,0
224,social,2024-02-27,1,0,0.135959,0.019616,11.6058,1,1
225,social,2024-06-12,1,0,0.147977,0.075753,44.6138,0,0
226,referral,2024-04-01,0,1,0.654736,0.004368,26.1952,1,1
227,referral,2024-05-15,0,1,0.583287,0.037089,16.0923,0,0
228,social,2024-04-23,1,0,0.172729,0.021208,24.6653,0,0
229,referral,2024-06-20,0,1,0.155555,0.017397,25.6466,1,0
230,referral,2024-02-10,0,1,0.22364,0.001587,32.6777,1,1
231,search,2024-06-23,0,0,0.115354,0.020729,48.6491,1,0
232,search,2024-01-11,0,0,0.01828,0.085535,24.4141,0,0
233,search,2024-02-01,0,0,0.079714,0.018515,36.4394,1,0
234,social,2024-05-14,1,0,0.081381,0.157321,24.8375,0,0
235,referral,2024-02-18,0,1,0.058965,0.025252,19.9207,1,0
236,referral,2024-04-12,0,1,0.293654,0.001541,11.2986,1,0
237,social,2024-06-13,1,0,0.058387,0.028008,31.4191,0,0
238,search,2024-06-25,0,0,0.541779,0.009722,49.2712,0,0
239,social,2024-02-07,1,0,0.482242,0.020782,25.87,0,0
240,social,2024-03-27,1,0,0.010099,0.079389,22.5864,1,1
241,search,2024-05-15,0,0,0.088589,0.004044,20.7016,0,0
242,social,2024-06-17,1,0,0.080338,0.000286,13.8524,1,1
243,social,2024-02-27,1,0,0.054028,0.06959,21.2749,0,0
244,social,2024-04-06,1,0,0.022501,0.040686,33.7613,0,0
245,search,2024-01-07,0,0,0.52494,0.001827,29.4644,1,1
246,social,2024-01-18,1,0,0.034205,0.033727,36.0438,0,0
247,search,2024-06-15,0,0,0.033391,0.004241,17.8666,1,1
248,social,2024-02-01,1,0,0.178845,0.409284,23.8792,0,0
249,social,2024-04-21,1,0,0.153676,0.003137,45.3164,1,1
250,search,2024-05-23,0,0,0.099777,0.001632,15.4191,1,1
251,search,2024-02-28,0,0,0.009504,0.043859,13.8865,0,0
252,referral,2024-01-08,0,1,0.093035,0.026527,30.3749,1,0
253,social,2024-01-03,1,0,0.189344,0.403431,19.969,0,0
254,search,2024-06-11,0,0,0.143165,0.058905,144.1649,0,0
255,referral,2024-02-02,0,1,0.028929,0.040242,33.7689,0,0
256,search,2024-01-18,0,0,0.073192,1.6e-05,77.3168,1,1
257,search,2024-03-03,0,0,0.15285,0.02652,17.511,0,0
258,social,2024-06-15,1,0,0.064905,0.44426,26.7281,0,0
259,social,2024-06-06,1,0,0.067909,0.024872,39.9716,0,0
260,referral,2024-06-17,0,1,0.066884,0.000438,94.1025,1,1
261,search,2024-05-18,0,0,0.403857,0.022938,11.0214,1,1
262,social,2024-05-01,1,0,0.036371,0.067839,24.3728,0,0
263,search,2024-02-05,0,0,0.100026,0.110622,19.9989,0,0
264,search,2024-06-27,0,0,0.273001,0.208048,28.4599,0,0
265,search,2024-02-22,0,0,0.24143,0.178881,29.7668,0,0
266,search,2024-01-17,0,0,0.069357,0.143559,28.6939,0,0
267,referral,2024-03-28,0,1,0.416064,0.000469,20.5963,1,1
268,social,2024-05-22,1,0,0.134618,0.086105,26.8001,0,0
269,search,2024-05-27,0,0,0.253393,1.2e-05,36.7379,1,1
270,referral,2024-02-11,0,1,0.19354,0.010288,44.2076,0,0
271,social,2024-03-12,1,0,0.370799,0.091541,37.873,0,0
272,search,2024-01-21,0,0,0.092209,0.002565,28.7211,1,1
273,social,2024-04-02,1,0,0.264721,0.072639,20.8209,0,0
274,social,2024-05-09,1,0,0.111468,0.073173,21.8159,0,0
275,search,2024-03-27,0,0,0.067294,0.041051,23.418,1,0
276,search,2024-03-31,0,0,0.168827,0.00944,28.9884,1,0
277,social,2024-03-12,1,0,0.073166,0.173011,18.0325,0,0
278,search,2024-03-22,0,0,0.085106,0.001901,21.6517,1,1
279,referral,2024-06-18,0,1,0.084458,0.034227,7.7689,1,0
280,search,2024-05-10,0,0,0.013031,0.138166,27.3554,0,0
281,search,2024-05-06,0,0,0.000797,0.022096,23.7969,1,0
282,social,2024-03-07,1,0,0.283688,0.00891,20.3776,1,0
283,social,2024-05-26,1,0,0.324132,0.020082,53.5531,1,0
284,search,2024-05-15,0,0,0.27853,0.05393,118.3952,0,0
285,search,2024-06-16,0,0,0.176266,0.103696,27.0345,0,0
286,social,2024-03-25,1,0,0.118793,0.061147,22.6625,0,0
287,search,2024-04-08,0,0,0.158732,0.254413,25.6521,0,0
288,referral,2024-01-13,0,1,0.08373,0.030027,20.8687,0,0
289,search,2024-03-28,0,0,0.001427,0.004243,25.1968,1,1
290,referral,2024-03-12,0,1,0.021856,0.00276,71.0418,1,1
291,social,2024-04-22,1,0,0.048732,0.00031,18.6574,1,1
292,search,2024-01-21,0,0,0.23742,0.211071,27.7033,0,0
293,search,2024-01-02,0,0,0.024196,0.210637,45.675,0,0
294,social,2024-04-18,1,0,0.237994,0.012349,61.4017,1,0
295,social,2024-03-27,1,0,0.675382,0.03811,16.6215,0,0
296,social,2024-02-21,1,0,0.095799,0.231601,28.8986,0,0
297,social,2024-05-31,1,0,0.047958,0.130498,30.4557,0,0
298,referral,2024-04-27,0,1,0.024269,0.046681,42.4888,1,0
299,social,2024-04-25,1,0,0.105208,0.074558,27.433,1,0
300,social,2024-02-25,1,0,0.029369,0.008023,15.8875,1,1
301,search,2024-04-11,0,0,0.171671,0.001226,18.3987,1,1
302,social,2024-05-31,1,0,0.02775,0.006354,41.7499,1,1
303,search,2024-03-05,0,0,0.014244,0.010809,50.1995,1,1
304,social,2024-05-06,1,0,0.113502,0.042342,24.6024,0,0
305,social,2024-02-28,1,0,0.024358,0.004856,39.3673,0,0
306,social,2024-06-21,1,0,0.637923,0.309467,108.2164,0,0
307,social,2024-06-03,1,0,0.007101,0.010528,21.0349,1,0
308,social,2024-01-30,1,0,0.005551,0.124594,72.1088,0,0
309,social,2024-01-24,1,0,0.051032,0.167283,14.1901,0,0
310,search,2024-05-21,0,0,0.05843,0.098593,15.5167,0,0
311,search,2024-06-22,0,0,0.832177,0.026381,28.7388,0,0
312,search,2024-01-20,0,0,0.167417,0.060326,18.4869,0,0
313,social,2024-01-09,1,0,0.022706,0.020663,33.8962,1,1
314,social,2024-04-29,1,0,0.218016,0.455721,24.2637,0,0
315,social,2024-03-27,1,0,0.025654,0.021193,9.1335,0,0
316,search,2024-03-21,0,0,0.165247,0.001359,30.2624,1,1
317,search,2024-03-27,0,0,0.058779,0.012643,49.4483,1,1
318,referral,2024-06-29,0,1,0.047785,0.002807,80.4889,1,0
319,social,2024-05-07,1,0,0.128349,0.0044,27.002,1,1
320,referral,2024-06-27,0,1,0.248896,0.000196,24.3902,1,1
321,social,2024-01-06,1,0,0.01927,0.037697,16.5624,0,0
322,social,2024-02-01,1,0,0.209624,0.013656,19.8845,1,0
323,search,2024-05-30,0,0,0.143892,0.021408,60.5157,1,1
324,search,2024-05-09,0,0,0.383781,0.035114,14.9753,0,0
325,referral,2024-03-24,0,1,0.091507,0.005649,38.2253,1,1
326,search,2024-01-27,0,0,0.047349,0.042833,54.8834,0,0
327,search,2024-01-30,0,0,0.301838,0.006223,43.5284,1,0
328,social,2024-02-26,1,0,0.12835,0.044163,25.6712,0,0
329,search,2024-03-19,0,0,0.309417,0.062415,20.0556,0,0
330,search,2024-02-14,0,0,0.023897,0.012638,33.4861,0,0
331,search,2024-04-03,0,0,0.025723,0.007792,38.4321,1,1
332,social,2024-05-18,1,0,0.001003,0.009033,12.313,1,1
333,referral,2024-02-04,0,1,0.178194,0.015794,53.4106,1,0
334,search,2024-03-06,0,0,0.135897,0.001988,17.026,0,0
335,search,2024-03-27,0,0,0.047121,0.010319,67.637,1,0
336,referral,2024-03-04,0,1,0.222552,0.001993,55.977,1,1
337,social,2024-01-14,1,0,0.04028,0.17959,39.0978,0,0
338,social,2024-01-09,1,0,0.009883,0.018619,19.3921,0,0
339,referral,2024-04-05,0,1,0.317854,0.072349,43.6046,0,0
340,search,2024-03-26,0,0,0.124112,0.014934,20.853,1,0
341,social,2024-04-23,1,0,0.065879,0.152842,21.8711,0,0
342,referral,2024-02-17,0,1,0.268643,0.011965,59.6868,0,0
343,social,2024-02-08,1,0,0.295087,0.027261,19.5131,0,0
344,referral,2024-03-06,0,1,0.242287,0.078199,17.1776,0,0
345,social,2024-02-19,1,0,0.014562,0.055961,63.3178,0,0
346,search,2024-05-24,0,0,0.100643,0.129159,12.5277,0,0
347,social,2024-06-14,1,0,0.023566,0.019938,77.1333,1,1
348,referral,2024-01-07,0,1,0.208468,0.002543,43.9762,1,1
349,social,2024-03-13,1,0,0.024536,0.000291,15.4256,1,1
350,social,2024-04-23,1,0,0.025606,0.004696,32.9846,0,0
351,search,2024-02-26,0,0,0.391103,0.005449,24.1455,1,1
352,search,2024-06-29,0,0,0.192622,0.028959,34.0178,0,0
353,search,2024-04-16,0,0,0.187704,0.066036,34.7394,0,0
354,social,2024-03-01,1,0,0.038882,0.025848,20.9715,0,0
355,search,2024-01-21,0,0,0.181525,0.015629,19.5239,0,0
356,search,2024-03-24,0,0,0.11669,0.001425,17.9511,1,1
357,social,2024-02-07,1,0,0.030188,0.118649,15.0936,0,0
358,social,2024-06-28,1,0,0.037815,0.006768,77.905,1,1
359,search,2024-06-22,0,0,0.108744,0.000272,21.6166,1,1
360,social,2024-04-23,1,0,0.030262,0.030498,19.7074,0,0
361,referral,2024-03-18,0,1,0.192652,0.00039,27.6068,1,1
362,social,2024-06-21,1,0,0.055924,0.006935,24.943,1,1
363,social,2024-05-20,1,0,0.052256,0.000307,37.3024,1,1
364,social,2024-02-01,1,0,0.353815,0.068669,27.5151,0,0
365,referral,2024-01-05,0,1,0.256761,0.000781,40.0593,1,1
366,referral,2024-03-04,0,1,0.212982,0.002576,19.2755,1,1
367,search,2024-02-22,0,0,0.349453,0.04368,30.7084,0,0
368,search,2024-03-19,0,0,0.202992,0.025301,18.1639,0,0
369,referral,2024-02-18,0,1,0.374918,0.025936,49.1543,1,0
370,search,2024-01-31,0,0,0.0552,0.060672,56.1043,0,0
371,social,2024-01-29,1,0,0.006059,0.012394,26.9073,0,0
372,social,2024-05-22,1,0,0.419664,0.138356,12.9822,0,0
373,social,2024-01-24,1,0,0.059584,0.058972,46.836,0,0
374,search,2024-01-29,0,0,0.045825,0.000311,15.3566,1,1
375,referral,2024-03-21,0,1,0.146511,0.033994,16.1073,1,0
376,social,2024-03-09,1,0,0.034802,0.015339,31.0983,1,0
377,search,2024-05-21,0,0,0.21618,0.024459,40.553,1,1
378,social,2024-02-04,1,0,0.316572,0.182793,35.1315,0,0
379,search,2024-02-28,0,0,0.047453,0.001291,18.6656,1,1
380,social,2024-02-09,1,0,0.386883,0.000135,21.9441,1,1
381,referral,2024-01-30,0,1,0.081561,0.00405,11.8088,1,1
382,social,2024-01-03,1,0,0.195274,0.045055,26.9325,0,0
383,search,2024-05-27,0,0,0.177543,0.010001,20.1274,0,0
384,search,2024-06-25,0,0,0.088785,0.044284,31.0928,0,0
385,search,2024-02-14,0,0,0.393952,0.025906,58.5877,0,0
386,search,2024-05-04,0,0,0.032773,0.021259,165.1063,0,0
387,social,2024-06-08,1,0,0.093236,0.043148,30.7377,1,0
388,search,2024-01-13,0,0,0.000335,0.066495,36.3465,0,0
389,social,2024-06-10,1,0,0.075112,0.00064,11.6556,1,1
390,search,2024-06-12,0,0,0.167311,0.046407,31.4734,0,0
391,social,2024-03-18,1,0,0.121946,0.044899,27.702,1,0
392,search,2024-03-15,0,0,0.126237,0.000679,38.0155,1,1
393,search,2024-01-26,0,0,0.036183,0.00403,45.3243,1,0
394,referral,2024-04-06,0,1,0.005976,0.01248,15.1246,1,1
395,search,2024-01-03,0,0,0.017702,0.040093,33.2821,0,0
396,social,2024-06-27,1,0,0.170519,0.003937,14.4898,1,1
397,search,2024-01-02,0,0,0.041849,0.000997,30.3104,1,1
398,search,2024-01-02,0,0,0.086766,0.016474,19.2601,1,0
399,search,2024-04-07,0,0,0.807515,0.0089,19.7881,1,1
400,search,2024-03-16,0,0,0.189721,0.001101,17.946,1,1
401,search,2024-04-14,0,0,0.216934,0.001663,23.1639,1,0
402,referral,2024-01-30,0,1,1.25171,0.000397,20.0945,1,1
403,social,2024-03-22,1,0,0.106702,0.003754,56.0713,1,1
404,referral,2024-06-29,0,1,0.285879,0.021146,22.4507,1,0
405,social,2024-03-03,1,0,0.128828,0.010546,34.5471,1,1
406,referral,2024-05-26,0,1,0.103969,0.012626,20.0436,0,0
407,social,2024-06-26,1,0,0.181194,0.207613,31.4429,0,0
408,social,2024-04-22,1,0,0.136152,0.084424,49.3704,0,0
409,search,2024-03-23,0,0,0.028033,0.041988,22.0818,0,0
410,search,2024-05-01,0,0,0.189221,0.028484,34.2057,0,0
411,referral,2024-04-15,0,1,0.272955,0.024948,22.4044,0,0
412,social,2024-05-29,1,0,0.380221,0.009513,28.4403,0,0
413,referral,2024-03-03,0,1,0.000934,0.004919,28.3193,1,1
414,search,2024-02-20,0,0,0.397303,0.192899,25.0353,0,0
415,search,2024-03-12,0,0,0.004692,0.027968,79.4095,1,0
416,referral,2024-02-05,0,1,0.460206,0.183566,90.0383,0,0
417,social,2024-03-06,1,0,0.009941,0.007813,14.9541,1,1
418,search,2024-04-29,0,0,0.42326,0.016864,10.9226,1,1
419,social,2024-05-09,1,0,0.012242,0.009347,37.5571,1,0
420,social,2024-02-08,1,0,0.015902,0.149839,97.7178,0,0
421,social,2024-03-20,1,0,0.022272,0.060847,18.9514,0,0
422,search,2024-06-20,0,0,0.559715,0.083897,34.0297,0,0
423,search,2024-03-15,0,0,0.056121,0.391185,26.4562,0,0
424,search,2024-02-18,0,0,0.190108,0.013598,35.7371,0,0
425,search,2024-06-23,0,0,0.020277,0.032801,28.0931,0,0
426,search,2024-04-11,0,0,0.529183,0.033101,50.1087,0,0
427,social,2024-05-06,1,0,0.656207,0.112375,24.7188,0,0
428,search,2024-05-25,0,0,0.045224,0.01127,26.2931,1,1
429,search,2024-04-10,0,0,0.025002,0.037983,19.9865,0,0
430,social,2024-04-26,1,0,0.084829,0.222146,17.6234,0,0
431,search,2024-05-03,0,0,0.155268,0.076291,31.5594,0,0
432,search,2024-01-01,0,0,0.420461,0.027047,47.3044,0,0
433,search,2024-02-05,0,0,0.008657,0.006592,18.2622,1,1
434,social,2024-03-05,1,0,0.022943,0.277931,55.1184,0,0
435,social,2024-04-30,1,0,0.147446,1.6e-05,35.7171,1,1
436,referral,2024-01-28,0,1,0.019777,0.016737,41.2531,1,1
437,search,2024-06-14,0,0,0.047575,0.007805,31.6912,1,1
438,social,2024-01-15,1,0,0.001368,0.001209,31.8469,1,1
439,referral,2024-01-26,0,1,0.08128,0.000389,39.0835,1,1
440,search,2024-05-03,0,0,0.01386,0.059295,96.7178,0,0
441,referral,2024-01-26,0,1,0.815471,0.019573,18.2692,1,0
442,search,2024-01-09,0,0,0.115169,0.023294,22.717,0,0
443,search,2024-04-03,0,0,0.037842,0.108247,29.1512,0,0
444,referral,2024-03-08,0,1,0.093122,0.037347,27.6088,0,0
445,search,2024-04-04,0,0,0.087356,0.2241,19.3683,0,0
446,search,2024-01-28,0,0,0.013638,0.00581,43.677,1,1
447,referral,2024-01-31,0,1,0.464653,0.000364,53.6787,1,1
448,referral,2024-05-09,0,1,0.025998,0.031814,30.737,1,0
449,referral,2024-04-14,0,1,0.057709,0.001248,44.3963,1,1
450,search,2024-06-18,0,0,0.082131,0.006018,42.5726,1,1
451,search,2024-03-02,0,0,0.663315,0.090623,15.2194,0,0
452,search,2024-05-19,0,0,0.189987,0.035433,22.0397,0,0
453,social,2024-04-28,1,0,0.058475,0.001721,12.1566,1,1
454,search,2024-03-04,0,0,0.201942,0.024569,14.2352,1,0
455,search,2024-05-12,0,0,0.107415,0.004911,19.6927,1,1
456,social,2024-02-21,1,0,0.073115,0.001813,27.2347,1,1
457,search,2024-01-29,0,0,0.117894,0.061158,36.6396,0,0
458,search,2024-06-07,0,0,0.099583,0.029209,34.3715,0,0
459,search,2024-04-18,0,0,0.254749,0.060857,45.5586,0,0
460,search,2024-06-08,0,0,0.087505,0.026977,23.784,1,1
461,search,2024-03-29,0,0,0.303719,0.200499,17.9048,0,0
462,referral,2024-04-17,0,1,0.083139,0.013106,7.3097,1,0
463,social,2024-02-06,1,0,0.278238,0.206997,15.5942,0,0
464,search,2024-03-30,0,0,0.394066,0.026961,13.7652,1,0
465,social,2024-03-26,1,0,0.110659,0.019793,22.7047,1,1
466,social,2024-01-15,1,0,0.026461,0.034805,37.3352,0,0
467,search,2024-04-25,0,0,0.164157,0.014957,72.7434,0,0
468,search,2024-01-26,0,0,0.0675,0.000299,17.5107,1,1
469,social,2024-05-19,1,0,0.061834,0.21032,45.2301,0,0
470,social,2024-03-22,1,0,0.139024,0.074289,39.3018,0,0
471,referral,2024-04-28,0,1,0.769684,0.002746,29.6331,1,1
472,referral,2024-01-02,0,1,0.023452,0.085756,19.3443,0,0
473,social,2024-01-15,1,0,0.024938,0.000158,16.0266,1,1
474,search,2024-05-06,0,0,0.081004,0.071331,13.7876,0,0
475,referral,2024-01-23,0,1,1.063263,0.060248,23.3097,0,0
476,search,2024-01-19,0,0,0.067996,0.122456,27.0375,0,0
477,social,2024-06-06,1,0,0.011116,0.78939,21.8698,0,0
478,referral,2024-04-22,0,1,0.543096,0.006622,84.7142,0,0
479,search,2024-02-04,0,0,0.027618,0.133947,19.6421,0,0
480,social,2024-04-20,1,0,0.003371,0.023636,9.836,0,0
481,referral,2024-05-21,0,1,0.572661,0.016891,14.565,1,0
482,search,2024-06-24,0,0,0.061032,0.019634,20.2467,0,0
483,search,2024-04-23,0,0,0.053152,1e-05,17.5508,1,1
484,social,2024-03-20,1,0,0.000996,0.00432,18.6554,1,0
485,search,2024-03-13,0,0,0.083606,0.111166,25.28,0,0
486,referral,2024-06-12,0,1,0.293082,0.004766,28.7365,0,0
487,social,2024-05-07,1,0,0.478285,0.044509,22.8175,0,0
488,search,2024-03-27,0,0,0.203931,0.000945,43.593,1,1
489,search,2024-03-15,0,0,0.023159,0.027784,33.4101,0,0
490,social,2024-03-01,1,0,0.46712,0.068485,51.9345,0,0
491,social,2024-06-14,1,0,0.078751,0.025711,21.2095,1,0
492,social,2024-01-28,1,0,0.068463,0.193807,22.2848,0,0
493,search,2024-01-12,0,0,0.048894,0.056195,16.4214,0,0
494,social,2024-06-27,1,0,0.217788,0.000452,33.5249,1,1
495,search,2024-06-28,0,0,0.293309,0.052454,55.964,0,0
496,social,2024-03-30,1,0,0.003116,0.002851,23.5203,1,1
497,search,2024-06-23,0,0,0.119409,0.041941,27.7718,0,0
498,referral,2024-06-06,0,1,0.169217,0.005379,116.9764,1,1
499,referral,2024-01-18,0,1,0.013544,0.050234,27.5237,0,0
500,search,2024-03-24,0,0,0.134969,0.003038,33.8882,1,1
501,search,2024-01-13,0,0,0.45546,0.007656,37.0637,0,0
502,search,2024-06-28,0,0,0.129769,0.002598,46.1532,1,1
503,referral,2024-06-26,0,1,0.439521,0.053271,19.6585,0,0
504,search,2024-02-29,0,0,0.052217,0.020758,18.0475,1,0
505,social,2024-04-18,1,0,0.144747,0.000558,10.677,1,1
506,social,2024-06-21,1,0,0.220496,0.009116,84.6218,1,1
507,search,2024-06-07,0,0,0.05131,0.085113,54.016,1,0
508,search,2024-02-24,0,0,0.105103,0.029228,50.0194,0,0
509,search,2024-06-16,0,0,0.499433,0.022299,38.4491,1,0
510,search,2024-03-20,0,0,0.388591,0.565654,20.6941,0,0
511,search,2024-06-21,0,0,0.046554,0.130081,66.11,0,0
512,social,2024-05-10,1,0,0.012727,0.129713,16.498,0,0
513,search,2024-06-02,0,0,0.002386,0.001163,36.4384,1,1
514,search,2024-04-28,0,0,0.056572,0.142441,17.1215,0,0
515,social,2024-03-28,1,0,0.115696,0.020122,55.9474,0,0
516,referral,2024-04-28,0,1,0.144072,0.000218,21.5569,1,1
517,social,2024-02-15,1,0,0.082898,0.14414,16.2809,0,0
518,social,2024-01-30,1,0,0.099948,0.099375,19.5755,0,0
519,social,2024-02-19,1,0,0.167116,0.01373,23.6948,0,0
520,search,2024-01-10,0,0,0.052027,0.004436,37.6767,0,0
521,social,2024-03-11,1,0,0.041384,0.087288,61.751,0,0
522,search,2024-03-27,0,0,0.098347,0.417777,21.4769,0,0
523,referral,2024-04-29,0,1,0.227606,0.00885,38.1459,1,0
524,search,2024-01-30,0,0,0.143332,0.003188,10.4489,1,1
525,social,2024-06-26,1,0,0.111738,0.303123,46.5103,0,0
526,social,2024-01-09,1,0,0.39308,0.034285,25.8738,0,0
527,referral,2024-04-25,0,1,6.1e-05,0.039322,38.5262,0,0
528,referral,2024-06-20,0,1,0.07506,0.001024,28.8952,1,1
529,search,2024-03-05,0,0,0.023353,0.026004,18.4777,0,0
530,referral,2024-01-19,0,1,0.22243,0.006098,66.0717,1,0
531,search,2024-05-24,0,0,0.354456,0.191412,30.1124,0,0
532,social,2024-02-21,1,0,0.037437,0.056637,25.1414,0,0
533,social,2024-06-19,1,0,0.006362,0.10655,24.3729,0,0
534,social,2024-01-11,1,0,0.047965,0.003415,40.47,1,1
535,referral,2024-02-18,0,1,0.000589,0.005574,17.2889,1,1
536,social,2024-05-08,1,0,0.194096,0.002942,24.1997,1,1
537,social,2024-04-02,1,0,0.146699,0.020988,30.2155,0,0
538,referral,2024-03-28,0,1,0.442072,0.010151,17.5549,1,0
539,social,2024-06-10,1,0,0.024964,0.018316,39.5701,1,1
540,referral,2024-04-27,0,1,0.314743,0.031436,19.231,0,0
541,search,2024-05-17,0,0,0.105128,0.02484,26.1057,1,0
542,social,2024-04-16,1,0,0.336987,0.016115,11.0347,0,0
543,social,2024-02-16,1,0,0.16442,0.072169,45.5245,0,0
544,social,2024-05-03,1,0,0.156507,0.0003,7.2168,1,1
545,search,2024-02-08,0,0,0.084767,0.032084,14.578,0,0
546,referral,2024-01-02,0,1,0.261933,0.000113,24.04,1,1
547,social,2024-03-17,1,0,0.15203,0.040201,25.4153,1,0
548,referral,2024-01-23,0,1,0.176143,0.01191,42.464,0,0
549,social,2024-06-26,1,0,0.0182,0.000687,37.2302,1,1
550,referral,2024-04-08,0,1,0.013704,0.002604,23.4808,1,1
551,social,2024-01-13,1,0,0.020558,0.140249,26.1486,0,0
552,social,2024-05-06,1,0,0.222251,0.064992,22.5042,0,0
553,referral,2024-04-03,0,1,0.109638,0.004746,32.7714,0,0
554,search,2024-06-03,0,0,0.010955,0.028966,25.758,1,0
555,referral,2024-06-21,0,1,0.071222,0.082498,29.0304,0,0
556,social,2024-01-15,1,0,0.008785,0.085787,17.2091,0,0
557,referral,2024-05-18,0,1,0.174653,0.000663,21.7399,1,1
558,search,2024-01-27,0,0,0.108965,0.039576,15.231,0,0
559,search,2024-05-25,0,0,0.058073,0.014732,23.2024,0,0
560,search,2024-03-24,0,0,0.243498,0.014138,14.0806,1,0
561,referral,2024-04-12,0,1,0.114736,0.000309,42.0606,1,1
562,search,2024-02-14,0,0,0.113157,0.064903,65.7816,0,0
563,search,2024-01-15,0,0,0.307628,0.006092,23.5802,1,1
564,social,2024-03-22,1,0,0.136979,0.009424,31.8437,0,0
565,social,2024-06-16,1,0,0.079842,0.192445,18.289,0,0
566,search,2024-04-17,0,0,0.021561,0.038883,39.3063,0,0
567,search,2024-04-04,0,0,0.353968,0.069224,22.7575,0,0
568,social,2024-01-26,1,0,0.061431,0.000342,49.7624,1,1
569,search,2024-01-26,0,0,0.175078,0.007913,30.7163,0,0
570,social,2024-05-12,1,0,0.244181,0.001062,22.2937,1,1
571,social,2024-01-01,1,0,0.338303,0.014304,22.3231,0,0
572,search,2024-05-10,0,0,0.320394,0.006247,17.3049,1,0
573,referral,2024-03-24,0,1,0.080884,4.2e-05,11.7115,1,1
574,referral,2024-04-04,0,1,0.056639,0.003644,36.4011,1,1
575,search,2024-06-21,0,0,0.170514,0.01212,15.9389,1,0
576,social,2024-01-09,1,0,0.06599,0.000328,35.6255,1,1
577,search,2024-01-23,0,0,0.181362,0.004479,15.6867,0,0
578,search,2024-01-23,0,0,0.530071,0.001615,30.1353,1,1
579,search,2024-04-19,0,0,0.281788,0.000612,25.2818,1,1
580,social,2024-03-01,1,0,0.263402,0.147534,10.0534,0,0
581,social,2024-03-18,1,0,0.093415,0.003233,15.1216,1,1
582,social,2024-03-06,1,0,0.044262,0.003772,16.8291,1,1
583,search,2024-02-08,0,0,0.090368,0.021031,15.3184,0,0
584,search,2024-01-25,0,0,0.057399,0.00894,31.9828,1,1
585,social,2024-05-14,1,0,0.073463,0.003955,46.1884,1,1
586,social,2024-02-24,1,0,0.048681,0.112026,17.9986,0,0
587,social,2024-05-12,1,0,0.015,0.040013,48.0413,0,0
588,social,2024-02-13,1,0,0.001635,0.078695,30.3655,0,0
589,search,2024-06-28,0,0,0.031611,0.007793,25.8648,0,0
590,social,2024-02-11,1,0,0.008792,0.078773,24.8341,0,0
591,social,2024-01-22,1,0,0.107545,0.060166,34.9937,0,0
592,search,2024-06-28,0,0,0.343313,0.001545,61.2841,1,1
593,referral,2024-05-13,0,1,0.056753,0.000286,16.1023,1,1
594,search,2024-02-05,0,0,0.118164,0.021055,137.9699,1,0
595,search,2024-01-11,0,0,0.52032,0.006346,15.5452,1,1
596,referral,2024-01-30,0,1,0.005214,0.035242,19.9087,0,0
597,search,2024-01-21,0,0,0.045102,0.289624,9.3035,0,0
598,social,2024-04-30,1,0,0.007275,0.079774,29.5122,0,0
599,social,2024-06-18,1,0,0.037302,0.00367,16.5272,1,0
600,social,2024-05-05,1,0,0.01014,0.02186,9.7851,0,0
601,referral,2024-03-22,0,1,0.736621,0.012128,19.2239,0,0
602,social,2024-03-13,1,0,0.080141,0.038013,14.0397,0,0
603,social,2024-03-02,1,0,0.221731,0.177957,29.6036,0,0
604,search,2024-01-02,0,0,0.47182,0.052929,47.8471,0,0
605,search,2024-01-03,0,0,0.024774,0.015237,11.2857,0,0
606,search,2024-04-17,0,0,0.388656,0.020923,20.6142,0,0
607,search,2024-04-18,0,0,0.189915,0.034234,28.6639,0,0
608,search,2024-01-02,0,0,0.185088,0.047833,22.9008,0,0
609,social,2024-06-25,1,0,0.033772,0.00322,26.0348,0,0
610,social,2024-06-29,1,0,0.188492,0.004801,26.7156,0,0
611,search,2024-02-05,0,0,0.041078,0.100587,22.4408,0,0
612,social,2024-01-26,1,0,0.135297,0.004143,16.3505,0,0
613,referral,2024-03-11,0,1,0.019615,0.052602,47.7515,0,0
614,social,2024-04-23,1,0,0.036167,1.1e-05,75.0383,1,1
615,social,2024-03-25,1,0,0.017873,0.094274,41.4801,0,0
616,search,2024-01-23,0,0,0.129213,0.007042,12.2532,0,0
617,search,2024-05-21,0,0,0.039471,0.001436,76.6612,1,1
618,social,2024-02-04,1,0,0.011939,0.023364,20.6434,0,0
619,social,2024-02-27,1,0,0.205375,0.041018,19.4497,0,0
620,social,2024-03-13,1,0,0.02287,0.135996,16.4955,0,0
621,search,2024-06-23,0,0,0.219713,0.12076,30.4269,0,0
622,referral,2024-06-29,0,1,0.058831,0.026341,96.4653,1,0
623,search,2024-02-13,0,0,0.159105,0.001037,29.0789,1,1
624,social,2024-04-30,1,0,0.050984,0.004582,22.3677,1,1
625,social,2024-04-05,1,0,0.017351,0.044971,27.4764,0,0
626,search,2024-01-08,0,0,0.090426,0.016718,40.1394,1,1
627,search,2024-05-30,0,0,0.068991,0.026173,14.7087,1,1
628,search,2024-04-15,0,0,0.020217,0.075493,38.0949,0,0
629,search,2024-05-01,0,0,0.576515,0.032852,21.7734,0,0
630,referral,2024-06-28,0,1,0.076311,0.020921,14.7364,1,0
631,search,2024-02-18,0,0,0.038821,0.019333,36.7424,1,0
632,search,2024-05-21,0,0,0.325665,0.00321,25.0552,1,1
633,referral,2024-04-08,0,1,0.120443,0.008532,11.4784,1,0
634,referral,2024-01-02,0,1,0.100647,0.006014,58.2023,1,1
635,social,2024-06-21,1,0,0.047039,0.004575,31.9807,1,1
636,social,2024-05-08,1,0,0.188418,0.046183,20.3618,0,0
637,referral,2024-04-21,0,1,0.396803,0.046339,15.8848,0,0
638,referral,2024-04-06,0,1,0.226041,0.00503,11.0141,1,1
639,search,2024-02-18,0,0,0.090642,0.094238,17.6291,0,0
640,search,2024-05-01,0,0,0.09283,0.090517,26.3743,0,0
641,search,2024-02-06,0,0,0.120329,0.002111,25.0741,1,1
642,social,2024-03-27,1,0,0.036211,0.04859,16.0862,0,0
643,search,2024-02-02,0,0,0.068221,0.011077,31.2347,0,0
644,search,2024-03-15,0,0,0.076636,0.003525,47.1641,0,0
645,referral,2024-03-01,0,1,0.064962,0.005535,18.3953,0,0
646,search,2024-03-02,0,0,0.356746,0.053172,30.9731,0,0
647,search,2024-04-23,0,0,0.211343,0.015954,40.9961,1,0
648,referral,2024-02-17,0,1,0.189797,0.001511,17.4609,1,1
649,referral,2024-05-02,0,1,0.146625,0.005155,39.7795,1,1
650,social,2024-01-02,1,0,0.062649,0.000466,17.9672,1,1
651,referral,2024-05-31,0,1,0.17491,0.00257,17.5483,1,1
652,search,2024-05-08,0,0,0.6171,0.000123,28.6318,1,1
653,social,2024-01-13,1,0,0.011184,0.000728,23.1371,1,1
654,referral,2024-05-13,0,1,0.282113,0.015977,21.6698,0,0
655,referral,2024-05-15,0,1,0.109101,0.033888,14.5922,0,0
656,search,2024-04-08,0,0,0.048395,0.001133,29.5921,1,1
657,search,2024-01-27,0,0,0.27109,0.22574,36.0891,0,0
658,social,2024-01-05,1,0,0.003649,0.005486,49.1896,1,0
659,search,2024-05-07,0,0,0.619049,0.000493,39.2245,1,0
660,social,2024-05-07,1,0,5.6e-05,0.002783,37.3414,1,0
661,search,2024-06-05,0,0,0.117247,0.04815,19.6806,0,0
662,referral,2024-03-02,0,1,0.086233,0.007106,11.6042,1,1
663,search,2024-03-18,0,0,0.129138,0.010657,104.8358,0,0
664,search,2024-01-01,0,0,0.105876,0.005703,20.3668,1,1
665,social,2024-04-11,1,0,0.088506,0.005575,30.4322,1,0
666,social,2024-04-23,1,0,0.139672,0.460224,44.5473,0,0
667,referral,2024-06-10,0,1,0.064579,0.008995,26.6257,1,1
668,search,2024-06-18,0,0,0.178015,0.012972,16.82,1,0
669,search,2024-06-11,0,0,0.03033,0.022519,44.4522,1,1
670,search,2024-01-15,0,0,0.035382,0.088614,30.616,0,0
671,social,2024-03-24,1,0,0.287888,0.170279,18.9773,0,0
672,social,2024-02-17,1,0,0.127002,0.026573,11.9539,0,0
673,referral,2024-06-23,0,1,0.319224,0.001119,32.2476,1,1
674,search,2024-03-31,0,0,0.041807,0.024216,20.9846,1,0
675,search,2024-05-24,0,0,0.022033,0.006353,17.2348,1,1
676,search,2024-02-13,0,0,0.310093,0.040628,41.655,0,0
677,referral,2024-03-16,0,1,0.098298,0.004921,19.2535,1,0
678,referral,2024-04-17,0,1,0.043411,0.005086,17.7019,1,1
679,social,2024-04-15,1,0,0.160936,0.211816,20.7494,0,0
680,search,2024-04-29,0,0,0.392762,0.241888,18.161,0,0
681,search,2024-06-19,0,0,0.259415,0.015503,11.3479,1,0
682,search,2024-02-28,0,0,0.227822,0.038928,26.6393,0,0
683,social,2024-04-30,1,0,0.232406,0.385126,10.9889,0,0
684,referral,2024-01-08,0,1,0.17524,0.053114,66.3481,0,0
685,social,2024-06-01,1,0,0.050448,0.097748,12.3522,0,0
686,social,2024-01-15,1,0,0.356083,0.234395,10.7045,0,0
687,referral,2024-03-11,0,1,0.212792,0.030608,29.0293,0,0
688,search,2024-06-15,0,0,0.09225,0.063632,39.1542,1,0
689,search,2024-05-29,0,0,0.019177,0.028114,22.8193,1,1
690,social,2024-01-23,1,0,0.1352,0.008876,11.9171,0,0
691,search,2024-05-25,0,0,0.052414,0.011429,57.9433,1,0
692,social,2024-02-21,1,0,0.338646,0.001633,29.2193,1,1
693,search,2024-04-10,0,0,0.158819,0.009368,21.4488,1,1
694,social,2024-01-24,1,0,0.20578,0.063612,26.5802,0,0
695,referral,2024-05-07,0,1,0.470186,0.00073,24.1359,1,1
696,referral,2024-02-13,0,1,0.591841,0.024107,54.3256,0,0
697,search,2024-06-02,0,0,0.09369,0.020134,33.9045,0,0
698,referral,2024-05-08,0,1,0.155573,5.5e-05,27.0157,1,1
699,search,2024-03-27,0,0,0.022554,0.002999,50.0192,1,1
700,social,2024-01-23,1,0,0.09699,0.056161,17.9102,0,0
701,social,2024-04-11,1,0,0.013665,0.03101,23.4776,0,0
702,referral,2024-05-03,0,1,0.562829,0.023932,27.7023,1,0
703,social,2024-06-26,1,0,0.069085,0.00568,13.4707,1,0
704,referral,2024-01-13,0,1,0.06941,0.008914,34.5599,1,1
705,search,2024-06-07,0,0,0.381793,0.048213,45.343,1,0
706,search,2024-05-22,0,0,0.063648,0.010357,42.7956,0,0
707,search,2024-03-05,0,0,0.097723,0.031872,61.4451,0,0
708,search,2024-04-30,0,0,0.023886,0.049531,116.4873,1,0
709,social,2024-03-26,1,0,0.001428,0.103257,21.7251,0,0
710,referral,2024-06-25,0,1,0.072288,1.6e-05,69.7829,1,1
711,search,2024-05-23,0,0,0.110024,0.071322,29.3117,0,0
712,social,2024-03-11,1,0,0.004325,0.471011,32.1889,0,0
713,social,2024-01-06,1,0,0.140981,0.012518,19.8129,1,0
714,search,2024-03-24,0,0,0.05229,0.037614,20.3192,0,0
715,social,2024-04-19,1,0,0.009706,0.070802,13.3946,0,0
716,referral,2024-02-09,0,1,0.340391,0.015431,19.7489,1,0
717,social,2024-03-01,1,0,0.105814,2e-06,11.4735,1,1
718,social,2024-06-28,1,0,0.071853,0.030477,10.0511,0,0
719,search,2024-05-11,0,0,0.074801,0.008882,11.1493,1,0
720,social,2024-03-10,1,0,0.058745,0.142022,28.6195,0,0
721,search,2024-04-27,0,0,0.254864,0.049061,20.843,1,1
722,social,2024-01-23,1,0,0.23238,0.092109,14.7226,0,0
723,social,2024-05-28,1,0,0.257392,0.07793,21.1927,0,0
724,search,2024-02-26,0,0,0.402116,0.006563,18.1852,1,0
725,social,2024-02-09,1,0,0.09096,0.428536,19.3814,0,0
726,social,2024-06-13,1,0,0.029099,0.006075,13.9836,0,0
727,referral,2024-03-06,0,1,0.085169,0.020995,36.3767,0,0
728,social,2024-06-22,1,0,0.033208,0.032344,43.4592,0,0
729,social,2024-06-28,1,0,0.062988,0.255825,21.6472,0,0
730,referral,2024-04-25,0,1,0.014388,0.009618,35.8782,1,1
731,search,2024-01-09,0,0,0.143328,0.107186,60.809,0,0
732,search,2024-01-19,0,0,0.123235,0.040036,54.5347,0,0
733,social,2024-01-10,1,0,0.106977,0.024279,21.6811,0,0
734,search,2024-06-07,0,0,0.324176,0.054559,30.154,0,0
735,search,2024-04-03,0,0,0.075872,0.010781,21.8167,1,1
736,social,2024-02-24,1,0,0.073376,0.119981,24.0427,0,0
737,search,2024-04-21,0,0,0.000305,0.149464,28.5941,0,0
738,search,2024-02-29,0,0,0.035729,0.000193,21.3173,1,0
739,social,2024-03-12,1,0,0.127654,0.065214,43.3589,1,0
740,social,2024-01-14,1,0,0.350575,0.05621,9.5153,0,0
741,search,2024-06-13,0,0,0.015364,0.00276,46.7997,1,1
742,search,2024-04-08,0,0,0.008313,0.082281,11.0418,0,0
743,referral,2024-02-13,0,1,0.13402,0.015463,20.4176,0,0
744,social,2024-06-14,1,0,0.012288,0.114238,24.6542,0,0
745,search,2024-04-26,0,0,0.003797,0.03457,7.3296,1,1
746,search,2024-05-23,0,0,0.11288,0.053736,33.8225,0,0
747,referral,2024-03-13,0,1,0.084606,0.010626,19.5112,0,0
748,search,2024-03-30,0,0,0.355117,0.008501,31.3498,1,1
749,social,2024-05-27,1,0,0.045962,0.084793,13.2338,0,0
750,search,2024-01-25,0,0,0.073038,0.163352,17.6939,0,0
751,search,2024-03-18,0,0,0.003929,0.024451,43.0847,0,0
752,search,2024-04-25,0,0,0.097674,0.020978,32.888,1,1
753,search,2024-04-27,0,0,0.000939,0.000664,30.0461,1,1
754,search,2024-05-19,0,0,0.026583,0.001957,16.579,1,1
755,search,2024-05-04,0,0,0.258482,0.198038,33.8427,0,0
756,social,2024-05-07,1,0,0.023514,0.115003,15.5114,0,0
757,social,2024-04-21,1,0,1.6e-05,0.095267,62.8408,0,0
758,referral,2024-02-27,0,1,0.092093,0.012064,33.4764,0,0
759,search,2024-02-21,0,0,0.550777,0.012203,53.2383,1,1
760,search,2024-03-21,0,0,0.138255,0.023692,19.4622,0,0
761,search,2024-03-14,0,0,0.108187,0.051741,48.6369,0,0
762,search,2024-05-10,0,0,0.089265,0.042834,141.5803,0,0
763,search,2024-04-26,0,0,0.249094,0.040708,40.5168,1,0
764,search,2024-06-04,0,0,0.112534,0.019207,26.1053,1,0
765,search,2024-05-24,0,0,0.089202,0.011764,32.4757,0,0
766,social,2024-02-11,1,0,0.103531,0.009051,32.2964,0,0
767,social,2024-04-09,1,0,0.085448,0.031026,44.4234,1,0
768,social,2024-01-16,1,0,0.138694,0.018178,52.7411,1,1
769,social,2024-02-14,1,0,0.141714,0.00692,21.6668,0,0
770,search,2024-05-01,0,0,0.066409,0.002033,33.8791,0,0
771,social,2024-02-22,1,0,0.025874,0.135885,37.4586,0,0
772,social,2024-05-17,1,0,0.16886,0.15826,29.8287,0,0
773,search,2024-04-17,0,0,0.333646,0.014782,35.5883,0,0
774,referral,2024-05-23,0,1,0.221438,0.0138,24.8015,1,0
775,social,2024-02-08,1,0,0.032614,0.191342,61.5568,0,0
776,search,2024-04-04,0,0,0.139957,0.044613,11.6888,0,0
777,referral,2024-01-02,0,1,0.165499,0.043372,25.9032,0,0
778,referral,2024-04-05,0,1,0.312142,0.003919,11.1834,1,1
779,search,2024-03-08,0,0,0.282017,0.036276,21.6192,1,0
780,referral,2024-06-18,0,1,0.167693,0.048482,33.628,0,0
781,search,2024-04-04,0,0,0.799549,0.007994,65.416,1,1
782,social,2024-03-10,1,0,0.086961,0.155456,15.0504,0,0
783,referral,2024-04-03,0,1,0.445122,0.030536,35.6559,0,0
784,search,2024-03-20,0,0,0.028686,0.025765,76.1224,0,0
785,search,2024-03-26,0,0,0.088949,5e-05,55.0234,1,1
786,search,2024-02-02,0,0,0.447548,0.046519,26.6754,1,0
787,search,2024-05-12,0,0,0.056806,0.001284,15.6858,1,0
788,search,2024-04-14,0,0,0.068203,0.011524,28.6519,1,1
789,search,2024-01-20,0,0,0.122865,0.008077,31.0617,0,0
790,search,2024-02-29,0,0,0.208855,0.022599,12.6691,1,0
791,referral,2024-03-18,0,1,0.005627,0.017377,15.6304,1,0
792,referral,2024-02-12,0,1,0.405103,0.056854,17.2371,1,0
793,social,2024-01-20,1,0,0.015573,0.01483,27.809,1,0
794,social,2024-01-16,1,0,0.165796,0.021173,41.6858,1,1
795,social,2024-02-16,1,0,0.006086,0.005999,41.2471,0,0
796,referral,2024-03-25,0,1,0.303344,0.00114,23.3167,1,1
797,search,2024-01-27,0,0,0.070983,0.019751,30.7084,0,0
798,referral,2024-06-08,0,1,0.262234,0.022078,37.4123,0,0
799,referral,2024-05-01,0,1,0.112588,0.00639,20.7995,1,1
800,social,2024-06-06,1,0,0.16656,0.000499,55.3608,1,1
801,search,2024-01-24,0,0,0.005209,0.032088,21.6022,0,0
802,search,2024-05-12,0,0,0.093071,0.025742,78.7453,1,0
803,social,2024-05-15,1,0,0.093318,0.075495,28.3639,0,0
804,search,2024-03-01,0,0,0.00023,0.019308,36.3832,1,0
805,social,2024-02-19,1,0,0.049864,0.073882,16.2557,0,0
806,search,2024-05-09,0,0,0.099425,0.118604,11.949,0,0
807,search,2024-03-13,0,0,0.003651,0.044826,59.4776,0,0
808,social,2024-04-06,1,0,0.113268,0.055828,19.2838,1,0
809,referral,2024-03-17,0,1,0.29476,0.055382,53.8768,0,0
810,referral,2024-01-30,0,1,0.037545,0.002663,60.0227,1,1
811,referral,2024-03-08,0,1,0.02948,0.014596,13.4589,1,1
812,referral,2024-05-12,0,1,0.056879,0.000677,17.8829,1,1
813,search,2024-03-25,0,0,0.071351,0.033568,15.3524,0,0
814,social,2024-03-28,1,0,0.007519,0.270684,18.9004,0,0
815,referral,2024-06-18,0,1,0.246342,0.014371,12.4391,0,0
816,search,2024-05-16,0,0,0.043357,0.05917,17.6422,0,0
817,social,2024-06-27,1,0,0.02851,0.006597,25.0678,1,0
818,social,2024-03-02,1,0,0.012367,0.147296,33.7082,0,0
819,search,2024-02-04,0,0,0.51532,0.238865,13.9629,0,0
820,referral,2024-06-02,0,1,0.023538,0.028905,18.0188,1,0
821,search,2024-06-13,0,0,0.018739,0.060088,24.5457,0,0
822,social,2024-04-18,1,0,0.088725,0.131014,30.1218,0,0
823,search,2024-03-11,0,0,0.005385,0.011436,48.8911,0,0
824,search,2024-02-22,0,0,0.428507,0.115981,17.6482,0,0
825,search,2024-06-03,0,0,0.170815,0.009953,27.867,1,1
826,search,2024-04-20,0,0,0.002817,0.041723,45.4407,1,0
827,referral,2024-04-05,0,1,0.22448,0.014585,47.0578,1,0
828,social,2024-03-16,1,0,0.23915,0.00376,22.2258,1,1
829,social,2024-06-12,1,0,0.351654,0.000286,40.3438,1,1
830,search,2024-06-04,0,0,0.010572,0.020309,24.1165,0,0
831,social,2024-05-19,1,0,0.541132,8.3e-05,23.3378,1,1
832,search,2024-05-29,0,0,0.035871,0.050673,21.0098,0,0
833,referral,2024-06-07,0,1,0.019316,0.001652,28.01,1,1
834,search,2024-04-09,0,0,0.165573,0.017561,54.8696,0,0
835,search,2024-06-04,0,0,0.137489,0.031078,28.7283,0,0
836,search,2024-03-05,0,0,0.223707,0.013653,22.9485,1,1
837,search,2024-04-13,0,0,0.219944,0.092053,30.4991,0,0
838,search,2024-01-01,0,0,0.254489,0.161316,21.7764,0,0
839,social,2024-05-25,1,0,0.157147,0.049869,27.0883,0,0
840,search,2024-01-14,0,0,0.143907,0.000342,18.9065,1,1
841,search,2024-03-30,0,0,0.083013,0.003639,24.9195,1,1
842,social,2024-01-16,1,0,0.051068,0.010298,21.4932,0,0
843,referral,2024-01-23,0,1,0.468045,0.007889,11.8334,1,0
844,search,2024-05-19,0,0,0.211098,0.022816,53.3716,0,0
845,search,2024-04-11,0,0,0.018141,0.016326,15.3678,1,0
846,search,2024-03-09,0,0,0.043474,0.024045,11.3546,1,1
847,search,2024-02-20,0,0,0.267395,0.060587,66.0384,0,0
848,referral,2024-05-12,0,1,0.636533,0.020321,22.6457,1,0
849,search,2024-04-02,0,0,0.053995,4e-06,12.0692,1,1
850,search,2024-01-11,0,0,0.00391,0.212631,21.1441,0,0
851,social,2024-05-30,1,0,0.167741,0.209549,19.7066,1,0
852,search,2024-02-16,0,0,0.023089,0.022677,30.237,1,0
853,search,2024-05-31,0,0,0.008936,0.000356,20.7002,0,0
854,social,2024-06-04,1,0,0.406374,0.071764,56.0427,1,0
855,social,2024-03-16,1,0,0.191672,0.187248,16.9055,0,0
856,social,2024-05-07,1,0,0.189084,0.001985,132.1101,1,1
857,search,2024-02-12,0,0,0.062922,0.240638,20.3698,0,0
858,social,2024-06-10,1,0,0.10154,0.002489,22.2776,1,1
859,search,2024-01-01,0,0,0.199242,0.009352,57.7111,1,1
860,search,2024-02-08,0,0,0.162341,0.000581,32.138,1,1
861,search,2024-04-10,0,0,0.053766,0.015059,24.9941,1,0
862,social,2024-02-20,1,0,0.121462,0.003413,24.6684,1,1
863,search,2024-03-31,0,0,0.580123,0.005101,49.8551,1,0
864,search,2024-04-24,0,0,0.13158,0.008646,34.3086,1,1
865,social,2024-06-08,1,0,0.043067,0.015426,24.0819,1,0
866,search,2024-05-18,0,0,0.047282,0.014471,52.343,1,0
867,social,2024-06-19,1,0,0.052221,0.154463,11.6971,0,0
868,search,2024-06-26,0,0,0.329842,0.001376,16.8727,1,1
869,search,2024-02-25,0,0,0.120533,0.023292,26.1994,0,0
870,social,2024-04-21,1,0,0.159464,0.194184,12.4497,0,0
871,social,2024-05-24,1,0,0.124397,0.040766,19.6739,1,0
872,social,2024-06-25,1,0,0.005073,0.084812,22.011,0,0
873,social,2024-01-30,1,0,0.11218,0.280538,19.3878,0,0
874,referral,2024-04-19,0,1,0.294795,0.00314,24.4819,1,0
875,social,2024-02-07,1,0,0.015495,0.000941,25.6861,1,1
876,social,2024-06-03,1,0,0.051385,0.03927,20.3741,1,0
877,referral,2024-04-25,0,1,0.083774,0.015666,79.4448,0,0
878,social,2024-01-05,1,0,0.52256,0.000159,22.4477,1,1
879,search,2024-02-13,0,0,0.082025,0.049959,30.158,0,0
880,search,2024-06-28,0,0,0.055533,0.105167,25.9042,0,0
881,social,2024-03-18,1,0,0.177115,0.003621,14.1575,1,1
882,search,2024-01-27,0,0,0.582995,0.024416,21.9336,0,0
883,social,2024-01-07,1,0,0.000598,0.290134,35.4061,0,0
884,social,2024-01-14,1,0,0.12864,0.162129,15.0216,0,0
885,social,2024-03-07,1,0,0.055595,0.158261,54.5834,0,0
886,social,2024-01-16,1,0,0.055479,0.115058,21.9841,0,0
887,social,2024-03-02,1,0,0.073895,0.019463,30.2753,1,1
888,social,2024-02-28,1,0,0.037489,0.065669,25.7861,0,0
889,social,2024-06-22,1,0,0.077719,0.046599,51.8506,0,0
890,search,2024-03-22,0,0,0.11991,0.00121,11.1986,1,1
891,social,2024-01-10,1,0,0.005245,0.143709,21.8535,0,0
892,social,2024-03-01,1,0,0.22585,0.039027,77.6373,1,0
893,social,2024-05-12,1,0,0.15087,0.006159,34.7097,1,1
894,social,2024-01-27,1,0,0.013079,1e-06,34.1926,1,1
895,social,2024-04-14,1,0,0.074432,0.052065,12.1367,1,0
896,social,2024-02-09,1,0,0.233338,0.001982,27.1025,1,1
897,social,2024-04-14,1,0,0.400708,0.126913,65.0117,0,0
898,search,2024-06-13,0,0,0.383513,0.038739,29.4438,0,0
899,search,2024-05-06,0,0,0.112274,0.012026,42.6926,0,0
900,search,2024-01-10,0,0,0.028782,0.011655,28.6127,1,1
901,referral,2024-05-14,0,1,0.311648,0.001164,27.5154,1,1
902,referral,2024-02-20,0,1,0.068839,0.017219,11.7364,1,1
903,search,2024-05-08,0,0,0.007481,5e-06,15.1866,1,1
904,referral,2024-01-21,0,1,0.425842,0.002735,84.4863,1,1
905,referral,2024-02-22,0,1,0.391557,0.028329,16.8023,0,0
906,social,2024-02-17,1,0,0.026177,0.060212,29.3824,0,0
907,search,2024-02-25,0,0,0.043746,0.148928,14.2536,0,0
908,search,2024-02-27,0,0,0.059013,0.186785,26.7553,0,0
909,social,2024-04-07,1,0,0.015326,0.041664,34.7459,1,0
910,search,2024-03-15,0,0,0.148718,0.115215,38.4857,0,0
911,social,2024-03-03,1,0,0.315525,0.243444,17.7656,0,0
912,social,2024-03-11,1,0,0.027861,0.205152,16.2787,0,0
913,referral,2024-06-06,0,1,0.011781,0.005586,22.1489,1,1
914,social,2024-05-11,1,0,0.029456,0.007904,20.319,0,0
915,search,2024-05-04,0,0,0.012705,0.064235,28.9047,0,0
916,search,2024-05-30,0,0,0.461621,0.068364,18.8659,0,0
917,search,2024-06-29,0,0,0.12451,0.037918,28.2983,0,0
918,search,2024-06-07,0,0,0.156498,0.007346,18.2847,1,0
919,search,2024-06-29,0,0,0.328879,0.100837,13.9284,0,0
920,referral,2024-03-15,0,1,0.260135,0.003086,46.5193,1,0
921,referral,2024-03-17,0,1,0.555493,0.004842,26.7335,1,1
922,social,2024-06-27,1,0,0.013692,0.006509,11.843,0,0
923,search,2024-05-01,0,0,0.428722,0.07197,29.9887,0,0
924,social,2024-04-18,1,0,0.008777,0.145243,15.7028,0,0
925,social,2024-04-29,1,0,0.491397,0.174541,52.3487,0,0
926,search,2024-01-17,0,0,0.206456,0.001439,18.1338,1,1
927,social,2024-01-23,1,0,0.071872,0.018923,140.7488,1,0
928,social,2024-01-26,1,0,0.185456,0.00444,14.4776,1,1
929,search,2024-04-18,0,0,0.126393,0.04144,55.9763,0,0
930,search,2024-04-22,0,0,0.025168,0.00664,16.7852,1,1
931,referral,2024-04-04,0,1,0.140424,0.014687,27.2944,0,0
932,search,2024-05-03,0,0,0.058732,0.102924,11.8211,0,0
933,social,2024-04-25,1,0,0.044456,0.000649,34.5904,1,1
934,search,2024-04-20,0,0,0.059243,0.010307,21.5751,1,0
935,social,2024-01-29,1,0,0.283694,0.031591,24.3106,0,0
936,social,2024-03-11,1,0,0.166902,0.208848,25.5006,0,0
937,referral,2024-02-16,0,1,0.12767,0.006476,23.4321,1,0
938,search,2024-02-14,0,0,0.051414,0.138903,47.2155,0,0
939,social,2024-06-10,1,0,0.019282,0.660106,34.0209,0,0
940,social,2024-06-12,1,0,0.294762,0.07148,10.1541,1,0
941,search,2024-06-19,0,0,0.226816,0.028115,106.984,1,0
942,search,2024-02-21,0,0,0.001559,0.003929,57.9267,1,1
943,search,2024-01-15,0,0,0.310651,0.021213,20.9998,0,0
944,social,2024-03-12,1,0,0.22319,0.015352,39.3211,0,0
945,social,2024-05-22,1,0,0.255309,0.00091,16.2784,1,1
946,referral,2024-02-27,0,1,0.212119,0.049404,17.9717,0,0
947,social,2024-02-18,1,0,0.080387,0.162226,27.0848,0,0
948,referral,2024-06-28,0,1,0.148156,0.00624,14.2284,1,1
949,referral,2024-02-06,0,1,0.427938,9.5e-05,40.6203,1,1
950,social,2024-06-25,1,0,0.132,0.169295,32.8151,0,0
951,social,2024-05-03,1,0,0.127191,0.068952,49.2764,0,0
952,search,2024-04-05,0,0,0.933533,0.009227,39.9358,1,1
953,search,2024-05-10,0,0,0.257671,0.057916,40.5697,0,0
954,search,2024-03-28,0,0,0.018928,0.017107,23.8297,1,0
955,social,2024-01-24,1,0,0.169414,0.073946,22.9593,0,0
956,social,2024-04-15,1,0,0.091363,0.017771,96.1072,0,0
957,social,2024-02-23,1,0,0.074284,0.013418,45.426,0,0
958,referral,2024-01-11,0,1,0.405202,0.070801,75.2839,1,0
959,search,2024-03-12,0,0,0.136736,0.015294,20.5732,0,0
960,search,2024-02-19,0,0,0.109024,0.000151,16.4312,1,1
961,referral,2024-05-03,0,1,0.022026,0.010507,12.5158,0,0
962,social,2024-06-07,1,0,0.128268,0.044958,31.2509,0,0
963,social,2024-03-30,1,0,0.068008,0.131021,21.9784,0,0
964,social,2024-06-04,1,0,0.01162,0.018264,28.3184,0,0
965,social,2024-06-20,1,0,0.049811,0.055304,62.7332,0,0
966,search,2024-05-12,0,0,0.160614,0.043348,24.7907,1,0
967,social,2024-04-26,1,0,0.028751,0.056004,29.9572,1,0
968,social,2024-03-17,1,0,0.015626,0.08228,19.7242,0,0
969,referral,2024-04-28,0,1,0.400458,4.2e-05,15.5957,1,1
970,search,2024-02-11,0,0,0.024299,0.00175,24.8131,1,1
971,social,2024-06-27,1,0,0.019652,0.178727,115.9713,0,0
972,social,2024-05-01,1,0,0.206335,0.076597,30.466,0,0
973,referral,2024-03-19,0,1,0.273641,0.001206,13.3457,1,1
974,social,2024-05-12,1,0,0.185406,0.082091,40.8182,0,0
975,referral,2024-03-20,0,1,0.086606,0.066903,78.3282,0,0
976,search,2024-03-27,0,0,0.530158,0.016716,18.4363,0,0
977,referral,2024-01-25,0,1,0.316594,0.028742,40.9059,0,0
978,search,2024-03-08,0,0,0.073588,0.000815,14.5577,1,1
979,referral,2024-04-01,0,1,0.010975,0.001978,41.8748,1,1
980,referral,2024-03-10,0,1,0.248968,0.012153,12.821,0,0
981,social,2024-01-08,1,0,0.289175,0.002465,23.6831,1,1
982,social,2024-05-07,1,0,0.357553,0.136078,17.1833,0,0
983,referral,2024-01-29,0,1,0.006175,0.009205,18.2569,1,0
984,referral,2024-01-11,0,1,0.153697,0.017848,30.0041,0,0
985,referral,2024-03-03,0,1,0.036793,0.009159,32.3054,1,1
986,social,2024-03-10,1,0,0.288011,0.000482,25.6621,1,1
987,social,2024-06-20,1,0,0.31663,0.021001,103.3371,0,0
988,social,2024-03-18,1,0,0.032919,0.003414,15.4352,1,1
989,referral,2024-05-19,0,1,0.175804,0.015505,26.4045,0,0
990,social,2024-05-03,1,0,0.171132,0.050369,64.0619,0,0
991,referral,2024-01-01,0,1,0.121707,0.000711,19.6012,1,1
992,referral,2024-05-27,0,1,0.082938,0.001819,12.7669,1,1
993,search,2024-03-18,0,0,0.187497,0.023544,12.7311,1,0
994,referral,2024-02-26,0,1,0.254081,0.021957,21.3559,1,0
995,social,2024-05-12,1,0,0.016026,0.492049,69.9596,0,0
996,social,2024-03-06,1,0,0.109417,0.06307,86.7684,0,0
997,search,2024-04-19,0,0,0.069665,0.006706,44.9209,1,1
998,referral,2024-01-29,0,1,0.191854,0.000409,53.5984,1,1
999,search,2024-05-18,0,0,0.000906,0.001361,20.0811,1,1
1000,search,2024-02-04,0,0,0.080277,0.014063,20.6598,0,0
1001,referral,2024-03-14,0,1,0.088131,0.028932,12.7461,0,0
1002,search,2024-04-18,0,0,0.303906,0.019343,12.469,1,0
1003,referral,2024-01-19,0,1,0.205241,0.003942,11.1727,1,1
1004,referral,2024-03-05,0,1,0.079801,0.016599,17.5186,1,1
1005,social,2024-06-11,1,0,0.551326,0.003589,22.3266,1,1
1006,referral,2024-01-18,0,1,0.185879,0.03834,26.0192,0,0
1007,search,2024-04-28,0,0,0.007013,0.021908,53.0585,0,0
1008,referral,2024-05-13,0,1,0.06266,0.00357,18.0262,1,1
1009,search,2024-02-01,0,0,0.011042,0.05962,27.1982,0,0
1010,social,2024-04-19,1,0,0.346623,0.000179,15.4751,1,1
1011,search,2024-03-02,0,0,0.084932,0.094864,13.2411,0,0
1012,search,2024-05-20,0,0,0.152822,0.007626,27.5843,1,1
1013,social,2024-05-05,1,0,0.156095,0.010097,20.8788,0,0
1014,social,2024-01-03,1,0,0.023183,0.041835,61.993,0,0
1015,social,2024-03-13,1,0,0.038793,0.004828,226.8264,1,0
1016,search,2024-03-30,0,0,0.056039,0.012809,23.7826,1,0
1017,social,2024-01-20,1,0,0.031248,0.000158,16.3441,1,0
1018,referral,2024-01-02,0,1,0.292109,0.000493,32.4471,1,1
1019,search,2024-03-19,0,0,0.096859,0.013675,69.328,1,1
1020,search,2024-06-25,0,0,0.005345,0.022926,27.389,1,1
1021,search,2024-03-14,0,0,0.040231,0.053344,38.942,0,0
1022,search,2024-02-06,0,0,0.282053,0.046407,30.3389,0,0
1023,social,2024-01-13,1,0,0.004391,0.040607,35.3755,0,0
1024,search,2024-01-17,0,0,0.032653,0.006399,11.302,1,1
1025,social,2024-02-12,1,0,0.112645,0.103402,60.079,0,0
1026,social,2024-03-09,1,0,0.03252,0.058153,27.1491,0,0
1027,social,2024-02-04,1,0,0.004071,0.016424,23.3567,0,0
1028,social,2024-03-13,1,0,0.192507,0.035827,19.493,1,0
1029,social,2024-04-21,1,0,0.015296,0.178475,10.6069,0,0
1030,referral,2024-05-03,0,1,0.363959,0.058691,39.0184,0,0
1031,search,2024-01-05,0,0,0.164069,0.012001,22.8024,1,1
1032,search,2024-03-03,0,0,0.205659,0.012826,56.6683,1,1
1033,referral,2024-03-25,0,1,0.027118,0.001016,46.9562,1,1
1034,social,2024-05-15,1,0,0.079776,0.000911,20.6218,1,1
1035,search,2024-02-15,0,0,0.037276,0.165952,22.6903,0,0
1036,social,2024-02-25,1,0,0.264571,0.071505,20.6788,0,0
1037,social,2024-01-10,1,0,0.004131,0.135724,28.7557,0,0
1038,social,2024-03-14,1,0,0.021736,0.009183,23.3705,1,1
1039,search,2024-01-02,0,0,0.616135,0.046151,11.1807,0,0
1040,search,2024-06-18,0,0,0.517954,0.01941,52.0782,1,0
1041,referral,2024-01-17,0,1,0.063385,0.006023,24.0385,1,1
1042,referral,2024-01-11,0,1,0.118736,0.009988,12.8716,1,1
1043,referral,2024-06-25,0,1,0.029372,0.176207,17.4365,0,0
1044,social,2024-05-23,1,0,0.378205,0.036126,21.7908,1,0
1045,search,2024-02-02,0,0,0.224934,0.006966,32.3662,1,1
1046,search,2024-06-03,0,0,0.292786,0.011845,23.3213,1,1
1047,search,2024-06-20,0,0,0.011483,0.04819,44.3697,0,0
1048,social,2024-01-03,1,0,0.046017,0.011825,39.8563,0,0
1049,referral,2024-06-22,0,1,0.320673,0.06862,13.4125,0,0
1050,referral,2024-03-22,0,1,0.070898,0.012866,27.3085,1,0
1051,search,2024-01-19,0,0,0.266563,0.089404,18.2563,0,0
1052,social,2024-02-10,1,0,0.005339,0.049034,85.3321,0,0
1053,search,2024-05-30,0,0,0.598463,0.149124,40.261,0,0
1054,search,2024-01-12,0,0,0.722946,0.034381,30.4625,1,1
1055,search,2024-02-05,0,0,0.245138,0.003053,39.0362,1,0
1056,social,2024-02-02,1,0,0.03776,0.041736,14.465,0,0
1057,search,2024-06-24,0,0,0.01736,0.041769,77.6939,0,0
1058,social,2024-04-29,1,0,0.041647,0.001985,47.1464,1,1
1059,social,2024-02-10,1,0,0.086484,0.003123,10.3401,1,0
1060,search,2024-01-18,0,0,0.71416,0.165871,30.443,0,0
1061,referral,2024-04-07,0,1,0.399304,0.007314,42.9645,1,0
1062,search,2024-01-14,0,0,0.611576,0.020921,66.4504,0,0
1063,search,2024-06-18,0,0,0.206548,8.8e-05,240.3981,1,1
1064,social,2024-02-28,1,0,0.000984,0.007237,41.3158,1,1
1065,social,2024-03-25,1,0,0.030004,0.067281,21.8722,0,0
1066,referral,2024-05-04,0,1,0.112168,0.00654,27.3877,1,1
1067,social,2024-03-15,1,0,0.251175,0.004783,38.6793,0,0
1068,search,2024-05-30,0,0,0.352862,0.007914,21.9439,0,0
1069,search,2024-06-03,0,0,0.223066,0.18102,19.986,0,0
1070,social,2024-02-20,1,0,0.291514,0.030651,85.7129,0,0
1071,social,2024-06-10,1,0,0.003526,0.022213,19.568,1,0
1072,search,2024-06-09,0,0,0.146525,2e-06,33.213,1,1
1073,social,2024-02-20,1,0,0.024004,0.056279,48.4856,0,0
1074,social,2024-02-14,1,0,0.043741,0.01097,24.5117,0,0
1075,social,2024-02-19,1,0,0.040503,0.144776,12.698,0,0
1076,social,2024-05-13,1,0,0.014091,0.12139,121.3196,0,0
1077,social,2024-02-11,1,0,0.012603,0.106034,25.1064,0,0
1078,search,2024-03-15,0,0,0.076529,0.001896,24.8193,1,1
1079,search,2024-06-27,0,0,0.354928,0.300452,16.5088,0,0
1080,search,2024-03-06,0,0,0.110059,0.000466,28.1851,1,1
1081,search,2024-06-12,0,0,0.3367,0.062457,15.8436,1,0
1082,search,2024-01-04,0,0,0.080075,0.000333,22.1973,1,1
1083,referral,2024-03-14,0,1,0.124229,0.040706,44.1926,0,0
1084,social,2024-06-08,1,0,0.46774,0.280203,24.9596,0,0
1085,referral,2024-05-30,0,1,0.469665,0.011198,10.198,1,1
1086,social,2024-02-23,1,0,0.010588,0.001481,57.3053,1,1
1087,search,2024-01-27,0,0,0.120405,0.001913,42.9476,1,1
1088,search,2024-04-16,0,0,0.063378,0.000454,18.3914,1,1
1089,social,2024-05-22,1,0,0.022563,0.144432,16.2779,0,0
1090,social,2024-02-02,1,0,0.005799,0.109555,31.1866,0,0
1091,social,2024-03-27,1,0,0.008647,1e-06,23.6099,1,1
1092,referral,2024-01-16,0,1,0.042708,0.018009,19.4215,1,1
1093,referral,2024-01-01,0,1,0.04341,0.029049,19.2946,0,0
1094,social,2024-01-28,1,0,0.387145,0.005803,45.8047,1,1
1095,social,2024-01-29,1,0,0.122337,0.030131,14.3843,0,0
1096,referral,2024-02-29,0,1,0.612653,0.008678,16.4378,1,0
1097,search,2024-01-22,0,0,0.029083,0.003883,81.8423,1,0
1098,search,2024-05-10,0,0,0.434308,0.017005,48.6085,0,0
1099,social,2024-06-16,1,0,0.384674,0.122665,24.1006,0,0
1100,search,2024-02-16,0,0,0.419294,0.004596,12.9798,1,1
1101,social,2024-05-29,1,0,0.143316,0.800264,35.8739,0,0
1102,referral,2024-04-25,0,1,0.39944,0.007074,49.3325,1,1
1103,referral,2024-03-18,0,1,0.776409,0.006289,9.9343,1,0
1104,search,2024-05-16,0,0,0.108785,0.080204,37.5759,0,0
1105,search,2024-03-30,0,0,0.142531,0.165739,28.7795,0,0
1106,social,2024-02-15,1,0,0.400642,0.078985,16.856,0,0
1107,search,2024-03-21,0,0,0.351521,0.046372,33.4321,0,0
1108,social,2024-01-25,1,0,0.018154,0.014712,27.2358,1,1
1109,referral,2024-05-12,0,1,0.073397,0.002244,29.652,1,1
1110,social,2024-05-22,1,0,0.164247,0.065243,58.6868,0,0
1111,social,2024-01-19,1,0,0.120844,0.006581,84.2447,1,1
1112,search,2024-06-08,0,0,0.194577,0.144435,21.9495,0,0
1113,search,2024-02-18,0,0,0.02663,0.000169,25.7155,1,1
1114,search,2024-01-02,0,0,0.219642,0.006923,37.9937,1,1
1115,search,2024-03-19,0,0,0.034249,0.008543,18.4783,0,0
1116,search,2024-01-09,0,0,0.008758,0.035634,139.9061,0,0
1117,social,2024-06-01,1,0,0.495246,0.119537,16.1871,0,0
1118,search,2024-03-11,0,0,0.096808,0.003991,13.0896,1,0
1119,social,2024-01-08,1,0,0.012028,0.007301,22.2874,1,1
1120,referral,2024-06-24,0,1,0.105784,0.043903,56.2426,0,0
1121,search,2024-06-10,0,0,0.054969,0.293459,40.7141,0,0
1122,search,2024-03-16,0,0,0.509556,0.073713,28.5941,0,0
1123,search,2024-02-10,0,0,0.083939,0.032967,15.2355,1,0
1124,search,2024-03-09,0,0,0.011677,0.055049,30.9821,0,0
1125,referral,2024-03-06,0,1,0.135067,0.034723,12.836,0,0
1126,search,2024-06-09,0,0,0.072337,7e-06,34.2317,1,1
1127,referral,2024-01-16,0,1,0.100334,0.090064,16.0659,0,0
1128,referral,2024-03-03,0,1,0.166226,0.025666,39.8291,1,1
1129,search,2024-03-02,0,0,0.161462,3.2e-05,74.4532,1,1
1130,social,2024-02-16,1,0,0.012384,0.329498,60.112,0,0
1131,social,2024-04-22,1,0,0.190258,0.055864,47.9028,0,0
1132,social,2024-02-19,1,0,0.0889,0.00113,22.5366,1,1
1133,search,2024-06-12,0,0,0.388147,0.014085,31.396,1,1
1134,social,2024-06-17,1,0,0.073764,0.051811,13.185,0,0
1135,social,2024-01-10,1,0,0.193313,0.038465,16.2305,1,0
1136,social,2024-02-02,1,0,0.031482,0.000737,9.5827,1,1
1137,search,2024-05-15,0,0,0.007702,0.015495,34.3925,1,1
1138,social,2024-01-01,1,0,0.111497,0.008686,14.2437,1,1
1139,social,2024-06-17,1,0,0.04132,0.018559,33.0361,1,0
1140,social,2024-02-20,1,0,0.056705,0.302817,25.2707,0,0
1141,referral,2024-05-10,0,1,0.01149,0.090576,30.0162,0,0
1142,referral,2024-02-09,0,1,0.11396,0.035016,27.46,0,0
1143,search,2024-06-05,0,0,0.004368,0.130865,23.351,0,0
1144,social,2024-05-18,1,0,0.072114,0.342195,16.3106,0,0
1145,social,2024-03-05,1,0,0.164807,0.194891,12.8478,0,0
1146,referral,2024-01-17,0,1,0.127549,0.01487,62.2428,1,0
1147,referral,2024-03-11,0,1,0.121566,0.01083,22.8472,1,1
1148,search,2024-04-02,0,0,0.225949,7e-06,11.1816,1,1
1149,search,2024-05-24,0,0,0.549747,0.056726,25.4866,0,0
1150,referral,2024-01-14,0,1,0.015845,0.001399,9.7472,1,1
1151,search,2024-04-14,0,0,0.282779,0.02415,13.4013,1,0
1152,social,2024-04-16,1,0,0.01973,0.105062,26.2813,0,0
1153,search,2024-03-09,0,0,0.069379,0.120038,34.3851,0,0
1154,social,2024-01-22,1,0,0.051992,0.002896,38.0582,1,1
1155,social,2024-04-11,1,0,0.003218,0.383806,29.5503,0,0
1156,referral,2024-06-03,0,1,0.092454,0.033795,15.7662,1,0
1157,referral,2024-05-11,0,1,0.255767,0.006884,49.952,1,0
1158,search,2024-02-16,0,0,0.275722,0.047959,26.7595,0,0
1159,search,2024-02-03,0,0,0.151326,0.019429,26.208,0,0
1160,referral,2024-05-17,0,1,0.101653,0.061183,24.3773,0,0
1161,social,2024-01-01,1,0,0.090807,0.334535,20.4788,0,0
1162,search,2024-03-10,0,0,0.189409,0.247642,38.3487,0,0
1163,search,2024-02-29,0,0,0.455967,0.100633,28.2357,0,0
1164,search,2024-03-15,0,0,0.003173,0.019512,17.2044,1,1
1165,search,2024-03-07,0,0,0.0052,0.030138,23.5319,0,0
1166,social,2024-05-09,1,0,0.029463,0.30822,56.7176,0,0
1167,referral,2024-01-04,0,1,0.053309,0.002157,35.7083,1,1
1168,social,2024-01-27,1,0,0.099094,0.206426,16.9492,0,0
1169,social,2024-06-15,1,0,0.026818,0.213629,19.8153,0,0
1170,search,2024-05-02,0,0,0.118908,0.050746,13.8694,0,0
1171,referral,2024-01-31,0,1,0.04543,0.087521,54.9253,0,0
1172,social,2024-04-05,1,0,0.018409,0.037277,16.1141,1,0
1173,referral,2024-02-09,0,1,0.342107,0.026699,28.0256,0,0
1174,social,2024-03-15,1,0,0.393681,0.006934,29.3936,1,0
1175,search,2024-05-16,0,0,0.188751,4.1e-05,32.9724,1,1
1176,social,2024-05-31,1,0,0.039028,0.003992,49.1472,1,1
1177,referral,2024-04-06,0,1,0.426686,0.021391,29.0002,0,0
1178,social,2024-01-04,1,0,0.378025,0.0557,34.7634,0,0
1179,search,2024-03-17,0,0,0.014606,0.01598,46.5712,0,0
1180,social,2024-05-24,1,0,0.003904,0.031342,35.558,0,0
1181,search,2024-04-23,0,0,0.112545,0.197669,18.7504,0,0
1182,search,2024-05-10,0,0,0.003805,0.005382,14.621,1,1
1183,referral,2024-02-19,0,1,0.05038,0.004735,38.93,1,1
1184,search,2024-02-27,0,0,0.077756,0.122941,21.2354,0,0
1185,social,2024-04-01,1,0,0.002711,0.000161,21.394,1,1
1186,referral,2024-05-28,0,1,0.217516,0.010729,21.4088,1,0
1187,social,2024-05-15,1,0,0.079794,0.010338,24.2809,0,0
1188,search,2024-01-30,0,0,0.046136,0.230247,10.4399,0,0
1189,social,2024-06-09,1,0,0.27589,0.090584,55.9026,0,0
1190,social,2024-01-06,1,0,0.119032,0.122704,68.0244,0,0
1191,referral,2024-06-07,0,1,0.066528,0.040039,17.4863,0,0
1192,search,2024-02-05,0,0,0.35082,0.088443,24.5057,0,0
1193,social,2024-05-26,1,0,0.011427,0.025058,36.059,1,0
1194,referral,2024-06-12,0,1,0.019982,0.004018,22.5958,1,1
1195,search,2024-03-05,0,0,0.353688,0.018503,8.1778,0,0
1196,social,2024-06-07,1,0,0.182593,0.001364,17.9684,1,1
1197,social,2024-04-15,1,0,0.059594,0.00349,17.6927,1,1
1198,search,2024-03-05,0,0,0.063301,0.126325,21.4503,0,0
1199,social,2024-05-01,1,0,0.356459,0.006714,35.6431,1,0
1200,search,2024-05-10,0,0,0.120829,0.003005,24.9845,1,1
1201,search,2024-05-29,0,0,0.057078,0.038335,31.9657,0,0
1202,referral,2024-04-26,0,1,0.036205,0.005301,32.2252,0,0
1203,search,2024-05-06,0,0,0.165592,0.221253,22.0754,0,0
1204,social,2024-01-12,1,0,0.062793,0.006795,36.04,1,0
1205,search,2024-03-27,0,0,0.014298,0.013063,15.581,1,0
1206,social,2024-06-18,1,0,0.327619,0.045854,70.8935,0,0
1207,social,2024-03-03,1,0,0.018872,0.01819,21.9815,1,0
1208,search,2024-03-13,0,0,0.064931,0.020527,12.3792,0,0
1209,referral,2024-06-28,0,1,0.000683,0.073422,32.4623,0,0
1210,referral,2024-04-03,0,1,0.140194,0.070718,46.8683,0,0
1211,search,2024-04-14,0,0,0.071173,0.097046,56.0407,0,0
1212,social,2024-03-08,1,0,0.204138,0.031288,15.2961,0,0
1213,search,2024-01-26,0,0,0.226047,0.011338,23.9703,0,0
1214,social,2024-01-24,1,0,0.078708,0.017697,33.7421,1,1
1215,social,2024-02-15,1,0,0.006737,0.002625,9.9919,1,1
1216,referral,2024-06-08,0,1,0.184297,0.021998,17.7291,1,1
1217,social,2024-04-26,1,0,0.134386,0.004635,22.513,1,0
1218,referral,2024-01-06,0,1,0.117104,0.013928,25.7981,1,1
1219,search,2024-03-11,0,0,0.310294,0.003879,16.3709,1,0
1220,search,2024-02-08,0,0,0.419668,0.013777,40.3445,0,0
1221,referral,2024-01-19,0,1,0.04825,0.067196,115.9574,0,0
1222,social,2024-04-17,1,0,0.152931,0.000125,20.4883,1,1
1223,search,2024-02-05,0,0,0.264183,0.035015,49.1564,1,1
1224,search,2024-06-09,0,0,0.058954,0.004048,25.7741,1,0
1225,social,2024-01-19,1,0,0.205575,0.047216,25.0335,0,0
1226,social,2024-05-31,1,0,0.069982,0.064712,35.8638,1,0
1227,search,2024-06-04,0,0,0.017114,0.006502,45.9205,1,0
1228,search,2024-05-03,0,0,0.128455,0.005452,36.0168,1,1
1229,social,2024-01-19,1,0,0.033241,0.053826,80.8125,0,0
1230,social,2024-04-02,1,0,0.30932,0.002055,13.6193,1,1
1231,search,2024-06-17,0,0,0.037828,0.000682,16.6516,1,1
1232,referral,2024-06-02,0,1,0.148514,0.037035,22.3537,0,0
1233,search,2024-04-15,0,0,0.783684,0.053044,35.9165,0,0
1234,search,2024-04-09,0,0,0.113599,0.096446,41.7984,0,0
1235,social,2024-05-28,1,0,0.181906,0.00668,22.0462,1,1
1236,search,2024-06-08,0,0,0.101272,0.089789,74.23,0,0
1237,social,2024-04-14,1,0,0.002873,0.02865,26.5717,1,0
1238,search,2024-02-24,0,0,0.177004,0.050089,12.6738,0,0
1239,search,2024-03-03,0,0,0.222329,0.017601,14.3924,1,0
1240,search,2024-02-07,0,0,0.014582,0.00558,18.4498,1,1
1241,social,2024-01-25,1,0,0.028375,0.362557,31.3362,0,0
1242,referral,2024-01-02,0,1,0.021561,0.047762,36.1406,0,0
1243,search,2024-06-03,0,0,0.074617,0.016813,29.0237,0,0
1244,search,2024-02-04,0,0,0.08378,0.010673,64.37,1,1
1245,social,2024-04-30,1,0,0.104477,0.032492,22.4816,0,0
1246,referral,2024-02-05,0,1,0.178535,0.033621,16.5561,1,0
1247,referral,2024-03-03,0,1,0.119921,0.030639,14.471,0,0
1248,search,2024-01-18,0,0,0.223322,0.073886,32.0334,0,0
1249,referral,2024-01-04,0,1,0.031451,0.016729,36.7052,0,0
1250,search,2024-03-20,0,0,0.010702,0.059817,23.2926,0,0
1251,referral,2024-06-20,0,1,0.042529,0.022317,44.3397,1,1
1252,social,2024-03-20,1,0,0.004696,0.052595,11.3321,0,0
1253,social,2024-03-17,1,0,0.055037,0.132744,29.4975,0,0
1254,referral,2024-05-29,0,1,0.408688,0.003239,29.7268,1,1
1255,social,2024-05-27,1,0,0.13174,0.019675,14.8129,0,0
1256,social,2024-05-31,1,0,0.224038,0.68782,21.7112,0,0
1257,search,2024-01-05,0,0,0.078302,0.088191,17.5931,0,0
1258,referral,2024-06-25,0,1,0.481114,0.008069,10.8885,0,0
1259,social,2024-03-31,1,0,0.313816,0.117999,27.306,0,0
1260,referral,2024-06-22,0,1,0.177425,0.012483,38.4992,0,0
1261,social,2024-05-11,1,0,0.064565,0.003364,18.2605,1,1
1262,social,2024-05-04,1,0,0.093498,0.025702,23.3366,0,0
1263,search,2024-04-21,0,0,0.230096,0.087085,9.9795,0,0
1264,social,2024-02-04,1,0,0.065842,0.008322,27.2566,0,0
1265,referral,2024-04-22,0,1,0.033535,0.011268,16.4422,1,1
1266,referral,2024-06-29,0,1,0.214623,0.015599,21.2785,1,0
1267,referral,2024-03-10,0,1,0.068639,0.001238,15.2814,1,1
1268,social,2024-04-12,1,0,0.094869,0.174313,23.1551,0,0
1269,referral,2024-04-24,0,1,0.01846,0.022906,49.1634,0,0
1270,social,2024-05-15,1,0,0.182773,0.007627,68.9409,1,1
1271,social,2024-02-17,1,0,0.469962,0.425878,28.3671,0,0
1272,search,2024-06-30,0,0,0.328213,0.057799,15.2661,0,0
1273,search,2024-04-12,0,0,0.014754,0.041677,39.1669,0,0
1274,social,2024-03-20,1,0,0.06711,0.059226,20.2822,0,0
1275,search,2024-04-27,0,0,0.235797,0.007826,24.3889,1,1
1276,search,2024-01-18,0,0,0.34225,0.073919,27.8997,0,0
1277,search,2024-03-13,0,0,0.023629,0.000403,22.3795,1,1
1278,social,2024-04-20,1,0,0.070763,0.007239,20.2291,1,1
1279,search,2024-06-30,0,0,0.146678,0.004631,87.2451,1,1
1280,search,2024-03-10,0,0,0.035435,0.018947,27.2579,0,0
1281,social,2024-02-21,1,0,0.001758,0.058368,40.2938,1,0
1282,search,2024-02-22,0,0,0.058535,0.031241,18.944,1,0
1283,search,2024-03-12,0,0,0.260231,0.002615,34.4979,1,1
1284,social,2024-05-09,1,0,0.195329,0.010253,19.9579,1,0
1285,search,2024-01-24,0,0,0.000203,0.190105,29.2342,0,0
1286,search,2024-01-23,0,0,0.023687,0.012243,51.513,1,0
1287,search,2024-05-18,0,0,0.010513,0.00364,110.0681,0,0
1288,search,2024-03-03,0,0,0.177922,0.015725,67.8681,1,0
1289,social,2024-03-23,1,0,0.052591,0.308202,19.1868,0,0
1290,social,2024-02-05,1,0,0.016603,0.030069,19.0189,0,0
1291,search,2024-04-01,0,0,0.32417,0.112668,60.5241,0,0
1292,search,2024-01-07,0,0,0.289423,0.012929,43.0776,0,0
1293,search,2024-06-12,0,0,0.054124,0.024775,15.7962,1,0
1294,search,2024-02-29,0,0,0.747293,0.060383,27.7379,0,0
1295,social,2024-04-30,1,0,0.02721,0.00058,23.7082,1,1
1296,referral,2024-05-05,0,1,0.10516,0.014024,42.476,1,0
1297,referral,2024-02-03,0,1,0.076723,0.078985,34.159,0,0
1298,search,2024-04-23,0,0,0.072675,0.033613,54.0253,0,0
1299,social,2024-03-27,1,0,0.150923,0.011769,39.9888,0,0
1300,referral,2024-02-17,0,1,0.041456,0.01539,23.2163,0,0
1301,social,2024-05-23,1,0,0.066072,0.1757,57.4854,0,0
1302,search,2024-04-01,0,0,0.045423,0.011151,53.4447,1,0
1303,social,2024-03-08,1,0,0.015707,3e-06,38.7102,1,1
1304,social,2024-04-22,1,0,0.108203,0.078807,76.8987,0,0
1305,search,2024-02-23,0,0,0.303198,0.005057,34.2107,1,0
1306,search,2024-01-21,0,0,0.013949,0.157578,14.3491,0,0
1307,referral,2024-04-28,0,1,0.278132,0.003178,16.3006,1,1
1308,social,2024-04-06,1,0,0.018005,0.000261,23.3592,1,1
1309,social,2024-02-17,1,0,0.017704,0.537938,12.8474,0,0
1310,social,2024-02-03,1,0,0.236997,0.006859,32.3793,0,0
1311,search,2024-01-12,0,0,0.068376,0.019721,27.7813,1,0
1312,search,2024-01-13,0,0,0.461902,0.000606,22.6743,1,1
1313,social,2024-01-28,1,0,0.026894,0.018346,39.2652,0,0
1314,social,2024-03-02,1,0,0.025783,0.180692,40.7372,0,0
1315,search,2024-06-22,0,0,0.321988,0.013046,27.0437,0,0
1316,social,2024-01-18,1,0,0.177458,0.101727,17.691,0,0
1317,search,2024-02-27,0,0,0.014247,0.043826,32.1677,0,0
1318,search,2024-05-23,0,0,0.169278,2.5e-05,42.4723,1,1
1319,referral,2024-05-05,0,1,0.046882,4.3e-05,26.8843,1,1
1320,search,2024-02-14,0,0,0.071789,0.000877,15.8326,1,1
1321,social,2024-01-16,1,0,0.02851,0.0181,26.43,1,1
1322,social,2024-01-11,1,0,0.379994,0.025399,16.4665,0,0
1323,referral,2024-03-27,0,1,0.19007,0.007341,14.3143,1,0
1324,social,2024-04-30,1,0,0.039907,0.028341,24.1701,0,0
1325,search,2024-02-02,0,0,0.164198,0.05754,38.5049,0,0
1326,referral,2024-03-21,0,1,0.041254,0.000806,23.9759,1,1
1327,social,2024-01-06,1,0,0.12098,0.062671,18.0427,0,0
1328,search,2024-03-07,0,0,0.025948,0.050765,41.8374,0,0
1329,search,2024-06-15,0,0,0.187274,0.084683,57.1905,0,0
1330,social,2024-02-08,1,0,0.15442,0.000445,25.5781,1,1
1331,referral,2024-04-12,0,1,0.226727,0.040602,30.0987,0,0
1332,referral,2024-02-29,0,1,0.170384,0.027325,34.7968,1,0
1333,social,2024-03-22,1,0,0.00065,0.100851,15.6406,0,0
1334,search,2024-04-25,0,0,0.284503,0.111586,27.0572,0,0
1335,search,2024-01-16,0,0,0.077792,0.158659,15.6089,0,0
1336,referral,2024-06-20,0,1,0.035519,0.000435,37.2676,1,1
1337,social,2024-05-02,1,0,0.019295,0.014549,40.4634,0,0
1338,search,2024-05-14,0,0,0.033365,0.004254,63.8568,1,1
1339,referral,2024-03-20,0,1,0.007807,0.003357,30.0418,1,1
1340,search,2024-06-13,0,0,0.076062,0.017073,79.1438,1,0
1341,search,2024-02-22,0,0,0.377862,0.009763,13.5709,0,0
1342,referral,2024-06-11,0,1,0.150758,0.002423,17.8783,1,1
1343,search,2024-04-10,0,0,0.321206,0.145002,25.419,0,0
1344,search,2024-05-16,0,0,0.024298,0.020498,21.3804,0,0
1345,search,2024-01-04,0,0,0.289201,0.060827,19.6686,0,0
1346,search,2024-05-28,0,0,0.136004,0.131003,24.7102,0,0
1347,search,2024-02-24,0,0,0.143955,0.029396,14.3208,1,0
1348,search,2024-05-04,0,0,0.200839,0.015689,33.4514,1,0
1349,social,2024-05-18,1,0,0.183082,0.011964,29.6496,0,0
1350,social,2024-05-02,1,0,0.036368,0.179756,10.6749,0,0
1351,social,2024-03-17,1,0,0.185786,0.00058,25.4074,1,1
1352,social,2024-05-10,1,0,0.251378,0.010228,15.8241,1,1
1353,referral,2024-03-12,0,1,0.010824,0.001137,22.3296,1,1
1354,referral,2024-06-01,0,1,0.113989,0.05303,21.9976,1,1
1355,social,2024-04-08,1,0,0.05401,0.049506,15.5887,0,0
1356,social,2024-04-05,1,0,0.244709,0.053148,10.977,0,0
1357,search,2024-04-14,0,0,0.107424,0.076291,50.6216,0,0
1358,referral,2024-05-03,0,1,0.209493,0.018152,31.2135,0,0
1359,social,2024-03-10,1,0,0.026086,0.105369,29.5257,0,0
1360,search,2024-04-04,0,0,0.424342,0.00292,38.8735,1,1
1361,social,2024-05-11,1,0,0.098834,0.139025,22.6715,0,0
1362,search,2024-05-12,0,0,0.006191,0.023256,50.9116,1,1
1363,search,2024-04-15,0,0,0.111391,0.028873,46.4656,1,0
1364,social,2024-01-25,1,0,0.242079,0.195225,59.6017,0,0
1365,search,2024-04-17,0,0,0.336023,0.01904,35.4318,0,0
1366,search,2024-03-09,0,0,0.087303,0.007629,46.4374,1,1
1367,search,2024-02-23,0,0,0.107657,0.000882,41.1972,1,1
1368,search,2024-01-12,0,0,0.000324,0.070671,18.3537,0,0
1369,search,2024-03-01,0,0,0.163021,0.003844,24.4707,1,1
1370,search,2024-04-17,0,0,0.130417,0.071259,27.306,0,0
1371,social,2024-02-16,1,0,0.110597,0.001071,20.2739,1,1
1372,search,2024-02-25,0,0,0.113191,0.126815,16.1062,0,0
1373,search,2024-01-22,0,0,0.448976,0.037967,30.7232,0,0
1374,referral,2024-05-08,0,1,0.182219,0.099846,60.9807,0,0
1375,search,2024-06-30,0,0,0.084489,0.010124,102.4983,0,0
1376,social,2024-02-27,1,0,0.021728,0.102708,13.2818,0,0
1377,social,2024-06-25,1,0,0.016354,0.037391,22.0085,0,0
1378,search,2024-01-28,0,0,0.052886,0.021928,41.0712,0,0
1379,search,2024-06-05,0,0,0.138063,0.01857,41.1328,0,0
1380,social,2024-05-28,1,0,0.192776,0.024821,20.0125,0,0
1381,social,2024-05-24,1,0,0.635722,0.032076,12.9572,0,0
1382,referral,2024-04-10,0,1,0.135607,0.063247,23.5736,0,0
1383,social,2024-02-02,1,0,0.05572,0.038453,71.7996,0,0
1384,search,2024-01-13,0,0,0.000104,0.112194,16.3121,0,0
1385,referral,2024-05-25,0,1,0.098705,0.027154,53.2359,0,0
1386,search,2024-04-08,0,0,0.018949,0.048107,59.0159,1,0
1387,social,2024-05-13,1,0,0.041477,0.042202,17.8442,1,0
1388,search,2024-04-20,0,0,0.078961,0.122917,32.7198,0,0
1389,search,2024-04-02,0,0,0.176403,0.010298,28.7141,1,1
1390,search,2024-06-20,0,0,0.066855,0.035556,9.8944,0,0
1391,social,2024-02-12,1,0,0.032391,6.5e-05,28.8355,1,1
1392,social,2024-03-26,1,0,0.061244,0.05754,14.2578,0,0
1393,search,2024-05-17,0,0,0.142019,0.013125,23.3542,1,0
1394,social,2024-01-19,1,0,0.012237,0.169188,30.5739,0,0
1395,social,2024-06-24,1,0,0.33156,0.125583,23.4253,0,0
1396,search,2024-04-29,0,0,0.31586,0.006502,27.5748,1,0
1397,social,2024-02-23,1,0,0.288893,0.037632,36.2921,1,0
1398,search,2024-04-01,0,0,0.027068,0.047037,13.5214,0,0
1399,referral,2024-03-16,0,1,1.102442,0.038814,21.6369,1,0
1400,social,2024-05-31,1,0,0.055313,0.1793,29.2959,0,0
1401,referral,2024-01-21,0,1,0.07785,0.045788,42.9697,0,0
1402,search,2024-01-07,0,0,0.329973,0.020931,18.4267,0,0
1403,social,2024-02-04,1,0,0.159267,0.020828,17.8797,0,0
1404,social,2024-04-06,1,0,0.040691,0.000456,14.3048,1,1
1405,referral,2024-03-29,0,1,0.025815,0.02071,31.7622,0,0
1406,search,2024-02-17,0,0,0.029782,0.000458,25.1805,1,1
1407,referral,2024-02-18,0,1,0.030536,0.040407,18.0068,0,0
1408,search,2024-06-06,0,0,0.21301,0.25417,41.6623,0,0
1409,referral,2024-03-01,0,1,0.000819,0.025843,65.9335,1,1
1410,social,2024-04-02,1,0,0.118257,0.0457,24.2833,0,0
1411,social,2024-04-22,1,0,0.153969,0.048086,33.0358,1,0
1412,referral,2024-03-21,0,1,0.143387,0.001158,31.0909,1,1
1413,referral,2024-06-17,0,1,0.184985,0.025511,29.1018,0,0
1414,social,2024-03-30,1,0,0.007077,0.020488,40.349,0,0
1415,referral,2024-01-09,0,1,0.059279,0.01581,39.3302,0,0
1416,social,2024-01-02,1,0,0.127343,0.218996,49.7885,0,0
1417,search,2024-04-02,0,0,0.129116,0.025615,42.1117,0,0
1418,social,2024-02-07,1,0,0.001645,0.040199,50.0741,0,0
1419,search,2024-05-19,0,0,0.140823,0.087513,77.6775,0,0
1420,social,2024-05-04,1,0,0.04092,0.279698,27.4134,0,0
1421,search,2024-04-21,0,0,0.031538,0.00114,36.3299,1,1
1422,search,2024-03-21,0,0,0.054671,0.013961,159.1033,1,1
1423,search,2024-02-25,0,0,0.017755,0.074124,71.1116,0,0
1424,referral,2024-01-28,0,1,0.016488,0.037215,60.0559,0,0
1425,social,2024-04-20,1,0,0.010776,0.019516,29.2793,1,0
1426,social,2024-02-18,1,0,0.002413,0.207549,16.793,0,0
1427,search,2024-01-25,0,0,0.099674,0.00867,18.1673,1,0
1428,social,2024-03-06,1,0,0.162358,0.261942,13.6907,0,0
1429,referral,2024-02-28,0,1,0.295276,0.002196,38.5364,1,1
1430,search,2024-03-17,0,0,0.050855,0.092069,44.732,0,0
1431,referral,2024-03-29,0,1,0.34261,0.004243,35.4535,1,1
1432,search,2024-06-24,0,0,0.492979,0.005187,41.6146,1,0
1433,social,2024-05-17,1,0,0.796275,0.14541,33.2293,0,0
1434,social,2024-03-31,1,0,0.149615,0.434166,29.6367,0,0
1435,search,2024-04-08,0,0,0.470817,0.000549,23.3249,1,1
1436,search,2024-05-13,0,0,0.028562,0.035766,13.195,1,1
1437,search,2024-04-22,0,0,0.003329,0.010716,29.9694,1,1
1438,social,2024-02-08,1,0,0.019228,0.017611,27.9529,0,0
1439,social,2024-01-11,1,0,0.062036,0.027045,13.225,1,0
1440,social,2024-01-09,1,0,0.10443,0.47884,44.054,0,0
1441,referral,2024-03-20,0,1,0.000678,0.044473,18.5139,0,0
1442,search,2024-02-20,0,0,0.006338,0.107586,21.4471,0,0
1443,social,2024-06-06,1,0,0.060687,0.023064,16.2717,1,0
1444,search,2024-04-23,0,0,0.007117,0.019159,19.8869,1,0
1445,search,2024-02-17,0,0,0.021704,0.000245,23.5954,1,1
1446,search,2024-01-03,0,0,0.029159,0.167572,26.6727,0,0
1447,search,2024-04-18,0,0,0.130265,2.9e-05,34.1904,1,1
1448,search,2024-01-18,0,0,0.023689,0.076709,10.9896,0,0
1449,social,2024-02-17,1,0,0.064451,0.134257,37.9412,0,0
1450,social,2024-06-29,1,0,0.203495,0.032018,29.2275,0,0
1451,social,2024-04-28,1,0,0.408023,0.031563,22.2256,1,0
1452,social,2024-06-13,1,0,0.034388,0.230309,27.4812,0,0
1453,search,2024-05-17,0,0,0.223202,0.05797,37.4833,0,0
1454,search,2024-04-25,0,0,0.095392,0.005989,20.6888,1,1
1455,referral,2024-03-09,0,1,0.001539,0.024452,90.8732,0,0
1456,search,2024-04-11,0,0,0.014937,0.013334,44.7557,0,0
1457,social,2024-05-11,1,0,0.001211,0.104012,24.5592,0,0
1458,social,2024-03-31,1,0,0.447676,0.004801,30.5972,0,0
1459,social,2024-05-12,1,0,0.162114,0.135441,18.6523,0,0
1460,search,2024-02-27,0,0,0.111539,0.00071,26.9896,1,1
1461,social,2024-04-29,1,0,0.176171,0.054352,23.9932,1,0
1462,search,2024-04-10,0,0,0.031142,0.071428,32.4039,0,0
1463,social,2024-05-23,1,0,0.201453,0.14686,72.8363,0,0
1464,referral,2024-04-15,0,1,0.378778,0.028562,43.9779,0,0
1465,social,2024-04-23,1,0,0.058152,0.028608,176.0803,0,0
1466,referral,2024-05-24,0,1,0.002942,0.003619,27.1966,1,1
1467,search,2024-01-15,0,0,0.085343,0.08832,17.0219,0,0
1468,search,2024-04-24,0,0,0.339052,0.04477,15.7091,1,0
1469,social,2024-01-18,1,0,0.11988,0.019488,13.4088,1,1
1470,search,2024-04-12,0,0,0.235968,0.00641,38.6155,1,1
1471,search,2024-06-20,0,0,0.141018,0.050731,14.5534,1,0
1472,social,2024-01-18,1,0,0.001082,0.014182,28.7058,0,0
1473,search,2024-05-09,0,0,0.179965,0.002127,47.2872,1,1
1474,search,2024-03-11,0,0,0.17386,0.06693,42.197,0,0
1475,social,2024-06-13,1,0,0.185019,0.013664,27.8811,1,0
1476,referral,2024-02-12,0,1,0.039565,0.006275,89.6292,1,1
1477,search,2024-01-11,0,0,0.067536,0.0557,29.3057,0,0
1478,search,2024-02-29,0,0,0.723488,0.04793,19.2837,0,0
1479,social,2024-05-12,1,0,0.092781,0.327583,13.3299,0,0
1480,search,2024-01-10,0,0,0.341137,0.017304,12.426,0,0
1481,search,2024-06-05,0,0,0.010253,0.01694,25.4827,1,1
1482,referral,2024-06-21,0,1,0.166189,0.005246,32.9376,1,0
1483,social,2024-04-23,1,0,0.006156,0.066245,19.5566,0,0
1484,referral,2024-05-30,0,1,0.244705,0.054765,22.0819,0,0
1485,social,2024-03-03,1,0,0.029776,0.002595,24.9156,0,0
1486,search,2024-03-24,0,0,0.19482,0.020184,35.4145,0,0
1487,search,2024-02-24,0,0,0.009827,0.0001,54.5922,1,1
1488,social,2024-04-11,1,0,0.206309,0.040378,24.862,0,0
1489,social,2024-06-24,1,0,0.842384,0.010927,22.6172,1,1
1490,social,2024-05-13,1,0,0.043035,0.08993,36.4804,0,0
1491,social,2024-06-25,1,0,0.243054,0.449668,260.0371,0,0
1492,social,2024-04-29,1,0,0.026731,0.241837,33.5691,0,0
1493,social,2024-01-02,1,0,0.010633,0.009149,38.5209,1,1
1494,social,2024-02-15,1,0,0.363401,0.084288,22.9244,0,0
1495,referral,2024-06-26,0,1,0.157168,0.00571,22.5033,1,1
1496,search,2024-04-28,0,0,0.070583,0.094349,29.8999,0,0
1497,search,2024-01-25,0,0,0.729386,0.241509,95.1762,0,0
1498,search,2024-01-21,0,0,0.004183,0.024064,18.8419,1,0
1499,search,2024-04-19,0,0,0.165184,2.4e-05,25.9052,1,1
1500,search,2024-02-21,0,0,0.15386,0.008253,42.0334,1,1
1501,referral,2024-02-15,0,1,0.015894,0.012312,23.2651,1,1
1502,search,2024-05-02,0,0,0.223725,0.004992,27.6076,1,1
1503,referral,2024-01-11,0,1,0.164217,0.000455,59.1529,1,0
1504,search,2024-03-04,0,0,0.375528,0.028811,13.4457,0,0
1505,social,2024-03-09,1,0,0.031415,0.565503,10.3273,0,0
1506,referral,2024-06-14,0,1,0.635736,0.040415,16.6453,0,0
1507,search,2024-04-20,0,0,0.070372,0.20998,12.1454,0,0
1508,referral,2024-02-20,0,1,0.147066,0.009246,20.9839,1,1
1509,referral,2024-06-16,0,1,0.291164,0.057172,15.4842,1,0
1510,search,2024-04-02,0,0,0.159182,0.043407,31.0462,1,0
1511,search,2024-05-04,0,0,0.482944,0.000123,28.3537,1,1
1512,referral,2024-03-10,0,1,0.02373,0.001249,30.6388,1,1
1513,social,2024-03-01,1,0,0.176303,0.110447,52.8314,0,0
1514,social,2024-01-10,1,0,0.124506,0.018345,9.9879,0,0
1515,search,2024-04-21,0,0,0.201426,0.014574,36.4443,0,0
1516,search,2024-05-22,0,0,0.001615,0.025359,19.7947,0,0
1517,search,2024-06-13,0,0,0.301314,0.099277,41.7857,0,0
1518,search,2024-03-28,0,0,0.040194,0.043113,110.7943,0,0
1519,search,2024-05-30,0,0,0.618211,0.06259,33.923,0,0
1520,social,2024-02-29,1,0,0.001935,0.0869,46.0937,0,0
1521,search,2024-06-15,0,0,0.158713,0.002688,32.817,1,1
1522,social,2024-02-14,1,0,0.061411,0.026085,35.2318,1,0
1523,search,2024-03-02,0,0,0.009081,0.065566,48.2643,0,0
1524,social,2024-01-27,1,0,0.021065,0.030699,22.4446,0,0
1525,referral,2024-05-28,0,1,0.177813,0.026977,15.028,0,0
1526,search,2024-04-08,0,0,0.497753,0.00589,21.6263,1,0
1527,social,2024-02-21,1,0,0.044287,0.18296,20.6585,0,0
1528,social,2024-05-12,1,0,0.195517,0.000292,16.5997,1,1
1529,search,2024-06-21,0,0,0.14986,2.7e-05,43.0867,1,1
1530,referral,2024-05-26,0,1,0.013728,0.001154,43.4242,1,1
1531,referral,2024-02-24,0,1,0.419642,0.029291,13.9241,0,0
1532,search,2024-04-07,0,0,0.372897,0.002581,26.141,1,1
1533,search,2024-03-10,0,0,0.232771,0.094019,14.0107,0,0
1534,social,2024-02-25,1,0,0.031475,0.078785,23.7386,0,0
1535,search,2024-03-09,0,0,0.12721,0.017639,16.4224,1,0
1536,social,2024-05-17,1,0,0.006481,0.109055,22.2429,0,0
1537,search,2024-04-19,0,0,0.001125,0.056493,16.2083,0,0
1538,search,2024-06-05,0,0,0.058761,0.028799,60.7071,1,0
1539,search,2024-01-28,0,0,0.43698,0.00751,268.429,1,1
1540,referral,2024-04-22,0,1,0.052221,0.005758,33.5583,1,1
1541,social,2024-03-21,1,0,0.769161,0.338193,37.3588,0,0
1542,referral,2024-01-23,0,1,0.488037,0.056705,19.4305,0,0
1543,referral,2024-02-29,0,1,0.117808,0.087752,13.5876,0,0
1544,search,2024-01-30,0,0,0.067396,0.110109,23.7617,0,0
1545,social,2024-03-03,1,0,0.060311,0.000679,19.2066,1,1
1546,referral,2024-02-01,0,1,0.111983,0.003675,41.0937,1,1
1547,search,2024-01-26,0,0,0.375414,0.007824,52.352,1,1
1548,search,2024-01-29,0,0,0.208888,0.041856,17.4402,0,0
1549,social,2024-04-05,1,0,0.230252,0.002722,32.3058,1,1
1550,social,2024-03-11,1,0,0.064349,0.092235,54.811,0,0
1551,search,2024-04-05,0,0,0.097802,0.095687,56.0142,0,0
1552,search,2024-06-07,0,0,0.148666,0.033282,49.7635,0,0
1553,social,2024-04-08,1,0,0.211738,0.198137,48.2621,0,0
1554,referral,2024-04-01,0,1,0.146008,0.064041,18.0862,1,0
1555,referral,2024-01-23,0,1,0.523861,0.015215,35.6322,0,0
1556,search,2024-04-14,0,0,0.08601,0.035035,34.4078,0,0
1557,search,2024-04-16,0,0,0.034391,0.171968,34.1302,0,0
1558,search,2024-01-14,0,0,0.302206,0.003532,12.6996,0,0
1559,search,2024-04-30,0,0,0.12866,0.009608,17.8451,0,0
1560,search,2024-06-09,0,0,0.058245,0.011694,28.2171,0,0
1561,search,2024-03-30,0,0,0.37075,0.145431,48.2471,0,0
1562,social,2024-02-17,1,0,0.001333,0.024982,21.9199,0,0
1563,referral,2024-02-01,0,1,0.135465,0.001512,18.1355,1,1
1564,search,2024-01-05,0,0,0.130642,0.106811,74.7988,0,0
1565,social,2024-03-21,1,0,0.020768,0.051688,13.822,0,0
1566,search,2024-05-13,0,0,0.190821,0.000613,19.0116,1,1
1567,referral,2024-03-28,0,1,0.650209,0.06417,20.6191,0,0
1568,referral,2024-04-28,0,1,0.114186,0.001,47.0216,1,1
1569,search,2024-02-03,0,0,0.089807,0.035367,19.7038,0,0
1570,search,2024-05-21,0,0,0.076147,0.020761,27.5,1,0
1571,search,2024-06-10,0,0,0.276721,0.171438,24.568,0,0
1572,search,2024-01-03,0,0,0.053697,0.010436,28.6929,0,0
1573,referral,2024-01-30,0,1,0.095311,0.000281,37.4959,1,1
1574,social,2024-06-30,1,0,0.063402,0.016753,40.4506,1,0
1575,search,2024-06-11,0,0,0.037652,0.148364,32.6353,1,0
1576,social,2024-04-19,1,0,0.016446,0.027978,68.0208,0,0
1577,social,2024-04-25,1,0,0.112167,0.022497,20.3466,0,0
1578,social,2024-01-02,1,0,0.0878,0.010919,62.2908,0,0
1579,search,2024-05-02,0,0,0.102601,0.021011,22.4402,0,0
1580,referral,2024-04-08,0,1,0.35306,0.001541,11.7985,1,1
1581,social,2024-01-21,1,0,0.043189,0.00543,35.983,1,0
1582,search,2024-06-18,0,0,0.130207,0.019507,47.812,0,0
1583,referral,2024-05-02,0,1,0.116912,5.4e-05,39.9205,1,1
1584,search,2024-01-14,0,0,0.272724,0.003154,10.7292,1,1
1585,social,2024-06-20,1,0,0.001368,0.043294,31.6468,0,0
1586,referral,2024-05-14,0,1,0.558358,0.01628,13.9697,0,0
1587,referral,2024-03-27,0,1,0.013543,0.054798,18.606,0,0
1588,search,2024-05-13,0,0,0.068222,0.018542,32.2271,0,0
1589,search,2024-02-18,0,0,0.022451,0.322358,12.9593,0,0
1590,referral,2024-05-14,0,1,0.360574,0.002749,14.1041,1,1
1591,search,2024-02-07,0,0,0.019261,0.107906,47.6315,0,0
1592,search,2024-05-11,0,0,0.198376,0.01617,20.3686,0,0
1593,search,2024-01-07,0,0,0.160232,0.17635,35.4874,0,0
1594,search,2024-06-01,0,0,0.024371,0.005003,20.9381,1,1
1595,search,2024-05-27,0,0,0.015792,0.020547,15.2163,0,0
1596,search,2024-06-23,0,0,0.167893,0.000664,18.5104,1,1
1597,referral,2024-02-08,0,1,0.224932,0.077183,52.5308,0,0
1598,social,2024-04-17,1,0,0.176254,0.039637,14.2982,0,0
1599,social,2024-03-20,1,0,0.512282,0.027353,25.7212,1,0
1600,social,2024-01-07,1,0,0.02054,0.017879,47.5912,0,0
1601,social,2024-01-18,1,0,0.247521,0.122621,51.6063,0,0
1602,social,2024-06-05,1,0,0.133491,0.127508,25.296,0,0
1603,referral,2024-03-12,0,1,0.037361,0.011855,15.2417,1,0
1604,social,2024-06-02,1,0,0.13222,0.02776,77.2745,1,0
1605,social,2024-02-22,1,0,0.031318,0.035544,45.7042,0,0
1606,social,2024-05-13,1,0,0.069641,0.000627,26.4971,1,1
1607,social,2024-04-20,1,0,0.076763,0.01473,19.3536,1,0
1608,search,2024-05-01,0,0,0.264562,0.090041,63.8864,0,0
1609,social,2024-02-01,1,0,0.074622,0.063661,36.3288,0,0
1610,search,2024-01-07,0,0,0.027491,0.075924,31.4931,0,0
1611,search,2024-04-07,0,0,0.021521,0.045253,19.766,1,0
1612,search,2024-01-22,0,0,0.572734,0.003707,47.8203,1,1
1613,social,2024-04-09,1,0,0.096506,0.446399,38.6901,0,0
1614,search,2024-04-17,0,0,0.012824,0.000805,18.4304,1,1
1615,search,2024-01-05,0,0,0.148423,0.031515,30.9164,0,0
1616,social,2024-01-20,1,0,0.006883,0.008521,6.9416,1,0
1617,social,2024-01-02,1,0,0.180362,0.009072,16.2452,0,0
1618,social,2024-04-10,1,0,0.044716,0.391117,25.3955,0,0
1619,search,2024-05-28,0,0,0.016663,0.061476,27.4395,0,0
1620,referral,2024-05-24,0,1,0.214928,0.01817,42.9784,1,1
1621,search,2024-04-18,0,0,0.272088,0.106318,18.5981,0,0
1622,search,2024-03-22,0,0,0.221374,0.000143,19.365,1,1
1623,search,2024-06-08,0,0,0.098878,0.062768,29.2438,1,1
1624,search,2024-01-29,0,0,0.020408,0.024419,20.2356,0,0
1625,social,2024-03-21,1,0,0.21775,0.011303,76.3012,0,0
1626,social,2024-03-05,1,0,0.007667,0.012183,38.8581,1,1
1627,referral,2024-02-11,0,1,0.372711,0.008608,33.5515,0,0
1628,search,2024-04-20,0,0,0.171858,0.027375,23.5913,0,0
1629,search,2024-03-08,0,0,0.042634,0.023009,18.6274,0,0
1630,search,2024-05-08,0,0,0.026362,0.055215,18.8478,0,0
1631,referral,2024-02-04,0,1,0.487239,0.00011,31.8273,1,1
1632,social,2024-05-25,1,0,0.197748,0.002082,12.9537,1,0
1633,referral,2024-06-16,0,1,0.148468,0.017978,20.2559,1,1
1634,referral,2024-06-17,0,1,0.20466,0.015905,68.8053,0,0
1635,referral,2024-03-06,0,1,0.175097,0.011483,33.7599,1,1
1636,social,2024-01-23,1,0,0.194314,0.000506,43.5646,1,1
1637,search,2024-05-29,0,0,0.05264,0.000923,19.8526,1,1
1638,social,2024-01-09,1,0,0.069402,0.0432,55.1047,0,0
1639,search,2024-04-05,0,0,0.032858,0.043775,16.5224,0,0
1640,referral,2024-04-25,0,1,0.036077,0.027019,25.983,0,0
1641,search,2024-05-22,0,0,0.046606,0.026468,19.0663,1,1
1642,search,2024-02-08,0,0,0.03205,0.002665,18.7522,1,0
1643,social,2024-02-20,1,0,0.0002,0.098296,26.5004,0,0
1644,search,2024-02-19,0,0,0.091964,0.02853,13.839,0,0
1645,social,2024-02-20,1,0,0.015949,0.010802,31.392,1,1
1646,referral,2024-05-14,0,1,0.003995,0.010026,31.4234,1,0
1647,social,2024-03-21,1,0,0.153527,0.045009,22.065,0,0
1648,search,2024-05-03,0,0,0.937911,0.000142,40.4279,1,1
1649,search,2024-01-18,0,0,0.012701,0.037229,38.1963,0,0
1650,search,2024-01-23,0,0,0.08072,0.015071,35.2192,0,0
1651,social,2024-05-10,1,0,0.218082,0.091355,34.6897,0,0
1652,social,2024-06-24,1,0,0.290573,0.00563,14.6558,1,0
1653,search,2024-04-12,0,0,0.34816,0.000784,16.5129,1,1
1654,search,2024-01-27,0,0,0.04608,0.006959,21.5943,1,1
1655,referral,2024-02-21,0,1,0.386951,0.011128,26.3433,0,0
1656,search,2024-04-16,0,0,0.244459,7.9e-05,22.6978,1,1
1657,search,2024-01-16,0,0,0.100331,0.105611,52.8345,0,0
1658,search,2024-05-06,0,0,0.016106,0.255565,18.0962,0,0
1659,social,2024-06-12,1,0,0.088716,0.076697,14.5059,1,0
1660,search,2024-06-10,0,0,0.082163,0.190757,74.6447,0,0
1661,social,2024-03-07,1,0,0.1886,0.01266,19.0891,0,0
1662,social,2024-04-13,1,0,0.049645,0.00015,13.7912,1,1
1663,referral,2024-06-23,0,1,0.167566,0.00014,24.6414,1,1
1664,social,2024-02-29,1,0,0.275924,0.319767,23.4091,0,0
1665,social,2024-03-09,1,0,0.141269,0.099831,28.9187,0,0
1666,social,2024-04-30,1,0,0.069764,0.018449,15.2768,1,0
1667,search,2024-05-11,0,0,0.088293,0.001256,83.3407,1,1
1668,social,2024-01-02,1,0,0.106401,0.049158,19.6482,0,0
1669,search,2024-01-20,0,0,0.084722,0.006335,18.6696,1,1
1670,search,2024-02-28,0,0,0.3643,0.014973,90.7328,1,1
1671,social,2024-02-26,1,0,0.044046,0.303572,18.5467,0,0
1672,referral,2024-05-24,0,1,0.039248,0.006331,25.2333,0,0
1673,search,2024-06-23,0,0,0.011028,0.017018,62.4703,1,1
1674,referral,2024-02-13,0,1,0.003356,0.000529,15.7992,1,1
1675,referral,2024-05-14,0,1,0.013686,0.044168,24.512,0,0
1676,search,2024-01-30,0,0,0.182559,0.030273,32.7216,1,0
1677,search,2024-04-18,0,0,0.089075,0.002571,26.9704,1,1
1678,referral,2024-01-24,0,1,0.119782,0.005195,15.1704,1,1
1679,search,2024-01-03,0,0,0.090747,0.038889,10.8298,0,0
1680,search,2024-01-03,0,0,0.190342,0.090827,22.9765,0,0
1681,search,2024-02-26,0,0,0.0021,0.006168,16.6124,1,1
1682,referral,2024-02-18,0,1,0.014095,0.023774,16.6051,1,1
1683,social,2024-02-28,1,0,0.244971,0.000326,43.677,1,1
1684,search,2024-04-16,0,0,0.052381,0.000477,16.6209,1,1
1685,search,2024-01-24,0,0,0.142847,0.020663,13.9682,0,0
1686,social,2024-05-01,1,0,0.442051,0.05986,14.997,0,0
1687,search,2024-06-16,0,0,0.001991,0.063237,42.9759,0,0
1688,referral,2024-06-05,0,1,0.033386,0.02114,42.0162,0,0
1689,social,2024-06-14,1,0,0.102945,0.03741,31.7171,0,0
1690,search,2024-06-22,0,0,0.020225,0.03139,41.832,0,0
1691,search,2024-06-17,0,0,0.009208,0.001235,30.2255,1,1
1692,referral,2024-03-13,0,1,0.016164,0.035871,18.0971,0,0
1693,search,2024-04-21,0,0,0.166719,0.00273,27.9672,1,1
1694,search,2024-06-23,0,0,0.032598,0.029865,13.3505,1,0
1695,social,2024-04-05,1,0,0.419176,0.000349,14.949,1,1
1696,social,2024-02-29,1,0,0.009525,0.00789,56.232,1,1
1697,social,2024-01-09,1,0,0.231966,0.091121,25.9669,0,0
1698,search,2024-05-22,0,0,0.171539,0.003206,24.4451,1,0
1699,social,2024-03-17,1,0,0.033046,0.598094,33.175,0,0
1700,social,2024-04-22,1,0,0.140426,0.059012,58.0316,0,0
1701,search,2024-01-21,0,0,0.199835,0.0141,7.4633,1,1
1702,search,2024-05-29,0,0,0.043291,0.001041,29.4447,1,1
1703,social,2024-02-23,1,0,0.170445,0.519671,12.8079,0,0
1704,referral,2024-05-25,0,1,0.110754,0.004401,28.0293,1,1
1705,social,2024-04-15,1,0,0.139735,0.000845,33.8628,0,0
1706,search,2024-06-21,0,0,0.022973,0.023607,10.6758,0,0
1707,search,2024-04-07,0,0,0.15334,0.038721,16.9197,0,0
1708,search,2024-03-30,0,0,0.042634,0.129878,49.1646,0,0
1709,referral,2024-02-19,0,1,0.104407,0.095886,23.128,0,0
1710,search,2024-06-18,0,0,0.210184,0.102374,22.0557,0,0
1711,search,2024-03-12,0,0,0.01555,0.071266,35.645,0,0
1712,referral,2024-01-21,0,1,0.38754,0.00111,47.0501,1,1
1713,social,2024-01-16,1,0,0.027977,0.247366,14.1748,0,0
1714,referral,2024-03-09,0,1,0.400405,0.028177,21.5282,0,0
1715,referral,2024-03-30,0,1,0.287046,0.001048,11.566,1,1
1716,referral,2024-05-10,0,1,0.084427,0.013007,15.3863,1,1
1717,referral,2024-02-28,0,1,0.253023,0.079136,38.0401,1,0
1718,referral,2024-01-27,0,1,0.039488,0.072064,25.3873,0,0
1719,social,2024-01-11,1,0,0.092326,0.082157,46.0492,0,0
1720,search,2024-02-10,0,0,0.093488,0.005906,60.3176,1,1
1721,referral,2024-04-24,0,1,0.546828,0.009792,14.5007,1,1
1722,referral,2024-01-10,0,1,0.170792,0.163107,23.673,0,0
1723,social,2024-04-27,1,0,0.175026,0.223041,23.6607,0,0
1724,social,2024-02-11,1,0,0.087092,0.021755,22.1769,1,0
1725,social,2024-06-03,1,0,0.102324,0.07223,23.8841,0,0
1726,social,2024-05-14,1,0,0.054161,0.048642,20.9044,0,0
1727,referral,2024-06-07,0,1,0.159996,0.036901,17.6632,0,0
1728,social,2024-02-22,1,0,0.195299,0.003222,16.8775,1,1
1729,search,2024-03-17,0,0,0.241128,0.037949,38.7647,1,0
1730,search,2024-05-14,0,0,0.085311,0.022418,34.7879,1,1
1731,search,2024-02-10,0,0,0.159211,0.012266,21.3383,0,0
1732,social,2024-02-04,1,0,0.037858,0.000128,21.3574,1,1
1733,referral,2024-05-13,0,1,0.265983,0.010066,38.2906,1,0
1734,search,2024-06-01,0,0,0.049342,0.003456,13.5415,0,0
1735,search,2024-04-16,0,0,0.051514,0.096434,18.7872,0,0
1736,social,2024-04-29,1,0,0.203702,0.053933,19.8743,0,0
1737,referral,2024-04-03,0,1,0.007703,0.073448,30.1387,0,0
1738,referral,2024-06-14,0,1,0.483898,0.0087,18.4523,1,1
1739,social,2024-05-22,1,0,0.128,0.000104,13.4222,1,1
1740,search,2024-02-20,0,0,0.190952,0.028687,308.4188,0,0
1741,referral,2024-05-20,0,1,0.052571,0.001144,36.5176,1,1
1742,referral,2024-04-05,0,1,0.131532,0.050293,17.552,0,0
1743,search,2024-04-14,0,0,0.134832,0.015646,53.7938,0,0
1744,search,2024-02-07,0,0,0.027733,0.021627,11.6073,0,0
1745,social,2024-01-09,1,0,0.033419,0.039062,37.1222,0,0
1746,referral,2024-05-11,0,1,0.340521,0.015432,30.8629,1,1
1747,search,2024-02-07,0,0,0.062441,0.112757,23.1316,0,0
1748,search,2024-02-18,0,0,0.01479,0.008108,33.7024,1,1
1749,search,2024-04-16,0,0,0.037385,0.000397,25.0165,1,1
1750,social,2024-03-08,1,0,0.180055,0.258446,71.9998,0,0
1751,referral,2024-02-20,0,1,0.07116,0.000683,15.3964,1,1
1752,search,2024-01-10,0,0,0.432559,0.001573,68.016,0,0
1753,referral,2024-01-28,0,1,0.115544,0.013328,46.4174,1,0
1754,search,2024-01-17,0,0,0.354979,0.078193,88.9543,0,0
1755,search,2024-01-03,0,0,0.002146,0.000334,15.4264,1,1
1756,social,2024-06-20,1,0,0.085265,0.012018,94.4016,1,0
1757,referral,2024-04-01,0,1,0.504831,0.021707,57.1779,1,0
1758,search,2024-05-30,0,0,0.104015,0.019961,18.3274,0,0
1759,search,2024-06-12,0,0,0.022071,0.066405,17.933,0,0
1760,search,2024-05-05,0,0,0.428509,0.13418,34.9236,0,0
1761,referral,2024-03-13,0,1,0.297978,0.026548,11.0919,0,0
1762,search,2024-01-06,0,0,0.034548,0.041907,22.2892,0,0
1763,search,2024-01-12,0,0,0.669472,0.004578,14.8523,0,0
1764,social,2024-05-14,1,0,0.191909,0.012482,13.3576,1,0
1765,search,2024-01-31,0,0,0.090928,0.089174,14.0379,0,0
1766,search,2024-01-31,0,0,0.010011,0.077354,44.1436,0,0
1767,social,2024-01-07,1,0,0.416416,0.012451,41.0433,0,0
1768,search,2024-06-07,0,0,0.040819,0.002507,17.6403,1,1
1769,social,2024-03-09,1,0,0.112988,0.002386,20.9441,1,1
1770,social,2024-04-18,1,0,0.071961,0.026851,22.775,1,0
1771,social,2024-03-03,1,0,0.00892,0.076222,18.5612,0,0
1772,search,2024-05-27,0,0,0.080862,0.016577,35.4617,1,1
1773,search,2024-06-04,0,0,0.007134,0.006199,26.4045,1,0
1774,search,2024-06-20,0,0,0.177233,0.136406,31.6483,0,0
1775,search,2024-01-05,0,0,0.335631,0.059374,27.5864,0,0
1776,search,2024-04-02,0,0,0.153419,0.001302,30.9157,1,1
1777,search,2024-06-02,0,0,0.316419,0.000366,28.6578,1,1
1778,social,2024-05-22,1,0,0.001788,0.007665,26.6531,0,0
1779,search,2024-04-27,0,0,0.137092,0.010273,21.1131,1,0
1780,search,2024-01-28,0,0,0.85432,0.00594,29.1268,1,0
1781,social,2024-04-28,1,0,0.117867,0.031959,20.3874,0,0
1782,search,2024-03-07,0,0,0.098069,0.144936,13.4226,0,0
1783,social,2024-05-21,1,0,0.017874,0.007932,25.836,0,0
1784,social,2024-02-13,1,0,0.009903,0.040804,22.9304,0,0
1785,search,2024-03-29,0,0,0.014792,0.001557,19.371,1,1
1786,search,2024-03-27,0,0,0.066824,0.005768,13.9849,1,0
1787,social,2024-06-08,1,0,0.380009,0.017185,21.7212,1,0
1788,social,2024-06-01,1,0,0.09401,0.062822,35.517,0,0
1789,social,2024-02-07,1,0,0.082791,0.006287,25.6949,0,0
1790,search,2024-01-22,0,0,0.006303,0.044596,45.4455,0,0
1791,social,2024-02-20,1,0,0.038597,0.177138,23.1397,0,0
1792,search,2024-03-10,0,0,0.040713,0.050933,14.7847,0,0
1793,referral,2024-06-16,0,1,0.322976,0.0,16.3125,1,1
1794,social,2024-03-02,1,0,0.141694,0.009707,69.3914,0,0
1795,referral,2024-06-30,0,1,0.021048,0.016478,18.8729,1,0
1796,search,2024-06-25,0,0,0.133959,0.029679,15.1551,0,0
1797,search,2024-06-15,0,0,0.272851,9e-06,28.1006,1,1
1798,social,2024-06-21,1,0,0.145267,0.116783,38.5547,0,0
1799,social,2024-01-12,1,0,0.005728,0.000701,10.2818,1,0
1800,social,2024-01-08,1,0,0.027222,0.265666,75.1608,0,0
1801,search,2024-05-23,0,0,0.183061,0.005293,12.2721,0,0
1802,social,2024-05-14,1,0,0.010802,0.00182,13.2325,1,1
1803,search,2024-06-19,0,0,0.118262,0.028601,35.8481,1,0
1804,social,2024-01-29,1,0,0.006689,0.023883,26.973,0,0
1805,referral,2024-04-14,0,1,0.647031,0.005981,28.0916,1,1
1806,search,2024-01-02,0,0,0.017893,0.024478,43.3495,1,1
1807,search,2024-03-14,0,0,0.094856,0.002564,16.7811,1,1
1808,social,2024-03-20,1,0,0.029069,0.03071,18.6423,1,0
1809,social,2024-02-14,1,0,0.077175,0.003504,19.5859,1,1
1810,search,2024-02-08,0,0,0.194243,0.021931,26.3356,0,0
1811,social,2024-01-12,1,0,0.012426,0.147125,14.5177,0,0
1812,social,2024-02-21,1,0,0.362468,0.053609,14.1337,0,0
1813,social,2024-05-22,1,0,0.260573,0.06285,16.5452,0,0
1814,search,2024-04-09,0,0,0.035481,0.026125,51.7451,0,0
1815,search,2024-01-04,0,0,0.071543,0.005215,50.9587,1,0
1816,search,2024-06-23,0,0,0.003236,0.153287,22.2883,1,0
1817,referral,2024-05-30,0,1,0.249169,0.015905,22.2859,1,0
1818,search,2024-01-30,0,0,0.051179,0.019155,22.4742,1,1
1819,social,2024-04-04,1,0,0.008025,0.198028,17.5269,0,0
1820,search,2024-06-30,0,0,0.138317,0.00721,28.5826,1,0
1821,social,2024-04-02,1,0,0.112033,0.09843,36.5711,0,0
1822,search,2024-06-29,0,0,0.08396,0.042311,17.1218,1,0
1823,search,2024-01-09,0,0,0.07363,0.01039,48.8497,0,0
1824,search,2024-03-09,0,0,0.023174,0.035212,16.1038,1,0
1825,referral,2024-03-24,0,1,0.192735,0.0218,54.7828,1,0
1826,search,2024-03-10,0,0,0.349091,0.058189,65.2888,0,0
1827,social,2024-03-06,1,0,0.131144,0.00846,42.6969,0,0
1828,social,2024-04-24,1,0,0.184175,0.036614,18.042,0,0
1829,referral,2024-02-21,0,1,0.096055,0.085598,80.1424,0,0
1830,referral,2024-01-27,0,1,0.165257,0.046155,18.2906,0,0
1831,referral,2024-04-07,0,1,0.127324,0.035751,32.1551,1,0
1832,search,2024-01-11,0,0,0.279414,0.001444,23.6274,1,1
1833,search,2024-06-15,0,0,0.120706,0.096379,52.8993,0,0
1834,search,2024-02-03,0,0,0.001225,0.076527,50.8212,0,0
1835,search,2024-05-28,0,0,0.049639,0.08313,34.1369,0,0
1836,social,2024-01-02,1,0,0.033644,0.067156,34.5373,0,0
1837,social,2024-04-18,1,0,0.061606,0.081926,37.5288,0,0
1838,social,2024-01-18,1,0,0.188508,0.053413,25.13,0,0
1839,search,2024-05-01,0,0,0.02326,0.002703,41.1606,1,1
1840,search,2024-06-06,0,0,0.628977,0.003727,18.2627,1,1
1841,search,2024-02-16,0,0,0.07141,0.061736,55.9646,1,0
1842,search,2024-03-13,0,0,0.029206,0.000561,18.6636,1,1
1843,referral,2024-05-25,0,1,0.541122,0.060005,40.5734,0,0
1844,social,2024-03-15,1,0,0.013688,0.095754,34.6939,0,0
1845,social,2024-06-01,1,0,0.177787,0.024624,20.2688,0,0
1846,search,2024-06-06,0,0,0.086584,0.096269,29.2192,0,0
1847,social,2024-02-06,1,0,0.34925,0.002969,13.6937,1,1
1848,referral,2024-04-14,0,1,0.330401,0.000156,50.8763,1,1
1849,referral,2024-04-11,0,1,0.216978,0.01443,16.319,0,0
1850,search,2024-02-08,0,0,0.057668,0.002168,13.137,1,1
1851,search,2024-01-08,0,0,0.033351,0.019609,21.6763,1,1
1852,search,2024-04-11,0,0,0.382863,0.016172,98.6257,1,1
1853,search,2024-05-16,0,0,0.048891,0.074377,38.1222,0,0
1854,referral,2024-03-27,0,1,0.045902,2.7e-05,17.4973,1,1
1855,search,2024-05-20,0,0,0.019162,0.011824,57.2709,0,0
1856,social,2024-05-25,1,0,0.110443,0.000158,27.8374,1,1
1857,search,2024-04-21,0,0,0.015279,0.0013,28.807,1,1
1858,social,2024-04-28,1,0,0.286295,0.087432,20.0178,0,0
1859,referral,2024-05-30,0,1,0.053549,0.000236,17.2057,1,1
1860,social,2024-01-08,1,0,0.010469,0.003691,10.2671,1,1
1861,referral,2024-06-02,0,1,0.008897,0.002538,35.6695,1,1
1862,search,2024-05-09,0,0,0.122365,0.22857,38.5305,0,0
1863,search,2024-02-14,0,0,0.124707,0.116755,13.6757,0,0
1864,social,2024-03-23,1,0,0.21312,0.01093,20.9572,1,0
1865,referral,2024-04-02,0,1,0.409124,0.03045,29.9524,0,0
1866,search,2024-03-26,0,0,0.041837,0.218236,24.2055,0,0
1867,social,2024-02-28,1,0,0.070676,0.015561,11.6675,1,0
1868,search,2024-06-21,0,0,0.069792,0.05774,46.0939,0,0
1869,social,2024-01-09,1,0,0.049201,0.184295,50.862,0,0
1870,search,2024-06-04,0,0,0.466732,0.03846,50.2652,0,0
1871,search,2024-02-15,0,0,0.775416,0.047767,30.9178,0,0
1872,referral,2024-05-25,0,1,0.029222,0.039938,17.0597,0,0
1873,search,2024-01-19,0,0,0.084616,0.139063,10.9455,0,0
1874,search,2024-06-13,0,0,0.186707,0.024186,15.9176,1,1
1875,search,2024-04-08,0,0,0.017096,0.008776,19.6674,1,1
1876,social,2024-03-05,1,0,0.018035,0.001503,55.1217,1,1
1877,search,2024-02-06,0,0,0.060548,0.027973,17.0748,0,0
1878,search,2024-01-22,0,0,0.400149,0.309021,22.4615,0,0
1879,search,2024-01-31,0,0,0.735197,1.2e-05,48.9842,1,1
1880,referral,2024-05-13,0,1,0.052298,0.097539,35.8209,0,0
1881,search,2024-03-04,0,0,0.006015,0.088058,27.0884,0,0
1882,search,2024-02-20,0,0,0.114817,0.024625,30.2044,0,0
1883,referral,2024-03-07,0,1,0.01875,0.000205,14.8719,1,1
1884,referral,2024-06-26,0,1,0.035725,0.039221,20.6933,1,0
1885,social,2024-03-10,1,0,0.055981,0.096084,18.2749,0,0
1886,search,2024-05-27,0,0,0.036454,0.022998,12.7939,0,0
1887,search,2024-02-12,0,0,0.091395,0.000746,49.6458,1,1
1888,search,2024-01-15,0,0,0.015568,0.024828,18.9648,0,0
1889,referral,2024-06-27,0,1,0.186686,0.012573,30.5646,0,0
1890,social,2024-06-08,1,0,0.01005,0.186926,34.8071,0,0
1891,social,2024-04-15,1,0,0.01673,0.015732,13.8882,1,0
1892,search,2024-01-23,0,0,0.01103,0.005647,42.6319,1,1
1893,search,2024-02-18,0,0,0.333097,0.088466,17.6911,0,0
1894,social,2024-01-07,1,0,0.079356,0.042468,22.3746,0,0
1895,referral,2024-04-29,0,1,0.357402,0.058803,19.0837,0,0
1896,search,2024-01-24,0,0,0.278678,0.024584,14.5648,0,0
1897,search,2024-04-20,0,0,0.164681,0.005747,29.6749,1,1
1898,search,2024-02-13,0,0,0.328366,0.042735,34.8065,0,0
1899,referral,2024-05-22,0,1,0.699292,0.000946,27.5581,1,1
1900,referral,2024-04-04,0,1,0.188915,0.010692,27.2131,0,0
1901,search,2024-01-17,0,0,2e-05,0.002349,29.8334,1,1
1902,social,2024-05-12,1,0,0.03848,0.241311,49.3229,0,0
1903,social,2024-04-16,1,0,0.24267,0.020326,24.5328,1,0
1904,social,2024-02-11,1,0,0.11789,0.33888,23.6741,0,0
1905,social,2024-06-12,1,0,0.055391,0.67621,68.3578,0,0
1906,referral,2024-01-05,0,1,0.443574,0.006174,18.6573,1,1
1907,social,2024-01-15,1,0,0.039688,0.109976,17.9392,0,0
1908,search,2024-01-24,0,0,0.079639,0.226261,13.4341,0,0
1909,social,2024-04-04,1,0,0.257781,0.239798,17.8779,0,0
1910,social,2024-02-04,1,0,0.192612,0.014707,79.7326,0,0
1911,referral,2024-06-18,0,1,0.216529,0.01877,26.3449,0,0
1912,referral,2024-04-25,0,1,0.002932,0.004389,61.7883,1,1
1913,search,2024-05-09,0,0,0.012996,0.062751,18.6578,0,0
1914,search,2024-02-14,0,0,1.032645,0.055799,22.3908,0,0
1915,referral,2024-06-27,0,1,0.244433,0.00755,18.6997,1,0
1916,social,2024-05-21,1,0,0.162949,0.007815,18.6276,1,0
1917,search,2024-01-17,0,0,0.358375,0.024833,39.382,0,0
1918,social,2024-06-26,1,0,0.007391,0.077157,14.5534,0,0
1919,social,2024-04-14,1,0,0.002839,0.000305,25.7735,1,1
1920,social,2024-05-22,1,0,0.236586,0.010019,64.8444,1,1
1921,search,2024-05-13,0,0,0.402343,0.005055,59.12,1,1
1922,social,2024-03-29,1,0,0.388794,0.115451,16.5457,0,0
1923,referral,2024-04-10,0,1,0.355441,0.026302,18.1005,0,0
1924,social,2024-06-12,1,0,0.009507,0.001973,27.1056,0,0
1925,search,2024-04-26,0,0,0.080981,0.090912,46.5613,0,0
1926,search,2024-05-05,0,0,0.023188,0.066451,32.7767,0,0
1927,search,2024-03-07,0,0,0.124608,0.001817,27.3353,1,1
1928,search,2024-03-06,0,0,0.41992,0.023191,13.1764,0,0
1929,social,2024-05-01,1,0,0.024494,0.002012,43.5418,1,1
1930,search,2024-05-18,0,0,0.041453,0.034846,22.1231,1,0
1931,referral,2024-01-28,0,1,0.058066,0.040688,13.9745,0,0
1932,referral,2024-01-26,0,1,0.715091,0.058505,28.2971,1,0
1933,referral,2024-06-18,0,1,0.043509,0.012799,47.6997,1,0
1934,search,2024-05-24,0,0,0.011071,0.002064,69.8837,1,1
1935,search,2024-01-15,0,0,0.256079,0.013653,16.5325,0,0
1936,social,2024-04-13,1,0,0.027307,0.002748,33.3169,1,1
1937,search,2024-03-16,0,0,0.163057,0.004934,30.2523,0,0
1938,social,2024-06-03,1,0,0.102637,0.030856,18.6032,0,0
1939,referral,2024-03-31,0,1,0.234982,0.109006,44.9916,0,0
1940,search,2024-06-10,0,0,0.037273,0.074263,10.4582,0,0
1941,referral,2024-01-13,0,1,0.38222,9e-06,61.8025,1,1
1942,search,2024-05-19,0,0,0.002481,0.003527,31.7946,1,1
1943,search,2024-01-10,0,0,0.032443,0.074418,19.5326,0,0
1944,social,2024-02-05,1,0,0.174192,0.005086,23.4463,1,1
1945,search,2024-03-03,0,0,0.151956,0.023916,20.4341,1,0
1946,search,2024-03-07,0,0,0.104497,0.330768,31.1935,0,0
1947,search,2024-06-19,0,0,0.197674,0.005558,43.0609,1,0
1948,search,2024-01-28,0,0,0.096223,0.018168,42.053,1,1
1949,search,2024-03-21,0,0,0.121173,0.030616,18.115,0,0
1950,search,2024-04-11,0,0,0.016886,0.015986,104.7162,1,0
1951,search,2024-04-20,0,0,0.038409,0.002972,20.7672,1,0
1952,social,2024-01-31,1,0,0.108119,0.083395,35.4041,0,0
1953,social,2024-01-18,1,0,0.116018,0.111481,27.065,0,0
1954,social,2024-03-24,1,0,0.043908,0.038134,33.6529,0,0
1955,referral,2024-01-28,0,1,0.002145,0.04838,18.3792,1,0
1956,social,2024-03-10,1,0,0.002048,0.000133,18.752,1,1
1957,search,2024-02-29,0,0,0.00882,0.003427,16.8221,0,0
1958,search,2024-04-30,0,0,0.108358,0.001431,20.73,1,1
1959,social,2024-06-01,1,0,0.022361,0.146844,17.6332,0,0
1960,social,2024-01-17,1,0,0.015254,0.08159,68.4375,0,0
1961,search,2024-05-08,0,0,0.010077,0.255682,37.0856,0,0
1962,social,2024-01-16,1,0,0.157346,0.315963,53.7754,0,0
1963,referral,2024-02-27,0,1,0.070422,0.01386,27.3368,0,0
1964,search,2024-01-24,0,0,0.226957,0.003036,29.0007,1,1
1965,search,2024-04-27,0,0,0.417914,0.095575,22.3526,0,0
1966,search,2024-06-11,0,0,0.038155,0.064111,46.9403,0,0
1967,social,2024-02-10,1,0,0.048994,0.007211,9.7591,0,0
1968,referral,2024-04-16,0,1,0.078938,0.011914,40.3996,1,1
1969,referral,2024-03-12,0,1,0.020803,0.000624,17.2039,1,1
1970,search,2024-01-20,0,0,0.429436,0.028092,21.1804,0,0
1971,search,2024-04-16,0,0,0.061949,0.077178,21.9975,0,0
1972,search,2024-04-01,0,0,0.044396,0.006761,76.2225,1,1
1973,search,2024-03-14,0,0,0.067129,0.160044,27.8248,0,0
1974,search,2024-02-09,0,0,0.026762,4.9e-05,43.9119,1,1
1975,search,2024-06-02,0,0,0.138693,0.100716,36.0163,0,0
1976,search,2024-04-27,0,0,0.042867,0.00757,20.732,1,1
1977,search,2024-06-19,0,0,0.221732,0.010052,23.2769,1,1
1978,referral,2024-05-15,0,1,0.020757,0.012467,80.1358,1,0
1979,social,2024-02-26,1,0,0.13269,0.042899,25.8506,0,0
1980,social,2024-03-25,1,0,0.05698,0.122921,15.306,0,0
1981,social,2024-01-30,1,0,0.052707,0.091375,30.4076,0,0
1982,referral,2024-06-23,0,1,0.494372,0.053202,19.4387,0,0
1983,search,2024-01-15,0,0,0.132085,0.062345,19.3795,0,0
1984,referral,2024-03-09,0,1,0.094892,0.001985,149.2259,1,1
1985,search,2024-02-02,0,0,0.172158,0.026501,31.0486,0,0
1986,search,2024-05-03,0,0,0.059503,0.002323,22.1064,1,1
1987,social,2024-02-27,1,0,0.028486,0.019758,21.7969,0,0
1988,search,2024-04-14,0,0,0.037857,0.300402,19.2355,0,0
1989,social,2024-01-30,1,0,0.048159,0.221127,17.4147,0,0
1990,search,2024-03-28,0,0,0.490524,0.012265,22.6934,0,0
1991,social,2024-04-25,1,0,0.030142,0.20935,27.7918,0,0
1992,search,2024-02-15,0,0,0.008861,0.000181,30.9421,1,1
1993,search,2024-04-10,0,0,0.523182,0.055632,27.1634,1,0
1994,social,2024-02-17,1,0,0.070895,0.044119,84.5795,0,0
1995,referral,2024-03-25,0,1,0.214711,0.00888,27.4573,1,1
1996,search,2024-06-01,0,0,0.018684,0.004407,16.7513,1,1
1997,social,2024-05-11,1,0,0.033609,0.017238,37.4102,0,0
1998,social,2024-01-01,1,0,0.058174,0.103563,9.8218,0,0
1999,search,2024-06-16,0,0,0.038499,0.005905,23.6614,1,1
2000,social,2024-01-09,1,0,0.063901,0.04928,30.889,0,0
2001,search,2024-04-28,0,0,0.017213,0.01754,57.0626,0,0
2002,social,2024-04-13,1,0,0.041645,0.167221,18.3839,0,0
2003,search,2024-03-22,0,0,0.163401,0.024706,40.5813,0,0
2004,search,2024-06-17,0,0,0.144618,0.018577,73.4987,1,0
2005,social,2024-02-14,1,0,0.13014,0.018251,20.5632,0,0
2006,search,2024-05-17,0,0,0.176168,0.003816,34.2529,1,1
2007,social,2024-05-07,1,0,0.003225,0.349057,49.6275,0,0
2008,social,2024-03-31,1,0,0.006224,0.123562,26.8614,0,0
2009,social,2024-05-18,1,0,0.075076,0.110445,13.6332,1,0
2010,search,2024-05-27,0,0,0.006355,0.051521,28.4216,1,0
2011,social,2024-06-25,1,0,0.330532,0.008921,14.1335,1,0
2012,search,2024-02-28,0,0,0.051407,0.080178,13.8544,0,0
2013,search,2024-03-30,0,0,0.004619,0.001041,26.3103,1,1
2014,search,2024-06-24,0,0,0.397647,0.000318,39.874,1,1
2015,search,2024-02-25,0,0,0.150284,0.001172,18.5497,1,0
2016,search,2024-04-06,0,0,0.010258,0.010105,11.3706,1,0
2017,referral,2024-05-18,0,1,0.047958,0.001462,50.2304,1,1
2018,search,2024-05-30,0,0,0.236382,0.008133,20.1596,1,1
2019,social,2024-06-03,1,0,0.089132,0.003027,12.8525,1,1
2020,social,2024-02-29,1,0,0.064333,0.046818,26.1404,0,0
2021,search,2024-06-26,0,0,0.038955,0.109868,10.9196,0,0
2022,social,2024-01-17,1,0,0.029584,0.054915,85.573,0,0
2023,search,2024-01-11,0,0,0.008446,0.007679,25.6241,1,0
2024,referral,2024-04-07,0,1,0.022442,0.0129,26.6808,1,1
2025,search,2024-02-14,0,0,0.053607,0.00115,29.0037,1,1
2026,search,2024-03-19,0,0,0.105732,0.057449,29.2665,0,0
2027,social,2024-01-21,1,0,0.260671,0.022024,44.1646,0,0
2028,social,2024-03-15,1,0,0.016231,0.037302,59.9688,0,0
2029,search,2024-05-09,0,0,0.080507,0.121675,56.0286,0,0
2030,referral,2024-06-08,0,1,0.014361,0.004101,24.8415,1,1
2031,social,2024-04-28,1,0,0.148597,0.018382,14.4149,1,0
2032,search,2024-02-04,0,0,0.152779,0.025942,37.5789,0,0
2033,search,2024-02-29,0,0,0.042812,0.156487,29.0747,0,0
2034,search,2024-05-25,0,0,0.032099,0.166415,22.0381,0,0
2035,search,2024-01-04,0,0,0.052714,0.02824,23.5281,0,0
2036,search,2024-02-12,0,0,0.357455,0.074179,28.5345,0,0
2037,referral,2024-01-06,0,1,0.023669,0.033729,17.8062,0,0
2038,social,2024-02-01,1,0,0.330629,0.044645,40.9339,0,0
2039,referral,2024-01-01,0,1,0.116976,0.008811,27.2257,0,0
2040,search,2024-04-03,0,0,0.285512,0.039907,126.1665,0,0
2041,social,2024-04-26,1,0,0.043923,0.036185,31.1467,0,0
2042,referral,2024-04-25,0,1,0.156198,0.11052,21.5925,0,0
2043,social,2024-03-19,1,0,0.165386,0.076912,13.6534,0,0
2044,search,2024-05-12,0,0,0.094857,0.024651,14.4502,0,0
2045,social,2024-01-25,1,0,0.027543,0.03238,17.7141,0,0
2046,search,2024-06-17,0,0,0.178364,0.022233,30.9975,1,1
2047,search,2024-02-28,0,0,0.241885,0.071398,25.6058,0,0
2048,social,2024-02-03,1,0,0.288994,0.105999,44.1193,0,0
2049,social,2024-02-14,1,0,0.158992,0.00513,22.9394,1,1
2050,social,2024-02-02,1,0,0.361312,0.146159,11.1261,0,0
2051,referral,2024-05-05,0,1,0.413327,0.079416,24.7289,0,0
2052,social,2024-05-07,1,0,0.021993,0.010826,21.7412,1,1
2053,social,2024-01-26,1,0,0.004821,3.2e-05,15.8514,1,1
2054,social,2024-03-27,1,0,0.050628,0.019606,45.1169,1,1
2055,search,2024-03-22,0,0,0.015856,0.028988,37.7283,0,0
2056,referral,2024-01-14,0,1,0.051585,0.011045,20.7485,0,0
2057,search,2024-05-05,0,0,0.111959,0.003807,15.4648,1,1
2058,search,2024-05-15,0,0,0.393329,0.110606,15.3522,0,0
2059,social,2024-01-06,1,0,0.12044,0.130965,17.1182,0,0
2060,search,2024-04-21,0,0,0.00665,0.011519,136.1649,1,0
2061,search,2024-05-20,0,0,0.072077,0.022044,46.0577,1,0
2062,social,2024-02-17,1,0,0.007901,0.015604,22.2616,1,0
2063,referral,2024-06-10,0,1,0.018819,0.018019,34.9961,0,0
2064,social,2024-05-31,1,0,0.015983,0.004333,26.3479,1,0
2065,referral,2024-03-16,0,1,0.197074,0.001113,35.7321,1,1
2066,search,2024-01-26,0,0,0.023905,0.222327,11.9197,0,0
2067,social,2024-02-04,1,0,0.049791,0.023242,38.2445,0,0
2068,search,2024-01-18,0,0,0.114906,0.036764,35.8996,1,1
2069,search,2024-06-26,0,0,0.03794,0.011819,26.2424,1,1
2070,referral,2024-04-30,0,1,0.357306,0.024976,63.3969,1,0
2071,referral,2024-03-22,0,1,0.098769,0.027466,9.8203,0,0
2072,referral,2024-01-25,0,1,0.042455,0.006023,34.3194,1,0
2073,referral,2024-02-05,0,1,0.045773,0.006437,20.2805,1,1
2074,search,2024-04-30,0,0,0.860531,0.006862,14.7106,1,0
2075,search,2024-04-10,0,0,0.086983,0.234661,23.4521,0,0
2076,referral,2024-01-07,0,1,0.107762,0.001811,17.578,1,1
2077,referral,2024-01-31,0,1,0.051131,0.028461,31.3199,1,0
2078,search,2024-02-03,0,0,0.239644,0.135999,65.1421,0,0
2079,social,2024-05-09,1,0,0.402305,0.003621,24.0587,0,0
2080,social,2024-05-08,1,0,0.070239,0.181534,104.5221,0,0
2081,search,2024-04-25,0,0,0.116397,0.053253,34.02,0,0
2082,referral,2024-04-26,0,1,0.793217,0.001493,19.9269,1,1
2083,search,2024-04-12,0,0,0.060368,0.046012,46.6521,0,0
2084,social,2024-05-31,1,0,0.006038,0.067986,12.2546,0,0
2085,referral,2024-03-29,0,1,0.160082,0.034916,32.7971,0,0
2086,social,2024-01-04,1,0,0.090301,0.30796,11.9265,0,0
2087,search,2024-03-10,0,0,0.132,0.005489,24.1978,0,0
2088,search,2024-04-09,0,0,0.09893,1.5e-05,37.9224,1,1
2089,referral,2024-03-17,0,1,0.151987,0.028792,22.6672,1,0
2090,social,2024-02-06,1,0,0.171585,0.035706,29.7407,0,0
2091,social,2024-01-10,1,0,0.271351,0.103755,11.4148,0,0
2092,social,2024-05-08,1,0,0.014004,0.058821,31.3308,0,0
2093,search,2024-06-24,0,0,0.094995,0.027638,27.3724,1,0
2094,search,2024-06-25,0,0,0.002561,0.183065,12.1318,0,0
2095,social,2024-01-22,1,0,0.310872,0.007861,27.7662,1,1
2096,search,2024-01-24,0,0,0.161117,0.010578,26.0236,1,1
2097,referral,2024-06-17,0,1,0.402757,0.003791,19.3879,1,0
2098,social,2024-01-16,1,0,0.077843,0.033343,42.9525,1,0
2099,search,2024-01-14,0,0,0.02494,0.075417,13.0028,0,0
2100,referral,2024-05-26,0,1,0.124282,0.009509,47.6326,0,0
2101,referral,2024-02-17,0,1,0.276805,0.080985,14.8856,0,0
2102,search,2024-01-27,0,0,0.173775,0.065664,48.9929,0,0
2103,referral,2024-02-08,0,1,0.003628,0.003148,114.5151,1,1
2104,search,2024-02-06,0,0,0.032215,0.065479,26.3499,0,0
2105,search,2024-03-09,0,0,0.089173,0.008262,14.2771,1,0
2106,social,2024-04-09,1,0,0.037374,0.019063,30.6094,0,0
2107,social,2024-04-17,1,0,0.027914,0.114454,21.5465,0,0
2108,social,2024-06-07,1,0,0.011353,0.197918,40.3333,0,0
2109,search,2024-06-18,0,0,0.30937,0.06325,22.8915,0,0
2110,social,2024-04-24,1,0,0.032867,0.013404,15.3846,0,0
2111,search,2024-05-14,0,0,0.465214,0.00058,26.7507,1,1
2112,search,2024-06-26,0,0,0.101281,0.02007,17.8526,1,0
2113,social,2024-06-17,1,0,0.13757,0.091277,91.0543,1,0
2114,referral,2024-03-14,0,1,0.023635,0.026856,87.4245,1,0
2115,search,2024-01-28,0,0,0.026745,0.033396,118.0739,0,0
2116,social,2024-04-25,1,0,0.342855,0.058746,19.7036,0,0
2117,referral,2024-05-28,0,1,0.280117,0.019091,40.196,0,0
2118,search,2024-06-16,0,0,0.168265,0.000173,78.8948,1,1
2119,social,2024-03-17,1,0,0.017145,0.035999,56.1592,1,0
2120,search,2024-02-18,0,0,0.071326,0.078009,21.4364,0,0
2121,search,2024-05-02,0,0,0.084155,0.018927,20.1526,0,0
2122,search,2024-03-23,0,0,0.187128,0.125619,13.3255,0,0
2123,social,2024-01-13,1,0,0.05828,0.240329,19.4722,0,0
2124,search,2024-05-02,0,0,0.017986,0.010652,24.2691,1,1
2125,referral,2024-03-14,0,1,0.15096,3e-06,40.4492,1,1
2126,social,2024-03-08,1,0,0.258079,0.071629,20.9408,0,0
2127,social,2024-01-23,1,0,0.092804,0.148854,138.9542,0,0
2128,social,2024-06-09,1,0,0.115212,0.003282,34.6018,1,1
2129,search,2024-03-07,0,0,0.437007,0.010916,66.9235,1,1
2130,search,2024-05-09,0,0,0.006941,0.041564,20.9836,0,0
2131,search,2024-05-30,0,0,0.084763,0.128854,48.5569,0,0
2132,referral,2024-04-03,0,1,0.164653,0.078875,20.5722,0,0
2133,social,2024-02-20,1,0,0.226423,0.010414,30.3476,1,0
2134,referral,2024-01-08,0,1,0.298903,0.058467,33.1941,0,0
2135,search,2024-05-16,0,0,0.053947,0.053817,27.1896,0,0
2136,search,2024-06-13,0,0,0.152392,0.007966,16.324,0,0
2137,social,2024-02-12,1,0,0.045497,0.013279,7.942,0,0
2138,search,2024-04-21,0,0,0.146117,7.7e-05,26.6288,1,1
2139,referral,2024-02-27,0,1,0.047388,0.0116,29.1341,0,0
2140,search,2024-05-07,0,0,0.07916,0.053485,18.7635,1,0
2141,search,2024-03-18,0,0,0.03626,0.000682,57.2697,1,1
2142,search,2024-03-06,0,0,0.027443,0.064556,30.0982,0,0
2143,social,2024-01-04,1,0,0.144848,0.108376,24.0614,0,0
2144,search,2024-05-29,0,0,0.029911,0.001338,28.2537,1,1
2145,referral,2024-02-27,0,1,0.303091,0.018164,32.0031,0,0
2146,search,2024-01-02,0,0,0.066411,0.014205,28.6307,0,0
2147,social,2024-05-13,1,0,0.097055,0.042121,13.7189,0,0
2148,search,2024-01-23,0,0,0.091884,0.13701,30.768,0,0
2149,social,2024-03-15,1,0,0.025878,0.067636,20.9275,0,0
2150,social,2024-05-07,1,0,0.18226,0.035911,99.6399,0,0
2151,referral,2024-04-30,0,1,0.194095,0.013744,16.8437,1,0
2152,search,2024-03-19,0,0,0.394411,0.119087,69.6649,0,0
2153,search,2024-02-23,0,0,0.12389,0.003256,100.4736,1,1
2154,search,2024-06-23,0,0,0.312555,0.149225,39.5968,0,0
2155,search,2024-01-14,0,0,0.25072,0.018439,42.6414,1,0
2156,referral,2024-02-13,0,1,0.373296,0.049836,12.1861,0,0
2157,search,2024-03-19,0,0,0.042975,0.07704,20.8156,0,0
2158,referral,2024-04-11,0,1,0.006351,0.000185,37.0256,1,1
2159,search,2024-01-22,0,0,0.104026,0.005372,27.3517,0,0
2160,search,2024-01-10,0,0,0.005956,0.205366,30.0637,0,0
2161,social,2024-04-08,1,0,0.024332,0.041002,11.3733,0,0
2162,referral,2024-05-05,0,1,0.068491,0.015554,14.0076,0,0
2163,social,2024-04-25,1,0,0.204771,0.126972,48.872,0,0
2164,social,2024-03-12,1,0,0.256253,0.038063,32.2793,0,0
2165,search,2024-04-01,0,0,0.077303,0.007058,31.5935,1,1
2166,social,2024-01-20,1,0,0.186995,0.082547,24.5534,0,0
2167,social,2024-05-15,1,0,0.003657,0.211099,24.6649,0,0
2168,search,2024-01-06,0,0,0.178048,0.192607,53.6034,0,0
2169,social,2024-05-04,1,0,0.00483,0.008876,55.2207,1,1
2170,search,2024-03-24,0,0,0.065908,0.00045,25.8266,1,1
2171,referral,2024-01-18,0,1,0.450042,0.056666,26.4493,0,0
2172,search,2024-02-10,0,0,0.048271,0.008035,27.2852,1,1
2173,referral,2024-03-21,0,1,0.064306,0.006282,32.0283,1,1
2174,search,2024-01-14,0,0,0.002922,0.26768,21.3048,0,0
2175,search,2024-02-04,0,0,0.081261,0.003267,12.9942,1,1
2176,search,2024-01-28,0,0,0.118816,0.021543,22.9529,1,0
2177,search,2024-04-25,0,0,0.094905,0.031264,56.5955,1,0
2178,referral,2024-06-10,0,1,0.02626,0.005403,20.4955,1,1
2179,search,2024-03-07,0,0,0.046526,0.128903,22.1257,0,0
2180,social,2024-06-02,1,0,0.012707,0.048137,57.7033,0,0
2181,search,2024-01-08,0,0,0.155761,0.008655,43.1257,0,0
2182,referral,2024-05-18,0,1,0.300663,0.025468,28.3834,0,0
2183,search,2024-04-19,0,0,0.129091,0.171157,34.7554,0,0
2184,search,2024-01-12,0,0,0.222625,0.058501,8.93,0,0
2185,referral,2024-02-08,0,1,0.144937,0.010581,10.4878,0,0
2186,search,2024-06-05,0,0,0.233414,0.044038,33.3243,0,0
2187,social,2024-02-05,1,0,0.246978,0.006334,44.5106,0,0
2188,social,2024-02-10,1,0,0.055373,0.042026,37.9606,0,0
2189,referral,2024-02-16,0,1,0.135327,0.021509,24.1812,1,0
2190,referral,2024-04-09,0,1,0.200497,0.026875,22.6699,0,0
2191,referral,2024-05-23,0,1,0.009688,0.000159,18.6031,1,1
2192,social,2024-04-21,1,0,0.008125,0.005336,16.9851,1,1
2193,search,2024-03-04,0,0,0.045535,9.1e-05,16.9459,1,1
2194,referral,2024-03-05,0,1,0.129665,0.019261,54.1918,0,0
2195,referral,2024-05-10,0,1,0.019795,0.00665,69.0198,1,1
2196,referral,2024-03-09,0,1,0.197859,0.021034,13.2229,0,0
2197,social,2024-01-30,1,0,0.00251,0.034688,34.3567,0,0
2198,social,2024-06-29,1,0,0.007481,0.047168,15.9634,1,0
2199,referral,2024-01-13,0,1,0.015685,4.4e-05,19.1115,1,1
2200,search,2024-03-21,0,0,0.010381,0.086971,22.4629,0,0
2201,search,2024-03-27,0,0,0.010109,0.026537,30.231,1,0
2202,social,2024-03-18,1,0,0.053961,0.116917,69.9372,0,0
2203,search,2024-05-19,0,0,0.241513,0.022454,30.9687,1,1
2204,social,2024-04-12,1,0,0.019764,0.050129,23.5151,0,0
2205,social,2024-02-06,1,0,0.099083,0.069531,36.5943,0,0
2206,search,2024-01-05,0,0,0.32484,0.004672,14.4899,1,1
2207,social,2024-03-08,1,0,0.036913,0.012193,60.0663,0,0
2208,search,2024-05-31,0,0,0.280726,0.000936,32.819,1,1
2209,search,2024-05-28,0,0,0.123381,0.073868,33.1428,0,0
2210,social,2024-04-29,1,0,0.081922,0.027034,20.2565,1,0
2211,search,2024-01-13,0,0,0.272637,0.043915,42.9786,0,0
2212,referral,2024-06-28,0,1,0.171078,0.016786,23.3964,0,0
2213,search,2024-03-29,0,0,0.028994,0.003408,22.2705,1,1
2214,referral,2024-04-30,0,1,0.048384,2.2e-05,18.9223,1,1
2215,search,2024-05-31,0,0,0.188694,0.043719,18.3373,0,0
2216,search,2024-03-31,0,0,0.005289,0.067951,20.2507,0,0
2217,search,2024-04-01,0,0,0.059396,0.027113,42.3266,0,0
2218,referral,2024-04-06,0,1,0.34291,0.007709,41.0284,1,1
2219,social,2024-03-10,1,0,0.056805,0.065067,16.5088,0,0
2220,social,2024-04-18,1,0,0.005872,0.067809,14.1636,0,0
2221,social,2024-03-04,1,0,0.04602,0.077076,53.7855,0,0
2222,referral,2024-06-30,0,1,0.18133,0.007409,22.8097,1,1
2223,search,2024-06-10,0,0,0.022506,0.215598,39.9445,0,0
2224,social,2024-01-27,1,0,0.042073,0.028285,16.5261,0,0
2225,search,2024-04-26,0,0,0.168569,0.148908,50.0201,0,0
2226,social,2024-05-08,1,0,0.130722,0.540029,25.018,0,0
2227,search,2024-04-05,0,0,0.068095,0.022264,58.8927,0,0
2228,social,2024-01-10,1,0,0.264288,0.022859,32.8035,0,0
2229,search,2024-02-05,0,0,0.201395,0.01084,43.3055,1,0
2230,social,2024-04-17,1,0,0.22379,0.097321,37.404,0,0
2231,search,2024-02-26,0,0,0.029766,0.0001,30.4474,1,1
2232,social,2024-04-15,1,0,0.231255,0.030219,61.2158,0,0
2233,search,2024-02-05,0,0,0.016678,0.082633,20.0399,0,0
2234,referral,2024-03-06,0,1,0.032741,0.005865,48.3045,1,0
2235,search,2024-06-19,0,0,0.211389,0.006202,27.523,1,1
2236,referral,2024-05-06,0,1,0.457675,0.011708,17.2298,0,0
2237,search,2024-02-11,0,0,0.037469,0.181317,86.3449,0,0
2238,search,2024-02-26,0,0,0.126021,0.015674,112.3907,0,0
2239,social,2024-01-24,1,0,0.005171,0.000188,93.1895,1,1
2240,referral,2024-04-17,0,1,0.00625,0.004924,25.6146,0,0
2241,social,2024-01-15,1,0,0.027909,0.211543,33.6098,0,0
2242,referral,2024-01-01,0,1,0.054379,0.017397,63.3394,0,0
2243,social,2024-05-29,1,0,0.172485,0.040567,30.7483,0,0
2244,referral,2024-05-07,0,1,0.140494,0.064431,21.2634,0,0
2245,search,2024-06-13,0,0,0.076412,0.082867,26.5603,0,0
2246,referral,2024-05-09,0,1,1.148618,0.006354,88.1094,1,0
2247,referral,2024-03-17,0,1,0.113544,0.026176,40.4019,1,0
2248,search,2024-02-13,0,0,0.15176,0.042622,41.4895,0,0
2249,social,2024-04-23,1,0,0.06643,0.002727,15.2594,1,1
2250,search,2024-05-07,0,0,0.002137,0.024573,18.9953,1,0
2251,search,2024-01-09,0,0,0.079785,0.000615,32.006,1,1
2252,search,2024-03-19,0,0,0.145315,0.001122,12.1467,1,0
2253,search,2024-05-27,0,0,0.130386,0.034055,16.6764,0,0
2254,search,2024-06-14,0,0,0.045399,0.185568,28.5493,0,0
2255,search,2024-03-21,0,0,0.00439,0.011137,13.8641,0,0
2256,social,2024-04-05,1,0,0.14017,0.05718,34.0924,0,0
2257,social,2024-04-18,1,0,0.117251,0.030662,64.331,0,0
2258,social,2024-05-24,1,0,0.004295,0.331883,30.0334,0,0
2259,social,2024-05-06,1,0,0.079098,0.087685,33.3688,0,0
2260,social,2024-06-06,1,0,0.031178,0.047277,23.3563,1,0
2261,social,2024-03-27,1,0,0.034649,0.15869,61.2661,0,0
2262,referral,2024-01-25,0,1,0.0918,0.000551,28.1438,1,1
2263,search,2024-02-11,0,0,0.202458,0.015845,22.1036,1,0
2264,search,2024-06-19,0,0,0.413792,0.031491,6.9513,1,1
2265,social,2024-02-15,1,0,0.028401,0.019544,47.2805,1,1
2266,search,2024-05-07,0,0,0.068515,0.036577,37.4877,0,0
2267,search,2024-05-02,0,0,0.099109,0.000181,41.5405,1,1
2268,referral,2024-06-25,0,1,0.253627,0.001196,14.3362,0,0
2269,referral,2024-05-10,0,1,0.496708,0.050765,17.7227,0,0
2270,social,2024-01-24,1,0,0.049838,0.124498,22.7037,0,0
2271,search,2024-05-24,0,0,0.014985,0.046144,30.2946,0,0
2272,search,2024-04-23,0,0,0.2619,0.015883,22.3916,1,0
2273,social,2024-04-14,1,0,0.005444,0.06242,21.4008,0,0
2274,search,2024-03-31,0,0,0.010392,0.004823,34.9255,0,0
2275,social,2024-03-18,1,0,0.112672,0.027791,19.4954,0,0
2276,search,2024-01-15,0,0,0.112745,0.001807,17.2513,1,1
2277,social,2024-06-23,1,0,0.007958,0.016164,15.2381,0,0
2278,search,2024-01-04,0,0,0.274624,0.046072,11.2291,0,0
2279,search,2024-01-30,0,0,0.155493,0.005122,11.0449,1,1
2280,referral,2024-03-31,0,1,0.098808,0.029934,30.3321,0,0
2281,social,2024-02-28,1,0,0.016333,0.047294,11.3231,0,0
2282,social,2024-04-28,1,0,0.032298,0.007068,35.712,1,0
2283,search,2024-03-06,0,0,0.115155,0.007101,22.8983,1,1
2284,search,2024-01-28,0,0,0.063445,0.060843,33.9183,0,0
2285,search,2024-03-25,0,0,0.892341,0.09425,48.3699,0,0
2286,search,2024-03-08,0,0,0.062897,0.06075,35.953,0,0
2287,social,2024-04-11,1,0,0.456807,0.264484,26.8616,0,0
2288,referral,2024-05-07,0,1,0.191453,0.000898,25.0282,1,1
2289,search,2024-05-11,0,0,0.036395,0.006611,43.5123,0,0
2290,social,2024-05-26,1,0,0.035102,0.031369,42.4391,1,0
2291,social,2024-05-14,1,0,0.059947,0.019522,115.2299,0,0
2292,search,2024-01-12,0,0,0.661348,0.005013,142.1014,1,1
2293,search,2024-05-01,0,0,0.173805,0.372205,20.8164,0,0
2294,search,2024-01-05,0,0,0.321087,0.007486,51.3794,1,0
2295,search,2024-05-01,0,0,0.108408,0.031979,24.8614,0,0
2296,search,2024-05-17,0,0,0.25519,0.002557,29.6485,1,1
2297,referral,2024-01-21,0,1,0.08444,0.114576,46.1282,0,0
2298,search,2024-02-11,0,0,0.118427,0.009483,26.9958,1,1
2299,social,2024-01-17,1,0,0.006861,0.020805,20.7481,0,0
2300,social,2024-06-27,1,0,0.153473,0.513511,73.9252,0,0
2301,referral,2024-02-15,0,1,0.041756,0.117692,8.1706,0,0
2302,social,2024-04-09,1,0,0.092549,0.012967,49.3546,1,0
2303,social,2024-06-30,1,0,0.086943,0.004513,14.8863,1,0
2304,social,2024-05-07,1,0,0.17648,0.094543,25.2043,0,0
2305,search,2024-05-24,0,0,0.026495,0.061394,45.4288,1,0
2306,social,2024-04-26,1,0,0.090473,0.00071,20.2598,1,1
2307,social,2024-02-02,1,0,0.021133,0.078078,19.3378,0,0
2308,social,2024-05-01,1,0,0.127899,0.087894,16.7174,0,0
2309,search,2024-01-24,0,0,4.3e-05,0.002987,10.312,1,0
2310,social,2024-03-16,1,0,0.251437,0.260642,23.249,0,0
2311,referral,2024-04-04,0,1,0.026054,0.042245,17.346,0,0
2312,social,2024-05-09,1,0,0.204445,0.01982,24.7137,1,0
2313,social,2024-01-23,1,0,0.031829,0.346437,20.8069,0,0
2314,search,2024-01-30,0,0,0.100945,0.029363,29.557,0,0
2315,referral,2024-04-15,0,1,0.11385,0.007617,21.4651,1,1
2316,search,2024-02-11,0,0,0.156663,0.032015,22.7979,0,0
2317,social,2024-02-24,1,0,0.064458,0.025285,23.8515,0,0
2318,social,2024-02-01,1,0,0.004693,0.028876,18.7206,0,0
2319,search,2024-02-05,0,0,0.044243,0.003816,19.0435,0,0
2320,referral,2024-03-29,0,1,0.000128,0.09813,17.7387,0,0
2321,social,2024-02-10,1,0,0.258415,0.149547,56.4184,0,0
2322,referral,2024-04-27,0,1,0.332173,0.005632,14.9259,1,1
2323,social,2024-02-10,1,0,0.238284,0.142244,10.815,0,0
2324,referral,2024-05-17,0,1,0.072684,0.057174,35.7654,0,0
2325,search,2024-06-05,0,0,0.089847,0.004513,14.2744,1,1
2326,search,2024-05-17,0,0,0.111188,0.037266,26.3405,0,0
2327,search,2024-03-20,0,0,0.025349,0.078703,26.5255,0,0
2328,search,2024-03-07,0,0,0.236409,0.055097,33.6202,0,0
2329,referral,2024-04-15,0,1,0.026476,2.6e-05,22.5075,1,1
2330,search,2024-06-28,0,0,0.10364,0.12761,29.8628,0,0
2331,referral,2024-06-30,0,1,0.010288,0.001352,23.4925,1,1
2332,referral,2024-05-30,0,1,0.152713,0.040734,46.9288,1,0
2333,search,2024-06-25,0,0,0.264963,0.001699,21.1621,1,1
2334,referral,2024-03-23,0,1,0.127998,0.042559,15.9454,1,0
2335,social,2024-01-30,1,0,0.134043,0.002394,24.6713,1,1
2336,referral,2024-02-20,0,1,0.079165,0.058664,14.4311,0,0
2337,search,2024-03-21,0,0,0.057994,0.024276,15.7602,1,0
2338,search,2024-05-04,0,0,0.073926,0.032284,19.2162,0,0
2339,search,2024-06-01,0,0,0.092574,0.010294,22.464,0,0
2340,social,2024-01-26,1,0,0.098865,0.043949,34.4648,0,0
2341,search,2024-04-16,0,0,0.024875,0.083938,21.8036,0,0
2342,search,2024-04-08,0,0,0.031694,0.067626,10.6604,0,0
2343,search,2024-06-26,0,0,0.040262,0.010487,62.2599,1,1
2344,search,2024-02-14,0,0,0.083318,0.068918,23.01,0,0
2345,social,2024-04-13,1,0,0.030739,0.00791,28.3591,0,0
2346,referral,2024-06-27,0,1,0.034242,0.028043,45.9158,0,0
2347,search,2024-03-11,0,0,0.232668,0.026215,26.8599,0,0
2348,search,2024-01-08,0,0,0.127746,0.011295,23.116,1,0
2349,search,2024-06-18,0,0,0.020122,0.155805,23.0951,0,0
2350,search,2024-01-03,0,0,0.038751,0.049849,58.8497,0,0
2351,search,2024-04-18,0,0,0.019289,0.039032,42.9364,0,0
2352,search,2024-05-07,0,0,0.315444,0.064325,70.294,0,0
2353,search,2024-01-11,0,0,0.134001,0.002823,62.6456,1,1
2354,search,2024-05-04,0,0,0.077986,0.042962,20.2116,0,0
2355,search,2024-03-05,0,0,0.217323,0.014699,12.3087,1,0
2356,search,2024-02-29,0,0,0.03509,0.082766,14.8325,0,0
2357,referral,2024-03-08,0,1,0.006724,0.021875,18.3505,0,0
2358,search,2024-05-29,0,0,0.08596,0.084979,31.689,0,0
2359,search,2024-06-08,0,0,0.067098,0.065072,14.938,1,0
2360,search,2024-01-17,0,0,0.058153,0.02035,20.4922,0,0
2361,social,2024-01-05,1,0,0.300587,0.070709,23.1747,0,0
2362,search,2024-02-05,0,0,0.038955,0.002939,24.1493,1,1
2363,search,2024-02-05,0,0,0.452077,0.012122,20.2404,1,0
2364,social,2024-06-13,1,0,0.177208,0.023202,22.9185,1,0
2365,search,2024-03-25,0,0,0.042664,0.01612,14.2425,0,0
2366,referral,2024-03-21,0,1,0.044515,0.000911,51.1212,1,1
2367,search,2024-03-11,0,0,0.076277,0.085848,73.5878,0,0
2368,search,2024-03-23,0,0,0.135579,0.001223,41.3501,1,1
2369,social,2024-01-28,1,0,0.155909,0.010834,80.4119,0,0
2370,search,2024-06-02,0,0,0.036841,0.078138,15.1362,0,0
2371,social,2024-04-13,1,0,0.104069,0.004878,30.5438,1,1
2372,referral,2024-05-04,0,1,0.18371,0.00158,31.3703,1,1
2373,social,2024-06-07,1,0,0.036804,0.065887,55.9123,1,0
2374,search,2024-03-31,0,0,0.087465,0.033504,13.182,0,0
2375,social,2024-05-23,1,0,0.212529,0.119011,13.0749,0,0
2376,social,2024-03-21,1,0,0.680376,0.317452,68.3033,0,0
2377,social,2024-01-16,1,0,0.165857,0.115092,18.3856,0,0
2378,social,2024-06-03,1,0,0.55714,7.9e-05,37.197,1,1
2379,search,2024-01-17,0,0,0.274411,0.015259,20.1296,1,0
2380,referral,2024-01-31,0,1,0.014308,0.025795,20.7743,1,0
2381,search,2024-05-04,0,0,0.012567,0.00138,40.9778,1,1
2382,referral,2024-01-20,0,1,0.225531,0.074892,11.4907,0,0
2383,search,2024-03-08,0,0,0.268835,0.163517,26.0997,0,0
2384,referral,2024-01-21,0,1,0.052131,0.019749,22.5608,1,1
2385,social,2024-04-23,1,0,0.050392,0.023231,37.0867,1,0
2386,search,2024-05-03,0,0,0.050991,0.00082,26.9927,1,1
2387,search,2024-04-01,0,0,0.187306,0.026567,23.3441,0,0
2388,search,2024-03-06,0,0,0.042071,0.03131,25.4624,0,0
2389,search,2024-04-26,0,0,0.372824,0.030641,14.8324,1,0
2390,social,2024-02-21,1,0,0.197713,0.053294,29.5004,0,0
2391,social,2024-01-09,1,0,0.058939,0.080462,13.4517,0,0
2392,social,2024-06-07,1,0,0.478415,0.212514,36.2548,0,0
2393,social,2024-04-14,1,0,0.014449,0.109601,12.7396,0,0
2394,referral,2024-03-15,0,1,0.411023,0.004178,33.9256,1,1
2395,search,2024-01-13,0,0,0.063719,0.001579,26.1076,1,1
2396,social,2024-02-22,1,0,0.023753,0.122561,32.162,0,0
2397,search,2024-05-25,0,0,0.04355,0.375723,22.1335,0,0
2398,social,2024-02-23,1,0,0.02205,0.086706,32.1364,0,0
2399,search,2024-05-06,0,0,0.10671,0.000628,13.9361,1,1
2400,social,2024-03-07,1,0,0.034858,0.002349,77.1104,1,1
2401,social,2024-01-18,1,0,0.077475,0.027274,13.6296,1,1
2402,search,2024-04-22,0,0,0.036978,0.116535,35.1645,0,0
2403,referral,2024-02-24,0,1,0.867606,0.025498,21.4803,1,1
2404,social,2024-05-06,1,0,0.018593,0.000163,27.9243,1,1
2405,social,2024-04-25,1,0,0.075628,0.232777,45.7404,0,0
2406,social,2024-03-29,1,0,0.152318,0.10559,64.7748,0,0
2407,social,2024-06-11,1,0,0.018845,0.089466,13.4857,0,0
2408,social,2024-02-24,1,0,0.005512,0.259731,22.6009,0,0
2409,search,2024-02-15,0,0,0.665737,0.027457,21.9594,0,0
2410,search,2024-06-26,0,0,0.00884,0.141974,29.2447,0,0
2411,search,2024-02-03,0,0,1.515679,0.018286,82.2787,0,0
2412,search,2024-01-19,0,0,0.376197,0.020594,22.1467,0,0
2413,referral,2024-02-14,0,1,0.235726,0.018179,21.2231,1,1
2414,social,2024-03-01,1,0,0.046171,0.003697,32.7331,1,1
2415,social,2024-05-06,1,0,0.007906,0.001087,16.9451,1,1
2416,social,2024-04-22,1,0,0.152395,0.085684,36.1593,0,0
2417,search,2024-06-20,0,0,0.416337,0.006986,13.7146,1,1
2418,social,2024-02-10,1,0,0.005887,0.031525,26.9928,1,0
2419,referral,2024-03-17,0,1,0.529012,0.022021,29.6985,0,0
2420,referral,2024-01-17,0,1,0.128031,0.009747,47.9936,1,1
2421,social,2024-04-27,1,0,0.023947,0.159458,27.1394,0,0
2422,referral,2024-06-16,0,1,0.185831,0.017883,84.6961,1,0
2423,search,2024-06-12,0,0,0.035943,0.000553,14.8255,1,1
2424,search,2024-04-05,0,0,0.189825,0.00024,38.8993,1,1
2425,referral,2024-02-27,0,1,0.592939,0.016862,19.7346,0,0
2426,search,2024-03-03,0,0,0.012702,0.190851,41.0008,0,0
2427,search,2024-02-19,0,0,0.049783,0.009475,32.7073,1,1
2428,social,2024-06-19,1,0,0.124137,0.006102,12.3442,1,1
2429,search,2024-05-13,0,0,0.004983,0.039431,36.6407,0,0
2430,social,2024-04-19,1,0,0.003222,0.162371,21.1201,0,0
2431,search,2024-05-26,0,0,0.615604,0.003737,12.2767,1,1
2432,search,2024-04-29,0,0,0.013265,0.005618,27.7478,1,1
2433,search,2024-06-24,0,0,0.370081,0.004641,21.0744,1,0
2434,search,2024-03-13,0,0,0.027885,0.047765,24.9609,1,0
2435,search,2024-01-06,0,0,0.392264,0.009739,33.1857,1,1
2436,referral,2024-01-03,0,1,0.315509,0.030933,41.6673,0,0
2437,social,2024-05-15,1,0,0.161461,0.016157,36.0118,1,0
2438,referral,2024-03-27,0,1,0.304986,0.002073,21.1723,1,1
2439,social,2024-06-01,1,0,0.155373,0.167574,31.9823,0,0
2440,search,2024-03-07,0,0,0.073668,0.014404,52.0267,0,0
2441,search,2024-04-11,0,0,0.245443,0.050508,19.1234,0,0
2442,search,2024-01-15,0,0,0.185981,0.012195,44.8979,1,0
2443,search,2024-04-06,0,0,0.586574,0.011927,33.1396,1,1
2444,search,2024-01-10,0,0,0.13617,0.012824,49.0658,1,1
2445,social,2024-03-27,1,0,0.1631,0.169133,22.8029,0,0
2446,referral,2024-02-01,0,1,0.176202,0.003518,31.4391,1,1
2447,search,2024-02-19,0,0,0.022806,0.038642,22.2294,0,0
2448,search,2024-06-09,0,0,0.019963,0.001224,17.6374,1,1
2449,search,2024-06-11,0,0,0.03753,0.003942,23.6829,1,1
2450,referral,2024-03-28,0,1,0.010519,0.005128,12.85,1,1
2451,search,2024-01-18,0,0,0.079295,0.000719,51.4421,1,1
2452,search,2024-05-10,0,0,0.216115,0.064467,27.1123,0,0
2453,social,2024-05-06,1,0,0.227623,0.242828,18.7018,0,0
2454,search,2024-01-19,0,0,0.515782,0.098317,17.6192,0,0
2455,search,2024-06-06,0,0,0.19887,0.011871,35.3821,0,0
2456,social,2024-05-03,1,0,0.113641,0.024546,62.8195,0,0
2457,social,2024-02-12,1,0,0.12915,0.077286,33.5034,0,0
2458,social,2024-02-15,1,0,0.120776,0.141086,16.1809,0,0
2459,referral,2024-05-06,0,1,0.167518,0.042471,21.1845,0,0
2460,referral,2024-01-31,0,1,0.546369,0.001355,25.0517,1,1
2461,social,2024-01-11,1,0,0.027051,0.010779,16.7508,1,0
2462,social,2024-02-24,1,0,0.170272,0.008005,17.4836,1,0
2463,search,2024-06-22,0,0,0.107632,0.00503,8.2638,1,1
2464,social,2024-02-15,1,0,0.079544,0.033127,33.5435,1,0
2465,social,2024-04-06,1,0,0.093797,0.000451,14.8497,1,1
2466,search,2024-06-11,0,0,0.038059,0.018941,24.34,0,0
2467,search,2024-05-29,0,0,0.000807,0.003223,40.1474,1,0
2468,search,2024-06-05,0,0,0.118957,0.113694,17.0825,0,0
2469,search,2024-04-16,0,0,0.385489,0.009373,27.2446,0,0
2470,search,2024-04-16,0,0,0.027716,0.010211,55.1363,1,1
2471,search,2024-06-23,0,0,0.202256,0.021108,25.2653,1,1
2472,search,2024-03-28,0,0,0.016166,0.03643,18.6176,0,0
2473,search,2024-05-07,0,0,0.230489,0.029555,16.2326,1,0
2474,search,2024-03-05,0,0,0.018694,0.101349,13.878,0,0
2475,search,2024-01-10,0,0,0.045135,0.067139,12.3167,0,0
2476,social,2024-01-26,1,0,0.153261,0.086135,15.2414,0,0
2477,social,2024-03-13,1,0,0.205517,0.001065,18.8145,1,1
2478,search,2024-06-17,0,0,0.190379,0.030899,25.9076,1,1
2479,search,2024-04-14,0,0,0.011576,0.003473,23.3588,0,0
2480,search,2024-03-24,0,0,0.021196,0.009437,51.5377,1,1
2481,search,2024-01-28,0,0,0.442924,0.001747,27.3789,1,1
2482,search,2024-02-19,0,0,0.265907,0.008703,44.3913,1,1
2483,social,2024-02-02,1,0,0.002741,0.059393,45.0864,0,0
2484,search,2024-06-12,0,0,0.060587,0.026387,12.1638,0,0
2485,search,2024-04-02,0,0,0.08364,0.001101,44.836,1,1
2486,search,2024-04-18,0,0,0.255113,0.003005,20.9987,1,1
2487,search,2024-06-06,0,0,0.248065,0.113782,58.2081,0,0
2488,social,2024-03-19,1,0,0.067244,0.004525,14.6644,1,1
2489,search,2024-04-23,0,0,0.028544,0.025577,14.7371,0,0
2490,social,2024-05-03,1,0,0.168005,0.028044,13.7231,1,1
2491,social,2024-05-23,1,0,0.004784,0.220396,26.7906,0,0
2492,search,2024-02-09,0,0,0.18039,0.004422,18.8712,1,1
2493,search,2024-04-30,0,0,0.145133,0.008946,33.9087,1,1
2494,referral,2024-04-27,0,1,0.000751,0.047254,24.2702,0,0
2495,search,2024-06-11,0,0,0.402435,0.080184,27.9457,0,0
2496,referral,2024-05-04,0,1,0.235952,0.011742,30.8759,0,0
2497,search,2024-05-18,0,0,0.106203,0.003236,18.094,1,1
2498,referral,2024-02-05,0,1,0.038785,0.071232,31.5697,0,0
2499,search,2024-01-08,0,0,0.119388,0.091026,24.4479,0,0
2500,social,2024-03-17,1,0,0.11639,0.415004,18.4405,0,0
2501,social,2024-06-10,1,0,0.005074,0.076654,39.118,0,0
2502,social,2024-02-16,1,0,0.094172,0.108025,42.7947,0,0
2503,search,2024-05-01,0,0,0.027001,0.030027,19.6011,1,1
2504,social,2024-03-04,1,0,0.129275,0.08699,42.3613,0,0
2505,referral,2024-04-23,0,1,0.304677,0.000646,26.1266,1,1
2506,search,2024-02-20,0,0,0.306441,0.217499,23.7623,0,0
2507,search,2024-04-11,0,0,0.354691,0.113834,48.6283,0,0
2508,search,2024-05-07,0,0,0.19962,0.112524,19.4639,0,0
2509,referral,2024-02-24,0,1,0.213988,0.001307,33.65,1,1
2510,social,2024-06-24,1,0,0.148829,0.036098,23.7906,1,0
2511,search,2024-02-21,0,0,0.156204,0.031793,15.5832,0,0
2512,social,2024-06-03,1,0,0.1638,0.010907,28.5663,1,0
2513,social,2024-06-29,1,0,0.006525,0.030695,9.0376,0,0
2514,social,2024-02-27,1,0,0.068416,0.008976,20.9082,1,1
2515,search,2024-02-23,0,0,0.230264,0.022622,35.0255,0,0
2516,referral,2024-06-29,0,1,0.020353,0.021827,13.6911,0,0
2517,social,2024-06-26,1,0,0.374902,0.092778,16.2227,0,0
2518,search,2024-06-20,0,0,0.055688,0.051149,18.1103,1,0
2519,referral,2024-06-09,0,1,0.03266,0.011665,62.9513,0,0
2520,search,2024-03-08,0,0,0.216424,0.14026,42.4314,0,0
2521,social,2024-06-13,1,0,0.082772,0.053736,18.6345,0,0
2522,search,2024-05-26,0,0,0.278638,0.020597,31.2293,1,0
2523,search,2024-01-15,0,0,0.135713,0.000241,41.1123,1,1
2524,social,2024-04-19,1,0,0.003062,0.030686,39.4522,0,0
2525,search,2024-04-21,0,0,0.423472,0.063455,77.0424,0,0
2526,social,2024-01-19,1,0,0.11206,0.015422,31.5845,0,0
2527,social,2024-06-09,1,0,0.070786,0.34852,34.8103,0,0
2528,social,2024-03-05,1,0,0.003347,0.028097,24.5668,0,0
2529,search,2024-01-17,0,0,0.041673,0.011278,23.1807,0,0
2530,search,2024-03-29,0,0,0.033301,0.0067,21.0489,1,1
2531,search,2024-04-28,0,0,0.02888,0.003883,37.3147,1,1
2532,search,2024-06-21,0,0,0.501765,0.110247,32.3898,0,0
2533,search,2024-04-25,0,0,0.293251,0.342363,58.7659,0,0
2534,search,2024-05-18,0,0,0.267047,0.020669,84.1745,0,0
2535,search,2024-02-10,0,0,0.021133,0.005179,24.7063,1,1
2536,referral,2024-03-27,0,1,0.073015,0.000483,12.0032,1,1
2537,search,2024-06-02,0,0,0.022453,0.00415,60.5918,1,1
2538,social,2024-01-17,1,0,0.126852,0.049493,52.0553,0,0
2539,search,2024-03-03,0,0,0.109903,0.111414,13.9964,0,0
2540,social,2024-04-14,1,0,0.261033,0.003671,33.3374,1,1
2541,referral,2024-02-11,0,1,0.062798,0.000564,36.5338,1,1
2542,search,2024-01-25,0,0,0.168452,0.005535,42.6927,0,0
2543,search,2024-01-21,0,0,0.013672,4.6e-05,14.3134,1,1
2544,search,2024-05-24,0,0,0.16356,0.013501,24.0172,1,0
2545,referral,2024-06-11,0,1,0.188742,0.001555,44.1914,1,0
2546,search,2024-06-24,0,0,0.132365,0.056442,22.218,0,0
2547,social,2024-05-29,1,0,0.128418,0.064869,12.832,0,0
2548,social,2024-02-01,1,0,0.055542,0.007285,39.6249,0,0
2549,search,2024-06-01,0,0,0.1472,0.013385,17.7013,1,1
2550,social,2024-06-05,1,0,0.307546,0.070281,24.0375,0,0
2551,search,2024-01-21,0,0,0.01773,0.0624,10.1592,0,0
2552,search,2024-03-09,0,0,0.103617,0.002031,10.472,1,1
2553,search,2024-03-12,0,0,0.412296,0.003888,35.3358,1,1
2554,search,2024-03-18,0,0,0.088238,0.078199,14.8614,0,0
2555,search,2024-01-07,0,0,0.428788,0.045276,22.6713,0,0
2556,search,2024-02-23,0,0,0.047181,0.036115,54.435,0,0
2557,social,2024-05-19,1,0,0.223117,0.107618,16.3158,0,0
2558,search,2024-02-10,0,0,0.355051,0.088393,43.8502,0,0
2559,social,2024-06-03,1,0,0.008656,0.020495,45.0197,0,0
2560,social,2024-03-16,1,0,0.108361,0.266303,102.0346,0,0
2561,referral,2024-01-31,0,1,0.497504,0.000774,25.0867,1,1
2562,search,2024-01-25,0,0,0.300571,0.032827,15.622,0,0
2563,search,2024-06-09,0,0,0.18671,0.159798,53.6026,0,0
2564,search,2024-05-16,0,0,0.119839,0.000452,63.881,1,1
2565,social,2024-02-13,1,0,0.098005,0.002898,18.2527,1,1
2566,search,2024-06-30,0,0,0.038206,0.04071,30.8079,0,0
2567,social,2024-02-17,1,0,0.047664,0.02884,19.969,1,0
2568,referral,2024-06-30,0,1,0.055141,0.065271,84.2612,0,0
2569,search,2024-06-07,0,0,0.361985,0.046403,26.346,0,0
2570,search,2024-02-16,0,0,0.159145,0.088001,118.0712,0,0
2571,search,2024-03-28,0,0,0.120566,0.007758,37.5014,1,0
2572,referral,2024-01-16,0,1,0.059597,0.010676,19.3601,1,0
2573,referral,2024-05-31,0,1,0.09156,0.02383,130.6898,0,0
2574,search,2024-06-29,0,0,0.394649,0.002665,34.4346,1,1
2575,search,2024-06-21,0,0,0.187156,0.000705,39.7014,1,0
2576,search,2024-03-07,0,0,0.412962,0.212427,25.9135,0,0
2577,search,2024-03-03,0,0,0.204033,0.004471,14.3428,1,1
2578,referral,2024-05-15,0,1,0.219373,0.020652,25.3983,1,0
2579,social,2024-02-19,1,0,0.129396,2e-06,39.6425,1,1
2580,search,2024-03-19,0,0,0.224621,0.044227,15.8688,0,0
2581,social,2024-05-13,1,0,0.022958,0.024753,48.5333,0,0
2582,social,2024-04-24,1,0,0.024275,0.026623,278.8549,0,0
2583,social,2024-06-07,1,0,0.296898,0.022756,67.8835,0,0
2584,search,2024-03-24,0,0,0.031515,0.001076,30.7784,1,1
2585,search,2024-03-26,0,0,0.183901,0.001205,29.5234,1,1
2586,social,2024-02-19,1,0,0.055843,0.047478,28.6646,0,0
2587,search,2024-01-15,0,0,0.139342,0.0,25.9798,1,1
2588,search,2024-03-03,0,0,0.060104,0.021498,24.8322,0,0
2589,social,2024-03-19,1,0,0.172325,0.063618,28.556,0,0
2590,search,2024-06-12,0,0,0.131208,1.4e-05,60.4997,1,1
2591,social,2024-03-17,1,0,0.033061,0.011981,14.9568,1,0
2592,search,2024-02-22,0,0,0.082453,0.118822,37.2954,0,0
2593,referral,2024-06-14,0,1,0.603958,0.033715,8.0199,0,0
2594,search,2024-06-26,0,0,0.726679,0.020944,15.4012,0,0
2595,social,2024-05-26,1,0,0.011327,0.080997,33.7816,0,0
2596,referral,2024-02-21,0,1,0.094626,0.008152,14.8058,0,0
2597,search,2024-04-09,0,0,0.095514,0.087522,101.9912,0,0
2598,search,2024-02-09,0,0,0.005313,0.012306,18.6774,0,0
2599,search,2024-03-29,0,0,0.00409,0.162794,38.0845,0,0
2600,referral,2024-01-24,0,1,0.065423,0.02687,17.2668,1,0
2601,search,2024-04-25,0,0,0.224454,0.100634,122.8934,0,0
2602,social,2024-01-01,1,0,0.129922,0.134036,31.5243,0,0
2603,search,2024-05-25,0,0,0.355767,0.232445,27.172,0,0
2604,social,2024-05-22,1,0,0.107141,0.000323,25.8908,1,1
2605,search,2024-05-18,0,0,0.097895,0.061076,36.6633,0,0
2606,social,2024-02-02,1,0,0.038171,0.027622,11.5423,0,0
2607,social,2024-03-12,1,0,0.003246,0.346274,13.402,0,0
2608,search,2024-03-31,0,0,0.025291,0.05244,36.7501,0,0
2609,social,2024-04-01,1,0,0.033191,0.61421,34.2957,0,0
2610,social,2024-06-01,1,0,0.104015,0.000303,12.8576,1,1
2611,search,2024-03-12,0,0,0.156784,0.008499,16.4065,1,1
2612,social,2024-05-19,1,0,0.105862,0.234773,58.061,0,0
2613,search,2024-02-20,0,0,0.111733,0.059148,24.7347,0,0
2614,social,2024-01-17,1,0,0.296821,0.264548,22.6919,0,0
2615,social,2024-05-16,1,0,0.290737,0.039478,15.5912,0,0
2616,referral,2024-03-17,0,1,0.013793,0.070877,36.8361,1,0
2617,referral,2024-05-05,0,1,0.577188,0.005712,24.6239,1,1
2618,search,2024-01-09,0,0,0.03936,0.001906,13.49,1,1
2619,search,2024-03-01,0,0,0.191551,0.000433,18.3594,1,1
2620,search,2024-04-13,0,0,0.036442,0.044696,25.3412,0,0
2621,social,2024-05-09,1,0,0.152549,0.060908,22.8689,0,0
2622,social,2024-02-19,1,0,0.01386,0.06871,46.6058,0,0
2623,referral,2024-02-29,0,1,0.071401,0.010844,76.0388,1,1
2624,social,2024-02-10,1,0,0.007412,0.009131,33.7706,1,1
2625,search,2024-04-05,0,0,0.141547,0.042135,85.4724,0,0
2626,search,2024-03-30,0,0,0.090792,0.058,32.8882,0,0
2627,social,2024-03-06,1,0,0.051745,0.025542,22.7914,0,0
2628,search,2024-02-18,0,0,0.01096,0.082794,14.7669,0,0
2629,search,2024-02-07,0,0,0.125711,0.07208,11.7697,0,0
2630,social,2024-06-24,1,0,0.1796,0.101186,22.2537,0,0
2631,search,2024-03-30,0,0,0.022713,0.009834,11.3048,1,0
2632,social,2024-04-14,1,0,0.075914,0.003428,36.6011,1,1
2633,search,2024-03-12,0,0,0.540783,0.067888,22.8199,1,0
2634,search,2024-03-13,0,0,0.299133,0.00491,10.6199,1,0
2635,social,2024-06-21,1,0,0.013719,0.375998,22.7962,0,0
2636,search,2024-04-15,0,0,0.017523,0.008596,30.2329,0,0
2637,social,2024-06-04,1,0,0.520477,0.683156,23.7457,0,0
2638,social,2024-05-31,1,0,0.14287,0.191592,21.0945,0,0
2639,social,2024-05-02,1,0,0.014536,0.029928,35.7874,0,0
2640,social,2024-03-21,1,0,0.070264,0.029533,37.6323,0,0
2641,search,2024-06-27,0,0,0.116515,0.035491,37.3311,1,0
2642,search,2024-02-12,0,0,0.003315,0.000117,44.2756,1,1
2643,search,2024-06-02,0,0,0.644468,0.049205,36.3344,0,0
2644,social,2024-02-12,1,0,0.112237,0.16303,71.0419,0,0
2645,social,2024-01-06,1,0,0.109153,0.191185,15.5276,0,0
2646,search,2024-01-24,0,0,0.285238,0.126575,32.8938,0,0
2647,search,2024-05-05,0,0,0.110902,0.015076,27.1243,1,1
2648,referral,2024-03-17,0,1,0.163567,0.039172,44.6107,1,0
2649,social,2024-05-27,1,0,0.191187,0.106795,27.1677,1,0
2650,referral,2024-04-18,0,1,0.216849,0.013941,14.2594,0,0
2651,search,2024-02-12,0,0,0.274534,0.030503,25.1824,0,0
2652,search,2024-04-24,0,0,0.066446,0.002705,12.7978,1,0
2653,referral,2024-02-14,0,1,0.1054,0.009176,28.1569,0,0
2654,referral,2024-05-27,0,1,0.156606,0.005981,21.7826,1,1
2655,search,2024-05-16,0,0,0.040265,0.094106,55.9592,0,0
2656,social,2024-03-07,1,0,0.418008,0.017952,28.7548,0,0
2657,search,2024-05-14,0,0,0.093521,0.000289,12.957,1,1
2658,referral,2024-06-17,0,1,0.182274,0.016286,15.3291,1,1
2659,referral,2024-02-03,0,1,0.047338,0.002454,32.6703,1,1
2660,social,2024-05-19,1,0,0.088356,0.165919,31.1208,0,0
2661,referral,2024-03-29,0,1,0.047668,0.000394,40.713,1,1
2662,search,2024-02-25,0,0,0.07394,0.005366,32.0855,0,0
2663,social,2024-03-17,1,0,0.230415,0.015759,13.7535,0,0
2664,social,2024-04-23,1,0,0.029363,0.098644,14.789,0,0
2665,social,2024-03-12,1,0,0.110979,0.002013,22.8378,1,1
2666,social,2024-05-22,1,0,0.311916,0.001688,19.493,1,1
2667,social,2024-04-27,1,0,0.056354,0.028159,31.1226,0,0
2668,search,2024-04-04,0,0,0.157837,0.026125,20.3815,0,0
2669,social,2024-01-09,1,0,0.13451,0.014922,112.2061,0,0
2670,search,2024-01-06,0,0,0.532881,0.030933,10.667,0,0
2671,social,2024-01-16,1,0,0.284007,0.004224,19.159,1,1
2672,social,2024-05-12,1,0,0.011988,0.003306,21.3661,1,1
2673,search,2024-03-22,0,0,0.027178,0.114983,22.4215,0,0
2674,search,2024-01-12,0,0,0.120787,0.00027,16.8811,1,1
2675,search,2024-03-23,0,0,1.063385,0.000943,6.9993,1,1
2676,social,2024-04-02,1,0,0.285939,0.084456,36.7902,0,0
2677,search,2024-06-22,0,0,0.011841,0.017623,67.5306,1,0
2678,search,2024-02-25,0,0,0.262304,0.157066,27.7176,0,0
2679,search,2024-04-30,0,0,0.186425,0.032054,38.3663,0,0
2680,search,2024-05-04,0,0,0.361465,0.081784,16.9476,0,0
2681,search,2024-06-13,0,0,0.352969,0.007256,19.4071,0,0
2682,referral,2024-02-24,0,1,0.00864,0.009619,24.7807,1,0
2683,search,2024-01-29,0,0,0.201899,0.001459,27.4004,1,1
2684,search,2024-04-29,0,0,0.091822,0.036272,47.0429,0,0
2685,search,2024-06-16,0,0,0.30707,0.003878,12.6214,1,1
2686,search,2024-04-22,0,0,1.163874,0.03664,16.7782,0,0
2687,search,2024-01-05,0,0,0.010922,0.018008,20.9075,0,0
2688,search,2024-06-13,0,0,0.045415,0.143666,29.0952,0,0
2689,social,2024-04-26,1,0,0.087799,0.004108,19.3861,1,1
2690,social,2024-01-27,1,0,0.079619,0.127629,82.8483,0,0
2691,search,2024-03-17,0,0,0.134102,0.179626,22.7415,0,0
2692,search,2024-06-29,0,0,0.061741,0.016458,23.696,1,0
2693,search,2024-02-13,0,0,0.112074,0.021838,20.7299,0,0
2694,social,2024-06-02,1,0,0.037808,0.043541,20.5019,0,0
2695,search,2024-03-19,0,0,0.110535,0.003439,54.4414,1,1
2696,search,2024-06-01,0,0,0.214048,0.00116,17.69,1,1
2697,referral,2024-04-08,0,1,0.144181,0.00013,86.6274,1,1
2698,social,2024-05-21,1,0,0.077072,0.041048,31.5979,1,0
2699,social,2024-03-17,1,0,0.02125,0.100503,36.7622,0,0
2700,social,2024-04-05,1,0,0.059269,0.030134,41.2265,1,0
2701,search,2024-06-05,0,0,0.177679,0.032379,21.6686,0,0
2702,search,2024-03-30,0,0,0.08445,0.042997,16.3703,0,0
2703,search,2024-02-26,0,0,0.148608,0.099893,44.4975,0,0
2704,referral,2024-04-11,0,1,0.150406,0.011687,14.8229,1,0
2705,referral,2024-03-25,0,1,0.547115,0.012822,29.4682,1,0
2706,search,2024-03-13,0,0,0.023931,0.003292,62.6715,0,0
2707,social,2024-05-25,1,0,0.116242,0.006951,28.7156,1,1
2708,search,2024-01-13,0,0,0.096588,0.04971,16.9981,0,0
2709,social,2024-02-08,1,0,0.19428,0.125555,11.4327,0,0
2710,social,2024-05-17,1,0,0.006382,0.149809,36.2168,0,0
2711,search,2024-02-05,0,0,0.238162,0.014112,128.7061,1,1
2712,search,2024-04-05,0,0,0.119562,3e-06,39.2237,1,1
2713,search,2024-01-26,0,0,0.193749,0.016992,15.0378,1,0
2714,referral,2024-04-13,0,1,0.052756,0.016337,19.6601,1,0
2715,social,2024-06-09,1,0,0.046803,0.013522,40.8362,1,0
2716,social,2024-01-20,1,0,0.106851,0.001028,46.0186,1,1
2717,social,2024-02-27,1,0,0.043795,0.007435,15.9522,1,1
2718,search,2024-04-02,0,0,0.074706,0.068387,37.2666,0,0
2719,search,2024-01-17,0,0,0.07744,0.019244,31.4221,0,0
2720,referral,2024-04-29,0,1,0.603861,0.003621,18.5182,1,1
2721,search,2024-04-26,0,0,0.013572,0.001417,17.5191,1,0
2722,social,2024-02-14,1,0,0.585604,0.039885,47.2064,1,0
2723,social,2024-04-05,1,0,0.200339,0.001037,23.4238,1,1
2724,search,2024-02-27,0,0,0.008383,0.008325,33.0963,1,1
2725,social,2024-01-28,1,0,0.047092,0.037876,15.1507,0,0
2726,search,2024-06-26,0,0,0.029649,0.152694,22.5799,0,0
2727,search,2024-01-02,0,0,0.038062,0.018174,20.4096,0,0
2728,social,2024-06-01,1,0,0.034342,0.017635,16.739,0,0
2729,referral,2024-02-22,0,1,0.167832,0.003169,15.399,1,1
2730,social,2024-04-17,1,0,0.089853,0.002716,23.7168,1,1
2731,social,2024-05-24,1,0,0.169508,0.20495,23.3369,0,0
2732,search,2024-01-10,0,0,0.007477,0.000249,43.7687,1,1
2733,search,2024-05-08,0,0,0.319246,0.000165,29.1463,1,1
2734,search,2024-04-25,0,0,0.047399,0.031324,39.5889,0,0
2735,social,2024-01-22,1,0,0.049577,0.038805,23.7357,0,0
2736,search,2024-06-27,0,0,0.053157,0.020594,17.385,0,0
2737,search,2024-01-01,0,0,0.085712,0.105407,14.1746,0,0
2738,social,2024-04-08,1,0,0.118819,0.047849,21.2388,0,0
2739,search,2024-04-01,0,0,0.506827,0.013004,28.532,1,0
2740,referral,2024-04-19,0,1,0.19676,0.035397,16.3203,0,0
2741,referral,2024-01-25,0,1,0.31195,0.043007,21.8074,0,0
2742,social,2024-02-25,1,0,0.05769,0.691978,12.9209,0,0
2743,search,2024-04-18,0,0,0.051463,0.07748,44.5658,0,0
2744,referral,2024-06-07,0,1,0.007019,0.188728,14.6704,0,0
2745,search,2024-01-25,0,0,0.163454,0.049266,58.5629,0,0
2746,referral,2024-01-22,0,1,0.058685,0.018268,163.1985,0,0
2747,search,2024-02-08,0,0,0.149621,0.0141,60.2184,0,0
2748,search,2024-02-18,0,0,0.055285,0.073183,19.4889,0,0
2749,search,2024-06-07,0,0,0.04522,0.118241,24.8082,0,0
2750,search,2024-04-30,0,0,0.032505,0.099309,39.9031,0,0
2751,search,2024-02-17,0,0,0.429442,0.038165,18.6372,0,0
2752,search,2024-05-11,0,0,0.077133,0.002311,9.1129,1,1
2753,search,2024-05-14,0,0,0.074781,0.01078,28.2019,0,0
2754,social,2024-02-13,1,0,0.032195,0.236412,16.609,0,0
2755,social,2024-06-02,1,0,0.007154,0.043242,34.1687,0,0
2756,search,2024-03-15,0,0,0.222108,0.004618,32.2436,1,1
2757,search,2024-01-20,0,0,0.475007,0.03562,26.5132,0,0
2758,search,2024-02-08,0,0,0.02687,0.022282,46.2659,0,0
2759,referral,2024-01-14,0,1,0.497202,0.045265,31.3426,0,0
2760,search,2024-05-10,0,0,0.256961,0.05043,32.5702,0,0
2761,referral,2024-01-22,0,1,0.046144,0.009655,27.6153,0,0
2762,social,2024-05-02,1,0,0.061861,0.006034,31.0771,1,1
2763,search,2024-06-19,0,0,0.497702,0.005248,26.1195,1,1
2764,social,2024-06-13,1,0,0.118598,0.083321,32.1878,0,0
2765,social,2024-03-06,1,0,0.104027,0.229697,20.3973,0,0
2766,social,2024-04-28,1,0,0.010331,7.3e-05,27.1955,1,1
2767,social,2024-01-23,1,0,0.049757,0.029025,75.0934,0,0
2768,search,2024-02-25,0,0,0.404355,0.047722,17.5919,0,0
2769,social,2024-03-19,1,0,0.242321,0.013922,56.27,0,0
2770,search,2024-06-13,0,0,0.325599,0.003012,18.1007,1,1
2771,social,2024-03-23,1,0,0.32221,0.016649,25.1035,1,1
2772,social,2024-02-21,1,0,0.049376,0.036734,11.361,0,0
2773,search,2024-02-21,0,0,0.185834,0.00855,18.1704,1,1
2774,social,2024-05-18,1,0,0.122568,0.021905,41.5458,0,0
2775,social,2024-06-17,1,0,0.020321,0.077363,18.8283,0,0
2776,social,2024-04-01,1,0,0.843909,0.110038,91.1804,0,0
2777,referral,2024-02-17,0,1,0.194648,0.00605,22.1039,1,1
2778,referral,2024-05-23,0,1,0.054853,0.007211,18.9608,0,0
2779,social,2024-05-07,1,0,0.003957,0.026132,48.0359,1,0
2780,search,2024-04-10,0,0,0.171117,0.004546,17.5902,1,0
2781,search,2024-05-24,0,0,0.392104,0.031837,12.824,0,0
2782,search,2024-05-23,0,0,0.27161,0.005842,30.1811,1,1
2783,search,2024-01-07,0,0,0.069107,0.357331,74.6706,0,0
2784,search,2024-05-15,0,0,0.015154,0.000603,16.8383,1,1
2785,search,2024-05-31,0,0,0.018668,0.006271,18.8674,1,1
2786,social,2024-06-09,1,0,0.166414,0.004031,15.2816,1,1
2787,search,2024-02-25,0,0,0.018407,0.04383,67.9004,0,0
2788,social,2024-04-18,1,0,0.000837,0.356506,34.1475,0,0
2789,referral,2024-01-06,0,1,0.439217,0.001434,47.9071,1,1
2790,search,2024-02-16,0,0,0.057961,0.034023,7.3792,0,0
2791,social,2024-04-20,1,0,0.027394,0.006326,20.5298,1,1
2792,social,2024-03-09,1,0,0.067315,0.003275,56.8733,1,1
2793,social,2024-03-15,1,0,0.002394,0.026467,21.328,0,0
2794,search,2024-01-09,0,0,0.038377,0.096737,22.3321,0,0
2795,social,2024-05-20,1,0,0.021034,0.073955,26.6588,0,0
2796,search,2024-04-30,0,0,0.203502,0.001816,33.8671,1,1
2797,search,2024-03-25,0,0,0.055689,0.179384,18.8697,0,0
2798,social,2024-04-10,1,0,0.010611,0.187515,62.6683,0,0
2799,referral,2024-02-06,0,1,0.031841,0.010673,40.9965,1,1
2800,referral,2024-06-04,0,1,0.280882,5.6e-05,13.3071,1,1
2801,search,2024-02-15,0,0,0.01419,0.049605,22.2905,0,0
2802,referral,2024-02-27,0,1,0.12823,0.001467,14.1229,1,1
2803,search,2024-05-08,0,0,0.00465,0.049276,10.0192,0,0
2804,search,2024-04-25,0,0,0.615264,0.160097,24.8803,0,0
2805,social,2024-06-07,1,0,0.046378,0.040242,20.5068,0,0
2806,search,2024-02-03,0,0,0.125819,0.050722,18.4116,0,0
2807,search,2024-01-10,0,0,0.057379,0.09492,47.0521,0,0
2808,social,2024-01-18,1,0,0.13098,0.023952,24.7822,1,1
2809,referral,2024-02-24,0,1,1.358881,0.047587,52.4004,0,0
2810,social,2024-03-24,1,0,0.013586,0.01042,10.3442,0,0
2811,social,2024-06-24,1,0,0.05684,0.040745,29.4574,0,0
2812,social,2024-01-26,1,0,0.243102,0.199895,48.3511,0,0
2813,search,2024-05-27,0,0,0.066232,0.046826,23.1734,0,0
2814,search,2024-06-07,0,0,0.74154,0.025358,29.9137,1,1
2815,search,2024-02-23,0,0,0.841973,0.018988,13.0796,1,1
2816,search,2024-01-26,0,0,0.176153,0.066018,15.0804,0,0
2817,search,2024-05-10,0,0,0.068975,0.011812,11.6519,1,1
2818,social,2024-02-21,1,0,0.04217,0.000429,20.7141,1,1
2819,social,2024-02-25,1,0,0.023223,0.005839,34.6832,1,1
2820,search,2024-02-28,0,0,0.164867,0.036949,22.0848,0,0
2821,referral,2024-06-20,0,1,0.016447,0.016945,16.8771,0,0
2822,referral,2024-05-05,0,1,0.001864,0.06379,29.1295,0,0
2823,referral,2024-02-14,0,1,0.010492,0.004348,50.4752,1,0
2824,referral,2024-04-29,0,1,0.124957,2.7e-05,30.2568,1,1
2825,search,2024-01-26,0,0,0.001343,0.045202,36.208,0,0
2826,search,2024-05-30,0,0,0.283041,0.085297,20.5855,0,0
2827,search,2024-04-25,0,0,0.174271,0.067071,29.2226,0,0
2828,search,2024-05-22,0,0,0.191097,0.028224,21.4706,1,0
2829,referral,2024-06-25,0,1,0.074312,0.024091,41.7243,0,0
2830,search,2024-06-19,0,0,0.325402,0.096385,55.3565,0,0
2831,search,2024-04-06,0,0,0.088068,0.076853,46.8901,0,0
2832,referral,2024-05-07,0,1,0.220924,0.034593,20.5611,0,0
2833,search,2024-03-12,0,0,0.248084,0.006087,84.7119,0,0
2834,social,2024-05-27,1,0,0.030434,0.044776,13.5944,0,0
2835,social,2024-02-14,1,0,0.069408,0.003255,14.464,1,1
2836,search,2024-05-07,0,0,0.044075,0.034268,8.8543,0,0
2837,search,2024-02-15,0,0,0.094666,0.007478,30.8586,1,1
2838,referral,2024-04-04,0,1,0.135207,0.010995,21.9118,1,0
2839,search,2024-04-04,0,0,0.000456,0.004788,29.6074,1,1
2840,social,2024-05-09,1,0,0.009924,0.044162,22.6141,0,0
2841,social,2024-03-27,1,0,0.017169,0.022507,14.9136,0,0
2842,search,2024-02-10,0,0,0.532935,0.004611,30.7888,1,1
2843,social,2024-01-08,1,0,0.063364,0.005993,25.9839,1,0
2844,search,2024-06-29,0,0,0.681455,0.052067,98.988,0,0
2845,search,2024-04-06,0,0,0.525084,0.035218,18.2308,0,0
2846,search,2024-06-11,0,0,0.039697,0.043822,19.5836,0,0
2847,social,2024-03-30,1,0,0.009386,0.534235,17.5784,0,0
2848,search,2024-02-26,0,0,0.051817,0.104319,19.5525,0,0
2849,search,2024-01-01,0,0,0.369752,0.058015,32.5559,0,0
2850,social,2024-05-15,1,0,0.014014,0.254712,29.4783,0,0
2851,social,2024-02-15,1,0,0.084258,0.001991,16.5557,1,1
2852,search,2024-06-19,0,0,0.025235,0.16802,20.9717,0,0
2853,social,2024-06-30,1,0,0.245272,0.008664,24.2877,0,0
2854,social,2024-06-10,1,0,0.159687,0.002483,53.7968,1,1
2855,referral,2024-04-04,0,1,0.111837,0.002334,27.3929,1,1
2856,referral,2024-04-21,0,1,0.398647,0.015928,30.701,1,1
2857,search,2024-02-18,0,0,0.019747,0.010163,11.8127,0,0
2858,referral,2024-04-21,0,1,0.144554,0.001168,40.2487,1,1
2859,search,2024-02-09,0,0,0.040676,0.023743,19.264,1,0
2860,social,2024-02-05,1,0,0.04063,0.106748,23.8755,0,0
2861,search,2024-03-10,0,0,0.046795,0.034557,22.7016,0,0
2862,search,2024-06-18,0,0,0.30988,0.054822,31.9934,0,0
2863,social,2024-05-28,1,0,0.100752,0.003108,38.5126,1,1
2864,referral,2024-06-02,0,1,0.120705,0.036193,54.4513,0,0
2865,referral,2024-05-30,0,1,0.672961,0.011761,26.0073,1,1
2866,search,2024-06-23,0,0,0.016685,0.004044,21.8932,1,0
2867,search,2024-06-21,0,0,0.142443,0.074341,24.1396,0,0
2868,search,2024-05-06,0,0,0.009973,0.010262,14.1102,1,0
2869,referral,2024-03-20,0,1,0.187108,0.020319,20.3162,1,1
2870,social,2024-02-26,1,0,0.191831,0.020779,57.1036,0,0
2871,search,2024-04-01,0,0,0.004082,0.049597,43.6123,0,0
2872,search,2024-05-25,0,0,0.025827,0.013089,15.842,0,0
2873,social,2024-03-30,1,0,0.261602,0.293651,26.444,0,0
2874,referral,2024-06-07,0,1,0.257185,0.03906,15.0442,1,0
2875,social,2024-02-10,1,0,0.203322,0.020076,22.0167,1,0
2876,search,2024-06-11,0,0,0.030603,0.072653,43.756,0,0
2877,social,2024-05-31,1,0,0.300038,2.1e-05,13.4239,1,1
2878,referral,2024-05-15,0,1,0.326985,0.022552,29.7086,0,0
2879,search,2024-02-05,0,0,0.110532,0.009283,34.3717,0,0
2880,referral,2024-04-23,0,1,0.163991,0.002517,27.9467,1,0
2881,referral,2024-05-05,0,1,0.139673,0.007004,12.3887,1,0
2882,social,2024-04-18,1,0,0.164871,0.020246,24.9417,0,0
2883,referral,2024-06-07,0,1,0.168664,0.007523,35.6113,1,0
2884,search,2024-04-01,0,0,0.232846,0.200534,45.1283,0,0
2885,social,2024-06-15,1,0,0.25589,0.019922,25.1592,1,0
2886,referral,2024-04-03,0,1,0.033655,0.063737,12.2245,0,0
2887,social,2024-04-12,1,0,0.037748,0.062092,54.3593,0,0
2888,social,2024-03-18,1,0,0.16133,0.061773,16.0505,0,0
2889,search,2024-04-23,0,0,0.292857,0.026792,28.6794,0,0
2890,search,2024-01-24,0,0,0.006118,0.150856,19.5209,0,0
2891,search,2024-05-16,0,0,0.203722,0.022435,25.9248,0,0
2892,search,2024-02-02,0,0,0.183951,0.015872,30.9191,0,0
2893,search,2024-02-20,0,0,0.027047,0.020376,45.3368,1,0
2894,referral,2024-01-18,0,1,0.271798,0.004148,21.8764,1,1
2895,social,2024-01-16,1,0,0.036885,0.108891,21.572,0,0
2896,referral,2024-06-19,0,1,0.206522,0.011952,20.1444,1,1
2897,search,2024-02-07,0,0,0.02693,0.033356,30.892,0,0
2898,social,2024-06-23,1,0,0.063074,0.013289,16.8879,1,0
2899,search,2024-02-01,0,0,0.09721,0.003384,27.6603,1,1
2900,referral,2024-06-25,0,1,0.107284,0.013281,13.8225,0,0
2901,search,2024-04-23,0,0,0.052818,0.011387,18.9501,0,0
2902,search,2024-03-31,0,0,0.318832,0.003778,20.0745,1,1
2903,social,2024-01-14,1,0,0.081348,0.001838,113.7926,1,1
2904,search,2024-03-19,0,0,0.040632,0.033094,70.3682,0,0
2905,social,2024-01-02,1,0,0.809573,0.008854,12.5111,0,0
2906,social,2024-06-25,1,0,0.008751,0.00921,19.5863,1,0
2907,social,2024-01-23,1,0,0.041035,3.3e-05,59.2143,1,1
2908,social,2024-05-04,1,0,0.038172,0.025457,18.7099,0,0
2909,search,2024-04-29,0,0,0.007995,0.004738,35.7302,1,1
2910,search,2024-03-26,0,0,0.031105,0.013193,13.5174,1,1
2911,referral,2024-06-28,0,1,0.129059,0.003235,22.3054,1,0
2912,search,2024-06-06,0,0,0.530857,0.011073,16.4333,1,0
2913,search,2024-06-20,0,0,0.030558,0.040124,19.5667,0,0
2914,social,2024-04-12,1,0,0.222431,0.000642,25.0071,1,1
2915,search,2024-02-08,0,0,0.002284,0.137613,27.8012,0,0
2916,referral,2024-02-22,0,1,0.231956,0.034857,24.0502,1,0
2917,search,2024-05-20,0,0,0.135755,0.005128,16.3038,1,1
2918,search,2024-01-05,0,0,0.21339,0.027284,29.2348,0,0
2919,search,2024-02-28,0,0,0.218399,0.003136,17.3435,1,1
2920,social,2024-03-21,1,0,0.032517,0.004891,20.5373,1,0
2921,social,2024-04-28,1,0,0.250847,0.031933,37.402,0,0
2922,search,2024-02-01,0,0,0.09747,0.025875,22.9592,1,0
2923,search,2024-05-07,0,0,0.030508,0.039161,29.7309,1,0
2924,search,2024-06-26,0,0,0.239234,0.027973,24.1653,0,0
2925,search,2024-02-05,0,0,0.160579,0.004568,57.9261,1,0
2926,social,2024-03-15,1,0,0.174067,0.129339,50.6902,0,0
2927,search,2024-06-08,0,0,0.113836,0.157876,45.0154,0,0
2928,social,2024-04-01,1,0,0.101597,0.09345,15.2066,0,0
2929,social,2024-06-18,1,0,0.012231,0.025132,28.8204,1,0
2930,search,2024-03-17,0,0,0.054209,0.139806,35.8833,0,0
2931,search,2024-01-16,0,0,0.03713,0.098113,19.0938,0,0
2932,referral,2024-04-22,0,1,0.006589,0.000121,81.864,1,1
2933,social,2024-04-30,1,0,0.05318,0.023764,50.9682,1,0
2934,search,2024-03-22,0,0,0.012792,0.126113,31.5242,0,0
2935,social,2024-01-02,1,0,0.008147,0.050339,26.1901,0,0
2936,search,2024-04-03,0,0,0.045257,8e-06,12.3748,1,1
2937,referral,2024-05-13,0,1,0.050944,0.006632,32.2763,1,1
2938,social,2024-04-07,1,0,0.287652,0.203046,17.4231,0,0
2939,search,2024-01-02,0,0,0.183211,0.04712,40.4769,0,0
2940,referral,2024-06-26,0,1,0.121654,0.021534,38.8596,0,0
2941,search,2024-02-22,0,0,0.20675,0.410447,21.739,0,0
2942,search,2024-01-06,0,0,0.285503,0.041342,13.7023,1,0
2943,search,2024-02-18,0,0,0.335108,0.000738,14.4787,1,1
2944,social,2024-06-17,1,0,0.11776,0.11907,23.1035,0,0
2945,search,2024-01-29,0,0,0.644392,0.042175,26.9876,0,0
2946,social,2024-06-09,1,0,0.011913,0.027367,67.132,0,0
2947,social,2024-05-22,1,0,0.001722,0.0247,49.1189,1,0
2948,search,2024-03-23,0,0,0.129808,0.006288,18.6616,1,0
2949,search,2024-05-27,0,0,0.015646,0.02535,28.4725,0,0
2950,search,2024-02-20,0,0,0.041648,0.003439,35.7679,1,0
2951,referral,2024-03-03,0,1,0.056157,0.047187,31.2864,0,0
2952,search,2024-02-17,0,0,0.117309,0.013192,22.5625,1,1
2953,referral,2024-05-30,0,1,0.045556,0.003617,20.8295,1,0
2954,social,2024-06-29,1,0,0.069255,0.013608,17.426,0,0
2955,search,2024-02-12,0,0,0.103993,0.036789,45.9098,0,0
2956,referral,2024-02-13,0,1,0.23126,0.005862,54.0996,1,0
2957,search,2024-06-02,0,0,0.095511,0.216025,11.3401,0,0
2958,search,2024-03-15,0,0,0.096467,0.000425,31.5181,1,1
2959,referral,2024-03-09,0,1,0.041325,0.002482,29.1986,1,1
2960,search,2024-06-07,0,0,0.148694,0.053521,23.2414,0,0
2961,search,2024-03-01,0,0,0.018066,0.002434,12.6627,1,1
2962,social,2024-03-18,1,0,0.302148,0.231722,24.461,0,0
2963,social,2024-03-15,1,0,0.14292,0.032426,20.3628,0,0
2964,social,2024-06-04,1,0,0.049208,0.019993,64.5123,0,0
2965,referral,2024-04-01,0,1,0.460453,0.011812,16.4279,1,0
2966,search,2024-06-24,0,0,0.325883,0.320803,10.7648,0,0
2967,social,2024-02-04,1,0,0.200349,0.007297,13.2163,1,1
2968,social,2024-03-01,1,0,0.005294,0.024761,17.1649,1,1
2969,search,2024-02-14,0,0,0.004788,0.149312,26.0414,0,0
2970,search,2024-06-14,0,0,0.055719,0.009471,16.3124,0,0
2971,referral,2024-01-19,0,1,0.047146,0.000904,50.5263,1,1
2972,social,2024-03-24,1,0,0.137344,0.013197,24.6982,1,1
2973,search,2024-04-06,0,0,0.012705,0.049654,22.5624,0,0
2974,search,2024-06-05,0,0,0.061085,5.6e-05,34.2791,1,1
2975,search,2024-02-14,0,0,0.116288,0.02986,21.3408,1,0
2976,social,2024-04-20,1,0,0.005521,0.009284,25.8983,1,1
2977,search,2024-04-17,0,0,0.244212,0.026805,16.1704,1,0
2978,social,2024-01-21,1,0,0.122909,0.068287,12.5004,0,0
2979,search,2024-04-27,0,0,0.081313,0.084541,29.6337,0,0
2980,referral,2024-04-26,0,1,0.036755,0.106463,35.2046,0,0
2981,referral,2024-02-07,0,1,0.430741,0.002152,31.1143,1,1
2982,search,2024-06-20,0,0,0.318941,0.000787,27.6236,1,1
2983,search,2024-06-28,0,0,0.296513,0.019931,20.2922,0,0
2984,search,2024-02-26,0,0,0.132075,0.025587,17.484,0,0
2985,search,2024-05-10,0,0,0.239072,0.044772,35.9806,0,0
2986,search,2024-06-03,0,0,0.021283,0.031041,26.5969,0,0
2987,social,2024-04-04,1,0,0.029092,0.105698,28.195,0,0
2988,referral,2024-03-07,0,1,0.026323,0.009597,15.7522,1,0
2989,referral,2024-02-20,0,1,0.015719,0.008384,10.0214,0,0
2990,social,2024-05-09,1,0,0.057775,0.000475,141.6986,1,1
2991,referral,2024-05-20,0,1,0.470719,0.002337,19.3701,1,1
2992,search,2024-05-03,0,0,0.063356,0.079811,47.0081,0,0
2993,social,2024-03-22,1,0,0.132382,0.077647,36.6306,0,0
2994,referral,2024-01-07,0,1,0.069907,0.004183,27.551,1,1
2995,referral,2024-02-26,0,1,0.125315,0.014882,18.1772,0,0
2996,social,2024-05-18,1,0,0.056191,0.068313,20.5128,0,0
2997,social,2024-01-13,1,0,0.104387,0.016225,19.1671,0,0
2998,search,2024-05-30,0,0,0.199006,0.001948,37.984,1,1
2999,search,2024-03-26,0,0,0.282668,0.0,18.4356,1,1
3000,referral,2024-04-03,0,1,0.106675,0.027175,15.4191,1,1
3001,social,2024-01-28,1,0,0.040063,0.136742,17.1371,0,0
3002,social,2024-02-10,1,0,0.148868,0.005909,27.9517,1,1
3003,search,2024-01-26,0,0,0.067707,0.213076,9.6515,0,0
3004,referral,2024-02-02,0,1,0.155316,0.020446,10.5503,0,0
3005,search,2024-04-09,0,0,0.092621,0.030851,28.066,0,0
3006,search,2024-06-16,0,0,0.224462,0.002677,23.9869,1,1
3007,referral,2024-03-18,0,1,0.024837,0.005978,12.8217,1,1
3008,search,2024-04-14,0,0,0.06397,0.014584,68.7135,0,0
3009,search,2024-02-25,0,0,0.226985,0.038782,31.8192,0,0
3010,social,2024-03-11,1,0,0.112788,0.077153,189.4498,0,0
3011,social,2024-04-24,1,0,0.037347,0.043041,36.3208,0,0
3012,referral,2024-02-11,0,1,0.217615,0.007097,36.5881,1,0
3013,search,2024-03-25,0,0,0.068863,0.019754,12.8785,0,0
3014,referral,2024-05-28,0,1,0.216645,7.9e-05,13.8704,1,1
3015,social,2024-05-04,1,0,0.138444,0.156909,11.5197,0,0
3016,referral,2024-05-14,0,1,0.086981,0.044808,111.5332,0,0
3017,social,2024-06-06,1,0,0.126281,0.111937,21.4656,0,0
3018,referral,2024-03-07,0,1,0.055088,0.001641,22.2088,0,0
3019,social,2024-03-07,1,0,0.141082,0.276464,23.4409,0,0
3020,referral,2024-05-14,0,1,0.137716,0.084139,9.6273,0,0
3021,referral,2024-01-07,0,1,0.133717,0.000224,83.0399,1,1
3022,search,2024-01-27,0,0,0.535963,0.037273,19.8272,0,0
3023,social,2024-01-19,1,0,0.057205,0.364688,41.6415,0,0
3024,search,2024-03-26,0,0,0.047538,0.000281,30.8992,1,1
3025,social,2024-02-11,1,0,0.171882,0.006811,25.7268,1,1
3026,social,2024-04-13,1,0,0.162092,0.418631,47.5734,0,0
3027,social,2024-02-28,1,0,0.038906,0.044262,29.4082,0,0
3028,social,2024-06-01,1,0,0.126856,0.022569,59.4372,0,0
3029,search,2024-06-23,0,0,0.325631,0.017111,32.2592,1,1
3030,search,2024-03-13,0,0,0.204601,0.103173,14.7445,0,0
3031,social,2024-04-20,1,0,0.296101,0.054472,24.8037,0,0
3032,search,2024-05-07,0,0,0.149734,0.077779,20.4335,0,0
3033,social,2024-06-19,1,0,0.061735,0.016692,45.4008,1,0
3034,social,2024-02-19,1,0,0.030319,0.055306,16.0568,0,0
3035,referral,2024-05-14,0,1,0.304774,0.064543,36.2474,0,0
3036,referral,2024-01-14,0,1,0.041762,0.004719,46.6089,1,1
3037,search,2024-02-10,0,0,0.227356,4e-06,17.0362,1,1
3038,search,2024-06-15,0,0,0.010928,0.01062,22.1751,1,1
3039,search,2024-05-21,0,0,0.007131,0.108037,17.3555,0,0
3040,referral,2024-01-06,0,1,0.344486,0.012777,41.0404,1,0
3041,social,2024-05-02,1,0,0.113821,0.118157,15.0108,0,0
3042,social,2024-03-05,1,0,0.019544,0.034976,25.0455,0,0
3043,referral,2024-02-26,0,1,0.198298,0.026066,21.7491,0,0
3044,referral,2024-01-11,0,1,0.189855,0.000594,17.221,1,1
3045,search,2024-06-27,0,0,0.268207,0.033557,16.823,1,0
3046,search,2024-05-26,0,0,0.417553,0.000277,11.9609,1,1
3047,search,2024-05-13,0,0,0.066301,0.015916,28.2424,1,0
3048,referral,2024-03-18,0,1,0.269769,0.072574,27.3542,0,0
3049,search,2024-05-26,0,0,0.026778,0.015506,10.4539,1,1
3050,social,2024-05-29,1,0,0.104662,0.052002,63.563,1,0
3051,social,2024-06-08,1,0,0.191931,0.010615,31.077,1,0
3052,search,2024-06-30,0,0,0.147285,0.008099,26.7646,1,0
3053,social,2024-06-01,1,0,0.034043,0.054341,37.1325,0,0
3054,search,2024-02-07,0,0,0.198822,0.027509,135.3414,1,0
3055,search,2024-06-30,0,0,0.192881,0.005361,24.7244,1,1
3056,search,2024-03-08,0,0,0.10515,0.000702,7.3059,1,1
3057,search,2024-05-07,0,0,0.071135,0.001461,55.2127,0,0
3058,search,2024-04-16,0,0,0.630378,0.064871,31.7824,0,0
3059,search,2024-03-18,0,0,0.006797,0.047049,18.2998,0,0
3060,social,2024-02-15,1,0,0.014005,0.01045,23.895,0,0
3061,search,2024-04-28,0,0,0.296114,0.143949,12.4226,0,0
3062,referral,2024-06-11,0,1,0.032744,0.024709,30.2818,1,1
3063,social,2024-06-19,1,0,0.050856,0.016584,10.4249,1,0
3064,social,2024-05-19,1,0,0.08188,0.111855,21.5738,0,0
3065,search,2024-03-25,0,0,0.099198,0.015389,9.6311,0,0
3066,search,2024-04-04,0,0,0.030926,0.005933,14.37,1,0
3067,social,2024-02-22,1,0,0.009211,0.141362,20.5001,0,0
3068,social,2024-01-14,1,0,0.036749,0.030899,58.0713,1,0
3069,social,2024-04-30,1,0,0.07948,0.498931,28.906,0,0
3070,social,2024-06-02,1,0,0.17391,0.081721,19.9923,0,0
3071,referral,2024-05-26,0,1,0.166897,0.018403,102.9041,0,0
3072,social,2024-05-09,1,0,0.198207,0.005943,37.4194,1,1
3073,social,2024-05-29,1,0,0.231996,0.00049,22.5125,1,1
3074,social,2024-03-15,1,0,0.03259,0.023521,45.0981,0,0
3075,referral,2024-05-12,0,1,0.043989,0.014006,21.5753,1,0
3076,search,2024-04-11,0,0,0.043461,0.149093,27.3678,0,0
3077,search,2024-05-18,0,0,0.025991,0.094021,53.9178,0,0
3078,search,2024-01-24,0,0,0.225292,0.005205,26.6443,1,0
3079,social,2024-03-16,1,0,0.101749,0.029781,17.5927,1,0
3080,social,2024-03-08,1,0,0.091026,0.09365,25.0875,0,0
3081,social,2024-06-12,1,0,0.018165,0.016001,18.4807,0,0
3082,search,2024-02-15,0,0,0.018116,0.035064,35.3384,0,0
3083,social,2024-01-03,1,0,0.192489,0.094163,48.9682,0,0
3084,social,2024-02-11,1,0,0.263385,0.014686,33.1402,1,1
3085,search,2024-06-03,0,0,0.095648,0.008744,33.0823,1,1
3086,search,2024-05-26,0,0,0.472778,0.007982,27.23,0,0
3087,search,2024-05-05,0,0,0.081383,0.032445,37.4883,0,0
3088,social,2024-06-26,1,0,0.107393,0.126959,17.292,0,0
3089,referral,2024-06-22,0,1,0.03668,0.007717,33.4661,1,1
3090,search,2024-01-04,0,0,0.039608,0.056721,18.2756,0,0
3091,social,2024-04-06,1,0,0.011466,0.07975,17.6817,1,0
3092,search,2024-01-08,0,0,0.219956,0.006165,21.7784,1,1
3093,search,2024-02-19,0,0,0.041726,0.000429,9.2718,1,1
3094,search,2024-01-02,0,0,0.434388,0.124857,23.2946,0,0
3095,search,2024-05-01,0,0,0.227758,0.024055,18.6341,1,0
3096,search,2024-04-28,0,0,0.003752,0.019403,23.5185,1,0
3097,social,2024-04-28,1,0,0.042676,4.8e-05,20.8433,1,1
3098,social,2024-01-21,1,0,0.017788,0.021134,22.6896,0,0
3099,referral,2024-04-23,0,1,0.327953,0.043648,24.7464,0,0
3100,search,2024-06-28,0,0,0.287807,0.004177,19.3849,1,1
3101,search,2024-06-04,0,0,0.201482,0.057603,39.1298,0,0
3102,search,2024-04-23,0,0,0.088629,0.118472,17.2862,0,0
3103,search,2024-01-29,0,0,0.286428,0.182298,24.6008,0,0
3104,social,2024-06-25,1,0,0.058821,0.346156,19.4394,0,0
3105,search,2024-03-08,0,0,0.183113,0.001119,48.615,1,1
3106,social,2024-01-21,1,0,0.078068,0.17047,15.3547,0,0
3107,search,2024-01-06,0,0,0.22567,0.013438,12.5585,0,0
3108,search,2024-05-04,0,0,0.036103,0.043428,10.1467,0,0
3109,search,2024-01-10,0,0,0.044876,0.060828,43.8965,0,0
3110,search,2024-03-30,0,0,0.098512,0.006176,21.0638,1,1
3111,social,2024-04-14,1,0,0.113068,0.057311,19.3428,0,0
3112,referral,2024-01-18,0,1,0.184042,0.124714,71.5789,0,0
3113,social,2024-03-22,1,0,0.266774,0.027959,42.5457,1,0
3114,search,2024-03-26,0,0,0.065244,0.01448,22.2331,0,0
3115,referral,2024-05-07,0,1,0.130533,0.041779,34.4483,0,0
3116,search,2024-06-08,0,0,0.274232,0.050368,18.7868,0,0
3117,referral,2024-05-11,0,1,0.029769,0.078078,13.2675,0,0
3118,referral,2024-06-18,0,1,0.201381,0.000971,25.5396,1,1
3119,referral,2024-03-13,0,1,0.409675,0.007818,21.1764,0,0
3120,referral,2024-04-04,0,1,0.004735,0.036608,19.1461,0,0
3121,referral,2024-01-12,0,1,0.139676,0.059534,22.0043,0,0
3122,social,2024-04-14,1,0,0.041038,0.000193,14.8526,1,1
3123,search,2024-03-10,0,0,0.024905,0.010836,40.6432,1,0
3124,referral,2024-05-19,0,1,0.104036,0.054624,34.7597,1,0
3125,search,2024-04-25,0,0,0.355497,0.036578,25.4353,0,0
3126,social,2024-02-19,1,0,0.051525,0.121879,56.4749,0,0
3127,search,2024-06-25,0,0,0.125308,0.009664,24.7013,1,0
3128,social,2024-02-09,1,0,0.126638,0.057654,15.1587,0,0
3129,search,2024-01-06,0,0,0.002623,0.00277,41.1701,1,1
3130,social,2024-04-21,1,0,0.129854,0.090107,40.3263,0,0
3131,social,2024-02-12,1,0,0.001152,0.097586,21.6119,0,0
3132,referral,2024-03-17,0,1,0.044501,0.006653,72.2304,1,0
3133,search,2024-05-21,0,0,0.017022,0.002033,32.598,1,1
3134,search,2024-04-26,0,0,0.200484,0.001447,37.1255,1,1
3135,search,2024-01-05,0,0,0.637149,0.039051,16.133,0,0
3136,social,2024-05-03,1,0,0.197763,0.003421,22.2726,1,1
3137,search,2024-06-11,0,0,0.331581,0.076595,17.2584,0,0
3138,referral,2024-06-23,0,1,0.162798,0.064708,25.581,0,0
3139,social,2024-02-04,1,0,0.12329,0.005814,23.6629,1,0
3140,search,2024-04-22,0,0,0.008572,0.023521,20.1509,1,0
3141,social,2024-04-07,1,0,0.005562,0.011813,24.4027,0,0
3142,social,2024-05-19,1,0,0.055309,0.002737,27.0579,1,1
3143,search,2024-06-29,0,0,0.029613,0.11003,66.8752,0,0
3144,search,2024-01-18,0,0,0.058511,0.011354,70.6867,0,0
3145,social,2024-02-07,1,0,0.063933,0.001251,22.1976,1,1
3146,social,2024-03-22,1,0,0.318927,0.008029,40.546,1,1
3147,social,2024-05-19,1,0,0.018804,0.064026,33.5475,1,0
3148,social,2024-03-01,1,0,0.034561,0.226094,33.4703,0,0
3149,social,2024-02-05,1,0,0.144382,0.078631,52.6934,0,0
3150,search,2024-03-28,0,0,0.009733,0.162731,47.7118,0,0
3151,referral,2024-01-09,0,1,0.085408,0.103186,44.7814,0,0
3152,social,2024-05-20,1,0,0.057955,0.180489,18.4436,0,0
3153,search,2024-03-25,0,0,0.097925,0.013371,29.7296,0,0
3154,search,2024-03-27,0,0,0.079571,0.048963,57.0625,0,0
3155,search,2024-03-06,0,0,0.222014,0.009982,39.5361,1,1
3156,referral,2024-04-19,0,1,0.09837,0.011179,23.4379,1,0
3157,search,2024-05-25,0,0,0.224584,0.006209,24.5815,1,1
3158,search,2024-05-29,0,0,0.077125,0.011827,32.2687,0,0
3159,social,2024-04-08,1,0,0.172616,0.021457,30.2003,0,0
3160,search,2024-04-14,0,0,0.105914,0.022735,16.7098,0,0
3161,search,2024-03-17,0,0,0.009828,0.044673,25.7107,1,0
3162,social,2024-04-08,1,0,0.389382,0.14252,122.6953,0,0
3163,social,2024-05-10,1,0,0.181639,0.012177,17.8968,1,1
3164,social,2024-04-19,1,0,0.013274,0.043985,14.4595,1,0
3165,search,2024-04-17,0,0,0.019665,0.206766,33.308,0,0
3166,referral,2024-02-18,0,1,0.224424,0.000306,25.9194,1,1
3167,search,2024-01-28,0,0,0.124484,0.003639,37.6393,1,1
3168,search,2024-04-16,0,0,0.023515,0.012746,17.9331,1,1
3169,search,2024-03-26,0,0,0.008071,0.027733,31.1827,0,0
3170,search,2024-01-13,0,0,0.230175,0.008899,31.0299,1,0
3171,social,2024-03-04,1,0,0.069174,0.000362,30.3116,1,1
3172,search,2024-02-14,0,0,0.095524,0.018571,22.8716,1,0
3173,referral,2024-06-03,0,1,0.138186,0.033718,42.4768,1,1
3174,search,2024-06-06,0,0,0.318796,0.037994,48.0822,0,0
3175,referral,2024-06-22,0,1,0.553606,0.039648,14.363,0,0
3176,search,2024-04-25,0,0,0.021692,0.013789,13.4867,0,0
3177,search,2024-06-24,0,0,0.095793,0.001287,23.779,1,1
3178,search,2024-01-05,0,0,0.248245,0.038652,34.7688,0,0
3179,social,2024-03-24,1,0,0.024783,0.055158,37.0155,1,0
3180,search,2024-06-25,0,0,0.045605,0.076151,23.9156,0,0
3181,search,2024-03-10,0,0,0.261737,0.05748,31.4932,0,0
3182,social,2024-01-20,1,0,0.057797,0.028753,32.8562,0,0
3183,search,2024-04-07,0,0,0.080974,0.069556,45.4863,0,0
3184,social,2024-02-04,1,0,0.004223,0.133555,31.9794,0,0
3185,referral,2024-06-04,0,1,0.21685,0.033183,40.6754,1,0
3186,search,2024-04-04,0,0,0.087125,0.029593,49.408,0,0
3187,search,2024-04-02,0,0,0.017774,0.015703,24.9622,0,0
3188,search,2024-05-03,0,0,0.677757,0.012272,36.3105,0,0
3189,search,2024-06-08,0,0,0.191332,0.022287,31.3992,0,0
3190,social,2024-05-14,1,0,0.055726,0.008712,13.7959,1,1
3191,social,2024-01-22,1,0,0.166538,0.019499,22.1172,0,0
3192,search,2024-03-01,0,0,0.080214,0.03489,38.4867,0,0
3193,social,2024-05-11,1,0,0.159789,0.20299,19.6851,0,0
3194,social,2024-02-08,1,0,0.2426,0.051139,31.4756,0,0
3195,search,2024-03-02,0,0,0.358046,0.019125,21.2215,0,0
3196,social,2024-04-13,1,0,0.109652,0.047356,32.791,0,0
3197,social,2024-04-04,1,0,0.254825,0.127219,18.7015,0,0
3198,referral,2024-02-13,0,1,0.416663,0.02615,18.8605,0,0
3199,social,2024-06-08,1,0,0.000888,0.000184,18.6928,1,1
3200,social,2024-01-23,1,0,0.048315,0.330415,20.9878,0,0
3201,search,2024-04-02,0,0,0.214698,0.028073,51.0738,1,1
3202,social,2024-03-31,1,0,0.020034,0.026585,27.5945,0,0
3203,search,2024-04-21,0,0,0.180083,0.011824,34.2188,1,0
3204,referral,2024-02-18,0,1,0.165742,0.041942,18.0739,0,0
3205,search,2024-01-18,0,0,0.221439,0.006106,19.9438,1,0
3206,social,2024-05-26,1,0,0.096845,0.032762,26.9658,0,0
3207,referral,2024-03-23,0,1,0.08391,0.031191,12.2255,0,0
3208,search,2024-05-21,0,0,0.040896,0.06354,13.8181,0,0
3209,referral,2024-05-30,0,1,0.097461,0.08275,37.6921,0,0
3210,search,2024-06-07,0,0,0.01702,0.029803,29.4557,1,1
3211,search,2024-01-19,0,0,0.280632,0.018504,24.5816,1,0
3212,search,2024-02-26,0,0,0.136248,0.176571,20.7094,0,0
3213,referral,2024-04-09,0,1,0.103989,0.006622,11.7311,0,0
3214,search,2024-01-16,0,0,0.130104,0.007772,37.4663,1,1
3215,social,2024-01-27,1,0,0.001362,0.027663,74.9495,0,0
3216,referral,2024-05-01,0,1,0.081619,0.008518,23.8702,1,1
3217,referral,2024-01-09,0,1,0.056692,0.004385,17.7203,1,1
3218,social,2024-02-15,1,0,0.453484,0.004901,68.0643,1,1
3219,search,2024-01-20,0,0,0.031691,0.001282,16.9736,1,1
3220,social,2024-02-07,1,0,0.00839,0.22855,22.215,0,0
3221,social,2024-01-10,1,0,0.24396,0.040566,27.2546,0,0
3222,search,2024-05-02,0,0,0.220137,0.026207,39.5358,1,0
3223,social,2024-02-20,1,0,0.075702,0.001994,23.9171,1,1
3224,referral,2024-03-01,0,1,0.287252,0.000128,63.1012,1,1
3225,search,2024-06-26,0,0,0.205206,0.00394,27.2905,1,1
3226,social,2024-03-02,1,0,0.273102,0.155454,33.0343,0,0
3227,search,2024-01-22,0,0,0.033317,0.048005,24.2622,1,0
3228,social,2024-05-15,1,0,0.048548,0.000498,12.5128,1,1
3229,social,2024-04-10,1,0,0.062312,0.029686,32.8064,0,0
3230,search,2024-01-09,0,0,0.262719,0.009553,64.2844,1,1
3231,social,2024-01-19,1,0,0.087213,0.090585,40.9844,0,0
3232,search,2024-04-22,0,0,0.159032,0.095689,28.7396,0,0
3233,search,2024-02-14,0,0,0.049274,0.007356,15.5075,1,1
3234,social,2024-04-03,1,0,0.138344,0.026782,17.3477,1,0
3235,search,2024-02-25,0,0,0.015649,0.191201,23.9661,0,0
3236,search,2024-03-21,0,0,0.101603,0.152882,22.2758,0,0
3237,social,2024-03-05,1,0,0.144661,0.359911,22.3605,0,0
3238,referral,2024-03-22,0,1,0.169083,0.032839,19.3557,1,0
3239,social,2024-01-27,1,0,0.03244,0.035308,16.4511,1,1
3240,social,2024-05-28,1,0,0.026235,0.027362,43.9581,1,0
3241,search,2024-06-22,0,0,0.193474,0.009745,36.6595,1,0
3242,social,2024-06-25,1,0,0.165192,0.083961,35.0711,1,0
3243,referral,2024-05-18,0,1,0.363239,0.00034,21.3701,1,1
3244,social,2024-04-03,1,0,0.092309,0.021594,54.3729,1,0
3245,referral,2024-05-23,0,1,0.187005,0.004231,53.2868,1,1
3246,social,2024-04-17,1,0,0.016029,0.054359,21.3064,0,0
3247,referral,2024-04-12,0,1,0.218867,0.002399,30.7963,1,0
3248,referral,2024-04-05,0,1,0.012968,0.007654,46.8328,0,0
3249,search,2024-01-14,0,0,0.429234,0.014136,48.1275,1,0
3250,search,2024-01-30,0,0,0.364582,0.033246,28.8517,0,0
3251,social,2024-06-18,1,0,0.140402,0.000278,80.5996,1,1
3252,search,2024-04-02,0,0,0.416318,0.083167,27.6846,0,0
3253,social,2024-04-19,1,0,0.08057,0.01717,24.5403,1,0
3254,search,2024-06-27,0,0,0.001848,0.004439,19.2281,0,0
3255,social,2024-05-11,1,0,0.004782,0.01756,10.6235,1,1
3256,search,2024-03-17,0,0,0.177881,0.021637,22.4159,1,0
3257,search,2024-05-21,0,0,0.12603,0.002658,45.3967,1,1
3258,referral,2024-05-24,0,1,0.627896,0.006595,23.8652,0,0
3259,search,2024-06-09,0,0,0.045132,7.8e-05,21.8826,1,1
3260,social,2024-04-17,1,0,0.080643,0.044107,26.8151,0,0
3261,search,2024-02-27,0,0,0.091098,0.024413,30.7776,1,1
3262,social,2024-01-10,1,0,0.012164,0.182072,42.3431,0,0
3263,referral,2024-05-08,0,1,0.089513,0.165303,10.8237,0,0
3264,search,2024-03-21,0,0,0.022652,0.001365,14.95,1,1
3265,social,2024-03-22,1,0,0.255974,0.017745,43.8131,0,0
3266,social,2024-02-08,1,0,0.094709,0.024673,31.8896,1,0
3267,referral,2024-06-24,0,1,0.057187,0.012159,18.5807,1,1
3268,search,2024-04-09,0,0,0.014995,0.111696,16.1846,0,0
3269,search,2024-01-04,0,0,0.35239,0.057138,69.266,0,0
3270,social,2024-03-20,1,0,0.018157,0.124109,29.4776,0,0
3271,search,2024-01-18,0,0,0.108198,0.006039,54.7261,0,0
3272,referral,2024-03-21,0,1,0.155593,0.014778,20.1477,1,1
3273,search,2024-02-06,0,0,0.315606,0.016591,37.3155,0,0
3274,referral,2024-03-02,0,1,0.012319,1.9e-05,13.4423,1,1
3275,social,2024-05-21,1,0,0.002405,0.348781,8.6987,0,0
3276,social,2024-06-20,1,0,0.133044,0.13755,32.3144,0,0
3277,social,2024-06-09,1,0,0.056628,0.078378,31.9851,0,0
3278,search,2024-03-29,0,0,0.061639,0.030297,13.0991,0,0
3279,search,2024-05-27,0,0,0.419788,0.012845,21.0176,1,1
3280,search,2024-04-10,0,0,0.094138,0.286523,14.6577,0,0
3281,referral,2024-03-29,0,1,0.085786,0.004104,50.4188,1,1
3282,search,2024-05-30,0,0,0.392886,0.000751,40.2708,1,1
3283,search,2024-05-24,0,0,0.204217,0.050579,14.455,0,0
3284,social,2024-03-10,1,0,0.070409,0.000222,30.1159,1,1
3285,social,2024-03-09,1,0,0.164972,0.024285,38.6478,0,0
3286,search,2024-02-23,0,0,0.341013,0.023988,24.0155,1,0
3287,search,2024-01-30,0,0,0.081687,0.107216,25.9325,0,0
3288,search,2024-04-15,0,0,0.172659,0.009573,45.8548,1,1
3289,search,2024-03-20,0,0,0.26528,0.007806,16.1926,1,1
3290,social,2024-06-12,1,0,0.07221,0.198754,16.3137,0,0
3291,search,2024-03-10,0,0,0.016514,0.004914,87.589,1,1
3292,search,2024-04-30,0,0,0.182725,0.021899,42.8148,0,0
3293,search,2024-01-18,0,0,0.056335,0.024613,43.1523,0,0
3294,social,2024-05-10,1,0,0.133641,0.013683,17.9909,0,0
3295,social,2024-03-04,1,0,0.215128,0.028343,43.6378,0,0
3296,search,2024-01-04,0,0,0.177585,0.069349,49.3272,0,0
3297,social,2024-02-20,1,0,0.39484,0.004215,22.9451,1,1
3298,referral,2024-02-06,0,1,0.066434,0.008398,57.6906,1,1
3299,search,2024-06-23,0,0,0.119074,0.013444,30.4255,1,1
3300,search,2024-03-01,0,0,0.133113,0.043445,58.3745,0,0
3301,social,2024-06-26,1,0,0.253659,0.047691,28.6033,1,0
3302,referral,2024-01-09,0,1,0.033082,0.028697,18.7404,0,0
3303,search,2024-01-27,0,0,0.12432,0.087301,51.2758,0,0
3304,social,2024-03-07,1,0,0.192392,0.01577,64.8148,1,0
3305,search,2024-01-05,0,0,0.270327,0.020922,24.7088,0,0
3306,social,2024-04-29,1,0,0.016857,0.051076,12.8597,0,0
3307,referral,2024-01-21,0,1,0.030395,0.047751,33.1415,0,0
3308,social,2024-05-22,1,0,0.128815,0.363314,13.9171,0,0
3309,referral,2024-06-18,0,1,0.34565,0.001986,52.1252,1,1
3310,search,2024-06-16,0,0,0.254881,0.080645,50.4875,1,0
3311,search,2024-03-25,0,0,0.055475,0.039822,21.8936,0,0
3312,social,2024-05-30,1,0,0.005775,0.001037,9.9845,1,1
3313,social,2024-01-12,1,0,0.06612,0.053005,17.9971,0,0
3314,referral,2024-04-02,0,1,0.217969,0.029941,40.9072,0,0
3315,social,2024-02-14,1,0,0.121193,0.020227,36.6292,1,0
3316,social,2024-03-07,1,0,0.324845,0.01316,58.6552,1,0
3317,social,2024-02-11,1,0,0.134849,0.307876,47.3526,0,0
3318,search,2024-02-18,0,0,0.569395,0.000344,41.8893,1,1
3319,search,2024-01-08,0,0,0.064157,0.00015,23.3146,1,1
3320,social,2024-06-08,1,0,0.039293,0.215934,14.4944,0,0
3321,search,2024-06-27,0,0,0.156784,0.03901,35.3123,0,0
3322,search,2024-04-11,0,0,0.001323,0.028409,34.5257,0,0
3323,social,2024-03-04,1,0,0.002867,0.353619,57.4764,0,0
3324,search,2024-04-16,0,0,0.618303,0.012212,38.6832,0,0
3325,referral,2024-02-16,0,1,0.120501,0.026358,14.653,1,0
3326,search,2024-06-03,0,0,0.020664,0.09176,21.5378,0,0
3327,social,2024-01-08,1,0,0.109344,0.231356,15.4713,0,0
3328,search,2024-05-10,0,0,0.09505,0.118124,19.2681,0,0
3329,search,2024-06-20,0,0,0.071818,0.357222,21.5849,0,0
3330,social,2024-05-02,1,0,0.122636,0.093788,14.6992,0,0
3331,search,2024-05-29,0,0,0.265559,0.011431,30.6627,1,0
3332,search,2024-05-28,0,0,0.288931,0.007965,19.6647,1,1
3333,search,2024-05-28,0,0,0.029226,0.086554,16.9427,0,0
3334,search,2024-05-01,0,0,0.673968,2.9e-05,29.0238,1,1
3335,search,2024-01-06,0,0,0.493375,0.05286,17.5063,0,0
3336,search,2024-02-03,0,0,0.040346,0.0039,37.3248,1,1
3337,search,2024-02-08,0,0,0.432082,0.143301,39.0292,0,0
3338,search,2024-03-29,0,0,0.123451,0.227863,33.6627,0,0
3339,search,2024-01-02,0,0,0.039816,0.008285,20.7243,0,0
3340,referral,2024-06-21,0,1,0.428997,0.055147,48.0652,0,0
3341,social,2024-06-05,1,0,0.058821,0.005939,12.4673,0,0
3342,referral,2024-04-24,0,1,0.308852,0.005205,41.5725,1,1
3343,referral,2024-06-18,0,1,0.174375,0.017993,13.813,1,0
3344,search,2024-02-29,0,0,0.012753,0.008573,16.8861,1,1
3345,search,2024-06-05,0,0,0.266466,0.092559,81.7738,0,0
3346,search,2024-02-18,0,0,0.512959,0.101636,25.5334,0,0
3347,social,2024-06-24,1,0,0.010836,0.002463,18.3543,1,0
3348,social,2024-03-03,1,0,0.021386,0.017213,33.0846,0,0
3349,referral,2024-04-27,0,1,0.155182,0.018131,20.3699,0,0
3350,social,2024-01-07,1,0,0.020278,0.218019,19.0717,0,0
3351,social,2024-06-17,1,0,0.073893,0.009266,24.4847,1,1
3352,search,2024-02-22,0,0,0.186185,0.006576,20.1222,1,1
3353,search,2024-02-10,0,0,0.099014,0.097719,20.4399,0,0
3354,social,2024-04-05,1,0,0.012424,0.079036,100.6089,0,0
3355,social,2024-01-14,1,0,0.049413,0.018141,22.0242,0,0
3356,social,2024-02-04,1,0,0.156725,0.101978,19.5584,0,0
3357,search,2024-04-23,0,0,0.315461,0.012831,34.8762,1,0
3358,social,2024-04-02,1,0,0.002091,0.33486,12.716,0,0
3359,referral,2024-06-23,0,1,0.110148,0.002728,34.1054,1,1
3360,search,2024-04-09,0,0,0.13739,0.036849,56.8635,1,0
3361,referral,2024-04-24,0,1,0.015553,0.000574,19.8585,1,1
3362,search,2024-02-24,0,0,0.176026,0.021008,62.5617,1,0
3363,social,2024-04-29,1,0,0.037172,0.512657,60.6422,0,0
3364,search,2024-06-14,0,0,0.324974,0.059096,18.2216,0,0
3365,social,2024-03-04,1,0,0.188083,0.069894,66.0026,0,0
3366,social,2024-04-27,1,0,0.172543,0.056777,29.3846,0,0
3367,search,2024-06-17,0,0,0.072106,0.021661,50.9596,0,0
3368,social,2024-06-04,1,0,0.122859,0.019694,30.4904,0,0
3369,search,2024-02-23,0,0,0.308285,0.004707,40.686,0,0
3370,search,2024-02-18,0,0,0.089483,0.069816,25.8956,0,0
3371,search,2024-01-07,0,0,0.044026,0.542787,21.834,0,0
3372,social,2024-03-16,1,0,0.018676,0.026851,17.249,1,0
3373,search,2024-04-16,0,0,0.622173,0.004652,16.2614,1,1
3374,social,2024-02-20,1,0,0.002676,0.192727,14.7754,0,0
3375,search,2024-01-05,0,0,0.2298,0.006775,16.334,1,1
3376,referral,2024-01-01,0,1,0.277972,0.005347,12.1513,1,1
3377,social,2024-02-22,1,0,0.221522,0.009429,16.5666,1,1
3378,referral,2024-06-03,0,1,0.424386,0.014088,32.176,1,1
3379,social,2024-02-27,1,0,0.009987,0.050273,53.8284,0,0
3380,search,2024-01-11,0,0,0.421453,0.004799,42.7559,1,0
3381,referral,2024-05-17,0,1,0.224454,0.079794,31.6251,0,0
3382,referral,2024-01-08,0,1,0.664709,0.002421,61.865,1,1
3383,search,2024-05-11,0,0,0.177235,4e-06,25.4124,1,1
3384,social,2024-01-26,1,0,0.011936,0.034081,49.1733,0,0
3385,search,2024-01-01,0,0,0.066767,0.00211,25.418,1,1
3386,search,2024-02-20,0,0,0.116846,0.013051,19.4442,1,1
3387,social,2024-03-16,1,0,0.093442,0.10552,13.3357,0,0
3388,search,2024-05-05,0,0,0.163091,0.221965,17.5823,0,0
3389,search,2024-01-08,0,0,0.29128,0.008597,50.1232,1,1
3390,social,2024-06-20,1,0,0.029324,0.053226,15.6632,0,0
3391,social,2024-01-28,1,0,0.465637,0.161962,43.3661,0,0
3392,search,2024-05-20,0,0,0.017826,0.287004,73.5569,0,0
3393,referral,2024-06-17,0,1,0.023609,0.003159,43.698,1,1
3394,social,2024-03-22,1,0,0.070398,0.005327,21.3569,1,1
3395,referral,2024-06-10,0,1,0.060323,0.007301,16.811,1,1
3396,social,2024-04-06,1,0,0.024519,0.08022,22.6874,0,0
3397,referral,2024-06-09,0,1,0.128355,0.00021,31.0306,1,1
3398,social,2024-05-25,1,0,0.001296,0.006026,23.258,0,0
3399,social,2024-04-24,1,0,0.066901,0.13647,41.3116,0,0
3400,search,2024-06-04,0,0,0.336776,0.043588,27.7135,0,0
3401,search,2024-05-19,0,0,0.028842,0.086457,37.6996,0,0
3402,search,2024-06-21,0,0,0.04268,0.062195,56.7331,0,0
3403,social,2024-05-29,1,0,0.059515,0.219078,19.7291,0,0
3404,search,2024-05-30,0,0,0.153455,0.054248,26.6367,1,0
3405,referral,2024-06-22,0,1,0.143802,0.009843,36.8418,1,1
3406,social,2024-03-26,1,0,0.116783,0.181438,25.026,0,0
3407,social,2024-06-14,1,0,0.027087,0.000106,54.0361,1,1
3408,social,2024-04-20,1,0,0.251036,0.047886,55.7563,0,0
3409,social,2024-01-30,1,0,0.185119,0.015666,29.4913,1,0
3410,social,2024-03-23,1,0,0.042795,0.000502,41.5925,1,1
3411,search,2024-02-02,0,0,0.075527,0.002202,32.7487,1,1
3412,social,2024-02-27,1,0,0.181517,0.080325,33.7817,0,0
3413,search,2024-04-04,0,0,0.198889,0.040559,37.6869,1,0
3414,search,2024-02-27,0,0,0.152321,0.004202,60.4108,0,0
3415,referral,2024-04-15,0,1,0.424032,0.006584,48.4995,1,1
3416,search,2024-02-16,0,0,0.002361,0.000656,37.1583,1,1
3417,referral,2024-01-13,0,1,0.024453,0.032406,30.6604,0,0
3418,search,2024-06-25,0,0,0.045497,0.042319,48.7159,0,0
3419,search,2024-03-18,0,0,0.187276,0.025069,21.6965,0,0
3420,social,2024-03-27,1,0,0.18405,0.061221,32.2568,0,0
3421,social,2024-03-18,1,0,0.108373,0.134576,10.8099,0,0
3422,search,2024-02-23,0,0,0.16667,0.005608,32.9069,1,1
3423,referral,2024-03-15,0,1,0.252737,0.083546,29.0837,0,0
3424,social,2024-04-30,1,0,0.117279,0.013241,21.0622,0,0
3425,referral,2024-02-08,0,1,0.248984,0.036455,38.3182,0,0
3426,social,2024-02-14,1,0,0.034852,0.012068,17.7031,0,0
3427,social,2024-05-28,1,0,0.228885,0.011762,55.0651,1,1
3428,referral,2024-05-05,0,1,0.366026,0.004403,42.5793,1,1
3429,social,2024-01-10,1,0,0.039524,0.025004,69.6269,0,0
3430,social,2024-03-17,1,0,0.000941,0.001716,23.3502,1,0
3431,social,2024-06-21,1,0,0.072683,0.046873,15.3519,0,0
3432,search,2024-03-09,0,0,0.053165,0.025016,69.4899,0,0
3433,referral,2024-05-27,0,1,0.119428,6.1e-05,15.1792,1,1
3434,referral,2024-02-23,0,1,0.096374,0.005232,16.7409,1,1
3435,search,2024-01-01,0,0,0.165872,0.007656,27.5195,0,0
3436,search,2024-04-20,0,0,0.02396,0.03818,16.476,0,0
3437,social,2024-01-09,1,0,0.39363,0.12256,71.4689,0,0
3438,search,2024-04-28,0,0,0.021066,0.232059,74.1267,0,0
3439,search,2024-03-22,0,0,0.046975,0.151649,57.3667,0,0
3440,search,2024-01-27,0,0,0.107138,0.018614,13.3216,1,0
3441,search,2024-02-25,0,0,0.037048,0.194205,34.7821,0,0
3442,social,2024-06-21,1,0,0.074642,0.01161,20.4443,1,0
3443,social,2024-06-04,1,0,0.180087,0.000328,67.2604,1,1
3444,social,2024-02-22,1,0,0.177775,4e-06,14.7589,1,1
3445,social,2024-03-15,1,0,0.032314,0.004309,33.3452,1,0
3446,search,2024-05-15,0,0,0.747568,0.002076,57.6029,1,1
3447,referral,2024-02-11,0,1,0.180455,0.024579,33.6532,0,0
3448,search,2024-01-11,0,0,0.152727,0.039491,25.6336,0,0
3449,referral,2024-02-17,0,1,0.004372,0.092096,13.997,0,0
3450,search,2024-03-23,0,0,0.031637,0.21794,13.7954,0,0
3451,referral,2024-05-04,0,1,0.141294,0.019707,21.4582,0,0
3452,social,2024-04-20,1,0,0.080641,0.006111,27.3458,1,1
3453,referral,2024-01-22,0,1,0.017389,0.007737,23.5906,1,0
3454,referral,2024-01-28,0,1,0.143893,0.001701,24.3664,1,1
3455,referral,2024-02-10,0,1,0.001003,0.040804,35.9976,0,0
3456,social,2024-04-16,1,0,0.283345,0.065809,38.5714,0,0
3457,referral,2024-05-03,0,1,0.100427,0.014429,48.8091,0,0
3458,social,2024-01-30,1,0,0.525371,0.112536,20.6976,0,0
3459,search,2024-05-22,0,0,0.447601,0.00141,13.1017,1,1
3460,social,2024-04-12,1,0,0.152664,0.062073,18.8053,0,0
3461,social,2024-03-22,1,0,0.018991,0.246677,16.735,0,0
3462,search,2024-03-23,0,0,0.01446,0.003918,165.0942,1,1
3463,search,2024-04-06,0,0,0.378854,0.027655,37.1856,0,0
3464,search,2024-02-04,0,0,0.055112,0.032931,29.8861,1,0
3465,referral,2024-02-23,0,1,0.06807,0.041109,21.2957,0,0
3466,search,2024-03-09,0,0,0.395928,0.005702,8.1574,0,0
3467,search,2024-06-14,0,0,0.075999,0.02555,35.0092,0,0
3468,social,2024-06-22,1,0,0.270604,0.097801,25.9703,0,0
3469,referral,2024-01-19,0,1,0.468159,0.02824,13.6884,0,0
3470,referral,2024-05-07,0,1,0.08329,0.01589,39.6388,1,1
3471,search,2024-06-27,0,0,0.15218,0.001572,39.6292,1,1
3472,search,2024-02-09,0,0,0.145802,0.0056,27.2584,0,0
3473,search,2024-05-25,0,0,0.356768,0.007339,19.2111,1,1
3474,search,2024-06-13,0,0,0.015155,0.012204,27.4898,1,0
3475,social,2024-06-17,1,0,0.349643,0.154481,27.1107,0,0
3476,social,2024-06-06,1,0,0.070144,0.04893,14.1803,0,0
3477,social,2024-05-13,1,0,0.002226,0.025757,32.2292,0,0
3478,search,2024-02-17,0,0,0.118731,0.000965,39.1751,1,1
3479,search,2024-06-18,0,0,0.0222,0.001912,66.8605,1,1
3480,search,2024-04-09,0,0,0.033624,0.02598,22.4575,0,0
3481,search,2024-01-02,0,0,0.148831,0.002677,20.7984,1,0
3482,search,2024-06-07,0,0,0.210659,0.012076,42.3305,0,0
3483,referral,2024-05-05,0,1,0.023227,0.011843,22.9335,1,0
3484,search,2024-01-02,0,0,0.099785,0.021403,36.4349,0,0
3485,social,2024-01-27,1,0,0.071225,0.020339,23.1714,0,0
3486,search,2024-05-22,0,0,0.049841,0.120476,18.2139,0,0
3487,social,2024-05-15,1,0,0.066259,0.027812,12.4235,1,0
3488,search,2024-01-12,0,0,0.175909,0.012634,12.0361,0,0
3489,referral,2024-06-11,0,1,0.256835,0.024295,12.4278,1,0
3490,referral,2024-05-07,0,1,0.827431,0.044303,34.2471,1,0
3491,social,2024-04-26,1,0,0.038019,0.03597,27.4705,0,0
3492,referral,2024-03-22,0,1,0.28974,2.3e-05,19.3924,1,1
3493,search,2024-02-17,0,0,0.50234,0.090938,18.1331,0,0
3494,search,2024-01-19,0,0,0.486399,3.6e-05,33.1768,1,1
3495,search,2024-03-03,0,0,0.151955,0.003992,25.117,0,0
3496,search,2024-03-15,0,0,0.070329,0.138421,10.4728,0,0
3497,search,2024-06-11,0,0,0.204796,0.009582,18.3177,0,0
3498,social,2024-04-22,1,0,0.086827,0.002416,18.0956,1,1
3499,referral,2024-04-23,0,1,0.088362,0.000117,40.9737,1,1
3500,social,2024-05-11,1,0,0.024339,0.086707,51.019,0,0
3501,social,2024-01-12,1,0,0.026824,0.015628,22.8111,1,0
3502,social,2024-01-01,1,0,0.066859,0.005824,67.1786,1,1
3503,search,2024-05-15,0,0,0.190253,0.001818,23.9829,1,1
3504,social,2024-05-05,1,0,0.104475,0.001292,26.5154,1,1
3505,search,2024-05-06,0,0,0.059131,0.014979,21.0871,1,0
3506,search,2024-02-07,0,0,0.269547,0.029484,12.6891,1,0
3507,search,2024-02-08,0,0,0.120401,0.036972,16.0584,0,0
3508,search,2024-01-10,0,0,0.102339,0.003393,28.1946,1,1
3509,referral,2024-02-12,0,1,0.117098,0.080979,14.3826,0,0
3510,social,2024-03-07,1,0,0.170543,0.029288,22.1959,0,0
3511,social,2024-04-17,1,0,0.023475,0.013712,29.2209,0,0
3512,social,2024-01-17,1,0,0.180051,0.050143,22.1345,1,0
3513,search,2024-01-20,0,0,0.034521,0.003054,15.1386,1,1
3514,search,2024-03-02,0,0,0.096123,0.031967,32.3433,0,0
3515,referral,2024-04-08,0,1,0.147052,0.010796,30.1547,1,0
3516,referral,2024-01-28,0,1,0.078142,0.000795,22.217,1,1
3517,referral,2024-04-13,0,1,0.038326,0.019377,23.3416,0,0
3518,search,2024-03-30,0,0,0.014768,0.049388,33.0739,0,0
3519,social,2024-01-02,1,0,0.005321,0.08047,20.687,0,0
3520,social,2024-05-03,1,0,0.22895,0.086879,17.588,0,0
3521,social,2024-02-23,1,0,0.182623,0.000809,84.9216,1,1
3522,social,2024-03-11,1,0,0.000946,0.1084,14.7983,0,0
3523,social,2024-05-02,1,0,0.084953,0.002973,33.4314,1,0
3524,social,2024-06-18,1,0,0.150632,0.000241,62.4628,1,1
3525,social,2024-04-19,1,0,0.113108,0.015157,20.3269,1,1
3526,search,2024-05-05,0,0,0.17973,0.015041,32.4705,0,0
3527,referral,2024-01-07,0,1,0.210268,0.020321,10.556,1,1
3528,search,2024-06-08,0,0,0.00972,0.066193,63.4654,0,0
3529,search,2024-04-15,0,0,0.028074,0.053268,10.4002,0,0
3530,social,2024-03-05,1,0,0.082165,0.002838,31.3852,1,1
3531,search,2024-03-12,0,0,0.144718,0.012042,33.4842,0,0
3532,social,2024-02-17,1,0,0.032982,0.115069,15.0217,0,0
3533,social,2024-06-07,1,0,0.070089,0.190861,41.5404,0,0
3534,social,2024-03-18,1,0,0.028023,0.111759,30.1859,0,0
3535,search,2024-02-12,0,0,0.244003,0.043325,15.0558,0,0
3536,social,2024-02-23,1,0,0.005278,0.001076,12.2279,1,1
3537,referral,2024-02-09,0,1,0.208228,0.018519,15.3195,0,0
3538,referral,2024-04-21,0,1,0.109096,0.012171,25.827,1,1
3539,search,2024-06-06,0,0,0.014478,5.4e-05,33.7641,1,1
3540,social,2024-02-11,1,0,0.183536,0.040413,15.8949,1,0
3541,social,2024-05-26,1,0,0.048846,0.120735,13.1577,0,0
3542,referral,2024-04-01,0,1,0.032831,0.005581,33.4746,0,0
3543,referral,2024-06-01,0,1,0.020203,0.009783,41.1619,1,1
3544,social,2024-06-22,1,0,0.093761,0.013688,11.5747,1,0
3545,search,2024-03-31,0,0,0.243644,0.004801,23.499,1,1
3546,social,2024-04-05,1,0,0.031363,0.015309,46.1218,0,0
3547,social,2024-04-17,1,0,0.086834,0.303688,43.0157,0,0
3548,referral,2024-02-17,0,1,0.516146,0.040005,85.1005,0,0
3549,search,2024-01-19,0,0,0.016492,0.029852,15.793,0,0
3550,search,2024-03-09,0,0,0.08374,0.168272,19.0196,0,0
3551,referral,2024-03-04,0,1,0.058134,0.006455,30.4615,1,1
3552,search,2024-04-08,0,0,0.088215,0.00302,15.0504,1,1
3553,referral,2024-04-05,0,1,0.01098,0.012651,17.0665,1,0
3554,search,2024-03-07,0,0,0.280369,0.008639,18.5326,1,1
3555,search,2024-05-22,0,0,0.079941,0.006868,65.6299,1,1
3556,social,2024-06-13,1,0,0.157368,0.011769,10.5812,1,1
3557,referral,2024-05-18,0,1,0.335273,1.2e-05,39.022,1,1
3558,search,2024-05-28,0,0,0.956151,0.121211,114.275,0,0
3559,social,2024-04-20,1,0,0.431128,0.015199,19.2592,0,0
3560,social,2024-02-18,1,0,0.004431,0.025736,15.6527,0,0
3561,social,2024-03-23,1,0,0.126068,0.084181,15.6664,0,0
3562,search,2024-06-12,0,0,0.250415,0.045946,18.3961,0,0
3563,search,2024-01-07,0,0,0.108442,0.032872,22.1552,0,0
3564,search,2024-01-24,0,0,0.011168,0.034875,38.6727,0,0
3565,referral,2024-03-18,0,1,0.378985,0.001519,16.086,1,1
3566,search,2024-02-14,0,0,0.122888,0.08151,15.8285,0,0
3567,search,2024-06-23,0,0,0.476701,0.065136,28.2373,1,0
3568,referral,2024-03-20,0,1,0.333649,0.176909,17.1106,0,0
3569,search,2024-03-05,0,0,0.044445,0.000281,45.57,1,1
3570,social,2024-06-21,1,0,0.014796,0.073337,67.1338,0,0
3571,search,2024-05-22,0,0,0.088059,0.030535,57.2932,1,0
3572,search,2024-01-08,0,0,0.402115,0.024125,17.1118,0,0
3573,search,2024-01-06,0,0,0.384043,0.135654,69.3329,0,0
3574,referral,2024-04-09,0,1,0.671775,0.000672,14.8294,1,1
3575,referral,2024-03-29,0,1,0.493185,0.000479,39.7521,1,1
3576,search,2024-01-29,0,0,0.137501,0.069126,16.3702,0,0
3577,search,2024-06-23,0,0,0.031261,0.091578,41.8171,0,0
3578,search,2024-02-15,0,0,0.082606,0.389486,33.3305,0,0
3579,referral,2024-05-29,0,1,0.069137,0.037113,15.101,0,0
3580,social,2024-02-06,1,0,0.002188,0.329678,48.0314,0,0
3581,search,2024-02-16,0,0,0.469329,0.102919,33.2336,0,0
3582,referral,2024-05-13,0,1,0.06693,0.003349,89.0661,1,1
3583,referral,2024-02-13,0,1,0.490027,0.03869,19.4223,0,0
3584,search,2024-03-07,0,0,0.023255,0.010362,20.5603,0,0
3585,search,2024-06-04,0,0,0.094623,0.008058,17.0321,1,1
3586,social,2024-06-12,1,0,0.206115,0.020538,11.4265,0,0
3587,search,2024-02-15,0,0,0.393173,0.019596,11.4017,0,0
3588,social,2024-04-07,1,0,0.033298,0.017283,23.3968,0,0
3589,social,2024-03-20,1,0,0.031959,0.043177,67.0169,0,0
3590,search,2024-01-30,0,0,0.336534,0.000245,41.6529,1,1
3591,social,2024-04-15,1,0,0.156418,0.112077,13.9278,0,0
3592,referral,2024-03-02,0,1,0.586231,0.014735,51.9223,1,1
3593,referral,2024-03-24,0,1,0.005121,0.047466,73.1748,0,0
3594,referral,2024-03-14,0,1,0.03092,0.049348,31.9062,0,0
3595,social,2024-01-16,1,0,0.578596,0.03894,20.5278,0,0
3596,search,2024-03-08,0,0,0.184428,0.088783,70.7064,0,0
3597,search,2024-06-05,0,0,0.042868,0.108038,42.3042,0,0
3598,social,2024-06-21,1,0,0.085332,0.02768,34.3114,0,0
3599,referral,2024-01-18,0,1,0.233602,0.016585,32.9812,1,0
3600,search,2024-06-18,0,0,0.055826,1.8e-05,24.5451,1,1
3601,social,2024-04-30,1,0,0.017566,0.075309,13.571,0,0
3602,search,2024-01-14,0,0,0.527113,0.011223,52.4431,1,1
3603,search,2024-04-20,0,0,0.035332,0.017066,14.7748,0,0
3604,referral,2024-06-13,0,1,0.009291,0.028827,22.7561,0,0
3605,referral,2024-05-03,0,1,0.481253,0.034637,43.5886,1,0
3606,referral,2024-05-04,0,1,0.446113,0.020968,41.0292,1,1
3607,social,2024-03-12,1,0,0.036721,0.294403,16.5191,0,0
3608,referral,2024-01-30,0,1,0.098957,0.000736,7.8253,1,1
3609,search,2024-06-06,0,0,0.128165,0.001054,46.8076,1,1
3610,search,2024-04-08,0,0,0.107933,0.027971,57.9906,1,0
3611,social,2024-05-05,1,0,0.042902,0.004027,21.9861,1,1
3612,search,2024-03-14,0,0,0.111007,0.082992,15.6765,0,0
3613,referral,2024-02-11,0,1,0.00288,0.038799,27.5104,0,0
3614,referral,2024-04-16,0,1,0.040183,0.042008,33.3123,0,0
3615,referral,2024-04-20,0,1,0.103122,0.078497,83.0697,0,0
3616,social,2024-04-19,1,0,0.012801,0.059169,20.5563,0,0
3617,referral,2024-01-25,0,1,0.097227,0.006475,35.538,1,1
3618,social,2024-05-29,1,0,0.002387,0.760245,50.3581,0,0
3619,search,2024-01-22,0,0,0.162082,0.043216,19.1685,0,0
3620,referral,2024-03-21,0,1,0.060123,0.000189,30.4512,1,1
3621,search,2024-02-16,0,0,0.090733,0.033305,101.2135,0,0
3622,social,2024-01-20,1,0,0.044726,0.00658,44.49,0,0
3623,social,2024-03-01,1,0,0.053118,0.087997,24.2168,0,0
3624,social,2024-01-21,1,0,0.199779,0.007647,27.9924,1,1
3625,social,2024-04-06,1,0,0.080441,0.587089,56.8868,0,0
3626,referral,2024-06-19,0,1,0.115935,0.010426,15.9336,1,0
3627,search,2024-04-21,0,0,0.112587,0.031944,16.8352,0,0
3628,social,2024-05-09,1,0,0.118672,0.053824,25.429,0,0
3629,social,2024-05-25,1,0,0.585989,0.014735,19.0509,1,0
3630,referral,2024-03-29,0,1,0.139486,0.002965,25.6155,1,1
3631,search,2024-06-23,0,0,0.263849,0.107753,21.58,0,0
3632,social,2024-03-07,1,0,0.202751,0.003729,65.3193,1,1
3633,social,2024-05-11,1,0,0.08147,0.470761,83.3899,0,0
3634,search,2024-01-12,0,0,0.232635,0.004683,16.6656,0,0
3635,referral,2024-03-15,0,1,0.602912,3e-06,14.7993,1,1
3636,search,2024-03-06,0,0,0.154668,0.001231,21.4697,1,1
3637,search,2024-01-12,0,0,0.12988,3.1e-05,44.3466,1,1
3638,referral,2024-05-31,0,1,0.115147,0.027314,16.2894,0,0
3639,social,2024-03-05,1,0,0.040726,0.209571,24.7058,0,0
3640,search,2024-04-04,0,0,0.037912,0.141883,34.4461,0,0
3641,search,2024-01-19,0,0,0.001213,0.003675,44.5576,1,0
3642,search,2024-03-31,0,0,0.169553,0.004859,23.6701,1,1
3643,referral,2024-04-30,0,1,0.066725,0.005849,16.4988,0,0
3644,social,2024-03-27,1,0,0.094257,0.021396,13.0644,1,0
3645,search,2024-02-20,0,0,0.085143,0.013249,16.6207,0,0
3646,social,2024-04-22,1,0,0.220695,0.39831,13.1384,0,0
3647,social,2024-02-09,1,0,0.000114,0.000132,34.7804,1,1
3648,social,2024-03-18,1,0,0.031294,0.047497,19.2003,0,0
3649,search,2024-06-09,0,0,0.019574,0.07632,43.165,0,0
3650,search,2024-01-05,0,0,0.316199,0.044279,28.7265,0,0
3651,referral,2024-06-26,0,1,0.030536,0.011313,22.0972,1,1
3652,search,2024-04-28,0,0,0.00669,0.033349,19.178,0,0
3653,search,2024-01-20,0,0,0.364381,0.00259,32.6793,1,0
3654,social,2024-04-20,1,0,0.031753,0.008706,27.8535,0,0
3655,referral,2024-04-17,0,1,0.044412,0.001262,25.357,1,1
3656,search,2024-04-25,0,0,0.356903,0.036423,28.4137,1,1
3657,referral,2024-02-02,0,1,0.032388,0.003912,20.2454,1,1
3658,search,2024-02-23,0,0,0.129392,0.000128,17.2647,1,1
3659,social,2024-05-31,1,0,0.131355,0.024498,31.6278,1,0
3660,search,2024-01-27,0,0,0.42234,0.013437,21.2167,1,0
3661,social,2024-06-18,1,0,0.071908,0.137301,52.0745,0,0
3662,search,2024-01-10,0,0,0.109386,0.007557,9.8473,1,1
3663,social,2024-05-13,1,0,0.099341,0.223442,52.0821,0,0
3664,search,2024-03-30,0,0,0.073104,0.033287,22.708,0,0
3665,social,2024-01-08,1,0,0.058003,0.145469,24.2732,0,0
3666,referral,2024-01-18,0,1,0.081403,0.000365,27.8103,1,1
3667,search,2024-01-31,0,0,0.164691,0.103573,40.0616,0,0
3668,referral,2024-06-01,0,1,0.002095,0.011568,45.9067,1,0
3669,search,2024-05-25,0,0,0.177788,1.3e-05,58.0442,1,1
3670,social,2024-06-13,1,0,0.079031,0.0055,41.6694,1,0
3671,social,2024-04-09,1,0,0.101085,0.015319,18.1408,1,1
3672,search,2024-05-28,0,0,0.042421,0.089566,21.8194,1,0
3673,search,2024-02-02,0,0,0.038904,0.004587,53.0835,1,0
3674,search,2024-05-25,0,0,0.018585,0.014213,21.8353,0,0
3675,social,2024-01-04,1,0,0.016951,0.103058,33.3353,0,0
3676,social,2024-04-18,1,0,0.011548,0.018163,149.8543,1,1
3677,search,2024-02-21,0,0,0.132014,0.004153,29.5799,1,1
3678,search,2024-06-22,0,0,0.075163,0.036238,25.1421,0,0
3679,social,2024-04-21,1,0,0.008545,0.032619,33.8515,0,0
3680,search,2024-06-24,0,0,0.159694,0.067797,18.8038,0,0
3681,social,2024-06-13,1,0,0.157115,0.366704,25.2499,0,0
3682,search,2024-05-24,0,0,0.665088,0.032329,29.0954,0,0
3683,search,2024-05-07,0,0,0.1608,0.054147,33.0992,0,0
3684,search,2024-05-10,0,0,0.482089,0.013705,26.2839,0,0
3685,referral,2024-02-02,0,1,0.736727,0.170424,62.1684,0,0
3686,search,2024-04-20,0,0,0.181205,0.06392,25.2752,0,0
3687,search,2024-02-07,0,0,0.060212,0.034301,535.4207,0,0
3688,social,2024-01-06,1,0,0.202252,0.004936,17.1788,1,1
3689,search,2024-01-30,0,0,0.155568,0.008141,24.1364,0,0
3690,search,2024-01-14,0,0,0.000435,0.029114,32.7749,0,0
3691,referral,2024-02-29,0,1,0.919724,0.02332,37.7415,0,0
3692,search,2024-04-03,0,0,0.240479,0.011288,21.3098,1,0
3693,search,2024-05-21,0,0,0.137857,0.100815,54.7375,0,0
3694,search,2024-01-27,0,0,0.121914,0.003001,10.9422,1,1
3695,referral,2024-01-29,0,1,0.184081,0.010688,32.0541,1,1
3696,social,2024-02-11,1,0,0.44682,0.013942,41.6455,0,0
3697,search,2024-02-17,0,0,0.015769,0.017605,13.4699,0,0
3698,search,2024-06-04,0,0,0.16398,0.025299,37.5981,1,0
3699,search,2024-01-03,0,0,0.144296,0.0615,25.7506,0,0
3700,social,2024-03-06,1,0,0.004678,0.099391,19.7991,0,0
3701,referral,2024-06-05,0,1,0.421708,0.001218,46.2603,1,1
3702,search,2024-02-09,0,0,0.037517,0.011839,11.2099,1,1
3703,search,2024-02-11,0,0,0.091566,0.011454,27.6624,0,0
3704,social,2024-03-16,1,0,0.001685,0.384886,62.3292,0,0
3705,social,2024-05-21,1,0,0.090923,0.000157,36.3891,1,1
3706,social,2024-04-29,1,0,0.122914,0.040806,23.6276,1,0
3707,referral,2024-03-30,0,1,0.070442,0.008675,16.6531,1,1
3708,search,2024-02-14,0,0,0.00226,0.000503,21.1458,1,1
3709,referral,2024-05-05,0,1,0.119491,0.003595,60.5924,0,0
3710,search,2024-06-22,0,0,0.017936,0.030982,20.9594,0,0
3711,search,2024-04-10,0,0,0.382962,0.004718,34.1172,0,0
3712,social,2024-03-02,1,0,0.005767,0.047203,34.7005,0,0
3713,referral,2024-01-14,0,1,0.21241,0.014394,32.467,0,0
3714,search,2024-05-23,0,0,0.045524,0.096624,28.2895,0,0
3715,search,2024-03-27,0,0,0.063878,0.001896,15.0056,1,1
3716,search,2024-02-28,0,0,0.031006,0.038501,14.0072,0,0
3717,referral,2024-03-02,0,1,0.116193,0.000698,102.6791,1,1
3718,referral,2024-05-10,0,1,0.030587,0.009115,21.0995,1,1
3719,search,2024-03-04,0,0,0.184839,0.139787,23.7959,0,0
3720,referral,2024-01-15,0,1,0.200848,0.002586,30.907,1,1
3721,search,2024-05-30,0,0,0.129645,0.018062,14.2154,0,0
3722,social,2024-05-05,1,0,0.194318,0.000359,20.1252,1,1
3723,search,2024-05-27,0,0,0.064245,0.012481,30.3408,1,0
3724,referral,2024-05-01,0,1,0.012164,0.007605,25.0486,1,0
3725,search,2024-05-21,0,0,0.001858,0.004553,29.0158,0,0
3726,social,2024-02-28,1,0,0.006124,0.001066,35.3273,1,1
3727,search,2024-03-02,0,0,0.04547,0.005966,43.4234,1,1
3728,search,2024-03-23,0,0,0.261652,0.005992,33.3061,1,1
3729,search,2024-03-29,0,0,0.077571,0.062922,53.9689,0,0
3730,search,2024-04-27,0,0,0.003875,9e-06,66.353,1,1
3731,social,2024-02-17,1,0,0.019901,0.011288,83.7549,1,0
3732,search,2024-06-27,0,0,0.402565,0.023514,12.1226,1,0
3733,social,2024-06-09,1,0,0.029711,0.063685,47.3633,1,0
3734,search,2024-02-26,0,0,0.028045,0.082336,18.0957,0,0
3735,search,2024-05-06,0,0,0.014569,0.001918,23.202,1,1
3736,search,2024-04-07,0,0,0.002654,0.048112,18.3491,1,0
3737,search,2024-05-01,0,0,0.148714,0.004219,20.7938,0,0
3738,search,2024-05-21,0,0,0.154416,0.036626,24.7292,1,0
3739,search,2024-05-04,0,0,0.024354,0.005969,22.8249,0,0
3740,referral,2024-01-15,0,1,0.021229,0.023885,20.7716,0,0
3741,social,2024-06-13,1,0,0.210378,0.240809,12.7135,0,0
3742,referral,2024-02-24,0,1,0.264132,0.01143,41.757,1,1
3743,social,2024-06-21,1,0,0.068531,0.002643,24.6439,1,1
3744,referral,2024-06-26,0,1,0.02761,0.048473,13.2067,0,0
3745,referral,2024-03-29,0,1,0.51683,0.040804,19.4583,0,0
3746,search,2024-02-19,0,0,0.04289,0.027791,18.2583,0,0
3747,search,2024-03-15,0,0,0.104665,0.007082,24.4865,1,1
3748,referral,2024-03-16,0,1,0.178077,0.005262,22.1779,1,0
3749,referral,2024-04-27,0,1,0.042166,0.004674,16.5124,1,1
3750,social,2024-02-17,1,0,0.04592,0.02959,36.5406,1,0
3751,social,2024-05-10,1,0,0.019562,0.074937,16.4993,0,0
3752,referral,2024-06-09,0,1,0.142486,0.000507,41.6696,1,1
3753,social,2024-05-18,1,0,0.007986,0.014444,19.1852,1,1
3754,social,2024-05-30,1,0,0.694887,0.029017,23.3892,0,0
3755,referral,2024-03-11,0,1,0.008677,0.000741,48.4279,1,1
3756,social,2024-06-05,1,0,0.226038,0.031001,33.7333,1,0
3757,referral,2024-01-16,0,1,0.327378,0.000805,23.9705,1,1
3758,search,2024-06-18,0,0,0.029623,0.038614,50.6694,1,0
3759,social,2024-06-16,1,0,0.105159,0.115487,19.5575,0,0
3760,search,2024-05-18,0,0,0.330682,0.040345,12.601,0,0
3761,social,2024-04-18,1,0,0.22169,0.108277,27.3239,0,0
3762,search,2024-01-31,0,0,0.113385,0.006675,29.5121,0,0
3763,social,2024-04-20,1,0,0.105474,0.017528,18.2667,0,0
3764,social,2024-05-01,1,0,0.000408,0.102734,45.9096,0,0
3765,referral,2024-03-05,0,1,0.180427,0.035762,15.1792,0,0
3766,social,2024-03-19,1,0,0.07732,0.001127,34.2911,1,1
3767,search,2024-02-13,0,0,0.112364,0.028933,20.5542,1,1
3768,social,2024-02-02,1,0,0.357973,0.019475,20.6721,0,0
3769,search,2024-02-15,0,0,0.097209,0.001988,19.9427,1,1
3770,social,2024-06-04,1,0,0.047658,0.014776,15.503,1,1
3771,social,2024-02-24,1,0,0.273047,0.135535,16.5618,0,0
3772,social,2024-01-17,1,0,0.049525,0.054249,19.3877,0,0
3773,social,2024-05-28,1,0,0.017849,0.448081,38.4729,0,0
3774,search,2024-02-22,0,0,0.02676,0.003335,85.9295,1,1
3775,search,2024-01-24,0,0,0.37081,0.030435,18.3343,0,0
3776,search,2024-06-27,0,0,0.454036,0.135236,12.7524,0,0
3777,social,2024-03-02,1,0,0.111612,0.057876,28.7275,0,0
3778,social,2024-02-28,1,0,0.230461,0.101342,14.4579,0,0
3779,social,2024-03-29,1,0,0.057747,0.013014,11.7501,0,0
3780,search,2024-02-26,0,0,0.012887,0.027559,14.2727,1,0
3781,search,2024-02-26,0,0,0.14114,0.004688,31.7612,1,0
3782,social,2024-05-20,1,0,0.289282,0.03536,20.8953,1,0
3783,social,2024-03-07,1,0,0.365022,0.032636,96.3996,0,0
3784,social,2024-03-24,1,0,0.10264,0.006438,84.0729,1,0
3785,referral,2024-03-12,0,1,0.005424,0.028845,74.9261,0,0
3786,referral,2024-01-28,0,1,0.00514,0.037518,55.3423,0,0
3787,search,2024-05-01,0,0,0.02634,0.002983,53.2826,1,1
3788,search,2024-06-24,0,0,0.080435,0.019589,58.3945,0,0
3789,search,2024-01-31,0,0,0.193731,0.016982,61.5537,0,0
3790,referral,2024-05-01,0,1,0.157992,0.064878,24.9133,0,0
3791,referral,2024-06-20,0,1,0.011825,0.041577,23.0499,0,0
3792,search,2024-06-08,0,0,0.139694,0.008084,21.5,1,1
3793,social,2024-06-04,1,0,0.092785,0.133247,31.2978,0,0
3794,search,2024-04-23,0,0,0.379719,0.023909,29.0854,1,0
3795,social,2024-03-04,1,0,0.162768,0.264366,45.0917,0,0
3796,referral,2024-05-01,0,1,0.06886,0.019493,26.0458,1,0
3797,social,2024-05-07,1,0,0.213573,0.138123,29.6394,0,0
3798,social,2024-05-31,1,0,0.059799,0.046418,25.994,0,0
3799,social,2024-01-26,1,0,0.0003,0.081641,14.3786,0,0
3800,social,2024-02-11,1,0,0.025526,0.070981,8.4693,0,0
3801,search,2024-06-08,0,0,0.561731,0.007619,22.3181,0,0
3802,social,2024-05-01,1,0,0.016135,0.061293,53.3158,0,0
3803,search,2024-03-19,0,0,0.099586,0.014515,18.1443,1,0
3804,social,2024-02-10,1,0,0.094367,0.135876,13.9385,0,0
3805,search,2024-03-31,0,0,0.046323,0.075933,13.9088,0,0
3806,social,2024-05-12,1,0,0.016031,0.221277,43.9733,0,0
3807,search,2024-04-17,0,0,0.155999,0.191124,23.0088,0,0
3808,search,2024-01-13,0,0,0.155845,0.002872,20.2669,1,1
3809,referral,2024-06-21,0,1,0.735935,0.026859,13.8378,1,0
3810,social,2024-05-24,1,0,0.165751,0.200625,10.866,0,0
3811,search,2024-01-08,0,0,0.066137,0.003549,16.8517,1,0
3812,social,2024-05-14,1,0,0.379243,0.042142,46.5611,0,0
3813,social,2024-02-08,1,0,0.018902,0.025225,17.6882,0,0
3814,social,2024-03-28,1,0,0.035592,0.028809,26.643,1,0
3815,search,2024-02-11,0,0,0.06595,0.033217,32.6777,0,0
3816,social,2024-03-29,1,0,0.402896,0.014703,20.0062,1,1
3817,search,2024-03-05,0,0,0.786461,0.060419,26.7546,0,0
3818,social,2024-02-29,1,0,0.084792,0.080392,114.5794,0,0
3819,search,2024-01-04,0,0,0.155636,0.029798,30.0742,0,0
3820,search,2024-02-03,0,0,0.01842,0.008015,41.7461,1,1
3821,referral,2024-06-03,0,1,0.112204,0.003368,67.1854,1,1
3822,search,2024-02-14,0,0,0.128842,0.114277,29.9272,0,0
3823,referral,2024-06-19,0,1,0.253481,0.022294,23.2425,1,0
3824,referral,2024-03-07,0,1,0.007254,0.000109,17.1493,1,1
3825,search,2024-05-27,0,0,0.115458,0.012374,9.0982,0,0
3826,referral,2024-04-28,0,1,0.11962,0.000114,24.7294,1,1
3827,social,2024-05-06,1,0,0.046591,0.009622,17.6944,1,1
3828,social,2024-02-29,1,0,0.177178,0.036517,17.7176,0,0
3829,search,2024-03-30,0,0,0.101844,0.000551,26.5176,1,1
3830,referral,2024-01-08,0,1,0.067535,0.000506,150.4591,1,1
3831,search,2024-04-06,0,0,0.159887,0.176708,33.6284,0,0
3832,social,2024-03-16,1,0,0.038476,0.326285,30.9621,0,0
3833,social,2024-05-11,1,0,0.152247,0.046119,40.1439,1,0
3834,search,2024-05-10,0,0,0.039243,0.07639,31.1297,0,0
3835,social,2024-01-29,1,0,0.017073,0.038813,18.9334,0,0
3836,referral,2024-04-21,0,1,0.212545,0.066549,22.8644,0,0
3837,social,2024-06-07,1,0,0.11828,0.25673,25.1711,0,0
3838,search,2024-04-01,0,0,0.525586,0.03426,48.7195,0,0
3839,social,2024-04-05,1,0,0.085563,0.008442,23.2486,0,0
3840,social,2024-05-25,1,0,0.022155,0.001357,25.5348,1,1
3841,search,2024-04-14,0,0,0.258083,0.006375,28.8423,1,1
3842,search,2024-03-04,0,0,0.027685,0.001841,28.8686,1,1
3843,referral,2024-06-14,0,1,0.10418,0.061539,38.0598,0,0
3844,search,2024-04-16,0,0,0.059883,0.139579,50.8145,0,0
3845,search,2024-01-24,0,0,0.018143,0.065924,10.9259,0,0
3846,social,2024-05-29,1,0,0.107664,0.060579,15.2071,1,0
3847,referral,2024-02-12,0,1,0.105081,0.016087,28.3716,1,0
3848,social,2024-01-26,1,0,0.156879,0.027184,24.4518,1,1
3849,search,2024-06-15,0,0,0.25305,0.175718,15.8,0,0
3850,social,2024-05-09,1,0,0.133552,0.022556,17.3664,1,1
3851,search,2024-06-01,0,0,0.112224,0.00046,70.3307,1,1
3852,search,2024-01-18,0,0,0.041075,0.035725,15.1636,0,0
3853,social,2024-03-26,1,0,0.242746,0.052626,33.8521,0,0
3854,social,2024-06-26,1,0,0.313409,0.004572,18.5676,1,1
3855,referral,2024-05-29,0,1,0.397054,0.015269,19.6356,1,0
3856,search,2024-03-22,0,0,0.16504,0.146884,34.793,0,0
3857,search,2024-03-01,0,0,0.004353,0.0004,20.2322,1,1
3858,social,2024-05-27,1,0,0.039639,0.084923,20.5639,0,0
3859,social,2024-06-26,1,0,0.001347,0.00826,31.8499,1,1
3860,search,2024-05-16,0,0,0.242276,0.02553,71.5638,0,0
3861,referral,2024-03-13,0,1,0.70666,0.033552,70.6683,0,0
3862,social,2024-03-11,1,0,0.010939,0.028222,11.858,1,0
3863,social,2024-03-12,1,0,0.13403,0.022766,21.1507,0,0
3864,search,2024-03-19,0,0,0.315336,8e-06,16.0314,1,1
3865,social,2024-03-10,1,0,0.059402,0.067911,26.7371,0,0
3866,referral,2024-01-27,0,1,0.014277,0.000641,27.9612,1,0
3867,search,2024-04-21,0,0,0.2096,0.034265,13.782,1,1
3868,search,2024-03-14,0,0,0.077078,0.017231,48.0264,1,1
3869,search,2024-01-17,0,0,0.118205,6.9e-05,88.4496,1,1
3870,search,2024-03-11,0,0,0.286454,0.013553,15.3558,1,0
3871,referral,2024-02-11,0,1,0.369358,0.00484,19.3607,1,1
3872,referral,2024-03-31,0,1,0.048569,0.002776,25.6926,1,0
3873,search,2024-06-20,0,0,0.074415,0.081678,36.906,0,0
3874,social,2024-05-25,1,0,0.202564,0.338478,22.4943,0,0
3875,search,2024-01-04,0,0,0.043988,0.017643,34.8893,1,0
3876,referral,2024-06-17,0,1,0.393234,3.1e-05,30.4553,1,1
3877,social,2024-05-27,1,0,0.052577,1.8e-05,29.1876,1,1
3878,referral,2024-06-06,0,1,0.455075,0.019467,63.5241,1,0
3879,social,2024-04-10,1,0,0.108397,0.099965,30.0021,0,0
3880,search,2024-06-11,0,0,0.038968,0.152168,12.0887,0,0
3881,social,2024-04-16,1,0,0.112131,0.003469,12.2397,1,0
3882,search,2024-03-21,0,0,0.089335,0.007664,13.962,1,1
3883,social,2024-02-16,1,0,0.132981,0.004219,17.936,1,0
3884,search,2024-04-13,0,0,0.170049,0.000155,15.7375,1,1
3885,search,2024-04-16,0,0,0.590639,0.015241,38.7453,0,0
3886,search,2024-04-02,0,0,0.087655,0.053477,23.3215,0,0
3887,search,2024-02-16,0,0,0.094013,0.011979,38.5973,1,1
3888,social,2024-03-18,1,0,0.08126,0.088304,60.2927,0,0
3889,search,2024-01-13,0,0,0.130324,0.010345,23.4262,1,0
3890,search,2024-03-09,0,0,0.250222,0.15518,53.1718,0,0
3891,social,2024-01-07,1,0,0.031603,0.284843,11.2936,0,0
3892,search,2024-03-19,0,0,0.111104,0.091724,21.301,0,0
3893,search,2024-02-01,0,0,0.086584,0.216343,33.2999,0,0
3894,social,2024-04-08,1,0,0.203631,0.213416,37.8994,0,0
3895,search,2024-01-20,0,0,0.073623,2.3e-05,25.4652,1,1
3896,social,2024-02-20,1,0,0.033266,0.002266,17.6154,1,1
3897,search,2024-06-08,0,0,0.0412,0.206227,27.9761,0,0
3898,social,2024-02-06,1,0,0.019823,0.03227,13.6517,0,0
3899,social,2024-05-13,1,0,0.082147,0.029579,41.4795,0,0
3900,social,2024-06-02,1,0,0.265658,0.040145,37.7851,0,0
3901,search,2024-04-14,0,0,0.062865,0.051356,15.197,0,0
3902,search,2024-01-28,0,0,0.101056,0.030345,36.3324,0,0
3903,search,2024-02-13,0,0,0.074347,0.032734,48.7609,1,0
3904,referral,2024-01-23,0,1,0.084488,9.8e-05,19.0179,1,1
3905,social,2024-04-14,1,0,0.022483,0.010154,17.9442,1,0
3906,search,2024-06-08,0,0,0.140208,0.04221,16.031,1,0
3907,search,2024-03-29,0,0,0.201288,0.149869,97.3763,0,0
3908,search,2024-01-10,0,0,0.092484,0.00368,50.8913,1,1
3909,social,2024-04-13,1,0,0.040319,0.021286,19.3109,1,0
3910,social,2024-04-12,1,0,0.254549,0.066662,34.2993,0,0
3911,social,2024-03-25,1,0,0.286509,0.032834,25.2673,1,0
3912,social,2024-02-02,1,0,0.284068,0.247321,33.32,0,0
3913,referral,2024-04-02,0,1,0.043987,0.002785,127.0479,1,1
3914,search,2024-04-21,0,0,0.112252,0.003385,31.708,1,1
3915,search,2024-01-17,0,0,0.113612,0.013358,32.8733,0,0
3916,social,2024-03-17,1,0,0.005617,0.073535,36.0226,0,0
3917,search,2024-05-21,0,0,0.825387,0.037416,18.2929,0,0
3918,social,2024-02-14,1,0,0.004829,0.096007,14.1846,0,0
3919,social,2024-02-13,1,0,0.04056,0.064159,18.741,0,0
3920,search,2024-03-17,0,0,0.299234,0.13745,27.205,0,0
3921,referral,2024-06-02,0,1,0.303592,0.025463,61.1007,0,0
3922,search,2024-05-06,0,0,0.194513,0.011438,65.8715,1,0
3923,referral,2024-05-27,0,1,0.186847,0.006311,26.1034,1,1
3924,social,2024-02-28,1,0,0.075031,0.000883,43.756,1,1
3925,search,2024-01-27,0,0,0.143977,0.033802,29.338,0,0
3926,social,2024-04-14,1,0,0.018259,0.028355,22.591,0,0
3927,search,2024-06-27,0,0,0.142471,0.057655,105.7406,0,0
3928,search,2024-04-03,0,0,0.046118,0.026713,17.8423,1,1
3929,search,2024-03-23,0,0,0.072016,0.021584,23.4097,0,0
3930,search,2024-02-26,0,0,0.073143,0.001348,28.2822,1,0
3931,referral,2024-05-23,0,1,0.590632,0.020032,14.3824,1,0
3932,search,2024-03-17,0,0,0.455741,0.030966,34.3132,0,0
3933,social,2024-04-08,1,0,0.014563,0.264958,27.0073,0,0
3934,social,2024-03-18,1,0,0.065344,0.000294,10.5051,1,1
3935,referral,2024-04-17,0,1,0.201612,0.004775,17.5178,1,0
3936,social,2024-04-27,1,0,0.145348,0.039576,35.2496,0,0
3937,social,2024-05-01,1,0,0.197396,0.102375,17.2082,0,0
3938,referral,2024-06-16,0,1,0.569834,0.048329,14.6746,0,0
3939,search,2024-03-05,0,0,0.2728,0.015136,13.4872,1,0
3940,search,2024-05-03,0,0,0.078756,0.020608,29.0036,1,0
3941,social,2024-01-17,1,0,0.086333,0.106193,14.0936,0,0
3942,search,2024-04-23,0,0,0.04589,0.035162,23.1804,1,1
3943,search,2024-02-06,0,0,0.233959,0.119047,20.0631,0,0
3944,search,2024-03-13,0,0,0.029474,0.000924,67.0947,1,1
3945,referral,2024-05-08,0,1,0.059355,0.047321,22.3595,0,0
3946,search,2024-06-10,0,0,0.280844,0.140826,20.1451,0,0
3947,referral,2024-04-12,0,1,0.310544,0.002601,16.0665,1,1
3948,search,2024-02-16,0,0,0.031897,0.004065,42.541,1,1
3949,search,2024-01-19,0,0,0.08297,0.002527,61.7546,1,1
3950,search,2024-06-20,0,0,0.025339,0.011971,37.1658,1,1
3951,search,2024-03-25,0,0,0.198965,0.023052,29.9768,1,1
3952,referral,2024-03-08,0,1,0.389071,0.003058,17.9183,1,1
3953,social,2024-01-15,1,0,0.000805,0.223168,38.3159,0,0
3954,referral,2024-06-15,0,1,0.021657,0.037774,25.4574,0,0
3955,social,2024-02-17,1,0,0.038275,0.178155,52.6591,0,0
3956,search,2024-05-19,0,0,0.424844,0.011447,34.7234,1,0
3957,search,2024-01-23,0,0,0.443949,0.0051,18.8921,0,0
3958,search,2024-02-03,0,0,0.070521,0.003231,41.8509,1,1
3959,social,2024-02-15,1,0,0.096072,0.035949,16.7561,0,0
3960,social,2024-03-23,1,0,0.298181,0.010498,36.2067,1,1
3961,social,2024-05-24,1,0,0.016157,0.108922,14.8183,0,0
3962,search,2024-04-02,0,0,0.154021,0.047154,22.6146,0,0
3963,social,2024-02-08,1,0,0.3664,0.007899,12.6177,1,0
3964,referral,2024-01-24,0,1,0.16647,0.007481,44.8185,1,0
3965,search,2024-03-11,0,0,0.193985,0.053351,26.8088,0,0
3966,search,2024-06-19,0,0,0.015785,0.031241,23.6906,0,0
3967,search,2024-05-05,0,0,0.171404,0.241915,19.2282,0,0
3968,social,2024-03-14,1,0,0.041592,0.415609,18.9259,0,0
3969,search,2024-05-28,0,0,0.249732,0.004714,8.273,1,1
3970,referral,2024-01-26,0,1,0.196687,0.002178,20.6562,1,1
3971,search,2024-05-28,0,0,0.353368,0.053593,51.7959,0,0
3972,search,2024-02-20,0,0,0.209836,0.000809,22.9467,1,1
3973,referral,2024-05-08,0,1,0.251664,0.030471,15.2187,0,0
3974,search,2024-04-27,0,0,0.201298,0.089271,22.57,0,0
3975,search,2024-04-29,0,0,0.154163,0.232797,49.1389,0,0
3976,social,2024-05-19,1,0,0.27431,0.085844,14.6338,0,0
3977,social,2024-01-07,1,0,0.004287,8.6e-05,22.2652,1,1
3978,social,2024-05-24,1,0,0.156037,0.012627,8.2355,0,0
3979,referral,2024-01-11,0,1,0.404158,0.099884,26.5895,0,0
3980,referral,2024-06-26,0,1,0.593862,0.018084,48.9939,1,0
3981,search,2024-05-21,0,0,0.135124,0.022476,24.5019,1,0
3982,social,2024-03-22,1,0,0.113135,0.144232,18.6398,0,0
3983,referral,2024-03-06,0,1,0.246171,0.004725,47.4085,1,1
3984,search,2024-05-20,0,0,0.135103,0.048384,26.9938,0,0
3985,search,2024-03-24,0,0,0.026852,0.009581,30.0609,1,0
3986,social,2024-06-17,1,0,0.075607,0.000794,27.1541,1,1
3987,referral,2024-06-02,0,1,0.242405,0.00972,15.5449,1,1
3988,social,2024-05-12,1,0,0.164192,0.023602,45.0542,1,0
3989,search,2024-06-02,0,0,0.236649,0.001555,48.2251,1,1
3990,referral,2024-01-13,0,1,0.207825,0.004088,38.9278,1,0
3991,search,2024-06-30,0,0,0.017337,0.006137,21.2234,1,1
3992,social,2024-02-25,1,0,0.026718,0.000116,18.4612,1,1
3993,referral,2024-05-24,0,1,0.137196,0.003766,17.3417,0,0
3994,referral,2024-02-02,0,1,0.058287,0.057637,31.4732,0,0
3995,referral,2024-06-29,0,1,0.339959,3e-06,19.5243,1,1
3996,social,2024-05-01,1,0,0.062675,0.11119,16.8974,0,0
3997,referral,2024-05-16,0,1,0.250784,0.000775,52.21,1,1
3998,search,2024-01-07,0,0,0.430111,0.126215,17.664,0,0
3999,search,2024-01-28,0,0,0.111661,0.031805,32.6009,0,0
4000,social,2024-04-05,1,0,0.094458,0.068498,39.2571,0,0
