customer_id,date,amount
1,2024-02-28,20.31
2,2024-04-02,26.61
2,2024-04-09,21.77
2,2024-08-01,20.58
2,2024-09-15,16.84
2,2024-12-07,10.7
2,2024-12-14,6.33
2,2024-12-15,17.89
2,2025-04-23,19.16
3,2024-05-01,15.25
3,2024-11-24,19.8
3,2025-03-31,21.95
3,2025-10-19,19.0
4,2024-06-28,43.21
5,2024-01-19,110.61
5,2024-04-21,86.75
5,2024-05-08,137.45
5,2024-06-21,74.62
5,2024-07-26,93.13
5,2024-07-31,23.65
5,2024-10-31,107.41
5,2024-11-05,62.32
5,2024-11-24,107.22
5,2024-12-16,38.2
5,2025-02-01,78.32
5,2025-03-01,113.87
5,2025-03-26,116.06
5,2025-04-10,35.52
5,2025-04-17,95.66
5,2025-10-24,57.33
5,2025-12-08,86.49
6,2024-05-03,22.03
6,2024-07-06,35.16
6,2024-09-11,29.15
7,2024-05-18,48.45
7,2024-07-19,34.41
7,2025-03-27,28.6
7,2025-04-26,36.54
8,2024-05-16,30.31
9,2024-06-10,30.87
10,2024-05-21,24.23
10,2024-06-08,42.88
10,2024-06-30,36.43
10,2024-07-25,25.53
10,2024-09-12,38.84
10,2024-09-18,38.52
10,2024-10-28,32.34
10,2025-01-03,31.46
10,2025-01-20,15.3
10,2025-01-21,55.43
10,2025-01-26,53.46
10,2025-02-01,23.87
10,2025-02-04,25.36
10,2025-04-12,73.79
10,2025-04-17,21.65
10,2025-05-03,12.47
10,2025-07-10,51.13
10,2025-08-10,44.29
10,2025-08-18,20.84
10,2025-08-20,33.44
10,2025-11-14,35.71
10,2025-12-22,35.86
11,2024-06-29,113.82
12,2024-02-21,22.72
12,2024-03-31,54.45
12,2024-08-11,66.37
12,2025-04-06,40.55
13,2024-02-25,27.76
13,2024-03-17,33.22
13,2024-04-27,22.76
13,2024-08-04,34.2
13,2024-09-05,16.71
13,2024-11-01,26.58
13,2024-12-06,22.55
13,2024-12-08,11.79
14,2024-03-16,24.8
14,2024-03-30,41.16
14,2024-07-28,16.65
14,2024-10-31,53.17
14,2025-07-01,37.58
14,2025-08-16,25.09
14,2025-09-18,16.52
14,2025-09-24,66.3
14,2025-09-30,31.22
14,2025-12-16,30.86
15,2024-06-03,21.13
16,2024-06-06,28.29
16,2024-08-07,45.98
16,2024-09-14,27.67
16,2024-09-26,40.21
16,2024-10-23,23.44
16,2024-12-05,42.89
16,2024-12-22,30.57
16,2025-03-30,15.4
16,2025-05-19,16.6
16,2025-06-29,31.57
16,2025-08-25,40.23
16,2025-09-06,43.3
16,2025-09-09,19.64
16,2025-09-30,16.18
16,2025-10-23,21.67
17,2024-05-03,45.08
17,2024-10-27,24.18
17,2024-12-05,27.27
17,2025-04-25,47.86
17,2025-06-22,14.97
18,2024-01-25,26.59
19,2024-04-05,31.41
20,2024-06-24,22.56
20,2024-07-04,14.45
20,2024-07-15,13.99
20,2024-07-20,15.97
20,2024-08-02,6.96
20,2024-08-14,38.31
20,2024-09-14,4.99
21,2024-06-11,7.07
22,2024-01-31,54.05
23,2024-06-11,11.33
23,2024-08-14,10.38
23,2024-10-24,8.09
23,2024-12-11,3.32
23,2024-12-14,6.74
24,2024-05-22,38.3
24,2024-09-16,54.58
24,2024-12-25,63.79
24,2025-01-16,131.3
24,2025-06-27,43.51
24,2025-11-10,48.56
25,2024-04-11,13.41
25,2024-04-17,13.69
25,2024-04-28,8.84
25,2024-05-05,20.26
25,2024-05-07,17.5
25,2024-06-02,11.24
25,2024-06-22,6.43
25,2024-06-27,8.94
25,2024-06-28,12.62
25,2024-06-29,4.13
25,2024-07-13,9.43
25,2024-07-15,6.27
25,2024-07-18,15.69
25,2024-07-21,17.16
25,2024-08-05,13.9
26,2024-01-12,53.95
27,2024-04-06,6.23
28,2024-05-15,46.72
28,2024-05-15,28.56
28,2024-05-19,34.42
28,2024-06-18,22.15
29,2024-03-03,19.87
29,2024-03-09,16.01
29,2024-03-13,13.39
29,2024-03-24,31.1
29,2024-04-09,9.16
29,2024-04-14,18.44
29,2024-05-03,10.79
29,2024-05-05,11.68
29,2024-05-25,13.07
29,2024-06-10,31.18
29,2024-06-16,29.23
29,2024-07-03,13.43
29,2024-07-26,33.08
29,2024-07-26,20.13
29,2024-07-30,18.26
29,2024-08-03,31.07
29,2024-08-11,29.26
29,2024-08-23,20.81
29,2024-09-04,28.1
29,2024-09-16,19.46
29,2024-10-07,33.62
29,2024-10-07,53.18
29,2024-10-12,38.58
29,2024-11-11,18.64
29,2024-11-12,20.26
29,2024-11-25,35.27
29,2024-11-30,9.19
29,2024-11-30,16.52
29,2024-12-04,8.48
29,2024-12-07,16.68
29,2024-12-14,35.84
29,2024-12-19,19.71
29,2025-01-15,35.91
29,2025-01-19,21.65
29,2025-02-17,14.94
29,2025-02-21,17.0
29,2025-03-11,15.53
29,2025-03-18,37.32
29,2025-03-18,21.33
29,2025-03-27,20.11
30,2024-04-16,42.17
30,2024-04-25,94.67
30,2024-05-05,56.67
30,2024-05-16,103.17
30,2024-05-29,51.39
30,2024-05-30,31.85
30,2024-06-12,24.73
30,2024-06-22,87.9
30,2024-07-04,67.15
30,2024-07-05,19.11
30,2024-07-21,19.88
30,2024-07-25,71.25
30,2024-07-27,61.68
30,2024-08-14,43.82
30,2024-08-14,40.69
30,2024-08-27,57.39
30,2024-09-07,128.46
30,2024-09-12,64.56
30,2024-09-13,59.68
30,2024-09-25,16.01
30,2024-09-28,107.18
30,2024-10-23,82.49
30,2024-10-26,61.53
30,2024-11-15,66.78
30,2024-11-17,61.12
30,2024-11-30,83.58
30,2024-12-03,79.69
30,2024-12-07,101.01
30,2024-12-12,46.39
30,2024-12-13,107.2
30,2024-12-19,59.64
30,2024-12-27,87.51
30,2025-01-04,58.67
30,2025-01-17,31.06
30,2025-02-02,80.35
30,2025-02-07,39.1
30,2025-02-10,49.52
30,2025-02-21,53.39
30,2025-02-26,54.7
30,2025-03-05,50.52
30,2025-04-21,70.64
30,2025-04-27,116.13
30,2025-04-29,62.56
30,2025-05-01,76.3
30,2025-05-05,64.25
30,2025-05-11,57.47
30,2025-05-22,33.62
30,2025-06-09,42.68
30,2025-07-22,38.06
30,2025-07-23,85.54
30,2025-07-23,90.95
30,2025-08-05,119.89
30,2025-08-08,50.42
30,2025-09-14,42.36
30,2025-09-25,92.88
30,2025-10-17,65.62
30,2025-10-22,43.03
30,2025-11-21,51.06
30,2025-12-22,57.58
31,2024-04-11,67.86
31,2024-06-03,29.6
31,2024-07-04,45.42
31,2024-09-20,33.32
31,2024-09-24,32.25
31,2024-10-10,65.29
32,2024-04-19,30.51
32,2024-05-08,21.81
33,2024-02-21,17.27
33,2024-03-20,18.53
33,2024-03-26,15.39
33,2024-05-21,21.28
33,2024-10-06,27.28
34,2024-03-13,18.29
34,2024-03-22,28.73
34,2024-05-29,15.16
34,2024-06-09,21.74
34,2024-06-11,17.51
34,2024-06-24,23.18
34,2024-06-25,6.31
34,2024-08-05,32.82
34,2024-08-14,16.69
34,2024-08-17,21.35
34,2024-09-04,15.11
34,2024-09-04,42.33
34,2024-09-19,17.84
34,2024-10-25,22.45
34,2024-12-22,33.15
34,2024-12-24,20.35
34,2024-12-26,16.94
34,2024-12-28,14.4
34,2025-01-22,11.4
34,2025-02-25,23.27
34,2025-03-03,24.6
34,2025-03-24,11.1
34,2025-04-12,6.87
34,2025-04-20,24.69
34,2025-05-05,22.35
34,2025-05-07,28.34
34,2025-07-20,20.41
34,2025-08-16,16.49
34,2025-08-23,15.06
34,2025-09-04,26.95
34,2025-11-14,24.45
34,2025-11-22,24.45
34,2025-12-18,14.22
34,2025-12-23,22.01
34,2025-12-26,16.12
35,2024-03-24,51.24
35,2024-04-23,34.22
36,2024-06-07,11.74
36,2024-06-18,27.76
36,2024-06-27,26.44
36,2024-07-27,15.82
36,2024-09-01,17.54
36,2024-10-02,10.76
36,2024-10-18,18.84
36,2024-10-21,14.0
36,2024-10-25,14.47
37,2024-04-13,43.52
37,2024-11-26,51.85
37,2025-11-20,88.67
38,2024-01-13,42.13
38,2024-05-26,8.99
38,2024-06-13,29.16
38,2024-07-04,24.77
38,2024-07-20,39.95
38,2024-07-21,15.92
38,2024-08-08,60.34
38,2024-08-17,18.94
38,2024-10-10,38.36
38,2024-11-13,40.21
38,2024-11-27,49.9
38,2024-12-02,9.55
38,2024-12-10,32.47
38,2024-12-14,26.91
38,2025-01-01,20.32
38,2025-01-30,48.52
38,2025-02-18,24.87
38,2025-05-15,26.69
38,2025-06-05,49.69
38,2025-07-19,44.56
38,2025-09-09,21.54
38,2025-09-17,28.48
38,2025-11-10,55.01
38,2025-12-18,48.82
39,2024-05-09,11.87
40,2024-02-15,11.23
40,2024-03-20,13.15
40,2024-05-16,42.83
40,2024-05-18,16.13
40,2024-05-21,23.05
40,2024-05-25,18.73
40,2024-06-17,27.84
40,2024-07-11,19.97
40,2024-07-28,5.67
40,2024-07-31,22.05
40,2024-08-01,11.81
40,2024-09-03,38.29
40,2024-09-04,11.75
40,2024-10-01,22.21
40,2024-10-02,23.4
40,2024-11-02,16.79
40,2024-11-05,20.73
40,2024-12-07,24.0
40,2024-12-23,23.0
40,2025-02-16,14.14
40,2025-02-21,25.81
40,2025-03-04,27.46
40,2025-04-01,29.72
40,2025-04-17,17.41
40,2025-04-22,27.44
40,2025-05-06,22.82
40,2025-07-07,22.83
40,2025-09-24,13.89
40,2025-11-09,38.89
41,2024-05-18,17.1
41,2024-06-12,10.52
41,2024-06-16,18.12
41,2024-06-19,15.99
42,2024-05-22,23.85
42,2024-06-03,35.01
42,2024-07-13,34.83
42,2024-10-08,33.06
42,2024-11-01,54.79
42,2024-11-07,32.32
42,2025-01-07,44.43
42,2025-04-05,61.65
43,2024-06-09,32.46
44,2024-03-23,15.89
45,2024-06-21,10.12
45,2024-07-04,25.6
46,2024-02-21,12.48
46,2024-03-01,74.05
46,2024-04-26,60.31
46,2024-05-08,30.54
46,2024-05-09,64.95
46,2024-07-04,26.14
46,2024-07-15,37.15
46,2024-09-02,53.66
46,2024-10-05,73.52
46,2025-03-05,25.55
46,2025-12-13,17.31
47,2024-05-29,14.53
47,2024-06-06,14.21
47,2024-06-27,22.64
47,2024-07-04,20.74
47,2024-11-05,7.44
48,2024-02-05,11.59
49,2024-02-08,17.55
49,2024-03-12,14.27
49,2024-04-15,12.36
49,2024-04-26,11.49
49,2024-04-28,20.21
49,2024-05-12,29.51
49,2024-06-26,14.31
49,2024-09-25,11.57
49,2024-12-27,12.5
49,2025-01-17,19.27
49,2025-01-24,13.42
49,2025-03-08,29.89
49,2025-05-11,11.64
49,2025-05-29,12.11
49,2025-07-27,15.2
49,2025-08-15,16.67
49,2025-09-22,6.93
49,2025-12-25,16.08
50,2024-04-29,33.32
51,2024-06-05,35.97
52,2024-06-29,26.85
53,2024-05-01,14.68
53,2024-06-30,6.54
53,2024-09-13,24.93
54,2024-03-18,18.0
54,2024-04-26,11.41
54,2024-07-28,15.8
54,2024-12-24,15.04
55,2024-03-23,28.82
55,2024-05-02,37.54
55,2025-05-17,32.11
56,2024-02-04,28.62
57,2024-01-17,8.18
57,2024-02-11,15.36
57,2024-02-29,13.84
57,2024-03-02,12.15
57,2024-05-13,22.61
57,2024-07-23,28.34
57,2024-07-29,7.43
57,2024-12-25,23.66
58,2024-01-27,25.36
58,2025-05-04,24.19
59,2024-05-03,108.01
59,2024-11-07,129.06
59,2024-11-10,140.32
59,2024-12-23,63.06
59,2025-04-13,70.84
59,2025-06-11,43.15
59,2025-07-17,159.2
59,2025-09-16,64.49
60,2024-01-08,13.7
61,2024-06-05,35.32
61,2024-06-12,43.93
61,2024-06-12,27.66
61,2024-07-07,50.21
62,2024-04-03,15.44
62,2024-04-07,64.17
62,2024-04-25,38.7
63,2024-03-16,35.23
64,2024-01-12,25.89
64,2024-01-27,42.09
65,2024-01-15,43.73
65,2024-01-25,70.14
65,2024-01-31,84.64
65,2024-02-03,26.75
65,2024-02-22,26.61
66,2024-02-15,24.83
66,2024-02-20,24.41
67,2024-05-15,16.07
67,2025-07-03,28.19
67,2025-11-18,13.18
67,2025-12-12,29.88
68,2024-04-12,11.12
69,2024-03-23,14.43
69,2024-06-23,11.1
69,2024-08-11,18.25
69,2024-09-11,10.17
69,2025-02-21,12.21
70,2024-04-04,48.33
70,2024-04-10,44.9
70,2024-04-29,31.25
70,2024-05-11,22.57
71,2024-06-21,50.81
71,2024-06-27,45.91
71,2024-07-11,62.01
71,2024-07-15,33.84
71,2024-07-25,23.1
71,2024-08-03,44.3
71,2024-09-29,66.65
71,2024-10-15,88.35
71,2024-10-29,69.8
71,2024-11-07,34.25
71,2024-12-16,56.05
71,2025-01-04,34.85
71,2025-01-24,71.09
71,2025-02-11,57.96
71,2025-02-16,73.32
71,2025-02-27,64.62
71,2025-03-01,16.55
71,2025-07-02,37.41
71,2025-07-26,44.44
71,2025-08-08,41.52
71,2025-08-31,47.93
71,2025-09-03,25.35
71,2025-10-01,41.74
71,2025-10-07,37.07
71,2025-10-23,35.72
71,2025-10-27,38.61
71,2025-10-31,47.04
71,2025-12-01,31.41
71,2025-12-19,60.14
72,2024-01-02,29.98
72,2024-01-10,39.13
72,2024-01-14,8.83
72,2024-01-24,35.02
72,2024-02-14,18.74
72,2024-03-11,18.31
72,2024-03-17,15.84
72,2024-03-30,28.06
73,2024-02-11,26.58
74,2024-06-08,34.46
74,2024-08-19,50.16
74,2024-12-01,35.59
74,2025-01-04,20.07
74,2025-02-15,15.84
75,2024-01-18,16.13
75,2024-02-15,21.67
75,2024-02-16,11.77
75,2024-02-28,20.24
75,2024-03-23,9.8
75,2024-04-03,7.04
75,2024-05-01,17.41
75,2024-06-15,14.84
75,2024-07-08,6.52
75,2024-09-20,15.1
75,2024-11-03,5.59
75,2024-12-02,17.05
75,2025-02-15,5.6
75,2025-03-16,3.55
75,2025-03-22,15.06
75,2025-03-28,11.3
75,2025-04-29,26.21
75,2025-05-16,19.33
75,2025-07-01,13.16
75,2025-07-02,10.12
75,2025-08-22,25.08
75,2025-09-20,16.96
75,2025-11-02,19.99
75,2025-11-05,7.06
76,2024-06-11,16.52
77,2024-06-23,12.84
77,2024-07-29,26.95
78,2024-06-01,19.02
78,2024-06-02,25.36
78,2024-07-09,15.31
78,2024-08-28,51.35
79,2024-05-10,15.86
79,2024-10-09,19.1
80,2024-04-10,6.84
81,2024-04-15,40.3
82,2024-01-26,13.35
82,2024-02-05,23.92
83,2024-03-01,39.88
84,2024-06-30,28.16
84,2024-07-02,82.28
84,2024-07-05,40.15
84,2024-07-06,63.88
84,2024-07-14,32.26
84,2024-07-24,24.09
84,2024-08-01,34.38
84,2024-08-04,25.53
84,2024-11-10,60.92
84,2024-11-11,51.28
84,2024-11-21,53.8
84,2024-11-27,51.46
84,2024-12-20,36.43
84,2025-02-12,31.72
84,2025-05-13,77.68
84,2025-07-07,64.42
84,2025-07-07,67.5
84,2025-08-14,44.94
84,2025-09-01,30.81
84,2025-10-05,39.73
84,2025-10-28,47.04
84,2025-12-07,58.8
85,2024-05-20,24.88
85,2024-08-26,26.92
85,2024-09-07,14.57
85,2024-09-13,14.73
86,2024-03-26,15.28
86,2024-03-30,9.26
86,2024-04-03,8.65
86,2024-04-13,8.56
86,2024-04-28,16.42
86,2024-05-12,14.62
86,2024-05-15,10.63
86,2024-05-19,23.02
86,2024-06-03,9.38
86,2024-06-05,13.34
86,2024-06-17,11.26
86,2024-07-01,14.74
86,2024-07-18,20.64
86,2024-07-22,13.98
86,2024-08-10,19.03
86,2024-08-17,9.94
86,2024-09-07,12.14
86,2024-09-25,4.46
86,2024-10-12,6.88
86,2024-10-13,9.64
86,2024-10-17,22.48
86,2024-10-22,8.74
86,2024-11-09,14.73
86,2024-12-22,16.11
86,2025-01-07,20.68
86,2025-02-06,21.39
86,2025-02-20,19.02
86,2025-03-01,19.76
86,2025-03-21,17.75
86,2025-03-24,10.52
86,2025-04-30,11.7
86,2025-05-11,9.8
86,2025-05-22,12.46
86,2025-06-04,13.82
86,2025-06-12,17.05
86,2025-06-15,25.18
86,2025-06-18,15.91
86,2025-06-26,10.36
86,2025-07-15,7.58
86,2025-07-23,29.49
86,2025-07-25,18.89
86,2025-08-02,6.07
86,2025-08-03,6.44
86,2025-09-18,16.08
86,2025-09-23,15.53
86,2025-10-15,8.28
86,2025-10-24,16.21
86,2025-11-13,11.21
86,2025-11-20,5.57
86,2025-11-29,8.28
86,2025-12-12,9.58
86,2025-12-26,10.52
87,2024-03-16,58.85
87,2024-09-18,23.96
87,2025-04-24,22.22
88,2024-03-05,16.27
88,2024-04-21,21.66
88,2024-04-27,16.54
89,2024-01-02,14.33
90,2024-03-26,11.91
90,2024-08-05,18.9
91,2024-05-20,16.63
92,2024-04-24,36.18
92,2024-05-14,19.32
93,2024-01-10,21.59
93,2024-01-23,21.24
93,2024-02-02,25.37
93,2024-02-10,36.38
93,2024-05-24,18.13
93,2024-07-30,17.91
93,2024-10-24,23.29
93,2024-11-05,15.1
93,2024-12-11,18.11
93,2025-04-09,11.15
93,2025-11-30,17.79
94,2024-06-28,15.63
94,2024-09-23,23.05
94,2024-11-12,15.38
94,2024-12-17,26.29
94,2024-12-22,27.91
94,2025-01-26,26.25
95,2024-05-08,29.46
95,2024-12-31,53.9
95,2025-02-11,56.33
95,2025-09-07,28.78
96,2024-02-28,16.31
97,2024-06-23,14.96
97,2024-08-28,40.27
97,2024-09-03,16.16
97,2024-09-11,15.27
97,2024-09-25,22.82
97,2024-10-14,16.45
97,2025-01-11,23.36
97,2025-01-24,14.69
97,2025-03-27,24.64
97,2025-03-30,30.65
97,2025-04-13,19.01
97,2025-05-09,23.6
97,2025-05-25,15.48
97,2025-06-18,10.35
97,2025-06-26,22.85
97,2025-09-26,19.88
97,2025-09-27,17.9
97,2025-11-09,13.52
97,2025-11-13,9.74
98,2024-05-04,37.5
98,2024-05-10,25.94
98,2024-06-30,51.14
98,2024-07-26,11.59
98,2024-08-22,16.28
99,2024-05-27,36.11
99,2024-07-09,29.82
99,2024-10-08,19.33
99,2024-11-25,80.64
99,2024-11-27,41.13
99,2024-12-29,13.79
99,2025-03-21,26.8
100,2024-06-11,28.83
100,2024-06-23,9.54
100,2024-08-12,28.69
100,2024-08-19,31.06
100,2024-10-03,47.53
100,2024-10-22,21.15
101,2024-01-17,32.03
102,2024-03-24,25.28
103,2024-03-24,15.44
103,2024-04-28,20.13
104,2024-05-16,49.15
104,2025-02-13,117.1
105,2024-05-05,27.73
105,2024-05-06,21.89
105,2024-06-06,17.29
105,2024-06-07,11.74
106,2024-06-20,12.8
106,2024-07-25,17.03
106,2024-09-01,39.07
107,2024-03-01,10.26
107,2024-05-07,16.93
108,2024-03-14,50.5
108,2024-03-14,6.98
108,2024-03-21,45.7
108,2024-05-04,17.32
108,2024-06-01,35.27
108,2024-11-09,34.0
108,2025-01-20,19.95
108,2025-05-03,40.75
108,2025-05-06,28.72
108,2025-07-23,30.5
108,2025-10-09,20.41
109,2024-01-18,22.46
109,2024-03-11,33.68
109,2024-06-09,38.52
109,2024-06-18,53.69
110,2024-04-23,19.35
110,2024-04-24,20.81
110,2024-04-30,17.51
110,2024-05-17,40.05
110,2024-05-20,12.88
110,2024-08-03,32.27
110,2024-08-31,20.34
110,2024-09-04,28.72
110,2024-09-06,28.61
110,2024-09-21,17.05
110,2024-10-14,15.21
110,2024-10-17,13.39
110,2025-01-15,22.34
110,2025-03-15,23.33
110,2025-03-16,8.56
110,2025-04-21,15.42
110,2025-06-04,13.74
110,2025-06-13,21.02
110,2025-06-17,28.81
110,2025-10-30,22.67
110,2025-11-07,19.57
110,2025-11-25,20.94
110,2025-12-07,6.53
110,2025-12-14,8.73
111,2024-01-27,75.59
111,2024-03-11,45.55
111,2024-04-15,21.36
111,2024-05-18,50.75
111,2024-07-28,28.66
111,2024-08-09,49.68
111,2024-09-30,35.05
111,2024-10-31,11.6
111,2024-12-04,32.69
111,2025-02-13,27.84
111,2025-05-07,69.04
111,2025-06-02,35.11
111,2025-06-13,47.24
111,2025-08-25,42.04
111,2025-11-25,36.53
112,2024-06-29,22.0
113,2024-01-23,7.17
113,2024-02-03,20.24
113,2024-03-13,22.1
113,2024-03-20,12.64
114,2024-01-22,39.79
114,2024-03-09,37.4
115,2024-02-06,21.32
116,2024-05-20,6.14
116,2024-06-01,15.85
116,2024-07-09,10.84
116,2024-07-31,13.85
116,2024-09-11,3.24
116,2024-09-20,7.12
116,2024-10-13,4.12
116,2024-12-08,5.53
116,2024-12-20,6.38
116,2024-12-26,8.47
116,2025-01-03,5.44
116,2025-01-16,12.18
116,2025-02-10,17.69
116,2025-02-24,7.88
116,2025-03-20,8.1
116,2025-03-20,5.92
116,2025-04-06,9.64
116,2025-04-08,14.02
116,2025-04-19,7.8
116,2025-04-22,12.29
116,2025-05-01,4.8
116,2025-05-10,11.8
116,2025-06-02,14.37
116,2025-06-10,13.93
116,2025-06-18,6.11
116,2025-06-21,9.27
116,2025-06-29,24.41
116,2025-07-24,8.28
116,2025-07-29,10.19
116,2025-08-07,25.47
116,2025-08-17,7.59
116,2025-09-03,5.54
116,2025-09-05,7.59
116,2025-09-05,9.99
116,2025-09-08,11.95
116,2025-11-05,6.11
116,2025-11-24,9.1
117,2024-04-03,15.47
117,2024-12-31,6.18
117,2025-01-28,6.92
117,2025-04-04,13.22
118,2024-06-27,16.78
118,2024-07-09,9.9
118,2024-09-29,9.46
119,2024-06-04,39.41
119,2024-10-09,11.29
119,2024-12-27,35.11
120,2024-05-17,49.49
120,2024-06-20,75.93
121,2024-05-29,16.75
121,2024-06-14,26.94
121,2024-06-26,12.23
121,2024-07-01,11.17
121,2024-07-08,9.64
121,2024-07-26,13.76
121,2024-07-27,10.05
121,2024-07-31,12.84
121,2024-08-16,9.78
121,2024-08-17,16.13
121,2024-08-26,16.15
122,2024-02-07,27.69
122,2024-03-02,13.86
122,2024-05-22,25.24
122,2024-09-21,37.76
122,2024-11-24,26.3
122,2024-11-24,36.09
123,2024-06-15,77.02
124,2024-06-29,14.51
124,2024-07-22,18.45
125,2024-05-14,56.49
125,2024-05-18,46.9
125,2024-05-18,29.97
125,2024-06-24,32.09
125,2024-07-02,30.7
125,2024-07-05,30.73
125,2024-07-08,58.9
125,2024-07-18,45.1
125,2024-08-12,24.37
125,2024-08-16,42.12
125,2024-08-17,48.19
125,2024-08-21,55.42
125,2024-09-11,29.46
125,2024-09-15,45.89
125,2024-09-15,35.02
125,2024-09-22,29.69
125,2024-09-24,34.6
125,2024-10-05,21.13
125,2024-10-17,45.55
125,2024-10-20,43.19
125,2024-10-20,25.55
125,2024-11-02,10.33
125,2024-11-08,25.45
125,2024-11-21,9.39
125,2024-12-21,65.08
125,2025-01-25,54.9
125,2025-01-26,40.17
125,2025-02-06,50.81
125,2025-02-13,65.64
125,2025-02-20,36.03
125,2025-04-13,36.18
125,2025-04-28,41.91
125,2025-05-15,50.2
125,2025-05-22,36.08
125,2025-06-10,59.39
125,2025-06-10,44.67
125,2025-07-14,35.76
125,2025-07-16,23.5
125,2025-07-30,20.88
125,2025-08-19,23.24
125,2025-09-01,56.41
125,2025-09-02,19.8
125,2025-09-10,22.79
125,2025-09-24,31.02
125,2025-09-24,27.25
125,2025-11-07,33.08
125,2025-11-21,55.97
125,2025-11-29,37.4
125,2025-12-04,45.92
125,2025-12-10,46.32
125,2025-12-19,54.26
125,2025-12-21,50.96
125,2025-12-23,30.32
126,2024-04-26,25.24
126,2024-05-11,22.0
126,2024-05-13,16.24
126,2024-06-06,6.82
126,2024-07-02,12.38
126,2024-07-14,19.58
127,2024-04-01,19.1
128,2024-01-22,21.4
128,2024-02-08,35.04
128,2024-02-28,33.55
128,2024-03-10,13.94
128,2024-05-09,31.85
129,2024-01-13,4.21
130,2024-02-16,7.9
130,2024-03-01,15.45
130,2024-03-18,8.99
130,2024-03-22,17.58
130,2024-04-11,10.98
130,2024-04-16,13.34
130,2024-05-07,8.22
130,2024-05-26,7.94
130,2024-07-05,10.89
130,2024-09-10,13.01
130,2024-09-12,10.21
130,2024-09-19,13.68
131,2024-02-02,56.77
131,2024-03-11,37.0
131,2024-03-16,42.09
131,2024-03-19,56.24
131,2024-03-29,30.46
131,2024-04-04,23.83
131,2024-04-05,27.13
131,2024-04-19,40.79
131,2024-04-29,23.31
131,2024-05-13,31.61
131,2024-05-14,43.85
131,2024-05-16,26.69
131,2024-05-16,27.68
131,2024-06-05,21.16
131,2024-06-05,46.83
131,2024-06-12,67.58
131,2024-06-21,37.5
131,2024-06-29,39.98
131,2024-07-01,32.61
132,2024-05-26,97.85
132,2024-05-31,167.69
133,2024-01-19,12.24
133,2024-03-10,31.23
133,2024-03-12,9.84
133,2024-03-15,15.88
133,2024-04-07,17.62
133,2024-06-23,21.22
133,2024-07-05,14.11
133,2024-07-29,22.41
133,2024-12-18,54.56
133,2025-06-29,15.89
133,2025-09-27,25.18
133,2025-10-24,18.85
133,2025-12-21,13.6
134,2024-01-13,16.27
134,2024-04-29,14.71
134,2024-06-14,14.71
134,2024-07-05,15.35
134,2024-07-14,19.56
134,2024-08-03,3.84
134,2024-08-10,16.24
134,2024-08-27,20.86
134,2024-08-28,12.47
134,2025-01-25,28.76
134,2025-03-12,8.96
134,2025-04-16,17.17
134,2025-05-07,19.24
134,2025-07-01,7.71
134,2025-07-23,9.93
134,2025-08-04,14.11
134,2025-08-16,10.67
134,2025-09-18,10.21
134,2025-09-23,14.71
134,2025-10-28,26.97
134,2025-11-29,14.23
134,2025-12-07,10.96
135,2024-04-29,23.07
135,2024-05-01,165.11
135,2024-05-03,51.26
135,2024-05-04,24.45
135,2024-05-10,78.29
135,2024-05-16,21.58
135,2024-05-16,46.87
135,2024-05-27,29.23
135,2024-05-29,18.76
135,2024-06-05,72.27
135,2024-06-09,26.85
135,2024-06-19,41.97
135,2024-06-26,31.6
135,2024-06-28,34.09
135,2024-07-01,49.8
135,2024-07-08,78.7
136,2024-06-17,28.12
136,2024-08-09,30.32
136,2024-08-29,26.71
136,2024-09-01,49.74
137,2024-04-24,20.01
138,2024-03-25,7.07
139,2024-05-22,33.67
140,2024-02-01,27.88
140,2024-02-03,79.95
140,2024-02-19,56.15
140,2024-03-21,18.21
140,2024-06-20,35.78
140,2024-07-03,61.66
140,2024-07-09,54.63
140,2024-08-21,48.41
140,2024-09-12,42.22
141,2024-05-12,18.49
141,2024-05-12,13.23
141,2024-07-05,11.09
141,2024-08-06,9.8
141,2024-08-11,4.76
141,2024-08-29,8.36
141,2024-09-09,9.41
142,2024-01-29,19.49
142,2024-02-08,15.3
142,2025-04-28,12.69
143,2024-05-16,31.36
143,2024-06-02,18.52
143,2024-07-26,37.69
143,2024-09-11,49.53
143,2024-09-13,27.16
143,2024-09-28,42.34
143,2024-10-02,48.58
143,2024-10-02,31.33
143,2024-10-10,34.12
143,2024-10-13,56.74
143,2024-10-16,34.37
143,2024-10-19,54.65
143,2024-10-20,33.0
143,2024-12-07,15.31
143,2024-12-28,55.31
143,2025-01-06,28.01
143,2025-01-17,27.64
143,2025-01-20,24.68
143,2025-01-29,19.39
143,2025-02-04,40.3
143,2025-02-10,39.31
143,2025-02-19,48.53
143,2025-03-01,48.51
143,2025-03-12,36.38
144,2024-03-13,6.94
144,2024-04-25,5.87
144,2024-05-14,9.55
144,2024-06-25,5.88
145,2024-05-14,10.42
145,2024-06-15,13.87
145,2024-07-13,18.56
145,2024-08-21,12.31
145,2024-09-05,7.78
145,2024-10-14,11.47
145,2024-10-20,27.6
145,2024-10-24,9.03
145,2024-12-23,17.81
145,2025-03-14,13.08
145,2025-06-10,12.83
145,2025-06-12,15.71
145,2025-07-27,18.85
145,2025-11-23,10.24
146,2024-04-30,14.52
146,2024-06-07,27.13
146,2024-06-30,24.52
146,2024-07-09,23.66
146,2024-07-24,60.73
146,2024-08-24,34.98
146,2024-11-10,19.78
146,2024-12-24,9.1
146,2024-12-28,58.35
146,2025-04-03,22.39
146,2025-04-12,38.09
146,2025-05-07,27.35
146,2025-05-28,56.26
146,2025-08-04,18.41
146,2025-09-02,25.72
146,2025-10-07,22.07
146,2025-10-11,25.98
146,2025-10-22,21.71
146,2025-11-28,35.04
146,2025-12-05,28.36
147,2024-05-07,15.23
147,2024-05-13,18.65
147,2024-07-11,34.73
147,2024-08-14,39.45
147,2024-08-19,26.38
147,2024-09-07,65.09
147,2024-09-09,34.2
147,2024-09-18,38.32
147,2024-11-02,34.54
147,2024-12-13,18.51
147,2024-12-23,23.51
147,2025-01-21,28.55
147,2025-01-25,8.5
147,2025-02-07,25.88
147,2025-03-15,27.87
148,2024-03-03,51.01
148,2024-03-06,50.49
148,2024-05-23,157.18
148,2024-06-10,86.99
148,2024-07-01,45.77
148,2024-07-01,160.97
148,2024-07-20,49.25
148,2024-07-31,45.33
148,2024-08-19,107.79
148,2024-11-01,144.36
148,2024-11-20,217.18
148,2025-01-15,177.99
148,2025-02-07,108.44
148,2025-02-14,111.93
148,2025-02-23,99.1
148,2025-03-31,89.3
148,2025-08-07,174.18
148,2025-09-02,129.12
148,2025-09-06,247.31
148,2025-09-09,214.02
148,2025-09-09,106.9
148,2025-10-05,49.5
148,2025-10-25,233.44
148,2025-11-05,191.85
148,2025-12-14,211.04
149,2024-01-14,9.77
150,2024-05-27,7.21
150,2024-07-06,10.65
150,2024-08-03,29.03
150,2024-08-04,10.62
151,2024-06-06,30.97
151,2024-07-01,27.52
151,2024-09-03,68.85
151,2025-03-04,32.87
151,2025-03-19,27.41
151,2025-04-06,34.09
151,2025-05-08,21.8
151,2025-08-25,25.04
151,2025-09-07,30.67
151,2025-10-27,50.35
152,2024-03-26,31.63
152,2025-07-24,28.9
153,2024-01-08,20.49
153,2024-04-08,24.62
153,2024-05-30,13.69
153,2024-06-28,37.4
153,2024-07-02,15.95
153,2024-07-10,15.36
153,2024-08-04,48.32
153,2024-08-10,25.36
153,2024-08-18,21.91
153,2024-09-04,14.91
153,2024-09-05,14.62
153,2024-09-16,32.58
153,2024-10-27,31.39
153,2024-10-31,14.89
153,2024-12-13,28.87
153,2024-12-24,14.13
153,2025-01-07,13.53
153,2025-03-27,9.21
153,2025-04-29,19.86
153,2025-04-29,13.75
153,2025-05-18,15.95
153,2025-06-24,31.01
153,2025-07-29,6.39
153,2025-08-12,46.16
153,2025-10-08,29.31
153,2025-11-03,17.16
153,2025-11-28,25.08
154,2024-04-15,48.02
154,2024-06-26,36.35
155,2024-01-06,16.79
156,2024-04-12,17.48
157,2024-05-09,21.05
157,2024-05-31,32.17
158,2024-03-10,23.89
159,2024-03-30,30.02
160,2024-06-17,13.45
160,2024-06-25,18.02
160,2024-11-03,17.65
160,2025-03-12,10.36
160,2025-03-12,18.55
160,2025-06-03,16.86
160,2025-07-15,15.42
160,2025-07-18,8.49
160,2025-11-06,21.6
160,2025-12-16,9.98
161,2024-01-13,45.85
161,2024-03-12,37.35
161,2024-08-09,39.57
161,2025-01-06,19.26
161,2025-04-10,44.21
161,2025-06-09,44.36
161,2025-08-20,50.23
162,2024-05-09,79.05
162,2024-05-12,47.36
162,2024-05-15,27.83
162,2024-05-16,27.38
162,2024-05-19,132.51
163,2024-03-09,85.71
163,2024-03-13,93.24
163,2024-04-05,42.32
163,2024-04-22,47.85
163,2024-05-19,77.82
163,2024-06-22,152.4
163,2024-09-23,104.85
163,2024-11-07,35.78
163,2024-12-02,70.61
163,2024-12-23,40.85
163,2025-01-05,21.75
163,2025-01-11,43.36
163,2025-01-15,68.37
163,2025-02-27,49.4
163,2025-03-04,61.56
163,2025-04-16,58.2
163,2025-04-19,98.63
163,2025-06-25,76.06
163,2025-07-07,54.7
163,2025-07-18,58.49
163,2025-07-26,82.16
163,2025-07-28,32.34
163,2025-08-10,41.39
163,2025-09-18,30.54
163,2025-09-25,54.23
163,2025-10-11,31.88
163,2025-11-04,42.85
163,2025-12-06,46.5
163,2025-12-13,65.16
164,2024-02-17,38.12
164,2024-03-12,80.01
164,2024-03-22,22.27
164,2024-04-22,63.93
164,2024-07-05,68.79
164,2024-07-20,50.24
164,2024-12-31,28.16
164,2025-02-27,95.55
164,2025-05-29,35.34
164,2025-07-23,32.36
165,2024-03-16,13.4
165,2024-08-08,25.23
165,2024-08-10,6.57
165,2024-08-22,19.75
165,2024-09-04,32.5
165,2024-10-07,7.12
165,2024-11-18,11.41
165,2025-02-08,18.09
165,2025-03-24,10.2
165,2025-05-16,47.55
165,2025-09-01,28.32
165,2025-09-23,24.51
166,2024-06-03,30.55
166,2024-09-28,25.14
166,2025-03-14,19.25
167,2024-02-27,53.34
167,2024-03-23,72.83
167,2024-03-24,24.86
167,2024-04-30,28.3
167,2024-06-23,42.93
167,2024-07-17,49.75
167,2024-10-03,47.39
167,2024-10-04,44.41
167,2024-11-15,42.41
167,2025-03-10,79.56
167,2025-03-27,65.35
167,2025-04-08,77.71
167,2025-05-30,68.14
167,2025-09-25,54.19
167,2025-10-13,48.95
167,2025-12-04,26.4
168,2024-05-25,7.19
168,2024-08-04,27.16
168,2024-08-13,14.34
168,2025-08-17,12.5
168,2025-08-25,23.4
168,2025-08-29,29.42
169,2024-03-31,15.06
169,2024-04-03,28.16
169,2024-04-19,26.8
169,2024-05-02,24.26
169,2024-05-07,36.25
169,2024-05-10,23.16
169,2024-05-13,17.74
169,2024-05-25,32.78
169,2024-06-11,45.65
169,2024-06-30,36.56
169,2024-07-20,18.49
169,2024-09-10,19.6
169,2024-09-23,15.09
169,2025-01-10,39.78
169,2025-02-04,15.78
169,2025-02-20,23.51
169,2025-04-14,24.65
169,2025-04-22,27.11
169,2025-04-30,27.08
169,2025-05-04,37.91
169,2025-07-30,25.06
169,2025-08-13,41.41
169,2025-08-30,21.75
169,2025-09-21,36.0
169,2025-09-22,31.29
170,2024-02-25,33.03
171,2024-04-25,22.98
171,2024-04-29,54.17
171,2024-06-08,14.39
171,2024-06-22,27.17
171,2024-07-03,55.68
171,2024-07-24,28.14
171,2024-07-26,17.21
171,2024-08-30,36.94
171,2024-08-31,29.43
171,2024-09-15,79.51
171,2024-09-21,29.2
171,2024-11-02,23.92
171,2024-11-09,48.35
171,2024-11-09,54.43
171,2024-11-24,15.46
171,2024-12-24,72.45
171,2025-01-03,29.82
171,2025-01-14,36.09
171,2025-01-25,12.95
171,2025-02-26,52.8
171,2025-02-27,51.41
171,2025-04-12,48.68
171,2025-05-06,105.21
171,2025-05-11,84.09
171,2025-05-21,47.99
171,2025-06-05,44.54
171,2025-08-18,80.44
171,2025-09-02,36.28
171,2025-12-15,35.62
172,2024-03-28,10.41
172,2024-04-08,20.84
172,2024-05-18,21.7
172,2024-07-26,18.93
172,2024-08-13,20.69
172,2024-08-18,12.07
172,2025-08-18,5.93
172,2025-08-31,13.11
173,2024-05-10,40.52
173,2024-05-12,47.4
173,2024-08-15,22.66
173,2024-12-17,22.77
173,2024-12-29,51.21
173,2025-01-21,46.75
173,2025-02-05,13.15
173,2025-03-02,28.15
173,2025-04-06,46.16
173,2025-05-17,32.45
173,2025-10-08,48.48
174,2024-01-07,25.94
175,2024-03-15,45.57
175,2024-03-17,28.16
175,2024-03-29,49.67
175,2024-04-13,16.57
175,2024-04-26,26.77
175,2024-06-12,21.26
175,2024-07-13,19.27
175,2024-08-16,38.22
175,2024-09-05,33.52
175,2024-10-05,36.49
175,2024-11-16,36.77
175,2024-11-22,37.11
175,2024-12-03,21.55
175,2024-12-28,20.02
175,2025-01-12,35.37
175,2025-02-09,35.95
175,2025-03-08,50.95
175,2025-03-17,29.79
175,2025-03-23,21.64
175,2025-04-04,14.67
175,2025-04-08,39.38
175,2025-04-21,44.35
175,2025-06-09,24.28
175,2025-07-15,20.66
175,2025-08-03,34.79
175,2025-08-08,32.57
175,2025-10-08,35.34
175,2025-11-15,14.33
175,2025-11-28,30.19
175,2025-12-06,30.62
176,2024-01-16,6.1
176,2024-02-23,13.03
176,2024-02-24,7.31
176,2024-02-26,10.4
176,2024-03-21,13.63
176,2024-03-24,5.47
176,2024-05-06,13.31
176,2024-05-25,10.17
176,2024-07-11,6.98
177,2024-01-29,18.57
177,2024-02-08,28.5
177,2024-02-12,28.34
177,2024-02-19,26.37
177,2024-02-26,32.78
177,2024-03-07,10.75
177,2024-03-10,50.64
177,2024-03-12,13.94
177,2024-03-26,18.77
178,2024-01-04,20.44
178,2024-01-13,11.35
178,2024-01-28,29.21
178,2024-02-02,21.44
178,2024-02-07,28.56
179,2024-04-27,27.08
180,2024-03-03,6.46
180,2025-04-12,8.54
180,2025-12-18,20.8
181,2024-02-28,28.42
181,2024-02-29,50.47
181,2024-03-24,20.07
181,2024-04-04,23.48
181,2024-07-23,15.27
181,2024-11-26,18.96
181,2025-03-26,18.63
182,2024-02-18,9.37
182,2024-08-13,63.57
182,2025-10-23,34.54
183,2024-04-13,65.29
183,2024-04-30,33.32
183,2024-06-06,47.23
183,2024-07-06,28.67
183,2025-01-20,65.39
183,2025-04-30,50.81
183,2025-06-27,43.67
183,2025-07-04,44.76
183,2025-10-29,66.44
183,2025-11-07,42.75
183,2025-11-27,83.45
184,2024-04-26,278.83
184,2024-10-21,212.24
184,2025-04-06,205.63
185,2024-03-22,14.85
185,2024-03-26,21.56
185,2024-05-02,29.44
185,2024-05-24,39.84
185,2024-05-26,28.51
185,2024-06-05,22.54
185,2024-06-13,32.78
185,2024-06-21,34.76
185,2024-07-01,19.21
185,2024-07-02,42.35
185,2024-07-20,12.09
185,2024-07-21,26.71
185,2024-08-28,19.36
185,2024-08-30,32.57
185,2024-09-07,27.56
185,2024-09-08,20.44
185,2024-09-16,19.95
185,2024-09-21,24.2
185,2024-09-28,54.33
185,2024-11-09,24.04
185,2024-11-30,20.82
185,2024-12-06,40.32
185,2025-01-20,23.84
185,2025-06-04,17.43
185,2025-07-30,35.95
185,2025-09-21,34.71
185,2025-10-26,27.73
185,2025-12-05,44.98
186,2024-03-06,18.9
186,2024-05-25,11.54
186,2024-06-10,19.61
186,2024-08-09,7.67
186,2024-10-12,19.58
186,2024-12-05,16.23
186,2025-03-11,24.33
186,2025-05-09,21.89
186,2025-07-02,8.79
186,2025-08-03,5.65
186,2025-09-07,33.23
186,2025-09-11,13.77
186,2025-09-20,37.66
186,2025-11-30,15.86
187,2024-05-16,11.22
187,2024-06-24,31.42
188,2024-01-19,26.65
189,2024-04-24,60.17
190,2024-04-30,8.46
190,2024-07-19,6.69
190,2024-10-09,10.73
191,2024-06-27,18.88
191,2024-07-05,34.65
191,2024-07-17,30.97
191,2024-07-22,13.42
192,2024-01-28,20.49
192,2024-02-21,22.39
192,2024-05-11,23.93
192,2024-07-16,8.28
192,2024-08-31,27.21
192,2024-09-21,17.13
192,2024-11-05,18.48
192,2024-11-13,9.44
193,2024-01-08,20.33
194,2024-05-08,60.69
194,2024-06-05,93.05
194,2024-06-24,53.87
194,2024-09-07,54.79
194,2024-10-08,63.3
194,2024-12-10,56.39
194,2024-12-25,137.06
194,2025-02-09,39.86
194,2025-03-25,63.73
194,2025-05-12,60.36
195,2024-05-29,22.25
196,2024-01-07,37.58
197,2024-01-11,14.63
198,2024-05-04,68.68
199,2024-02-17,14.98
199,2024-05-13,14.78
200,2024-06-04,14.36
200,2024-07-22,11.74
200,2025-06-04,8.7
200,2025-08-07,11.31
201,2024-01-20,68.35
201,2024-01-27,54.09
201,2024-05-01,58.63
201,2024-08-22,57.13
201,2024-11-21,28.39
201,2024-12-12,75.72
201,2024-12-19,41.43
201,2025-01-06,23.37
201,2025-04-24,17.88
201,2025-10-31,27.43
201,2025-11-02,27.49
201,2025-12-26,17.84
202,2024-06-19,43.16
202,2024-08-25,24.91
203,2024-04-25,68.67
204,2024-01-26,8.8
205,2024-06-18,7.22
206,2024-06-27,16.34
206,2024-07-28,25.72
206,2024-10-26,11.48
206,2025-02-07,13.14
206,2025-05-16,19.59
206,2025-10-08,31.4
207,2024-04-10,71.02
208,2024-06-25,27.14
208,2024-07-02,25.59
209,2024-02-12,26.55
209,2024-02-17,19.57
209,2024-02-26,10.39
209,2024-03-07,11.98
209,2024-03-15,10.42
209,2024-03-20,16.43
209,2024-03-30,11.47
210,2024-01-27,10.58
211,2024-04-17,36.34
211,2024-04-23,16.04
211,2024-04-26,22.78
211,2024-05-01,27.23
211,2024-05-19,34.78
211,2024-06-28,30.97
211,2024-07-12,11.71
211,2024-08-15,30.06
211,2024-09-24,21.63
211,2024-11-07,25.67
211,2024-11-13,21.74
211,2025-08-03,21.69
211,2025-09-06,29.56
211,2025-11-21,21.94
211,2025-12-25,17.32
211,2025-12-25,18.0
212,2024-06-27,7.01
212,2024-07-27,12.8
213,2024-01-24,23.34
214,2024-03-31,31.7
214,2024-04-07,28.47
214,2024-04-27,13.98
214,2024-05-07,43.85
214,2024-07-10,31.44
214,2024-07-27,26.23
215,2024-03-28,69.0
215,2024-04-24,86.07
215,2024-05-26,37.62
215,2024-06-04,23.71
215,2024-06-16,36.68
215,2024-06-23,51.39
215,2024-07-29,113.63
215,2024-08-01,32.06
215,2024-08-17,20.67
215,2024-08-26,50.77
215,2024-09-03,39.19
215,2024-09-25,23.51
215,2024-10-11,55.91
215,2024-11-08,15.81
215,2024-11-12,83.49
215,2024-11-28,21.65
215,2024-12-10,64.36
215,2024-12-13,49.17
215,2024-12-13,29.96
215,2024-12-15,40.32
215,2024-12-15,47.89
215,2024-12-15,74.92
215,2024-12-26,54.7
215,2024-12-26,63.25
215,2025-01-14,43.56
215,2025-01-15,55.3
215,2025-02-06,63.55
215,2025-02-07,37.2
215,2025-02-28,35.52
215,2025-03-06,37.08
215,2025-03-11,65.87
215,2025-04-03,53.6
215,2025-04-26,49.23
215,2025-06-15,56.88
215,2025-06-29,53.1
215,2025-07-01,38.2
215,2025-07-03,20.03
215,2025-07-06,32.85
215,2025-07-17,31.59
215,2025-08-17,13.68
215,2025-08-27,46.97
215,2025-08-29,53.69
215,2025-08-30,65.64
215,2025-10-07,64.67
215,2025-10-25,28.82
215,2025-11-02,74.55
215,2025-11-05,45.8
215,2025-11-07,47.99
215,2025-11-09,56.29
215,2025-11-15,24.89
215,2025-12-10,33.65
215,2025-12-25,52.31
216,2024-05-12,7.22
216,2024-07-25,14.2
216,2024-10-04,4.16
216,2025-10-30,11.08
216,2025-11-14,6.56
216,2025-11-23,4.4
217,2024-01-14,13.47
218,2024-04-28,29.23
218,2024-06-08,21.3
218,2024-06-10,35.5
218,2024-06-14,16.79
218,2024-06-19,19.37
218,2024-06-29,15.44
218,2024-07-22,12.47
218,2024-08-10,33.53
218,2024-08-19,14.93
218,2024-09-07,37.41
218,2024-09-13,26.19
218,2024-10-02,18.55
218,2024-11-09,10.64
218,2024-11-10,18.39
218,2024-11-14,21.87
218,2024-12-31,42.65
218,2025-01-05,26.27
218,2025-01-20,29.5
218,2025-01-26,16.59
218,2025-02-19,14.92
218,2025-04-03,22.79
218,2025-04-09,15.22
218,2025-04-11,22.04
218,2025-04-19,21.85
218,2025-05-23,15.57
218,2025-07-25,28.48
218,2025-08-03,24.63
218,2025-08-09,17.2
218,2025-08-11,20.81
218,2025-08-21,11.09
218,2025-08-29,9.99
218,2025-09-10,22.98
218,2025-10-19,19.92
218,2025-11-07,41.1
218,2025-11-09,50.25
218,2025-11-12,21.54
218,2025-11-27,19.55
218,2025-12-09,56.91
218,2025-12-26,23.96
218,2025-12-28,34.5
219,2024-05-21,5.0
219,2024-11-12,6.85
219,2025-01-10,15.45
219,2025-03-22,18.41
219,2025-06-17,17.98
219,2025-07-24,20.6
219,2025-07-24,14.91
219,2025-07-27,8.37
219,2025-07-28,9.5
219,2025-08-03,16.82
219,2025-08-20,20.75
219,2025-10-30,9.46
220,2024-01-03,22.08
220,2024-01-26,23.12
220,2024-02-24,27.31
220,2024-04-01,11.77
221,2024-04-21,4.13
221,2024-04-30,14.86
221,2024-08-11,4.8
221,2024-12-24,9.01
221,2025-03-01,12.23
221,2025-03-03,8.08
221,2025-03-18,4.88
221,2025-09-30,7.95
221,2025-12-16,9.65
222,2024-01-21,62.34
222,2024-02-14,19.05
223,2024-02-06,25.93
224,2024-02-27,14.59
224,2024-04-08,7.7
224,2024-04-30,15.72
224,2024-07-21,12.2
224,2024-08-03,18.64
224,2024-08-09,11.69
224,2024-09-01,9.56
224,2024-09-20,13.59
224,2024-11-06,11.27
224,2025-03-02,6.04
224,2025-04-24,15.89
224,2025-06-23,15.8
224,2025-09-02,18.12
224,2025-12-20,17.69
225,2024-06-12,25.03
226,2024-04-01,18.73
226,2024-04-01,32.0
226,2024-05-02,35.62
226,2024-05-12,44.54
226,2024-05-15,15.74
226,2024-05-19,31.29
226,2024-06-02,33.21
226,2024-06-02,24.13
226,2024-06-12,29.92
226,2024-07-03,46.71
226,2024-08-08,39.25
226,2024-08-28,18.87
226,2024-09-07,7.34
226,2024-09-15,18.88
226,2024-09-16,25.65
226,2024-09-21,38.12
226,2024-09-22,24.33
226,2024-09-28,23.55
226,2024-09-28,20.74
226,2024-10-21,40.36
226,2024-11-01,16.87
226,2024-11-03,29.43
226,2024-11-07,15.22
226,2024-11-19,22.82
226,2024-12-30,21.63
226,2025-01-10,23.11
226,2025-01-31,33.91
226,2025-02-05,21.51
226,2025-02-08,43.09
226,2025-02-27,26.16
226,2025-03-13,48.22
226,2025-03-19,8.14
226,2025-03-27,21.68
226,2025-03-29,27.57
226,2025-04-12,22.26
226,2025-04-30,18.09
226,2025-05-03,17.27
226,2025-05-03,28.24
226,2025-05-13,22.25
226,2025-06-27,29.93
226,2025-07-02,25.27
226,2025-08-05,29.85
226,2025-08-17,29.92
226,2025-08-27,21.25
226,2025-09-24,30.44
226,2025-09-30,29.76
226,2025-10-09,17.39
226,2025-10-09,32.45
226,2025-10-11,19.46
226,2025-10-29,19.49
226,2025-10-31,27.54
226,2025-11-13,36.41
226,2025-11-14,24.63
226,2025-11-15,25.99
226,2025-11-21,32.71
226,2025-12-02,12.07
226,2025-12-11,32.43
226,2025-12-23,23.73
226,2025-12-28,12.11
227,2024-05-15,13.74
227,2024-05-18,31.74
228,2024-04-23,23.46
228,2024-04-25,25.28
228,2024-06-30,10.53
228,2024-07-10,24.31
228,2024-08-16,66.96
229,2024-06-20,13.76
229,2024-08-19,55.32
229,2024-09-21,23.1
229,2024-12-07,15.21
229,2025-04-05,58.08
229,2025-06-01,23.68
229,2025-06-20,16.1
230,2024-02-10,27.85
230,2024-02-17,25.12
230,2024-04-12,36.04
230,2024-05-03,18.84
230,2024-05-03,32.21
230,2024-06-07,49.47
230,2024-06-16,61.97
230,2024-07-11,37.7
230,2024-08-11,34.74
230,2024-08-28,19.82
230,2024-09-01,32.91
230,2024-12-19,43.03
230,2024-12-21,52.46
230,2024-12-26,39.84
230,2025-01-01,53.91
230,2025-03-19,46.19
230,2025-05-07,55.97
230,2025-06-06,17.84
230,2025-07-27,19.84
230,2025-07-27,40.27
230,2025-08-28,29.9
230,2025-09-11,44.24
230,2025-09-24,20.81
230,2025-11-28,44.25
231,2024-06-23,34.78
231,2024-06-30,24.24
231,2024-08-05,33.62
231,2024-08-07,53.36
231,2024-09-08,36.07
231,2024-09-25,9.41
231,2025-01-04,58.92
231,2025-01-13,72.47
232,2024-01-11,25.98
233,2024-02-01,28.48
233,2024-07-23,59.15
233,2025-06-02,17.95
234,2024-05-14,24.98
234,2024-05-27,14.5
235,2024-02-18,22.87
235,2024-04-10,35.61
235,2024-09-05,27.16
235,2024-10-11,8.85
235,2025-02-01,11.54
235,2025-03-29,18.8
236,2024-04-12,13.92
236,2024-05-17,17.17
236,2024-07-03,15.71
236,2024-07-12,8.37
236,2024-08-03,8.9
236,2024-09-30,7.31
236,2024-10-11,22.28
236,2024-10-25,18.89
236,2024-10-26,9.68
236,2024-11-17,9.43
236,2024-12-27,12.4
236,2025-01-12,8.8
236,2025-02-07,8.0
236,2025-02-28,7.29
237,2024-06-13,30.84
238,2024-06-25,39.17
238,2024-07-01,59.97
238,2024-07-06,85.73
238,2024-08-11,29.97
238,2024-08-20,42.73
238,2024-08-28,36.21
238,2024-10-15,46.25
238,2024-10-21,26.04
238,2024-11-01,40.37
238,2024-11-18,87.27
238,2024-11-25,23.01
238,2024-11-28,36.72
238,2024-12-03,50.28
238,2024-12-09,40.29
238,2024-12-14,36.58
239,2024-02-07,22.66
239,2024-02-17,19.7
239,2024-02-21,33.77
239,2024-03-08,20.32
239,2024-04-14,36.99
239,2024-04-25,34.83
240,2024-03-27,14.09
240,2025-10-22,36.19
241,2024-05-15,24.29
241,2024-08-12,22.69
242,2024-06-17,19.95
242,2024-09-30,11.9
242,2024-11-06,22.12
242,2024-11-14,7.37
242,2024-12-07,7.79
242,2025-03-23,18.25
242,2025-09-12,19.76
242,2025-12-09,7.36
242,2025-12-24,21.78
243,2024-02-27,7.13
243,2024-06-14,49.36
244,2024-04-06,63.27
244,2024-08-08,18.68
245,2024-01-07,37.01
245,2024-01-27,21.1
245,2024-01-31,23.48
245,2024-02-07,18.92
245,2024-02-18,33.57
245,2024-02-25,29.12
245,2024-05-05,36.6
245,2024-05-22,55.98
245,2024-06-07,23.61
245,2024-06-07,8.83
245,2024-06-16,34.58
245,2024-06-25,11.67
245,2024-08-01,14.95
245,2024-08-01,19.33
245,2024-08-02,51.05
245,2024-08-10,17.38
245,2024-09-05,15.48
245,2024-09-11,27.08
245,2024-10-13,43.91
245,2024-10-26,28.69
245,2024-11-03,37.0
245,2024-11-04,18.92
245,2024-11-05,44.55
245,2024-11-11,21.1
245,2024-11-16,23.59
245,2025-01-03,56.33
245,2025-02-09,38.17
245,2025-02-10,34.03
245,2025-02-13,21.06
245,2025-03-14,24.43
245,2025-03-14,38.67
245,2025-03-17,18.55
245,2025-03-23,33.67
245,2025-04-10,35.46
245,2025-04-19,25.77
245,2025-05-19,45.94
245,2025-06-05,22.39
245,2025-06-07,38.32
245,2025-06-19,17.49
245,2025-06-21,36.88
245,2025-06-23,48.73
245,2025-08-16,29.02
245,2025-08-21,12.24
245,2025-08-23,19.28
245,2025-08-25,41.26
245,2025-09-14,20.14
245,2025-09-28,21.64
245,2025-10-16,43.89
245,2025-11-07,26.59
245,2025-11-20,32.6
246,2024-01-18,19.13
247,2024-06-15,13.96
247,2024-10-22,17.56
247,2025-04-12,22.63
247,2025-08-25,14.54
247,2025-09-23,9.56
248,2024-02-01,30.94
248,2024-02-02,37.6
249,2024-04-21,60.58
249,2024-06-15,54.85
249,2024-06-17,23.19
249,2024-07-12,23.58
249,2024-10-07,56.75
249,2024-10-11,32.13
249,2024-12-26,43.2
249,2025-03-21,28.12
249,2025-04-07,27.55
249,2025-05-08,36.37
249,2025-08-15,38.09
250,2024-05-23,16.74
250,2024-11-25,12.04
250,2024-12-20,12.09
250,2025-01-14,24.83
250,2025-03-29,15.49
250,2025-05-09,23.36
250,2025-06-13,16.4
250,2025-10-06,17.22
250,2025-11-14,26.46
250,2025-11-21,12.94
251,2024-02-28,17.8
252,2024-01-08,45.43
252,2024-02-26,27.07
252,2024-05-13,87.3
252,2024-07-05,31.13
252,2024-07-11,18.45
252,2024-08-01,36.78
252,2024-10-30,25.58
252,2024-11-13,39.31
252,2024-12-28,23.66
252,2025-01-17,21.0
252,2025-09-30,18.73
253,2024-01-03,12.93
253,2024-01-26,18.45
254,2024-06-11,135.0
254,2024-06-27,211.14
254,2024-07-04,147.94
254,2024-07-15,105.1
255,2024-02-02,33.84
256,2024-01-18,59.73
256,2024-01-18,57.97
256,2024-01-26,46.85
256,2024-05-24,37.75
256,2025-05-19,95.02
256,2025-06-02,135.15
256,2025-06-16,77.18
256,2025-11-22,46.05
257,2024-03-03,30.06
257,2024-03-09,17.93
258,2024-06-15,16.85
259,2024-06-06,28.08
260,2024-06-17,39.56
260,2024-11-18,73.98
260,2024-11-19,76.26
260,2024-12-19,43.69
260,2025-04-11,106.63
260,2025-07-07,87.86
260,2025-09-13,30.1
261,2024-05-18,5.88
261,2024-05-23,16.11
261,2024-05-28,9.52
261,2024-06-04,9.1
261,2024-08-22,9.65
261,2024-09-10,8.61
261,2024-09-25,14.86
261,2024-11-06,7.04
261,2024-11-16,18.82
261,2024-11-26,12.7
261,2024-12-02,17.14
261,2024-12-13,14.1
261,2025-02-06,11.77
261,2025-02-08,15.49
261,2025-02-27,5.62
261,2025-03-02,13.43
261,2025-03-25,16.24
261,2025-04-17,8.41
261,2025-04-17,6.51
261,2025-04-21,9.29
261,2025-06-17,8.43
261,2025-06-19,8.42
261,2025-06-22,14.94
261,2025-06-29,9.84
261,2025-07-07,14.95
261,2025-07-14,5.31
261,2025-07-14,15.65
261,2025-08-08,8.46
261,2025-10-04,17.44
261,2025-10-10,9.66
261,2025-11-12,12.59
261,2025-11-21,11.95
261,2025-12-17,9.24
261,2025-12-24,11.27
262,2024-05-01,30.1
262,2024-06-17,39.96
263,2024-02-05,45.03
263,2024-02-15,15.94
264,2024-06-27,22.73
264,2024-07-13,35.39
264,2024-07-14,16.25
264,2024-08-09,20.97
264,2024-08-19,9.3
264,2024-08-25,31.48
264,2024-09-18,24.7
265,2024-02-22,22.08
265,2024-04-05,26.99
266,2024-01-17,30.96
267,2024-03-28,22.14
267,2024-04-03,38.63
267,2024-04-23,9.86
267,2024-04-30,17.67
267,2024-05-01,11.15
267,2024-06-06,25.13
267,2024-06-17,21.1
267,2024-06-23,20.33
267,2024-07-05,38.13
267,2024-07-09,23.03
267,2024-07-27,21.04
267,2024-08-23,25.21
267,2024-09-14,25.71
267,2024-09-21,12.38
267,2024-09-22,18.45
267,2024-10-09,22.2
267,2024-10-10,23.82
267,2024-10-12,32.34
267,2024-10-30,37.27
267,2024-12-11,10.13
267,2024-12-13,10.36
267,2024-12-24,15.69
267,2025-01-09,15.43
267,2025-01-24,24.9
267,2025-01-24,46.98
267,2025-02-10,19.05
267,2025-03-22,13.51
267,2025-04-06,29.0
267,2025-04-19,20.92
267,2025-05-14,23.3
267,2025-06-09,21.18
267,2025-06-30,14.6
267,2025-08-08,17.3
267,2025-08-14,17.91
267,2025-08-29,18.71
267,2025-09-01,25.02
267,2025-09-13,6.03
267,2025-10-15,15.81
267,2025-10-23,45.33
268,2024-05-22,22.59
269,2024-05-27,27.79
269,2024-06-07,18.69
269,2024-06-21,19.97
269,2024-07-28,48.47
269,2024-08-16,36.1
269,2024-08-28,25.24
269,2024-09-16,51.94
269,2024-09-18,38.4
269,2024-11-05,28.57
269,2024-11-21,52.48
269,2024-12-06,30.92
269,2024-12-12,35.93
269,2025-04-29,15.7
269,2025-05-03,37.04
269,2025-05-04,40.43
269,2025-05-10,17.36
269,2025-05-11,65.05
269,2025-05-18,28.09
269,2025-06-15,44.26
269,2025-07-07,57.53
269,2025-07-12,48.64
269,2025-08-06,50.86
269,2025-08-12,37.72
269,2025-08-13,58.26
269,2025-08-24,22.46
269,2025-10-12,35.01
269,2025-10-17,25.75
269,2025-10-26,40.81
269,2025-10-30,35.05
269,2025-11-01,27.94
269,2025-11-20,34.06
269,2025-12-05,21.76
269,2025-12-13,23.59
269,2025-12-23,46.92
270,2024-02-11,26.71
270,2024-02-22,21.64
270,2024-04-27,65.48
270,2024-06-10,91.42
270,2024-06-25,44.38
271,2024-03-12,18.22
271,2024-03-13,32.07
271,2024-03-20,23.58
271,2024-03-24,52.51
271,2024-04-15,27.44
271,2024-04-28,38.6
271,2024-04-29,48.84
271,2024-05-10,30.97
271,2024-05-11,33.12
271,2024-05-22,48.01
271,2024-06-27,33.52
272,2024-01-21,36.95
272,2024-03-19,9.31
272,2024-04-30,23.95
272,2024-06-13,44.66
272,2024-06-27,22.21
272,2024-08-04,11.02
272,2024-08-14,12.65
272,2024-08-15,24.2
272,2024-08-24,28.87
272,2024-12-22,30.46
272,2025-02-10,9.36
272,2025-06-18,49.67
272,2025-09-19,30.02
272,2025-11-03,34.58
272,2025-11-29,45.63
273,2024-04-02,10.03
273,2024-04-13,20.98
273,2024-04-16,16.12
273,2024-04-23,23.67
273,2024-05-17,18.22
274,2024-05-09,29.85
274,2024-06-25,18.09
274,2024-08-03,19.61
274,2024-10-04,17.47
274,2024-10-11,16.99
275,2024-03-27,16.09
275,2024-08-22,12.48
275,2024-11-11,9.71
276,2024-03-31,42.11
276,2024-07-06,18.19
276,2024-08-19,45.52
276,2024-09-06,21.81
276,2024-11-03,28.4
276,2024-12-30,28.53
276,2025-01-27,21.06
276,2025-02-03,46.71
276,2025-03-26,27.43
276,2025-04-01,16.42
277,2024-03-12,12.39
277,2024-03-21,14.89
277,2024-04-11,15.33
278,2024-03-22,15.53
278,2024-07-17,29.0
278,2024-12-23,25.67
278,2025-10-31,17.16
278,2025-11-26,15.96
278,2025-12-15,18.45
278,2025-12-27,15.51
279,2024-06-18,8.95
279,2024-11-15,3.77
279,2025-02-05,7.26
279,2025-03-23,11.03
279,2025-03-25,14.4
279,2025-05-19,6.24
279,2025-06-02,8.94
280,2024-05-10,20.05
281,2024-05-06,31.34
282,2024-03-07,47.71
282,2024-04-01,11.93
282,2024-05-07,35.14
282,2024-06-16,18.67
282,2024-06-30,14.82
282,2024-08-17,16.3
282,2024-08-28,15.75
282,2024-09-09,5.42
282,2024-09-12,22.93
282,2024-09-12,14.85
282,2024-09-17,29.61
282,2024-09-22,22.27
282,2024-10-02,18.94
282,2024-11-06,31.56
282,2024-11-26,7.01
282,2024-12-12,37.21
282,2024-12-19,16.24
282,2024-12-24,16.42
282,2025-01-15,13.71
282,2025-02-27,8.77
282,2025-03-05,14.76
282,2025-05-11,11.37
282,2025-05-14,9.88
282,2025-05-30,18.84
282,2025-05-31,32.38
282,2025-06-05,25.93
282,2025-07-27,21.45
282,2025-08-30,18.53
282,2025-09-04,19.08
282,2025-09-28,18.08
282,2025-10-08,26.01
282,2025-11-12,3.79
282,2025-11-19,14.08
283,2024-05-26,113.52
283,2024-07-14,50.32
283,2024-08-03,44.18
283,2024-08-28,44.01
283,2024-09-03,88.3
283,2024-09-23,86.72
283,2024-10-03,44.6
283,2024-12-23,48.42
284,2024-05-15,144.37
285,2024-06-16,32.01
285,2024-07-02,18.69
285,2024-09-04,22.7
286,2024-03-25,34.19
286,2024-03-26,40.83
286,2024-04-06,14.08
287,2024-04-08,29.51
287,2024-04-12,25.09
288,2024-01-13,25.22
289,2024-03-28,21.63
290,2024-03-12,90.96
290,2025-02-28,44.38
291,2024-04-22,34.33
291,2024-12-15,4.92
291,2025-06-19,8.12
292,2024-01-21,40.71
293,2024-01-02,49.3
294,2024-04-18,34.07
294,2024-05-06,63.11
294,2024-05-11,44.03
294,2024-05-18,54.08
294,2024-05-23,77.64
294,2024-05-31,54.99
294,2024-06-03,47.5
294,2024-06-22,31.17
294,2024-06-28,43.9
294,2024-07-05,85.88
294,2024-08-07,28.78
294,2024-08-19,81.65
294,2024-09-02,33.04
294,2025-02-10,29.81
294,2025-02-10,66.92
294,2025-03-20,50.97
294,2025-04-13,30.08
294,2025-04-28,61.56
295,2024-03-27,17.92
295,2024-03-28,37.97
296,2024-02-21,15.02
297,2024-05-31,29.82
297,2024-06-03,21.41
298,2024-04-27,19.84
298,2024-07-08,29.46
299,2024-04-25,16.88
299,2024-09-03,26.45
300,2024-02-25,22.96
300,2024-05-19,8.71
300,2024-09-19,25.47
300,2025-03-13,5.43
300,2025-05-21,19.46
300,2025-06-23,12.92
301,2024-04-11,19.35
301,2024-04-27,11.52
301,2024-05-27,27.7
301,2024-05-29,12.01
301,2024-07-11,10.24
301,2024-07-13,16.98
301,2024-07-24,6.76
301,2024-08-11,16.28
301,2024-09-10,11.79
301,2024-09-12,17.77
301,2024-10-14,18.86
301,2024-10-31,11.95
301,2025-02-19,12.03
301,2025-03-09,16.08
301,2025-03-25,5.53
301,2025-06-30,16.51
301,2025-10-25,17.78
301,2025-10-30,21.28
301,2025-12-28,30.82
302,2024-05-31,39.26
302,2024-09-02,33.72
303,2024-03-05,68.19
303,2025-08-14,38.52
304,2024-05-06,52.71
305,2024-02-28,19.47
306,2024-06-21,67.68
307,2024-06-03,13.65
307,2024-10-05,13.73
307,2025-03-16,18.99
308,2024-01-30,39.16
309,2024-01-24,7.74
310,2024-05-21,26.08
310,2024-06-01,19.12
310,2024-07-30,26.27
311,2024-06-22,37.93
311,2024-06-22,23.19
311,2024-07-05,20.78
311,2024-07-10,11.8
311,2024-07-10,20.71
312,2024-01-20,20.88
313,2024-01-09,33.27
313,2025-02-26,44.48
314,2024-04-29,16.69
315,2024-03-27,5.58
316,2024-03-21,26.85
316,2024-06-08,32.82
316,2024-06-23,47.31
316,2024-06-29,21.87
316,2024-06-30,10.17
316,2024-07-04,30.08
316,2024-07-12,43.02
316,2024-08-08,29.09
316,2024-10-28,19.2
316,2024-10-29,44.47
316,2024-11-16,27.14
316,2024-11-22,37.29
316,2024-12-16,53.23
316,2025-01-10,23.08
316,2025-02-24,8.31
316,2025-03-05,12.84
316,2025-03-27,46.08
316,2025-04-09,18.71
316,2025-05-09,37.31
316,2025-08-20,12.28
316,2025-09-01,28.64
316,2025-09-04,70.48
316,2025-11-23,25.06
316,2025-12-21,17.12
317,2024-03-27,42.52
317,2024-06-01,54.48
317,2024-12-07,39.59
317,2025-04-04,47.77
317,2025-07-29,53.82
318,2024-06-29,70.83
318,2024-07-11,54.17
318,2024-09-21,24.56
318,2024-11-27,65.82
319,2024-05-07,19.63
319,2024-06-08,9.0
319,2024-07-19,34.78
319,2024-08-06,27.74
319,2024-08-14,18.72
319,2024-09-30,26.98
319,2025-01-24,39.97
319,2025-04-10,26.46
319,2025-07-14,24.71
319,2025-08-06,38.05
319,2025-11-27,50.86
319,2025-12-01,38.03
319,2025-12-07,22.52
320,2024-06-27,15.62
320,2024-08-24,44.1
320,2024-08-28,20.74
320,2024-09-12,16.09
320,2024-10-05,34.53
320,2024-10-16,41.09
320,2024-11-10,24.85
320,2024-12-26,17.35
320,2024-12-31,33.49
320,2025-01-08,17.08
320,2025-01-31,24.63
320,2025-03-12,28.68
320,2025-04-04,25.55
320,2025-05-08,19.13
320,2025-05-23,11.26
320,2025-05-24,29.32
320,2025-06-06,10.63
320,2025-06-09,34.32
320,2025-08-19,24.38
320,2025-08-20,28.86
320,2025-10-27,33.24
320,2025-12-10,12.7
321,2024-01-06,14.84
321,2024-03-20,18.19
322,2024-02-01,34.88
322,2024-02-19,27.15
322,2024-02-19,15.11
322,2024-07-22,28.05
322,2024-12-23,11.34
322,2025-01-31,25.56
323,2024-05-30,58.85
323,2024-06-17,88.45
323,2024-07-24,132.66
323,2025-07-14,66.37
323,2025-08-16,57.69
323,2025-08-18,118.51
323,2025-10-10,76.3
323,2025-11-24,86.11
323,2025-11-26,35.88
323,2025-12-12,59.53
323,2025-12-27,79.19
324,2024-05-09,12.28
324,2024-06-05,9.27
324,2024-06-08,13.96
324,2024-06-12,13.55
324,2024-06-12,22.26
324,2024-06-29,12.1
324,2024-06-30,17.8
324,2024-07-08,8.64
324,2024-07-13,18.44
324,2024-07-19,36.5
324,2024-08-25,13.81
324,2024-09-07,17.97
324,2024-09-22,15.4
324,2024-09-29,16.25
324,2024-10-04,16.12
324,2024-10-22,14.71
324,2024-11-04,22.66
324,2024-11-10,10.13
324,2024-11-15,26.57
324,2024-11-19,31.12
325,2024-03-24,29.8
325,2024-07-20,39.12
325,2024-07-25,50.13
325,2024-10-28,16.85
325,2024-12-08,23.14
325,2025-02-02,32.14
325,2025-04-28,16.39
325,2025-06-27,37.82
325,2025-07-29,56.93
325,2025-10-09,28.01
325,2025-11-13,40.19
326,2024-01-27,78.25
327,2024-01-30,62.34
327,2024-02-13,27.52
327,2024-03-08,74.77
327,2024-04-08,36.94
327,2024-04-17,69.56
327,2024-06-17,29.8
327,2024-07-09,68.86
327,2024-07-13,24.27
327,2024-08-12,19.1
327,2024-08-22,47.57
327,2024-10-31,22.64
327,2025-01-18,40.85
328,2024-02-26,27.74
329,2024-03-19,21.53
329,2024-03-23,18.8
329,2024-03-31,25.9
329,2024-04-07,31.64
329,2024-05-07,31.68
330,2024-02-14,24.54
330,2024-03-06,25.57
331,2024-04-03,65.06
331,2024-05-12,30.47
331,2024-05-15,39.6
331,2024-07-01,24.9
331,2024-10-24,35.26
331,2024-11-30,18.5
331,2025-11-12,29.39
332,2024-05-18,11.33
333,2024-02-04,69.49
333,2024-03-07,70.58
333,2024-04-15,32.1
333,2024-04-22,136.47
333,2024-06-05,93.84
333,2024-08-23,52.61
333,2024-11-07,48.8
333,2024-11-09,63.99
333,2025-01-06,36.18
333,2025-01-26,95.18
333,2025-01-27,27.32
333,2025-02-12,46.13
333,2025-03-15,60.63
333,2025-04-08,15.96
334,2024-03-06,20.02
334,2024-03-10,21.37
334,2024-04-15,11.26
334,2024-04-19,7.13
334,2024-04-21,13.32
334,2024-07-29,16.39
335,2024-03-27,39.34
335,2024-05-06,26.65
335,2024-07-20,52.49
335,2024-10-05,59.07
335,2024-12-15,105.53
335,2025-02-23,96.58
336,2024-03-04,22.59
336,2024-03-10,43.12
336,2024-03-21,27.86
336,2024-05-09,19.16
336,2024-05-18,109.66
336,2024-08-15,71.61
336,2024-09-13,67.44
336,2024-10-08,67.03
336,2024-12-12,27.47
336,2025-01-26,33.05
336,2025-03-02,78.46
336,2025-03-30,52.89
336,2025-04-02,68.15
336,2025-09-05,45.2
336,2025-10-26,66.39
337,2024-01-14,46.13
338,2024-01-09,17.72
339,2024-04-05,39.98
339,2024-04-15,60.07
339,2024-04-18,41.1
339,2024-05-15,22.22
339,2024-06-15,27.01
339,2024-06-17,43.07
339,2024-06-21,23.64
339,2024-06-27,61.31
340,2024-03-26,24.27
340,2024-04-03,14.26
340,2024-09-09,27.03
340,2024-11-17,7.61
340,2024-12-07,17.67
340,2025-05-22,19.09
340,2025-09-22,17.75
340,2025-11-06,20.02
340,2025-11-09,33.13
341,2024-04-23,22.94
342,2024-02-17,87.32
342,2024-03-08,106.27
342,2024-03-27,135.9
342,2024-04-11,55.27
342,2024-05-17,66.05
342,2024-06-20,56.89
342,2024-06-21,61.8
342,2024-08-18,85.5
342,2024-09-23,63.67
343,2024-02-08,11.98
343,2024-02-25,35.03
343,2024-03-03,8.72
343,2024-03-25,18.44
343,2024-04-08,45.51
344,2024-03-06,20.41
345,2024-02-19,61.13
345,2024-05-13,68.0
346,2024-05-24,18.09
347,2024-06-14,78.24
348,2024-01-07,68.69
348,2024-01-09,56.45
348,2024-02-10,19.54
348,2024-03-08,32.07
348,2024-04-08,29.29
348,2024-04-10,55.14
348,2024-06-03,35.28
348,2024-06-15,46.9
348,2024-07-13,44.11
348,2024-07-26,68.29
348,2024-08-03,44.48
348,2024-09-16,32.18
348,2024-09-22,67.71
348,2024-11-18,22.55
348,2024-12-11,24.39
348,2024-12-18,41.27
348,2025-01-09,37.72
348,2025-03-16,61.38
348,2025-05-01,57.39
348,2025-05-21,49.29
348,2025-06-30,51.3
348,2025-08-01,53.79
348,2025-08-09,85.84
348,2025-09-19,46.22
348,2025-09-30,28.12
348,2025-10-04,36.66
348,2025-12-18,35.77
348,2025-12-20,28.63
349,2024-03-13,22.18
349,2025-03-24,11.31
349,2025-10-15,15.22
350,2024-04-23,29.42
350,2024-07-14,32.93
351,2024-02-26,27.55
351,2024-03-18,38.3
351,2024-04-15,31.46
351,2024-04-18,28.33
351,2024-04-19,18.43
351,2024-04-25,19.71
351,2024-04-29,22.56
351,2024-05-21,17.51
351,2024-06-10,24.43
351,2024-06-12,21.92
351,2024-07-20,8.38
351,2024-08-09,22.71
351,2024-09-11,38.68
351,2024-09-16,25.34
351,2024-09-30,23.38
351,2024-10-23,14.18
351,2024-11-04,31.54
351,2024-11-28,30.83
351,2024-11-30,23.69
351,2024-12-10,29.15
351,2024-12-13,32.48
351,2024-12-20,17.93
351,2025-02-27,18.6
351,2025-03-25,14.99
351,2025-04-04,30.69
351,2025-04-06,17.13
351,2025-04-14,19.32
351,2025-04-21,45.76
351,2025-04-25,48.8
351,2025-06-15,32.04
351,2025-07-22,25.78
351,2025-08-22,23.68
351,2025-08-31,42.9
351,2025-09-07,18.15
351,2025-10-23,17.07
351,2025-10-28,18.78
351,2025-12-24,39.55
352,2024-06-29,56.29
353,2024-04-16,18.03
353,2024-04-23,22.29
353,2024-05-21,42.18
354,2024-03-01,16.62
355,2024-01-21,13.34
355,2024-01-30,15.4
355,2024-03-20,24.87
355,2024-04-10,27.94
355,2024-04-12,4.77
355,2024-05-04,24.49
356,2024-03-24,15.75
356,2024-06-11,4.48
356,2024-09-06,35.95
356,2025-03-17,11.6
356,2025-04-13,15.48
356,2025-09-26,16.3
356,2025-11-01,9.54
356,2025-11-25,20.16
356,2025-12-08,15.24
357,2024-02-07,16.79
358,2024-06-28,120.18
358,2024-07-02,64.13
358,2025-07-20,48.42
359,2024-06-22,9.77
359,2024-08-22,13.82
359,2024-10-02,16.64
359,2024-10-11,12.38
359,2024-10-18,27.51
359,2024-12-12,31.54
359,2024-12-24,8.2
359,2025-02-04,38.73
359,2025-05-27,26.72
359,2025-06-26,15.93
359,2025-06-28,11.5
359,2025-08-19,16.66
359,2025-09-23,28.76
359,2025-11-04,17.98
360,2024-04-23,13.27
361,2024-03-18,24.04
361,2024-03-21,15.44
361,2024-05-06,42.22
361,2024-06-12,59.65
361,2024-06-30,41.98
361,2024-06-30,52.61
361,2024-07-26,13.98
361,2024-08-30,59.83
361,2024-09-12,16.24
361,2024-10-19,14.98
361,2024-11-18,24.72
361,2024-12-10,44.96
361,2025-01-02,36.55
361,2025-02-19,28.3
361,2025-03-27,28.86
361,2025-04-27,33.37
361,2025-06-06,40.66
361,2025-07-14,19.97
361,2025-08-25,40.89
361,2025-08-28,27.87
361,2025-09-11,24.36
361,2025-11-20,40.94
361,2025-12-05,18.17
362,2024-06-21,28.35
362,2024-07-27,30.31
362,2025-03-02,21.11
362,2025-04-07,13.66
362,2025-06-24,28.43
363,2024-05-20,18.8
363,2024-06-28,32.77
363,2024-10-25,24.61
363,2025-03-06,21.61
363,2025-06-24,29.86
363,2025-08-29,44.63
363,2025-10-10,26.25
363,2025-11-07,36.09
364,2024-02-01,24.17
365,2024-01-05,41.08
365,2024-01-11,32.75
365,2024-01-17,52.4
365,2024-04-12,50.23
365,2024-05-14,45.66
365,2024-06-21,47.41
365,2024-07-12,46.04
365,2024-07-25,45.27
365,2024-07-31,32.69
365,2024-09-14,30.41
365,2024-09-24,33.21
365,2024-12-11,70.13
365,2024-12-27,40.29
365,2025-01-11,17.92
365,2025-01-28,39.47
365,2025-03-12,30.69
365,2025-03-18,38.79
365,2025-03-26,27.13
365,2025-03-28,28.36
365,2025-04-05,30.62
365,2025-04-20,39.33
365,2025-05-05,43.82
365,2025-06-05,51.85
365,2025-07-18,12.61
365,2025-09-11,32.66
365,2025-10-14,35.12
365,2025-10-22,60.5
365,2025-10-23,19.79
365,2025-11-16,50.51
365,2025-11-28,29.92
365,2025-12-11,40.4
366,2024-03-04,14.24
366,2024-03-21,43.3
366,2024-05-29,12.58
366,2024-08-03,10.49
366,2024-10-18,23.5
366,2024-11-16,17.61
366,2025-02-25,14.06
366,2025-03-02,25.95
366,2025-03-29,29.93
366,2025-05-19,30.56
366,2025-06-03,15.45
366,2025-06-19,47.53
366,2025-07-26,9.18
366,2025-09-07,23.65
366,2025-12-12,14.43
366,2025-12-16,7.58
367,2024-02-22,41.14
367,2024-03-04,16.53
367,2024-03-16,28.66
367,2024-05-26,28.34
367,2024-07-14,43.65
367,2024-07-28,42.36
367,2024-08-17,25.86
368,2024-03-19,18.78
368,2024-03-25,21.75
368,2024-04-03,16.48
368,2024-05-22,9.66
368,2024-06-04,20.46
368,2024-06-26,24.29
368,2024-07-26,10.89
369,2024-02-18,27.6
369,2024-02-24,70.46
369,2024-03-19,53.91
369,2024-03-27,52.87
369,2024-03-31,32.34
369,2024-04-02,39.22
369,2024-04-16,63.76
369,2024-04-21,34.04
369,2024-04-23,64.66
369,2024-05-12,30.9
369,2024-06-05,91.59
369,2024-06-19,50.21
369,2024-07-23,59.36
369,2024-07-27,21.48
369,2024-07-31,34.14
369,2024-08-07,50.6
369,2024-08-21,46.21
369,2024-09-14,43.46
369,2024-09-17,88.13
369,2024-10-12,45.9
369,2024-11-29,35.33
369,2024-12-09,42.84
369,2024-12-13,56.79
369,2024-12-20,90.75
369,2025-01-06,93.15
369,2025-02-20,69.51
369,2025-03-01,39.97
369,2025-03-04,28.77
369,2025-03-11,37.78
369,2025-03-28,25.62
369,2025-04-04,62.31
369,2025-04-06,31.97
369,2025-04-20,30.89
369,2025-05-02,78.18
369,2025-05-12,65.56
369,2025-05-27,46.11
369,2025-05-27,46.99
369,2025-05-30,90.53
369,2025-06-04,34.23
369,2025-06-05,63.02
369,2025-06-07,46.17
369,2025-07-01,22.38
369,2025-07-18,74.78
369,2025-08-03,39.14
369,2025-08-13,46.92
369,2025-09-05,85.86
369,2025-09-28,44.98
369,2025-10-02,59.51
369,2025-10-05,42.22
370,2024-01-31,90.28
370,2024-03-16,37.56
371,2024-01-29,29.49
372,2024-05-22,12.06
373,2024-01-24,58.03
374,2024-01-29,16.71
374,2024-03-11,8.88
374,2024-04-22,16.79
374,2024-09-12,8.92
374,2024-12-06,19.65
374,2024-12-14,9.42
374,2025-07-31,18.47
374,2025-08-05,21.69
375,2024-03-21,15.81
375,2024-04-12,16.38
375,2024-06-04,17.24
375,2024-07-26,9.03
375,2024-08-23,20.23
375,2024-09-23,9.61
375,2024-10-11,12.56
375,2024-12-17,13.38
375,2025-01-19,22.08
375,2025-01-24,45.78
375,2025-02-07,23.23
375,2025-02-13,10.23
375,2025-03-28,10.84
376,2024-03-09,19.62
377,2024-05-21,32.48
377,2024-06-14,17.29
377,2024-06-15,46.65
377,2024-06-17,35.71
377,2024-06-22,14.8
377,2024-07-30,24.26
377,2024-08-17,59.1
377,2024-10-25,14.54
377,2024-12-05,63.28
377,2024-12-10,48.36
377,2025-02-05,33.43
377,2025-04-13,43.98
377,2025-05-15,23.52
377,2025-07-14,46.25
377,2025-07-23,45.95
377,2025-07-25,70.82
377,2025-09-08,35.36
377,2025-10-07,41.68
377,2025-10-08,37.98
377,2025-10-20,52.1
377,2025-10-28,47.83
377,2025-10-30,30.88
377,2025-12-16,29.57
378,2024-02-04,22.41
378,2024-02-20,50.02
379,2024-02-28,19.88
379,2024-06-02,25.95
379,2024-12-04,8.85
379,2025-05-03,30.9
379,2025-10-12,20.13
379,2025-11-03,26.24
380,2024-02-09,19.96
380,2024-04-13,25.03
380,2024-04-16,17.35
380,2024-04-27,28.57
380,2024-05-23,22.08
380,2024-06-07,22.11
380,2024-07-06,27.76
380,2024-07-28,43.05
380,2024-07-29,36.49
380,2024-08-03,23.86
380,2024-08-04,30.86
380,2024-08-26,15.12
380,2024-08-29,30.1
380,2024-09-04,24.13
380,2024-09-04,20.36
380,2024-09-11,31.26
380,2024-09-16,22.47
380,2024-09-24,27.47
380,2024-09-25,8.39
380,2024-12-01,38.08
380,2024-12-04,26.23
380,2024-12-16,23.47
380,2024-12-24,18.51
380,2025-01-21,7.33
380,2025-01-21,18.98
380,2025-04-02,24.74
380,2025-04-22,15.65
380,2025-05-22,29.28
380,2025-06-17,9.77
380,2025-07-01,20.53
380,2025-07-01,40.03
380,2025-07-06,37.82
380,2025-08-02,9.41
380,2025-09-05,18.61
380,2025-09-10,11.84
380,2025-09-11,14.65
380,2025-09-14,24.23
380,2025-09-25,26.13
380,2025-09-30,13.21
380,2025-10-25,28.55
380,2025-10-29,32.87
380,2025-11-07,21.72
380,2025-11-13,9.06
380,2025-11-23,12.99
380,2025-12-01,27.36
381,2024-01-30,21.25
381,2024-02-02,7.93
381,2024-03-13,4.68
381,2024-06-10,14.46
381,2024-11-06,3.1
381,2025-04-11,28.9
381,2025-04-26,9.74
381,2025-05-16,9.73
381,2025-07-23,9.54
381,2025-08-10,13.33
382,2024-01-03,26.28
382,2024-01-12,28.02
382,2024-01-23,19.81
382,2024-02-05,42.51
382,2024-02-08,46.86
382,2024-02-22,18.79
382,2024-03-03,26.71
382,2024-03-05,30.17
382,2024-03-16,49.93
382,2024-03-26,47.25
382,2024-05-28,19.14
382,2024-06-13,36.99
382,2024-06-24,27.16
382,2024-08-02,22.81
382,2024-08-06,25.79
382,2024-09-09,53.24
383,2024-05-27,14.71
383,2024-06-04,18.78
384,2024-06-25,23.23
385,2024-02-14,36.98
385,2024-02-21,80.65
385,2024-02-28,80.74
385,2024-03-17,46.79
385,2024-03-22,52.41
385,2024-05-11,45.25
386,2024-05-04,299.06
387,2024-06-08,56.57
387,2024-06-15,30.37
387,2024-07-21,17.8
387,2024-09-06,31.08
387,2025-03-20,44.01
387,2025-03-24,24.15
388,2024-01-13,49.26
389,2024-06-10,9.23
389,2024-08-12,12.63
389,2024-09-09,8.5
389,2024-09-29,11.51
389,2024-12-10,21.46
389,2025-01-17,13.57
389,2025-01-27,7.32
389,2025-06-27,7.53
389,2025-06-27,6.84
389,2025-07-10,14.0
390,2024-06-12,32.22
391,2024-03-18,19.75
391,2024-03-23,29.89
391,2024-05-25,37.9
391,2024-07-06,17.33
391,2024-11-10,32.49
391,2024-12-24,13.19
391,2025-05-03,39.46
391,2025-11-01,31.59
391,2025-11-12,34.94
392,2024-03-15,24.27
392,2024-08-13,31.43
392,2024-09-04,72.84
392,2024-09-28,26.6
392,2024-12-11,31.08
392,2025-04-07,24.01
392,2025-05-14,13.32
392,2025-06-15,14.21
392,2025-07-05,24.24
392,2025-08-04,43.62
392,2025-09-03,42.24
392,2025-09-21,46.49
392,2025-10-09,56.91
392,2025-10-26,12.67
392,2025-11-04,47.87
393,2024-01-26,42.4
393,2025-06-26,51.51
394,2024-04-06,30.46
395,2024-01-03,35.45
395,2024-01-22,25.53
396,2024-06-27,6.56
396,2024-08-06,14.49
396,2024-08-15,9.05
396,2024-09-22,10.54
396,2024-10-06,12.21
396,2024-10-27,21.82
396,2024-10-31,5.18
396,2024-11-26,4.82
396,2024-12-03,11.04
396,2025-01-03,16.07
396,2025-03-15,11.8
396,2025-03-28,12.98
396,2025-05-11,9.91
396,2025-05-28,6.95
396,2025-07-05,14.57
396,2025-07-16,24.52
396,2025-10-09,9.47
397,2024-01-02,46.34
397,2024-04-24,40.75
397,2024-06-19,23.99
397,2024-07-05,17.5
397,2024-07-11,42.52
397,2025-07-28,25.12
398,2024-01-02,9.85
398,2024-04-08,30.15
398,2024-10-05,30.29
398,2024-10-20,22.92
398,2024-10-23,8.43
399,2024-04-07,7.52
399,2024-04-18,20.22
399,2024-04-23,13.41
399,2024-04-29,24.11
399,2024-05-07,13.4
399,2024-05-21,19.36
399,2024-06-02,19.89
399,2024-06-10,14.65
399,2024-06-18,21.27
399,2024-06-20,17.47
399,2024-06-25,14.71
399,2024-07-01,12.39
399,2024-07-04,9.0
399,2024-07-05,25.67
399,2024-07-07,31.45
399,2024-07-09,17.92
399,2024-07-23,31.44
399,2024-07-31,26.88
399,2024-08-15,23.75
399,2024-08-17,12.27
399,2024-08-22,25.89
399,2024-08-29,13.08
399,2024-08-29,12.67
399,2024-09-03,26.49
399,2024-09-06,29.86
399,2024-09-07,33.78
399,2024-09-13,20.55
399,2024-09-17,31.61
399,2024-09-24,30.88
399,2024-10-01,17.6
399,2024-10-06,18.05
399,2024-11-01,14.49
399,2024-11-03,26.78
399,2024-12-08,27.55
399,2024-12-08,11.59
399,2025-01-10,17.25
399,2025-01-13,13.26
399,2025-01-14,16.44
399,2025-01-15,13.48
399,2025-01-19,14.71
399,2025-02-01,18.7
399,2025-02-03,23.73
399,2025-03-03,18.53
399,2025-03-06,11.96
399,2025-05-03,10.79
399,2025-05-18,21.56
399,2025-05-27,35.32
399,2025-06-08,25.38
399,2025-06-23,11.44
399,2025-07-01,9.91
399,2025-07-08,18.2
399,2025-07-08,10.93
399,2025-07-15,19.08
399,2025-07-17,29.54
399,2025-07-23,20.38
399,2025-08-03,25.92
399,2025-08-14,28.22
399,2025-08-23,19.37
399,2025-08-25,17.63
399,2025-09-26,13.68
399,2025-09-28,15.2
399,2025-10-11,19.54
399,2025-10-12,12.81
399,2025-11-11,17.09
399,2025-11-14,14.15
399,2025-11-15,19.22
399,2025-11-25,13.19
399,2025-11-30,24.47
399,2025-12-03,31.05
399,2025-12-25,7.21
400,2024-03-16,14.49
400,2024-03-25,33.93
400,2024-05-01,23.96
400,2024-07-29,9.71
400,2024-10-06,20.18
400,2024-10-27,7.2
400,2024-11-06,14.39
400,2024-11-26,11.48
400,2025-04-29,15.96
400,2025-05-28,18.18
400,2025-06-28,26.01
400,2025-07-12,12.7
400,2025-08-05,12.92
400,2025-09-16,26.16
400,2025-09-22,31.53
400,2025-10-12,23.51
400,2025-11-05,7.31
401,2024-04-14,23.29
401,2024-04-25,35.8
401,2024-05-04,21.35
401,2024-06-18,11.67
401,2024-07-24,25.45
401,2024-08-07,10.26
401,2024-09-10,17.37
401,2024-10-31,20.04
401,2025-01-29,22.55
401,2025-01-30,20.61
401,2025-02-23,41.81
401,2025-03-16,23.63
401,2025-04-02,19.03
401,2025-04-08,22.37
402,2024-01-30,8.43
402,2024-02-07,39.29
402,2024-02-16,11.73
402,2024-03-09,9.91
402,2024-03-10,16.61
402,2024-03-22,20.7
402,2024-03-22,19.92
402,2024-03-23,26.86
402,2024-03-28,19.53
402,2024-04-06,17.32
402,2024-04-10,21.92
402,2024-04-13,15.56
402,2024-04-26,15.65
402,2024-04-27,22.27
402,2024-04-28,20.14
402,2024-05-02,20.48
402,2024-05-13,14.8
402,2024-05-15,12.34
402,2024-05-15,21.3
402,2024-05-21,16.2
402,2024-05-22,15.62
402,2024-05-24,26.44
402,2024-05-24,6.02
402,2024-05-30,10.23
402,2024-06-02,11.19
402,2024-06-03,27.1
402,2024-06-04,25.12
402,2024-06-07,20.65
402,2024-06-10,22.54
402,2024-06-24,17.6
402,2024-07-01,20.31
402,2024-07-08,8.28
402,2024-07-17,13.16
402,2024-07-29,14.56
402,2024-07-29,27.93
402,2024-07-29,18.0
402,2024-07-30,10.83
402,2024-08-07,17.29
402,2024-08-16,18.11
402,2024-08-18,23.38
402,2024-08-22,26.16
402,2024-09-11,20.29
402,2024-09-12,19.46
402,2024-09-12,13.56
402,2024-09-18,40.2
402,2024-11-12,13.85
402,2024-11-13,22.55
402,2024-11-17,15.0
402,2024-11-25,9.47
402,2024-11-29,15.54
402,2024-12-06,16.95
402,2025-01-02,14.55
402,2025-01-06,30.32
402,2025-01-12,28.23
402,2025-01-29,25.15
402,2025-01-31,19.98
402,2025-02-14,28.23
402,2025-02-20,14.1
402,2025-02-20,14.21
402,2025-03-05,16.59
402,2025-03-08,16.98
402,2025-03-10,17.24
402,2025-03-21,18.6
402,2025-03-23,17.22
402,2025-03-25,34.11
402,2025-03-25,20.05
402,2025-03-25,16.65
402,2025-04-06,20.53
402,2025-04-06,25.7
402,2025-04-13,12.76
402,2025-04-17,21.03
402,2025-04-19,26.54
402,2025-04-20,30.19
402,2025-04-22,18.5
402,2025-04-24,27.48
402,2025-04-30,17.6
402,2025-05-08,24.27
402,2025-05-12,26.89
402,2025-05-24,12.56
402,2025-05-25,17.18
402,2025-06-17,12.33
402,2025-07-01,18.7
402,2025-07-05,29.23
402,2025-07-06,15.34
402,2025-07-08,4.75
402,2025-07-14,32.39
402,2025-07-22,12.1
402,2025-07-23,13.67
402,2025-07-24,26.55
402,2025-07-25,11.19
402,2025-07-28,10.88
402,2025-07-30,11.55
402,2025-08-06,24.0
402,2025-08-08,15.75
402,2025-08-12,20.54
402,2025-08-17,14.58
402,2025-08-17,15.51
402,2025-08-21,9.35
402,2025-08-23,15.12
402,2025-08-30,18.67
402,2025-09-01,15.83
402,2025-09-08,26.3
402,2025-09-09,29.03
402,2025-09-26,18.02
402,2025-09-29,21.14
402,2025-10-01,14.18
402,2025-10-04,13.91
402,2025-10-05,22.44
402,2025-10-08,8.97
402,2025-10-09,10.01
402,2025-10-13,15.18
402,2025-10-17,18.0
402,2025-10-25,38.69
402,2025-11-02,27.65
402,2025-11-03,26.6
402,2025-11-07,23.51
402,2025-11-20,20.93
402,2025-11-21,21.36
402,2025-11-27,29.33
402,2025-11-30,26.81
402,2025-12-01,13.45
402,2025-12-04,30.41
402,2025-12-08,6.6
403,2024-03-22,61.23
403,2024-08-03,68.37
403,2024-10-15,61.62
403,2024-10-26,70.58
403,2024-11-05,36.26
403,2025-01-18,84.19
403,2025-02-24,68.82
403,2025-04-09,46.68
403,2025-04-28,37.6
403,2025-06-05,62.62
403,2025-07-04,73.45
404,2024-06-29,22.08
404,2024-08-06,29.85
404,2024-09-19,31.5
404,2024-10-08,20.52
404,2024-10-21,29.21
404,2024-12-08,25.76
404,2025-01-20,15.14
404,2025-03-11,17.08
404,2025-04-12,11.1
404,2025-05-18,36.58
405,2024-03-03,39.09
405,2024-03-18,30.58
405,2024-03-20,35.1
405,2024-04-26,33.63
405,2024-05-12,54.76
405,2024-08-16,41.87
405,2024-08-26,51.55
405,2024-12-19,35.96
405,2025-01-02,34.36
405,2025-03-06,40.54
405,2025-03-08,27.49
405,2025-04-12,9.0
405,2025-05-02,11.39
405,2025-08-26,24.4
405,2025-09-08,50.23
405,2025-11-06,59.26
406,2024-05-26,25.5
406,2024-05-29,18.85
406,2024-06-21,16.96
407,2024-06-26,33.18
408,2024-04-22,64.56
408,2024-05-02,39.76
409,2024-03-23,19.85
410,2024-05-01,15.43
410,2024-05-03,30.78
410,2024-06-02,30.94
411,2024-04-15,36.4
411,2024-04-25,16.89
412,2024-05-29,9.99
412,2024-06-02,27.96
412,2024-07-17,38.91
412,2024-07-19,25.84
412,2024-07-30,37.79
412,2024-08-13,37.59
412,2024-08-15,51.71
412,2024-09-02,29.75
413,2024-03-03,28.84
414,2024-02-20,27.53
415,2024-03-12,65.64
416,2024-02-05,158.69
416,2024-02-09,21.57
416,2024-02-11,163.6
416,2024-02-18,120.1
417,2024-03-06,11.43
418,2024-04-29,10.34
418,2024-05-19,16.79
418,2024-06-11,6.65
418,2024-07-07,12.94
418,2024-07-18,13.07
418,2024-09-10,10.0
418,2024-09-27,12.19
418,2024-09-30,5.99
418,2024-10-15,7.91
418,2024-10-27,7.04
418,2024-11-22,15.27
418,2024-12-25,5.11
418,2024-12-30,6.43
418,2025-01-05,18.61
418,2025-01-13,9.1
418,2025-03-29,8.09
418,2025-04-14,8.39
418,2025-05-09,15.11
418,2025-05-19,11.85
418,2025-06-01,14.95
418,2025-06-18,8.83
418,2025-06-20,12.24
418,2025-07-01,11.67
418,2025-07-03,7.21
418,2025-07-25,17.93
418,2025-08-15,8.26
418,2025-08-23,18.83
418,2025-09-16,10.39
418,2025-10-19,17.3
418,2025-10-23,7.77
418,2025-12-07,9.6
419,2024-05-09,49.24
420,2024-02-08,96.11
421,2024-03-20,17.6
422,2024-06-20,42.22
423,2024-03-15,21.42
424,2024-02-18,52.68
424,2024-02-20,25.54
424,2024-04-13,32.55
424,2024-05-19,62.94
424,2024-05-31,22.55
424,2024-06-08,21.3
424,2024-10-04,11.4
425,2024-06-23,15.8
426,2024-04-11,41.85
426,2024-05-06,55.03
426,2024-06-02,77.83
426,2024-06-08,76.4
427,2024-05-06,39.01
428,2024-05-25,15.48
428,2024-06-27,23.79
428,2024-08-29,22.85
428,2024-12-21,22.25
428,2025-02-26,12.44
428,2025-07-18,42.62
429,2024-04-10,12.96
429,2024-04-15,31.76
430,2024-04-26,24.71
431,2024-05-03,36.99
431,2024-06-20,31.86
432,2024-01-01,62.24
432,2024-01-22,30.9
433,2024-02-05,25.94
433,2025-04-12,3.52
434,2024-03-05,80.66
435,2024-04-30,49.11
435,2024-06-06,40.79
435,2024-09-17,46.16
435,2024-11-12,64.55
435,2024-11-20,64.34
435,2025-02-04,16.75
435,2025-02-22,42.85
435,2025-03-02,49.93
435,2025-03-28,83.85
435,2025-05-22,39.56
435,2025-07-17,44.48
435,2025-10-04,24.83
436,2024-01-28,34.47
436,2024-09-21,43.51
437,2024-06-14,41.31
437,2024-08-30,56.06
437,2024-09-01,22.46
437,2025-02-17,33.11
437,2025-02-27,16.32
438,2024-01-15,9.51
439,2024-01-26,39.23
439,2024-03-14,38.03
439,2024-03-22,17.23
439,2024-09-16,48.32
440,2024-05-03,137.51
441,2024-01-26,8.78
441,2024-02-12,21.84
441,2024-02-16,25.39
441,2024-02-20,8.59
441,2024-03-03,17.52
441,2024-03-04,6.97
441,2024-03-17,2.07
441,2024-03-20,14.41
441,2024-04-07,24.74
441,2024-04-25,9.36
441,2024-04-29,17.54
441,2024-05-01,12.83
441,2024-05-07,19.1
441,2024-05-12,34.63
441,2024-05-12,17.41
441,2024-05-25,29.43
441,2024-06-06,9.24
441,2024-07-03,24.07
441,2024-07-08,22.91
441,2024-07-12,8.84
441,2024-07-17,14.01
441,2024-07-19,18.14
441,2024-07-26,21.26
441,2024-07-29,17.1
441,2024-08-03,12.82
441,2024-08-05,15.33
441,2024-08-09,23.56
441,2024-08-09,13.13
441,2024-08-16,16.0
441,2024-08-17,12.87
441,2024-08-23,14.15
441,2024-08-24,18.4
441,2024-09-14,16.28
441,2024-09-17,22.35
441,2024-10-29,32.67
441,2024-11-04,14.2
441,2024-11-07,17.91
441,2024-12-01,12.79
441,2024-12-20,9.27
441,2024-12-31,22.84
441,2025-01-02,25.08
441,2025-01-06,39.27
441,2025-01-16,21.56
441,2025-01-21,24.83
441,2025-01-28,11.63
441,2025-02-02,38.28
441,2025-02-05,13.96
441,2025-03-06,27.58
441,2025-03-07,22.54
441,2025-03-22,25.2
441,2025-03-22,10.21
441,2025-03-29,20.19
441,2025-04-11,12.02
441,2025-04-23,14.1
441,2025-04-23,13.3
441,2025-04-26,25.93
441,2025-05-19,8.14
441,2025-05-24,27.35
441,2025-05-24,16.97
441,2025-05-28,27.1
441,2025-05-29,15.26
441,2025-06-10,32.46
441,2025-06-12,22.97
441,2025-06-22,11.03
441,2025-06-23,17.01
441,2025-07-01,20.37
441,2025-07-08,29.2
441,2025-07-11,16.12
441,2025-07-18,15.2
441,2025-07-24,23.76
441,2025-07-30,12.94
441,2025-08-09,20.58
441,2025-08-11,12.43
441,2025-08-16,4.55
441,2025-08-18,20.55
441,2025-08-18,14.16
441,2025-09-03,13.59
441,2025-09-04,15.14
441,2025-09-05,6.5
441,2025-09-05,20.06
442,2024-01-09,22.46
442,2024-02-14,15.42
442,2024-03-22,42.33
442,2024-06-07,26.76
442,2024-09-03,26.1
443,2024-04-03,30.16
444,2024-03-08,21.86
445,2024-04-04,18.5
446,2024-01-28,64.27
446,2024-03-20,35.73
447,2024-01-31,63.23
447,2024-02-11,68.52
447,2024-02-23,41.73
447,2024-03-21,51.49
447,2024-04-05,50.99
447,2024-05-01,35.05
447,2024-05-20,32.63
447,2024-05-22,41.72
447,2024-05-25,55.12
447,2024-06-07,42.41
447,2024-06-12,49.59
447,2024-06-15,24.51
447,2024-07-21,38.14
447,2024-08-14,43.78
447,2024-08-15,95.71
447,2024-09-01,47.25
447,2024-10-08,46.34
447,2024-10-09,47.93
447,2024-10-23,25.64
447,2024-10-25,36.99
447,2024-11-10,51.23
447,2024-11-12,45.86
447,2024-11-16,50.87
447,2024-11-24,30.6
447,2024-12-01,33.85
447,2024-12-06,43.39
447,2024-12-16,77.66
447,2024-12-17,48.92
447,2024-12-19,55.46
447,2024-12-26,94.07
447,2025-01-04,41.16
447,2025-01-08,37.76
447,2025-01-11,36.23
447,2025-01-25,105.14
447,2025-03-09,34.83
447,2025-03-12,39.74
447,2025-04-01,67.49
447,2025-04-01,39.81
447,2025-04-06,79.77
447,2025-04-29,47.07
447,2025-05-04,9.02
447,2025-05-12,48.36
447,2025-05-16,19.37
447,2025-05-21,59.6
447,2025-05-27,51.88
447,2025-06-03,55.51
447,2025-06-06,48.05
447,2025-06-27,84.72
447,2025-07-01,112.67
447,2025-07-15,46.16
447,2025-09-16,37.66
447,2025-09-25,68.04
447,2025-10-12,22.63
447,2025-10-14,41.31
447,2025-10-15,45.5
447,2025-10-15,32.21
447,2025-10-18,47.2
447,2025-10-25,29.99
447,2025-11-01,62.57
447,2025-11-09,62.69
447,2025-11-15,18.93
447,2025-12-25,69.46
448,2024-05-09,21.67
448,2024-08-04,35.53
448,2024-12-21,42.74
449,2024-04-14,69.39
449,2024-11-16,103.25
449,2025-10-26,60.19
450,2024-06-18,32.45
450,2024-09-28,13.22
450,2024-10-18,50.56
450,2025-01-26,48.17
450,2025-04-17,58.89
450,2025-04-29,67.39
450,2025-10-02,41.3
450,2025-12-12,45.88
451,2024-03-02,23.13
451,2024-03-11,14.02
451,2024-03-26,9.51
451,2024-03-27,5.6
451,2024-04-04,13.06
451,2024-04-08,13.26
451,2024-06-01,13.17
451,2024-06-25,18.05
451,2024-06-26,16.64
451,2024-07-03,34.46
452,2024-05-19,14.92
452,2024-08-07,29.82
452,2024-08-07,31.77
452,2024-08-13,13.15
452,2024-10-11,25.35
452,2024-11-07,20.18
452,2024-11-25,19.81
453,2024-04-28,13.53
453,2024-07-27,6.51
453,2024-12-09,8.52
453,2024-12-21,10.93
453,2024-12-28,16.25
453,2025-01-17,22.85
453,2025-06-05,14.38
453,2025-07-28,6.78
453,2025-08-20,14.25
453,2025-11-10,10.34
453,2025-12-19,8.5
454,2024-03-04,12.06
454,2024-04-30,8.84
454,2024-05-06,13.36
454,2024-06-18,10.61
454,2024-07-11,15.08
454,2024-07-29,10.43
454,2024-08-23,12.07
454,2024-09-19,13.33
454,2024-11-29,11.62
454,2024-12-01,13.25
454,2024-12-28,16.14
455,2024-05-12,27.04
455,2024-05-23,17.78
455,2024-06-23,13.68
455,2024-12-09,29.56
456,2024-02-21,50.19
456,2024-04-28,26.83
456,2024-05-03,25.03
456,2024-07-24,10.63
456,2025-01-18,24.35
456,2025-02-01,43.54
456,2025-05-26,15.52
456,2025-06-26,42.45
456,2025-12-11,27.21
457,2024-01-29,39.9
458,2024-06-07,68.15
458,2024-07-06,17.64
459,2024-04-18,18.27
459,2024-05-02,53.47
460,2024-06-08,30.54
460,2024-11-30,14.99
460,2025-05-03,23.29
460,2025-05-14,19.79
460,2025-07-18,10.07
461,2024-03-29,8.38
462,2024-04-17,3.91
462,2024-10-31,8.37
462,2024-11-24,8.67
462,2024-12-11,6.78
462,2025-05-19,6.59
462,2025-05-29,4.48
463,2024-02-06,20.5
463,2024-02-22,32.05
464,2024-03-30,9.58
464,2024-04-29,9.79
464,2024-04-30,19.09
464,2024-05-02,22.91
464,2024-05-18,10.02
464,2024-05-26,14.72
464,2024-06-02,16.42
464,2024-07-05,7.76
464,2024-07-14,7.4
464,2024-07-20,6.26
464,2024-07-25,10.4
464,2024-08-14,17.61
464,2024-08-27,14.94
464,2024-10-04,18.86
464,2024-10-19,19.33
464,2024-11-12,13.3
464,2024-11-23,11.69
464,2024-12-10,8.12
464,2024-12-20,9.92
464,2025-01-03,5.3
465,2024-03-26,25.39
465,2024-04-27,29.48
465,2024-05-19,28.78
465,2024-10-28,24.15
465,2025-04-09,21.75
465,2025-05-23,16.25
465,2025-08-09,38.48
465,2025-10-13,36.09
466,2024-01-15,38.42
467,2024-04-25,49.01
468,2024-01-26,9.33
468,2024-08-28,15.82
468,2025-01-16,23.29
468,2025-01-31,16.04
468,2025-03-05,18.82
468,2025-05-27,16.27
468,2025-07-08,12.85
468,2025-07-19,20.16
468,2025-09-14,20.52
468,2025-10-12,30.6
469,2024-05-19,59.13
470,2024-03-22,65.11
470,2024-04-04,25.25
470,2024-05-22,24.08
471,2024-04-28,42.16
471,2024-05-01,22.61
471,2024-05-03,23.82
471,2024-05-21,28.36
471,2024-05-23,32.24
471,2024-06-01,14.7
471,2024-06-14,34.48
471,2024-06-25,23.02
471,2024-07-09,44.19
471,2024-07-14,15.48
471,2024-07-31,19.59
471,2024-07-31,47.85
471,2024-08-08,22.47
471,2024-08-08,38.73
471,2024-08-22,23.48
471,2024-08-23,37.09
471,2024-08-26,24.57
471,2024-08-28,15.28
471,2024-08-29,13.96
471,2024-09-12,30.45
471,2024-09-13,14.44
471,2024-09-15,39.81
471,2024-09-22,31.57
471,2024-09-25,24.24
471,2024-10-01,28.74
471,2024-10-11,13.85
471,2024-10-26,16.38
471,2024-11-02,24.74
471,2024-11-07,23.23
471,2024-12-06,14.87
471,2024-12-18,20.13
471,2024-12-24,41.4
471,2024-12-30,12.82
471,2025-01-01,24.67
471,2025-01-14,15.51
471,2025-01-22,27.24
471,2025-01-28,43.39
471,2025-01-30,43.79
471,2025-02-05,31.46
471,2025-02-07,39.06
471,2025-02-25,15.74
471,2025-03-01,26.17
471,2025-03-03,19.95
471,2025-03-12,19.81
471,2025-03-14,31.7
471,2025-03-25,31.9
471,2025-04-13,38.0
471,2025-05-03,16.99
471,2025-05-12,33.05
471,2025-05-18,27.89
471,2025-05-31,21.82
471,2025-06-16,27.12
471,2025-06-27,15.94
471,2025-07-05,37.39
471,2025-07-17,24.65
471,2025-07-17,40.42
471,2025-07-22,18.31
471,2025-08-01,20.97
471,2025-08-04,47.11
471,2025-09-03,21.53
471,2025-09-11,45.7
471,2025-10-06,35.4
471,2025-10-11,32.26
471,2025-10-12,19.28
471,2025-10-18,25.46
471,2025-10-30,34.1
471,2025-11-09,24.39
471,2025-11-12,26.9
471,2025-11-27,39.49
471,2025-11-28,22.14
471,2025-12-01,47.87
471,2025-12-03,42.54
471,2025-12-03,18.45
471,2025-12-10,35.8
471,2025-12-11,26.59
471,2025-12-27,37.35
472,2024-01-02,12.75
473,2024-01-15,21.05
473,2024-06-28,21.59
473,2025-01-15,21.08
474,2024-05-06,13.37
474,2024-07-22,6.81
475,2024-01-23,21.16
475,2024-01-23,30.76
475,2024-01-31,40.13
475,2024-02-04,5.95
476,2024-01-19,35.4
477,2024-06-06,16.54
478,2024-04-22,150.99
478,2024-05-02,75.46
478,2024-05-07,36.31
478,2024-05-13,153.91
478,2024-05-14,93.48
478,2024-05-19,43.05
478,2024-05-19,77.61
478,2024-05-21,57.93
478,2024-05-26,51.68
478,2024-05-27,123.25
478,2024-05-28,37.73
478,2024-06-04,58.17
478,2024-06-20,124.55
478,2024-06-20,30.15
478,2024-07-14,81.94
479,2024-02-04,29.96
480,2024-04-20,8.88
481,2024-05-21,13.89
481,2024-06-06,19.0
481,2024-06-27,9.53
481,2024-06-29,8.79
481,2024-07-18,17.33
481,2024-07-19,10.44
481,2024-07-21,11.93
481,2024-07-24,7.62
481,2024-07-24,13.08
481,2024-07-28,10.24
481,2024-07-31,5.86
481,2024-08-04,10.52
481,2024-08-09,23.0
481,2024-08-14,15.18
481,2024-08-28,9.94
481,2024-08-31,23.87
481,2024-09-08,9.39
481,2024-09-10,13.1
481,2024-10-10,6.67
481,2024-10-14,7.97
481,2024-11-04,14.25
481,2024-11-15,16.48
481,2024-11-22,22.17
481,2024-11-30,20.78
481,2024-12-10,7.38
481,2024-12-18,12.99
481,2024-12-26,18.74
481,2025-02-05,21.93
481,2025-03-03,23.08
481,2025-03-14,17.07
481,2025-03-16,8.53
481,2025-03-20,16.14
481,2025-04-01,23.66
481,2025-04-03,31.08
481,2025-04-13,8.07
481,2025-05-20,17.08
481,2025-05-25,18.09
481,2025-05-27,20.49
481,2025-05-28,11.13
481,2025-06-06,17.53
481,2025-06-12,12.17
481,2025-07-08,15.45
481,2025-07-29,15.69
481,2025-08-10,22.04
481,2025-09-06,9.36
481,2025-09-13,20.67
481,2025-10-11,13.93
481,2025-10-15,15.06
481,2025-10-20,10.88
481,2025-10-23,25.45
481,2025-10-23,19.97
482,2024-06-24,21.05
482,2024-09-19,24.09
482,2024-09-27,19.97
483,2024-04-23,19.51
483,2024-05-09,12.41
483,2024-12-06,8.26
484,2024-03-20,6.84
485,2024-03-13,9.62
486,2024-06-12,5.92
486,2024-06-19,34.12
486,2024-08-06,17.96
486,2024-09-13,30.03
486,2024-10-12,23.75
486,2024-10-12,43.19
486,2024-10-17,20.11
486,2024-10-19,26.61
486,2024-10-21,13.09
487,2024-05-07,29.07
487,2024-05-09,23.7
488,2024-03-27,52.49
488,2024-05-29,68.06
488,2024-09-17,33.34
488,2024-10-18,37.38
488,2024-11-03,36.1
488,2024-11-11,30.39
488,2024-11-18,57.65
488,2024-11-18,49.92
488,2024-12-17,19.47
488,2025-02-28,58.37
488,2025-04-01,30.42
488,2025-04-19,56.76
488,2025-06-06,99.95
488,2025-06-11,42.69
488,2025-06-13,23.73
488,2025-06-23,56.06
488,2025-09-09,17.91
488,2025-12-15,46.69
489,2024-03-15,23.17
490,2024-03-01,18.52
490,2024-03-02,70.07
490,2024-03-08,84.99
490,2024-03-14,55.95
490,2024-03-15,79.5
490,2024-04-06,51.31
490,2024-04-12,84.03
490,2024-04-22,27.69
490,2024-05-12,68.24
490,2024-05-16,56.47
491,2024-06-14,9.22
491,2024-09-14,32.8
491,2024-10-29,33.43
491,2024-11-17,10.5
491,2025-01-04,19.68
492,2024-01-28,44.18
493,2024-01-12,22.64
494,2024-06-27,33.55
494,2024-07-06,24.95
494,2024-08-19,20.34
494,2024-09-10,24.14
494,2024-09-12,20.97
494,2024-10-07,90.75
494,2024-10-15,16.06
494,2024-12-11,34.08
494,2024-12-19,26.75
494,2024-12-30,38.59
494,2025-01-01,45.6
494,2025-03-24,40.59
494,2025-06-21,44.3
494,2025-07-08,24.45
494,2025-08-05,24.04
494,2025-09-05,29.61
494,2025-09-15,19.85
494,2025-12-26,10.83
495,2024-06-28,61.97
495,2024-06-28,21.66
495,2024-07-29,47.49
495,2024-08-23,43.94
496,2024-03-30,26.52
496,2024-08-23,17.1
497,2024-06-23,33.78
497,2024-06-30,33.68
497,2024-07-04,17.31
497,2024-07-10,27.93
497,2024-07-22,22.22
498,2024-06-06,115.35
498,2024-06-23,96.24
498,2024-07-06,66.07
498,2024-07-13,228.12
498,2024-08-03,116.96
498,2024-09-12,85.12
498,2024-10-26,76.0
498,2024-11-21,168.55
498,2024-11-27,118.21
498,2025-03-27,168.49
498,2025-04-14,44.21
498,2025-05-26,68.36
498,2025-06-17,89.16
498,2025-06-22,62.29
498,2025-09-08,87.73
498,2025-10-04,93.52
498,2025-10-07,39.85
499,2024-01-18,30.71
500,2024-03-24,35.33
500,2024-05-11,23.35
500,2024-07-08,26.9
500,2024-11-15,32.0
500,2024-11-17,33.61
500,2025-08-23,16.96
500,2025-11-18,36.8
500,2025-11-27,25.9
500,2025-12-09,26.34
501,2024-01-13,11.82
501,2024-02-18,25.95
501,2024-02-23,51.26
502,2024-06-28,22.52
502,2024-08-07,15.56
502,2024-09-07,65.98
502,2024-09-19,67.38
502,2024-10-27,39.7
502,2024-11-28,30.7
502,2024-12-06,62.7
502,2025-02-28,46.17
502,2025-05-03,40.77
502,2025-05-04,45.71
502,2025-06-25,60.61
502,2025-07-17,83.08
503,2024-06-26,27.99
503,2024-07-02,13.91
503,2024-07-08,24.42
504,2024-02-29,16.5
504,2024-05-21,9.89
504,2024-10-13,14.22
504,2025-06-09,16.56
504,2025-08-26,14.0
505,2024-04-18,3.09
505,2025-04-03,6.84
505,2025-04-17,8.53
505,2025-07-29,11.49
505,2025-10-28,14.62
506,2024-06-21,38.06
506,2024-09-11,45.62
506,2024-10-19,106.14
506,2024-12-13,59.53
506,2025-01-07,123.65
506,2025-01-27,120.57
506,2025-02-04,39.34
506,2025-03-09,150.1
506,2025-05-20,51.22
506,2025-06-29,115.08
506,2025-07-07,50.48
506,2025-08-05,106.99
506,2025-08-09,113.7
506,2025-10-07,85.84
506,2025-11-12,130.47
506,2025-11-18,92.12
506,2025-11-24,30.99
507,2024-06-07,89.21
507,2024-08-31,47.4
508,2024-02-24,82.56
509,2024-06-16,37.22
509,2024-07-10,26.24
509,2024-07-17,55.56
509,2024-07-24,53.01
509,2024-07-25,58.37
509,2024-07-31,42.15
509,2024-08-01,20.84
509,2024-08-03,37.09
509,2024-08-20,29.12
509,2024-09-11,49.43
509,2024-09-26,36.94
509,2024-09-29,35.52
509,2024-10-08,28.77
509,2024-10-15,63.61
509,2025-01-12,30.99
509,2025-01-15,65.75
509,2025-01-23,23.24
509,2025-02-12,53.77
509,2025-02-25,45.09
509,2025-04-17,24.5
509,2025-04-28,76.65
509,2025-05-22,40.46
509,2025-06-14,54.05
509,2025-06-16,10.79
509,2025-06-17,25.45
509,2025-06-29,34.88
510,2024-03-20,16.2
511,2024-06-21,103.11
511,2024-07-08,64.31
512,2024-05-10,11.89
512,2024-05-24,25.17
513,2024-06-02,37.41
514,2024-04-28,12.95
515,2024-03-28,59.22
515,2024-04-22,59.32
515,2024-04-27,55.38
516,2024-04-28,21.54
516,2024-04-29,19.71
516,2024-05-04,14.68
516,2024-05-13,18.94
516,2025-01-23,24.28
516,2025-01-30,20.57
516,2025-03-10,15.19
516,2025-04-18,29.41
516,2025-06-17,9.54
516,2025-08-26,18.22
516,2025-11-02,32.87
516,2025-11-06,30.13
516,2025-12-15,15.55
516,2025-12-24,13.66
517,2024-02-15,17.22
518,2024-01-30,13.55
519,2024-02-19,31.9
519,2024-03-21,15.54
519,2024-03-27,10.34
520,2024-01-10,29.52
520,2024-06-23,54.81
521,2024-03-11,75.32
521,2024-03-14,61.57
521,2024-04-04,22.36
522,2024-03-27,33.14
523,2024-04-29,19.11
523,2024-05-14,25.11
523,2024-05-30,36.57
523,2024-07-21,41.87
523,2024-08-12,54.38
523,2024-09-30,37.98
523,2024-11-24,36.74
523,2025-01-25,53.98
523,2025-02-26,32.3
523,2025-03-02,43.02
523,2025-06-02,52.11
523,2025-06-04,29.67
523,2025-07-29,39.88
523,2025-08-07,42.68
524,2024-01-30,12.17
524,2024-03-15,11.51
524,2024-04-23,7.32
524,2024-05-20,16.56
524,2024-07-25,16.17
524,2024-09-11,13.12
524,2024-10-18,15.1
524,2024-10-23,6.11
524,2024-11-03,9.76
524,2025-01-06,10.21
524,2025-01-27,19.3
524,2025-02-13,5.05
524,2025-02-14,7.6
524,2025-06-06,11.44
524,2025-06-29,12.11
524,2025-07-13,12.07
524,2025-08-12,8.36
524,2025-08-19,4.35
524,2025-09-10,6.39
524,2025-09-17,6.87
525,2024-06-26,18.51
526,2024-01-09,32.83
526,2024-02-22,25.25
527,2024-04-25,44.13
528,2024-06-20,14.81
528,2024-07-29,51.3
528,2024-12-15,20.27
528,2024-12-23,15.64
529,2024-03-05,22.12
529,2024-03-15,10.23
530,2024-01-19,77.76
530,2024-03-30,81.09
530,2024-05-07,81.16
530,2024-06-27,30.58
530,2024-07-01,68.1
530,2024-07-10,32.39
530,2024-07-11,39.64
530,2024-10-22,52.09
530,2024-12-22,122.93
531,2024-05-24,34.7
532,2024-02-21,32.03
533,2024-06-19,33.64
534,2024-01-11,20.15
534,2024-02-16,62.9
534,2024-04-30,85.73
534,2024-09-28,28.08
535,2024-02-18,18.95
536,2024-05-08,16.13
536,2024-06-14,20.54
536,2024-07-30,34.81
536,2024-09-10,16.18
536,2024-09-14,57.67
536,2025-01-17,30.56
536,2025-01-22,33.46
536,2025-02-27,19.27
536,2025-03-02,18.78
536,2025-03-10,32.52
536,2025-04-02,11.08
536,2025-04-23,36.03
536,2025-04-23,12.71
536,2025-06-19,15.12
536,2025-07-27,31.7
536,2025-07-27,21.2
536,2025-08-04,10.78
536,2025-08-28,29.9
536,2025-10-12,42.52
537,2024-04-02,47.95
537,2024-04-04,33.33
538,2024-03-28,30.58
538,2024-04-05,18.35
538,2024-04-05,22.95
538,2024-04-14,9.84
538,2024-09-02,16.06
538,2024-09-19,17.53
538,2024-12-09,12.84
538,2024-12-14,28.41
538,2025-01-16,23.91
538,2025-02-05,7.64
538,2025-02-07,25.7
538,2025-02-20,27.44
538,2025-02-24,33.5
538,2025-03-02,25.25
538,2025-03-25,13.81
538,2025-03-25,23.22
538,2025-03-31,7.13
538,2025-04-21,20.06
538,2025-04-21,17.2
538,2025-05-02,10.56
538,2025-05-08,10.63
538,2025-05-14,19.08
538,2025-06-12,15.32
538,2025-08-15,12.83
538,2025-08-19,27.89
538,2025-08-19,18.71
538,2025-09-06,21.63
538,2025-09-16,7.25
538,2025-09-18,18.6
538,2025-09-19,24.26
538,2025-09-24,24.59
538,2025-10-09,9.78
538,2025-10-13,15.0
538,2025-10-13,8.18
538,2025-10-18,17.53
538,2025-10-22,11.2
538,2025-10-22,12.02
538,2025-11-17,17.81
539,2024-06-10,41.75
539,2024-08-01,30.54
539,2025-04-14,29.06
540,2024-04-27,10.4
540,2024-05-09,16.51
540,2024-05-30,12.46
540,2024-06-08,17.24
540,2024-08-16,16.84
540,2024-08-18,16.91
540,2024-09-24,12.93
540,2024-09-28,26.99
540,2024-10-25,24.1
541,2024-05-17,20.67
541,2024-05-18,21.62
541,2024-06-08,10.89
541,2024-06-11,30.05
541,2025-01-12,25.99
541,2025-02-15,21.4
541,2025-05-21,20.14
541,2025-05-22,50.83
541,2025-06-13,19.16
541,2025-07-12,22.42
542,2024-04-16,11.17
542,2024-04-28,7.1
542,2024-05-19,17.7
542,2024-05-28,12.17
542,2024-06-25,8.6
542,2024-06-29,12.36
542,2024-07-15,14.84
543,2024-02-16,22.7
543,2024-04-02,50.64
543,2024-05-07,69.69
543,2024-07-13,24.67
544,2024-05-03,6.79
544,2024-05-30,9.13
544,2025-01-03,2.55
544,2025-01-06,6.96
544,2025-04-27,5.06
544,2025-07-22,8.49
544,2025-07-22,4.53
544,2025-07-25,5.33
544,2025-10-09,5.31
544,2025-10-12,2.15
544,2025-10-16,5.63
544,2025-12-22,6.88
545,2024-02-08,8.25
546,2024-01-02,11.73
546,2024-02-03,19.65
546,2024-03-24,38.05
546,2024-04-13,18.89
546,2024-05-27,23.01
546,2024-07-22,20.1
546,2024-08-07,30.78
546,2024-09-11,21.94
546,2024-09-26,14.29
546,2024-10-01,21.8
546,2024-11-16,19.65
546,2024-12-17,39.28
546,2024-12-29,18.11
546,2025-01-31,22.15
546,2025-02-08,23.86
546,2025-06-10,10.11
546,2025-06-16,17.25
546,2025-07-26,25.84
546,2025-08-08,20.04
546,2025-09-27,17.93
546,2025-09-27,18.6
546,2025-09-28,43.65
546,2025-10-08,39.01
546,2025-11-09,19.77
546,2025-11-11,14.15
546,2025-12-23,28.79
547,2024-03-17,11.86
547,2024-04-04,23.07
547,2024-06-08,21.11
547,2024-11-26,18.55
548,2024-01-23,49.53
548,2024-02-15,41.72
548,2024-04-26,27.48
548,2024-06-17,17.19
548,2024-06-24,87.0
548,2024-08-04,46.2
548,2024-08-23,75.91
548,2024-09-07,67.9
548,2024-09-22,33.31
548,2024-11-06,59.62
548,2024-11-28,42.62
548,2024-11-28,36.85
549,2024-06-26,37.68
549,2024-08-18,31.93
549,2025-03-18,27.81
550,2024-04-08,15.45
550,2025-08-14,21.75
551,2024-01-13,28.05
552,2024-05-06,23.95
552,2024-05-10,28.75
552,2024-05-30,32.02
552,2024-06-29,24.03
552,2024-07-11,24.99
552,2024-08-12,20.99
552,2024-08-25,23.63
552,2024-10-23,23.41
553,2024-04-03,53.78
553,2024-04-12,17.54
553,2024-07-23,36.46
553,2024-09-11,37.0
554,2024-06-03,17.96
555,2024-06-21,21.93
555,2024-08-06,18.08
556,2024-01-15,14.22
557,2024-05-18,20.42
557,2024-06-18,16.59
557,2024-06-21,33.27
557,2024-06-23,16.13
557,2024-10-26,22.63
557,2024-11-17,23.4
557,2025-01-12,18.66
557,2025-02-19,27.4
557,2025-02-20,20.5
557,2025-03-13,26.18
557,2025-03-31,10.15
557,2025-04-01,18.73
557,2025-04-21,14.03
557,2025-06-10,18.49
557,2025-08-13,12.36
557,2025-09-21,11.51
557,2025-11-04,27.63
558,2024-01-27,9.8
558,2024-02-06,15.48
558,2024-03-31,7.4
558,2024-04-26,17.02
558,2024-06-15,11.79
558,2024-09-04,17.34
558,2024-10-14,18.13
559,2024-05-25,30.98
559,2024-08-18,23.2
560,2024-03-24,13.9
560,2024-05-13,21.89
560,2024-06-22,6.96
560,2024-06-28,9.28
560,2024-08-13,15.73
560,2024-09-29,9.86
560,2024-12-25,13.07
560,2025-01-07,8.54
561,2024-04-12,45.07
561,2024-04-12,55.15
561,2024-04-22,31.83
561,2024-04-24,34.55
561,2024-05-15,51.43
561,2025-04-18,37.43
561,2025-04-27,45.87
561,2025-07-30,6.35
561,2025-09-26,37.17
562,2024-02-14,40.17
563,2024-01-15,8.37
563,2024-01-17,11.95
563,2024-02-17,37.07
563,2024-04-17,20.26
563,2024-04-22,17.3
563,2024-04-24,16.9
563,2024-06-03,25.78
563,2024-06-28,47.81
563,2024-07-02,35.46
563,2024-07-18,23.58
563,2024-07-21,30.34
563,2024-07-31,30.07
563,2024-08-25,20.25
563,2024-10-28,18.74
563,2024-11-02,20.47
563,2024-11-09,25.28
563,2024-12-06,40.75
563,2024-12-22,40.89
563,2024-12-24,15.95
563,2025-01-29,17.11
563,2025-02-01,23.3
563,2025-03-09,18.73
563,2025-03-19,16.59
563,2025-03-30,50.76
563,2025-04-10,16.09
563,2025-04-13,22.51
563,2025-04-21,25.5
563,2025-04-24,21.54
563,2025-08-03,26.09
563,2025-08-30,9.4
563,2025-08-31,14.19
563,2025-10-07,17.76
563,2025-10-12,27.43
563,2025-11-04,39.76
563,2025-12-24,32.45
564,2024-03-22,19.05
564,2024-03-29,15.42
564,2024-05-14,19.01
564,2024-06-17,29.36
564,2024-07-10,21.17
565,2024-06-16,16.9
566,2024-04-17,30.74
566,2024-06-01,44.91
567,2024-04-04,18.47
567,2024-04-10,19.27
567,2024-04-10,10.52
567,2024-04-19,27.67
568,2024-01-26,59.74
568,2024-08-01,75.91
568,2024-09-03,54.03
568,2024-10-01,50.35
568,2025-03-15,55.52
568,2025-09-05,48.09
568,2025-09-13,13.45
568,2025-10-13,28.97
568,2025-11-06,70.73
569,2024-01-26,39.52
569,2024-03-11,18.48
569,2024-03-26,29.12
570,2024-05-12,19.42
570,2024-05-27,36.14
570,2024-05-28,24.2
570,2024-06-27,25.22
570,2024-09-20,35.54
570,2024-09-23,21.89
570,2024-10-22,39.82
570,2024-10-30,12.51
570,2024-12-11,22.92
570,2024-12-22,15.89
570,2025-01-09,18.54
570,2025-03-21,22.2
570,2025-04-03,24.96
570,2025-04-10,25.46
570,2025-04-19,8.08
570,2025-04-25,30.81
570,2025-04-28,17.36
570,2025-05-11,30.94
570,2025-07-28,25.79
570,2025-08-04,33.27
570,2025-09-17,24.38
570,2025-09-28,8.88
570,2025-09-29,25.92
570,2025-10-07,33.78
570,2025-10-14,26.77
570,2025-10-23,10.0
570,2025-12-20,9.3
570,2025-12-20,23.69
571,2024-01-01,26.41
571,2024-01-05,29.27
571,2024-01-16,29.45
571,2024-01-22,15.41
571,2024-02-01,15.54
571,2024-02-07,15.68
571,2024-02-14,32.7
571,2024-03-07,29.57
571,2024-03-14,13.66
571,2024-03-19,12.27
572,2024-05-10,16.3
572,2024-05-27,11.06
572,2024-06-30,16.94
572,2024-08-04,13.43
572,2024-08-26,7.93
572,2024-09-02,19.32
572,2024-09-16,22.23
572,2024-10-29,17.75
572,2024-11-10,18.98
572,2024-11-18,5.19
572,2025-01-04,16.89
572,2025-01-10,11.07
572,2025-02-01,9.41
572,2025-02-24,14.43
572,2025-03-23,9.99
572,2025-05-09,14.31
572,2025-06-13,15.15
572,2025-06-26,18.29
572,2025-07-04,11.06
572,2025-07-27,7.1
572,2025-08-22,14.76
572,2025-09-27,14.02
572,2025-10-08,13.16
572,2025-11-06,22.67
573,2024-03-24,10.64
573,2024-05-17,28.91
573,2024-09-07,6.62
573,2024-10-15,17.08
573,2024-11-14,11.02
573,2025-03-15,11.33
573,2025-04-23,18.11
573,2025-06-01,9.65
573,2025-08-31,12.65
573,2025-09-29,16.43
573,2025-12-09,9.39
573,2025-12-17,11.72
573,2025-12-24,18.55
574,2024-04-04,87.74
574,2024-05-07,10.4
574,2024-06-27,19.25
574,2024-07-12,27.76
574,2024-08-10,32.76
574,2024-10-18,25.81
574,2025-06-01,36.35
575,2024-06-21,8.49
575,2024-06-29,17.34
575,2024-08-13,8.9
575,2024-10-01,11.4
575,2024-10-08,28.34
575,2024-12-19,5.85
575,2025-02-26,11.62
575,2025-04-27,11.94
575,2025-05-09,9.01
575,2025-06-10,31.58
575,2025-06-20,13.13
575,2025-08-15,12.43
576,2024-01-09,32.27
576,2024-02-20,29.89
576,2024-04-30,34.95
576,2024-07-06,64.84
576,2024-09-06,45.64
576,2024-12-16,22.12
576,2024-12-29,64.51
576,2025-02-21,45.28
576,2025-03-22,50.05
576,2025-05-07,9.14
576,2025-07-12,31.96
576,2025-09-01,47.03
576,2025-10-27,20.48
576,2025-11-28,50.47
577,2024-01-23,7.89
578,2024-01-23,37.98
578,2024-01-24,23.56
578,2024-02-23,37.75
578,2024-03-16,15.13
578,2024-04-05,17.59
578,2024-04-14,13.27
578,2024-04-19,43.85
578,2024-04-30,19.94
578,2024-05-08,35.27
578,2024-05-30,54.81
578,2024-06-02,31.45
578,2024-06-15,19.29
578,2024-06-27,37.07
578,2024-07-08,16.59
578,2024-07-22,38.19
578,2024-07-26,36.1
578,2024-08-05,19.46
578,2024-08-09,29.25
578,2024-08-10,19.45
578,2024-08-24,33.75
578,2024-10-08,50.06
578,2024-10-12,28.5
578,2024-10-21,27.38
578,2024-11-17,8.79
578,2024-12-09,44.9
578,2024-12-10,24.07
578,2024-12-29,13.91
578,2025-01-01,19.63
578,2025-01-03,6.03
578,2025-01-13,47.44
578,2025-02-25,24.94
578,2025-03-01,29.49
578,2025-03-24,34.29
578,2025-04-13,21.29
578,2025-04-18,32.88
578,2025-04-27,26.04
578,2025-05-10,24.97
578,2025-05-12,21.71
578,2025-05-19,18.17
578,2025-05-22,10.85
578,2025-05-28,15.56
578,2025-05-30,9.18
578,2025-05-31,31.87
578,2025-06-05,23.95
578,2025-06-08,29.59
578,2025-06-18,18.53
578,2025-07-04,21.5
578,2025-07-05,32.08
578,2025-07-13,12.19
578,2025-07-30,11.41
578,2025-07-30,19.52
578,2025-08-06,30.35
578,2025-09-10,19.93
578,2025-10-07,18.98
578,2025-10-21,36.85
578,2025-12-25,27.4
579,2024-04-19,12.7
579,2024-05-01,19.07
579,2024-05-30,28.04
579,2024-06-21,21.14
579,2024-07-04,15.96
579,2024-07-18,21.33
579,2024-07-31,59.38
579,2024-08-04,8.32
579,2024-08-08,21.0
579,2024-09-30,13.71
579,2024-10-03,31.79
579,2024-12-16,26.68
579,2025-01-11,24.41
579,2025-02-22,20.17
579,2025-04-16,29.01
579,2025-06-01,37.78
579,2025-07-12,24.6
579,2025-07-27,42.64
579,2025-07-31,30.97
579,2025-09-06,21.06
579,2025-10-21,16.84
579,2025-10-25,19.18
579,2025-11-02,27.32
579,2025-12-17,28.41
580,2024-03-01,17.02
580,2024-03-25,7.94
580,2024-04-03,9.53
580,2024-04-06,3.52
580,2024-04-26,5.29
580,2024-05-04,15.86
581,2024-03-18,12.65
581,2024-05-31,20.62
581,2024-10-20,13.72
581,2024-11-13,7.07
581,2024-12-16,16.37
581,2025-01-15,20.8
581,2025-07-02,16.73
581,2025-07-29,8.04
581,2025-07-29,5.17
581,2025-11-19,9.55
581,2025-12-05,6.59
582,2024-03-06,15.81
582,2024-05-05,11.53
582,2024-05-09,12.15
582,2024-05-18,19.56
582,2024-06-22,14.21
582,2024-09-20,8.55
582,2024-10-25,25.42
582,2024-11-19,29.45
582,2024-11-30,22.13
582,2024-12-09,18.18
582,2025-05-12,17.08
583,2024-02-08,7.98
583,2024-03-24,21.21
583,2024-05-20,9.13
583,2024-07-19,15.23
583,2024-08-08,23.69
584,2024-01-25,17.86
584,2024-03-17,29.09
584,2024-03-23,36.4
584,2024-05-26,43.28
584,2024-09-16,19.54
584,2024-10-11,30.1
584,2025-01-12,24.94
584,2025-04-08,25.02
584,2025-06-10,44.79
584,2025-07-18,18.2
585,2024-05-14,58.84
585,2024-06-21,33.11
585,2024-11-21,38.09
585,2025-02-03,49.31
585,2025-04-19,55.7
586,2024-02-24,30.53
587,2024-05-12,22.58
587,2024-05-13,71.36
588,2024-02-13,42.35
589,2024-06-28,13.44
590,2024-02-11,27.94
591,2024-01-22,44.37
591,2024-03-07,51.11
592,2024-06-28,82.66
592,2024-06-28,66.1
592,2024-07-05,36.62
592,2024-07-11,37.53
592,2024-08-10,61.6
592,2024-08-10,113.0
592,2024-10-15,50.39
592,2024-10-23,75.78
592,2024-11-09,37.97
592,2025-01-08,52.66
592,2025-02-12,87.3
592,2025-02-14,62.19
592,2025-02-15,30.83
592,2025-03-16,43.14
592,2025-05-07,39.31
592,2025-05-15,75.19
592,2025-06-21,41.97
592,2025-07-31,49.86
592,2025-08-08,94.33
592,2025-09-30,181.59
592,2025-11-29,74.42
593,2024-05-13,43.01
593,2024-08-25,9.09
593,2025-01-24,7.07
593,2025-02-01,29.26
593,2025-02-03,30.01
593,2025-05-26,16.47
594,2024-02-05,94.44
594,2024-04-05,267.29
594,2024-04-21,124.47
594,2024-04-23,154.95
594,2024-07-27,133.27
594,2024-09-30,99.24
594,2024-10-18,221.87
594,2024-11-03,72.94
594,2025-02-10,101.02
594,2025-04-27,81.54
595,2024-01-11,9.81
595,2024-01-24,17.41
595,2024-02-05,20.85
595,2024-02-11,13.44
595,2024-02-20,11.13
595,2024-02-22,16.2
595,2024-02-24,19.06
595,2024-03-16,25.81
595,2024-03-19,29.04
595,2024-03-20,15.18
595,2024-04-12,15.72
595,2024-05-05,15.53
595,2024-06-11,16.83
595,2024-06-24,8.15
595,2024-06-28,21.27
595,2024-07-09,15.12
595,2024-08-17,21.25
595,2024-08-18,10.99
595,2024-08-22,10.93
595,2024-08-24,18.51
595,2024-09-01,8.81
595,2024-09-02,11.51
595,2024-09-08,8.25
595,2024-09-08,14.19
595,2024-09-14,25.67
595,2024-09-16,23.25
595,2024-09-19,9.38
595,2024-09-27,12.25
595,2024-10-07,9.94
595,2024-11-07,9.38
595,2024-11-17,12.25
595,2024-12-17,9.67
595,2025-01-08,14.24
595,2025-01-13,17.2
595,2025-01-15,13.63
595,2025-01-28,22.1
595,2025-02-03,20.15
595,2025-02-23,11.54
595,2025-03-01,8.26
595,2025-03-03,17.62
595,2025-04-12,15.37
595,2025-04-15,17.81
595,2025-05-10,17.77
595,2025-05-23,34.0
595,2025-05-23,9.4
595,2025-05-25,4.18
595,2025-06-16,20.15
595,2025-06-19,19.52
595,2025-06-30,21.18
595,2025-07-01,8.2
595,2025-07-08,21.68
595,2025-07-11,17.18
595,2025-07-12,10.81
595,2025-07-31,31.15
595,2025-08-08,12.22
595,2025-08-17,10.38
595,2025-09-02,11.78
595,2025-09-20,22.18
595,2025-09-29,28.23
595,2025-10-15,16.22
595,2025-10-23,20.09
595,2025-10-31,17.9
595,2025-11-01,18.65
595,2025-11-23,8.98
595,2025-12-04,13.34
595,2025-12-06,34.98
595,2025-12-19,14.49
595,2025-12-26,10.89
595,2025-12-28,9.68
596,2024-01-30,27.19
597,2024-01-21,12.84
598,2024-04-30,31.89
598,2024-07-12,30.76
599,2024-06-18,23.58
599,2025-02-07,27.72
600,2024-05-05,7.14
601,2024-03-22,27.81
601,2024-03-25,22.93
601,2024-03-25,25.66
601,2024-03-26,18.4
601,2024-03-29,21.03
601,2024-04-05,14.01
601,2024-04-11,13.28
601,2024-05-03,19.47
601,2024-05-11,20.51
601,2024-05-23,11.2
602,2024-03-13,10.36
602,2024-03-26,6.5
602,2024-05-10,8.43
603,2024-03-02,19.25
603,2024-04-18,14.28
604,2024-01-02,66.59
604,2024-02-29,66.44
604,2024-03-15,13.93
604,2024-03-16,49.58
604,2024-03-26,29.95
604,2024-04-16,34.71
605,2024-01-03,13.05
605,2024-02-29,12.67
606,2024-04-17,28.1
606,2024-04-19,28.92
606,2024-04-26,28.97
606,2024-05-01,25.46
606,2024-05-27,11.98
606,2024-06-18,16.41
606,2024-07-01,5.88
606,2024-07-13,20.12
606,2024-08-27,35.41
606,2024-09-16,19.42
606,2024-10-25,37.94
606,2024-10-28,15.99
607,2024-04-18,8.13
607,2024-05-01,23.7
608,2024-01-02,15.09
608,2024-01-26,13.24
609,2024-06-25,42.28
609,2024-09-26,15.46
610,2024-06-29,33.33
611,2024-02-05,44.75
612,2024-01-26,12.8
613,2024-03-11,33.59
614,2024-04-23,17.53
614,2024-04-29,171.63
614,2024-06-19,72.76
614,2025-03-01,59.44
614,2025-04-30,56.26
615,2024-03-25,42.96
616,2024-01-23,7.99
616,2024-02-02,15.95
616,2024-04-07,13.3
616,2024-07-02,17.14
616,2024-07-04,6.53
616,2024-08-19,6.58
617,2024-05-21,157.06
617,2024-06-27,76.57
617,2025-01-26,50.32
617,2025-04-25,39.22
618,2024-02-04,26.59
619,2024-02-27,31.16
619,2024-03-23,26.84
619,2024-05-02,27.38
619,2024-05-14,11.26
619,2024-06-20,6.29
619,2024-06-21,30.23
619,2024-06-26,13.6
619,2024-07-21,14.46
619,2024-07-25,17.39
619,2024-08-19,21.36
619,2024-08-25,22.56
619,2024-08-27,12.22
619,2024-09-16,24.94
619,2024-09-24,25.14
620,2024-03-13,6.85
621,2024-06-23,42.89
622,2024-06-29,82.15
622,2024-06-29,121.06
622,2024-07-13,61.04
622,2024-09-22,76.02
622,2025-01-05,75.44
622,2025-03-22,172.91
623,2024-02-13,23.45
623,2024-05-14,16.0
623,2024-07-31,23.16
623,2024-08-13,35.06
623,2024-11-18,54.87
623,2024-12-06,11.7
623,2025-01-26,27.14
623,2025-02-11,36.94
623,2025-02-14,13.97
623,2025-02-18,10.09
623,2025-04-13,17.49
623,2025-04-29,46.35
623,2025-05-07,17.8
623,2025-06-16,33.73
623,2025-06-20,30.72
623,2025-07-26,25.49
623,2025-09-18,22.22
623,2025-11-18,19.57
623,2025-11-21,27.88
623,2025-11-24,35.11
624,2024-04-30,19.06
624,2024-12-24,35.81
624,2025-06-20,23.57
625,2024-04-05,19.03
625,2024-04-05,12.43
625,2024-08-01,15.02
625,2024-11-09,24.98
626,2024-01-08,43.34
626,2024-02-25,29.83
626,2024-04-13,55.16
626,2024-06-26,30.01
626,2024-10-16,33.79
626,2024-10-18,46.92
626,2024-10-28,19.15
626,2025-03-02,12.27
626,2025-05-06,61.45
626,2025-08-02,42.99
626,2025-09-07,42.37
626,2025-12-20,26.19
627,2024-05-30,22.7
627,2024-09-12,21.19
627,2024-09-25,14.61
627,2025-12-16,10.08
628,2024-04-15,64.5
629,2024-05-01,16.49
629,2024-05-25,28.93
629,2024-05-25,14.43
629,2024-06-06,12.84
629,2024-06-07,12.31
629,2024-06-19,22.43
629,2024-06-30,14.21
629,2024-07-29,19.86
629,2024-08-10,19.95
629,2024-08-21,28.16
630,2024-06-28,15.45
630,2024-08-07,4.31
630,2025-04-11,15.32
630,2025-04-14,30.32
630,2025-04-20,11.21
630,2025-04-22,5.56
630,2025-05-10,22.44
631,2024-02-18,47.22
631,2024-02-27,31.62
631,2024-11-26,37.98
632,2024-05-21,18.73
632,2024-05-25,16.11
632,2024-06-15,8.9
632,2024-08-09,28.71
632,2024-08-12,24.74
632,2024-09-09,21.63
632,2024-09-14,37.03
632,2024-09-18,20.41
632,2024-10-09,32.78
632,2024-11-05,29.01
632,2024-11-20,23.19
632,2024-11-24,20.79
632,2025-01-27,17.03
632,2025-02-18,15.55
632,2025-04-12,27.42
632,2025-04-15,12.63
632,2025-05-11,45.58
632,2025-06-01,20.62
632,2025-06-16,12.19
632,2025-07-09,17.25
632,2025-07-11,24.71
632,2025-08-06,29.96
632,2025-09-07,19.93
632,2025-09-14,7.25
632,2025-09-20,13.81
632,2025-12-15,17.12
633,2024-04-08,8.35
633,2024-09-26,8.0
633,2024-10-10,27.55
633,2024-11-11,11.12
633,2024-12-28,11.91
633,2025-02-06,8.76
633,2025-04-26,7.38
633,2025-04-27,15.16
634,2024-01-02,38.97
634,2024-04-12,65.29
634,2024-10-15,82.76
634,2024-12-30,66.3
634,2025-03-06,79.32
634,2025-04-11,42.29
634,2025-08-27,63.1
634,2025-11-07,40.36
635,2024-06-21,42.07
635,2024-07-18,40.98
635,2025-02-18,13.82
635,2025-06-17,35.68
635,2025-10-28,25.58
636,2024-05-08,12.89
636,2024-05-21,27.36
637,2024-04-21,7.93
637,2024-05-17,18.65
637,2024-06-03,17.16
637,2024-06-03,11.47
637,2024-06-22,15.67
637,2024-07-08,24.66
637,2024-08-12,21.05
638,2024-04-06,17.93
638,2024-04-07,7.94
638,2024-04-17,24.12
638,2024-08-23,7.73
638,2024-09-14,11.15
638,2024-09-26,9.14
638,2024-10-07,8.42
638,2024-12-26,5.28
638,2025-01-07,6.84
638,2025-01-14,17.38
638,2025-01-29,3.59
638,2025-02-23,2.86
638,2025-02-27,15.89
638,2025-03-28,6.79
638,2025-04-23,4.87
638,2025-04-25,10.94
638,2025-05-01,19.59
638,2025-05-25,14.37
638,2025-06-30,12.84
638,2025-08-11,9.22
638,2025-08-21,13.03
638,2025-09-14,11.93
638,2025-09-27,6.67
638,2025-11-01,22.8
639,2024-02-18,13.71
639,2024-03-26,15.89
640,2024-05-01,32.96
640,2024-06-10,18.67
640,2024-08-01,20.13
640,2024-09-01,9.49
641,2024-02-06,15.79
641,2024-02-10,20.14
641,2024-03-06,17.86
641,2024-03-26,27.81
641,2024-05-02,19.85
641,2024-12-20,37.28
641,2025-02-06,25.37
641,2025-02-09,21.77
641,2025-05-18,10.24
641,2025-05-27,44.32
641,2025-07-04,28.45
641,2025-07-11,21.83
641,2025-09-08,25.29
641,2025-12-05,16.45
642,2024-03-27,22.6
643,2024-02-02,39.22
643,2024-04-30,66.63
644,2024-03-15,23.95
645,2024-03-01,12.98
646,2024-03-02,25.03
646,2024-03-08,30.49
646,2024-03-13,38.57
646,2024-03-28,29.03
646,2024-04-20,52.82
646,2024-04-28,43.84
646,2024-04-30,39.73
646,2024-05-23,25.71
646,2024-06-24,26.42
646,2024-07-02,29.51
646,2024-07-17,37.52
647,2024-04-23,40.61
647,2024-06-10,45.11
647,2024-07-30,37.96
647,2024-08-01,27.18
647,2024-09-15,20.74
647,2024-12-20,64.14
647,2024-12-26,34.96
648,2024-02-17,21.6
648,2024-04-23,15.21
648,2024-05-04,12.56
648,2024-05-05,10.92
648,2024-06-06,31.02
648,2024-07-05,21.91
648,2024-07-07,7.89
648,2024-08-18,21.08
648,2024-09-24,13.26
648,2024-12-23,14.0
648,2024-12-27,19.93
648,2025-01-13,30.02
648,2025-02-14,23.1
648,2025-03-18,7.59
648,2025-05-08,29.34
648,2025-06-11,20.86
648,2025-06-30,24.44
648,2025-08-13,17.19
648,2025-12-24,10.21
649,2024-05-02,45.47
649,2024-06-05,28.97
649,2024-07-03,64.6
649,2024-08-18,63.83
649,2024-09-02,39.03
649,2024-12-17,30.96
649,2025-02-03,24.39
649,2025-03-04,62.74
649,2025-03-20,36.04
649,2025-06-14,34.4
649,2025-08-02,18.4
649,2025-11-10,57.02
650,2024-01-02,18.77
650,2024-05-04,16.6
650,2024-08-07,11.12
650,2024-09-01,9.92
650,2025-01-26,14.54
650,2025-12-20,7.82
651,2024-05-31,25.83
651,2024-08-22,17.44
651,2024-10-28,11.24
651,2025-01-13,24.51
651,2025-02-18,16.38
651,2025-02-28,18.35
651,2025-03-30,6.39
651,2025-03-31,13.88
651,2025-05-01,7.29
651,2025-07-12,8.04
651,2025-07-16,14.34
651,2025-11-13,9.4
651,2025-12-15,20.49
652,2024-05-08,35.21
652,2024-06-22,31.59
652,2024-07-12,27.34
652,2024-08-02,26.25
652,2024-08-05,31.99
652,2024-08-07,23.19
652,2024-08-20,23.96
652,2024-08-28,20.38
652,2024-10-29,15.83
652,2024-11-09,13.88
652,2024-11-11,35.25
652,2024-11-25,40.67
652,2024-11-27,38.48
652,2025-01-02,39.15
652,2025-02-04,46.8
652,2025-02-09,23.62
652,2025-02-26,21.71
652,2025-02-27,14.16
652,2025-02-28,17.74
652,2025-03-08,25.28
652,2025-03-20,13.65
652,2025-04-13,20.97
652,2025-05-03,33.71
652,2025-05-09,26.74
652,2025-05-16,18.53
652,2025-06-03,11.64
652,2025-06-22,21.8
652,2025-07-03,54.79
652,2025-07-08,29.28
652,2025-07-10,44.19
652,2025-07-20,16.9
652,2025-07-22,50.01
652,2025-07-31,33.34
652,2025-08-02,23.82
652,2025-08-09,48.51
652,2025-09-04,19.93
652,2025-09-28,24.88
652,2025-10-09,21.0
652,2025-10-11,29.13
652,2025-10-13,58.63
652,2025-12-02,22.77
652,2025-12-02,26.88
652,2025-12-07,18.6
653,2024-01-13,23.72
653,2024-08-05,34.74
653,2024-12-20,7.35
653,2025-04-22,25.5
654,2024-05-13,17.45
654,2024-05-22,29.8
655,2024-05-15,8.4
655,2024-09-28,20.43
656,2024-04-08,52.57
656,2024-06-30,14.42
656,2024-11-30,20.53
656,2024-12-20,15.23
656,2025-02-10,28.59
656,2025-11-20,33.3
657,2024-01-27,15.99
658,2024-01-05,50.31
659,2024-05-07,26.74
659,2024-05-09,20.92
659,2024-05-09,17.89
659,2024-06-03,59.44
659,2024-06-13,52.98
659,2024-06-16,35.16
659,2024-07-03,52.07
659,2024-07-09,32.17
659,2024-07-15,37.1
659,2024-07-18,37.44
659,2024-07-18,18.24
659,2024-07-19,19.51
659,2024-07-22,37.13
659,2024-07-23,15.43
659,2024-08-01,22.17
659,2024-08-17,36.7
659,2024-08-21,49.63
659,2024-08-22,33.3
659,2024-08-31,34.29
659,2024-10-25,14.3
659,2024-10-27,39.97
659,2024-10-28,34.24
659,2024-10-31,58.59
659,2024-11-05,26.38
659,2024-12-19,38.11
659,2024-12-23,37.37
659,2024-12-24,50.13
659,2025-01-12,37.63
659,2025-01-16,24.8
659,2025-01-25,45.42
659,2025-01-31,67.24
659,2025-02-20,19.77
659,2025-03-03,95.87
659,2025-03-09,60.73
659,2025-03-31,41.27
659,2025-04-05,32.11
659,2025-04-12,34.35
659,2025-05-05,38.8
659,2025-05-14,32.57
659,2025-06-01,46.04
659,2025-06-23,17.35
659,2025-08-18,51.46
659,2025-09-25,57.58
659,2025-10-13,15.28
659,2025-10-13,30.56
659,2025-10-19,24.65
659,2025-10-20,34.24
660,2024-05-07,58.72
661,2024-06-05,24.38
662,2024-03-02,11.02
662,2024-09-19,5.9
662,2024-11-12,6.54
662,2024-12-10,9.1
662,2024-12-26,7.93
662,2025-03-02,15.9
662,2025-05-30,7.59
662,2025-06-03,8.01
662,2025-10-19,9.44
662,2025-11-25,5.44
663,2024-03-18,149.9
663,2024-05-06,171.17
663,2024-05-15,163.6
664,2024-01-01,16.14
664,2024-01-13,21.65
664,2024-03-19,13.76
664,2024-03-28,13.17
664,2024-03-29,17.2
664,2024-10-20,9.28
664,2025-04-21,20.46
664,2025-05-16,19.21
664,2025-06-21,26.73
664,2025-07-09,52.35
664,2025-11-19,12.97
664,2025-12-23,20.18
664,2025-12-26,14.51
665,2024-04-11,36.2
665,2024-07-05,36.93
665,2024-08-04,24.12
665,2024-09-12,42.54
665,2024-11-14,59.95
665,2025-02-23,24.81
665,2025-05-29,38.94
666,2024-04-23,22.52
667,2024-06-10,21.64
667,2025-07-05,25.7
667,2025-08-03,24.39
667,2025-10-03,55.2
667,2025-11-15,27.14
668,2024-06-18,23.09
668,2024-07-13,18.42
668,2024-08-08,11.98
668,2024-08-09,15.63
668,2024-09-06,18.31
668,2024-10-21,19.49
668,2024-11-16,19.11
668,2025-02-27,18.22
668,2025-05-15,14.48
668,2025-07-12,17.24
668,2025-08-23,11.81
669,2024-06-11,29.38
669,2025-08-31,60.44
670,2024-01-15,13.11
671,2024-03-24,17.23
671,2024-05-10,14.96
672,2024-02-17,20.45
672,2024-04-03,10.26
672,2024-04-17,3.98
672,2024-05-21,14.4
673,2024-06-23,38.78
673,2024-07-08,49.38
673,2024-07-10,28.85
673,2024-07-24,65.2
673,2024-07-28,22.39
673,2024-09-13,31.59
673,2024-09-23,29.61
673,2024-12-05,38.07
673,2024-12-15,39.12
673,2024-12-21,22.45
673,2025-02-17,29.07
673,2025-03-11,18.35
673,2025-03-13,35.21
673,2025-03-18,28.51
673,2025-03-28,53.65
673,2025-04-01,22.5
673,2025-05-04,26.76
673,2025-05-18,39.02
673,2025-06-03,13.55
673,2025-07-12,21.06
673,2025-07-21,27.86
673,2025-08-02,18.31
673,2025-08-24,35.36
673,2025-09-03,37.61
673,2025-10-16,26.47
674,2024-03-31,12.55
675,2024-05-24,15.33
676,2024-02-13,20.45
676,2024-02-14,28.2
677,2024-03-16,25.99
677,2024-07-07,21.88
677,2024-10-22,8.69
677,2024-10-25,17.71
677,2024-11-14,10.48
677,2025-03-27,14.92
678,2024-04-17,16.73
678,2024-07-26,21.71
678,2025-01-17,24.39
678,2025-08-07,7.53
679,2024-04-15,36.89
680,2024-04-29,24.26
680,2024-05-05,14.66
680,2024-05-09,10.94
680,2024-05-16,30.71
680,2024-05-21,7.89
681,2024-06-19,10.73
681,2024-06-21,16.3
681,2024-06-26,11.78
681,2024-07-26,5.37
681,2024-08-11,10.42
681,2024-08-22,18.4
681,2024-08-27,10.01
681,2024-10-06,22.3
681,2024-12-26,15.01
681,2025-01-01,12.49
682,2024-02-28,30.7
682,2024-03-07,18.9
682,2024-05-16,25.88
682,2024-06-03,17.39
682,2024-06-22,24.97
682,2024-07-29,39.8
682,2024-08-12,30.61
682,2024-08-20,58.23
682,2024-09-28,22.43
683,2024-04-30,14.19
684,2024-01-08,84.29
684,2024-02-22,51.65
684,2024-05-22,98.99
685,2024-06-01,11.92
686,2024-01-15,13.79
687,2024-03-11,21.08
687,2024-03-25,8.38
687,2024-04-05,9.27
687,2024-04-26,31.04
687,2024-05-04,18.65
687,2024-05-23,20.54
687,2024-06-03,46.95
688,2024-06-15,30.01
688,2024-06-15,28.37
688,2024-11-12,44.93
688,2025-03-22,33.01
688,2025-05-01,45.99
688,2025-06-11,15.59
689,2024-05-29,18.17
689,2024-08-15,19.14
689,2024-10-18,20.54
689,2025-01-17,27.14
690,2024-01-23,9.52
690,2024-02-08,18.86
690,2024-04-19,11.94
690,2024-05-22,18.31
690,2024-06-02,8.63
690,2024-06-26,17.6
690,2024-09-21,9.83
691,2024-05-25,68.54
692,2024-02-21,17.64
692,2024-02-22,22.47
692,2024-02-23,18.42
692,2024-03-17,29.77
692,2024-03-23,34.62
692,2024-04-03,20.38
692,2024-04-17,33.35
692,2024-04-20,23.03
692,2024-04-30,27.05
692,2024-05-11,36.22
692,2024-07-03,40.95
692,2024-07-08,28.42
692,2024-07-12,22.41
692,2024-07-17,35.32
692,2024-07-31,43.05
692,2024-08-03,53.15
692,2024-08-22,32.39
692,2024-09-28,36.76
692,2024-10-15,28.9
692,2024-10-27,38.13
692,2024-11-07,16.57
692,2024-11-16,18.94
692,2025-01-02,29.92
692,2025-01-25,21.59
692,2025-01-30,28.96
692,2025-02-06,49.33
692,2025-03-30,17.62
692,2025-04-01,24.08
692,2025-04-10,31.92
692,2025-04-10,35.04
692,2025-04-17,20.11
692,2025-05-13,18.8
692,2025-05-16,16.39
692,2025-06-10,15.52
692,2025-06-24,36.59
692,2025-06-27,75.11
692,2025-07-18,23.27
692,2025-07-21,15.71
692,2025-07-24,6.74
692,2025-08-15,33.16
692,2025-08-22,56.08
692,2025-08-28,29.48
692,2025-10-14,16.01
692,2025-12-07,42.14
692,2025-12-10,21.11
693,2024-04-10,25.3
693,2024-05-27,14.61
693,2024-06-14,30.28
693,2024-06-21,17.41
693,2024-07-09,20.27
693,2024-07-12,35.82
693,2024-08-10,27.4
693,2024-10-05,26.5
693,2025-01-23,11.6
693,2025-02-19,42.6
693,2025-02-19,12.75
693,2025-02-21,14.78
693,2025-04-16,14.91
693,2025-04-29,41.13
693,2025-05-23,17.75
693,2025-06-02,27.09
693,2025-06-21,8.62
693,2025-08-02,21.65
693,2025-09-13,10.71
693,2025-11-10,8.87
693,2025-12-18,46.38
694,2024-01-24,29.71
694,2024-03-17,23.84
694,2024-05-05,11.66
694,2024-05-13,30.81
694,2024-05-25,52.47
694,2024-07-28,24.94
694,2024-07-28,19.65
694,2024-09-05,10.11
695,2024-05-07,21.68
695,2024-06-17,31.02
695,2024-06-29,37.0
695,2024-08-27,16.81
695,2024-09-16,19.94
695,2024-09-23,26.19
695,2024-10-12,17.46
695,2024-10-22,10.23
695,2024-12-21,13.32
695,2025-01-24,42.54
695,2025-02-21,11.87
695,2025-03-08,12.83
695,2025-03-20,31.14
695,2025-04-01,19.11
695,2025-05-02,12.26
695,2025-05-03,30.79
695,2025-05-20,31.59
695,2025-06-05,55.99
695,2025-07-10,37.07
695,2025-07-18,9.37
695,2025-07-22,22.66
695,2025-07-29,27.1
695,2025-07-31,36.82
695,2025-08-23,24.38
695,2025-09-13,33.97
695,2025-09-25,26.45
695,2025-10-18,22.45
695,2025-10-19,8.88
695,2025-10-20,23.66
695,2025-11-29,24.89
695,2025-12-28,13.01
696,2024-02-13,48.73
696,2024-03-05,28.51
696,2024-03-15,52.43
696,2024-03-21,49.24
696,2024-04-03,49.01
696,2024-04-07,37.2
696,2024-04-15,38.88
696,2024-04-26,40.89
696,2024-05-12,40.78
696,2024-06-14,73.82
696,2024-06-23,50.31
696,2024-08-04,38.46
696,2024-08-05,53.6
696,2024-08-05,36.51
697,2024-06-02,25.34
698,2024-05-08,45.55
698,2024-10-11,25.98
698,2025-05-11,19.53
698,2025-06-13,37.36
698,2025-09-17,17.06
698,2025-09-18,34.89
698,2025-09-26,23.3
698,2025-10-20,31.36
698,2025-10-25,38.68
698,2025-12-12,17.1
699,2024-03-27,56.85
699,2025-05-18,33.02
700,2024-01-23,38.97
700,2024-02-24,14.4
700,2024-04-17,10.21
700,2024-05-19,14.99
701,2024-04-11,26.3
702,2024-05-03,18.39
702,2024-05-19,31.42
702,2024-05-29,32.55
702,2024-06-07,19.59
702,2024-06-10,16.59
702,2024-06-22,30.58
702,2024-07-26,39.2
702,2024-07-26,20.12
702,2024-07-29,37.36
702,2024-08-07,15.16
702,2024-08-12,19.51
702,2024-09-05,28.63
702,2024-09-06,40.67
702,2024-09-07,36.59
702,2024-11-07,46.89
702,2024-12-02,19.91
702,2025-01-05,41.2
702,2025-01-08,34.64
702,2025-02-11,45.44
702,2025-03-16,14.47
702,2025-03-23,38.71
703,2024-06-26,11.25
703,2025-05-21,20.61
704,2024-01-13,19.01
704,2024-02-15,30.95
704,2024-05-16,59.18
704,2024-05-17,25.51
704,2024-09-05,36.55
704,2025-04-25,28.96
705,2024-06-07,32.82
705,2024-06-14,74.93
705,2024-06-17,39.23
705,2024-06-19,35.19
705,2024-06-25,21.48
705,2024-08-15,53.39
705,2024-09-24,32.21
705,2024-11-05,65.28
705,2024-11-22,79.29
705,2024-12-03,12.87
705,2024-12-22,11.81
705,2025-01-21,18.87
705,2025-02-26,41.76
705,2025-03-05,18.27
705,2025-03-07,49.3
705,2025-04-02,64.71
705,2025-04-02,57.57
705,2025-04-05,47.06
705,2025-04-20,17.85
705,2025-05-31,18.68
705,2025-06-21,59.17
705,2025-07-19,75.23
705,2025-09-09,44.35
705,2025-09-24,39.72
706,2024-05-22,33.34
706,2024-05-28,50.39
706,2024-06-19,32.89
707,2024-03-05,53.01
708,2024-04-30,212.32
709,2024-03-26,7.48
710,2024-06-25,54.81
710,2024-11-11,89.0
710,2025-01-01,50.78
710,2025-01-18,67.06
710,2025-04-05,56.41
710,2025-05-30,63.28
710,2025-08-04,73.72
710,2025-12-28,101.52
711,2024-05-23,13.19
711,2024-05-23,37.11
711,2024-06-02,39.45
712,2024-03-11,32.51
713,2024-01-06,12.44
713,2024-02-01,22.88
713,2024-02-02,25.48
713,2024-03-16,20.06
713,2024-05-30,46.99
713,2024-06-04,24.32
713,2024-09-12,19.72
713,2024-09-25,23.29
713,2024-11-01,24.91
713,2024-11-03,38.93
713,2024-11-22,21.39
713,2024-12-27,18.79
713,2025-05-17,34.0
713,2025-06-30,24.36
713,2025-07-10,26.3
714,2024-03-24,31.84
714,2024-06-07,15.3
715,2024-04-19,21.42
716,2024-02-09,9.8
716,2024-02-16,12.84
716,2024-03-04,15.58
716,2024-03-05,14.86
716,2024-04-20,10.76
716,2024-07-12,27.09
716,2024-09-08,14.49
716,2024-10-02,14.37
716,2024-11-06,24.63
716,2024-11-06,23.6
717,2024-03-01,13.46
717,2024-03-09,9.2
717,2024-06-04,15.16
717,2024-08-27,12.43
717,2024-09-20,14.05
717,2024-10-28,11.54
717,2024-11-11,6.25
717,2025-02-07,9.29
717,2025-04-04,10.81
717,2025-06-06,15.37
717,2025-09-07,13.64
718,2024-06-28,5.73
719,2024-05-11,15.2
719,2024-07-31,15.31
719,2024-08-24,7.17
719,2025-02-17,8.23
719,2025-08-15,4.63
720,2024-03-10,26.31
721,2024-04-27,28.87
721,2024-05-29,9.4
721,2024-07-11,11.17
721,2024-07-13,22.47
721,2024-07-24,26.36
721,2024-08-03,12.23
721,2024-08-15,13.34
721,2024-09-01,14.7
721,2024-10-31,12.53
721,2024-11-11,25.28
721,2025-02-01,13.76
721,2025-02-05,17.9
721,2025-02-10,24.28
721,2025-03-23,30.8
721,2025-04-02,16.46
721,2025-04-20,14.94
721,2025-07-03,35.02
721,2025-10-11,41.72
721,2025-10-31,24.47
721,2025-11-20,5.3
722,2024-01-23,8.71
722,2024-01-28,11.67
722,2024-01-29,14.75
722,2024-02-16,20.94
722,2024-03-04,10.82
723,2024-05-28,16.0
724,2024-02-26,8.65
724,2024-03-02,20.35
724,2024-04-02,17.72
724,2024-04-11,17.26
724,2024-04-15,20.11
724,2024-04-23,15.59
724,2024-05-14,23.31
724,2024-05-21,21.11
724,2024-06-11,14.83
724,2024-06-17,18.32
724,2024-08-04,18.36
724,2024-08-30,21.65
724,2024-09-20,14.31
724,2024-09-20,13.06
724,2024-09-26,29.69
724,2024-10-19,14.45
724,2024-10-30,16.23
724,2024-11-01,25.01
724,2024-11-06,12.78
724,2024-11-19,10.35
724,2025-02-15,14.53
724,2025-03-13,22.62
724,2025-05-28,17.81
724,2025-05-30,26.02
724,2025-06-01,17.01
724,2025-06-09,36.79
724,2025-06-11,6.96
724,2025-06-27,11.68
724,2025-08-10,29.48
724,2025-09-04,15.28
725,2024-02-09,26.75
726,2024-06-13,21.64
726,2024-08-23,20.77
726,2024-11-15,13.8
727,2024-03-06,41.15
728,2024-06-22,36.32
729,2024-06-28,7.11
730,2024-04-25,25.83
730,2025-05-01,26.33
730,2025-07-21,29.88
730,2025-07-30,25.34
731,2024-01-09,52.71
732,2024-01-19,45.93
733,2024-01-10,10.81
733,2024-01-23,24.65
733,2024-04-23,9.38
733,2024-07-21,15.38
733,2024-07-27,31.21
734,2024-06-07,32.37
734,2024-06-09,26.58
734,2024-09-17,19.44
734,2024-10-25,26.94
734,2024-11-07,43.4
734,2024-11-12,27.71
734,2024-11-16,9.54
734,2024-11-18,26.29
735,2024-04-03,41.39
735,2024-04-08,22.69
735,2025-03-05,38.62
735,2025-07-03,20.22
735,2025-10-16,24.21
735,2025-10-24,6.44
735,2025-10-25,8.91
736,2024-02-24,15.62
737,2024-04-21,42.28
738,2024-02-29,17.43
738,2024-04-26,10.19
738,2025-01-15,12.39
738,2025-07-06,41.49
739,2024-03-12,38.69
739,2024-07-07,48.94
739,2024-09-07,47.42
739,2024-12-10,75.14
739,2025-02-28,41.7
740,2024-01-14,19.02
741,2024-06-13,26.11
741,2025-01-22,21.23
742,2024-04-08,19.67
743,2024-02-13,9.59
744,2024-06-14,25.11
745,2024-04-26,5.29
745,2024-12-21,7.12
746,2024-05-23,8.26
747,2024-03-13,18.48
747,2024-06-13,18.06
748,2024-03-30,33.19
748,2024-04-07,19.4
748,2024-06-27,64.81
748,2024-07-17,19.67
748,2024-07-23,44.68
748,2024-08-01,24.71
748,2024-10-25,18.55
748,2024-12-07,23.94
748,2024-12-12,20.84
748,2024-12-15,10.18
748,2024-12-26,13.99
748,2024-12-28,38.57
748,2024-12-28,33.76
748,2025-01-09,24.03
748,2025-01-11,30.71
748,2025-02-28,31.83
748,2025-03-10,36.65
748,2025-03-18,9.46
748,2025-03-19,14.38
748,2025-04-07,27.55
748,2025-05-15,34.72
748,2025-05-29,40.76
748,2025-06-07,24.35
748,2025-06-10,44.57
748,2025-06-15,29.22
748,2025-06-21,12.86
748,2025-06-22,26.48
748,2025-07-19,39.21
748,2025-07-22,18.21
748,2025-10-19,21.81
748,2025-10-27,37.92
748,2025-11-07,10.41
748,2025-12-12,12.39
749,2024-05-27,10.32
749,2024-07-05,15.16
750,2024-01-25,20.34
750,2024-02-25,23.46
751,2024-03-18,58.56
751,2024-04-17,34.68
752,2024-04-25,55.07
752,2024-08-30,19.87
752,2024-12-16,33.82
752,2025-01-16,39.55
752,2025-05-17,25.65
752,2025-12-05,33.48
753,2024-04-27,34.32
754,2024-05-19,18.73
754,2024-10-20,7.78
754,2025-03-16,28.37
754,2025-05-04,16.33
754,2025-10-01,13.73
755,2024-05-04,22.94
756,2024-05-07,8.65
757,2024-04-21,63.55
758,2024-02-27,36.49
758,2024-05-10,33.75
758,2024-05-16,25.42
758,2024-10-09,22.89
759,2024-02-21,45.77
759,2024-03-27,33.22
759,2024-04-17,57.32
759,2024-04-19,79.27
759,2024-04-26,53.0
759,2024-05-01,45.93
759,2024-05-05,32.64
759,2024-05-09,55.54
759,2024-05-20,36.98
759,2024-05-25,73.66
759,2024-05-25,70.07
759,2024-05-31,40.0
759,2024-06-26,36.28
759,2024-07-01,13.92
759,2024-07-05,42.99
759,2024-07-19,55.99
759,2024-08-11,89.45
759,2024-09-25,54.4
759,2024-10-06,51.07
759,2024-10-08,28.36
759,2024-10-09,21.83
759,2024-10-14,28.47
759,2024-10-31,28.3
759,2024-11-08,81.36
759,2024-11-18,70.77
759,2024-11-19,49.85
759,2024-11-20,76.97
759,2024-12-18,33.75
759,2024-12-25,55.97
759,2024-12-30,54.27
759,2025-01-17,56.82
759,2025-02-03,48.54
759,2025-04-19,159.5
759,2025-04-21,82.32
759,2025-05-01,45.22
759,2025-05-08,29.16
759,2025-05-12,66.46
759,2025-05-31,83.31
759,2025-06-07,39.76
759,2025-06-18,35.22
759,2025-07-08,46.88
759,2025-07-31,57.97
759,2025-08-09,33.6
759,2025-09-04,55.97
759,2025-09-07,32.49
759,2025-09-18,83.13
759,2025-09-25,44.5
759,2025-11-04,65.11
759,2025-11-22,66.32
759,2025-11-27,21.37
760,2024-03-21,21.31
760,2024-04-30,8.66
760,2024-05-12,12.77
760,2024-05-18,28.48
760,2024-06-20,30.89
760,2024-07-31,21.77
761,2024-03-14,52.41
761,2024-04-23,40.68
761,2024-07-24,48.64
761,2024-08-12,38.2
761,2024-09-22,55.4
762,2024-05-10,125.06
762,2024-06-20,182.13
763,2024-04-26,33.57
763,2024-07-16,40.64
763,2024-07-17,43.51
763,2024-08-26,35.5
763,2024-10-27,43.49
763,2024-11-23,50.0
763,2024-12-04,44.96
763,2024-12-09,21.68
763,2024-12-15,75.34
763,2025-02-15,55.64
764,2024-06-04,39.49
764,2024-06-06,28.57
764,2024-06-14,9.95
764,2024-09-29,21.3
764,2024-11-04,14.69
764,2025-01-25,13.44
764,2025-03-03,27.43
764,2025-04-19,6.13
764,2025-06-15,35.43
764,2025-08-23,26.23
765,2024-05-24,17.93
766,2024-02-11,48.89
766,2024-04-23,29.96
766,2024-06-04,51.58
766,2024-09-09,41.14
766,2024-11-12,37.34
767,2024-04-09,22.95
767,2024-05-21,24.44
767,2024-08-02,57.43
767,2024-10-10,33.56
767,2024-11-21,37.92
767,2025-01-07,55.64
768,2024-01-16,86.6
768,2024-02-22,38.17
768,2024-03-26,15.26
768,2024-04-02,57.46
768,2024-05-01,36.87
768,2024-07-27,24.09
768,2024-12-14,26.95
768,2025-02-01,112.3
768,2025-02-06,111.76
768,2025-03-17,65.28
768,2025-04-09,42.68
768,2025-04-19,83.81
768,2025-05-03,63.66
768,2025-08-06,63.18
768,2025-08-10,42.32
768,2025-08-18,64.2
768,2025-09-12,57.02
768,2025-11-04,56.38
769,2024-02-14,16.4
769,2024-02-19,19.83
769,2024-03-08,19.76
769,2024-03-12,30.28
769,2024-04-22,49.71
769,2024-05-04,13.55
769,2024-05-27,12.34
769,2024-05-28,16.73
769,2024-06-10,20.85
769,2024-06-25,27.33
769,2024-07-15,18.39
769,2024-07-31,24.43
769,2024-08-23,32.23
769,2024-09-10,17.67
769,2024-10-07,13.46
769,2024-11-05,12.09
770,2024-05-01,20.01
771,2024-02-22,51.45
772,2024-05-17,25.43
772,2024-06-29,7.88
773,2024-04-17,39.15
773,2024-04-28,26.73
773,2024-05-04,57.91
773,2024-05-25,36.58
773,2024-05-30,55.31
773,2024-10-26,24.7
773,2024-11-08,25.97
773,2024-11-14,19.95
774,2024-05-23,25.55
774,2024-05-23,24.04
774,2024-06-26,11.99
774,2024-07-01,20.2
774,2024-07-16,28.13
774,2024-07-17,26.5
774,2024-07-24,38.31
774,2024-08-18,21.67
774,2024-09-01,31.14
774,2024-09-03,37.75
774,2024-09-11,18.76
774,2024-10-07,15.2
774,2024-12-18,50.27
774,2025-01-05,32.69
774,2025-01-06,33.03
774,2025-02-26,24.64
774,2025-03-03,13.38
775,2024-02-08,73.69
775,2024-03-27,70.97
776,2024-04-04,13.29
777,2024-01-02,34.35
777,2024-02-07,38.18
777,2024-02-12,16.18
777,2024-02-18,30.78
777,2024-02-28,28.51
777,2024-03-11,25.26
777,2024-03-15,26.77
778,2024-04-05,7.27
778,2024-07-02,12.23
778,2024-07-02,8.47
778,2024-08-07,19.56
778,2024-09-25,15.17
778,2024-10-30,8.66
778,2024-11-01,15.65
778,2024-11-17,4.38
778,2024-11-30,6.44
778,2025-01-22,4.66
778,2025-02-21,11.9
778,2025-02-24,9.49
778,2025-03-09,6.63
778,2025-03-24,9.64
778,2025-04-02,16.05
778,2025-06-26,10.25
778,2025-07-30,5.76
778,2025-08-30,17.04
778,2025-09-14,15.56
778,2025-09-20,13.41
778,2025-09-24,12.81
778,2025-11-16,5.78
778,2025-11-17,10.25
778,2025-11-30,13.43
778,2025-12-11,11.39
778,2025-12-20,12.75
779,2024-03-08,26.84
779,2024-03-28,18.66
779,2024-04-07,20.44
779,2024-04-16,15.2
779,2024-04-23,13.27
779,2024-06-13,39.35
779,2024-06-15,40.67
779,2024-06-16,16.7
779,2024-07-01,19.84
779,2024-07-02,37.06
779,2024-08-04,14.63
779,2024-08-22,17.06
779,2024-09-23,24.74
779,2024-10-20,9.14
779,2024-10-25,20.76
779,2024-11-05,23.82
779,2024-12-17,18.17
779,2024-12-19,16.53
780,2024-06-18,48.67
780,2024-07-21,51.35
780,2024-07-22,75.68
781,2024-04-04,59.54
781,2024-04-05,62.5
781,2024-04-29,121.01
781,2024-05-02,66.32
781,2024-05-16,110.29
781,2024-05-21,19.43
781,2024-06-17,34.67
781,2024-06-29,70.16
781,2024-06-29,46.96
781,2024-07-07,51.35
781,2024-07-15,57.79
781,2024-07-27,68.21
781,2024-08-03,52.65
781,2024-08-18,50.35
781,2024-10-03,42.93
781,2024-10-09,65.88
781,2024-10-11,53.26
781,2024-10-24,41.88
781,2024-10-29,59.02
781,2024-11-03,40.53
781,2024-11-05,49.62
781,2024-11-24,75.22
781,2024-12-02,25.18
781,2024-12-05,87.32
781,2024-12-07,27.59
781,2024-12-07,31.08
781,2024-12-11,38.96
781,2024-12-15,67.26
781,2024-12-18,74.82
781,2024-12-24,108.23
781,2024-12-27,83.28
781,2025-01-11,59.04
781,2025-01-18,37.17
781,2025-01-20,90.96
781,2025-01-26,104.88
781,2025-02-02,46.47
781,2025-02-04,74.12
781,2025-02-05,98.0
781,2025-02-09,78.81
781,2025-02-14,85.23
781,2025-02-22,46.78
781,2025-02-22,58.96
781,2025-02-24,85.48
781,2025-03-05,39.76
781,2025-03-12,104.06
781,2025-03-14,42.83
781,2025-04-04,75.72
781,2025-04-09,130.1
781,2025-04-11,61.86
781,2025-04-21,72.63
781,2025-05-05,63.44
781,2025-05-07,48.4
781,2025-05-16,81.21
781,2025-05-27,13.8
781,2025-06-03,75.39
781,2025-06-06,49.26
781,2025-06-13,86.45
781,2025-06-18,92.79
781,2025-07-02,97.47
781,2025-07-10,49.52
781,2025-07-17,67.43
781,2025-07-19,95.61
781,2025-07-26,55.96
781,2025-08-14,41.57
781,2025-08-24,120.06
781,2025-08-26,45.48
781,2025-09-11,76.19
781,2025-09-17,117.78
781,2025-09-17,53.77
781,2025-10-01,136.03
781,2025-10-15,82.29
781,2025-10-26,77.18
781,2025-11-08,53.39
781,2025-11-18,84.84
781,2025-12-03,63.94
781,2025-12-05,48.13
781,2025-12-15,61.5
781,2025-12-15,125.39
781,2025-12-19,127.66
781,2025-12-23,89.09
782,2024-03-10,6.75
782,2024-03-22,10.73
783,2024-04-03,21.95
784,2024-03-20,28.55
785,2024-03-26,43.31
785,2024-06-24,71.37
785,2024-08-04,27.85
785,2024-11-02,63.39
785,2025-01-19,14.42
785,2025-02-27,48.6
785,2025-03-02,115.35
785,2025-03-21,20.96
785,2025-03-25,53.81
785,2025-04-03,49.62
785,2025-04-11,48.33
786,2024-02-02,69.79
786,2024-03-16,17.75
786,2024-03-16,21.96
786,2024-03-21,17.29
786,2024-04-03,26.43
786,2024-04-12,45.46
786,2024-04-13,40.08
786,2024-04-15,32.3
786,2024-04-20,19.08
786,2024-04-28,17.05
786,2024-04-28,37.75
786,2024-05-01,39.41
786,2024-05-26,44.31
786,2024-06-03,20.08
786,2024-06-17,25.67
786,2024-06-19,25.37
786,2024-06-23,25.01
786,2024-07-18,38.04
786,2024-07-24,14.87
786,2024-07-29,13.65
786,2024-08-04,71.68
786,2024-08-19,37.96
786,2024-10-08,7.17
786,2024-10-11,12.14
786,2024-11-11,16.22
786,2024-11-24,23.16
786,2025-01-14,24.95
786,2025-01-25,30.87
786,2025-02-10,25.01
786,2025-02-17,22.02
786,2025-03-12,18.38
786,2025-03-14,23.74
786,2025-04-14,27.47
786,2025-04-26,30.96
786,2025-05-11,17.74
786,2025-05-13,23.6
786,2025-05-29,28.58
786,2025-06-08,28.19
786,2025-06-09,16.72
786,2025-06-21,28.7
786,2025-07-01,21.31
787,2024-05-12,10.34
787,2024-06-12,23.26
787,2024-09-30,19.75
787,2024-10-22,29.56
787,2025-02-04,11.14
788,2024-04-14,36.21
788,2024-05-12,32.69
788,2024-07-31,19.45
788,2025-01-15,22.82
788,2025-07-04,22.79
788,2025-07-27,32.39
788,2025-09-14,15.5
788,2025-11-25,35.98
788,2025-12-02,31.81
789,2024-01-20,14.79
790,2024-02-29,21.96
790,2024-04-30,14.01
790,2024-05-24,12.2
790,2024-06-16,9.05
790,2024-07-28,7.16
790,2024-10-06,10.03
790,2024-12-29,8.88
790,2025-01-28,11.14
791,2024-03-18,13.05
792,2024-02-12,16.86
792,2024-03-23,13.87
792,2024-04-01,42.91
792,2024-04-29,19.84
792,2024-05-05,36.73
792,2024-06-19,20.48
792,2024-08-03,15.65
792,2024-08-06,23.01
792,2024-10-01,8.99
792,2024-11-13,15.43
792,2024-11-25,20.55
792,2024-12-01,5.9
792,2025-01-14,5.65
792,2025-01-23,12.53
793,2024-01-20,32.05
794,2024-01-16,34.52
794,2024-02-11,12.24
794,2024-02-18,59.75
794,2024-06-06,67.92
794,2024-06-16,29.63
794,2024-06-25,49.44
794,2024-08-29,71.4
794,2024-09-21,60.2
794,2024-09-26,37.42
794,2024-12-14,40.76
794,2025-03-25,39.09
794,2025-04-08,98.62
794,2025-04-29,35.81
794,2025-08-17,52.2
794,2025-10-01,24.9
794,2025-11-08,76.71
794,2025-11-26,56.46
795,2024-02-16,47.51
796,2024-03-25,16.81
796,2024-08-30,31.39
796,2024-11-06,23.12
796,2024-11-09,17.15
796,2024-11-13,17.6
796,2024-11-21,8.68
796,2024-11-25,22.64
796,2024-12-04,19.91
796,2024-12-18,21.53
796,2025-01-04,26.43
796,2025-01-10,36.77
796,2025-01-17,35.25
796,2025-01-25,22.41
796,2025-02-08,27.03
796,2025-02-18,20.01
796,2025-03-12,25.03
796,2025-04-03,29.47
796,2025-04-05,20.11
796,2025-05-31,21.54
796,2025-06-03,13.55
796,2025-06-23,18.52
796,2025-07-10,29.07
796,2025-07-20,27.64
796,2025-08-11,35.39
796,2025-08-31,19.49
796,2025-09-04,18.04
796,2025-09-15,21.74
796,2025-10-10,11.32
796,2025-10-19,27.33
796,2025-10-24,28.25
796,2025-11-01,16.67
796,2025-11-02,33.54
796,2025-11-03,39.92
796,2025-12-06,10.87
797,2024-01-27,19.3
798,2024-06-08,55.67
798,2024-06-21,37.51
799,2024-05-01,11.95
799,2024-05-23,28.33
799,2024-06-27,19.1
799,2025-12-22,17.82
799,2025-12-26,18.68
800,2024-06-06,26.09
800,2024-10-24,60.01
800,2024-12-09,48.51
800,2024-12-16,62.81
800,2025-02-08,24.61
800,2025-02-09,66.52
800,2025-02-22,47.02
800,2025-03-15,76.01
800,2025-04-01,29.27
800,2025-04-18,82.81
800,2025-04-25,57.12
800,2025-08-29,33.44
800,2025-09-05,33.8
800,2025-09-09,100.51
800,2025-10-16,54.39
800,2025-12-09,59.51
800,2025-12-16,65.96
800,2025-12-22,48.57
801,2024-01-24,21.16
802,2024-05-12,124.78
802,2024-10-30,54.65
803,2024-05-15,27.95
804,2024-03-01,13.87
805,2024-02-19,13.64
806,2024-05-09,2.68
807,2024-03-13,102.32
808,2024-04-06,10.38
808,2024-07-13,18.37
808,2024-09-15,7.99
808,2024-10-06,16.84
808,2024-12-19,29.45
808,2024-12-29,9.35
809,2024-03-17,52.31
809,2024-03-24,35.69
810,2024-01-30,50.36
810,2024-05-07,43.97
810,2024-06-16,39.19
810,2024-12-15,47.46
810,2025-10-13,42.94
811,2024-03-08,7.88
811,2024-06-16,20.86
811,2025-03-28,18.37
811,2025-07-04,10.4
811,2025-08-23,6.15
812,2024-05-12,22.23
812,2024-10-22,14.75
812,2024-10-29,4.76
812,2025-01-02,12.1
812,2025-10-21,20.12
813,2024-03-25,16.88
813,2024-05-10,26.82
814,2024-03-28,35.62
815,2024-06-18,14.94
815,2024-07-22,9.48
815,2024-08-04,8.82
815,2024-08-07,8.05
816,2024-05-16,18.09
817,2024-06-27,36.55
817,2024-11-06,25.94
817,2025-10-05,27.57
818,2024-03-02,36.5
819,2024-02-04,12.28
819,2024-02-16,10.09
819,2024-03-08,11.08
820,2024-06-02,7.26
820,2025-02-08,27.08
821,2024-06-13,32.98
822,2024-04-18,50.82
823,2024-03-11,49.82
824,2024-02-22,16.42
825,2024-06-03,35.72
825,2024-07-05,25.7
825,2024-07-08,43.27
825,2024-08-21,12.44
825,2024-10-11,18.85
825,2024-11-23,11.16
825,2025-01-04,25.24
825,2025-02-14,23.63
825,2025-04-26,47.99
825,2025-05-15,23.0
825,2025-09-23,23.33
825,2025-11-07,20.61
826,2024-04-20,16.37
827,2024-04-05,40.38
827,2024-05-07,46.6
827,2024-05-16,34.3
827,2024-06-22,64.6
827,2024-07-26,62.3
827,2024-07-31,58.42
827,2024-09-15,30.53
827,2024-10-24,44.05
827,2024-11-05,45.59
827,2024-11-05,36.23
827,2024-11-26,66.28
827,2024-12-04,76.16
827,2025-01-31,25.27
827,2025-02-18,51.47
827,2025-02-19,65.48
827,2025-03-07,76.52
827,2025-04-03,21.18
827,2025-05-27,29.42
827,2025-06-14,23.5
827,2025-07-09,54.94
828,2024-03-16,14.25
828,2024-09-08,24.27
828,2024-09-26,20.9
828,2024-10-12,28.14
828,2024-11-27,20.87
828,2025-01-11,23.23
828,2025-01-31,37.28
828,2025-03-22,17.86
828,2025-05-14,20.52
828,2025-05-20,16.91
828,2025-07-07,32.92
828,2025-07-24,21.46
828,2025-08-02,9.0
828,2025-10-14,26.81
828,2025-10-19,31.82
828,2025-11-15,15.09
828,2025-12-03,24.19
828,2025-12-05,16.55
828,2025-12-26,11.66
829,2024-06-12,48.92
829,2024-06-13,44.94
829,2024-06-17,35.18
829,2024-06-17,54.27
829,2024-06-27,33.93
829,2024-08-07,41.16
829,2024-08-11,49.51
829,2024-09-30,29.85
829,2024-10-06,35.16
829,2024-10-10,48.27
829,2024-11-06,32.42
829,2024-12-03,68.99
829,2024-12-07,43.89
829,2024-12-10,17.45
829,2025-01-16,55.38
829,2025-01-26,34.63
829,2025-01-29,41.06
829,2025-05-13,34.22
829,2025-06-07,40.61
829,2025-06-20,46.78
829,2025-07-15,59.7
829,2025-07-16,54.88
829,2025-08-04,37.59
829,2025-08-13,23.95
829,2025-08-21,55.84
829,2025-10-02,24.54
829,2025-10-11,16.89
829,2025-10-31,34.57
829,2025-11-04,26.02
829,2025-11-11,61.56
829,2025-12-10,28.53
829,2025-12-19,24.43
830,2024-06-04,17.55
831,2024-05-19,11.68
831,2024-06-05,19.47
831,2024-06-05,11.36
831,2024-06-05,24.67
831,2024-06-09,16.91
831,2024-06-29,17.93
831,2024-07-11,26.84
831,2024-08-13,13.13
831,2024-08-15,32.78
831,2024-09-01,9.65
831,2024-09-26,9.02
831,2024-09-30,31.42
831,2024-10-05,7.95
831,2024-10-09,10.51
831,2024-11-29,33.03
831,2024-12-01,27.8
831,2024-12-29,33.27
831,2025-01-17,17.26
831,2025-01-25,11.55
831,2025-01-27,13.92
831,2025-02-15,29.15
831,2025-03-03,12.53
831,2025-03-16,25.77
831,2025-04-11,10.09
831,2025-04-12,27.6
831,2025-05-19,30.29
831,2025-05-22,13.62
831,2025-05-30,18.47
831,2025-06-07,10.58
831,2025-06-19,16.5
831,2025-07-18,5.75
831,2025-07-24,10.86
831,2025-07-29,16.6
831,2025-08-24,10.61
831,2025-08-25,15.51
831,2025-08-25,16.62
831,2025-08-28,18.4
831,2025-09-21,20.96
831,2025-09-28,19.87
831,2025-10-02,15.53
831,2025-10-24,26.48
831,2025-11-08,9.5
831,2025-11-18,14.47
831,2025-12-18,9.18
831,2025-12-23,25.18
832,2024-05-29,9.93
833,2024-06-07,20.92
834,2024-04-09,83.61
835,2024-06-04,18.36
835,2024-06-15,40.15
836,2024-03-05,19.52
836,2024-05-10,12.87
836,2024-06-16,29.59
836,2024-06-22,24.31
836,2024-06-24,17.76
836,2024-07-09,13.44
836,2024-08-03,16.39
836,2024-08-23,37.25
836,2024-09-06,26.79
836,2024-11-03,16.53
836,2024-11-16,42.35
836,2024-12-08,36.86
836,2024-12-10,9.07
836,2025-02-04,9.44
836,2025-02-14,22.96
836,2025-02-17,29.45
836,2025-02-27,34.2
836,2025-03-15,17.7
836,2025-04-02,16.19
836,2025-04-28,16.45
836,2025-08-01,16.28
836,2025-09-12,11.18
836,2025-10-19,14.57
836,2025-10-21,35.25
836,2025-11-22,25.2
836,2025-12-11,24.26
836,2025-12-27,37.56
837,2024-04-13,20.82
837,2024-04-28,21.35
837,2024-06-21,39.72
838,2024-01-01,26.41
839,2024-05-25,45.69
840,2024-01-14,13.08
840,2024-01-21,29.78
840,2024-02-16,26.18
840,2024-05-23,10.02
840,2024-07-19,16.12
840,2024-09-01,11.13
840,2024-09-20,23.23
840,2024-09-25,17.04
840,2024-12-05,9.71
840,2025-01-15,17.94
840,2025-03-14,31.41
840,2025-04-07,30.34
840,2025-04-14,17.82
840,2025-05-19,8.1
840,2025-05-27,12.65
840,2025-07-03,18.47
840,2025-07-13,25.89
840,2025-07-24,14.6
840,2025-11-09,14.49
841,2024-03-30,19.1
841,2024-04-16,24.93
841,2025-03-13,17.71
841,2025-10-21,20.3
841,2025-11-08,35.21
841,2025-11-13,11.86
842,2024-01-16,10.18
843,2024-01-23,9.84
843,2024-01-29,10.17
843,2024-02-12,12.47
843,2024-03-21,8.14
843,2024-04-05,10.25
843,2024-05-10,7.19
843,2024-05-20,8.53
843,2024-07-06,9.59
843,2024-07-22,6.26
843,2024-08-27,10.41
843,2024-09-10,13.64
843,2024-09-21,9.15
843,2024-10-15,16.36
843,2024-11-28,5.96
843,2024-12-03,8.42
843,2024-12-12,13.19
843,2024-12-17,6.93
843,2025-01-22,9.98
843,2025-02-01,8.43
843,2025-02-15,10.16
843,2025-02-26,7.52
843,2025-02-27,17.51
843,2025-03-15,8.81
843,2025-03-18,10.93
843,2025-05-21,7.49
843,2025-06-01,18.01
843,2025-06-10,6.98
844,2024-05-19,33.87
844,2024-06-02,28.0
844,2024-06-30,77.55
844,2024-07-05,71.27
844,2024-08-09,29.36
844,2024-08-21,43.39
845,2024-04-11,10.17
846,2024-03-09,11.81
846,2025-08-28,17.18
846,2025-12-02,10.57
847,2024-02-20,31.16
847,2024-03-08,24.15
848,2024-05-12,16.54
848,2024-05-12,13.52
848,2024-05-22,14.04
848,2024-05-24,12.59
848,2024-06-13,26.37
848,2024-06-21,18.16
848,2024-07-05,9.51
848,2024-07-06,22.8
848,2024-07-11,33.36
848,2024-07-15,23.83
848,2024-08-09,20.76
848,2024-08-14,26.48
848,2024-08-17,13.84
848,2024-08-19,19.99
848,2024-08-27,18.82
848,2024-09-01,24.14
848,2024-09-12,30.43
848,2024-09-18,31.65
848,2024-10-09,17.44
848,2024-10-13,35.12
848,2024-10-14,21.66
848,2024-10-22,17.22
848,2024-10-30,15.38
848,2024-11-09,11.69
848,2024-11-14,18.81
848,2024-12-14,19.88
848,2024-12-27,19.06
849,2024-04-02,12.28
849,2025-02-06,9.21
849,2025-02-10,8.16
849,2025-05-26,14.31
849,2025-06-26,15.83
849,2025-08-24,13.83
850,2024-01-11,27.96
851,2024-05-30,19.31
851,2024-05-30,42.05
851,2024-06-06,29.76
851,2024-07-17,24.18
851,2024-08-02,26.63
851,2024-09-14,36.24
851,2024-12-07,8.33
851,2025-01-13,22.35
851,2025-01-16,17.17
851,2025-02-13,15.32
852,2024-02-16,25.54
852,2024-09-11,27.53
852,2024-09-27,33.94
853,2024-05-31,25.38
854,2024-06-04,67.45
854,2024-06-07,73.22
854,2024-06-26,39.24
854,2024-07-01,22.68
854,2024-07-17,25.22
854,2024-07-24,46.67
854,2024-08-01,19.7
854,2024-08-21,60.72
854,2024-08-30,72.39
854,2024-08-31,37.66
854,2024-09-27,36.18
854,2024-11-16,49.38
854,2025-01-01,30.95
854,2025-01-30,65.57
854,2025-02-04,49.59
855,2024-03-16,21.7
856,2024-05-07,105.77
856,2024-05-25,121.15
856,2024-07-31,216.65
856,2024-09-25,67.82
856,2024-10-19,103.88
856,2024-10-31,169.46
856,2024-11-20,124.69
856,2025-02-26,119.52
856,2025-03-04,128.82
856,2025-03-25,94.36
856,2025-05-08,230.5
856,2025-10-13,165.87
856,2025-10-27,163.21
857,2024-02-12,28.17
857,2024-02-27,28.97
858,2024-06-10,19.94
858,2024-11-14,12.4
858,2024-12-29,25.77
858,2025-03-20,15.46
858,2025-04-14,23.31
858,2025-07-14,32.01
858,2025-07-16,20.5
858,2025-09-28,20.47
858,2025-12-10,12.19
859,2024-01-01,33.43
859,2024-01-17,45.09
859,2024-02-04,53.97
859,2024-03-15,17.75
859,2024-04-11,69.52
859,2024-05-30,47.66
859,2024-06-01,72.38
859,2024-07-21,62.06
859,2024-09-07,89.78
859,2024-12-15,39.97
859,2024-12-27,72.38
859,2025-02-07,137.88
859,2025-03-25,134.4
859,2025-03-27,44.46
859,2025-04-02,49.45
859,2025-04-15,52.07
859,2025-06-06,68.2
859,2025-06-07,50.68
859,2025-07-02,71.59
859,2025-10-26,44.61
859,2025-11-28,65.65
859,2025-12-02,50.59
860,2024-02-08,41.5
860,2024-04-03,22.71
860,2024-06-01,27.7
860,2024-07-10,19.79
860,2024-07-27,21.09
860,2024-08-26,79.97
860,2024-10-12,28.26
860,2025-04-08,33.49
860,2025-05-04,30.88
860,2025-07-14,32.14
860,2025-11-21,15.43
861,2024-04-10,41.1
861,2024-05-05,23.28
861,2025-07-09,22.27
861,2025-10-10,32.99
861,2025-11-26,19.91
862,2024-02-20,15.22
862,2024-03-24,14.92
862,2024-04-03,11.87
862,2024-04-19,23.53
862,2024-06-20,35.61
862,2024-07-04,16.14
862,2024-07-17,35.74
862,2024-08-21,27.38
862,2024-09-21,3.98
862,2024-11-23,31.78
862,2024-11-26,4.65
862,2025-01-05,23.56
862,2025-02-02,16.09
862,2025-06-07,36.42
862,2025-06-26,37.75
862,2025-08-06,14.7
862,2025-08-11,19.5
862,2025-09-07,20.95
862,2025-09-15,39.09
862,2025-09-30,22.32
862,2025-10-17,33.64
862,2025-12-12,20.45
863,2024-03-31,90.01
863,2024-04-11,45.79
863,2024-04-12,42.15
863,2024-04-13,42.09
863,2024-04-27,89.46
863,2024-04-27,35.2
863,2024-05-06,42.28
863,2024-05-11,37.19
863,2024-06-02,28.37
863,2024-06-05,32.49
863,2024-06-24,40.67
863,2024-06-27,58.84
863,2024-07-07,54.58
863,2024-07-09,32.08
863,2024-07-14,100.17
863,2024-07-31,40.0
863,2024-08-04,77.71
863,2024-08-05,60.46
863,2024-08-30,68.08
863,2024-09-10,112.82
863,2024-09-13,62.74
863,2024-10-11,39.8
863,2024-10-19,38.02
863,2024-10-20,38.91
863,2024-11-05,33.76
863,2024-11-15,51.17
863,2024-11-20,57.83
863,2024-11-25,31.77
863,2024-12-10,20.71
863,2024-12-20,75.22
863,2024-12-27,62.2
863,2025-01-12,60.74
863,2025-01-13,50.69
864,2024-04-24,39.4
864,2024-05-27,55.69
864,2024-10-06,24.08
864,2024-10-30,25.85
864,2024-11-23,49.62
864,2024-12-21,36.28
864,2025-01-19,38.92
864,2025-01-20,40.01
864,2025-01-26,23.98
864,2025-02-11,19.92
864,2025-06-30,42.54
864,2025-07-03,13.18
865,2024-06-08,16.52
865,2025-03-08,19.44
866,2024-05-18,49.44
866,2024-06-26,49.75
867,2024-06-19,19.81
868,2024-06-26,15.47
868,2024-07-12,12.77
868,2024-08-11,21.09
868,2024-09-16,20.88
868,2024-10-04,17.95
868,2024-11-25,34.16
868,2024-12-05,9.82
868,2024-12-16,28.27
868,2025-02-02,32.26
868,2025-02-20,34.09
868,2025-02-24,21.2
868,2025-03-09,21.37
868,2025-03-16,21.12
868,2025-03-16,13.46
868,2025-04-17,9.75
868,2025-05-05,20.51
868,2025-05-25,24.31
868,2025-08-27,7.41
868,2025-09-11,31.93
868,2025-10-03,31.71
868,2025-10-15,13.54
868,2025-10-15,13.25
868,2025-10-16,19.05
868,2025-11-01,18.59
868,2025-12-05,11.89
868,2025-12-06,11.51
868,2025-12-11,12.99
869,2024-02-25,15.92
869,2024-03-05,18.33
869,2024-03-20,14.7
869,2024-06-16,23.83
869,2024-07-02,43.53
869,2024-10-03,35.67
869,2024-11-04,40.26
870,2024-04-21,17.35
871,2024-05-24,15.79
872,2024-06-25,47.98
873,2024-01-30,27.29
874,2024-04-19,27.37
874,2024-04-25,31.7
874,2024-04-25,17.79
874,2024-05-07,29.81
874,2024-05-11,49.68
874,2024-05-24,51.25
874,2024-06-05,37.96
874,2024-06-17,23.46
874,2024-06-29,9.49
874,2024-07-05,14.17
874,2024-07-07,36.94
874,2024-07-14,13.97
874,2024-09-10,11.82
874,2024-10-05,20.21
874,2024-10-14,31.43
874,2024-10-25,17.87
874,2024-11-02,22.24
874,2024-12-16,19.65
874,2024-12-17,17.8
874,2025-02-23,18.43
874,2025-03-16,18.11
874,2025-06-13,22.5
874,2025-07-24,35.91
874,2025-07-31,12.07
874,2025-08-03,21.59
874,2025-08-11,23.0
874,2025-09-08,29.99
875,2024-02-07,35.93
875,2024-05-03,27.19
875,2025-02-14,16.91
875,2025-05-02,25.01
875,2025-08-30,15.88
875,2025-09-24,25.47
875,2025-11-01,17.77
876,2024-06-03,16.8
876,2024-07-29,12.46
876,2024-11-18,13.03
876,2025-02-20,16.76
877,2024-04-25,100.29
877,2024-05-25,121.21
878,2024-01-05,16.32
878,2024-02-02,12.17
878,2024-04-05,37.72
878,2024-04-16,22.94
878,2024-05-10,42.14
878,2024-05-13,21.23
878,2024-07-18,27.11
878,2024-07-22,46.75
878,2024-07-25,27.07
878,2024-08-06,12.86
878,2024-09-10,17.81
878,2024-09-19,12.0
878,2024-10-14,20.82
878,2024-10-26,10.16
878,2024-11-07,8.35
878,2024-11-08,17.25
878,2024-11-30,13.13
878,2024-12-06,25.72
878,2024-12-09,14.28
878,2024-12-27,9.96
878,2025-01-06,40.76
878,2025-01-07,22.92
878,2025-01-21,20.9
878,2025-02-05,16.04
878,2025-02-18,23.08
878,2025-02-20,22.09
878,2025-02-21,29.38
878,2025-02-25,19.15
878,2025-02-25,19.36
878,2025-03-04,16.42
878,2025-03-07,36.45
878,2025-04-03,18.7
878,2025-04-22,56.37
878,2025-04-26,50.31
878,2025-04-29,16.15
878,2025-05-31,8.51
878,2025-06-03,25.82
878,2025-06-09,41.97
878,2025-06-11,26.6
878,2025-07-05,27.95
878,2025-07-12,21.84
878,2025-07-27,25.6
878,2025-08-05,36.93
878,2025-08-09,10.76
878,2025-08-23,22.59
878,2025-09-25,10.93
878,2025-10-25,19.82
878,2025-11-13,24.28
878,2025-11-23,30.46
878,2025-11-25,7.71
879,2024-02-13,30.95
879,2024-02-19,36.94
880,2024-06-28,14.08
880,2024-07-27,36.9
881,2024-03-18,11.42
881,2024-06-29,12.37
881,2024-07-06,6.6
881,2024-07-20,25.6
881,2024-08-05,22.87
881,2024-08-22,14.89
881,2024-09-01,13.9
881,2024-09-07,26.79
881,2024-10-04,4.97
881,2024-11-05,14.4
881,2025-01-03,9.62
881,2025-02-12,15.92
881,2025-03-28,11.47
881,2025-05-18,6.09
881,2025-05-29,12.25
881,2025-10-23,7.01
882,2024-01-27,27.11
882,2024-02-25,38.7
882,2024-03-09,10.09
882,2024-04-04,9.55
882,2024-04-07,18.05
882,2024-04-10,20.04
882,2024-04-27,22.14
882,2024-05-18,21.61
882,2024-06-10,28.75
882,2024-06-17,7.18
882,2024-06-17,15.55
882,2024-06-25,27.68
882,2024-06-27,5.95
882,2024-06-30,17.94
882,2024-07-21,23.52
882,2024-07-27,26.06
882,2024-08-04,12.23
882,2024-08-16,25.6
882,2024-08-29,16.81
882,2024-10-07,27.44
882,2024-10-08,34.65
883,2024-01-07,29.6
884,2024-01-14,17.65
884,2024-01-19,18.13
884,2024-03-02,16.54
884,2024-03-06,19.58
885,2024-03-07,57.24
885,2024-05-26,65.3
886,2024-01-16,19.6
887,2024-03-02,41.22
887,2024-10-19,39.0
887,2024-10-31,59.29
887,2025-05-25,32.22
887,2025-10-05,27.88
887,2025-12-25,15.7
888,2024-02-28,22.85
889,2024-06-22,26.28
889,2024-06-30,28.05
889,2024-07-24,11.87
890,2024-03-22,14.43
890,2024-03-29,14.67
890,2024-05-08,20.75
890,2024-05-24,7.2
890,2024-06-28,19.28
890,2024-10-25,4.53
890,2024-10-27,6.51
890,2025-02-06,13.53
890,2025-04-03,9.18
890,2025-07-22,10.51
890,2025-10-23,9.65
890,2025-11-19,16.4
891,2024-01-10,6.8
892,2024-03-01,66.04
892,2024-03-13,51.0
892,2024-06-14,74.04
892,2024-07-07,103.93
892,2024-08-03,59.53
892,2024-08-14,41.17
892,2024-10-13,49.79
892,2024-12-14,106.11
893,2024-05-12,28.15
893,2024-05-28,24.63
893,2024-08-31,38.7
893,2024-09-09,45.27
893,2024-10-20,44.23
893,2024-11-12,30.53
893,2024-12-21,48.85
893,2025-06-03,56.47
893,2025-08-15,16.99
893,2025-10-19,45.82
893,2025-10-26,19.89
893,2025-12-12,66.84
894,2024-01-27,28.41
894,2024-03-06,86.41
894,2025-07-02,12.63
895,2024-04-14,9.01
895,2024-06-30,8.76
895,2024-07-11,18.25
895,2024-09-13,15.44
895,2024-11-19,13.74
895,2025-05-01,7.27
895,2025-07-22,12.81
895,2025-08-09,27.03
895,2025-08-18,10.55
896,2024-02-09,30.01
896,2024-02-10,17.23
896,2024-03-11,24.37
896,2024-03-19,8.1
896,2024-05-18,26.98
896,2024-05-19,21.71
896,2024-06-04,59.85
896,2024-06-21,19.19
896,2024-07-28,23.49
896,2024-08-02,11.14
896,2024-09-28,23.08
896,2024-10-04,20.4
896,2024-10-12,26.88
896,2024-10-25,11.9
896,2024-12-31,4.97
896,2025-01-03,34.89
896,2025-03-07,11.8
896,2025-03-12,21.55
896,2025-05-18,44.37
896,2025-07-09,29.94
896,2025-07-20,22.51
896,2025-10-09,43.58
896,2025-12-09,22.13
896,2025-12-11,20.01
897,2024-04-14,97.33
897,2024-04-24,89.16
897,2024-04-25,65.86
898,2024-06-13,38.3
898,2024-07-06,32.22
899,2024-05-06,11.3
899,2024-06-27,26.99
899,2024-09-10,64.61
900,2024-01-10,22.97
900,2024-02-19,22.3
900,2024-02-26,10.47
900,2024-08-27,17.38
900,2024-12-03,33.05
901,2024-05-14,8.52
901,2024-05-24,16.56
901,2024-06-04,17.92
901,2024-06-07,24.76
901,2024-06-26,17.2
901,2024-08-01,27.89
901,2024-08-06,32.78
901,2024-08-15,38.86
901,2024-08-30,20.41
901,2024-10-07,29.78
901,2024-10-17,49.53
901,2024-10-31,22.12
901,2024-11-09,35.63
901,2024-12-22,22.73
901,2025-01-19,28.15
901,2025-01-28,29.52
901,2025-02-02,14.58
901,2025-02-05,25.68
901,2025-02-27,26.33
901,2025-04-29,18.95
901,2025-05-05,11.59
901,2025-06-14,22.11
901,2025-07-09,21.05
901,2025-07-18,14.79
901,2025-07-31,17.5
901,2025-08-07,13.48
901,2025-08-07,11.12
901,2025-08-13,22.21
901,2025-09-04,39.69
901,2025-09-12,17.55
901,2025-10-10,27.34
901,2025-10-18,37.21
901,2025-11-12,19.83
901,2025-11-18,25.31
901,2025-11-22,25.33
901,2025-12-10,13.57
901,2025-12-13,18.32
901,2025-12-28,14.99
902,2024-02-20,6.36
902,2024-03-17,13.31
902,2024-06-11,10.37
902,2024-10-02,9.6
902,2024-10-20,7.26
902,2024-12-31,11.63
902,2025-02-20,12.56
902,2025-03-26,13.39
902,2025-08-21,12.86
902,2025-11-07,20.08
903,2024-05-08,18.46
904,2024-01-21,113.49
904,2024-02-23,137.91
904,2024-05-03,39.87
904,2024-05-04,188.71
904,2024-05-09,95.97
904,2024-05-09,81.55
904,2024-05-13,61.05
904,2024-05-14,68.69
904,2024-05-14,97.78
904,2024-05-18,68.55
904,2024-05-21,57.5
904,2024-06-04,130.16
904,2024-07-02,86.86
904,2024-07-04,164.54
904,2024-07-08,48.53
904,2024-07-11,149.99
904,2024-08-02,48.9
904,2024-08-16,50.7
904,2024-09-02,91.88
904,2024-09-19,80.53
904,2024-09-25,72.75
904,2024-10-23,64.46
904,2024-11-23,100.43
904,2024-12-01,131.35
904,2024-12-16,95.45
904,2024-12-25,61.97
904,2025-01-14,120.67
904,2025-02-10,70.35
904,2025-02-13,87.68
904,2025-03-10,89.42
904,2025-03-18,134.94
904,2025-03-21,189.76
904,2025-05-07,52.37
904,2025-05-08,104.78
904,2025-05-09,30.57
904,2025-05-18,94.48
904,2025-06-13,110.12
904,2025-06-15,102.54
904,2025-07-04,98.61
904,2025-07-05,139.86
904,2025-07-30,50.07
904,2025-08-10,190.63
904,2025-08-31,164.68
904,2025-09-07,35.15
904,2025-10-02,67.36
904,2025-10-15,67.55
904,2025-11-13,49.21
904,2025-12-11,47.67
904,2025-12-18,50.75
905,2024-02-22,13.25
905,2024-03-04,10.69
906,2024-02-17,10.56
907,2024-02-25,12.53
908,2024-02-27,36.14
909,2024-04-07,37.0
910,2024-03-15,69.44
911,2024-03-03,27.15
912,2024-03-11,8.73
913,2024-06-06,25.72
913,2025-06-15,23.15
914,2024-05-11,33.9
914,2024-05-24,16.8
915,2024-05-04,28.93
915,2024-09-14,23.03
916,2024-05-30,25.3
916,2024-06-01,16.77
917,2024-06-29,24.21
917,2024-07-15,20.84
917,2024-07-21,32.29
917,2024-09-25,30.55
917,2024-10-20,27.25
917,2024-11-18,18.81
918,2024-06-07,38.28
918,2024-08-02,10.02
918,2024-09-29,23.72
918,2024-10-08,22.31
918,2024-12-05,5.93
918,2025-01-18,25.72
918,2025-03-04,22.64
919,2024-06-29,9.57
919,2024-07-12,8.67
919,2024-07-29,24.54
920,2024-03-15,91.56
920,2024-03-16,63.98
920,2024-05-09,31.9
920,2024-05-28,26.21
920,2024-07-17,36.3
920,2024-09-21,104.42
920,2024-09-29,41.88
920,2024-11-23,44.51
920,2024-12-15,36.48
920,2024-12-20,83.98
920,2024-12-23,61.95
920,2024-12-24,57.98
920,2025-02-01,16.14
920,2025-03-26,30.04
920,2025-03-30,46.81
920,2025-05-07,57.07
920,2025-06-12,20.72
920,2025-06-24,55.34
920,2025-08-21,43.54
920,2025-09-04,23.87
920,2025-09-30,53.56
920,2025-10-07,30.41
921,2024-03-17,8.1
921,2024-03-21,23.55
921,2024-03-31,31.97
921,2024-04-08,22.8
921,2024-04-21,33.55
921,2024-05-08,22.83
921,2024-06-14,18.84
921,2024-06-18,20.23
921,2024-06-18,17.44
921,2024-07-04,27.51
921,2024-07-05,44.84
921,2024-07-10,21.7
921,2024-07-18,15.42
921,2024-08-10,47.26
921,2024-08-21,61.85
921,2024-09-09,19.66
921,2024-09-10,14.3
921,2024-09-16,39.18
921,2024-09-21,12.47
921,2024-10-03,33.06
921,2024-11-02,47.72
921,2024-12-21,45.62
921,2024-12-26,17.49
921,2024-12-27,27.55
921,2025-01-12,37.55
921,2025-01-22,26.44
921,2025-02-08,22.56
921,2025-03-10,25.68
921,2025-03-17,37.63
921,2025-03-30,11.83
921,2025-03-30,19.94
921,2025-05-02,26.15
921,2025-05-02,30.31
921,2025-05-13,15.75
921,2025-05-14,30.36
921,2025-05-20,33.89
921,2025-06-03,27.82
921,2025-06-14,7.66
921,2025-06-18,27.1
921,2025-06-19,48.96
921,2025-06-19,21.49
921,2025-06-29,16.34
921,2025-06-30,11.38
921,2025-07-14,41.26
921,2025-07-31,23.03
921,2025-08-04,15.47
921,2025-08-24,12.66
921,2025-09-22,10.67
921,2025-10-04,21.54
921,2025-10-08,28.6
921,2025-10-26,36.42
921,2025-12-25,15.72
922,2024-06-27,5.3
923,2024-05-01,27.31
923,2024-06-03,54.92
923,2024-06-16,26.09
923,2024-07-14,28.64
923,2024-07-31,15.54
923,2024-08-08,38.47
923,2024-09-04,20.93
923,2024-09-17,34.91
923,2024-09-27,52.9
923,2024-09-30,15.14
923,2024-10-25,24.28
923,2024-10-27,14.27
924,2024-04-18,13.91
925,2024-04-29,121.85
925,2024-05-10,40.22
925,2024-06-28,92.09
925,2024-06-28,28.53
926,2024-01-17,15.27
926,2024-02-05,21.61
926,2024-02-18,10.33
926,2024-03-25,15.69
926,2024-04-05,13.78
926,2024-05-18,6.25
926,2024-05-20,15.41
926,2024-08-12,12.89
926,2024-08-22,17.59
926,2024-09-26,18.01
926,2025-02-25,17.44
926,2025-03-17,19.13
926,2025-03-20,24.85
926,2025-04-22,15.5
926,2025-04-29,9.25
926,2025-05-19,34.92
926,2025-05-20,24.94
926,2025-06-27,11.96
926,2025-07-25,12.85
926,2025-08-01,6.51
926,2025-08-01,15.04
926,2025-08-12,7.81
926,2025-09-07,20.28
926,2025-10-31,26.03
926,2025-12-18,10.32
927,2024-01-23,121.44
927,2024-01-24,154.54
927,2024-05-09,57.95
927,2024-05-19,222.97
927,2024-05-23,151.57
927,2024-05-24,232.06
927,2024-06-21,57.16
927,2025-02-02,133.08
927,2025-07-16,206.24
927,2025-07-24,261.78
928,2024-01-26,18.27
928,2024-02-06,10.83
928,2024-02-11,10.04
928,2024-02-26,19.12
928,2024-04-13,17.2
928,2024-04-15,11.33
928,2024-05-16,18.74
928,2024-07-10,14.5
928,2024-07-21,6.16
928,2024-08-12,8.97
928,2024-08-13,12.94
928,2024-11-26,8.26
928,2024-12-11,9.35
928,2025-01-03,20.65
928,2025-02-27,8.85
928,2025-05-15,15.12
928,2025-05-25,17.81
928,2025-07-04,15.6
928,2025-07-21,12.7
928,2025-10-03,14.47
929,2024-04-18,59.49
930,2024-04-22,21.3
930,2024-06-25,19.17
930,2024-09-23,29.4
931,2024-04-04,20.36
931,2024-04-07,23.77
931,2024-04-22,20.15
931,2024-05-13,12.16
931,2024-08-24,36.6
932,2024-05-03,10.85
933,2024-04-25,38.82
933,2024-05-29,33.59
933,2024-09-19,59.7
933,2024-12-14,57.52
933,2025-03-20,28.42
933,2025-06-20,63.74
934,2024-04-20,29.42
934,2024-04-24,12.78
934,2024-05-28,21.23
934,2024-07-07,15.13
935,2024-01-29,24.73
935,2024-01-30,21.01
936,2024-03-11,24.41
937,2024-02-16,25.07
937,2024-04-08,24.19
937,2024-07-03,46.67
937,2024-10-18,11.33
937,2025-01-09,14.17
937,2025-04-16,34.64
938,2024-02-14,18.42
939,2024-06-10,23.25
940,2024-06-12,6.6
940,2024-07-16,9.65
940,2024-08-07,4.84
940,2024-08-11,10.79
940,2024-09-01,8.08
940,2024-09-11,13.56
940,2024-11-08,14.08
940,2024-11-23,11.8
940,2024-12-01,15.63
941,2024-06-19,74.97
941,2024-06-21,88.13
941,2024-07-18,84.98
941,2024-08-03,96.37
941,2024-08-22,46.62
941,2024-09-17,91.17
941,2024-10-20,93.9
941,2024-11-27,52.12
941,2024-12-16,72.2
941,2024-12-19,158.85
941,2025-03-29,141.29
941,2025-04-02,94.38
941,2025-04-05,61.82
942,2024-02-21,37.39
943,2024-01-15,12.72
944,2024-03-12,73.25
944,2024-03-13,29.71
945,2024-05-22,39.35
945,2024-05-31,10.19
945,2024-06-08,25.98
945,2024-06-18,13.39
945,2024-06-19,12.5
945,2024-07-08,23.63
945,2024-07-10,16.43
945,2024-07-13,12.58
945,2024-08-18,12.92
945,2024-09-17,13.53
945,2024-09-27,10.66
945,2024-10-12,17.55
945,2024-11-11,20.51
945,2024-11-15,19.57
945,2024-12-07,13.22
945,2024-12-11,21.51
945,2024-12-16,10.17
945,2024-12-29,19.37
945,2025-01-08,12.61
945,2025-02-23,11.77
945,2025-02-25,17.45
945,2025-03-02,14.47
945,2025-03-23,8.15
945,2025-03-29,11.99
945,2025-04-19,10.83
945,2025-05-09,8.88
945,2025-05-22,9.8
945,2025-08-08,30.18
945,2025-08-28,13.97
945,2025-09-02,13.6
945,2025-09-08,20.53
945,2025-09-15,17.59
945,2025-10-13,24.64
945,2025-12-10,18.4
946,2024-02-27,36.99
946,2024-03-03,31.46
946,2024-03-17,12.68
946,2024-03-27,37.84
946,2024-05-10,13.21
946,2024-06-12,17.24
947,2024-02-18,28.07
947,2024-02-25,46.41
947,2024-03-04,14.92
948,2024-06-28,15.47
948,2024-07-31,19.27
948,2025-01-12,26.88
948,2025-01-21,20.53
948,2025-02-05,20.22
948,2025-03-26,18.03
948,2025-05-09,6.01
948,2025-05-22,7.25
948,2025-08-28,6.86
948,2025-11-19,19.07
949,2024-02-06,33.85
949,2024-03-21,15.58
949,2024-03-26,37.44
949,2024-03-29,47.15
949,2024-04-23,52.0
949,2024-05-04,59.05
949,2024-06-01,32.68
949,2024-06-05,22.13
949,2024-07-06,26.31
949,2024-07-16,23.3
949,2024-07-17,21.33
949,2024-07-29,37.21
949,2024-08-01,42.98
949,2024-08-09,63.58
949,2024-09-14,41.42
949,2024-09-14,41.02
949,2024-09-27,26.91
949,2024-10-21,53.08
949,2024-11-09,47.78
949,2024-11-30,43.4
949,2024-12-16,19.09
949,2024-12-29,46.91
949,2025-01-06,21.98
949,2025-01-18,51.88
949,2025-02-01,46.16
949,2025-02-21,55.5
949,2025-04-01,32.07
949,2025-04-05,19.05
949,2025-04-07,14.8
949,2025-04-19,51.22
949,2025-05-04,63.56
949,2025-07-05,66.09
949,2025-07-16,60.02
949,2025-07-19,47.91
949,2025-07-28,20.84
949,2025-09-16,43.52
949,2025-10-19,58.05
949,2025-11-21,57.16
949,2025-11-24,50.77
949,2025-11-27,31.35
949,2025-12-04,40.08
949,2025-12-14,33.17
949,2025-12-20,29.61
949,2025-12-22,31.17
950,2024-06-25,43.37
950,2024-08-18,30.64
951,2024-05-03,36.32
951,2024-05-23,19.71
952,2024-04-05,26.68
952,2024-04-06,33.12
952,2024-04-20,37.94
952,2024-04-25,25.39
952,2024-04-26,15.57
952,2024-05-03,98.45
952,2024-05-04,67.71
952,2024-05-07,35.32
952,2024-05-11,29.74
952,2024-05-12,41.88
952,2024-05-15,34.33
952,2024-06-05,56.0
952,2024-06-07,24.0
952,2024-06-09,19.43
952,2024-06-11,30.74
952,2024-06-14,50.95
952,2024-06-25,17.98
952,2024-06-26,29.08
952,2024-07-03,80.02
952,2024-07-04,19.26
952,2024-07-11,41.3
952,2024-07-28,49.37
952,2024-08-02,34.51
952,2024-08-14,58.89
952,2024-09-10,24.56
952,2024-09-12,49.42
952,2024-09-15,18.95
952,2024-09-20,60.93
952,2024-10-05,12.4
952,2024-10-15,68.85
952,2024-10-17,30.65
952,2024-10-21,40.84
952,2024-10-25,28.17
952,2024-10-28,31.33
952,2024-11-09,32.72
952,2024-11-12,41.7
952,2024-11-24,16.3
952,2024-11-24,60.21
952,2024-12-16,26.78
952,2024-12-19,28.82
952,2024-12-22,34.09
952,2024-12-28,21.43
952,2025-01-07,35.51
952,2025-01-15,43.27
952,2025-01-18,38.38
952,2025-01-18,20.53
952,2025-01-24,41.51
952,2025-01-25,52.13
952,2025-01-31,37.05
952,2025-02-10,44.48
952,2025-02-21,67.02
952,2025-02-24,63.65
952,2025-03-02,15.21
952,2025-03-14,40.68
952,2025-03-16,34.3
952,2025-03-24,32.81
952,2025-03-31,38.35
952,2025-04-07,41.76
952,2025-04-09,64.26
952,2025-04-10,20.21
952,2025-04-13,19.39
952,2025-04-17,14.98
952,2025-04-17,9.86
952,2025-04-17,28.83
952,2025-04-19,24.8
952,2025-04-20,45.85
952,2025-04-26,39.15
952,2025-04-27,32.96
952,2025-04-28,49.7
952,2025-05-03,31.04
952,2025-05-10,40.46
952,2025-05-14,43.33
952,2025-06-18,25.33
952,2025-06-28,26.59
952,2025-07-01,67.55
952,2025-07-06,58.17
952,2025-07-23,25.12
952,2025-07-26,52.48
952,2025-07-28,44.25
952,2025-08-23,36.06
952,2025-08-31,15.2
952,2025-09-19,57.19
952,2025-09-20,20.18
952,2025-09-26,42.78
952,2025-10-02,53.33
952,2025-10-07,21.88
952,2025-10-12,15.38
952,2025-10-14,18.98
952,2025-10-15,24.7
952,2025-10-16,30.47
952,2025-10-20,36.36
952,2025-11-04,11.51
952,2025-11-16,39.6
952,2025-11-24,63.63
952,2025-11-25,37.93
952,2025-11-26,69.79
952,2025-12-01,26.86
952,2025-12-02,74.17
952,2025-12-14,50.7
952,2025-12-21,43.8
952,2025-12-21,58.76
953,2024-05-10,19.46
953,2024-06-09,46.59
953,2024-06-25,29.44
953,2024-07-29,27.07
953,2024-08-26,35.48
953,2024-09-27,53.28
953,2024-09-29,30.07
954,2024-03-28,45.07
954,2025-06-20,24.7
955,2024-01-24,12.95
955,2024-03-01,15.12
955,2024-04-06,22.31
956,2024-04-15,149.4
956,2024-05-30,71.93
956,2024-07-29,132.06
957,2024-02-23,38.0
957,2024-04-27,39.22
957,2024-07-31,24.83
958,2024-01-11,53.53
958,2024-01-23,124.06
958,2024-01-31,44.72
958,2024-02-23,120.6
958,2024-04-22,48.63
958,2024-04-22,78.9
958,2024-04-30,89.26
958,2024-05-06,28.3
958,2024-05-12,52.34
958,2024-06-17,97.28
958,2024-07-15,100.31
958,2024-07-16,76.3
958,2024-08-14,40.31
958,2024-09-06,33.49
958,2024-09-15,67.0
958,2024-09-29,58.48
958,2024-10-10,71.09
958,2024-10-22,67.69
958,2024-10-24,112.52
958,2024-10-27,84.02
958,2024-11-05,63.48
958,2024-11-13,77.86
958,2025-01-02,41.51
958,2025-01-08,78.56
958,2025-01-13,50.48
958,2025-01-20,66.05
958,2025-01-27,55.47
958,2025-02-07,63.62
958,2025-03-12,94.73
958,2025-03-13,96.71
958,2025-03-25,41.76
958,2025-04-02,62.55
958,2025-04-09,68.43
958,2025-04-26,57.71
958,2025-05-10,75.83
958,2025-06-12,136.2
958,2025-06-24,76.48
958,2025-07-14,72.22
958,2025-07-23,59.87
958,2025-08-20,79.0
958,2025-08-24,75.25
958,2025-09-04,47.06
958,2025-09-29,76.58
959,2024-03-12,9.49
959,2024-05-22,22.45
959,2024-05-29,18.11
960,2024-02-19,21.78
960,2024-03-17,19.04
960,2024-04-14,9.6
960,2024-04-19,28.92
960,2024-04-19,25.6
960,2024-05-03,30.34
960,2024-05-19,12.76
960,2024-07-24,16.77
960,2024-08-05,12.82
960,2024-10-14,10.87
960,2025-01-11,10.87
960,2025-07-28,15.5
960,2025-09-05,20.47
960,2025-11-01,19.35
960,2025-12-19,25.16
961,2024-05-03,14.16
962,2024-06-07,29.1
962,2024-08-10,22.05
962,2024-08-14,35.93
962,2024-08-19,59.85
962,2024-08-19,41.08
963,2024-03-30,29.05
963,2024-04-19,45.97
963,2024-06-02,44.37
964,2024-06-04,24.77
965,2024-06-20,73.19
966,2024-05-12,21.95
966,2024-05-18,21.06
966,2024-10-08,17.37
966,2025-01-23,30.74
967,2024-04-26,29.88
967,2024-09-06,36.24
968,2024-03-17,16.97
969,2024-04-28,26.37
969,2024-05-07,16.2
969,2024-06-10,23.11
969,2024-06-18,19.27
969,2024-07-19,10.62
969,2024-08-16,17.95
969,2024-08-18,6.94
969,2024-08-20,11.63
969,2024-09-10,13.37
969,2024-09-14,29.16
969,2024-09-22,9.62
969,2024-10-08,11.84
969,2024-10-18,15.8
969,2024-10-30,9.9
969,2024-12-01,19.96
969,2024-12-04,21.19
969,2024-12-26,14.11
969,2025-01-11,30.86
969,2025-01-19,13.83
969,2025-02-19,21.96
969,2025-03-03,23.94
969,2025-03-04,18.17
969,2025-03-09,13.5
969,2025-05-11,22.73
969,2025-05-17,28.55
969,2025-05-31,8.81
969,2025-07-03,16.0
969,2025-07-19,13.07
969,2025-07-29,8.77
969,2025-08-02,15.61
969,2025-08-12,19.09
969,2025-08-17,14.29
969,2025-09-07,9.27
969,2025-10-12,11.86
969,2025-10-30,8.11
969,2025-11-03,9.39
969,2025-11-09,23.48
969,2025-12-23,13.72
969,2025-12-27,12.97
970,2024-02-11,23.85
970,2024-05-15,19.44
970,2024-06-23,24.26
971,2024-06-27,151.47
972,2024-05-01,43.34
973,2024-03-19,18.92
973,2024-05-05,11.66
973,2024-06-14,12.49
973,2024-07-03,7.52
973,2024-07-31,11.77
973,2024-08-19,9.51
973,2024-08-21,7.77
973,2024-09-05,9.55
973,2024-10-28,17.75
973,2024-12-18,9.62
973,2024-12-31,3.87
973,2025-01-05,11.63
973,2025-01-16,15.65
973,2025-02-02,22.69
973,2025-02-28,15.48
973,2025-03-02,10.23
973,2025-03-03,7.37
973,2025-03-23,19.46
973,2025-04-17,11.61
973,2025-06-01,13.49
973,2025-07-15,18.54
973,2025-07-30,13.46
973,2025-08-30,11.91
973,2025-10-02,21.28
974,2024-05-12,43.59
974,2024-05-20,58.72
974,2024-07-12,51.89
975,2024-03-20,82.12
975,2024-05-07,46.67
976,2024-03-27,13.0
976,2024-03-30,14.71
976,2024-04-27,32.67
976,2024-05-21,14.23
976,2024-06-04,12.53
976,2024-06-10,23.62
976,2024-06-20,11.1
976,2024-06-23,21.72
976,2024-07-04,12.54
976,2024-07-08,19.49
976,2024-07-29,30.2
976,2024-08-03,17.72
976,2024-08-08,11.24
976,2024-08-13,25.17
976,2024-08-15,22.68
977,2024-01-25,33.71
977,2024-02-20,80.66
977,2024-02-26,56.94
977,2024-06-05,30.51
977,2024-06-12,48.45
978,2024-03-08,20.98
978,2024-03-09,14.11
978,2024-03-27,14.81
978,2024-05-09,18.45
978,2024-05-29,4.96
978,2024-06-24,15.43
978,2024-12-06,13.84
978,2025-01-07,19.3
978,2025-06-22,16.84
978,2025-08-22,15.59
978,2025-10-13,18.8
978,2025-12-04,20.73
979,2024-04-01,34.66
979,2024-06-27,35.96
980,2024-03-10,7.53
980,2024-04-23,3.9
980,2024-06-14,21.26
980,2024-07-06,16.45
980,2024-07-14,12.93
980,2024-07-14,20.13
980,2024-08-07,11.42
981,2024-01-08,25.3
981,2024-01-20,19.73
981,2024-01-26,27.27
981,2024-02-23,28.78
981,2024-03-13,16.48
981,2024-03-18,22.07
981,2024-04-04,25.81
981,2024-04-23,25.73
981,2024-05-12,12.83
981,2024-05-13,14.59
981,2024-05-26,20.95
981,2024-06-06,20.82
981,2024-06-29,24.96
981,2024-07-22,17.81
981,2024-10-23,24.61
981,2024-10-26,43.41
981,2025-01-02,18.22
981,2025-01-13,22.01
981,2025-02-10,19.85
981,2025-03-04,22.31
981,2025-03-05,12.67
981,2025-03-18,26.8
981,2025-05-16,7.65
981,2025-09-11,23.83
981,2025-09-13,13.87
981,2025-09-14,21.76
981,2025-09-22,14.97
981,2025-09-30,17.87
981,2025-09-30,21.14
981,2025-10-25,25.92
981,2025-11-04,28.82
981,2025-12-20,20.35
981,2025-12-26,26.85
982,2024-05-07,7.8
982,2024-05-11,17.66
982,2024-05-15,9.87
982,2024-05-18,20.21
982,2024-05-25,18.0
982,2024-06-02,15.18
982,2024-06-27,16.45
983,2024-01-29,18.05
983,2025-03-26,32.52
984,2024-01-11,36.35
984,2024-02-28,33.22
984,2024-04-20,27.77
984,2024-08-17,35.07
984,2024-08-26,43.93
985,2024-03-03,37.36
985,2025-05-04,33.36
986,2024-03-10,21.51
986,2024-03-21,24.13
986,2024-05-17,38.84
986,2024-06-06,29.5
986,2024-07-17,24.39
986,2024-09-25,27.01
986,2024-09-26,16.77
986,2024-11-03,50.18
986,2024-11-18,36.46
986,2025-01-16,24.18
986,2025-02-15,16.53
986,2025-02-27,16.73
986,2025-03-23,35.33
986,2025-03-24,18.55
986,2025-04-06,27.98
986,2025-07-20,24.57
986,2025-08-01,16.7
986,2025-08-20,57.69
986,2025-08-29,29.15
986,2025-09-01,26.7
987,2024-06-20,160.61
987,2024-06-22,61.59
988,2024-03-18,7.79
988,2024-05-04,16.7
988,2024-08-27,31.03
988,2024-09-29,8.87
988,2024-11-23,8.6
988,2025-04-05,6.09
988,2025-08-11,7.62
988,2025-10-19,15.53
988,2025-12-05,7.65
989,2024-05-19,19.79
989,2024-06-18,35.62
989,2024-08-17,29.71
990,2024-05-03,38.34
990,2024-06-25,47.18
991,2024-01-01,19.92
991,2024-01-16,15.87
991,2024-02-03,15.27
991,2024-05-14,11.36
991,2024-06-28,28.28
991,2024-11-27,25.43
991,2024-12-10,6.58
991,2024-12-23,9.25
991,2025-01-16,10.44
991,2025-02-18,33.72
991,2025-03-22,21.01
991,2025-07-11,18.78
991,2025-07-12,14.93
991,2025-12-01,14.35
991,2025-12-09,18.7
992,2024-05-27,19.97
992,2024-06-12,8.59
992,2024-06-16,10.98
992,2024-07-06,15.4
992,2025-01-03,9.26
992,2025-02-09,14.88
992,2025-02-26,17.44
992,2025-04-08,7.45
992,2025-07-09,23.96
992,2025-07-28,15.73
993,2024-03-18,17.36
993,2024-03-27,6.38
993,2024-04-11,15.3
993,2024-04-20,12.89
993,2024-05-13,12.63
993,2024-06-13,11.42
993,2024-06-16,6.31
993,2024-06-23,17.05
993,2024-07-04,11.36
993,2024-07-15,16.42
993,2024-09-19,10.51
993,2024-10-12,14.24
993,2024-10-17,9.06
993,2024-10-23,14.81
993,2024-11-13,16.51
993,2024-12-02,7.0
994,2024-02-26,16.97
994,2024-03-17,26.44
994,2024-04-13,11.58
994,2024-06-17,42.47
994,2024-06-27,9.65
994,2024-10-04,24.11
994,2024-10-27,17.27
994,2024-11-05,23.86
994,2025-01-20,13.62
994,2025-01-31,28.0
994,2025-02-14,14.81
995,2024-05-12,64.99
996,2024-03-06,77.1
996,2024-04-22,100.41
996,2024-06-27,53.9
996,2024-07-14,116.3
996,2024-08-05,137.52
997,2024-04-19,66.35
997,2024-07-25,36.21
997,2024-11-16,51.08
997,2025-03-01,67.39
997,2025-03-12,26.11
997,2025-03-23,41.55
997,2025-05-11,39.55
997,2025-05-17,58.74
997,2025-09-22,82.08
998,2024-01-29,48.83
998,2024-02-10,78.49
998,2024-02-15,37.11
998,2024-04-01,96.94
998,2024-06-04,31.25
998,2024-07-01,73.6
998,2024-08-02,36.25
998,2024-08-08,62.28
998,2024-09-04,51.16
998,2024-09-09,42.35
998,2024-09-14,85.42
998,2024-10-04,36.83
998,2024-10-27,73.39
998,2024-12-07,43.15
998,2025-03-08,41.67
998,2025-04-28,60.49
998,2025-06-04,99.08
998,2025-06-20,48.49
998,2025-07-18,87.59
998,2025-09-28,90.62
998,2025-10-02,25.9
998,2025-11-14,37.44
998,2025-11-30,43.85
999,2024-05-18,17.24
1000,2024-02-04,24.31
1000,2024-03-28,21.68
1000,2024-08-22,17.29
1001,2024-03-14,10.09
1001,2024-06-19,14.91
1002,2024-04-18,12.05
1002,2024-04-26,13.05
1002,2024-05-24,4.52
1002,2024-05-31,7.06
1002,2024-07-14,13.94
1002,2024-08-18,14.67
1002,2024-08-30,4.64
1002,2024-09-06,9.6
1002,2024-10-20,28.99
1002,2024-12-08,7.77
1002,2024-12-27,9.03
1002,2025-01-10,7.17
1002,2025-02-25,10.59
1002,2025-03-14,7.81
1003,2024-01-19,3.18
1003,2024-02-08,16.49
1003,2024-04-03,14.07
1003,2024-04-17,7.33
1003,2024-04-30,9.03
1003,2024-06-13,12.53
1003,2024-07-29,6.39
1003,2024-08-30,5.56
1003,2024-09-15,5.63
1003,2024-09-15,8.19
1003,2024-11-19,5.29
1003,2024-11-21,9.26
1003,2024-12-12,9.97
1003,2024-12-13,6.34
1003,2024-12-15,12.16
1003,2025-01-20,12.88
1003,2025-01-24,4.48
1003,2025-02-12,24.12
1003,2025-02-19,4.11
1003,2025-02-19,19.92
1003,2025-03-24,5.93
1003,2025-04-16,16.45
1003,2025-05-21,18.01
1003,2025-07-01,11.6
1003,2025-08-17,6.86
1003,2025-08-29,8.55
1003,2025-09-03,15.71
1003,2025-09-24,7.65
1003,2025-09-30,6.27
1003,2025-10-01,20.94
1003,2025-12-06,13.58
1003,2025-12-17,4.86
1004,2024-03-05,13.86
1004,2024-08-26,12.88
1004,2025-02-12,15.71
1004,2025-05-17,11.28
1004,2025-05-24,12.29
1005,2024-06-11,14.7
1005,2024-06-11,43.32
1005,2024-06-15,19.53
1005,2024-06-22,18.08
1005,2024-06-25,28.37
1005,2024-07-08,13.09
1005,2024-07-16,10.94
1005,2024-07-20,13.3
1005,2024-09-01,23.6
1005,2024-09-01,36.79
1005,2024-09-02,19.33
1005,2024-09-03,38.45
1005,2024-09-12,17.34
1005,2024-10-12,20.37
1005,2024-10-15,31.64
1005,2024-10-16,26.98
1005,2024-10-19,16.56
1005,2024-10-25,24.93
1005,2024-11-01,13.97
1005,2024-11-11,30.61
1005,2024-11-19,15.26
1005,2024-12-05,19.52
1005,2024-12-17,25.79
1005,2024-12-26,14.4
1005,2025-01-01,17.23
1005,2025-01-10,21.2
1005,2025-01-20,15.4
1005,2025-01-27,32.68
1005,2025-02-14,19.56
1005,2025-03-14,20.74
1005,2025-04-15,48.76
1005,2025-04-22,34.89
1005,2025-05-06,15.87
1005,2025-05-14,15.73
1005,2025-05-27,29.38
1005,2025-05-30,13.44
1005,2025-06-23,32.88
1005,2025-06-30,24.73
1005,2025-08-05,18.92
1005,2025-08-08,38.27
1005,2025-08-18,30.24
1005,2025-09-09,12.58
1005,2025-09-24,15.35
1005,2025-09-28,19.23
1005,2025-09-29,23.34
1005,2025-10-02,12.52
1005,2025-10-03,21.16
1005,2025-11-09,22.05
1005,2025-11-23,10.87
1005,2025-12-01,27.34
1005,2025-12-03,16.89
1005,2025-12-03,13.8
1005,2025-12-07,30.5
1005,2025-12-08,15.9
1005,2025-12-10,30.57
1005,2025-12-21,11.2
1005,2025-12-25,36.72
1006,2024-01-18,39.58
1006,2024-01-31,49.48
1006,2024-02-18,56.35
1006,2024-02-29,15.33
1006,2024-03-10,15.66
1006,2024-03-25,31.08
1006,2024-03-29,19.96
1006,2024-03-31,40.97
1006,2024-03-31,23.67
1006,2024-04-01,8.87
1007,2024-04-28,58.92
1008,2024-05-13,20.57
1008,2024-05-29,17.27
1008,2024-08-25,13.08
1008,2024-11-01,22.32
1008,2025-03-25,21.23
1008,2025-06-19,11.71
1008,2025-09-05,14.9
1009,2024-02-01,38.41
1010,2024-04-19,9.32
1010,2024-06-29,9.69
1010,2024-07-07,8.56
1010,2024-07-17,13.25
1010,2024-07-30,19.99
1010,2024-09-06,10.41
1010,2024-09-26,24.0
1010,2024-10-13,5.21
1010,2024-12-16,15.52
1010,2025-01-03,11.47
1010,2025-01-15,8.2
1010,2025-03-05,8.67
1010,2025-03-16,13.86
1010,2025-03-20,10.2
1010,2025-04-06,7.0
1010,2025-04-20,12.12
1010,2025-04-30,27.64
1010,2025-05-05,27.15
1010,2025-06-06,9.74
1010,2025-06-16,28.05
1010,2025-06-19,20.32
1010,2025-07-13,26.1
1010,2025-07-22,23.29
1010,2025-11-16,7.35
1010,2025-11-24,10.86
1010,2025-11-29,15.16
1010,2025-12-27,14.72
1011,2024-03-02,18.04
1012,2024-05-20,34.47
1012,2024-07-01,16.26
1012,2024-07-29,36.48
1012,2024-09-28,36.37
1012,2024-10-09,27.06
1012,2024-12-13,25.29
1012,2025-03-09,15.47
1012,2025-04-30,28.31
1012,2025-06-11,21.61
1012,2025-09-13,24.73
1012,2025-09-24,22.73
1012,2025-12-04,39.42
1013,2024-05-05,13.8
1013,2024-06-11,19.8
1013,2024-07-19,43.73
1013,2024-08-26,11.72
1013,2024-09-24,31.21
1014,2024-01-03,57.06
1014,2024-03-14,85.72
1015,2024-03-13,162.51
1015,2024-03-29,291.05
1015,2024-08-20,208.63
1015,2024-09-20,200.45
1015,2024-10-31,163.01
1015,2024-12-16,307.23
1015,2025-05-22,183.16
1016,2024-03-30,25.56
1016,2024-10-24,28.45
1016,2025-04-14,29.69
1017,2024-01-20,27.69
1017,2024-04-25,19.99
1017,2024-12-24,22.58
1017,2025-02-15,12.1
1017,2025-04-28,15.64
1018,2024-01-02,36.96
1018,2024-01-02,16.23
1018,2024-01-06,41.94
1018,2024-01-21,16.72
1018,2024-02-18,46.32
1018,2024-02-28,39.02
1018,2024-02-29,33.0
1018,2024-03-20,30.03
1018,2024-04-12,21.23
1018,2024-06-17,31.27
1018,2024-07-03,57.23
1018,2024-07-17,59.25
1018,2024-07-24,40.68
1018,2024-08-09,19.42
1018,2024-08-10,39.59
1018,2024-09-05,51.11
1018,2024-09-17,35.86
1018,2024-10-01,41.0
1018,2024-10-05,34.66
1018,2024-11-02,75.85
1018,2024-11-21,70.35
1018,2024-12-12,15.69
1018,2025-01-21,19.49
1018,2025-02-11,46.56
1018,2025-02-13,38.35
1018,2025-02-18,25.12
1018,2025-03-28,22.41
1018,2025-06-17,47.03
1018,2025-06-20,21.5
1018,2025-07-14,49.61
1018,2025-07-15,16.28
1018,2025-07-20,51.94
1018,2025-07-26,51.12
1018,2025-08-01,26.27
1018,2025-09-05,43.48
1018,2025-09-09,22.73
1018,2025-09-25,38.89
1018,2025-10-07,28.93
1018,2025-10-26,48.63
1018,2025-12-06,22.2
1019,2024-03-19,76.65
1019,2024-04-23,97.26
1019,2024-07-13,36.04
1019,2024-09-30,27.67
1019,2024-10-25,79.5
1019,2025-07-12,62.6
1019,2025-08-19,85.47
1020,2024-06-25,10.9
1021,2024-03-14,24.24
1022,2024-02-06,68.46
1022,2024-02-06,29.43
1022,2024-02-11,55.34
1022,2024-03-02,34.07
1022,2024-03-10,33.08
1022,2024-03-29,23.91
1022,2024-04-02,41.88
1022,2024-06-19,40.26
1022,2024-06-27,49.69
1022,2024-07-07,16.91
1022,2024-07-20,18.75
1022,2024-08-09,23.29
1023,2024-01-13,42.1
1024,2024-01-17,11.12
1024,2024-07-19,15.83
1024,2025-03-27,15.72
1025,2024-02-12,58.45
1026,2024-03-09,26.62
1027,2024-02-04,16.94
1028,2024-03-13,24.68
1028,2024-03-29,24.12
1028,2024-06-03,24.04
1028,2024-06-19,8.28
1028,2024-06-24,15.59
1028,2024-07-11,23.9
1028,2024-08-14,25.82
1028,2024-11-08,21.19
1028,2024-11-25,22.61
1028,2024-11-25,15.71
1028,2025-02-17,9.33
1028,2025-02-25,21.58
1028,2025-03-20,7.38
1029,2024-04-21,10.84
1030,2024-05-03,17.93
1031,2024-01-05,7.12
1031,2024-02-07,22.02
1031,2024-04-08,27.9
1031,2024-04-14,18.96
1031,2024-09-10,24.43
1031,2024-11-09,12.55
1031,2025-03-09,12.64
1031,2025-03-10,13.88
1031,2025-03-20,13.57
1031,2025-03-26,28.31
1031,2025-04-16,21.62
1031,2025-04-17,20.26
1031,2025-05-03,40.69
1031,2025-05-24,21.89
1031,2025-07-04,16.18
1031,2025-11-05,39.28
1031,2025-11-10,36.38
1031,2025-11-15,36.71
1031,2025-12-25,26.94
1032,2024-03-03,83.57
1032,2024-03-31,53.73
1032,2024-04-03,31.18
1032,2024-04-16,86.66
1032,2024-06-08,62.69
1032,2024-06-21,83.84
1032,2024-07-17,19.84
1032,2024-07-19,31.89
1032,2024-08-20,73.35
1032,2024-09-25,93.59
1032,2024-10-04,64.02
1032,2024-10-13,34.14
1032,2024-12-11,35.74
1032,2025-01-02,39.14
1032,2025-01-10,74.21
1032,2025-02-22,61.73
1032,2025-03-27,39.88
1032,2025-03-29,56.15
1032,2025-05-15,58.76
1032,2025-05-30,34.11
1032,2025-07-24,67.75
1032,2025-08-03,109.7
1032,2025-09-20,89.27
1032,2025-11-16,18.08
1032,2025-12-14,50.35
1033,2024-03-25,56.5
1033,2025-03-24,41.03
1034,2024-05-15,27.85
1034,2024-06-01,12.28
1034,2024-09-01,14.33
1034,2024-12-08,14.07
1035,2024-02-15,12.43
1036,2024-02-25,23.56
1036,2024-04-06,16.85
1036,2024-05-24,14.25
1036,2024-06-05,19.97
1036,2024-07-07,11.68
1036,2024-07-25,30.51
1037,2024-01-10,36.37
1038,2024-03-14,29.79
1038,2025-02-28,25.97
1038,2025-08-17,19.89
1039,2024-01-02,7.23
1039,2024-01-21,7.95
1039,2024-01-23,7.59
1039,2024-01-24,11.26
1039,2024-02-21,11.09
1039,2024-03-16,11.0
1039,2024-03-19,13.08
1039,2024-03-29,5.63
1039,2024-03-31,23.24
1039,2024-04-05,13.48
1039,2024-04-06,7.81
1039,2024-04-10,3.55
1039,2024-04-15,9.53
1039,2024-04-25,10.65
1039,2024-05-03,6.45
1039,2024-05-18,3.86
1039,2024-05-23,14.67
1039,2024-05-30,11.52
1039,2024-06-08,9.96
1039,2024-06-08,3.74
1039,2024-07-07,8.9
1040,2024-06-18,52.55
1040,2024-07-08,55.22
1040,2024-07-13,45.91
1040,2024-07-16,40.18
1040,2024-09-01,29.24
1040,2024-09-09,51.44
1040,2024-09-15,67.45
1040,2024-09-17,48.95
1040,2024-09-19,36.15
1040,2024-09-26,68.4
1040,2024-10-04,48.97
1040,2024-10-04,25.77
1040,2024-10-11,63.55
1040,2024-10-23,64.76
1040,2024-11-07,38.25
1040,2024-12-12,48.42
1040,2024-12-31,34.3
1040,2025-01-11,45.45
1040,2025-02-03,79.96
1041,2024-01-17,15.25
1041,2024-12-04,18.41
1041,2025-03-21,42.17
1041,2025-06-16,17.14
1041,2025-09-09,29.04
1042,2024-01-11,4.11
1042,2024-02-22,22.16
1042,2024-03-18,21.85
1042,2024-03-20,17.11
1042,2024-06-05,21.39
1042,2024-06-08,7.4
1042,2024-08-29,11.62
1042,2024-11-04,13.14
1042,2024-12-09,16.73
1042,2024-12-19,10.36
1042,2024-12-20,15.68
1042,2025-04-29,16.51
1042,2025-06-13,8.49
1042,2025-07-24,10.64
1042,2025-10-14,11.56
1042,2025-11-13,13.05
1042,2025-11-19,10.95
1042,2025-11-24,10.42
1043,2024-06-25,12.31
1044,2024-05-23,14.79
1044,2024-05-31,20.18
1044,2024-07-06,48.61
1044,2024-07-09,22.8
1044,2024-07-16,17.72
1044,2024-08-08,12.57
1044,2024-08-11,16.21
1044,2024-08-17,22.19
1044,2024-10-18,22.29
1044,2024-11-12,33.07
1044,2024-11-16,19.19
1044,2025-01-19,27.18
1044,2025-01-25,12.4
1044,2025-01-26,24.01
1044,2025-02-14,15.02
1044,2025-02-18,21.64
1044,2025-03-04,25.02
1044,2025-04-08,17.71
1044,2025-05-12,31.87
1044,2025-05-15,28.38
1044,2025-06-04,34.19
1044,2025-06-09,28.43
1044,2025-07-01,22.92
1044,2025-09-12,22.45
1045,2024-02-02,19.82
1045,2024-02-14,32.58
1045,2024-02-24,35.53
1045,2024-06-01,13.84
1045,2024-06-29,8.29
1045,2024-06-30,50.11
1045,2024-07-09,32.41
1045,2024-08-13,17.76
1045,2024-09-13,27.81
1045,2024-11-15,43.3
1045,2024-11-22,64.33
1045,2024-12-14,21.95
1045,2025-02-14,15.02
1045,2025-02-19,35.8
1045,2025-03-17,34.98
1045,2025-03-23,40.99
1045,2025-04-06,12.3
1045,2025-04-28,30.38
1045,2025-05-21,17.31
1045,2025-07-27,31.08
1045,2025-07-27,45.98
1045,2025-09-26,14.47
1045,2025-10-24,24.34
1045,2025-11-22,30.28
1045,2025-12-22,9.24
1045,2025-12-23,16.57
1046,2024-06-03,14.22
1046,2024-07-25,25.76
1046,2024-08-03,34.47
1046,2024-08-09,24.82
1046,2024-08-19,20.71
1046,2024-08-20,33.2
1046,2024-08-29,19.5
1046,2024-08-29,35.14
1046,2024-09-19,22.71
1046,2024-10-04,39.67
1046,2024-11-18,23.44
1046,2025-01-07,13.57
1046,2025-01-14,14.23
1046,2025-06-26,30.82
1046,2025-07-14,21.6
1046,2025-09-11,20.79
1046,2025-09-22,27.57
1046,2025-09-29,16.34
1046,2025-12-10,12.43
1047,2024-06-20,24.49
1048,2024-01-03,55.69
1048,2024-04-25,60.06
1048,2024-08-04,19.44
1049,2024-06-22,6.74
1050,2024-03-22,38.39
1050,2024-05-25,30.49
1050,2024-06-22,19.63
1050,2024-10-04,37.02
1050,2025-02-06,29.47
1051,2024-01-19,20.81
1051,2024-02-06,15.58
1051,2024-02-27,18.09
1051,2024-03-01,18.09
1051,2024-03-10,7.82
1051,2024-04-14,12.38
1051,2024-04-18,24.94
1051,2024-05-08,19.94
1051,2024-05-15,15.29
1051,2024-05-31,19.98
1051,2024-09-03,11.37
1051,2024-09-21,12.72
1052,2024-02-10,101.24
1053,2024-05-30,39.29
1054,2024-01-12,35.11
1054,2024-01-16,16.63
1054,2024-01-20,29.89
1054,2024-01-25,44.74
1054,2024-01-27,47.6
1054,2024-02-02,36.22
1054,2024-02-10,15.6
1054,2024-03-05,13.63
1054,2024-03-11,41.44
1054,2024-03-16,22.37
1054,2024-03-17,25.9
1054,2024-03-18,30.89
1054,2024-04-22,45.69
1054,2024-04-26,41.66
1054,2024-05-01,23.5
1054,2024-05-10,41.78
1054,2024-05-10,29.55
1054,2024-05-13,22.98
1054,2024-06-06,17.25
1054,2024-06-16,14.98
1054,2024-06-26,43.26
1054,2024-07-08,15.02
1054,2024-07-14,33.22
1054,2024-08-03,26.98
1054,2024-08-04,25.06
1054,2024-08-04,34.83
1054,2024-08-10,92.8
1054,2024-08-14,44.55
1054,2024-08-17,24.54
1054,2024-08-23,27.46
1054,2024-08-27,28.15
1054,2024-08-29,23.86
1054,2024-08-30,44.28
1054,2024-08-31,26.74
1054,2024-09-14,21.88
1054,2024-09-16,15.6
1054,2024-09-23,22.63
1054,2024-09-27,56.53
1054,2024-10-03,42.1
1054,2024-10-31,67.18
1054,2024-11-01,57.17
1054,2024-11-06,18.16
1054,2024-11-12,27.11
1054,2024-11-13,22.95
1054,2024-11-17,42.21
1054,2024-11-17,35.27
1054,2024-11-18,21.22
1054,2024-12-05,18.92
1054,2024-12-29,25.9
1054,2025-01-18,23.31
1054,2025-01-25,40.3
1054,2025-01-27,18.9
1054,2025-02-02,44.84
1054,2025-03-14,21.6
1054,2025-03-22,44.42
1054,2025-03-24,32.08
1054,2025-03-26,33.61
1054,2025-04-01,13.35
1054,2025-04-04,19.81
1054,2025-04-22,43.95
1054,2025-05-03,41.88
1054,2025-05-06,27.7
1054,2025-05-17,14.44
1054,2025-06-02,31.8
1054,2025-06-04,29.08
1054,2025-06-05,21.4
1054,2025-06-13,28.45
1054,2025-07-01,26.3
1054,2025-07-05,51.3
1054,2025-07-24,10.64
1054,2025-07-24,12.76
1054,2025-08-02,21.86
1054,2025-08-07,18.27
1054,2025-08-12,31.12
1054,2025-08-18,41.06
1054,2025-08-21,33.59
1054,2025-08-27,18.89
1054,2025-08-31,25.38
1054,2025-10-04,31.7
1054,2025-10-10,26.28
1054,2025-10-29,22.34
1054,2025-11-17,28.13
1054,2025-11-18,28.25
1054,2025-11-28,29.08
1054,2025-12-22,20.26
1054,2025-12-27,32.16
1055,2024-02-05,27.33
1055,2024-03-02,32.14
1055,2024-03-07,51.1
1055,2024-05-05,12.92
1055,2024-05-08,62.49
1055,2024-08-23,44.69
1055,2024-10-06,23.97
1055,2024-11-07,53.27
1055,2024-11-09,24.9
1055,2024-11-21,24.29
1055,2024-12-14,36.13
1055,2024-12-22,31.05
1055,2025-01-01,45.73
1055,2025-02-03,57.81
1055,2025-03-25,63.02
1055,2025-04-06,44.23
1056,2024-02-02,9.83
1056,2024-02-23,14.65
1057,2024-06-24,38.74
1058,2024-04-29,45.91
1058,2024-06-12,40.55
1058,2025-02-27,30.64
1058,2025-03-01,39.36
1058,2025-05-07,31.88
1059,2024-02-10,4.07
1059,2024-05-19,9.17
1059,2024-06-12,8.55
1059,2024-07-27,11.55
1059,2024-10-18,10.36
1059,2024-12-19,19.33
1059,2025-01-10,11.09
1060,2024-01-18,44.7
1061,2024-04-07,46.55
1061,2024-05-16,35.41
1061,2024-06-16,46.8
1061,2024-06-22,55.38
1061,2024-07-07,27.28
1061,2024-07-17,88.54
1061,2024-07-19,41.19
1061,2024-07-24,54.48
1061,2024-07-28,16.78
1061,2024-08-08,52.28
1061,2024-09-12,24.39
1061,2024-10-21,39.09
1061,2024-11-29,65.29
1061,2025-01-10,70.51
1061,2025-01-29,36.87
1061,2025-02-18,36.05
1061,2025-03-25,11.88
1061,2025-03-28,92.56
1061,2025-04-07,80.15
1061,2025-04-09,58.38
1061,2025-04-11,20.19
1061,2025-04-17,34.94
1061,2025-04-22,54.16
1061,2025-04-23,40.05
1061,2025-05-02,53.75
1061,2025-05-03,35.68
1061,2025-05-05,19.28
1061,2025-05-06,40.43
1061,2025-05-31,17.13
1061,2025-06-11,42.15
1061,2025-06-13,61.9
1061,2025-06-21,35.17
1061,2025-06-28,15.07
1061,2025-07-10,49.55
1061,2025-07-13,54.13
1061,2025-08-14,35.35
1061,2025-08-19,35.3
1061,2025-08-22,47.21
1061,2025-09-21,83.44
1061,2025-09-22,70.82
1062,2024-01-14,79.18
1062,2024-01-19,56.43
1062,2024-01-23,46.74
1062,2024-01-28,104.24
1062,2024-02-04,92.57
1062,2024-02-20,53.63
1062,2024-02-22,81.18
1062,2024-02-24,88.64
1062,2024-03-12,104.93
1062,2024-03-17,48.21
1062,2024-03-22,57.34
1062,2024-04-22,52.89
1062,2024-05-03,38.03
1062,2024-05-03,60.23
1062,2024-05-19,63.96
1062,2024-05-25,69.75
1062,2024-06-08,79.12
1062,2024-06-15,77.08
1062,2024-06-19,56.58
1062,2024-07-03,33.15
1062,2024-07-08,25.4
1062,2024-07-08,115.65
1062,2024-07-16,93.93
1062,2024-07-22,70.58
1062,2024-08-04,47.47
1063,2024-06-18,329.08
1063,2024-07-26,147.27
1063,2024-08-03,243.08
1063,2024-10-10,296.53
1063,2024-11-04,220.32
1063,2024-12-08,158.59
1063,2025-02-06,118.75
1063,2025-04-14,166.72
1063,2025-05-31,350.26
1063,2025-07-04,103.67
1063,2025-09-15,187.93
1063,2025-09-20,270.91
1063,2025-10-20,118.95
1063,2025-11-29,555.4
1063,2025-12-13,243.11
1064,2024-02-28,42.43
1065,2024-03-25,22.67
1066,2024-05-04,22.63
1066,2024-07-23,23.37
1066,2024-08-25,24.54
1066,2024-09-21,29.82
1066,2024-12-05,31.4
1066,2025-01-09,37.48
1066,2025-02-17,25.39
1066,2025-03-20,31.16
1067,2024-03-15,28.67
1067,2024-03-17,45.55
1067,2024-05-29,56.55
1067,2024-07-24,66.17
1068,2024-05-30,31.63
1068,2024-07-30,19.96
1068,2024-08-29,19.2
1068,2024-09-09,25.65
1068,2024-09-23,20.77
1068,2024-09-24,27.35
1068,2024-09-27,10.7
1068,2024-10-07,16.32
1068,2024-11-07,40.13
1068,2024-11-11,17.31
1069,2024-06-03,5.31
1070,2024-02-20,107.5
1070,2024-05-04,50.2
1071,2024-06-10,23.68
1072,2024-06-09,24.08
1072,2024-06-17,67.69
1072,2024-07-23,14.78
1072,2024-08-28,37.48
1072,2024-10-12,41.8
1072,2024-12-28,35.89
1072,2025-01-07,36.98
1072,2025-02-22,42.9
1072,2025-03-29,15.79
1072,2025-03-31,30.97
1072,2025-06-02,21.9
1072,2025-06-23,19.23
1072,2025-09-26,53.39
1073,2024-02-20,47.18
1074,2024-02-14,19.63
1074,2024-06-17,16.55
1075,2024-02-19,4.79
1076,2024-05-13,58.81
1077,2024-02-11,29.38
1078,2024-03-15,39.44
1078,2024-05-05,26.35
1078,2024-10-09,26.83
1078,2024-10-12,33.67
1078,2024-11-04,22.66
1078,2025-02-15,15.55
1078,2025-07-24,16.54
1078,2025-12-11,39.91
1079,2024-06-27,24.41
1080,2024-03-06,19.82
1080,2024-07-16,24.24
1080,2024-08-09,26.29
1080,2024-08-21,21.09
1080,2025-06-06,28.07
1080,2025-06-07,32.72
1080,2025-06-22,28.35
1080,2025-07-16,32.27
1080,2025-08-11,24.65
1080,2025-10-31,43.9
1080,2025-11-03,39.66
1081,2024-06-12,12.91
1081,2024-07-06,13.94
1081,2024-07-14,10.73
1081,2024-07-25,15.36
1081,2024-08-20,10.32
1081,2024-09-23,6.26
1081,2024-09-30,13.89
1081,2024-12-02,15.31
1081,2024-12-18,20.06
1081,2024-12-23,13.67
1081,2024-12-23,15.27
1081,2025-01-01,15.88
1081,2025-01-15,13.15
1081,2025-01-22,14.36
1082,2024-01-04,18.47
1082,2024-05-15,35.96
1082,2024-06-02,11.97
1082,2024-06-18,36.14
1082,2024-06-29,27.48
1082,2024-07-28,23.78
1082,2024-09-18,26.05
1082,2024-10-26,13.59
1082,2024-11-24,29.57
1082,2025-01-11,32.83
1082,2025-06-26,37.57
1082,2025-07-02,38.47
1082,2025-09-20,25.89
1082,2025-10-18,26.12
1082,2025-10-19,19.72
1083,2024-03-14,51.27
1083,2024-06-02,49.8
1083,2024-07-04,59.25
1083,2024-07-10,50.32
1084,2024-06-08,23.21
1084,2024-06-13,20.42
1084,2024-06-13,26.02
1085,2024-05-30,11.5
1085,2024-07-21,5.26
1085,2024-07-27,8.35
1085,2024-07-31,4.42
1085,2024-09-15,13.54
1085,2024-09-17,8.8
1085,2024-10-04,16.32
1085,2024-10-07,17.19
1085,2024-10-26,5.56
1085,2024-11-06,11.17
1085,2024-12-15,3.92
1085,2024-12-17,4.53
1085,2024-12-27,13.91
1085,2025-01-20,23.91
1085,2025-01-30,10.35
1085,2025-01-31,9.28
1085,2025-03-01,10.38
1085,2025-03-16,7.17
1085,2025-03-27,10.41
1085,2025-05-02,12.19
1085,2025-05-23,14.81
1085,2025-05-28,5.98
1085,2025-06-10,13.32
1085,2025-06-22,8.32
1085,2025-07-14,17.56
1085,2025-07-16,7.29
1085,2025-08-06,6.12
1085,2025-08-19,15.86
1085,2025-08-24,5.18
1085,2025-09-10,6.69
1085,2025-09-23,5.49
1085,2025-10-05,9.51
1085,2025-10-12,6.07
1085,2025-12-02,7.83
1085,2025-12-24,14.82
1086,2024-02-23,35.85
1086,2024-08-06,78.98
1086,2025-09-13,57.12
1086,2025-12-15,83.42
1087,2024-01-27,54.28
1087,2024-03-24,37.68
1087,2024-03-25,43.16
1087,2024-10-02,61.38
1087,2024-10-26,71.59
1087,2025-02-08,33.83
1087,2025-05-26,52.08
1087,2025-07-23,65.49
1088,2024-04-16,17.54
1088,2024-04-18,13.19
1088,2025-03-03,4.68
1088,2025-03-21,23.21
1088,2025-04-02,23.21
1088,2025-05-24,16.29
1088,2025-10-25,23.23
1089,2024-05-22,14.1
1090,2024-02-02,29.57
1091,2024-03-27,26.86
1091,2025-08-17,16.9
1092,2024-01-16,6.43
1092,2024-06-16,16.3
1092,2024-07-26,25.09
1092,2025-01-19,15.74
1092,2025-04-03,14.57
1092,2025-05-05,37.75
1093,2024-01-01,20.89
1094,2024-01-28,82.42
1094,2024-02-26,41.27
1094,2024-04-20,68.44
1094,2024-05-03,47.18
1094,2024-05-19,91.28
1094,2024-06-05,32.65
1094,2024-07-11,26.37
1094,2024-08-19,62.1
1094,2024-09-02,35.41
1094,2024-09-27,42.77
1094,2024-10-04,62.69
1094,2024-10-23,23.07
1094,2024-10-28,26.31
1094,2024-10-30,34.78
1094,2024-11-12,56.74
1094,2024-12-12,76.25
1094,2025-01-14,34.59
1094,2025-02-07,47.37
1094,2025-03-13,54.44
1094,2025-03-20,93.66
1094,2025-04-06,67.78
1094,2025-04-26,55.8
1094,2025-05-07,26.29
1094,2025-05-24,35.44
1094,2025-06-25,37.12
1094,2025-07-04,87.57
1094,2025-07-13,50.61
1094,2025-08-24,20.83
1094,2025-08-29,36.27
1094,2025-09-01,60.81
1094,2025-09-05,44.32
1094,2025-09-07,22.11
1094,2025-10-25,94.23
1094,2025-10-27,59.62
1094,2025-10-29,39.71
1094,2025-12-10,32.19
1094,2025-12-15,44.99
1094,2025-12-20,40.06
1095,2024-01-29,12.0
1095,2024-02-27,14.23
1095,2024-06-30,9.8
1096,2024-02-29,25.18
1096,2024-03-06,16.07
1096,2024-03-24,34.9
1096,2024-03-30,27.89
1096,2024-04-29,17.85
1096,2024-04-30,21.1
1096,2024-05-03,12.22
1096,2024-05-11,7.25
1096,2024-05-16,17.37
1096,2024-06-21,14.41
1096,2024-06-23,15.88
1096,2024-06-28,7.14
1096,2024-06-28,17.39
1096,2024-07-06,21.71
1096,2024-07-20,16.82
1096,2024-07-21,13.42
1096,2024-07-23,26.18
1096,2024-07-29,11.75
1096,2024-09-08,17.34
1096,2024-10-15,23.75
1096,2024-10-25,9.6
1096,2024-11-05,25.49
1096,2024-11-11,18.24
1096,2024-11-20,31.33
1096,2024-11-25,20.76
1096,2024-11-28,4.13
1096,2024-11-30,17.59
1096,2024-12-09,16.27
1096,2024-12-19,14.84
1096,2025-01-06,10.64
1096,2025-02-03,12.67
1096,2025-02-14,14.25
1096,2025-02-15,8.24
1096,2025-02-24,14.2
1096,2025-03-01,13.63
1096,2025-03-02,22.02
1096,2025-04-08,7.97
1096,2025-04-17,15.77
1096,2025-04-26,10.44
1096,2025-05-03,14.08
1096,2025-05-09,23.73
1096,2025-05-16,28.09
1096,2025-05-20,18.08
1096,2025-06-02,19.38
1097,2024-01-22,56.96
1097,2024-05-16,65.44
1097,2025-01-15,71.23
1098,2024-05-10,105.86
1098,2024-05-20,80.55
1098,2024-07-12,20.06
1098,2024-07-15,16.76
1098,2024-07-25,44.45
1099,2024-06-16,18.79
1099,2024-08-10,17.74
1099,2024-08-14,30.5
1099,2024-08-18,10.31
1099,2024-08-23,42.17
1099,2024-08-30,31.68
1099,2024-09-29,14.72
1099,2024-10-19,16.03
1099,2024-10-25,35.27
1099,2024-11-05,35.28
1100,2024-02-16,8.16
1100,2024-03-04,10.27
1100,2024-03-19,8.74
1100,2024-03-25,11.95
1100,2024-04-18,11.02
1100,2024-04-26,10.6
1100,2024-04-28,14.99
1100,2024-05-05,10.77
1100,2024-05-23,11.57
1100,2024-05-25,9.56
1100,2024-06-13,9.29
1100,2024-06-23,19.48
1100,2024-07-15,12.05
1100,2024-07-18,16.14
1100,2024-07-18,11.96
1100,2024-08-07,14.79
1100,2024-08-07,10.78
1100,2024-08-16,13.35
1100,2024-08-24,4.97
1100,2024-09-06,23.75
1100,2024-09-07,8.19
1100,2024-09-16,12.86
1100,2024-09-26,11.14
1100,2024-11-04,11.66
1100,2024-11-05,9.55
1100,2024-11-12,9.41
1100,2024-11-19,4.88
1100,2024-12-25,16.42
1100,2025-01-01,18.09
1100,2025-01-17,8.85
1100,2025-03-26,23.27
1100,2025-04-29,12.86
1100,2025-05-01,11.55
1100,2025-05-10,8.96
1100,2025-05-17,9.82
1100,2025-05-25,12.27
1100,2025-06-02,7.51
1100,2025-06-25,15.39
1100,2025-07-01,9.41
1100,2025-07-19,23.48
1100,2025-08-03,18.21
1100,2025-08-13,14.13
1100,2025-09-23,12.5
1100,2025-10-01,10.15
1100,2025-10-11,23.37
1100,2025-10-18,6.97
1100,2025-11-08,16.52
1100,2025-11-16,21.66
1101,2024-05-29,26.71
1102,2024-04-25,29.39
1102,2024-05-05,47.67
1102,2024-06-30,54.7
1102,2024-07-12,54.43
1102,2024-07-30,29.91
1102,2024-08-04,38.55
1102,2024-09-17,71.07
1102,2024-09-20,52.91
1102,2024-09-25,56.29
1102,2024-09-26,107.8
1102,2024-09-28,111.72
1102,2024-10-16,25.01
1102,2024-10-29,63.62
1102,2024-11-17,46.31
1102,2024-11-25,74.89
1102,2024-12-04,47.38
1102,2024-12-05,49.24
1102,2024-12-05,67.52
1102,2024-12-11,54.71
1102,2025-01-01,78.78
1102,2025-01-11,45.68
1102,2025-01-13,90.86
1102,2025-01-14,22.34
1102,2025-02-02,21.61
1102,2025-04-01,101.15
1102,2025-04-02,28.11
1102,2025-04-14,30.49
1102,2025-05-06,40.0
1102,2025-05-07,24.03
1102,2025-05-07,27.93
1102,2025-06-26,117.07
1102,2025-07-13,78.54
1102,2025-08-02,80.14
1102,2025-08-14,67.6
1102,2025-09-12,65.79
1102,2025-10-07,37.57
1102,2025-10-07,67.17
1102,2025-10-24,40.68
1102,2025-11-05,44.29
1102,2025-11-08,49.49
1102,2025-12-27,73.38
1103,2024-03-18,5.04
1103,2024-03-29,8.94
1103,2024-04-26,6.6
1103,2024-04-29,6.94
1103,2024-05-12,16.89
1103,2024-06-06,7.13
1103,2024-07-04,4.97
1103,2024-07-13,9.47
1103,2024-07-16,10.84
1103,2024-07-29,10.17
1103,2024-07-31,11.54
1103,2024-08-12,3.04
1103,2024-08-27,18.8
1103,2024-09-04,12.41
1103,2024-09-07,9.71
1103,2024-09-19,9.01
1103,2024-09-23,4.44
1103,2024-09-27,7.65
1103,2024-09-29,6.34
1103,2024-10-04,10.36
1103,2024-10-31,6.11
1103,2024-11-27,18.12
1103,2024-12-01,10.19
1103,2024-12-25,4.48
1103,2025-01-08,8.0
1103,2025-01-12,6.67
1103,2025-01-18,6.68
1103,2025-01-20,16.68
1103,2025-02-06,12.52
1103,2025-02-12,11.84
1103,2025-03-03,13.07
1103,2025-03-17,7.18
1103,2025-04-07,6.91
1103,2025-04-17,13.89
1103,2025-04-20,11.14
1103,2025-04-24,6.28
1103,2025-04-29,6.68
1103,2025-04-29,8.21
1103,2025-05-01,7.21
1103,2025-05-04,8.34
1103,2025-05-25,5.54
1103,2025-06-03,7.04
1103,2025-06-08,4.45
1103,2025-06-26,11.72
1103,2025-06-30,4.7
1103,2025-06-30,8.76
1103,2025-07-04,7.19
1103,2025-07-10,8.0
1103,2025-07-26,11.68
1103,2025-07-28,7.68
1103,2025-08-05,13.24
1103,2025-09-02,10.86
1103,2025-09-26,11.96
1103,2025-09-29,21.09
1103,2025-10-21,9.21
1103,2025-10-29,10.89
1103,2025-10-29,17.78
1103,2025-11-01,6.83
1103,2025-11-20,6.28
1104,2024-05-16,25.24
1104,2024-08-21,45.58
1105,2024-03-30,37.03
1105,2024-05-18,40.12
1105,2024-06-19,37.01
1105,2024-07-21,18.8
1105,2024-08-03,26.7
1105,2024-08-07,54.32
1106,2024-02-15,12.19
1106,2024-03-11,6.26
1107,2024-03-21,36.55
1107,2024-04-05,56.48
1108,2024-01-25,15.82
1108,2025-10-11,20.55
1109,2024-05-12,30.74
1109,2024-09-29,12.88
1109,2024-10-12,65.84
1109,2025-04-11,21.19
1109,2025-08-08,31.43
1109,2025-12-14,27.65
1110,2024-05-22,43.74
1110,2024-05-22,39.06
1110,2024-06-30,35.45
1110,2024-07-20,45.84
1110,2024-09-04,94.85
1111,2024-01-19,51.59
1111,2024-04-17,97.62
1111,2024-04-23,59.76
1111,2024-06-23,83.1
1111,2024-09-30,60.33
1111,2024-10-06,58.67
1111,2024-10-22,50.62
1111,2025-02-27,75.53
1111,2025-04-05,96.2
1111,2025-04-21,124.99
1111,2025-07-03,62.88
1111,2025-07-25,99.32
1111,2025-09-15,83.44
1112,2024-06-08,30.97
1112,2024-08-01,7.33
1112,2024-08-24,31.91
1112,2024-10-09,18.75
1112,2024-10-10,31.08
1113,2024-02-18,14.21
1113,2024-02-18,22.14
1113,2024-10-16,40.72
1113,2024-12-21,28.07
1113,2025-09-16,28.88
1113,2025-10-31,30.37
1113,2025-12-04,13.5
1114,2024-01-02,15.95
1114,2024-01-31,9.43
1114,2024-02-15,40.61
1114,2024-03-10,17.61
1114,2024-03-30,34.03
1114,2024-03-31,21.05
1114,2024-04-12,33.22
1114,2024-04-22,65.19
1114,2024-05-10,30.41
1114,2024-07-01,39.67
1114,2024-07-15,47.87
1114,2024-07-16,59.77
1114,2024-07-27,28.99
1114,2024-08-07,46.7
1114,2024-08-16,37.34
1114,2024-08-25,39.75
1114,2024-10-13,42.38
1114,2024-10-22,46.88
1114,2024-11-05,37.89
1114,2024-11-23,65.78
1114,2024-12-09,49.36
1114,2024-12-18,33.34
1114,2025-02-12,20.28
1114,2025-02-21,33.32
1114,2025-03-19,36.85
1114,2025-05-15,44.65
1114,2025-05-19,50.0
1114,2025-05-21,27.11
1114,2025-06-05,34.82
1114,2025-06-15,34.58
1114,2025-08-03,39.84
1114,2025-09-27,32.21
1114,2025-11-03,40.36
1114,2025-11-23,46.2
1115,2024-03-19,21.05
1115,2024-05-17,22.54
1115,2024-10-21,23.26
1116,2024-01-09,75.49
1116,2024-05-04,150.81
1117,2024-06-01,9.24
1117,2024-06-05,23.36
1118,2024-03-11,11.02
1118,2024-03-13,13.87
1118,2024-05-12,18.34
1118,2024-07-27,4.23
1118,2024-07-29,15.33
1118,2024-09-07,10.71
1118,2024-11-08,13.75
1118,2025-02-13,7.6
1119,2024-01-08,24.7
1119,2025-06-12,45.33
1120,2024-06-24,67.24
1121,2024-06-10,47.03
1121,2024-06-10,47.64
1122,2024-03-16,38.04
1122,2024-04-08,18.56
1122,2024-04-13,48.11
1122,2024-04-16,30.56
1122,2024-05-04,34.42
1122,2024-05-07,9.96
1123,2024-02-10,10.11
1123,2024-02-28,16.21
1123,2024-05-12,20.44
1123,2024-05-14,11.35
1123,2024-07-06,6.64
1123,2024-10-19,20.4
1123,2024-10-24,13.6
1123,2025-01-14,13.79
1123,2025-02-23,4.58
1123,2025-04-21,15.44
1124,2024-03-09,42.59
1125,2024-03-06,21.19
1125,2024-03-08,15.86
1125,2024-03-26,13.91
1125,2024-04-18,16.95
1126,2024-06-09,44.92
1126,2024-10-25,25.5
1126,2024-12-09,44.76
1126,2025-01-07,21.69
1126,2025-06-03,34.09
1126,2025-07-10,27.52
1126,2025-11-19,43.45
1127,2024-01-16,5.87
1128,2024-03-03,44.4
1128,2024-03-22,33.37
1128,2024-08-21,47.93
1128,2024-10-10,37.69
1128,2025-03-04,26.94
1128,2025-03-17,39.98
1128,2025-04-25,25.32
1128,2025-06-07,15.36
1128,2025-07-24,33.46
1128,2025-08-08,54.37
1128,2025-09-23,28.89
1128,2025-10-03,24.12
1128,2025-11-01,79.72
1129,2024-03-02,63.48
1129,2024-03-18,105.43
1129,2024-05-18,58.38
1129,2024-05-20,46.94
1129,2024-05-29,77.69
1129,2024-06-15,131.09
1129,2024-06-30,60.55
1129,2024-09-29,24.7
1129,2025-01-08,13.42
1129,2025-01-17,51.82
1129,2025-01-20,87.07
1129,2025-03-19,70.83
1129,2025-04-29,95.94
1129,2025-05-21,17.55
1129,2025-06-24,67.56
1129,2025-11-26,61.54
1130,2024-02-16,16.19
1131,2024-04-22,43.17
1131,2024-04-23,42.7
1131,2024-06-14,25.79
1131,2024-06-20,52.51
1131,2024-06-26,30.13
1131,2024-09-17,33.48
1132,2024-02-19,24.3
1132,2024-04-10,16.44
1132,2024-06-21,18.56
1132,2024-07-11,13.2
1132,2024-07-15,21.86
1132,2025-02-07,40.55
1133,2024-06-12,46.56
1133,2024-08-18,16.23
1133,2024-08-25,48.51
1133,2024-09-07,51.81
1133,2024-09-14,28.6
1133,2024-09-17,38.66
1133,2024-09-20,64.79
1133,2024-09-24,24.28
1133,2024-10-01,46.12
1133,2024-10-10,12.51
1133,2024-10-27,53.18
1133,2024-11-03,37.84
1133,2024-11-11,42.07
1133,2024-11-26,25.97
1133,2024-12-11,24.7
1133,2025-02-08,19.66
1133,2025-02-13,23.39
1133,2025-02-17,33.64
1133,2025-02-20,30.92
1133,2025-03-02,21.16
1133,2025-03-24,33.84
1133,2025-05-09,39.44
1133,2025-05-22,22.06
1133,2025-05-24,60.8
1133,2025-06-02,36.04
1133,2025-09-13,14.89
1133,2025-09-27,35.55
1133,2025-09-27,26.26
1133,2025-10-22,41.36
1133,2025-11-05,15.3
1133,2025-11-10,26.47
1133,2025-11-10,33.19
1133,2025-11-27,25.26
1133,2025-12-05,37.39
1133,2025-12-19,23.3
1133,2025-12-19,42.26
1133,2025-12-22,27.98
1134,2024-06-17,7.81
1135,2024-01-10,20.25
1135,2024-01-27,22.15
1135,2024-02-21,16.94
1135,2024-04-29,18.93
1135,2024-05-14,7.99
1135,2024-06-11,13.86
1135,2024-06-21,27.92
1135,2024-06-26,12.56
1135,2024-06-30,32.3
1135,2024-07-16,24.71
1135,2024-07-24,30.14
1135,2024-08-09,21.75
1135,2024-10-02,22.37
1135,2024-10-18,13.76
1135,2025-01-27,7.76
1135,2025-01-30,16.67
1135,2025-02-28,13.35
1135,2025-03-22,18.88
1135,2025-03-23,13.66
1135,2025-03-31,9.77
1135,2025-05-22,22.18
1135,2025-05-22,10.04
1135,2025-08-08,16.85
1136,2024-02-02,9.94
1136,2024-03-20,7.54
1136,2024-03-30,10.54
1136,2024-06-11,10.38
1136,2025-07-09,10.35
1136,2025-09-25,8.95
1136,2025-09-30,6.26
1137,2024-05-15,31.4
1138,2024-01-01,20.65
1138,2024-04-08,12.42
1138,2024-05-22,12.48
1138,2024-06-29,13.83
1138,2024-08-01,21.08
1138,2024-08-24,9.66
1138,2024-10-15,11.99
1138,2025-03-23,15.17
1138,2025-04-24,39.12
1138,2025-06-22,8.2
1138,2025-10-20,9.09
1138,2025-11-13,8.49
1139,2024-06-17,52.77
1139,2025-05-15,34.69
1140,2024-02-20,16.46
1140,2024-03-02,13.79
1141,2024-05-10,21.9
1142,2024-02-09,29.64
1143,2024-06-05,21.28
1144,2024-05-18,8.55
1145,2024-03-05,11.58
1145,2024-04-05,6.58
1146,2024-01-17,60.13
1146,2024-03-26,35.38
1146,2024-05-24,72.91
1146,2024-08-06,91.62
1146,2024-08-07,33.79
1146,2024-11-02,92.63
1146,2024-11-27,161.43
1146,2024-12-20,33.43
1146,2025-02-17,93.89
1146,2025-04-10,80.78
1146,2025-04-19,70.39
1146,2025-05-01,71.98
1146,2025-07-04,53.7
1146,2025-08-23,16.95
1146,2025-08-30,29.92
1146,2025-11-13,85.77
1147,2024-03-11,16.65
1147,2024-03-13,14.15
1147,2024-04-27,26.8
1147,2024-06-12,48.34
1147,2024-07-30,25.73
1147,2024-10-06,10.1
1147,2024-11-22,22.81
1147,2024-12-18,42.66
1147,2025-04-20,19.49
1147,2025-07-02,12.42
1147,2025-07-29,21.46
1147,2025-08-04,6.49
1147,2025-08-20,24.13
1147,2025-10-05,13.17
1148,2024-04-02,5.81
1148,2024-06-19,12.84
1148,2024-06-28,11.37
1148,2024-07-17,9.99
1148,2024-07-18,5.69
1148,2024-08-11,10.94
1148,2024-12-10,9.48
1148,2025-01-06,14.94
1148,2025-02-16,6.55
1148,2025-03-10,13.03
1148,2025-05-31,18.43
1148,2025-06-08,11.75
1148,2025-06-12,18.9
1148,2025-12-13,16.78
1148,2025-12-22,8.6
1149,2024-05-24,15.19
1149,2024-06-08,11.15
1149,2024-06-13,25.16
1149,2024-06-17,17.71
1149,2024-06-25,29.64
1149,2024-07-14,30.67
1149,2024-07-16,15.07
1149,2024-08-03,60.44
1149,2024-10-06,16.66
1150,2024-01-14,5.17
1150,2025-06-18,9.02
1150,2025-08-06,17.81
1151,2024-04-14,12.02
1151,2024-05-03,9.57
1151,2024-05-06,16.23
1151,2024-06-21,8.95
1151,2024-06-22,20.01
1151,2024-07-25,11.04
1151,2024-09-07,10.35
1151,2024-09-22,10.38
1151,2024-09-28,9.08
1151,2024-11-20,16.5
1151,2024-12-01,18.16
1151,2024-12-19,13.9
1152,2024-04-16,36.71
1153,2024-03-09,44.66
1154,2024-01-22,37.14
1154,2024-04-22,37.13
1154,2024-04-23,9.7
1154,2025-01-12,52.13
1154,2025-02-20,45.45
1154,2025-12-11,9.69
1155,2024-04-11,25.48
1156,2024-06-03,13.06
1156,2024-07-21,8.97
1156,2024-07-26,20.06
1156,2024-09-25,5.78
1156,2024-10-20,26.45
1157,2024-05-11,65.9
1157,2024-05-15,41.27
1157,2024-05-30,40.61
1157,2024-06-07,20.76
1157,2024-06-12,48.17
1157,2024-07-20,49.68
1157,2024-07-22,44.05
1157,2024-07-25,15.31
1157,2024-07-26,68.04
1157,2024-07-26,39.26
1157,2024-08-28,63.32
1157,2024-10-10,35.5
1157,2024-10-19,39.3
1157,2024-12-05,29.99
1157,2024-12-28,80.61
1157,2025-01-03,49.73
1157,2025-01-12,52.07
1157,2025-03-10,40.23
1157,2025-03-20,44.2
1157,2025-03-25,57.84
1157,2025-04-12,25.49
1157,2025-08-14,53.03
1158,2024-02-16,20.37
1158,2024-03-22,22.68
1158,2024-04-03,14.29
1158,2024-04-09,24.0
1159,2024-02-03,33.62
1160,2024-05-17,31.83
1160,2024-06-03,33.91
1161,2024-01-01,15.49
1162,2024-03-10,45.24
1163,2024-02-29,35.6
1164,2024-03-15,17.78
1165,2024-03-07,15.78
1166,2024-05-09,30.04
1167,2024-01-04,42.59
1167,2024-05-03,47.87
1167,2024-06-14,21.1
1167,2024-08-27,17.25
1167,2025-02-05,15.17
1167,2025-07-01,31.45
1167,2025-07-23,48.45
1167,2025-11-27,27.98
1167,2025-12-14,28.6
1168,2024-01-27,13.36
1169,2024-06-15,15.52
1170,2024-05-02,17.58
1170,2024-07-14,14.03
1171,2024-01-31,52.7
1172,2024-04-05,24.24
1173,2024-02-09,15.47
1173,2024-02-12,23.04
1173,2024-03-01,48.78
1173,2024-03-04,17.41
1173,2024-03-14,37.22
1173,2024-03-14,37.48
1174,2024-03-15,26.65
1174,2024-04-02,33.94
1174,2024-04-15,7.76
1174,2024-07-02,21.53
1174,2024-07-16,26.81
1174,2024-07-18,38.72
1174,2024-07-18,42.74
1174,2024-07-22,34.55
1174,2024-08-11,40.31
1174,2024-09-21,23.29
1174,2024-09-30,23.59
1174,2024-10-13,19.32
1174,2024-10-16,15.31
1174,2024-12-03,34.76
1174,2024-12-04,32.11
1174,2025-01-06,14.99
1174,2025-01-21,36.77
1174,2025-01-23,36.22
1174,2025-01-24,44.77
1175,2024-05-16,38.35
1175,2024-05-16,15.99
1175,2024-06-28,24.77
1175,2024-07-03,33.95
1175,2024-07-05,41.64
1175,2024-08-09,47.31
1175,2024-10-03,36.99
1175,2024-10-15,53.63
1175,2024-12-24,25.05
1175,2025-01-17,38.33
1175,2025-02-18,35.14
1175,2025-02-23,33.01
1175,2025-04-27,31.37
1175,2025-06-18,13.27
1175,2025-07-13,64.04
1175,2025-07-28,29.93
1175,2025-11-17,44.3
1176,2024-05-31,80.66
1176,2024-07-15,48.87
1176,2024-12-24,16.76
1176,2025-05-04,46.45
1176,2025-05-26,40.68
1176,2025-08-13,97.37
1176,2025-10-17,64.96
1177,2024-04-06,15.39
1178,2024-01-04,38.77
1178,2024-01-08,34.25
1178,2024-01-16,17.88
1178,2024-01-22,21.33
1178,2024-02-04,24.37
1178,2024-03-19,31.92
1178,2024-04-09,37.96
1179,2024-03-17,27.03
1180,2024-05-24,56.18
1181,2024-04-23,24.43
1181,2024-04-30,12.88
1181,2024-05-17,29.73
1182,2024-05-10,18.46
1183,2024-02-19,25.25
1183,2024-03-22,51.46
1183,2024-05-16,20.85
1183,2024-07-27,34.72
1183,2024-08-10,17.67
1183,2024-10-07,21.1
1183,2025-02-03,58.9
1183,2025-02-09,51.85
1183,2025-05-15,41.08
1183,2025-11-11,26.12
1184,2024-02-27,15.57
1184,2024-06-12,14.4
1184,2024-09-01,12.75
1184,2024-09-11,11.88
1185,2024-04-01,11.53
1186,2024-05-28,10.08
1186,2024-07-16,16.09
1186,2024-09-13,34.22
1186,2024-09-19,11.24
1186,2024-09-28,11.17
1186,2024-12-11,39.1
1186,2024-12-28,29.67
1186,2025-01-26,36.32
1187,2024-05-15,28.62
1187,2024-07-22,22.32
1188,2024-01-30,13.12
1189,2024-06-09,52.76
1189,2024-06-15,67.99
1189,2024-06-17,47.89
1189,2024-07-01,48.22
1189,2024-07-19,70.37
1189,2024-09-10,65.36
1189,2024-09-13,61.2
1190,2024-01-06,84.43
1191,2024-06-07,19.51
1192,2024-02-05,41.38
1192,2024-02-05,15.44
1192,2024-02-22,45.52
1192,2024-02-25,32.96
1193,2024-05-26,19.62
1193,2025-04-20,21.42
1193,2025-05-22,26.67
1194,2024-06-12,23.35
1195,2024-03-05,7.97
1195,2024-04-08,19.18
1195,2024-04-11,9.87
1195,2024-04-19,6.39
1195,2024-05-04,5.41
1195,2024-05-15,7.05
1195,2024-06-27,9.38
1196,2024-06-07,12.5
1196,2024-08-09,11.28
1196,2024-10-08,21.55
1196,2024-10-24,16.18
1196,2024-11-02,8.46
1196,2024-11-18,32.79
1196,2024-12-01,32.32
1196,2024-12-10,26.55
1196,2024-12-12,28.57
1196,2025-01-10,12.66
1196,2025-01-24,26.69
1196,2025-04-15,18.15
1196,2025-04-17,26.73
1196,2025-05-20,19.04
1196,2025-06-08,16.8
1196,2025-08-03,15.59
1196,2025-08-04,28.93
1196,2025-08-22,11.86
1196,2025-08-23,14.19
1196,2025-11-26,14.91
1196,2025-12-27,6.08
1197,2024-04-15,7.1
1197,2024-08-29,10.33
1197,2024-12-24,10.28
1197,2025-03-06,21.81
1197,2025-05-14,35.65
1198,2024-03-05,12.19
1199,2024-05-01,36.49
1199,2024-05-01,37.33
1199,2024-06-14,29.98
1199,2024-07-03,64.1
1199,2024-07-12,20.35
1199,2024-08-29,27.07
1199,2024-09-03,24.67
1199,2024-10-08,27.16
1199,2024-10-09,29.1
1199,2024-10-15,39.68
1199,2024-10-21,49.8
1199,2024-10-27,25.46
1199,2024-11-30,36.48
1199,2024-12-09,33.3
1199,2025-01-02,42.87
1199,2025-01-13,37.28
1199,2025-02-01,45.43
1199,2025-02-21,69.24
1199,2025-03-07,21.89
1199,2025-03-09,17.14
1199,2025-03-30,24.9
1199,2025-04-01,34.18
1199,2025-04-10,17.32
1199,2025-06-08,56.32
1199,2025-06-10,70.84
1199,2025-08-06,42.82
1199,2025-08-20,41.58
1199,2025-08-28,18.63
1199,2025-09-21,30.52
1199,2025-09-25,34.67
1199,2025-10-19,74.46
1199,2025-10-23,10.2
1199,2025-10-26,30.76
1199,2025-10-31,40.33
1199,2025-11-09,44.88
1200,2024-05-10,33.68
1200,2024-06-01,19.87
1200,2024-07-21,16.21
1200,2024-07-31,22.38
1200,2024-08-03,18.11
1200,2024-10-25,31.18
1200,2025-01-06,38.41
1200,2025-03-10,28.06
1200,2025-03-12,36.55
1200,2025-04-15,27.85
1200,2025-06-04,38.99
1200,2025-08-31,27.69
1200,2025-09-07,22.08
1200,2025-11-13,5.25
1200,2025-12-16,49.12
1201,2024-05-29,23.4
1201,2024-09-10,20.04
1202,2024-04-26,24.12
1203,2024-05-06,10.88
1203,2024-05-12,26.56
1203,2024-05-17,22.4
1204,2024-01-12,55.08
1204,2024-04-06,15.69
1204,2024-09-30,17.36
1204,2024-10-31,42.36
1204,2024-12-06,17.65
1205,2024-03-27,17.85
1205,2024-10-09,12.33
1206,2024-06-18,58.29
1206,2024-06-19,71.44
1206,2024-06-30,110.14
1206,2024-08-04,131.6
1206,2024-09-01,48.34
1206,2024-09-02,154.3
1206,2024-10-05,43.39
1206,2024-10-15,79.94
1207,2024-03-03,24.93
1207,2024-11-06,33.18
1207,2024-11-10,17.27
1207,2024-11-10,23.76
1208,2024-03-13,10.21
1208,2024-05-23,9.48
1209,2024-06-28,46.17
1210,2024-04-03,26.38
1210,2024-04-30,50.44
1210,2024-06-10,69.11
1210,2024-07-31,37.27
1210,2024-08-02,60.23
1211,2024-04-14,75.52
1212,2024-03-08,11.33
1212,2024-05-08,12.78
1212,2024-07-02,5.06
1212,2024-08-19,14.67
1212,2024-09-27,19.98
1213,2024-01-26,9.62
1213,2024-02-18,16.13
1214,2024-01-24,29.83
1214,2024-03-04,34.31
1214,2024-05-27,30.79
1214,2024-06-06,35.87
1214,2024-10-24,30.52
1214,2025-01-19,55.15
1214,2025-03-11,59.13
1214,2025-05-01,22.67
1214,2025-07-16,32.16
1214,2025-11-08,22.81
1215,2024-02-15,6.94
1215,2024-09-10,8.59
1215,2025-02-10,10.78
1216,2024-06-08,10.71
1216,2024-06-14,16.22
1216,2024-07-05,17.07
1216,2024-07-07,17.17
1216,2024-07-07,17.52
1216,2024-07-21,13.33
1216,2024-08-15,15.62
1216,2024-10-19,16.96
1216,2024-12-01,18.57
1216,2025-01-20,16.48
1216,2025-01-30,15.12
1216,2025-02-27,11.69
1216,2025-05-10,24.75
1216,2025-05-16,15.28
1216,2025-06-02,9.87
1216,2025-06-25,13.48
1216,2025-07-17,36.85
1216,2025-10-05,16.14
1216,2025-10-09,13.91
1216,2025-11-09,9.58
1217,2024-04-26,20.71
1217,2024-10-04,22.51
1217,2024-11-23,16.34
1217,2024-12-29,25.25
1218,2024-01-06,41.6
1218,2024-03-15,36.99
1218,2024-06-04,16.89
1218,2024-06-14,42.55
1218,2024-08-07,22.43
1218,2024-12-11,19.89
1218,2025-01-25,17.82
1218,2025-02-21,18.13
1218,2025-03-18,41.89
1218,2025-06-24,28.42
1218,2025-07-06,24.22
1218,2025-09-04,44.27
1219,2024-03-11,13.37
1219,2024-04-03,13.35
1219,2024-05-02,9.74
1219,2024-05-25,18.43
1219,2024-07-28,12.9
1219,2024-08-04,8.27
1219,2024-08-10,15.13
1219,2024-09-25,18.44
1219,2024-10-06,26.84
1219,2024-10-14,21.78
1219,2024-10-19,9.42
1219,2024-11-28,20.83
1219,2024-12-02,14.79
1219,2025-02-24,15.35
1219,2025-04-29,12.22
1219,2025-05-08,23.19
1219,2025-06-08,11.25
1220,2024-02-08,46.86
1220,2024-02-09,40.58
1220,2024-04-14,19.22
1220,2024-04-21,37.32
1220,2024-04-27,29.03
1220,2024-05-08,32.1
1220,2024-05-16,33.52
1220,2024-06-13,25.01
1220,2024-06-17,25.53
1220,2024-06-23,32.88
1220,2024-07-10,51.37
1220,2024-09-11,47.41
1220,2024-09-26,33.71
1221,2024-01-19,103.14
1222,2024-04-17,13.71
1222,2024-06-05,14.38
1222,2024-07-30,5.86
1222,2024-10-02,24.33
1222,2025-01-01,13.87
1222,2025-01-06,19.81
1222,2025-02-23,41.5
1222,2025-03-29,18.66
1222,2025-03-30,24.3
1222,2025-09-27,16.36
1222,2025-11-12,19.3
1223,2024-02-05,87.16
1223,2024-02-09,47.79
1223,2024-05-08,60.12
1223,2024-08-13,30.51
1223,2024-08-17,71.85
1223,2024-11-03,75.07
1223,2024-11-15,53.06
1223,2024-12-23,63.46
1223,2025-02-25,62.02
1223,2025-03-06,90.43
1223,2025-04-30,58.72
1223,2025-05-09,54.92
1223,2025-05-15,88.43
1223,2025-08-23,34.18
1223,2025-10-02,69.11
1223,2025-12-02,40.04
1224,2024-06-09,28.35
1224,2024-08-13,18.02
1224,2025-05-12,11.73
1225,2024-01-19,18.2
1225,2024-01-19,12.54
1225,2024-02-22,27.3
1225,2024-03-11,17.77
1225,2024-03-29,15.65
1226,2024-05-31,30.23
1226,2024-06-03,37.38
1226,2024-12-17,31.0
1226,2025-03-23,24.73
1226,2025-04-28,32.83
1227,2024-06-04,68.53
1228,2024-05-03,69.98
1228,2024-05-30,31.44
1228,2024-06-28,21.09
1228,2024-08-25,20.48
1228,2024-09-29,43.71
1228,2024-11-15,38.98
1228,2024-11-30,18.45
1228,2024-12-22,54.9
1228,2025-04-20,28.11
1228,2025-12-02,22.44
1229,2024-01-19,40.97
1230,2024-04-02,17.29
1230,2024-04-22,8.61
1230,2024-04-29,12.65
1230,2024-06-07,18.94
1230,2024-07-16,14.57
1230,2024-07-30,19.32
1230,2024-08-30,3.63
1230,2024-10-28,17.27
1230,2024-11-04,15.11
1230,2024-12-23,10.28
1230,2025-01-27,20.89
1230,2025-02-04,10.77
1230,2025-02-13,10.54
1230,2025-03-18,26.57
1230,2025-05-10,9.98
1230,2025-05-16,17.15
1230,2025-06-05,11.25
1230,2025-06-17,24.06
1230,2025-07-01,7.6
1230,2025-07-06,18.28
1230,2025-07-21,11.39
1230,2025-08-28,18.42
1230,2025-09-23,13.44
1230,2025-10-08,9.47
1230,2025-11-04,12.56
1230,2025-11-15,14.34
1231,2024-06-17,11.62
1231,2025-01-11,15.54
1231,2025-07-28,12.93
1231,2025-09-30,17.45
1232,2024-06-02,29.57
1232,2024-06-07,29.09
1233,2024-04-15,16.85
1233,2024-04-21,30.49
1233,2024-04-30,22.92
1233,2024-05-20,28.34
1233,2024-05-23,32.75
1233,2024-05-27,34.93
1233,2024-05-31,28.86
1233,2024-06-19,10.16
1233,2024-06-29,28.43
1233,2024-07-12,45.9
1234,2024-04-09,82.37
1235,2024-05-28,17.85
1235,2024-06-11,32.94
1235,2024-07-22,21.66
1235,2024-11-27,17.01
1235,2024-12-07,25.23
1235,2025-02-10,29.03
1235,2025-04-02,18.54
1235,2025-06-03,9.74
1235,2025-10-28,31.39
1236,2024-06-08,50.11
1237,2024-04-14,27.67
1238,2024-02-24,4.14
1239,2024-03-03,9.88
1239,2024-04-18,18.97
1239,2024-04-18,11.84
1239,2024-05-01,9.43
1239,2024-05-03,7.89
1239,2024-05-26,7.2
1239,2024-07-29,10.13
1239,2024-09-11,7.21
1239,2024-11-22,14.97
1239,2024-12-24,21.58
1239,2025-03-29,6.63
1239,2025-04-14,9.78
1239,2025-04-21,13.84
1239,2025-05-01,8.99
1239,2025-05-08,7.88
1239,2025-05-23,12.81
1239,2025-06-03,8.72
1240,2024-02-07,10.62
1240,2024-06-05,19.91
1240,2025-04-29,8.34
1241,2024-01-25,23.41
1242,2024-01-02,54.06
1242,2024-04-12,36.03
1243,2024-06-03,22.17
1243,2024-08-20,21.19
1243,2024-09-12,44.43
1243,2024-09-25,23.0
1244,2024-02-04,61.57
1244,2024-05-10,81.82
1244,2024-07-24,48.91
1244,2024-11-14,60.47
1244,2025-01-13,82.21
1244,2025-05-11,110.59
1244,2025-08-22,27.47
1245,2024-04-30,11.31
1245,2024-05-20,15.76
1246,2024-02-05,5.16
1246,2024-02-18,30.26
1246,2024-02-25,21.89
1246,2024-09-22,12.99
1246,2024-10-01,9.08
1246,2024-10-03,20.59
1246,2024-10-25,13.31
1246,2024-12-28,19.86
1246,2025-02-14,12.99
1246,2025-03-06,24.27
1246,2025-05-11,9.73
1246,2025-05-18,10.83
1247,2024-03-03,6.94
1247,2024-04-14,6.93
1248,2024-01-18,60.57
1249,2024-01-04,50.6
1249,2024-03-02,30.65
1250,2024-03-20,26.71
1250,2024-04-09,17.68
1251,2024-06-20,40.49
1251,2024-07-09,94.64
1251,2024-09-14,77.74
1251,2024-10-17,48.21
1251,2025-02-16,51.34
1252,2024-03-20,12.51
1253,2024-03-17,15.58
1253,2024-03-23,31.75
1253,2024-03-29,36.81
1254,2024-05-29,19.53
1254,2024-06-04,22.27
1254,2024-06-27,34.09
1254,2024-07-26,17.83
1254,2024-08-23,32.58
1254,2024-09-04,30.74
1254,2024-09-10,19.08
1254,2024-09-24,10.41
1254,2024-10-01,52.05
1254,2024-10-14,19.7
1254,2024-10-17,35.7
1254,2024-10-25,16.7
1254,2024-10-29,32.64
1254,2024-11-09,38.26
1254,2024-11-16,38.17
1254,2024-12-14,13.22
1254,2025-02-12,32.92
1254,2025-03-08,16.12
1254,2025-03-12,38.46
1254,2025-03-13,25.49
1254,2025-03-27,29.1
1254,2025-04-23,45.78
1254,2025-04-28,21.87
1254,2025-05-02,43.69
1254,2025-05-17,36.69
1254,2025-05-22,54.3
1254,2025-06-05,29.57
1254,2025-06-19,40.39
1254,2025-07-20,22.5
1254,2025-08-05,43.05
1254,2025-08-25,21.2
1254,2025-09-01,34.55
1254,2025-09-12,23.91
1254,2025-09-25,24.37
1254,2025-10-10,22.56
1254,2025-11-06,35.07
1254,2025-11-29,38.66
1254,2025-12-08,13.36
1254,2025-12-11,37.93
1254,2025-12-18,33.3
1255,2024-05-27,28.64
1255,2024-07-07,18.18
1256,2024-05-31,31.93
1257,2024-01-05,21.12
1257,2024-02-22,17.24
1257,2024-04-17,20.43
1258,2024-06-25,17.42
1258,2024-07-11,8.36
1258,2024-08-02,9.18
1258,2024-08-07,3.18
1258,2024-08-13,11.69
1258,2024-08-23,17.48
1259,2024-03-31,23.0
1259,2024-04-07,27.61
1260,2024-06-22,43.93
1260,2024-07-17,64.83
1260,2024-09-24,54.74
1260,2024-10-08,31.04
1261,2024-05-11,11.24
1261,2024-08-06,21.35
1261,2024-09-29,11.95
1261,2025-06-19,24.29
1261,2025-10-23,12.15
1261,2025-11-21,23.36
1262,2024-05-04,5.85
1262,2024-06-04,21.19
1263,2024-04-21,11.73
1263,2024-04-25,14.82
1263,2024-05-03,8.5
1263,2024-05-11,13.82
1263,2024-05-18,3.17
1264,2024-02-04,37.72
1264,2024-06-25,52.1
1265,2024-04-22,12.77
1265,2024-08-05,21.66
1265,2024-09-24,20.71
1265,2025-07-02,5.14
1265,2025-11-05,38.6
1266,2024-06-29,32.96
1266,2024-10-23,36.74
1266,2024-11-12,15.28
1266,2024-12-01,29.89
1266,2024-12-03,24.88
1266,2024-12-06,10.71
1266,2025-01-07,17.66
1267,2024-03-10,10.42
1267,2024-06-10,24.76
1267,2024-06-11,33.64
1267,2024-07-12,11.38
1267,2024-10-20,14.07
1267,2025-05-02,10.49
1267,2025-05-22,9.83
1267,2025-11-13,13.35
1267,2025-11-29,14.46
1268,2024-04-12,7.12
1269,2024-04-24,53.83
1270,2024-05-15,81.27
1270,2024-07-12,33.79
1270,2024-09-30,69.32
1270,2024-11-22,102.95
1270,2024-12-26,31.77
1270,2025-01-06,131.33
1270,2025-01-06,89.77
1270,2025-03-03,46.03
1270,2025-03-09,92.77
1270,2025-06-07,41.97
1270,2025-09-17,65.22
1270,2025-09-23,68.07
1270,2025-09-27,70.54
1270,2025-09-28,77.6
1270,2025-10-19,102.15
1270,2025-12-07,57.92
1270,2025-12-11,88.38
1270,2025-12-26,47.23
1271,2024-02-17,24.95
1271,2024-02-27,16.5
1272,2024-06-30,13.16
1273,2024-04-12,67.75
1274,2024-03-20,13.06
1274,2024-04-06,18.06
1275,2024-04-27,21.37
1275,2024-05-20,17.12
1275,2024-06-09,27.76
1275,2024-06-23,12.23
1275,2024-06-26,38.61
1275,2024-07-05,15.61
1275,2024-08-08,31.13
1275,2024-08-20,20.92
1275,2024-09-23,22.97
1275,2024-09-29,30.42
1275,2024-10-09,17.35
1275,2024-11-08,14.19
1275,2024-11-13,38.86
1275,2024-12-14,9.34
1275,2024-12-15,21.39
1275,2025-01-06,30.29
1275,2025-01-16,21.49
1275,2025-02-02,27.64
1275,2025-02-17,16.32
1275,2025-02-22,17.59
1275,2025-03-07,17.35
1275,2025-03-16,46.73
1275,2025-04-19,36.18
1275,2025-04-24,32.01
1275,2025-05-16,16.74
1275,2025-06-28,14.28
1275,2025-09-13,20.26
1275,2025-09-19,18.75
1276,2024-01-18,31.7
1276,2024-01-30,26.31
1277,2024-03-13,14.09
1277,2025-05-26,30.23
1278,2024-04-20,20.43
1278,2024-05-28,21.81
1278,2025-09-25,15.12
1278,2025-09-30,39.24
1279,2024-06-30,53.6
1279,2024-07-05,96.58
1279,2024-12-06,130.95
1279,2025-01-29,112.95
1279,2025-05-17,113.61
1279,2025-06-01,61.78
1279,2025-06-10,88.5
1279,2025-07-05,106.7
1279,2025-07-11,85.28
1279,2025-10-17,53.55
1279,2025-11-06,28.88
1279,2025-11-22,84.26
1280,2024-03-10,14.77
1281,2024-02-21,23.7
1282,2024-02-22,17.2
1282,2024-09-07,19.13
1282,2024-12-30,14.32
1282,2025-03-01,11.13
1282,2025-03-15,28.14
1283,2024-03-12,19.47
1283,2024-03-23,23.6
1283,2024-05-01,30.18
1283,2024-05-07,56.41
1283,2024-05-11,30.52
1283,2024-05-25,25.39
1283,2024-06-16,26.8
1283,2024-07-26,40.55
1283,2024-10-04,48.17
1283,2024-12-20,22.28
1283,2025-02-08,26.42
1283,2025-03-14,42.62
1283,2025-04-14,52.03
1283,2025-07-13,21.95
1283,2025-07-21,65.94
1283,2025-09-11,49.39
1283,2025-09-23,39.48
1283,2025-09-24,31.66
1284,2024-05-09,21.94
1284,2024-08-22,17.47
1284,2024-09-01,33.98
1284,2024-10-26,34.68
1284,2025-02-02,11.28
1284,2025-02-04,25.86
1284,2025-02-24,30.68
1284,2025-04-09,17.67
1284,2025-05-12,10.82
1284,2025-06-01,11.97
1284,2025-07-04,31.22
1284,2025-07-09,20.49
1285,2024-01-24,32.38
1286,2024-01-23,40.99
1286,2024-05-19,93.02
1286,2024-10-19,32.82
1287,2024-05-18,42.18
1288,2024-03-03,70.34
1288,2024-03-22,51.39
1288,2024-04-10,44.9
1288,2024-05-02,55.57
1288,2024-05-23,42.67
1288,2024-07-29,87.83
1288,2024-08-08,71.94
1288,2024-09-19,56.15
1288,2024-09-23,88.08
1288,2024-10-08,66.21
1288,2024-12-04,69.17
1288,2025-03-16,75.22
1289,2024-03-23,68.95
1289,2024-04-02,31.86
1290,2024-02-05,36.95
1291,2024-04-01,99.75
1291,2024-05-01,49.15
1291,2024-05-30,33.45
1292,2024-01-07,77.18
1292,2024-01-12,17.35
1292,2024-02-17,58.68
1292,2024-03-04,18.25
1292,2024-03-20,60.56
1292,2024-04-13,35.48
1293,2024-06-12,13.93
1293,2024-06-26,19.12
1293,2024-07-31,11.58
1293,2024-10-23,15.55
1293,2025-02-09,9.93
1294,2024-02-29,30.45
1294,2024-03-07,14.7
1294,2024-03-17,21.51
1294,2024-03-18,21.69
1294,2024-03-28,15.27
1294,2024-03-31,20.51
1294,2024-04-20,41.22
1294,2024-04-27,7.78
1294,2024-05-20,20.63
1294,2024-05-31,8.94
1294,2024-05-31,22.47
1294,2024-06-06,28.85
1294,2024-06-13,47.01
1294,2024-06-22,41.22
1294,2024-06-23,22.23
1294,2024-07-09,35.27
1294,2024-07-10,36.1
1294,2024-07-31,46.26
1294,2024-08-19,29.3
1294,2024-08-23,23.37
1294,2024-08-24,28.59
1294,2024-09-01,9.37
1294,2024-09-11,17.54
1294,2024-09-15,22.26
1294,2024-09-20,63.7
1295,2024-04-30,13.0
1295,2024-10-09,16.55
1295,2025-02-23,20.79
1295,2025-07-09,25.62
1296,2024-05-05,65.54
1296,2024-05-16,12.71
1296,2024-07-07,24.72
1296,2024-11-20,49.6
1297,2024-02-03,36.19
1297,2024-02-25,23.6
1297,2024-03-07,29.0
1298,2024-04-23,12.98
1299,2024-03-27,38.59
1299,2024-04-17,22.54
1299,2024-05-11,21.62
1299,2024-07-17,47.27
1299,2024-08-02,14.67
1299,2024-08-21,37.78
1300,2024-02-17,29.74
1300,2024-03-27,31.57
1301,2024-05-23,64.09
1302,2024-04-01,40.71
1302,2024-07-06,73.6
1302,2024-08-30,49.57
1302,2025-06-05,36.3
1302,2025-10-26,117.68
1302,2025-11-18,45.63
1303,2024-03-08,17.13
1303,2024-09-17,52.35
1303,2025-09-24,69.7
1304,2024-04-22,68.73
1304,2024-06-05,53.7
1304,2024-06-23,66.95
1304,2024-07-08,62.83
1304,2024-07-24,67.52
1305,2024-02-23,34.41
1305,2024-02-23,33.55
1305,2024-03-04,32.35
1305,2024-03-10,46.58
1305,2024-03-20,14.67
1305,2024-03-21,25.07
1305,2024-04-02,45.43
1305,2024-06-14,39.61
1305,2024-06-28,51.15
1305,2024-07-22,9.26
1305,2024-07-31,30.8
1305,2024-08-10,19.28
1305,2024-08-16,12.96
1305,2024-08-18,35.68
1305,2024-08-26,48.08
1305,2024-08-27,22.07
1305,2024-09-07,23.67
1305,2024-10-13,40.64
1305,2024-12-14,23.21
1305,2024-12-17,39.03
1305,2025-01-28,19.59
1305,2025-01-29,19.86
1305,2025-02-05,44.53
1305,2025-02-05,12.69
1305,2025-03-04,45.27
1305,2025-03-14,30.56
1305,2025-03-20,31.45
1305,2025-04-21,35.47
1306,2024-01-21,13.9
1306,2024-02-03,21.04
1307,2024-04-28,19.79
1307,2024-05-15,25.44
1307,2024-05-28,4.75
1307,2024-06-16,8.76
1307,2024-06-20,26.87
1307,2024-07-08,17.69
1307,2024-07-21,12.53
1307,2024-08-25,11.36
1307,2024-09-05,13.05
1307,2024-09-19,22.23
1307,2024-11-13,13.22
1307,2024-11-19,10.02
1307,2024-12-30,18.25
1307,2025-01-01,13.49
1307,2025-02-05,13.83
1307,2025-03-07,6.74
1307,2025-03-13,24.78
1307,2025-05-10,23.3
1307,2025-06-06,8.52
1307,2025-06-12,13.87
1307,2025-06-17,15.75
1307,2025-06-28,16.47
1307,2025-07-08,34.02
1307,2025-07-30,10.64
1307,2025-09-19,12.78
1307,2025-10-11,21.78
1307,2025-10-30,14.4
1307,2025-11-08,15.93
1307,2025-11-26,5.14
1307,2025-11-26,15.26
1307,2025-12-03,10.13
1307,2025-12-08,34.12
1307,2025-12-08,26.79
1307,2025-12-25,12.7
1308,2024-04-06,35.13
1309,2024-02-17,10.49
1310,2024-02-03,20.64
1310,2024-03-06,23.99
1310,2024-03-08,31.21
1310,2024-05-10,43.09
1310,2024-05-10,66.12
1311,2024-01-12,21.67
1311,2024-02-15,14.54
1311,2024-03-19,49.35
1311,2024-04-17,28.06
1311,2025-01-16,22.97
1311,2025-02-18,29.65
1312,2024-01-13,18.26
1312,2024-01-19,23.0
1312,2024-02-03,25.16
1312,2024-02-25,12.06
1312,2024-03-20,12.95
1312,2024-04-01,39.28
1312,2024-05-01,16.3
1312,2024-05-16,8.67
1312,2024-08-03,29.58
1312,2024-08-11,21.97
1312,2024-08-15,12.92
1312,2024-09-07,7.45
1312,2024-09-10,25.86
1312,2024-09-13,18.71
1312,2024-10-03,28.07
1312,2024-10-07,10.34
1312,2024-10-24,17.11
1312,2024-11-01,12.16
1312,2024-11-01,16.61
1312,2024-11-11,19.72
1312,2024-12-08,16.41
1312,2024-12-10,13.14
1312,2024-12-15,31.67
1312,2024-12-17,16.04
1312,2024-12-24,18.98
1312,2025-01-31,27.14
1312,2025-02-05,23.73
1312,2025-05-03,9.27
1312,2025-05-22,15.53
1312,2025-06-02,22.27
1312,2025-07-21,18.55
1312,2025-07-23,24.96
1312,2025-07-26,32.77
1312,2025-08-04,33.32
1312,2025-08-08,22.13
1312,2025-08-17,40.34
1312,2025-08-22,34.14
1312,2025-09-10,32.43
1312,2025-09-27,15.69
1312,2025-10-03,10.05
1312,2025-10-09,26.49
1312,2025-10-20,10.21
1312,2025-10-29,19.53
1312,2025-11-11,20.92
1312,2025-11-16,32.15
1312,2025-11-25,44.84
1312,2025-12-11,14.96
1312,2025-12-25,21.8
1312,2025-12-26,17.29
1313,2024-01-28,25.62
1314,2024-03-02,79.14
1315,2024-06-22,14.29
1315,2024-06-27,26.6
1315,2024-07-13,35.17
1315,2024-07-17,31.78
1315,2024-08-16,23.23
1315,2024-08-31,51.15
1316,2024-01-18,15.08
1317,2024-02-27,12.28
1318,2024-05-23,28.2
1318,2024-06-27,36.68
1318,2024-08-29,36.47
1318,2024-10-06,33.39
1318,2024-10-16,44.09
1318,2024-12-17,35.58
1318,2024-12-27,19.37
1318,2025-01-13,29.85
1318,2025-02-13,40.56
1318,2025-02-18,27.94
1318,2025-03-01,25.21
1318,2025-04-07,9.72
1318,2025-04-19,69.84
1318,2025-07-09,58.8
1318,2025-08-24,10.87
1318,2025-09-04,13.52
1319,2024-05-05,29.24
1319,2024-11-12,22.78
1319,2025-03-09,26.44
1319,2025-03-17,17.66
1320,2024-02-14,9.68
1320,2024-04-20,17.95
1320,2024-08-23,14.8
1320,2024-09-05,25.35
1320,2024-11-07,18.38
1320,2025-03-25,8.11
1320,2025-05-16,13.59
1320,2025-10-08,15.35
1320,2025-10-10,9.26
1320,2025-10-21,10.8
1320,2025-11-05,16.03
1320,2025-11-21,13.61
1320,2025-12-18,16.28
1321,2024-01-16,33.77
1321,2024-01-29,22.45
1321,2024-08-23,22.8
1322,2024-01-11,17.04
1322,2024-01-16,18.47
1322,2024-02-02,18.67
1322,2024-02-28,11.37
1322,2024-04-06,16.74
1322,2024-04-09,19.86
1322,2024-04-13,23.44
1322,2024-04-14,14.54
1322,2024-05-11,4.65
1322,2024-05-20,32.63
1322,2024-06-04,23.48
1322,2024-06-11,14.3
1322,2024-06-17,19.75
1322,2024-06-19,11.79
1322,2024-08-20,26.7
1322,2024-09-01,10.35
1322,2024-09-03,7.02
1322,2024-10-20,22.67
1322,2024-10-27,22.53
1322,2024-11-14,10.53
1322,2024-12-13,12.55
1322,2024-12-24,4.67
1323,2024-03-27,12.69
1323,2024-04-16,13.34
1323,2024-07-27,7.04
1323,2024-08-04,12.58
1323,2024-08-16,17.77
1323,2024-09-17,9.29
1323,2024-10-11,20.76
1323,2024-10-18,13.78
1323,2024-10-28,21.72
1323,2024-12-19,9.99
1323,2025-01-21,14.73
1323,2025-03-09,14.16
1323,2025-04-13,11.57
1323,2025-05-27,8.34
1323,2025-07-05,6.06
1323,2025-07-17,19.77
1323,2025-08-04,12.81
1323,2025-08-17,8.4
1323,2025-08-26,12.9
1323,2025-08-26,15.61
1324,2024-04-30,19.55
1325,2024-02-02,48.23
1325,2024-02-08,38.03
1326,2024-03-21,9.68
1326,2024-10-08,12.01
1326,2024-11-03,11.17
1326,2025-09-02,32.5
1326,2025-12-26,26.18
1327,2024-01-06,19.6
1328,2024-03-07,25.29
1329,2024-06-15,44.11
1329,2024-07-02,93.09
1329,2024-08-14,56.08
1329,2024-08-27,78.16
1329,2024-09-29,42.14
1329,2024-11-13,76.08
1330,2024-02-08,29.17
1330,2024-03-29,8.43
1330,2024-04-08,31.76
1330,2024-05-04,8.61
1330,2024-05-13,23.08
1330,2024-11-17,26.79
1330,2024-11-21,23.27
1330,2025-01-01,19.96
1330,2025-01-09,22.42
1330,2025-02-14,25.14
1330,2025-04-05,42.49
1330,2025-08-03,17.69
1330,2025-10-31,27.96
1330,2025-12-03,13.38
1331,2024-04-12,19.85
1331,2024-06-10,33.0
1331,2024-06-10,38.48
1331,2024-08-11,58.91
1331,2024-08-17,29.37
1332,2024-02-29,35.21
1332,2024-07-04,26.42
1332,2024-07-09,22.26
1332,2024-10-14,43.67
1332,2024-10-16,49.44
1332,2024-10-19,19.11
1332,2025-02-10,28.23
1332,2025-03-30,27.78
1332,2025-06-14,13.35
1333,2024-03-22,7.04
1334,2024-04-25,38.36
1334,2024-05-04,47.0
1334,2024-06-04,48.43
1334,2024-06-30,25.47
1334,2024-07-16,33.02
1334,2024-08-08,41.28
1334,2024-08-08,15.48
1334,2024-08-18,18.13
1334,2024-09-19,16.47
1335,2024-01-16,12.63
1335,2024-02-15,15.97
1336,2024-06-20,31.55
1337,2024-05-02,41.22
1338,2024-05-14,28.04
1338,2024-08-14,88.34
1338,2024-12-29,42.31
1339,2024-03-20,48.15
1340,2024-06-13,118.29
1340,2024-08-16,62.22
1340,2024-08-18,42.51
1340,2024-11-01,100.68
1340,2025-01-22,67.85
1340,2025-02-05,112.08
1340,2025-02-09,63.23
1340,2025-04-09,38.9
1341,2024-02-22,26.29
1341,2024-03-08,12.84
1341,2024-04-07,18.77
1341,2024-05-09,17.78
1341,2024-05-14,16.37
1341,2024-05-19,15.29
1342,2024-06-11,14.4
1342,2025-01-28,12.61
1342,2025-04-22,21.93
1342,2025-05-23,23.52
1342,2025-06-24,12.94
1342,2025-07-30,20.09
1343,2024-04-10,35.12
1343,2024-04-16,19.29
1344,2024-05-16,25.44
1344,2024-06-25,12.66
1345,2024-01-04,31.15
1345,2024-02-04,34.11
1345,2024-02-28,22.9
1346,2024-05-28,29.86
1346,2024-07-06,34.37
1347,2024-02-24,13.39
1347,2024-03-30,16.43
1347,2024-08-13,11.46
1347,2024-10-10,17.1
1347,2024-10-15,17.53
1347,2024-10-27,21.76
1347,2024-11-18,11.44
1347,2024-12-02,14.23
1347,2025-04-10,11.72
1347,2025-05-30,22.78
1348,2024-05-04,63.08
1348,2024-05-11,38.15
1348,2024-05-25,27.89
1348,2024-06-05,14.23
1348,2024-06-14,23.72
1348,2024-07-16,49.32
1348,2024-08-01,21.48
1348,2024-08-07,44.26
1348,2024-09-01,41.91
1348,2024-09-06,25.25
1348,2024-09-16,25.76
1348,2024-11-25,39.38
1348,2024-11-25,23.9
1348,2024-12-23,27.79
1348,2025-01-05,31.13
1348,2025-01-13,17.77
1348,2025-02-03,25.91
1348,2025-02-26,43.82
1348,2025-03-07,27.25
1348,2025-03-30,35.97
1348,2025-04-05,28.65
1349,2024-05-18,25.55
1350,2024-05-02,9.19
1351,2024-03-17,20.03
1351,2024-06-01,24.04
1351,2024-06-23,25.98
1351,2024-06-27,11.81
1351,2024-07-30,13.93
1351,2024-08-13,47.58
1351,2024-08-23,12.34
1351,2024-08-24,23.57
1351,2024-08-29,14.98
1351,2024-12-01,25.86
1351,2025-01-26,17.09
1351,2025-01-27,27.09
1351,2025-02-19,20.38
1351,2025-05-28,29.67
1351,2025-06-14,28.96
1351,2025-06-20,46.43
1351,2025-07-09,23.93
1351,2025-07-09,25.93
1351,2025-10-22,27.51
1351,2025-11-20,28.66
1351,2025-12-13,11.28
1352,2024-05-10,12.92
1352,2024-05-14,8.41
1352,2024-05-25,26.31
1352,2024-06-03,9.14
1352,2024-08-14,5.73
1352,2024-09-27,13.65
1352,2024-11-23,26.96
1352,2024-11-25,12.67
1352,2024-12-19,6.08
1352,2025-01-07,12.08
1352,2025-03-20,14.64
1352,2025-04-03,7.7
1352,2025-04-04,20.27
1352,2025-05-07,10.0
1352,2025-05-11,16.25
1352,2025-05-13,17.12
1352,2025-06-07,12.59
1352,2025-06-16,18.01
1352,2025-07-17,8.97
1352,2025-08-17,11.55
1352,2025-09-30,26.17
1352,2025-11-29,27.79
1352,2025-11-30,10.6
1353,2024-03-12,14.17
1354,2024-06-01,16.71
1354,2024-10-03,23.62
1354,2024-11-07,16.38
1354,2025-01-27,10.05
1354,2025-02-07,22.25
1354,2025-02-26,12.34
1354,2025-04-11,24.49
1354,2025-08-10,22.75
1354,2025-09-29,27.3
1354,2025-11-29,38.09
1354,2025-12-01,15.14
1355,2024-04-08,10.58
1356,2024-04-05,13.19
1356,2024-04-09,12.69
1356,2024-05-19,9.12
1356,2024-07-25,8.73
1356,2024-09-12,5.36
1356,2024-10-03,16.45
1357,2024-04-14,41.49
1357,2024-04-17,58.11
1357,2024-07-08,23.25
1357,2024-07-09,24.39
1358,2024-05-03,33.89
1358,2024-05-18,26.82
1359,2024-03-10,19.18
1360,2024-04-04,23.84
1360,2024-04-13,47.47
1360,2024-05-16,11.92
1360,2024-05-16,42.22
1360,2024-05-25,38.07
1360,2024-06-15,46.11
1360,2024-07-06,21.18
1360,2024-07-10,28.58
1360,2024-08-12,29.38
1360,2024-09-25,50.2
1360,2024-10-07,62.59
1360,2024-10-15,26.73
1360,2024-10-20,41.78
1360,2024-11-04,46.61
1360,2024-11-24,58.6
1360,2024-12-26,36.13
1360,2025-01-07,19.61
1360,2025-02-14,40.46
1360,2025-03-04,18.62
1360,2025-03-16,22.43
1360,2025-03-18,26.25
1360,2025-03-26,22.36
1360,2025-04-04,51.05
1360,2025-04-09,50.85
1360,2025-04-23,20.73
1360,2025-05-05,51.53
1360,2025-05-21,50.5
1360,2025-06-06,46.66
1360,2025-06-06,45.38
1360,2025-07-04,63.19
1360,2025-07-06,34.04
1360,2025-07-09,56.98
1360,2025-08-04,50.04
1360,2025-10-06,29.11
1360,2025-10-17,33.72
1360,2025-10-25,60.88
1360,2025-11-11,13.03
1360,2025-11-13,43.14
1360,2025-11-13,56.94
1360,2025-11-15,23.78
1361,2024-05-11,17.09
1362,2024-05-12,46.63
1363,2024-04-15,58.61
1363,2024-05-28,23.5
1363,2024-06-06,22.93
1363,2024-06-14,47.43
1363,2024-08-05,28.26
1363,2024-10-10,49.09
1363,2024-10-30,53.76
1364,2024-01-25,28.97
1364,2024-01-26,72.04
1365,2024-04-17,36.65
1366,2024-03-09,19.12
1366,2024-03-28,52.84
1366,2024-08-22,29.45
1366,2025-09-05,70.13
1366,2025-09-06,49.25
1366,2025-09-22,47.59
1366,2025-10-08,67.05
1366,2025-10-25,35.35
1366,2025-12-09,18.67
1367,2024-02-23,40.69
1367,2024-03-02,92.24
1367,2024-06-02,62.47
1367,2024-07-27,26.22
1367,2025-01-17,46.29
1367,2025-02-22,43.67
1367,2025-07-03,65.32
1367,2025-07-21,88.65
1367,2025-07-29,38.92
1367,2025-08-29,31.27
1367,2025-09-28,30.4
1367,2025-10-04,28.81
1367,2025-11-18,19.87
1367,2025-12-03,64.52
1367,2025-12-12,28.05
1368,2024-01-12,17.0
1369,2024-03-01,28.23
1369,2024-06-21,36.18
1369,2024-06-26,10.62
1369,2024-06-28,33.97
1369,2024-07-18,17.21
1369,2024-12-19,32.02
1369,2025-01-26,20.55
1369,2025-03-19,23.04
1369,2025-03-22,23.95
1369,2025-03-28,16.86
1369,2025-05-22,44.63
1369,2025-07-04,16.48
1369,2025-08-12,17.91
1369,2025-08-15,28.26
1369,2025-08-18,7.47
1369,2025-09-06,33.75
1369,2025-10-03,9.92
1369,2025-10-28,23.53
1369,2025-11-18,29.28
1370,2024-04-17,31.16
1371,2024-02-16,32.87
1371,2024-04-09,32.11
1371,2024-06-05,20.45
1371,2024-09-03,19.65
1371,2024-11-03,23.43
1371,2024-12-30,17.87
1371,2025-03-14,21.49
1371,2025-05-13,17.58
1371,2025-08-01,5.5
1371,2025-09-14,10.78
1372,2024-02-25,27.18
1372,2024-03-28,10.42
1372,2024-05-13,33.6
1373,2024-01-22,41.96
1373,2024-02-16,21.16
1373,2024-02-26,16.52
1373,2024-03-09,25.71
1373,2024-03-13,14.47
1373,2024-03-18,73.82
1373,2024-03-31,34.41
1374,2024-05-08,71.49
1375,2024-06-30,95.64
1376,2024-02-27,15.42
1377,2024-06-25,16.53
1378,2024-01-28,38.1
1378,2024-02-12,36.12
1378,2024-03-19,54.78
1379,2024-06-05,28.77
1379,2024-06-18,34.05
1380,2024-05-28,13.4
1380,2024-06-12,15.24
1381,2024-05-24,14.83
1381,2024-06-03,8.02
1381,2024-06-07,13.98
1381,2024-06-19,22.91
1381,2024-06-29,12.45
1381,2024-07-02,17.55
1381,2024-07-04,15.73
1381,2024-07-07,20.99
1381,2024-08-19,21.52
1381,2024-08-21,5.15
1381,2024-08-29,13.93
1381,2024-09-01,16.57
1381,2024-09-13,16.94
1381,2024-09-21,18.45
1382,2024-04-10,14.92
1382,2024-05-14,34.05
1382,2024-06-10,37.03
1383,2024-02-02,48.3
1383,2024-04-19,25.77
1384,2024-01-13,11.72
1385,2024-05-25,26.2
1385,2024-06-13,78.86
1385,2024-06-19,43.77
1385,2024-06-25,37.74
1385,2024-08-01,42.48
1385,2024-09-17,49.38
1385,2024-10-15,24.58
1386,2024-04-08,45.17
1386,2024-06-30,13.45
1387,2024-05-13,15.01
1387,2024-10-20,17.26
1387,2025-04-28,31.34
1388,2024-04-20,35.48
1389,2024-04-02,29.83
1389,2024-04-15,29.82
1389,2024-04-18,27.96
1389,2024-05-17,33.93
1389,2024-06-09,25.53
1389,2024-06-24,44.09
1389,2024-06-27,34.14
1389,2024-07-20,24.74
1389,2024-07-24,55.18
1389,2024-07-24,29.59
1389,2024-08-09,19.57
1389,2024-08-17,27.86
1389,2024-09-06,37.91
1389,2024-10-09,25.75
1389,2024-10-16,21.9
1389,2024-11-19,35.2
1389,2024-12-02,46.21
1389,2024-12-03,32.22
1389,2024-12-26,44.11
1389,2025-01-12,42.44
1389,2025-01-31,20.82
1389,2025-02-09,32.69
1389,2025-03-11,30.46
1389,2025-09-09,33.68
1389,2025-11-17,38.17
1389,2025-11-26,22.83
1390,2024-06-20,8.32
1391,2024-02-12,37.58
1391,2025-01-10,42.16
1392,2024-03-26,16.25
1393,2024-05-17,18.9
1393,2024-06-11,20.99
1393,2024-07-08,30.96
1393,2024-07-23,35.89
1393,2024-08-28,23.35
1393,2024-10-08,21.01
1393,2024-10-18,20.99
1393,2024-10-22,27.42
1393,2024-11-01,14.07
1393,2024-11-09,15.3
1393,2025-03-23,19.61
1393,2025-05-05,18.52
1393,2025-05-21,14.6
1393,2025-06-09,27.34
1393,2025-06-09,39.42
1393,2025-06-19,25.33
1393,2025-06-25,28.97
1394,2024-01-19,9.51
1395,2024-06-24,23.23
1395,2024-07-25,21.75
1396,2024-04-29,11.34
1396,2024-05-19,24.87
1396,2024-05-30,39.15
1396,2024-06-24,28.28
1396,2024-07-23,22.44
1396,2024-08-07,14.01
1396,2024-09-11,41.08
1396,2024-09-25,51.15
1396,2024-10-04,37.8
1396,2024-10-29,18.97
1396,2024-12-04,32.75
1396,2024-12-22,33.25
1396,2025-02-16,32.25
1396,2025-03-02,34.46
1396,2025-03-26,13.77
1396,2025-05-14,23.84
1396,2025-06-09,33.01
1396,2025-06-11,15.06
1396,2025-07-22,25.75
1396,2025-08-18,13.45
1396,2025-09-27,26.13
1397,2024-02-23,38.23
1397,2024-03-28,18.58
1397,2024-04-06,23.95
1397,2024-04-16,17.64
1397,2024-05-09,31.07
1397,2024-05-18,35.3
1397,2024-06-07,44.27
1397,2024-06-11,42.16
1397,2024-06-19,30.47
1397,2024-08-09,32.92
1397,2024-08-28,26.23
1397,2024-11-16,29.97
1397,2024-12-03,30.88
1397,2024-12-13,43.3
1397,2024-12-31,33.6
1397,2025-01-23,56.82
1397,2025-03-14,23.6
1397,2025-04-13,36.47
1397,2025-04-22,39.66
1397,2025-05-05,36.04
1397,2025-05-20,23.76
1397,2025-06-06,33.43
1397,2025-07-22,35.97
1398,2024-04-01,7.96
1399,2024-03-16,25.2
1399,2024-04-01,22.96
1399,2024-04-05,44.75
1399,2024-04-23,33.46
1399,2024-04-24,18.34
1399,2024-04-26,27.11
1399,2024-05-02,22.98
1399,2024-05-08,19.52
1399,2024-05-11,11.67
1399,2024-05-15,37.92
1399,2024-05-17,14.65
1399,2024-05-18,20.62
1399,2024-06-01,25.02
1399,2024-06-16,23.38
1399,2024-06-19,12.39
1399,2024-06-21,28.75
1399,2024-06-23,21.85
1399,2024-06-25,28.32
1399,2024-06-29,23.11
1399,2024-07-05,32.85
1399,2024-07-05,15.96
1399,2024-07-15,20.06
1399,2024-07-18,22.32
1399,2024-07-23,12.69
1399,2024-07-27,18.72
1399,2024-08-20,11.22
1399,2024-08-21,23.13
1399,2024-08-22,28.02
1399,2024-08-23,27.45
1399,2024-09-06,14.45
1399,2024-09-07,19.68
1399,2024-09-15,18.38
1399,2024-09-25,15.76
1399,2024-09-27,18.48
1399,2024-09-29,22.71
1399,2024-10-16,24.08
1399,2024-10-19,26.31
1399,2024-10-21,27.28
1399,2024-10-21,25.18
1399,2024-10-22,16.46
1399,2024-10-22,24.35
1399,2024-10-22,19.68
1399,2024-10-23,21.67
1399,2024-10-25,15.99
1399,2024-11-09,28.91
1399,2024-11-14,43.03
1399,2024-11-14,19.66
1399,2024-11-17,16.46
1399,2024-11-22,25.55
1399,2024-12-03,18.56
1399,2024-12-05,23.51
1399,2024-12-12,12.48
1399,2024-12-13,38.41
1399,2024-12-16,17.89
1399,2024-12-24,13.72
1399,2025-01-02,19.69
1399,2025-01-13,25.14
1399,2025-02-03,29.29
1399,2025-02-04,7.5
1399,2025-02-11,15.32
1399,2025-02-12,34.13
1399,2025-02-12,27.71
1399,2025-02-21,23.79
1399,2025-02-25,23.33
1399,2025-03-05,10.04
1399,2025-03-07,12.24
1399,2025-03-09,23.54
1399,2025-03-21,20.81
1399,2025-03-23,21.2
1399,2025-03-27,15.14
1399,2025-03-27,17.98
1399,2025-03-27,21.55
1399,2025-04-01,17.32
1399,2025-04-05,31.51
1399,2025-04-15,45.4
1399,2025-04-15,27.97
1399,2025-05-08,8.87
1399,2025-05-12,16.98
1399,2025-05-23,28.32
1399,2025-05-26,29.28
1399,2025-05-27,17.3
1400,2024-05-31,26.44
1401,2024-01-21,36.05
1401,2024-02-07,38.53
1402,2024-01-07,13.79
1402,2024-01-09,15.93
1402,2024-01-22,9.19
1402,2024-01-26,14.15
1402,2024-02-07,23.31
1402,2024-02-26,19.7
1402,2024-04-07,8.64
1402,2024-04-22,10.61
1402,2024-05-26,20.74
1402,2024-07-04,21.25
1402,2024-08-06,35.64
1402,2024-08-27,24.58
1402,2024-09-03,12.56
1402,2024-09-17,6.31
1402,2024-10-29,29.21
1402,2024-11-09,12.6
1403,2024-02-04,20.79
1404,2024-04-06,11.24
1404,2024-06-30,10.06
1404,2024-11-05,14.24
1405,2024-03-29,36.75
1405,2024-05-11,41.27
1406,2024-02-17,33.12
1406,2024-06-18,23.8
1406,2024-07-16,36.48
1406,2025-02-19,24.35
1406,2025-11-27,43.79
1407,2024-02-18,21.5
1408,2024-06-06,28.77
1409,2024-03-01,65.23
1410,2024-04-02,33.66
1411,2024-04-22,39.67
1411,2024-04-26,32.97
1411,2024-06-09,45.85
1411,2024-06-17,26.98
1411,2024-10-19,38.99
1411,2024-10-26,14.77
1411,2024-10-31,29.65
1412,2024-03-21,27.73
1412,2024-04-04,33.0
1412,2024-05-27,27.02
1412,2024-06-10,19.11
1412,2024-06-20,17.25
1412,2025-02-06,38.85
1412,2025-03-10,43.54
1412,2025-05-17,14.7
1412,2025-06-01,42.96
1412,2025-06-24,28.54
1412,2025-06-26,39.36
1412,2025-08-23,32.89
1412,2025-09-06,31.16
1412,2025-09-20,25.53
1412,2025-11-20,31.44
1413,2024-06-17,17.27
1413,2024-07-16,29.99
1414,2024-03-30,35.59
1415,2024-01-09,39.05
1415,2024-10-19,29.19
1416,2024-01-02,77.04
1417,2024-04-02,32.19
1417,2024-05-15,50.93
1417,2024-06-27,58.5
1418,2024-02-07,44.67
1419,2024-05-19,75.82
1420,2024-05-04,45.48
1421,2024-04-21,35.68
1421,2025-07-09,38.87
1421,2025-11-11,60.05
1422,2024-03-21,213.85
1422,2024-08-21,307.63
1422,2024-12-23,143.22
1422,2025-03-28,108.94
1422,2025-07-25,112.52
1422,2025-07-28,205.74
1422,2025-12-14,83.03
1422,2025-12-14,159.21
1423,2024-02-25,45.86
1424,2024-01-28,93.68
1425,2024-04-20,33.02
1425,2025-01-14,20.92
1426,2024-02-18,15.0
1427,2024-01-25,22.96
1427,2024-03-06,15.28
1427,2024-03-20,31.68
1427,2024-09-14,7.46
1427,2024-10-05,10.68
1427,2024-11-20,13.84
1427,2024-12-20,19.78
1427,2025-01-08,21.05
1427,2025-03-07,13.85
1427,2025-03-17,10.22
1427,2025-06-04,21.39
1427,2025-06-18,22.46
1428,2024-03-06,7.05
1429,2024-02-28,42.01
1429,2024-03-09,48.77
1429,2024-03-11,51.26
1429,2024-03-23,44.1
1429,2024-04-09,38.74
1429,2024-04-11,29.86
1429,2024-04-19,48.16
1429,2024-05-03,43.83
1429,2024-05-13,46.16
1429,2024-06-09,41.71
1429,2024-07-17,46.23
1429,2024-08-24,37.33
1429,2024-08-30,20.11
1429,2024-09-03,63.16
1429,2024-10-05,68.35
1429,2024-11-01,27.9
1429,2024-11-08,25.81
1429,2024-11-23,75.35
1429,2024-11-26,38.69
1429,2024-12-01,48.29
1429,2024-12-26,36.4
1429,2025-03-04,44.87
1429,2025-03-13,30.72
1429,2025-05-27,38.78
1429,2025-06-02,21.21
1429,2025-06-09,38.64
1429,2025-06-21,52.46
1429,2025-07-02,41.33
1429,2025-07-08,53.22
1429,2025-07-10,35.16
1429,2025-09-30,54.24
1429,2025-10-08,38.48
1429,2025-10-29,38.68
1429,2025-10-30,13.39
1429,2025-10-31,31.39
1429,2025-12-09,38.64
1430,2024-03-17,32.27
1430,2024-03-29,74.15
1431,2024-03-29,18.06
1431,2024-04-23,61.89
1431,2024-05-03,21.74
1431,2024-05-05,24.43
1431,2024-05-14,32.32
1431,2024-06-26,22.24
1431,2024-06-28,53.3
1431,2024-07-17,63.9
1431,2024-07-25,64.67
1431,2024-07-26,38.6
1431,2024-08-13,53.12
1431,2024-08-26,28.94
1431,2024-09-04,31.05
1431,2024-09-12,41.81
1431,2024-09-23,24.26
1431,2024-09-26,37.49
1431,2024-10-15,24.37
1431,2024-10-26,19.78
1431,2024-11-06,20.22
1431,2024-12-02,30.96
1431,2025-01-06,39.99
1431,2025-01-22,90.39
1431,2025-02-04,19.83
1431,2025-02-25,28.63
1431,2025-03-14,45.09
1431,2025-03-29,15.72
1431,2025-05-05,12.13
1431,2025-06-04,78.37
1431,2025-06-28,31.78
1431,2025-07-06,22.75
1431,2025-07-26,20.31
1431,2025-07-29,34.3
1431,2025-08-29,57.43
1431,2025-09-09,18.79
1431,2025-10-23,24.96
1431,2025-10-29,29.68
1431,2025-10-31,38.55
1431,2025-11-14,45.62
1431,2025-12-25,77.47
1432,2024-06-24,99.16
1432,2024-06-27,30.99
1432,2024-07-19,28.63
1432,2024-07-28,45.43
1432,2024-08-04,52.42
1432,2024-08-24,41.94
1432,2024-09-12,42.77
1432,2024-09-20,83.5
1432,2024-09-21,45.9
1432,2024-10-03,20.5
1432,2024-10-04,30.68
1432,2024-10-06,23.45
1432,2024-10-13,63.43
1432,2024-10-31,38.54
1432,2024-11-05,30.46
1432,2024-11-12,22.81
1432,2024-11-15,28.22
1432,2024-11-19,20.16
1432,2024-11-21,32.7
1432,2024-11-30,31.7
1432,2024-12-05,29.97
1432,2024-12-13,43.38
1432,2025-01-03,22.99
1432,2025-01-04,78.94
1432,2025-01-18,47.63
1432,2025-02-07,120.25
1432,2025-02-27,32.74
1432,2025-03-14,45.67
1432,2025-03-22,43.92
1432,2025-04-23,57.86
1432,2025-05-10,32.51
1432,2025-05-19,25.33
1432,2025-05-28,69.77
1432,2025-06-06,43.57
1432,2025-06-13,33.06
1432,2025-06-28,66.94
1432,2025-07-14,32.67
1432,2025-08-09,59.8
1432,2025-08-20,54.02
1432,2025-08-31,77.05
1433,2024-05-17,44.3
1433,2024-05-23,22.45
1433,2024-05-29,32.93
1434,2024-03-31,23.68
1434,2024-04-17,27.03
1435,2024-04-08,23.3
1435,2024-04-19,49.22
1435,2024-05-05,20.33
1435,2024-05-16,12.15
1435,2024-05-25,30.55
1435,2024-05-27,20.44
1435,2024-06-19,20.4
1435,2024-07-08,23.03
1435,2024-08-06,13.74
1435,2024-08-14,25.26
1435,2024-09-15,15.74
1435,2024-09-22,10.32
1435,2024-10-27,15.9
1435,2024-11-24,23.92
1435,2024-11-27,31.36
1435,2024-12-19,10.86
1435,2024-12-24,31.48
1435,2025-02-04,18.47
1435,2025-02-27,22.92
1435,2025-03-01,12.01
1435,2025-05-30,34.16
1435,2025-06-01,17.73
1435,2025-06-08,26.9
1435,2025-06-14,28.12
1435,2025-06-29,49.31
1435,2025-07-17,16.73
1435,2025-08-07,31.48
1435,2025-10-04,15.49
1435,2025-10-06,35.48
1435,2025-10-20,12.03
1435,2025-11-18,16.55
1435,2025-11-24,31.69
1435,2025-12-01,12.14
1435,2025-12-20,16.71
1435,2025-12-23,14.76
1436,2024-05-13,11.95
1436,2024-10-16,13.18
1437,2024-04-22,35.88
1437,2025-05-29,52.52
1438,2024-02-08,31.82
1438,2024-07-26,43.79
1439,2024-01-11,7.3
1439,2024-05-09,12.13
1439,2024-07-07,16.11
1439,2024-11-14,7.46
1439,2025-01-12,9.95
1439,2025-03-17,9.34
1440,2024-01-09,78.87
1440,2024-01-21,20.13
1441,2024-03-20,17.71
1442,2024-02-20,11.89
1443,2024-06-06,6.35
1443,2024-08-09,9.23
1443,2024-09-11,30.29
1443,2024-09-28,15.52
1443,2025-03-02,27.07
1444,2024-04-23,17.21
1445,2024-02-17,26.25
1445,2024-06-11,22.41
1445,2025-01-23,22.22
1446,2024-01-03,19.58
1447,2024-04-18,18.08
1447,2024-06-09,9.33
1447,2024-06-12,35.0
1447,2024-08-22,30.47
1447,2024-09-13,15.67
1447,2025-01-20,23.45
1447,2025-01-21,40.56
1447,2025-02-10,36.36
1447,2025-02-26,26.29
1447,2025-04-04,32.18
1447,2025-04-06,39.16
1447,2025-04-15,47.88
1447,2025-06-27,46.92
1448,2024-01-18,7.73
1448,2024-04-29,10.91
1449,2024-02-17,45.18
1450,2024-06-29,26.61
1450,2024-08-06,22.31
1451,2024-04-28,16.72
1451,2024-04-29,23.14
1451,2024-05-22,22.09
1451,2024-06-09,16.0
1451,2024-06-24,28.33
1451,2024-10-01,28.73
1451,2024-10-15,18.0
1451,2024-10-26,20.1
1451,2024-10-30,16.5
1451,2024-11-07,9.94
1451,2024-11-10,33.44
1451,2025-01-14,15.37
1452,2024-06-13,31.74
1453,2024-05-17,43.24
1454,2024-04-25,10.4
1454,2024-06-15,18.36
1454,2024-09-09,17.02
1454,2024-09-23,18.68
1454,2025-02-22,8.97
1454,2025-02-27,23.92
1455,2024-03-09,74.87
1456,2024-04-11,33.48
1456,2024-04-15,66.33
1457,2024-05-11,24.12
1458,2024-03-31,22.05
1458,2024-04-05,24.89
1458,2024-04-06,39.57
1458,2024-05-12,22.52
1458,2024-05-19,46.22
1458,2024-05-24,9.73
1458,2024-06-21,20.2
1458,2024-07-01,14.99
1458,2024-07-21,39.04
1459,2024-05-12,24.66
1459,2024-06-10,28.76
1459,2024-08-19,24.19
1459,2024-09-03,16.54
1459,2024-09-28,15.58
1459,2024-10-20,24.25
1460,2024-02-27,10.02
1460,2024-06-09,23.66
1460,2024-06-29,23.52
1460,2024-07-04,22.04
1460,2024-11-22,20.12
1460,2025-02-01,17.66
1460,2025-02-04,11.6
1460,2025-04-23,7.45
1460,2025-05-09,30.34
1460,2025-05-13,20.9
1460,2025-05-18,11.41
1460,2025-07-07,11.94
1460,2025-07-08,36.19
1460,2025-11-14,24.1
1460,2025-12-27,31.0
1461,2024-04-29,34.79
1461,2024-07-05,30.74
1461,2024-07-18,36.37
1461,2024-08-06,18.09
1461,2024-09-03,60.43
1461,2024-09-15,23.23
1461,2024-11-18,20.21
1461,2024-12-11,21.53
1461,2024-12-20,31.77
1461,2024-12-31,24.95
1462,2024-04-10,22.8
1463,2024-05-23,28.97
1463,2024-06-05,70.63
1463,2024-07-07,45.53
1463,2024-07-11,73.34
1464,2024-04-15,38.84
1464,2024-05-03,65.66
1464,2024-05-04,40.84
1464,2024-05-09,30.42
1464,2024-05-17,40.82
1464,2024-06-06,30.46
1464,2024-06-24,49.12
1464,2024-07-11,54.76
1464,2024-07-21,16.59
1464,2024-07-26,49.66
1464,2024-08-09,35.54
1464,2024-08-13,25.96
1464,2024-09-15,53.79
1464,2024-09-15,59.28
1464,2024-09-25,11.69
1465,2024-04-23,201.96
1465,2024-05-04,182.74
1465,2024-10-16,63.34
1466,2024-05-24,34.6
1467,2024-01-15,23.33
1468,2024-04-24,4.85
1468,2024-05-11,17.42
1468,2024-07-15,14.41
1468,2024-07-16,14.85
1468,2024-07-31,18.21
1468,2024-08-07,10.55
1468,2024-08-14,7.52
1468,2024-09-16,17.48
1468,2024-09-24,12.9
1468,2024-10-23,14.97
1468,2024-12-09,6.16
1468,2024-12-09,16.35
1468,2025-01-03,27.61
1468,2025-02-03,21.8
1468,2025-02-27,21.48
1468,2025-04-06,18.17
1468,2025-04-09,9.67
1468,2025-05-16,30.31
1468,2025-07-24,9.06
1468,2025-08-21,8.56
1469,2024-01-18,21.36
1469,2024-03-10,16.03
1469,2024-05-28,13.04
1469,2024-06-18,14.04
1469,2024-07-08,14.07
1469,2024-09-08,6.96
1469,2024-10-23,19.58
1469,2025-03-24,10.89
1469,2025-05-02,9.06
1469,2025-05-15,16.24
1469,2025-05-23,9.07
1469,2025-05-30,17.1
1469,2025-06-23,15.21
1469,2025-08-06,12.6
1469,2025-09-10,7.72
1469,2025-09-12,13.9
1469,2025-11-24,15.47
1470,2024-04-12,55.2
1470,2024-05-24,22.05
1470,2024-06-09,35.31
1470,2024-08-09,35.93
1470,2024-08-20,37.73
1470,2024-10-23,33.99
1470,2024-11-03,61.38
1470,2024-11-04,29.3
1470,2024-12-02,17.58
1470,2025-01-18,26.46
1470,2025-01-19,36.32
1470,2025-02-24,14.13
1470,2025-04-21,41.84
1470,2025-05-06,44.84
1470,2025-05-11,48.65
1470,2025-05-25,35.83
1470,2025-06-25,50.13
1470,2025-07-01,41.34
1470,2025-07-26,39.74
1470,2025-08-23,60.84
1470,2025-08-31,43.58
1470,2025-09-09,39.74
1470,2025-09-09,33.93
1470,2025-09-11,28.37
1470,2025-10-04,35.01
1470,2025-10-12,26.16
1470,2025-10-31,60.05
1470,2025-11-08,38.14
1471,2024-06-20,15.39
1471,2024-08-11,23.05
1471,2024-09-12,9.17
1471,2024-09-15,22.35
1471,2024-12-30,18.93
1471,2025-01-17,12.47
1471,2025-02-16,11.86
1471,2025-04-22,18.99
1471,2025-05-01,12.16
1471,2025-06-27,10.55
1472,2024-01-18,27.96
1473,2024-05-09,25.24
1473,2024-06-28,57.69
1473,2024-07-13,91.78
1473,2024-07-14,62.25
1473,2024-07-20,61.78
1473,2024-08-02,71.54
1473,2024-08-14,79.16
1473,2024-08-23,20.31
1473,2024-09-29,34.27
1473,2024-10-15,41.5
1473,2024-11-14,52.21
1473,2024-12-29,49.9
1473,2025-01-18,40.02
1473,2025-06-18,40.35
1473,2025-08-15,49.88
1473,2025-09-11,32.16
1473,2025-11-07,41.06
1473,2025-12-14,46.98
1473,2025-12-18,44.02
1474,2024-03-11,29.66
1474,2024-04-11,38.41
1475,2024-06-13,31.66
1475,2024-06-17,12.73
1475,2024-07-20,17.3
1475,2024-07-21,43.33
1475,2024-11-24,19.86
1475,2024-12-19,28.97
1475,2024-12-30,40.71
1475,2025-01-21,13.85
1475,2025-03-10,45.34
1475,2025-05-30,22.59
1475,2025-05-31,17.82
1475,2025-07-06,34.48
1475,2025-07-31,31.52
1476,2024-02-12,80.59
1476,2024-09-25,87.84
1476,2024-10-11,60.48
1476,2024-11-24,69.67
1476,2024-11-29,85.31
1477,2024-01-11,9.1
1478,2024-02-29,6.96
1478,2024-03-04,17.19
1478,2024-03-07,24.65
1478,2024-03-09,7.02
1478,2024-03-26,20.48
1478,2024-03-29,22.72
1478,2024-04-01,20.38
1478,2024-04-09,23.94
1478,2024-05-15,28.47
1478,2024-05-31,24.46
1478,2024-06-01,18.35
1478,2024-06-13,21.26
1478,2024-06-19,20.47
1478,2024-06-26,15.29
1478,2024-07-25,20.46
1478,2024-08-04,13.77
1478,2024-08-06,23.22
1478,2024-08-09,13.41
1478,2024-08-15,15.01
1478,2024-08-26,25.93
1478,2024-09-13,21.39
1478,2024-09-18,19.17
1478,2024-09-25,20.79
1478,2024-09-27,16.18
1478,2024-10-09,12.63
1478,2024-10-22,17.72
1478,2024-10-29,15.25
1478,2024-10-29,16.21
1478,2024-11-01,23.65
1478,2024-11-11,30.82
1478,2024-11-12,17.4
1478,2024-12-01,22.04
1479,2024-05-12,8.44
1480,2024-01-10,9.14
1480,2024-02-06,17.84
1480,2024-02-24,13.78
1480,2024-03-07,9.6
1480,2024-03-29,10.87
1480,2024-04-27,4.55
1480,2024-05-11,18.79
1481,2024-06-05,12.76
1481,2024-10-20,20.24
1481,2025-05-25,41.12
1482,2024-06-21,29.96
1482,2024-08-14,20.71
1482,2024-09-06,28.6
1482,2024-10-09,15.72
1482,2025-03-06,50.26
1482,2025-05-20,24.91
1482,2025-07-09,51.18
1482,2025-09-18,16.07
1483,2024-04-23,13.86
1484,2024-05-30,23.46
1484,2024-06-27,23.6
1484,2024-06-29,21.04
1484,2024-07-01,17.14
1485,2024-03-03,35.73
1485,2024-05-10,28.33
1485,2024-05-12,36.05
1486,2024-03-24,46.66
1487,2024-02-24,65.18
1488,2024-04-11,37.78
1488,2024-05-18,40.83
1488,2024-06-05,43.77
1488,2024-09-21,15.43
1488,2024-10-11,21.48
1488,2024-10-29,30.6
1489,2024-06-24,18.92
1489,2024-06-25,29.11
1489,2024-06-30,36.41
1489,2024-06-30,34.6
1489,2024-07-12,7.76
1489,2024-07-26,12.71
1489,2024-07-28,25.71
1489,2024-08-04,34.48
1489,2024-08-09,27.54
1489,2024-08-20,17.14
1489,2024-08-24,32.55
1489,2024-08-31,21.02
1489,2024-09-13,11.66
1489,2024-09-19,14.2
1489,2024-09-20,23.78
1489,2024-09-22,27.23
1489,2024-10-14,24.71
1489,2024-10-27,14.37
1489,2024-10-31,20.21
1489,2024-11-08,29.8
1489,2024-11-10,28.61
1489,2024-11-21,23.55
1489,2024-11-23,10.53
1489,2024-12-04,7.91
1489,2024-12-23,16.83
1489,2024-12-25,22.82
1489,2024-12-29,25.53
1489,2025-01-07,12.5
1489,2025-01-14,15.48
1489,2025-01-20,27.37
1489,2025-02-25,11.94
1489,2025-03-14,16.8
1489,2025-03-26,21.49
1489,2025-04-13,11.97
1489,2025-04-13,16.93
1489,2025-04-13,27.17
1489,2025-04-16,19.05
1489,2025-05-01,20.19
1489,2025-05-23,36.3
1489,2025-05-29,20.9
1489,2025-05-30,28.32
1489,2025-05-31,15.67
1489,2025-06-07,20.02
1489,2025-07-11,15.28
1489,2025-07-20,17.42
1489,2025-08-06,17.53
1489,2025-08-14,29.42
1489,2025-08-23,15.18
1489,2025-09-07,30.6
1489,2025-09-09,16.57
1489,2025-09-23,22.19
1489,2025-09-28,10.78
1489,2025-10-05,30.85
1489,2025-10-10,14.72
1489,2025-10-27,20.18
1489,2025-10-29,21.11
1489,2025-10-30,29.41
1489,2025-10-31,11.72
1489,2025-11-06,26.94
1489,2025-11-07,13.46
1489,2025-11-27,35.56
1489,2025-12-05,18.87
1489,2025-12-10,25.45
1489,2025-12-12,11.17
1489,2025-12-15,20.19
1489,2025-12-17,41.86
1489,2025-12-23,19.09
1489,2025-12-26,26.4
1490,2024-05-13,15.55
1491,2024-06-25,265.79
1492,2024-04-29,43.75
1492,2024-05-10,31.23
1493,2024-01-02,29.75
1493,2025-05-10,52.37
1493,2025-09-28,32.58
1493,2025-12-18,39.81
1494,2024-02-15,16.6
1494,2024-02-25,71.92
1494,2024-03-01,11.4
1494,2024-03-03,30.65
1495,2024-06-26,20.68
1495,2024-09-17,19.9
1495,2025-01-09,22.71
1495,2025-01-22,20.63
1495,2025-02-11,14.12
1495,2025-02-17,26.63
1495,2025-03-05,18.56
1495,2025-03-17,26.6
1495,2025-03-20,17.97
1495,2025-06-10,27.49
1495,2025-06-13,43.47
1495,2025-12-28,30.36
1496,2024-04-28,33.85
1496,2024-08-05,51.69
1497,2024-01-25,62.29
1497,2024-02-01,125.63
1498,2024-01-21,14.03
1499,2024-04-19,27.02
1499,2024-04-26,43.51
1499,2024-05-15,15.82
1499,2024-07-30,27.18
1499,2024-08-21,26.36
1499,2024-09-22,24.27
1499,2024-09-25,13.75
1499,2024-09-26,26.6
1499,2024-09-28,16.53
1499,2024-12-01,25.86
1499,2024-12-29,18.12
1499,2025-08-23,22.43
1499,2025-09-10,25.2
1499,2025-09-22,38.16
1499,2025-12-14,28.36
1499,2025-12-23,22.13
1500,2024-02-21,50.44
1500,2024-03-14,30.08
1500,2024-08-10,43.35
1500,2024-09-23,13.58
1500,2024-10-31,55.14
1500,2024-11-27,44.95
1500,2024-12-16,33.76
1500,2025-02-01,33.73
1500,2025-02-03,42.29
1500,2025-03-02,61.0
1500,2025-03-23,63.77
1500,2025-05-06,56.75
1500,2025-09-11,43.41
1500,2025-12-14,33.55
1500,2025-12-21,57.25
1501,2024-02-15,48.18
1501,2024-08-12,16.25
1502,2024-05-02,27.3
1502,2024-05-18,29.21
1502,2024-06-16,38.21
1502,2024-06-29,20.4
1502,2024-09-08,46.54
1502,2024-11-13,36.7
1502,2024-12-09,8.74
1502,2025-01-10,24.63
1502,2025-01-12,28.96
1502,2025-03-23,42.1
1502,2025-04-14,24.57
1502,2025-05-19,19.94
1502,2025-06-12,30.84
1502,2025-06-13,30.83
1502,2025-06-21,16.68
1502,2025-07-16,36.68
1502,2025-07-17,35.34
1502,2025-07-18,36.64
1502,2025-08-12,29.89
1502,2025-09-25,31.15
1502,2025-12-07,11.42
1503,2024-01-11,83.39
1503,2024-01-28,97.67
1503,2024-04-02,72.87
1503,2024-04-04,51.86
1503,2024-04-11,70.65
1503,2024-05-14,10.34
1503,2024-05-18,31.09
1503,2024-06-02,66.26
1503,2024-08-19,55.96
1503,2024-10-20,75.61
1503,2024-11-06,59.1
1503,2024-11-26,71.3
1503,2024-12-29,118.12
1503,2025-01-15,72.33
1504,2024-03-04,8.44
1504,2024-04-25,13.07
1505,2024-03-09,7.15
1506,2024-06-14,17.66
1507,2024-04-20,4.61
1508,2024-02-20,22.95
1508,2024-05-10,25.47
1508,2024-06-25,22.17
1508,2024-08-05,24.07
1508,2024-09-03,35.65
1508,2024-09-07,34.24
1508,2024-11-09,11.45
1508,2025-03-10,18.08
1508,2025-03-18,22.57
1508,2025-05-10,22.38
1508,2025-06-25,21.6
1508,2025-07-09,36.47
1508,2025-07-26,24.7
1508,2025-08-23,22.07
1508,2025-10-02,11.7
1508,2025-10-12,24.38
1508,2025-11-05,18.2
1508,2025-12-17,21.22
1508,2025-12-28,26.67
1509,2024-06-16,7.58
1509,2024-07-10,28.34
1509,2024-08-06,28.92
1509,2024-09-09,12.32
1509,2024-09-21,26.62
1509,2024-10-06,9.31
1509,2024-12-05,15.56
1509,2025-01-16,10.73
1509,2025-01-20,8.15
1509,2025-02-06,16.13
1509,2025-03-04,3.55
1509,2025-03-18,11.96
1509,2025-04-15,25.45
1510,2024-04-02,36.51
1510,2024-04-07,50.89
1510,2024-05-15,31.03
1510,2024-06-05,27.21
1510,2024-11-14,48.46
1510,2025-01-03,32.9
1510,2025-03-09,21.4
1510,2025-04-03,38.05
1511,2024-05-04,31.28
1511,2024-05-05,23.98
1511,2024-05-05,8.26
1511,2024-05-10,40.92
1511,2024-05-24,47.1
1511,2024-06-10,35.98
1511,2024-08-21,28.44
1511,2024-08-24,11.02
1511,2024-09-01,45.62
1511,2024-09-04,25.98
1511,2024-09-07,33.22
1511,2024-09-28,21.29
1511,2024-10-05,15.17
1511,2024-10-12,34.29
1511,2024-10-17,12.28
1511,2024-11-03,42.26
1511,2024-11-06,20.55
1511,2024-11-27,11.12
1511,2024-12-14,27.44
1511,2025-01-18,25.31
1511,2025-01-22,22.78
1511,2025-02-14,13.64
1511,2025-03-05,19.28
1511,2025-03-18,27.28
1511,2025-04-24,60.23
1511,2025-05-04,19.87
1511,2025-05-15,6.35
1511,2025-05-28,30.19
1511,2025-07-01,30.94
1511,2025-07-01,47.22
1511,2025-07-06,9.13
1511,2025-07-13,23.47
1511,2025-07-29,20.02
1511,2025-08-07,34.69
1511,2025-08-14,64.51
1511,2025-08-26,20.27
1511,2025-09-03,51.39
1511,2025-09-03,17.33
1511,2025-10-23,56.82
1511,2025-11-28,61.63
1511,2025-12-13,30.19
1512,2024-03-10,45.56
1512,2024-04-06,47.04
1512,2024-05-19,33.32
1512,2024-10-16,29.46
1513,2024-03-01,40.45
1513,2024-04-16,64.41
1514,2024-01-10,6.22
1514,2024-05-25,3.44
1515,2024-04-21,56.37
1516,2024-05-22,22.4
1517,2024-06-13,54.62
1517,2024-06-18,24.2
1517,2024-06-18,21.5
1518,2024-03-28,167.49
1518,2024-04-12,114.35
1519,2024-05-30,39.56
1519,2024-06-07,49.91
1519,2024-06-12,37.66
1519,2024-06-16,68.89
1519,2024-06-20,25.68
1520,2024-02-29,35.18
1521,2024-06-15,18.33
1521,2024-07-05,24.74
1521,2024-09-05,19.22
1521,2024-10-16,40.05
1521,2024-10-22,35.98
1521,2024-11-23,33.19
1521,2025-01-23,84.45
1521,2025-02-05,31.83
1521,2025-03-02,40.66
1521,2025-04-04,50.29
1521,2025-04-04,35.44
1521,2025-04-12,48.21
1521,2025-09-29,34.08
1521,2025-11-27,42.94
1522,2024-02-14,55.43
1522,2024-03-16,20.03
1522,2024-03-24,24.66
1522,2024-06-11,13.49
1522,2024-09-28,30.34
1522,2024-12-16,55.85
1523,2024-03-02,30.01
1524,2024-01-27,21.02
1525,2024-05-28,15.07
1525,2024-08-10,8.29
1525,2024-10-10,18.55
1525,2024-10-30,18.07
1525,2024-11-07,11.64
1525,2024-11-15,4.88
1526,2024-04-08,21.88
1526,2024-05-14,24.88
1526,2024-05-17,21.28
1526,2024-05-19,13.12
1526,2024-06-06,5.84
1526,2024-06-12,23.94
1526,2024-06-30,31.61
1526,2024-07-20,33.84
1526,2024-07-26,20.71
1526,2024-08-10,16.79
1526,2024-08-10,11.42
1526,2024-09-08,12.87
1526,2024-09-14,13.57
1526,2024-09-28,13.83
1526,2024-10-08,29.91
1526,2024-10-12,32.89
1526,2024-10-15,45.83
1526,2024-10-22,11.36
1526,2024-10-26,37.74
1526,2024-11-01,24.27
1526,2024-11-21,11.16
1526,2024-12-12,19.3
1526,2025-01-02,23.79
1526,2025-01-25,12.7
1526,2025-02-10,20.43
1526,2025-02-24,28.67
1526,2025-02-26,19.78
1526,2025-03-04,9.92
1526,2025-03-08,14.51
1526,2025-03-25,11.69
1526,2025-04-03,22.79
1526,2025-04-28,26.1
1526,2025-05-21,12.22
1526,2025-05-24,20.5
1526,2025-05-28,14.25
1526,2025-06-07,20.51
1526,2025-06-17,15.0
1526,2025-07-08,24.59
1526,2025-07-14,3.56
1526,2025-07-18,17.25
1526,2025-07-19,24.27
1526,2025-07-31,17.78
1526,2025-08-26,17.83
1526,2025-08-26,27.91
1526,2025-08-30,13.83
1526,2025-09-04,25.95
1526,2025-09-24,21.36
1526,2025-10-03,12.22
1527,2024-02-21,13.21
1528,2024-05-12,27.75
1528,2024-05-24,33.93
1528,2024-07-04,6.52
1528,2024-07-21,11.42
1528,2024-09-07,5.51
1528,2024-09-17,19.64
1528,2024-10-29,31.23
1528,2024-10-30,12.39
1528,2024-11-29,14.87
1528,2025-01-12,18.22
1528,2025-02-08,30.78
1528,2025-03-17,25.2
1528,2025-04-12,15.04
1528,2025-04-17,26.35
1528,2025-04-21,11.34
1528,2025-04-28,11.73
1528,2025-05-05,17.04
1528,2025-05-23,13.91
1528,2025-06-07,17.56
1528,2025-06-11,28.15
1528,2025-07-24,21.49
1528,2025-09-10,9.75
1528,2025-09-14,13.42
1528,2025-11-15,19.48
1528,2025-11-19,19.72
1528,2025-11-21,12.71
1528,2025-12-05,8.22
1529,2024-06-21,55.57
1529,2024-07-02,30.67
1529,2024-08-25,52.99
1529,2024-09-10,34.0
1529,2024-10-06,18.78
1529,2024-10-22,76.94
1529,2024-11-10,30.21
1529,2025-02-02,35.2
1529,2025-02-23,54.13
1529,2025-04-28,43.64
1529,2025-05-29,58.95
1529,2025-07-08,56.62
1529,2025-08-29,54.91
1529,2025-09-16,54.4
1529,2025-10-13,40.53
1529,2025-12-28,56.05
1530,2024-05-26,59.5
1530,2024-06-17,54.65
1531,2024-02-24,16.88
1531,2024-03-30,30.39
1531,2024-04-10,18.14
1531,2024-04-26,26.19
1531,2024-06-18,12.02
1531,2024-07-04,16.37
1531,2024-08-19,10.51
1531,2024-09-06,12.84
1532,2024-04-07,49.42
1532,2024-04-29,38.89
1532,2024-05-09,35.23
1532,2024-07-01,28.67
1532,2024-07-04,16.05
1532,2024-09-14,16.83
1532,2024-11-04,27.68
1532,2024-11-19,9.74
1532,2025-02-23,35.2
1532,2025-02-26,25.81
1532,2025-03-16,8.54
1532,2025-03-20,22.66
1532,2025-03-31,10.86
1532,2025-04-24,18.96
1532,2025-05-09,37.66
1532,2025-05-10,11.41
1532,2025-05-18,33.44
1532,2025-05-23,51.79
1532,2025-05-23,24.91
1532,2025-05-29,9.52
1532,2025-06-01,37.8
1532,2025-06-06,17.08
1532,2025-06-12,6.74
1532,2025-06-26,44.16
1532,2025-06-26,40.94
1532,2025-07-19,45.15
1532,2025-07-19,31.62
1532,2025-07-31,21.06
1532,2025-08-13,28.71
1532,2025-09-10,21.64
1532,2025-09-16,23.9
1532,2025-09-26,25.49
1532,2025-10-06,31.5
1532,2025-12-10,19.09
1532,2025-12-12,33.34
1533,2024-03-10,25.99
1534,2024-02-25,31.36
1535,2024-03-09,18.89
1535,2024-03-19,14.28
1535,2024-03-25,14.11
1535,2024-05-14,6.68
1535,2024-05-27,20.81
1535,2024-07-09,16.86
1535,2024-07-30,8.44
1535,2024-09-24,13.02
1535,2024-10-20,13.98
1535,2024-12-10,18.82
1535,2024-12-14,21.17
1535,2025-02-27,9.93
1536,2024-05-17,7.5
1537,2024-04-19,18.88
1538,2024-06-05,65.45
1538,2024-08-19,75.53
1538,2025-02-04,69.95
1539,2024-01-28,357.06
1539,2024-02-20,113.11
1539,2024-03-18,292.51
1539,2024-04-05,367.63
1539,2024-04-06,389.52
1539,2024-04-26,271.08
1539,2024-05-04,511.35
1539,2024-05-16,293.24
1539,2024-05-30,99.35
1539,2024-06-12,707.85
1539,2024-06-13,344.1
1539,2024-07-01,142.76
1539,2024-07-13,198.45
1539,2024-07-23,239.68
1539,2024-08-16,203.8
1539,2024-08-18,496.37
1539,2024-08-28,278.56
1539,2024-09-02,409.55
1539,2024-09-20,337.38
1539,2024-09-23,284.91
1539,2024-10-14,344.94
1539,2024-12-03,247.7
1539,2024-12-31,186.9
1539,2025-02-08,145.0
1539,2025-02-26,303.94
1539,2025-03-06,161.5
1539,2025-03-06,204.65
1539,2025-03-26,290.47
1539,2025-03-30,311.73
1539,2025-04-10,200.31
1539,2025-05-11,179.52
1539,2025-05-21,201.59
1539,2025-05-22,688.64
1539,2025-06-07,279.28
1539,2025-06-15,254.88
1539,2025-06-23,185.17
1539,2025-06-27,441.66
1539,2025-06-30,272.21
1539,2025-08-04,209.74
1539,2025-09-15,370.07
1539,2025-09-15,383.15
1539,2025-09-22,306.3
1539,2025-09-23,358.99
1539,2025-10-12,97.77
1539,2025-10-28,167.31
1539,2025-12-12,144.21
1540,2024-04-22,59.64
1540,2024-05-17,38.81
1540,2025-01-16,26.56
1540,2025-05-10,45.78
1540,2025-09-08,32.87
1540,2025-09-19,27.99
1540,2025-11-29,42.36
1541,2024-03-21,47.72
1541,2024-03-23,35.5
1541,2024-03-27,16.87
1541,2024-04-08,37.66
1541,2024-04-09,24.59
1541,2024-04-21,39.72
1542,2024-01-23,29.82
1542,2024-01-30,27.5
1542,2024-02-14,22.62
1542,2024-03-01,18.45
1543,2024-02-29,14.4
1544,2024-01-30,32.67
1545,2024-03-03,15.03
1545,2024-06-01,21.89
1545,2024-06-23,15.73
1545,2024-07-28,8.6
1546,2024-02-01,35.07
1546,2024-04-14,27.79
1546,2024-06-14,36.94
1546,2024-10-06,49.12
1546,2024-10-08,39.86
1546,2025-01-11,42.4
1546,2025-01-18,37.24
1546,2025-01-22,34.8
1546,2025-05-08,30.39
1546,2025-07-12,27.83
1546,2025-07-30,42.32
1546,2025-07-31,68.2
1546,2025-08-06,31.69
1547,2024-01-26,73.6
1547,2024-02-17,94.44
1547,2024-02-27,46.28
1547,2024-03-01,50.17
1547,2024-03-06,28.48
1547,2024-03-17,21.04
1547,2024-03-24,50.64
1547,2024-04-17,128.96
1547,2024-04-17,63.3
1547,2024-04-26,53.15
1547,2024-05-24,34.42
1547,2024-06-01,26.34
1547,2024-06-18,59.61
1547,2024-07-17,75.97
1547,2024-07-25,60.63
1547,2024-08-15,28.75
1547,2024-09-01,34.57
1547,2024-09-12,34.29
1547,2024-09-16,26.37
1547,2024-09-19,49.57
1547,2024-10-07,66.93
1547,2024-10-16,72.88
1547,2024-10-22,66.33
1547,2024-10-22,37.15
1547,2025-01-16,24.98
1547,2025-01-27,36.31
1547,2025-02-06,55.3
1547,2025-02-10,32.82
1547,2025-03-07,107.16
1547,2025-03-16,60.48
1547,2025-03-24,56.77
1547,2025-03-31,45.28
1547,2025-05-07,65.65
1547,2025-05-07,45.16
1547,2025-05-19,45.55
1547,2025-05-24,42.79
1547,2025-06-11,70.82
1547,2025-06-17,52.24
1547,2025-07-21,51.0
1547,2025-07-23,52.62
1547,2025-08-12,88.02
1547,2025-08-25,27.51
1547,2025-09-20,63.75
1547,2025-10-08,29.85
1547,2025-10-13,24.89
1547,2025-11-05,44.64
1547,2025-11-14,104.77
1547,2025-11-17,68.37
1547,2025-11-27,57.11
1547,2025-12-07,108.77
1547,2025-12-10,88.83
1548,2024-01-29,14.55
1548,2024-02-12,13.31
1548,2024-03-03,9.82
1548,2024-03-04,21.49
1548,2024-03-27,17.94
1549,2024-04-05,36.71
1549,2024-05-04,42.77
1549,2024-09-25,38.37
1549,2024-12-27,15.3
1549,2025-01-15,37.57
1549,2025-02-11,21.42
1549,2025-02-12,33.86
1549,2025-02-25,27.7
1549,2025-04-16,37.91
1549,2025-04-20,14.65
1549,2025-05-21,47.83
1549,2025-06-04,17.5
1549,2025-07-27,31.28
1549,2025-08-04,9.38
1549,2025-09-14,20.78
1549,2025-10-26,23.81
1549,2025-11-18,9.38
1550,2024-03-11,57.37
1550,2024-04-03,32.0
1551,2024-04-05,46.68
1551,2024-05-07,62.57
1551,2024-05-26,101.26
1551,2024-05-31,21.28
1552,2024-06-07,24.52
1552,2024-07-22,78.06
1552,2024-07-31,47.54
1553,2024-04-08,20.87
1554,2024-04-01,11.3
1554,2024-04-22,14.11
1554,2024-05-08,29.45
1554,2024-06-08,15.47
1554,2024-06-27,17.71
1554,2024-07-15,15.88
1554,2024-07-18,16.89
1554,2024-07-21,24.87
1554,2024-07-27,6.95
1554,2024-08-07,19.1
1554,2024-08-31,15.38
1554,2024-10-24,16.32
1554,2025-02-04,19.64
1554,2025-03-03,21.03
1555,2024-01-23,25.67
1555,2024-02-06,30.22
1555,2024-02-14,27.49
1555,2024-02-23,24.87
1555,2024-02-29,23.04
1555,2024-03-01,18.47
1556,2024-04-14,30.74
1556,2024-06-27,20.22
1556,2024-07-27,36.27
1557,2024-04-16,25.37
1558,2024-01-14,15.88
1558,2024-02-10,7.95
1558,2024-03-15,12.22
1558,2024-04-15,5.68
1558,2024-05-01,7.31
1558,2024-05-01,8.19
1558,2024-05-17,10.37
1558,2024-05-17,15.75
1558,2024-05-20,12.26
1558,2024-07-22,17.27
1558,2024-07-23,5.55
1558,2024-08-03,12.56
1559,2024-04-30,17.59
1560,2024-06-09,28.33
1560,2024-07-28,38.13
1560,2024-10-30,31.2
1561,2024-03-30,53.38
1562,2024-02-17,27.01
1562,2024-06-06,12.31
1563,2024-02-01,14.04
1563,2024-02-03,16.38
1563,2024-03-06,6.36
1563,2024-08-11,23.42
1563,2024-09-28,22.58
1563,2024-12-27,14.92
1563,2024-12-27,29.53
1563,2025-03-08,6.95
1563,2025-03-22,14.93
1563,2025-04-28,20.61
1563,2025-08-08,12.62
1563,2025-08-10,27.98
1563,2025-08-29,31.06
1563,2025-09-02,21.89
1563,2025-12-07,12.68
1563,2025-12-16,14.57
1564,2024-01-05,76.27
1565,2024-03-21,16.47
1566,2024-05-13,12.1
1566,2024-06-14,23.78
1566,2024-06-30,16.14
1566,2024-09-14,16.73
1566,2024-10-18,19.28
1566,2024-11-20,26.51
1566,2024-12-17,2.97
1566,2025-02-03,18.74
1566,2025-03-04,26.26
1566,2025-03-18,21.81
1566,2025-03-24,15.83
1566,2025-05-26,10.74
1566,2025-06-09,21.42
1566,2025-08-23,22.18
1566,2025-10-01,9.28
1566,2025-10-08,12.5
1566,2025-11-12,11.72
1567,2024-03-28,11.9
1568,2024-04-28,38.77
1568,2024-05-04,29.36
1568,2024-08-03,49.09
1568,2024-10-07,60.2
1568,2024-11-07,57.8
1568,2025-04-15,49.68
1568,2025-05-14,56.05
1568,2025-05-17,57.43
1568,2025-05-21,63.77
1568,2025-07-24,46.06
1568,2025-08-23,39.21
1568,2025-09-01,30.58
1568,2025-09-24,31.16
1569,2024-02-03,16.57
1570,2024-05-21,16.83
1570,2024-11-14,20.58
1571,2024-06-10,13.22
1571,2024-06-11,5.44
1572,2024-01-03,23.77
1572,2024-03-26,39.25
1572,2024-05-28,9.73
1573,2024-01-30,46.98
1573,2024-02-01,33.2
1573,2024-03-16,30.96
1573,2024-03-27,38.01
1573,2024-04-19,23.9
1573,2025-08-13,61.39
1573,2025-09-18,45.39
1573,2025-10-31,23.03
1574,2024-06-30,24.7
1574,2024-09-06,50.82
1574,2024-10-01,46.37
1574,2024-10-08,38.06
1574,2024-11-09,37.6
1574,2025-05-12,51.86
1574,2025-05-27,36.1
1575,2024-06-11,22.68
1575,2024-07-05,12.64
1575,2025-04-23,21.31
1575,2025-06-11,26.5
1575,2025-07-19,46.8
1576,2024-04-19,50.96
1577,2024-04-25,13.11
1577,2024-06-24,39.55
1577,2024-07-09,7.38
1578,2024-01-02,27.32
1578,2024-04-20,26.5
1578,2024-05-13,48.13
1578,2024-06-14,25.29
1578,2024-08-05,30.73
1578,2024-09-14,54.71
1579,2024-05-02,23.78
1579,2024-08-01,23.83
1580,2024-04-08,15.2
1580,2024-04-28,17.22
1580,2024-04-29,17.94
1580,2024-05-14,10.89
1580,2024-05-15,11.48
1580,2024-06-19,13.53
1580,2024-06-25,11.76
1580,2024-08-28,29.76
1580,2024-09-04,15.95
1580,2024-10-06,13.86
1580,2024-10-27,4.99
1580,2024-11-23,16.63
1580,2024-12-18,15.97
1580,2024-12-21,11.3
1580,2025-02-09,32.33
1580,2025-02-24,11.39
1580,2025-03-03,11.89
1580,2025-03-05,11.81
1580,2025-03-08,22.63
1580,2025-03-13,4.95
1580,2025-04-24,16.61
1580,2025-05-07,12.15
1580,2025-06-22,5.19
1580,2025-08-02,16.99
1580,2025-08-05,9.65
1580,2025-09-07,16.7
1580,2025-10-09,8.63
1580,2025-11-15,22.14
1580,2025-12-09,12.26
1581,2024-01-21,36.62
1581,2024-08-12,14.77
1581,2025-03-16,63.08
1581,2025-07-26,20.03
1581,2025-08-31,24.56
1582,2024-06-18,45.57
1582,2024-08-02,64.64
1583,2024-05-02,20.62
1583,2024-05-16,31.58
1583,2024-06-25,39.89
1583,2024-07-06,28.43
1583,2024-07-13,16.76
1583,2024-12-08,61.38
1583,2025-03-17,29.6
1583,2025-04-02,42.37
1583,2025-04-15,28.09
1583,2025-05-23,31.84
1583,2025-05-30,72.46
1583,2025-08-09,34.27
1583,2025-08-30,22.7
1583,2025-08-31,29.23
1583,2025-10-03,25.63
1583,2025-10-08,48.32
1583,2025-10-17,27.39
1583,2025-11-11,14.62
1583,2025-11-15,23.62
1584,2024-01-14,8.94
1584,2024-03-05,4.66
1584,2024-03-18,9.93
1584,2024-03-24,7.22
1584,2024-03-27,6.93
1584,2024-06-06,9.15
1584,2024-06-06,8.9
1584,2024-06-26,3.87
1584,2024-08-14,11.23
1584,2024-09-27,10.08
1584,2024-09-30,5.52
1584,2024-10-06,11.92
1584,2024-10-09,11.04
1584,2024-10-22,8.88
1584,2024-11-07,9.1
1584,2024-12-18,13.83
1584,2025-02-07,15.83
1584,2025-02-22,8.35
1584,2025-04-09,14.62
1584,2025-04-14,8.64
1584,2025-05-23,9.22
1584,2025-08-11,3.95
1584,2025-08-19,10.76
1584,2025-11-05,15.19
1584,2025-12-19,15.55
1585,2024-06-20,32.89
1586,2024-05-14,8.41
1587,2024-03-27,18.29
1588,2024-05-13,21.34
1588,2024-06-14,22.45
1588,2024-06-24,31.84
1588,2024-08-03,49.02
1588,2024-08-07,40.88
1589,2024-02-18,4.85
1590,2024-05-14,17.33
1590,2024-05-18,14.16
1590,2024-06-13,12.55
1590,2024-07-27,15.54
1590,2024-08-03,17.88
1590,2024-08-14,12.22
1590,2024-11-02,13.9
1590,2024-12-02,15.14
1590,2025-01-21,21.95
1590,2025-01-31,10.62
1590,2025-03-08,20.23
1590,2025-03-20,29.28
1590,2025-03-21,9.45
1590,2025-04-04,16.99
1590,2025-05-08,12.67
1590,2025-05-12,13.12
1590,2025-05-31,22.61
1590,2025-06-14,18.1
1590,2025-06-16,16.6
1590,2025-06-19,13.14
1590,2025-07-07,8.24
1590,2025-07-23,13.32
1590,2025-12-22,11.99
1590,2025-12-23,13.38
1591,2024-02-07,39.74
1592,2024-05-11,19.51
1592,2024-05-24,41.95
1592,2024-05-25,19.95
1592,2024-06-05,16.15
1592,2024-06-22,30.8
1593,2024-01-07,29.74
1593,2024-01-13,17.15
1593,2024-04-17,53.32
1593,2024-04-20,47.88
1594,2024-06-01,10.35
1594,2025-02-14,15.06
1594,2025-07-30,12.68
1594,2025-10-05,15.05
1594,2025-12-16,35.01
1595,2024-05-27,10.14
1595,2024-05-31,15.79
1595,2024-06-02,12.3
1596,2024-06-23,11.72
1596,2024-08-01,15.43
1596,2024-08-29,11.3
1596,2024-11-22,18.83
1596,2024-12-16,7.32
1596,2025-03-03,27.75
1596,2025-04-05,24.68
1596,2025-05-01,39.56
1596,2025-07-28,15.44
1596,2025-08-22,16.5
1597,2024-02-08,38.26
1597,2024-04-02,28.57
1597,2024-05-04,97.96
1597,2024-05-23,51.73
1597,2024-06-05,54.3
1597,2024-06-12,78.62
1597,2024-07-02,27.01
1597,2024-07-21,22.89
1597,2024-07-31,80.87
1598,2024-04-17,13.12
1598,2024-04-28,14.92
1598,2024-04-29,15.27
1598,2024-05-20,11.63
1598,2024-06-07,16.95
1598,2024-06-28,10.87
1598,2024-09-24,10.61
1599,2024-03-20,28.95
1599,2024-04-08,34.54
1599,2024-05-14,23.19
1599,2024-05-22,19.14
1599,2024-07-06,27.25
1599,2024-07-06,12.93
1599,2024-07-27,47.98
1599,2024-08-02,29.94
1599,2024-08-17,24.99
1599,2024-09-03,21.44
1599,2024-09-24,16.7
1599,2024-09-29,11.1
1599,2024-10-15,12.91
1599,2024-10-19,22.15
1599,2024-10-21,39.46
1599,2024-10-24,16.8
1599,2024-11-10,8.16
1599,2024-11-15,26.23
1599,2025-01-31,21.46
1599,2025-02-18,20.53
1599,2025-02-19,33.89
1599,2025-03-19,30.05
1599,2025-03-22,20.67
1599,2025-04-12,34.03
1599,2025-04-20,19.75
1599,2025-04-22,29.14
1599,2025-05-22,20.26
1599,2025-05-27,25.56
1599,2025-05-31,31.38
1599,2025-06-18,20.5
1599,2025-06-28,35.21
1599,2025-07-08,38.14
1599,2025-08-20,30.29
1599,2025-09-07,19.73
1599,2025-09-18,20.44
1599,2025-09-21,21.94
1599,2025-09-23,20.24
1599,2025-10-04,16.21
1599,2025-10-04,12.15
1599,2025-10-10,15.55
1599,2025-10-12,26.64
1599,2025-10-21,13.21
1599,2025-10-31,27.64
1599,2025-11-02,19.46
1600,2024-01-07,47.08
1600,2024-05-31,46.12
1600,2024-11-01,41.78
1601,2024-01-18,83.55
1601,2024-02-22,29.14
1601,2024-03-10,43.17
1601,2024-03-19,63.45
1601,2024-03-21,54.29
1601,2024-04-10,24.45
1601,2024-04-15,51.49
1601,2024-04-17,64.93
1601,2024-05-07,45.8
1601,2024-05-09,27.81
1602,2024-06-05,15.99
1603,2024-03-12,17.23
1603,2025-03-26,25.21
1603,2025-04-21,10.9
1604,2024-06-02,47.31
1604,2024-09-04,92.28
1604,2024-10-01,77.85
1604,2024-10-08,108.39
1604,2024-11-22,67.43
1604,2024-12-29,74.11
1605,2024-02-22,57.53
1606,2024-05-13,16.14
1606,2024-08-26,19.95
1606,2024-12-08,12.86
1606,2025-01-25,35.58
1606,2025-03-21,38.8
1606,2025-07-01,33.51
1606,2025-11-27,20.29
1607,2024-04-20,24.74
1607,2024-10-20,20.69
1607,2024-11-13,14.83
1608,2024-05-01,57.17
1608,2024-05-31,51.07
1609,2024-02-01,53.55
1609,2024-03-09,32.0
1609,2024-04-22,62.51
1609,2024-05-04,30.71
1610,2024-01-07,23.42
1611,2024-04-07,20.51
1611,2024-08-16,19.02
1611,2024-12-26,9.82
1611,2025-03-03,24.23
1612,2024-01-22,9.82
1612,2024-02-29,71.7
1612,2024-03-19,91.01
1612,2024-03-20,41.55
1612,2024-03-23,68.04
1612,2024-04-26,55.78
1612,2024-05-02,55.14
1612,2024-05-09,28.67
1612,2024-05-21,67.39
1612,2024-06-08,68.71
1612,2024-06-26,65.27
1612,2024-07-25,30.59
1612,2024-08-05,31.87
1612,2024-08-15,70.86
1612,2024-08-28,48.07
1612,2024-09-13,53.3
1612,2024-09-20,70.94
1612,2024-10-15,32.29
1612,2024-11-07,47.19
1612,2024-12-04,30.38
1612,2024-12-04,62.9
1612,2024-12-31,24.81
1612,2025-01-19,62.93
1612,2025-01-28,42.09
1612,2025-02-05,57.93
1612,2025-02-21,28.96
1612,2025-03-16,64.83
1612,2025-03-26,60.01
1612,2025-04-26,29.55
1612,2025-04-30,33.29
1612,2025-05-02,114.48
1612,2025-05-08,64.2
1612,2025-05-29,14.54
1612,2025-05-30,112.85
1612,2025-05-31,36.85
1612,2025-05-31,50.23
1612,2025-06-14,41.14
1612,2025-07-01,96.44
1612,2025-07-15,51.1
1612,2025-07-15,30.59
1612,2025-08-02,22.67
1612,2025-08-07,58.91
1612,2025-08-18,31.06
1612,2025-09-10,59.63
1612,2025-09-21,21.33
1612,2025-09-28,43.81
1612,2025-10-05,32.27
1612,2025-10-21,17.11
1612,2025-10-23,42.62
1612,2025-11-01,27.11
1612,2025-11-06,40.06
1612,2025-11-20,60.19
1612,2025-11-27,63.08
1612,2025-12-06,26.53
1612,2025-12-07,62.16
1612,2025-12-09,38.36
1612,2025-12-13,60.03
1613,2024-04-09,30.22
1613,2024-04-28,45.7
1614,2024-04-17,24.16
1614,2024-08-09,28.06
1614,2025-07-05,15.02
1614,2025-10-03,13.41
1615,2024-01-05,23.3
1615,2024-02-10,35.34
1615,2024-02-22,40.93
1615,2024-03-04,50.34
1615,2024-03-23,27.16
1615,2024-04-18,46.6
1615,2024-04-20,23.64
1616,2024-01-20,18.25
1617,2024-01-02,27.8
1617,2024-01-10,8.39
1617,2024-01-19,8.72
1617,2024-02-08,21.03
1617,2024-02-09,20.57
1617,2024-02-21,18.62
1617,2024-03-02,20.34
1617,2024-03-23,17.04
1617,2024-05-22,26.3
1617,2024-07-06,22.68
1617,2024-07-25,13.94
1618,2024-04-10,15.44
1619,2024-05-28,48.21
1619,2024-08-21,34.55
1620,2024-05-24,93.94
1620,2024-06-05,41.29
1620,2024-08-21,58.4
1620,2024-10-21,42.8
1620,2024-11-04,30.71
1620,2024-11-17,45.65
1620,2024-11-23,60.08
1620,2024-12-29,77.6
1620,2025-01-11,54.92
1620,2025-03-02,14.2
1620,2025-03-20,45.59
1620,2025-04-17,56.13
1620,2025-06-19,52.01
1620,2025-08-09,30.39
1620,2025-09-14,68.25
1620,2025-10-16,47.35
1620,2025-10-18,23.71
1620,2025-10-29,28.55
1621,2024-04-18,15.17
1621,2024-04-27,16.96
1621,2024-05-02,24.67
1621,2024-05-12,24.69
1621,2024-05-14,27.17
1622,2024-03-22,9.76
1622,2024-04-15,10.71
1622,2024-04-19,33.78
1622,2024-05-03,12.88
1622,2024-05-18,14.56
1622,2024-05-24,16.73
1622,2024-06-17,34.83
1622,2024-07-11,15.27
1622,2024-09-29,42.62
1622,2024-10-01,31.41
1622,2024-10-31,13.08
1622,2024-11-25,17.48
1622,2024-12-14,18.13
1622,2024-12-23,34.14
1622,2025-01-28,15.48
1622,2025-02-01,14.6
1622,2025-04-06,8.16
1622,2025-07-13,19.2
1622,2025-09-16,17.0
1623,2024-06-08,43.98
1623,2024-08-16,24.77
1623,2024-11-07,17.2
1623,2025-02-17,27.35
1623,2025-02-24,11.25
1623,2025-04-23,30.86
1623,2025-06-06,19.17
1623,2025-07-07,36.87
1624,2024-01-29,21.96
1624,2024-10-08,13.0
1625,2024-03-21,87.11
1625,2024-04-08,82.31
1626,2024-03-05,42.71
1626,2024-11-09,40.99
1627,2024-02-11,35.06
1627,2024-02-16,46.0
1627,2024-02-21,38.98
1627,2024-02-29,28.33
1627,2024-03-09,27.83
1627,2024-03-10,14.13
1627,2024-03-14,41.56
1627,2024-03-25,52.58
1627,2024-03-31,35.61
1627,2024-04-03,12.68
1627,2024-04-12,68.61
1627,2024-04-15,70.55
1627,2024-04-18,55.02
1627,2024-04-19,31.53
1628,2024-04-20,28.9
1628,2024-06-18,22.43
1629,2024-03-08,17.67
1630,2024-05-08,14.55
1631,2024-02-04,38.76
1631,2024-02-06,16.72
1631,2024-02-12,31.5
1631,2024-03-21,66.43
1631,2024-04-14,51.08
1631,2024-04-21,27.61
1631,2024-05-10,49.42
1631,2024-05-13,38.95
1631,2024-05-18,35.22
1631,2024-06-20,25.34
1631,2024-07-07,17.08
1631,2024-07-10,18.98
1631,2024-08-06,22.79
1631,2024-08-12,29.26
1631,2024-09-15,38.62
1631,2024-10-03,40.33
1631,2024-10-24,29.42
1631,2024-10-31,22.42
1631,2024-11-09,28.21
1631,2024-11-15,26.99
1631,2024-12-11,55.66
1631,2024-12-14,21.78
1631,2024-12-19,21.71
1631,2024-12-26,16.3
1631,2025-02-04,39.63
1631,2025-02-14,28.59
1631,2025-02-16,33.12
1631,2025-03-23,17.71
1631,2025-05-12,62.62
1631,2025-05-22,18.98
1631,2025-05-23,35.8
1631,2025-05-25,36.13
1631,2025-06-08,21.4
1631,2025-06-10,27.47
1631,2025-06-30,62.75
1631,2025-07-26,21.34
1631,2025-07-29,34.78
1631,2025-08-06,33.34
1631,2025-08-19,18.48
1631,2025-09-06,36.6
1631,2025-09-19,30.63
1631,2025-09-22,15.71
1631,2025-10-01,36.65
1631,2025-10-11,38.66
1631,2025-10-19,23.84
1631,2025-10-21,44.33
1631,2025-10-24,20.32
1631,2025-10-31,35.42
1631,2025-11-06,23.05
1631,2025-12-02,24.68
1631,2025-12-16,28.99
1632,2024-05-25,10.83
1632,2024-06-26,9.67
1632,2024-09-09,20.57
1632,2024-10-15,18.72
1632,2024-11-16,13.76
1632,2024-12-17,12.53
1632,2025-02-01,13.7
1632,2025-03-29,10.36
1632,2025-04-14,5.12
1632,2025-05-03,11.48
1632,2025-05-18,8.83
1632,2025-05-18,8.04
1633,2024-06-16,12.96
1633,2024-07-20,15.83
1633,2024-09-05,19.2
1633,2025-01-10,30.07
1633,2025-04-22,14.06
1633,2025-05-11,42.1
1633,2025-06-06,17.01
1633,2025-06-24,26.37
1633,2025-07-21,11.25
1633,2025-08-08,23.62
1634,2024-06-17,36.21
1634,2024-08-11,57.45
1634,2024-08-21,56.13
1634,2024-08-24,84.14
1634,2024-10-07,51.51
1634,2024-11-12,119.24
1635,2024-03-06,35.72
1635,2024-04-03,40.96
1635,2024-04-09,50.63
1635,2024-05-26,49.34
1635,2024-05-31,31.87
1635,2024-06-22,28.69
1635,2025-02-03,35.85
1635,2025-05-13,51.75
1635,2025-05-25,19.88
1635,2025-06-02,44.64
1635,2025-06-30,25.13
1635,2025-07-25,33.2
1635,2025-07-31,30.45
1635,2025-08-01,25.33
1635,2025-09-16,34.95
1635,2025-11-13,51.33
1636,2024-01-23,28.79
1636,2024-01-27,21.23
1636,2024-02-19,24.13
1636,2024-02-24,35.76
1636,2024-03-15,29.89
1636,2024-03-16,82.08
1636,2024-04-29,77.49
1636,2024-06-12,37.7
1636,2024-07-30,58.65
1636,2024-09-29,87.8
1636,2024-10-19,18.8
1636,2024-12-26,35.79
1636,2025-01-29,32.6
1636,2025-01-31,76.03
1636,2025-02-02,65.48
1636,2025-02-08,37.47
1636,2025-02-13,23.01
1636,2025-03-20,46.72
1636,2025-05-09,37.28
1636,2025-08-12,54.69
1636,2025-08-13,47.48
1636,2025-10-31,67.82
1637,2024-05-29,14.65
1637,2024-06-20,13.67
1637,2024-07-24,34.94
1637,2025-05-19,10.65
1637,2025-10-06,26.38
1637,2025-12-06,13.79
1638,2024-01-09,132.86
1638,2024-04-05,56.05
1639,2024-04-05,28.96
1639,2024-04-14,34.99
1639,2024-09-13,20.46
1640,2024-04-25,12.31
1640,2024-06-01,32.56
1641,2024-05-22,35.1
1641,2025-02-20,8.59
1641,2025-04-21,23.84
1641,2025-05-15,7.97
1641,2025-12-08,10.69
1642,2024-02-08,7.82
1642,2025-01-13,24.42
1643,2024-02-20,11.7
1644,2024-02-19,13.23
1644,2024-05-21,15.31
1644,2024-07-01,10.81
1644,2024-07-07,8.51
1645,2024-02-20,34.95
1645,2024-06-18,26.27
1645,2024-09-01,29.59
1645,2025-12-02,40.62
1646,2024-05-14,11.48
1647,2024-03-21,25.73
1647,2024-05-15,27.38
1648,2024-05-03,37.76
1648,2024-05-04,28.93
1648,2024-05-12,22.72
1648,2024-05-19,33.3
1648,2024-06-02,33.06
1648,2024-06-02,29.78
1648,2024-06-07,54.53
1648,2024-06-12,30.56
1648,2024-06-17,28.2
1648,2024-06-18,68.97
1648,2024-06-22,58.59
1648,2024-06-29,63.5
1648,2024-07-10,24.66
1648,2024-07-15,17.59
1648,2024-07-19,35.55
1648,2024-07-31,32.36
1648,2024-08-12,35.92
1648,2024-08-16,52.54
1648,2024-08-17,28.09
1648,2024-08-22,33.69
1648,2024-08-22,37.4
1648,2024-08-27,23.26
1648,2024-08-27,63.38
1648,2024-09-03,50.85
1648,2024-10-01,25.19
1648,2024-10-13,63.33
1648,2024-10-19,31.09
1648,2024-10-21,30.83
1648,2024-11-04,36.76
1648,2024-11-07,23.55
1648,2024-11-10,44.39
1648,2024-11-21,29.71
1648,2024-12-28,39.79
1648,2024-12-30,83.22
1648,2025-01-06,56.25
1648,2025-01-07,75.97
1648,2025-01-29,56.4
1648,2025-02-11,42.37
1648,2025-03-10,43.72
1648,2025-03-16,18.29
1648,2025-03-19,28.64
1648,2025-03-22,24.53
1648,2025-04-10,62.11
1648,2025-04-25,25.13
1648,2025-04-30,66.14
1648,2025-05-05,63.82
1648,2025-05-05,38.43
1648,2025-05-21,24.01
1648,2025-05-22,34.87
1648,2025-06-13,23.32
1648,2025-06-26,40.71
1648,2025-06-29,46.06
1648,2025-07-12,20.81
1648,2025-07-18,33.48
1648,2025-07-19,10.24
1648,2025-07-23,30.28
1648,2025-07-28,43.35
1648,2025-07-30,27.93
1648,2025-08-02,22.65
1648,2025-08-18,61.59
1648,2025-08-23,47.24
1648,2025-08-26,22.65
1648,2025-08-28,54.71
1648,2025-08-29,79.31
1648,2025-09-01,26.72
1648,2025-09-05,42.39
1648,2025-09-13,30.81
1648,2025-10-10,42.43
1648,2025-10-12,22.69
1648,2025-10-20,62.72
1648,2025-11-04,29.31
1648,2025-11-08,64.97
1648,2025-11-17,13.24
1648,2025-11-21,24.81
1648,2025-11-26,34.68
1648,2025-11-29,55.64
1648,2025-12-15,14.75
1648,2025-12-19,68.46
1648,2025-12-23,22.79
1649,2024-01-18,28.17
1650,2024-01-23,20.6
1650,2024-03-29,20.36
1650,2024-04-08,20.33
1650,2024-04-26,33.36
1651,2024-05-10,52.27
1651,2024-06-23,28.62
1652,2024-06-24,6.97
1652,2024-06-30,13.96
1652,2024-07-11,12.33
1652,2024-09-28,6.44
1652,2024-10-02,8.76
1652,2024-10-21,15.03
1652,2024-11-02,8.25
1652,2024-11-30,14.19
1652,2024-12-22,20.19
1652,2025-01-07,16.38
1652,2025-02-10,15.64
1652,2025-03-31,19.37
1652,2025-03-31,11.55
1652,2025-04-01,8.45
1652,2025-04-30,26.94
1652,2025-05-12,13.53
1652,2025-05-16,4.4
1652,2025-05-19,12.17
1652,2025-06-20,7.61
1653,2024-04-12,13.56
1653,2024-04-15,13.82
1653,2024-05-14,15.44
1653,2024-05-24,19.76
1653,2024-07-12,17.0
1653,2024-07-28,15.36
1653,2024-08-29,19.83
1653,2024-11-10,6.16
1653,2024-11-11,14.17
1653,2024-11-19,17.13
1653,2024-12-14,28.0
1653,2024-12-16,16.12
1653,2024-12-21,15.69
1653,2024-12-22,15.29
1653,2024-12-29,25.24
1653,2024-12-30,31.45
1653,2025-03-19,31.53
1653,2025-03-29,6.95
1653,2025-04-11,6.54
1653,2025-05-06,12.2
1653,2025-05-25,16.65
1653,2025-07-19,10.63
1653,2025-08-29,21.29
1653,2025-09-09,20.16
1653,2025-09-12,17.46
1653,2025-09-17,26.94
1653,2025-09-23,25.51
1653,2025-10-11,26.28
1653,2025-10-26,10.37
1653,2025-11-05,17.34
1653,2025-11-15,9.14
1653,2025-12-19,15.04
1654,2024-01-27,35.05
1654,2025-05-03,15.59
1654,2025-06-24,37.25
1654,2025-08-03,27.13
1654,2025-08-04,27.4
1654,2025-12-09,13.22
1655,2024-02-21,31.07
1655,2024-02-21,14.76
1655,2024-02-28,27.59
1655,2024-03-08,22.38
1656,2024-04-16,25.78
1656,2024-04-22,16.34
1656,2024-05-26,38.94
1656,2024-06-01,13.44
1656,2024-08-20,8.92
1656,2024-09-08,17.55
1656,2025-01-31,15.83
1656,2025-02-15,26.73
1656,2025-02-21,16.68
1656,2025-03-13,26.96
1656,2025-03-22,17.61
1656,2025-05-11,18.82
1656,2025-05-24,23.59
1656,2025-06-09,23.81
1656,2025-06-15,15.59
1656,2025-06-23,13.84
1656,2025-07-11,10.27
1656,2025-07-31,22.93
1656,2025-08-18,13.47
1656,2025-09-13,19.41
1656,2025-09-17,25.44
1656,2025-09-22,37.21
1656,2025-09-25,25.01
1656,2025-11-09,18.95
1656,2025-11-11,24.28
1656,2025-11-16,16.97
1656,2025-12-08,24.99
1656,2025-12-17,13.35
1657,2024-01-16,42.09
1657,2024-01-30,26.61
1657,2024-02-10,33.45
1658,2024-05-06,9.45
1659,2024-06-12,12.22
1659,2024-11-18,19.55
1659,2024-12-19,20.32
1659,2025-02-09,15.48
1660,2024-06-10,61.96
1661,2024-03-07,20.73
1661,2024-04-05,21.47
1662,2024-04-13,11.64
1663,2024-06-23,15.64
1663,2024-09-14,15.72
1663,2024-10-05,18.38
1663,2024-12-04,26.04
1663,2025-01-13,23.31
1663,2025-02-16,39.63
1663,2025-02-25,26.4
1663,2025-03-18,24.54
1663,2025-04-08,15.8
1663,2025-04-16,14.6
1663,2025-05-10,19.92
1663,2025-08-05,29.97
1663,2025-08-17,10.45
1663,2025-08-24,40.27
1663,2025-09-18,49.51
1663,2025-10-31,32.96
1664,2024-02-29,19.11
1665,2024-03-09,15.0
1665,2024-04-12,24.03
1666,2024-04-30,10.38
1666,2024-07-24,23.46
1666,2024-08-28,13.75
1666,2025-01-19,9.69
1666,2025-03-01,19.63
1667,2024-05-11,101.62
1667,2024-06-17,83.3
1667,2024-10-26,79.21
1667,2025-02-18,82.13
1667,2025-04-15,81.6
1667,2025-05-07,79.44
1667,2025-05-21,104.06
1667,2025-07-15,75.29
1667,2025-08-15,100.72
1667,2025-09-26,33.65
1668,2024-01-02,18.85
1669,2024-01-20,19.57
1669,2024-01-30,25.46
1669,2024-05-08,30.94
1669,2024-06-09,8.94
1669,2024-06-12,11.56
1669,2024-09-15,23.65
1669,2024-10-21,22.68
1669,2024-11-30,27.54
1669,2024-12-21,21.25
1669,2025-02-26,16.27
1669,2025-06-11,23.06
1669,2025-09-26,13.69
1670,2024-02-28,32.33
1670,2024-04-20,41.41
1670,2024-06-01,58.06
1670,2024-06-10,112.55
1670,2024-06-10,60.38
1670,2024-07-21,121.93
1670,2024-07-23,81.86
1670,2024-07-23,178.49
1670,2024-07-31,114.98
1670,2024-08-22,95.05
1670,2024-09-14,123.75
1670,2024-11-05,76.02
1670,2024-11-06,72.73
1670,2024-11-08,123.03
1670,2024-12-03,113.65
1670,2024-12-25,114.76
1670,2025-01-20,29.94
1670,2025-01-20,98.56
1670,2025-01-22,47.17
1670,2025-01-25,48.78
1670,2025-01-26,57.79
1670,2025-03-06,79.29
1670,2025-03-23,96.35
1670,2025-04-07,71.39
1670,2025-05-07,168.02
1670,2025-05-30,59.16
1670,2025-06-08,60.17
1670,2025-06-13,227.95
1670,2025-07-28,118.42
1670,2025-07-30,70.5
1670,2025-09-02,130.33
1670,2025-09-04,65.37
1670,2025-09-04,82.91
1670,2025-11-27,61.12
1670,2025-12-07,54.76
1671,2024-02-26,18.47
1671,2024-03-12,11.1
1672,2024-05-24,35.04
1672,2024-05-31,14.43
1673,2024-06-23,61.5
1673,2025-12-06,25.77
1674,2024-02-13,36.49
1675,2024-05-14,31.83
1676,2024-01-30,35.75
1676,2024-02-11,42.56
1676,2024-04-22,42.53
1676,2024-05-15,41.18
1676,2024-06-08,18.43
1676,2024-07-24,32.43
1676,2024-08-08,24.01
1676,2024-09-01,46.62
1676,2024-09-10,27.39
1676,2024-09-14,22.91
1676,2025-03-03,59.57
1676,2025-03-29,36.76
1676,2025-05-04,7.7
1676,2025-05-09,82.86
1676,2025-05-11,31.96
1676,2025-05-15,15.12
1676,2025-06-10,21.21
1677,2024-04-18,10.73
1677,2024-04-24,11.32
1677,2024-06-13,37.95
1677,2024-06-14,15.13
1677,2024-08-08,45.24
1677,2025-04-01,25.45
1677,2025-04-01,28.43
1677,2025-06-29,16.85
1677,2025-10-20,17.98
1677,2025-11-19,36.08
1677,2025-12-06,33.22
1677,2025-12-20,39.7
1678,2024-01-24,15.8
1678,2024-02-06,16.9
1678,2024-03-05,14.26
1678,2024-03-15,19.36
1678,2024-03-25,18.35
1678,2024-04-04,16.91
1678,2024-09-17,4.73
1678,2024-12-12,16.23
1678,2025-01-16,17.54
1678,2025-04-04,15.93
1678,2025-07-16,8.58
1678,2025-09-23,23.05
1678,2025-11-05,18.6
1678,2025-12-12,11.99
1679,2024-01-03,8.23
1679,2024-01-18,10.41
1679,2024-01-31,14.6
1679,2024-03-16,12.33
1680,2024-01-03,17.41
1681,2024-02-26,9.63
1682,2024-02-18,11.93
1683,2024-02-28,90.13
1683,2024-03-15,53.95
1683,2024-03-16,40.77
1683,2024-05-17,20.22
1683,2024-06-01,48.96
1683,2024-07-03,34.67
1683,2024-07-12,41.96
1683,2024-08-30,34.31
1683,2024-09-15,54.8
1683,2024-10-03,59.61
1683,2024-12-29,62.76
1683,2024-12-31,29.66
1683,2025-01-20,58.1
1683,2025-02-24,50.78
1683,2025-03-16,22.07
1683,2025-03-24,77.56
1683,2025-05-06,32.05
1683,2025-05-30,39.31
1683,2025-06-25,66.79
1683,2025-07-26,38.91
1683,2025-08-17,36.75
1683,2025-10-29,32.83
1683,2025-11-20,20.34
1683,2025-12-13,30.79
1684,2024-04-16,16.41
1684,2024-05-07,26.44
1684,2024-06-01,19.29
1684,2024-10-16,10.85
1684,2024-12-08,15.07
1684,2025-01-27,22.14
1685,2024-01-24,14.49
1686,2024-05-01,5.8
1686,2024-05-07,15.47
1686,2024-05-29,16.45
1686,2024-07-17,14.75
1686,2024-07-28,8.41
1686,2024-08-15,9.08
1686,2024-08-22,11.0
1686,2024-08-29,9.1
1686,2024-08-30,14.23
1686,2024-08-31,20.87
1686,2024-09-01,13.6
1686,2024-09-29,9.59
1686,2024-10-04,13.76
1686,2024-10-10,25.96
1686,2024-10-21,34.6
1686,2024-11-19,24.86
1687,2024-06-16,32.93
1687,2024-09-01,33.89
1688,2024-06-05,38.46
1688,2024-07-22,31.66
1689,2024-06-14,26.27
1689,2024-06-22,25.41
1689,2024-08-12,22.49
1690,2024-06-22,60.07
1691,2024-06-17,16.76
1692,2024-03-13,8.37
1693,2024-04-21,10.15
1693,2024-04-29,24.54
1693,2024-06-21,32.97
1693,2024-07-04,29.74
1693,2024-07-27,26.22
1693,2024-10-19,27.77
1693,2025-01-17,9.92
1693,2025-02-11,12.88
1693,2025-02-26,22.67
1693,2025-03-18,15.03
1693,2025-10-07,35.88
1693,2025-11-05,45.78
1693,2025-12-14,16.1
1694,2024-06-23,13.5
1694,2024-11-14,15.53
1694,2024-12-01,28.46
1694,2025-01-13,11.85
1695,2024-04-05,20.82
1695,2024-05-02,10.62
1695,2024-05-03,14.47
1695,2024-05-08,24.34
1695,2024-06-01,22.27
1695,2024-06-10,5.25
1695,2024-06-19,8.71
1695,2024-06-30,10.37
1695,2024-08-12,18.46
1695,2024-08-24,8.48
1695,2024-08-31,14.9
1695,2024-09-17,14.41
1695,2024-09-26,10.04
1695,2024-10-24,16.26
1695,2024-10-29,13.57
1695,2024-11-13,6.57
1695,2024-11-13,36.14
1695,2024-11-17,20.9
1695,2024-12-30,16.33
1695,2025-01-07,8.81
1695,2025-01-08,12.65
1695,2025-01-29,16.06
1695,2025-02-05,24.67
1695,2025-02-06,12.21
1695,2025-02-06,6.31
1695,2025-02-26,9.59
1695,2025-04-18,8.12
1695,2025-05-10,17.96
1695,2025-05-11,15.33
1695,2025-05-28,6.88
1695,2025-06-03,9.9
1695,2025-06-10,8.51
1695,2025-06-13,12.71
1695,2025-06-27,10.57
1695,2025-07-08,19.14
1695,2025-08-04,21.12
1695,2025-08-07,9.75
1695,2025-08-10,20.17
1695,2025-08-11,23.72
1695,2025-08-15,19.45
1695,2025-10-16,11.91
1695,2025-10-30,22.95
1695,2025-11-10,18.96
1696,2024-02-29,42.75
1697,2024-01-09,17.55
1697,2024-02-24,25.59
1697,2024-04-18,43.47
1697,2024-05-13,25.14
1697,2024-05-21,25.37
1697,2024-05-22,22.2
1697,2024-06-06,12.46
1697,2024-06-07,33.05
1697,2024-06-09,29.13
1697,2024-06-15,23.53
1698,2024-05-22,33.03
1698,2024-06-23,10.95
1698,2024-07-26,27.37
1698,2024-10-05,28.67
1698,2024-11-21,19.45
1698,2025-03-10,47.64
1699,2024-03-17,26.3
1700,2024-04-22,55.37
1700,2024-05-20,15.53
1701,2024-01-21,7.04
1701,2024-04-05,5.95
1701,2024-04-09,9.24
1701,2024-04-11,9.03
1701,2024-08-04,7.05
1701,2024-08-08,3.07
1701,2024-09-19,9.04
1701,2024-09-30,6.56
1701,2024-10-11,3.39
1701,2024-10-31,6.35
1701,2024-11-20,8.32
1701,2024-12-08,10.42
1701,2025-01-02,6.43
1701,2025-01-23,4.33
1701,2025-02-02,3.96
1701,2025-02-25,5.3
1701,2025-03-25,15.04
1701,2025-05-29,15.66
1701,2025-05-29,4.2
1701,2025-07-29,14.0
1701,2025-08-13,8.15
1701,2025-08-15,8.21
1701,2025-11-05,10.56
1701,2025-11-17,7.94
1701,2025-11-25,7.31
1702,2024-05-29,25.21
1702,2024-07-16,46.29
1702,2025-06-11,33.8
1703,2024-02-23,18.49
1703,2024-02-24,8.34
1704,2024-05-25,20.53
1704,2024-08-22,45.39
1704,2024-08-23,20.42
1704,2025-01-31,31.26
1704,2025-04-06,41.11
1704,2025-04-24,31.29
1704,2025-04-25,43.91
1704,2025-04-27,24.02
1704,2025-07-05,32.81
1704,2025-08-05,22.73
1704,2025-10-03,33.63
1705,2024-04-15,38.75
1705,2024-04-22,28.66
1705,2024-05-31,18.65
1705,2024-06-10,23.88
1705,2024-07-25,39.85
1706,2024-06-21,16.26
1707,2024-04-07,18.93
1707,2024-08-05,8.63
1708,2024-03-30,27.01
1708,2024-04-21,37.62
1709,2024-02-19,32.42
1710,2024-06-18,14.69
1710,2024-06-24,19.95
1710,2024-08-04,19.94
1710,2024-08-24,25.84
1710,2024-08-24,8.99
1711,2024-03-12,66.24
1711,2024-05-18,36.41
1712,2024-01-21,38.62
1712,2024-01-21,37.07
1712,2024-03-01,38.95
1712,2024-03-20,33.37
1712,2024-03-25,30.01
1712,2024-03-25,32.72
1712,2024-05-01,51.71
1712,2024-05-13,56.54
1712,2024-05-23,29.62
1712,2024-06-12,41.98
1712,2024-06-27,72.17
1712,2024-07-16,15.44
1712,2024-07-26,100.8
1712,2024-08-27,27.5
1712,2024-09-10,43.87
1712,2024-09-15,54.94
1712,2024-09-16,36.87
1712,2024-09-19,45.96
1712,2024-10-27,58.95
1712,2024-11-20,54.74
1712,2024-12-30,81.6
1712,2025-01-06,62.96
1712,2025-02-03,22.55
1712,2025-02-05,50.97
1712,2025-02-26,56.47
1712,2025-03-23,40.63
1712,2025-04-11,57.1
1712,2025-04-16,37.74
1712,2025-04-17,40.48
1712,2025-06-13,22.57
1712,2025-06-25,67.2
1712,2025-07-01,36.69
1712,2025-07-06,101.11
1712,2025-07-13,58.94
1712,2025-08-17,69.59
1712,2025-09-06,49.37
1712,2025-09-13,45.7
1712,2025-09-17,56.2
1712,2025-11-04,36.69
1712,2025-11-13,56.38
1712,2025-11-23,27.34
1712,2025-11-28,15.5
1712,2025-12-15,60.55
1713,2024-01-16,18.38
1714,2024-03-09,15.71
1714,2024-04-23,17.5
1714,2024-04-29,28.11
1714,2024-05-22,30.24
1714,2024-05-27,18.18
1715,2024-03-30,13.58
1715,2024-05-19,6.27
1715,2024-06-19,13.03
1715,2024-07-16,9.03
1715,2024-08-26,7.75
1715,2024-09-22,18.71
1715,2024-10-20,8.95
1715,2024-12-01,7.8
1715,2025-02-20,12.03
1715,2025-02-22,8.06
1715,2025-03-19,9.17
1715,2025-03-30,5.27
1715,2025-05-03,14.38
1715,2025-05-30,16.01
1715,2025-06-18,4.32
1715,2025-06-23,7.9
1715,2025-07-24,6.23
1715,2025-08-03,16.22
1715,2025-08-27,11.07
1715,2025-09-01,19.01
1715,2025-09-08,9.12
1715,2025-09-16,11.85
1715,2025-09-23,12.02
1715,2025-10-24,5.59
1715,2025-11-02,11.7
1715,2025-11-28,12.47
1715,2025-12-12,12.88
1715,2025-12-26,8.66
1716,2024-05-10,20.79
1716,2024-05-10,7.8
1716,2024-06-09,21.16
1716,2024-07-09,14.54
1716,2024-09-19,20.22
1716,2025-02-15,13.7
1716,2025-06-14,18.56
1716,2025-08-12,13.29
1717,2024-02-28,23.85
1717,2024-03-19,20.34
1717,2024-04-03,45.45
1717,2024-04-16,21.61
1717,2024-09-18,42.36
1717,2024-10-19,30.97
1717,2024-12-18,31.25
1717,2025-02-26,25.02
1717,2025-03-19,63.94
1717,2025-05-05,52.68
1717,2025-05-21,24.49
1717,2025-06-02,80.79
1717,2025-06-12,47.41
1718,2024-01-27,31.13
1719,2024-01-11,37.57
1719,2024-01-17,52.96
1719,2024-05-17,31.92
1719,2024-08-25,40.04
1720,2024-02-10,82.4
1720,2024-02-26,30.72
1720,2024-03-03,41.18
1720,2024-09-19,40.16
1720,2024-10-16,47.29
1720,2024-11-14,59.22
1720,2025-02-09,48.97
1720,2025-03-10,52.34
1720,2025-03-20,96.83
1720,2025-05-02,56.77
1720,2025-06-06,88.53
1720,2025-06-21,59.97
1720,2025-07-02,147.99
1720,2025-08-07,38.19
1720,2025-11-15,63.75
1720,2025-12-19,87.55
1721,2024-04-24,14.58
1721,2024-05-27,8.03
1721,2024-06-04,14.0
1721,2024-06-12,10.61
1721,2024-06-18,20.22
1721,2024-07-04,12.68
1721,2024-07-08,21.56
1721,2024-07-18,24.73
1721,2024-08-07,7.51
1721,2024-08-16,13.75
1721,2024-09-01,6.85
1721,2024-09-02,18.36
1721,2024-09-08,18.58
1721,2024-09-17,11.77
1721,2024-11-01,11.46
1721,2024-11-07,13.33
1721,2024-11-09,26.2
1721,2024-12-19,5.84
1721,2024-12-28,10.19
1721,2025-01-07,27.8
1721,2025-01-28,15.6
1721,2025-02-07,12.1
1721,2025-02-14,21.22
1721,2025-02-23,13.95
1721,2025-03-10,23.33
1721,2025-03-11,13.45
1721,2025-05-07,11.5
1721,2025-05-17,14.21
1721,2025-05-21,20.98
1721,2025-07-01,9.84
1721,2025-07-04,5.44
1721,2025-07-13,25.66
1721,2025-07-17,4.84
1721,2025-07-17,14.17
1721,2025-07-20,9.16
1721,2025-07-22,29.92
1721,2025-08-09,15.29
1721,2025-08-12,21.17
1721,2025-08-15,10.76
1721,2025-08-23,19.71
1721,2025-09-01,9.95
1721,2025-09-18,10.29
1721,2025-09-28,13.34
1721,2025-10-05,16.45
1721,2025-10-07,9.68
1721,2025-10-16,9.76
1721,2025-10-24,6.85
1721,2025-11-17,5.25
1721,2025-11-27,11.96
1721,2025-12-03,28.89
1722,2024-01-10,17.65
1723,2024-04-27,18.95
1724,2024-02-11,19.75
1724,2024-02-26,21.34
1724,2024-03-15,19.17
1724,2024-03-15,16.89
1724,2024-04-24,19.2
1724,2024-10-10,15.76
1724,2024-11-11,37.89
1724,2025-01-05,20.49
1724,2025-02-20,23.97
1724,2025-04-25,24.67
1725,2024-06-03,24.25
1725,2024-10-11,15.59
1726,2024-05-14,15.58
1727,2024-06-07,27.81
1728,2024-02-22,11.92
1728,2024-04-11,15.87
1728,2024-06-23,18.14
1728,2024-06-24,5.91
1728,2024-07-09,14.14
1728,2024-07-22,16.05
1728,2024-08-08,24.43
1728,2024-08-22,17.01
1728,2024-10-02,21.09
1728,2024-10-26,24.19
1728,2025-01-19,22.11
1728,2025-04-23,20.63
1728,2025-06-18,11.29
1728,2025-07-22,20.47
1728,2025-10-28,14.57
1728,2025-11-11,21.27
1728,2025-12-13,7.05
1728,2025-12-23,14.97
1729,2024-03-17,24.86
1729,2024-03-19,70.9
1729,2024-03-21,33.87
1729,2024-04-10,29.16
1729,2024-05-08,21.25
1729,2024-06-27,17.85
1729,2024-07-04,54.54
1729,2024-07-08,35.49
1729,2024-07-10,22.64
1729,2024-07-12,14.15
1729,2024-08-03,50.74
1729,2024-09-07,32.9
1729,2024-09-11,70.45
1729,2024-10-25,80.52
1729,2024-10-31,52.33
1729,2025-02-10,38.33
1730,2024-05-14,34.25
1730,2024-05-21,27.42
1730,2024-05-23,64.97
1730,2024-06-05,18.78
1730,2024-06-19,27.44
1730,2024-08-21,65.8
1730,2024-10-13,29.96
1730,2024-12-17,22.96
1730,2025-01-26,44.06
1730,2025-02-27,24.94
1730,2025-03-26,32.24
1730,2025-06-28,45.52
1730,2025-09-01,8.91
1730,2025-12-01,44.1
1730,2025-12-02,44.29
1731,2024-02-10,19.01
1731,2024-02-24,9.59
1731,2024-03-10,17.36
1731,2024-05-07,40.94
1731,2024-07-11,12.75
1731,2024-08-23,22.22
1732,2024-02-04,35.98
1732,2024-05-26,31.25
1732,2025-02-04,4.59
1732,2025-05-02,24.86
1732,2025-05-06,11.49
1733,2024-05-13,54.2
1733,2024-05-21,54.83
1733,2024-07-15,32.52
1733,2024-09-23,39.49
1733,2024-10-28,43.3
1733,2024-11-07,19.89
1733,2024-11-24,45.03
1733,2024-12-10,27.44
1733,2024-12-26,18.98
1733,2025-01-03,44.57
1733,2025-01-13,58.0
1733,2025-01-13,61.36
1733,2025-04-05,20.82
1734,2024-06-01,11.37
1734,2024-09-28,14.13
1734,2024-09-28,19.36
1735,2024-04-16,13.01
1736,2024-04-29,32.64
1736,2024-05-05,9.9
1736,2024-05-13,14.28
1736,2024-06-12,20.69
1736,2024-06-15,14.06
1737,2024-04-03,42.52
1738,2024-06-14,14.3
1738,2024-06-14,25.32
1738,2024-06-17,30.12
1738,2024-08-04,16.08
1738,2024-08-12,16.06
1738,2024-08-13,9.29
1738,2024-08-21,18.89
1738,2024-08-22,13.95
1738,2024-08-27,27.59
1738,2024-09-09,20.47
1738,2024-09-20,24.1
1738,2024-09-28,13.08
1738,2024-10-13,40.46
1738,2024-10-16,25.12
1738,2024-11-04,15.9
1738,2024-11-05,13.08
1738,2024-11-11,23.87
1738,2024-11-23,14.03
1738,2024-11-30,30.15
1738,2024-12-18,24.5
1738,2024-12-18,13.3
1738,2024-12-25,11.99
1738,2024-12-31,7.2
1738,2025-01-07,8.7
1738,2025-02-12,21.13
1738,2025-02-17,14.03
1738,2025-03-02,24.18
1738,2025-03-04,14.75
1738,2025-03-05,20.01
1738,2025-03-13,21.18
1738,2025-03-15,16.26
1738,2025-04-09,9.14
1738,2025-04-30,8.06
1738,2025-05-10,38.29
1738,2025-05-14,14.86
1738,2025-05-26,15.32
1738,2025-06-17,22.31
1738,2025-07-21,6.85
1738,2025-07-22,10.86
1738,2025-07-31,16.82
1738,2025-08-05,6.01
1738,2025-08-12,16.33
1738,2025-08-26,9.86
1738,2025-09-09,7.68
1738,2025-09-23,24.51
1738,2025-10-01,20.99
1738,2025-10-04,12.97
1738,2025-10-04,19.98
1738,2025-10-07,28.28
1738,2025-11-08,29.68
1738,2025-11-20,15.94
1738,2025-11-20,7.72
1738,2025-12-08,36.25
1738,2025-12-11,33.86
1738,2025-12-12,15.53
1739,2024-05-22,8.14
1739,2024-07-14,12.67
1739,2024-12-04,15.63
1739,2025-03-21,19.69
1739,2025-06-05,9.06
1739,2025-06-21,7.44
1739,2025-06-29,7.62
1739,2025-09-26,15.24
1739,2025-11-28,13.57
1740,2024-02-20,302.22
1741,2024-05-20,54.27
1741,2024-06-13,24.86
1741,2025-02-27,34.42
1742,2024-04-05,13.81
1742,2024-04-12,8.91
1743,2024-04-14,56.19
1744,2024-02-07,13.11
1744,2024-08-03,9.85
1745,2024-01-09,15.41
1745,2024-01-17,34.12
1745,2024-03-14,36.79
1745,2024-04-04,44.41
1746,2024-05-11,17.48
1746,2024-06-03,48.34
1746,2024-06-08,44.73
1746,2024-06-12,42.2
1746,2024-08-06,38.53
1746,2024-08-26,52.03
1746,2024-09-05,22.67
1746,2024-09-16,18.09
1746,2024-10-03,19.37
1746,2024-10-12,23.36
1746,2024-10-24,11.32
1746,2024-11-03,18.53
1746,2024-11-04,37.05
1746,2024-11-13,24.94
1746,2024-11-30,23.05
1746,2024-12-16,49.8
1746,2025-02-21,32.04
1746,2025-03-31,39.49
1746,2025-03-31,25.04
1746,2025-05-13,16.23
1746,2025-05-23,35.34
1746,2025-06-01,26.41
1746,2025-07-01,17.81
1746,2025-07-12,33.34
1746,2025-08-22,24.64
1746,2025-08-30,25.03
1746,2025-08-31,26.24
1746,2025-09-09,35.54
1746,2025-11-06,35.47
1746,2025-12-07,31.12
1747,2024-02-07,22.36
1748,2024-02-18,18.26
1748,2025-04-05,46.86
1749,2024-04-16,20.32
1749,2025-04-25,34.22
1749,2025-10-06,34.58
1750,2024-03-08,55.81
1751,2024-02-20,11.36
1751,2024-03-05,5.4
1751,2024-10-05,13.93
1751,2024-12-14,10.8
1751,2025-01-01,18.72
1751,2025-01-04,23.57
1751,2025-09-01,7.31
1751,2025-11-12,8.37
1752,2024-01-10,78.17
1752,2024-03-27,77.81
1752,2024-04-08,72.35
1752,2024-04-21,83.39
1752,2024-05-15,99.05
1752,2024-06-19,65.25
1752,2024-07-12,121.05
1752,2024-07-19,59.38
1752,2024-08-10,42.29
1753,2024-01-28,66.76
1753,2024-01-30,47.69
1753,2024-04-17,41.99
1753,2024-06-02,72.02
1753,2024-07-12,27.7
1753,2024-08-17,36.52
1753,2024-10-18,65.51
1753,2024-11-09,60.21
1753,2025-02-13,41.09
1753,2025-03-14,39.06
1753,2025-05-15,16.14
1753,2025-06-07,62.97
1753,2025-07-13,44.26
1753,2025-09-11,40.69
1754,2024-01-17,142.48
1754,2024-02-06,76.17
1754,2024-03-04,35.85
1754,2024-03-12,155.91
1754,2024-03-21,116.61
1755,2024-01-03,8.64
1756,2024-06-20,73.73
1756,2024-08-04,112.09
1756,2024-08-10,131.74
1756,2025-02-27,92.65
1757,2024-04-01,56.52
1757,2024-04-30,96.39
1757,2024-05-03,75.2
1757,2024-05-23,41.13
1757,2024-06-05,39.92
1757,2024-07-13,52.3
1757,2024-07-14,105.79
1757,2024-07-16,32.5
1757,2024-08-12,78.35
1757,2024-08-18,33.84
1757,2024-08-27,75.57
1757,2024-09-11,29.16
1757,2024-09-12,47.04
1757,2024-09-22,43.62
1757,2024-09-23,41.61
1757,2024-09-25,72.34
1757,2024-10-06,45.19
1757,2024-11-12,21.83
1757,2024-11-13,82.35
1757,2024-11-18,72.63
1757,2024-11-21,57.77
1757,2024-11-27,30.82
1757,2024-11-29,80.13
1757,2024-12-02,63.11
1757,2024-12-04,66.71
1757,2024-12-08,71.15
1757,2024-12-11,36.72
1757,2025-01-06,25.61
1757,2025-01-07,51.92
1757,2025-01-13,62.46
1757,2025-01-14,43.93
1758,2024-05-30,19.34
1758,2024-06-04,28.38
1758,2024-06-05,19.49
1758,2024-07-31,9.7
1759,2024-06-12,12.21
1760,2024-05-05,19.38
1761,2024-03-13,5.26
1761,2024-03-24,11.83
1762,2024-01-06,6.75
1762,2024-02-04,17.71
1763,2024-01-12,9.36
1763,2024-01-13,22.86
1763,2024-01-14,7.6
1763,2024-01-25,17.13
1763,2024-02-03,17.37
1763,2024-02-06,13.07
1763,2024-02-10,13.7
1763,2024-02-18,18.56
1763,2024-02-20,12.58
1763,2024-02-26,20.97
1763,2024-03-12,14.86
1763,2024-03-18,13.11
1763,2024-04-12,26.67
1764,2024-05-14,13.06
1764,2024-06-05,4.97
1764,2024-06-08,8.3
1764,2024-08-09,5.26
1764,2024-09-29,3.88
1764,2024-10-27,16.97
1764,2024-12-26,12.77
1764,2025-02-17,17.94
1764,2025-03-06,8.6
1764,2025-04-05,4.75
1765,2024-01-31,13.4
1766,2024-01-31,16.34
1767,2024-01-07,35.52
1767,2024-02-04,82.47
1767,2024-02-05,60.5
1767,2024-02-09,59.57
1767,2024-02-19,26.43
1767,2024-02-29,22.21
1767,2024-03-03,21.78
1767,2024-03-04,36.59
1767,2024-04-10,27.63
1767,2024-04-11,34.37
1767,2024-04-16,28.09
1767,2024-04-23,65.75
1767,2024-05-03,46.52
1767,2024-07-02,58.3
1767,2024-07-08,37.64
1767,2024-07-22,30.47
1767,2024-07-28,41.66
1767,2024-07-30,20.07
1767,2024-08-23,14.21
1767,2024-08-28,53.76
1768,2024-06-07,30.69
1768,2024-10-10,25.94
1768,2025-09-21,26.48
1769,2024-03-09,13.85
1769,2024-07-29,16.31
1769,2024-08-16,19.15
1769,2024-09-02,13.55
1769,2024-09-17,25.7
1769,2024-10-08,13.88
1769,2025-01-22,10.95
1769,2025-02-09,9.38
1769,2025-02-19,24.44
1769,2025-03-30,16.87
1769,2025-06-30,26.33
1769,2025-07-22,10.44
1769,2025-08-28,14.62
1770,2024-04-18,22.57
1770,2024-04-22,8.34
1770,2025-02-01,39.66
1770,2025-03-16,18.49
1770,2025-05-03,21.91
1770,2025-05-06,19.69
1770,2025-06-09,29.31
1771,2024-03-03,17.79
1772,2024-05-27,49.47
1772,2024-08-04,34.79
1772,2024-09-23,35.21
1772,2025-03-29,20.55
1772,2025-04-12,24.46
1772,2025-08-14,36.1
1773,2024-06-04,20.95
1774,2024-06-20,5.46
1775,2024-01-05,8.79
1775,2024-01-17,38.9
1776,2024-04-02,42.18
1776,2024-04-19,15.85
1776,2024-06-12,22.18
1776,2024-07-18,21.32
1776,2024-08-01,23.53
1776,2024-08-01,26.26
1776,2024-08-29,40.96
1776,2024-10-26,60.01
1776,2024-11-14,27.67
1776,2024-11-15,24.27
1776,2024-11-16,19.68
1776,2024-12-14,42.73
1776,2025-01-05,28.8
1776,2025-01-16,36.99
1776,2025-02-28,33.32
1776,2025-03-05,33.33
1776,2025-03-11,16.94
1776,2025-03-28,5.4
1776,2025-05-26,48.07
1776,2025-07-03,45.19
1776,2025-07-04,20.31
1776,2025-09-23,44.0
1776,2025-10-10,17.41
1776,2025-10-22,43.27
1777,2024-06-02,39.78
1777,2024-06-17,37.58
1777,2024-06-17,39.92
1777,2024-07-06,24.91
1777,2024-08-23,21.31
1777,2024-09-03,16.93
1777,2024-09-08,20.03
1777,2024-10-20,17.36
1777,2024-11-18,27.0
1777,2024-12-06,14.12
1777,2025-01-29,8.69
1777,2025-02-14,42.07
1777,2025-03-10,36.67
1777,2025-04-20,28.42
1777,2025-05-02,28.54
1777,2025-06-05,31.02
1777,2025-06-12,44.68
1777,2025-06-24,20.61
1777,2025-07-04,20.07
1777,2025-07-30,24.1
1777,2025-08-21,36.74
1777,2025-10-09,12.18
1777,2025-12-05,20.22
1778,2024-05-22,21.83
1779,2024-04-27,14.51
1779,2024-07-09,13.89
1779,2024-09-20,38.58
1779,2025-01-30,11.83
1779,2025-01-31,13.73
1779,2025-03-29,25.19
1779,2025-05-28,9.66
1779,2025-07-03,15.01
1779,2025-08-04,31.13
1779,2025-10-04,23.3
1780,2024-01-28,48.99
1780,2024-02-01,23.3
1780,2024-02-15,45.71
1780,2024-02-16,35.5
1780,2024-02-18,16.57
1780,2024-02-26,23.54
1780,2024-03-05,25.12
1780,2024-03-09,24.45
1780,2024-03-15,19.08
1780,2024-03-20,30.48
1780,2024-03-21,32.93
1780,2024-04-18,18.89
1780,2024-04-22,19.87
1780,2024-04-27,16.79
1780,2024-05-11,26.88
1780,2024-05-13,11.11
1780,2024-06-14,19.28
1780,2024-06-19,41.02
1780,2024-06-28,21.03
1780,2024-07-14,17.04
1780,2024-07-14,21.62
1780,2024-07-29,39.35
1780,2024-08-04,40.25
1780,2024-08-28,12.77
1780,2024-09-03,50.98
1780,2024-09-07,23.08
1780,2024-09-10,16.06
1780,2024-09-27,44.06
1780,2024-10-08,39.45
1780,2024-10-17,22.54
1780,2024-10-19,44.6
1780,2024-11-19,32.84
1780,2024-11-25,30.92
1780,2024-11-26,33.22
1780,2024-11-26,24.96
1780,2024-12-02,15.71
1780,2024-12-04,11.99
1780,2024-12-12,20.09
1780,2024-12-17,22.11
1780,2024-12-30,43.47
1780,2025-01-05,21.67
1780,2025-01-06,8.38
1780,2025-02-06,27.08
1780,2025-02-11,14.72
1780,2025-03-12,36.63
1780,2025-03-13,32.67
1780,2025-03-15,33.91
1780,2025-03-24,42.48
1781,2024-04-28,12.35
1781,2024-08-10,20.72
1782,2024-03-07,7.54
1782,2024-04-21,19.72
1783,2024-05-21,54.01
1783,2024-08-14,23.69
1784,2024-02-13,16.06
1785,2024-03-29,23.94
1785,2025-01-20,21.01
1785,2025-03-13,30.45
1786,2024-03-27,29.55
1786,2024-08-12,9.7
1786,2024-08-24,16.0
1786,2024-12-29,5.52
1787,2024-06-08,25.72
1787,2024-06-10,22.8
1787,2024-07-13,19.81
1787,2024-07-18,10.81
1787,2024-08-31,15.76
1787,2024-09-14,22.93
1787,2024-09-17,31.37
1787,2024-10-23,28.19
1787,2024-10-27,22.21
1787,2024-11-19,25.92
1787,2024-11-28,23.25
1787,2025-01-11,15.6
1787,2025-01-20,24.91
1787,2025-02-06,15.34
1787,2025-03-02,28.96
1787,2025-03-31,14.1
1788,2024-06-01,39.29
1789,2024-02-07,22.95
1789,2024-02-13,46.43
1790,2024-01-22,24.62
1790,2024-03-27,53.4
1791,2024-02-20,29.97
1792,2024-03-10,12.53
1792,2024-05-16,15.67
1793,2024-06-16,16.53
1793,2024-06-17,7.77
1793,2024-07-15,18.73
1793,2024-07-21,8.01
1793,2024-07-27,17.77
1793,2024-08-09,14.1
1793,2024-08-13,21.63
1793,2024-09-07,26.45
1793,2024-09-24,21.01
1793,2024-10-11,4.52
1793,2024-11-08,9.49
1793,2024-11-08,26.01
1793,2024-11-12,11.79
1793,2025-03-11,15.01
1793,2025-04-08,11.57
1793,2025-05-13,9.09
1793,2025-05-15,16.72
1793,2025-08-25,13.62
1793,2025-09-24,2.5
1793,2025-09-27,13.17
1793,2025-10-30,17.03
1793,2025-11-02,15.54
1793,2025-11-05,19.43
1793,2025-11-18,14.25
1793,2025-11-21,13.36
1793,2025-12-01,22.52
1793,2025-12-18,16.49
1793,2025-12-23,10.63
1794,2024-03-02,80.45
1794,2024-03-20,76.66
1795,2024-06-30,11.86
1796,2024-06-25,12.02
1797,2024-06-15,36.47
1797,2024-07-06,38.42
1797,2024-07-11,28.77
1797,2024-10-22,37.78
1797,2024-10-27,22.11
1797,2024-11-06,29.85
1797,2024-12-11,21.61
1797,2025-01-21,43.35
1797,2025-02-06,21.84
1797,2025-02-08,18.84
1797,2025-03-27,20.66
1797,2025-04-30,50.64
1797,2025-05-14,41.2
1797,2025-05-20,27.42
1797,2025-07-01,5.33
1797,2025-07-21,29.29
1797,2025-07-31,33.99
1797,2025-08-14,22.43
1797,2025-08-19,56.16
1797,2025-09-03,12.8
1797,2025-09-20,32.79
1797,2025-09-21,15.18
1797,2025-09-28,30.28
1797,2025-11-08,23.47
1797,2025-11-12,21.3
1797,2025-12-17,46.59
1798,2024-06-21,38.17
1798,2024-08-06,21.98
1798,2024-09-09,19.53
1798,2024-10-18,38.76
1799,2024-01-12,18.54
1799,2024-04-09,10.04
1800,2024-01-08,29.39
1801,2024-05-23,8.75
1801,2024-06-27,14.14
1801,2024-07-12,18.48
1801,2024-07-16,6.51
1801,2024-08-04,11.77
1801,2024-09-07,24.46
1802,2024-05-14,17.72
1802,2024-12-15,20.42
1802,2025-08-08,11.97
1803,2024-06-19,39.36
1803,2024-07-20,27.1
1803,2024-10-08,34.02
1803,2024-12-13,13.62
1803,2025-03-08,39.34
1804,2024-01-29,17.07
1805,2024-04-14,23.43
1805,2024-04-22,20.72
1805,2024-04-23,36.11
1805,2024-05-11,27.45
1805,2024-05-15,20.19
1805,2024-05-29,7.94
1805,2024-05-30,20.84
1805,2024-05-30,16.36
1805,2024-06-30,33.52
1805,2024-07-04,16.39
1805,2024-07-15,27.11
1805,2024-07-28,31.39
1805,2024-07-30,43.27
1805,2024-08-02,28.59
1805,2024-08-11,31.07
1805,2024-08-12,19.1
1805,2024-08-15,30.19
1805,2024-08-19,13.44
1805,2024-08-29,30.72
1805,2024-09-19,18.69
1805,2024-09-26,12.58
1805,2024-10-14,18.35
1805,2024-10-19,15.18
1805,2024-10-31,23.03
1805,2024-11-15,41.83
1805,2024-11-17,58.57
1805,2024-11-29,11.13
1805,2024-12-11,33.78
1805,2025-01-09,20.39
1805,2025-01-10,33.4
1805,2025-01-25,20.24
1805,2025-01-26,38.42
1805,2025-02-11,24.9
1805,2025-02-13,14.3
1805,2025-03-10,28.01
1805,2025-03-27,30.69
1805,2025-05-28,50.4
1805,2025-05-29,26.54
1805,2025-06-06,12.25
1805,2025-07-19,24.95
1805,2025-07-26,25.77
1805,2025-07-26,27.68
1805,2025-08-06,17.6
1805,2025-08-10,31.04
1805,2025-09-06,16.29
1805,2025-09-10,23.3
1805,2025-09-12,32.42
1805,2025-09-13,26.03
1805,2025-09-14,32.65
1805,2025-09-22,9.02
1805,2025-10-08,17.0
1805,2025-10-11,20.4
1805,2025-10-11,30.92
1805,2025-10-14,31.52
1805,2025-10-25,24.01
1805,2025-10-27,24.68
1805,2025-11-03,17.21
1805,2025-11-30,29.41
1805,2025-12-01,7.09
1805,2025-12-20,19.74
1805,2025-12-25,14.19
1806,2024-01-02,79.19
1806,2025-01-14,31.31
1806,2025-04-24,21.2
1807,2024-03-14,15.41
1807,2024-03-28,22.29
1807,2024-07-03,14.33
1807,2025-01-21,36.08
1807,2025-04-19,12.9
1807,2025-08-24,14.84
1807,2025-10-28,25.58
1807,2025-11-21,13.08
1808,2024-03-20,35.27
1808,2024-03-22,23.78
1808,2025-06-08,8.55
1808,2025-08-03,18.95
1809,2024-02-14,15.96
1809,2024-03-22,10.6
1809,2024-04-17,10.19
1809,2024-05-16,25.06
1809,2024-07-20,18.76
1809,2025-05-13,6.73
1809,2025-08-06,40.97
1809,2025-09-23,19.75
1809,2025-09-23,26.78
1809,2025-12-27,9.16
1810,2024-02-08,28.65
1810,2024-02-25,17.18
1810,2024-03-24,44.65
1811,2024-01-12,14.12
1812,2024-02-21,11.9
1813,2024-05-22,18.32
1814,2024-04-09,37.16
1815,2024-01-04,30.44
1815,2024-03-18,95.7
1815,2024-05-08,45.47
1815,2024-06-08,48.73
1815,2024-10-04,81.0
1815,2025-05-30,76.49
1815,2025-09-20,70.59
1816,2024-06-23,21.24
1816,2024-09-06,27.72
1817,2024-05-30,38.11
1817,2024-07-02,16.67
1817,2024-07-31,19.06
1817,2024-08-14,11.65
1817,2024-08-22,29.68
1817,2024-09-23,26.46
1817,2024-09-28,16.0
1817,2024-09-29,22.39
1817,2024-10-03,11.92
1817,2024-11-13,19.78
1817,2024-11-15,16.78
1817,2024-11-28,26.38
1818,2024-01-30,22.94
1818,2024-05-21,70.05
1818,2024-10-20,26.26
1818,2024-10-30,34.24
1818,2024-12-11,14.92
1818,2025-05-17,24.64
1818,2025-08-25,28.23
1818,2025-09-13,26.02
1818,2025-11-09,23.66
1818,2025-12-23,31.52
1819,2024-04-04,16.01
1820,2024-06-30,28.12
1820,2024-10-29,26.09
1820,2024-12-20,5.3
1820,2024-12-25,17.56
1820,2025-01-05,23.5
1820,2025-02-15,32.19
1821,2024-04-02,50.73
1821,2024-04-24,44.39
1821,2024-05-01,21.26
1821,2024-05-05,35.52
1822,2024-06-29,20.32
1822,2024-08-05,20.25
1822,2024-09-11,12.27
1822,2024-10-11,28.69
1822,2024-11-21,10.22
1822,2025-01-28,10.55
1822,2025-04-07,31.98
1822,2025-06-05,15.56
1823,2024-01-09,61.4
1823,2024-01-15,67.54
1823,2024-02-19,41.48
1823,2024-06-01,45.75
1824,2024-03-09,17.26
1824,2024-09-09,15.81
1825,2024-03-24,38.57
1825,2024-03-25,83.6
1825,2024-04-16,35.44
1825,2024-04-17,21.95
1825,2024-04-25,42.76
1825,2024-05-11,95.53
1825,2024-05-29,35.49
1825,2024-06-18,34.48
1825,2024-07-03,55.04
1825,2024-12-28,65.73
1825,2025-01-09,66.43
1825,2025-01-23,40.59
1825,2025-03-03,45.86
1825,2025-03-03,62.45
1825,2025-04-03,61.43
1826,2024-03-10,80.82
1827,2024-03-06,41.02
1827,2024-04-24,32.5
1827,2024-05-26,92.13
1827,2024-07-12,47.76
1827,2024-08-01,53.54
1828,2024-04-24,29.79
1828,2024-05-30,13.2
1828,2024-06-01,32.21
1828,2024-08-08,15.47
1828,2024-09-28,24.68
1828,2024-10-16,23.32
1829,2024-02-21,113.31
1830,2024-01-27,17.38
1830,2024-05-31,17.39
1830,2024-06-05,33.01
1831,2024-04-07,25.74
1831,2024-04-20,30.1
1831,2024-06-29,13.87
1831,2024-07-01,26.37
1831,2024-12-11,29.21
1831,2025-03-12,33.42
1831,2025-07-06,21.52
1831,2025-07-23,19.76
1831,2025-08-26,17.61
1831,2025-09-01,47.52
1832,2024-01-11,18.8
1832,2024-01-31,22.46
1832,2024-02-16,39.1
1832,2024-03-18,19.35
1832,2024-04-02,14.48
1832,2024-04-24,41.52
1832,2024-05-10,39.73
1832,2024-05-22,17.71
1832,2024-06-21,33.76
1832,2024-07-28,24.85
1832,2024-07-29,14.33
1832,2024-08-07,44.39
1832,2024-08-25,4.87
1832,2024-08-25,12.08
1832,2024-08-29,29.56
1832,2024-12-12,12.69
1832,2025-02-18,32.23
1832,2025-03-10,15.81
1832,2025-03-26,16.17
1832,2025-04-06,21.24
1832,2025-04-14,29.25
1832,2025-05-06,17.42
1832,2025-05-10,15.07
1832,2025-06-12,43.53
1832,2025-07-12,22.7
1832,2025-10-22,29.19
1832,2025-10-22,31.3
1832,2025-10-23,49.23
1832,2025-11-07,21.65
1833,2024-06-15,49.09
1833,2024-06-15,69.08
1834,2024-02-03,64.26
1835,2024-05-28,24.85
1836,2024-01-02,35.41
1836,2024-01-17,39.22
1837,2024-04-18,18.72
1838,2024-01-18,28.99
1839,2024-05-01,27.37
1839,2025-03-21,63.87
1840,2024-06-06,13.84
1840,2024-06-09,17.82
1840,2024-06-15,14.0
1840,2024-07-25,24.34
1840,2024-07-27,20.78
1840,2024-08-11,13.9
1840,2024-08-18,23.02
1840,2024-08-23,22.28
1840,2024-09-03,11.42
1840,2024-09-05,13.19
1840,2024-09-06,12.05
1840,2024-09-11,8.36
1840,2024-09-20,22.72
1840,2024-09-25,20.65
1840,2024-09-25,10.88
1840,2024-10-22,13.52
1840,2024-10-28,19.03
1840,2024-11-06,14.01
1840,2024-11-09,21.96
1840,2024-11-16,15.2
1840,2024-11-30,21.69
1840,2024-12-02,24.16
1840,2024-12-20,9.4
1840,2024-12-28,12.83
1840,2025-01-03,16.26
1840,2025-03-01,11.13
1840,2025-03-10,8.35
1840,2025-03-12,18.86
1840,2025-03-21,10.8
1840,2025-04-13,11.51
1840,2025-04-26,18.49
1840,2025-04-27,28.4
1840,2025-05-04,11.7
1840,2025-05-20,22.25
1840,2025-06-05,20.8
1840,2025-06-13,40.48
1840,2025-06-20,9.88
1840,2025-06-21,17.52
1840,2025-07-11,5.67
1840,2025-08-19,21.75
1840,2025-08-21,12.37
1840,2025-08-28,13.11
1840,2025-08-29,11.17
1840,2025-09-22,31.33
1840,2025-09-24,8.83
1840,2025-09-24,21.66
1840,2025-10-01,15.61
1840,2025-10-05,12.16
1840,2025-10-09,17.14
1840,2025-10-11,20.18
1840,2025-10-16,19.63
1840,2025-10-16,18.07
1840,2025-11-10,27.63
1840,2025-11-15,17.65
1840,2025-11-22,20.27
1840,2025-11-27,13.66
1840,2025-12-11,14.63
1840,2025-12-21,15.14
1840,2025-12-27,18.01
1841,2024-02-16,30.49
1841,2024-03-15,21.0
1841,2024-08-07,53.23
1841,2024-09-18,85.64
1841,2024-11-02,49.02
1841,2025-02-22,34.06
1842,2024-03-13,23.7
1842,2024-10-30,13.38
1842,2025-05-07,10.49
1843,2024-05-25,39.56
1843,2024-06-02,35.88
1843,2024-06-22,30.69
1843,2024-07-28,32.7
1843,2024-10-07,54.22
1843,2024-10-28,21.14
1844,2024-03-15,22.86
1845,2024-06-01,19.04
1845,2024-06-14,21.89
1845,2024-06-20,24.54
1846,2024-06-06,11.18
1847,2024-02-06,20.99
1847,2024-03-10,11.0
1847,2024-03-15,7.19
1847,2024-07-02,13.34
1847,2024-07-09,5.98
1847,2024-07-13,26.48
1847,2024-07-19,16.52
1847,2024-07-21,16.34
1847,2024-08-16,9.0
1847,2024-08-20,10.94
1847,2024-10-21,10.97
1847,2024-11-04,4.97
1847,2024-12-18,3.89
1847,2025-01-21,14.23
1847,2025-01-21,15.12
1847,2025-01-29,8.92
1847,2025-02-08,10.97
1847,2025-02-18,16.02
1847,2025-02-28,14.98
1847,2025-03-05,11.14
1847,2025-03-26,11.4
1847,2025-04-07,13.08
1847,2025-04-19,12.97
1847,2025-04-24,4.45
1847,2025-05-16,16.76
1847,2025-05-21,8.91
1847,2025-07-01,9.14
1847,2025-07-01,10.29
1847,2025-07-03,17.11
1847,2025-07-20,5.09
1847,2025-07-28,23.32
1847,2025-09-01,9.66
1847,2025-09-07,8.47
1847,2025-09-24,19.41
1847,2025-11-06,10.31
1847,2025-12-01,23.77
1847,2025-12-24,7.59
1847,2025-12-25,17.39
1848,2024-04-14,43.32
1848,2024-05-14,32.78
1848,2024-07-18,76.08
1848,2024-08-03,59.44
1848,2024-09-05,47.69
1848,2024-09-14,36.65
1848,2024-10-02,42.28
1848,2024-10-03,36.34
1848,2024-10-05,61.29
1848,2024-12-03,41.86
1848,2024-12-15,49.52
1848,2025-01-02,31.48
1848,2025-02-20,49.09
1848,2025-02-24,21.19
1848,2025-03-09,55.56
1848,2025-04-20,48.25
1848,2025-05-02,63.58
1848,2025-05-07,71.99
1848,2025-06-02,43.25
1848,2025-07-12,52.1
1848,2025-07-24,59.58
1848,2025-08-18,62.84
1848,2025-09-14,38.71
1848,2025-09-27,48.53
1848,2025-11-17,29.55
1848,2025-11-22,24.64
1848,2025-12-11,42.92
1849,2024-04-11,12.38
1849,2024-05-15,17.94
1850,2024-02-08,18.17
1850,2024-07-11,9.26
1850,2024-08-04,11.96
1850,2024-08-15,10.47
1850,2024-11-11,17.0
1850,2024-11-25,5.72
1850,2025-12-12,11.69
1851,2024-01-08,14.29
1851,2024-08-06,15.54
1852,2024-04-11,89.5
1852,2024-04-14,108.81
1852,2024-04-28,72.19
1852,2024-05-01,102.74
1852,2024-05-10,78.88
1852,2024-05-14,141.81
1852,2024-06-06,51.75
1852,2024-06-13,108.83
1852,2024-07-23,236.04
1852,2024-08-22,101.19
1852,2024-08-30,113.35
1852,2024-09-02,122.07
1852,2024-12-04,33.51
1852,2024-12-20,56.37
1852,2025-01-01,101.62
1852,2025-01-24,131.03
1852,2025-04-03,95.8
1852,2025-04-12,94.21
1852,2025-04-20,57.13
1852,2025-05-14,83.77
1852,2025-05-30,79.06
1852,2025-08-02,49.61
1852,2025-08-30,122.64
1852,2025-09-07,96.39
1852,2025-10-14,141.5
1852,2025-10-30,44.24
1852,2025-11-03,49.11
1852,2025-11-21,129.69
1853,2024-05-16,45.65
1853,2024-05-26,71.97
1854,2024-03-27,25.7
1854,2024-06-14,12.54
1854,2025-01-24,17.91
1854,2025-08-25,20.48
1854,2025-11-09,11.31
1854,2025-12-28,23.57
1855,2024-05-20,43.1
1856,2024-05-25,7.63
1856,2024-09-04,42.23
1856,2024-09-27,16.68
1856,2024-10-15,14.63
1856,2024-10-20,21.26
1856,2024-11-21,20.79
1856,2025-01-07,7.05
1856,2025-02-05,23.14
1856,2025-03-03,25.1
1856,2025-05-05,23.8
1856,2025-08-04,20.56
1856,2025-10-15,51.01
1857,2024-04-21,20.78
1857,2025-04-18,28.78
1857,2025-09-23,11.87
1858,2024-04-28,15.82
1858,2024-05-04,15.73
1858,2024-05-14,23.93
1858,2024-05-19,18.09
1859,2024-05-30,15.6
1859,2024-10-23,14.84
1859,2024-11-05,47.7
1859,2024-12-24,13.23
1859,2025-06-04,16.33
1859,2025-12-07,16.72
1860,2024-01-08,13.23
1861,2024-06-02,44.59
1861,2025-01-29,39.52
1861,2025-04-04,47.93
1862,2024-05-09,39.85
1862,2024-05-23,33.75
1862,2024-05-29,30.45
1863,2024-02-14,13.34
1863,2024-03-12,13.59
1863,2024-04-11,22.83
1864,2024-03-23,13.07
1864,2024-10-25,3.29
1865,2024-04-02,68.38
1865,2024-05-03,48.22
1865,2024-06-04,40.28
1866,2024-03-26,19.64
1867,2024-02-28,9.45
1867,2024-05-16,17.56
1867,2024-06-17,7.69
1867,2024-06-30,5.53
1867,2024-08-19,12.11
1867,2024-08-26,7.58
1867,2024-08-28,8.75
1867,2025-03-31,11.77
1868,2024-06-21,32.84
1868,2024-07-26,48.46
1868,2024-08-01,84.47
1869,2024-01-09,33.01
1869,2024-02-17,71.81
1870,2024-06-04,28.67
1870,2024-06-23,55.32
1870,2024-07-22,32.89
1870,2024-07-26,44.92
1870,2024-08-06,39.96
1870,2024-08-07,93.12
1870,2024-08-12,39.4
1871,2024-02-15,17.04
1871,2024-02-29,49.29
1871,2024-03-07,23.26
1871,2024-03-22,27.31
1871,2024-03-24,21.69
1871,2024-04-07,34.69
1871,2024-04-24,11.4
1871,2024-05-01,24.73
1871,2024-05-06,17.0
1871,2024-05-18,20.09
1871,2024-05-20,27.14
1871,2024-06-06,44.65
1871,2024-06-17,32.73
1871,2024-06-22,27.4
1871,2024-06-26,26.25
1871,2024-06-27,16.39
1871,2024-07-15,26.99
1871,2024-07-16,42.47
1871,2024-07-24,18.23
1871,2024-07-24,28.53
1871,2024-08-08,50.83
1871,2024-08-16,24.91
1871,2024-08-31,31.11
1871,2024-09-03,38.8
1871,2024-10-04,27.21
1871,2024-10-14,21.25
1871,2024-10-26,32.28
1871,2024-10-28,24.28
1871,2024-10-29,67.75
1871,2024-11-02,24.82
1871,2024-11-09,37.39
1872,2024-05-25,19.86
1873,2024-01-19,10.06
1873,2024-01-28,9.25
1874,2024-06-13,9.55
1874,2024-09-06,11.1
1874,2024-09-22,13.3
1874,2024-10-16,24.38
1874,2024-10-29,11.83
1874,2024-12-13,25.88
1874,2024-12-22,9.11
1874,2024-12-28,9.55
1874,2025-01-06,14.16
1874,2025-01-30,27.42
1874,2025-02-28,11.99
1874,2025-03-14,17.17
1874,2025-05-12,11.02
1874,2025-05-22,9.57
1874,2025-08-13,17.72
1874,2025-08-17,7.46
1874,2025-09-06,21.29
1875,2024-04-08,14.39
1875,2024-08-18,31.47
1875,2025-07-14,18.94
1875,2025-11-19,12.63
1876,2024-03-05,52.03
1876,2024-03-19,69.91
1877,2024-02-06,20.03
1878,2024-01-22,18.47
1878,2024-02-03,17.09
1879,2024-01-31,36.8
1879,2024-02-21,40.58
1879,2024-02-24,70.76
1879,2024-03-01,35.0
1879,2024-03-07,63.02
1879,2024-03-20,57.55
1879,2024-03-22,87.85
1879,2024-04-03,47.36
1879,2024-04-07,14.22
1879,2024-04-26,88.57
1879,2024-04-29,28.62
1879,2024-05-11,69.09
1879,2024-05-27,37.11
1879,2024-05-27,59.46
1879,2024-06-21,43.68
1879,2024-06-22,70.01
1879,2024-07-17,28.09
1879,2024-07-21,99.66
1879,2024-08-02,38.93
1879,2024-08-13,35.21
1879,2024-08-23,42.5
1879,2024-09-23,100.48
1879,2024-09-23,48.88
1879,2024-09-30,36.22
1879,2024-10-18,49.4
1879,2024-10-29,37.82
1879,2024-11-06,60.22
1879,2024-12-02,48.7
1879,2024-12-15,29.64
1879,2025-01-08,68.17
1879,2025-01-19,33.56
1879,2025-02-14,59.72
1879,2025-02-21,69.31
1879,2025-03-07,28.83
1879,2025-03-08,32.86
1879,2025-03-15,51.34
1879,2025-03-22,31.67
1879,2025-04-03,62.93
1879,2025-04-05,38.6
1879,2025-04-09,37.88
1879,2025-04-09,38.83
1879,2025-04-20,78.35
1879,2025-04-22,26.68
1879,2025-05-13,14.44
1879,2025-05-18,39.53
1879,2025-05-21,37.74
1879,2025-06-21,82.21
1879,2025-06-28,68.48
1879,2025-07-08,26.43
1879,2025-07-12,46.22
1879,2025-07-13,71.92
1879,2025-07-24,87.64
1879,2025-08-02,46.57
1879,2025-08-03,38.89
1879,2025-08-14,33.77
1879,2025-09-05,48.91
1879,2025-09-14,54.39
1879,2025-09-23,55.68
1879,2025-09-24,55.9
1879,2025-09-27,50.43
1879,2025-09-28,59.7
1879,2025-10-09,53.3
1879,2025-11-11,66.36
1879,2025-11-13,57.2
1879,2025-11-25,42.16
1879,2025-12-04,78.52
1880,2024-05-13,27.73
1881,2024-03-04,42.44
1882,2024-02-20,31.21
1883,2024-03-07,22.95
1883,2024-07-19,10.75
1884,2024-06-26,14.57
1884,2024-09-16,31.94
1885,2024-03-10,13.6
1886,2024-05-27,15.4
1887,2024-02-12,37.78
1887,2024-03-03,23.44
1887,2024-03-31,26.65
1887,2024-05-23,43.51
1887,2024-08-06,71.73
1887,2024-11-05,41.04
1887,2024-12-09,49.09
1887,2025-06-23,42.55
1887,2025-10-22,52.44
1888,2024-01-15,20.36
1889,2024-06-27,39.45
1889,2024-08-28,30.38
1890,2024-06-08,23.87
1890,2024-06-17,45.91
1891,2024-04-15,12.09
1891,2024-08-21,10.66
1891,2024-10-01,7.95
1892,2024-01-23,39.83
1892,2024-04-07,22.04
1893,2024-02-18,19.18
1893,2024-04-02,14.93
1893,2024-04-17,17.07
1893,2024-04-28,17.04
1894,2024-01-07,20.06
1894,2024-07-19,38.35
1894,2024-08-21,18.71
1895,2024-04-29,19.65
1895,2024-06-01,14.21
1895,2024-06-05,14.69
1895,2024-07-09,9.58
1895,2024-07-09,9.05
1895,2024-08-22,15.69
1896,2024-01-24,13.88
1896,2024-02-05,19.51
1896,2024-02-11,12.96
1896,2024-02-14,20.36
1896,2024-02-24,20.28
1896,2024-03-01,22.25
1896,2024-04-01,16.41
1896,2024-04-06,15.06
1896,2024-05-18,17.04
1896,2024-05-24,11.53
1896,2024-07-03,9.67
1896,2024-07-17,12.37
1897,2024-04-20,22.53
1897,2024-05-21,17.09
1897,2024-06-19,28.66
1897,2024-07-07,41.72
1897,2024-07-26,26.17
1897,2024-09-19,24.75
1897,2024-10-09,33.78
1897,2024-10-10,20.81
1897,2024-11-06,26.61
1897,2024-11-07,25.88
1897,2024-11-10,21.69
1897,2024-11-11,32.43
1897,2024-11-23,33.67
1897,2025-02-26,25.75
1897,2025-03-15,20.23
1897,2025-03-18,21.04
1897,2025-04-28,32.64
1897,2025-05-06,23.78
1897,2025-05-19,29.98
1897,2025-06-03,16.69
1897,2025-06-26,12.4
1897,2025-08-11,21.55
1897,2025-09-10,38.12
1897,2025-11-07,42.71
1898,2024-02-13,27.97
1898,2024-03-06,21.57
1898,2024-03-11,35.72
1898,2024-03-20,38.29
1898,2024-05-15,37.52
1899,2024-05-22,24.91
1899,2024-06-06,41.32
1899,2024-06-07,18.63
1899,2024-07-25,23.36
1899,2024-09-23,36.09
1899,2024-09-23,9.23
1899,2024-10-17,33.49
1899,2024-10-17,28.32
1899,2024-10-25,36.36
1899,2024-11-18,25.35
1899,2024-11-26,45.11
1899,2024-12-17,27.95
1899,2024-12-25,19.16
1899,2025-01-03,23.72
1899,2025-01-10,17.12
1899,2025-01-11,31.16
1899,2025-01-25,33.66
1899,2025-02-09,21.22
1899,2025-02-13,29.51
1899,2025-02-20,25.62
1899,2025-02-21,24.75
1899,2025-03-10,11.45
1899,2025-03-10,40.72
1899,2025-03-20,26.25
1899,2025-03-27,42.12
1899,2025-04-03,15.2
1899,2025-04-06,21.39
1899,2025-04-07,29.5
1899,2025-04-12,18.13
1899,2025-04-16,25.52
1899,2025-04-18,17.5
1899,2025-04-19,33.97
1899,2025-04-25,21.96
1899,2025-05-04,27.84
1899,2025-06-03,30.14
1899,2025-07-01,20.15
1899,2025-07-03,34.37
1899,2025-07-04,16.82
1899,2025-08-08,16.56
1899,2025-08-16,12.55
1899,2025-08-17,31.63
1899,2025-08-22,19.21
1899,2025-08-30,43.91
1899,2025-09-14,17.27
1899,2025-09-28,28.26
1899,2025-10-03,36.21
1899,2025-10-31,31.64
1899,2025-12-05,28.63
1899,2025-12-22,49.68
1900,2024-04-04,25.06
1900,2024-06-03,19.09
1901,2024-01-17,24.89
1902,2024-05-12,38.71
1903,2024-04-16,20.89
1903,2024-05-21,55.33
1903,2024-06-18,19.98
1903,2024-07-17,44.72
1903,2024-08-23,20.39
1903,2024-12-01,21.85
1903,2025-03-08,17.14
1903,2025-03-08,16.67
1903,2025-03-25,32.08
1903,2025-04-16,6.68
1903,2025-05-07,43.23
1903,2025-05-12,19.47
1904,2024-02-11,14.8
1905,2024-06-12,70.71
1905,2024-06-18,74.39
1906,2024-01-05,17.76
1906,2024-01-05,21.44
1906,2024-01-15,10.32
1906,2024-01-27,23.94
1906,2024-02-08,29.96
1906,2024-02-15,18.25
1906,2024-03-15,25.42
1906,2024-03-27,9.49
1906,2024-03-29,20.01
1906,2024-04-09,12.05
1906,2024-04-10,23.1
1906,2024-04-17,21.32
1906,2024-05-03,14.76
1906,2024-05-20,12.75
1906,2024-05-31,11.77
1906,2024-06-06,21.16
1906,2024-06-08,33.58
1906,2024-06-25,18.4
1906,2024-06-30,15.82
1906,2024-09-19,17.34
1906,2024-09-23,10.49
1906,2024-09-29,10.42
1906,2024-10-01,12.07
1906,2024-10-06,28.77
1906,2024-10-09,8.54
1906,2024-10-10,6.31
1906,2024-10-22,7.44
1906,2024-11-14,28.49
1906,2024-11-26,15.22
1906,2024-12-14,14.93
1906,2025-01-18,39.24
1906,2025-01-30,12.9
1906,2025-02-19,12.11
1906,2025-02-22,22.29
1906,2025-03-14,21.05
1906,2025-04-17,29.56
1906,2025-05-08,18.55
1906,2025-05-18,12.74
1906,2025-05-19,23.71
1906,2025-05-25,23.68
1906,2025-06-10,27.22
1906,2025-06-26,6.78
1906,2025-06-28,13.16
1906,2025-08-03,17.21
1906,2025-08-23,14.25
1906,2025-08-29,11.7
1906,2025-09-01,12.37
1906,2025-09-19,12.9
1906,2025-09-25,19.16
1906,2025-10-12,15.58
1906,2025-10-14,16.43
1906,2025-11-01,26.15
1906,2025-11-05,11.71
1906,2025-11-08,22.47
1906,2025-11-10,16.38
1906,2025-11-16,9.37
1906,2025-12-06,13.6
1906,2025-12-09,15.07
1906,2025-12-15,17.18
1907,2024-01-15,16.87
1908,2024-01-24,9.04
1909,2024-04-04,16.43
1910,2024-02-04,89.42
1911,2024-06-18,38.54
1911,2024-07-05,8.53
1911,2024-07-26,34.81
1911,2024-08-19,39.74
1911,2024-08-19,39.36
1911,2024-10-17,34.38
1911,2024-10-19,44.99
1911,2024-11-10,32.34
1912,2024-04-25,91.03
1913,2024-05-09,8.63
1914,2024-02-14,36.3
1914,2024-02-29,12.6
1914,2024-03-08,21.02
1914,2024-03-09,16.99
1914,2024-03-12,22.17
1914,2024-03-12,19.13
1914,2024-03-13,24.91
1914,2024-03-16,10.48
1914,2024-04-01,21.28
1914,2024-04-05,28.13
1914,2024-04-18,10.36
1914,2024-04-21,16.65
1914,2024-04-23,6.09
1914,2024-04-25,24.55
1914,2024-05-15,21.57
1914,2024-05-23,24.66
1914,2024-06-07,8.46
1914,2024-06-28,25.12
1914,2024-07-27,18.13
1914,2024-08-03,18.51
1914,2024-08-08,28.49
1914,2024-08-12,31.77
1914,2024-08-14,18.98
1914,2024-08-15,13.04
1914,2024-08-18,26.19
1914,2024-09-08,36.53
1914,2024-09-24,7.71
1914,2024-09-28,31.06
1915,2024-06-27,15.7
1915,2024-06-28,5.6
1915,2024-12-02,12.66
1915,2024-12-07,15.7
1915,2024-12-25,33.94
1915,2025-02-18,26.52
1915,2025-05-24,29.57
1915,2025-06-14,12.3
1915,2025-07-10,8.65
1915,2025-07-14,8.28
1915,2025-09-23,9.75
1916,2024-05-21,8.88
1916,2024-05-28,28.1
1916,2024-06-25,16.7
1916,2024-07-30,11.26
1916,2024-08-20,10.48
1916,2024-09-07,23.68
1917,2024-01-17,19.29
1917,2024-01-20,46.2
1917,2024-02-21,33.62
1917,2024-03-10,19.41
1917,2024-03-11,61.53
1917,2024-05-04,42.63
1917,2024-05-08,28.61
1917,2024-05-31,46.38
1917,2024-07-11,28.18
1917,2024-08-02,12.34
1917,2024-08-08,33.69
1917,2024-08-12,32.74
1917,2024-08-17,31.3
1917,2024-08-20,21.81
1917,2024-08-24,65.42
1917,2024-08-27,50.25
1917,2024-08-28,55.71
1918,2024-06-26,12.07
1919,2024-04-14,28.54
1920,2024-05-22,53.58
1920,2024-06-13,40.22
1920,2024-07-12,59.24
1920,2024-07-13,52.81
1920,2024-08-05,83.08
1920,2024-09-09,96.54
1920,2024-09-13,46.08
1920,2024-10-04,100.42
1920,2024-10-11,122.56
1920,2024-10-14,46.36
1920,2024-10-29,47.5
1920,2024-11-02,51.13
1920,2025-02-01,100.39
1920,2025-02-13,58.48
1920,2025-03-17,84.63
1920,2025-04-12,172.83
1920,2025-06-04,23.28
1920,2025-07-06,65.18
1920,2025-07-07,82.94
1920,2025-08-08,33.38
1920,2025-08-18,39.82
1920,2025-09-03,83.16
1920,2025-11-08,106.74
1920,2025-11-19,68.58
1920,2025-11-19,63.51
1920,2025-12-16,61.69
1921,2024-05-13,77.4
1921,2024-05-13,38.14
1921,2024-05-14,98.85
1921,2024-05-20,127.08
1921,2024-05-24,33.6
1921,2024-05-29,58.18
1921,2024-06-12,44.37
1921,2024-06-21,115.81
1921,2024-07-24,99.21
1921,2024-08-01,68.49
1921,2024-08-10,40.99
1921,2024-08-12,55.33
1921,2024-09-05,48.82
1921,2024-09-16,99.87
1921,2024-09-16,37.15
1921,2024-10-07,88.6
1921,2024-10-18,53.41
1921,2024-11-03,49.42
1921,2024-11-10,46.72
1921,2024-11-27,44.71
1921,2024-12-02,42.8
1921,2024-12-15,49.28
1921,2024-12-23,64.88
1921,2025-01-25,49.11
1921,2025-01-29,99.1
1921,2025-02-03,112.33
1921,2025-02-05,56.26
1921,2025-02-25,19.18
1921,2025-02-25,54.78
1921,2025-03-02,82.53
1921,2025-03-07,75.68
1921,2025-03-21,21.23
1921,2025-04-21,88.63
1921,2025-05-01,56.07
1921,2025-06-18,51.35
1921,2025-06-30,48.22
1921,2025-07-04,37.65
1921,2025-07-07,56.96
1921,2025-09-04,45.29
1921,2025-09-22,72.96
1921,2025-10-21,86.13
1921,2025-11-23,90.21
1922,2024-03-29,15.02
1922,2024-03-30,9.41
1922,2024-04-29,14.76
1922,2024-05-26,20.01
1923,2024-04-10,13.52
1924,2024-06-12,28.76
1925,2024-04-26,69.33
1925,2024-06-10,42.46
1925,2024-07-15,12.79
1926,2024-05-05,32.21
1927,2024-03-07,30.53
1927,2024-03-20,20.9
1927,2024-03-26,34.86
1927,2024-05-05,26.51
1927,2024-05-16,30.67
1927,2024-06-03,15.88
1927,2024-08-07,24.71
1927,2025-04-23,20.8
1927,2025-10-09,38.3
1927,2025-10-15,38.56
1928,2024-03-06,26.66
1928,2024-03-06,6.62
1928,2024-03-07,13.2
1928,2024-03-08,18.36
1928,2024-03-31,11.15
1928,2024-04-30,15.83
1928,2024-05-12,17.51
1928,2024-05-30,18.91
1929,2024-05-01,33.91
1929,2025-09-12,25.87
1930,2024-05-18,42.93
1930,2024-11-17,10.01
1930,2025-06-23,28.22
1931,2024-01-28,17.42
1931,2024-03-07,12.5
1932,2024-01-26,37.73
1932,2024-01-27,37.13
1932,2024-02-01,13.53
1932,2024-02-07,12.5
1932,2024-02-10,25.27
1932,2024-02-11,19.21
1932,2024-02-14,24.58
1932,2024-03-05,30.41
1932,2024-03-19,17.04
1932,2024-03-29,15.86
1932,2024-04-04,27.98
1932,2024-04-05,25.92
1932,2024-04-16,14.99
1932,2024-04-21,36.91
1932,2024-04-26,24.97
1932,2024-05-22,21.55
1932,2024-05-23,20.37
1932,2024-06-07,24.76
1932,2024-06-08,19.26
1932,2024-06-19,31.39
1932,2024-06-25,21.43
1932,2024-07-04,19.8
1932,2024-07-04,21.64
1932,2024-07-06,47.22
1932,2024-08-02,19.61
1932,2024-08-11,39.62
1932,2024-08-27,24.62
1932,2024-09-03,66.43
1932,2024-11-03,17.39
1932,2024-11-04,23.6
1932,2024-11-07,18.26
1932,2024-11-25,18.25
1932,2024-11-25,17.31
1932,2024-11-27,36.81
1932,2024-12-09,63.44
1932,2025-01-17,21.64
1932,2025-01-26,36.19
1932,2025-02-04,24.61
1932,2025-02-08,28.41
1932,2025-02-13,31.58
1932,2025-02-16,17.08
1932,2025-02-17,28.23
1932,2025-02-18,21.76
1932,2025-02-20,37.35
1932,2025-02-23,31.11
1932,2025-03-06,38.95
1932,2025-03-08,35.33
1932,2025-04-07,22.42
1933,2024-06-18,35.58
1933,2025-05-08,36.62
1934,2024-05-24,98.08
1934,2024-09-10,65.65
1934,2025-05-04,94.81
1934,2025-12-10,55.0
1935,2024-01-15,17.82
1936,2024-04-13,15.79
1936,2024-06-10,41.16
1936,2024-12-04,40.64
1936,2025-03-08,32.33
1936,2025-10-18,30.05
1937,2024-03-16,24.41
1937,2024-04-16,33.67
1937,2024-04-21,30.48
1937,2024-05-08,30.84
1937,2024-05-27,22.77
1937,2024-06-08,41.16
1937,2024-07-29,50.5
1937,2024-07-31,22.69
1937,2024-08-23,41.34
1938,2024-06-03,7.96
1938,2024-06-25,19.66
1939,2024-03-31,27.19
1940,2024-06-10,11.97
1941,2024-01-13,55.19
1941,2024-02-24,42.21
1941,2024-02-24,46.95
1941,2024-03-04,47.23
1941,2024-03-08,62.4
1941,2024-04-21,80.77
1941,2024-04-23,26.56
1941,2024-05-03,78.75
1941,2024-05-27,78.89
1941,2024-06-14,41.46
1941,2024-06-26,107.65
1941,2024-06-28,86.47
1941,2024-08-01,51.33
1941,2024-09-15,88.77
1941,2024-10-10,25.3
1941,2024-11-01,60.51
1941,2024-11-13,44.98
1941,2024-11-26,109.49
1941,2024-12-03,103.32
1941,2024-12-04,38.98
1941,2024-12-18,53.85
1941,2025-02-02,127.55
1941,2025-02-26,51.04
1941,2025-02-27,44.5
1941,2025-03-11,46.04
1941,2025-03-26,51.0
1941,2025-05-17,62.79
1941,2025-06-07,91.31
1941,2025-06-26,62.57
1941,2025-07-25,88.99
1941,2025-07-30,62.67
1941,2025-07-30,77.9
1941,2025-08-09,62.7
1941,2025-09-03,49.64
1941,2025-09-12,72.02
1941,2025-09-18,52.67
1941,2025-09-22,28.0
1941,2025-09-27,47.72
1941,2025-10-11,72.72
1941,2025-10-20,59.9
1941,2025-10-25,75.62
1941,2025-11-09,76.67
1941,2025-12-02,64.3
1941,2025-12-24,36.89
1941,2025-12-25,107.12
1942,2024-05-19,31.22
1943,2024-01-10,12.01
1943,2024-03-28,18.47
1944,2024-02-05,40.86
1944,2024-03-15,44.27
1944,2024-04-16,20.53
1944,2024-04-25,20.5
1944,2024-05-11,30.04
1944,2024-08-18,14.44
1944,2024-08-29,31.44
1944,2024-10-18,24.91
1944,2024-11-03,21.19
1944,2024-12-23,9.99
1944,2025-02-17,26.05
1944,2025-03-20,25.6
1944,2025-03-23,16.25
1944,2025-06-27,12.6
1944,2025-08-30,37.97
1944,2025-09-01,20.18
1944,2025-10-06,36.59
1945,2024-03-03,13.06
1945,2024-03-03,19.43
1945,2024-03-26,13.15
1945,2024-03-27,24.6
1945,2024-08-27,14.0
1945,2024-10-20,16.09
1945,2025-01-07,24.59
1946,2024-03-07,38.1
1947,2024-06-19,37.14
1947,2024-09-26,47.25
1947,2024-11-01,14.64
1947,2024-11-20,68.03
1947,2024-12-18,40.02
1947,2024-12-28,38.61
1947,2025-02-28,37.8
1947,2025-04-21,58.69
1947,2025-07-18,42.23
1947,2025-08-05,46.42
1947,2025-08-20,55.15
1948,2024-01-28,32.4
1948,2024-02-18,21.33
1948,2024-04-04,34.37
1948,2024-09-17,74.79
1948,2025-02-28,33.55
1948,2025-03-04,71.1
1948,2025-03-11,86.64
1948,2025-04-16,27.74
1948,2025-05-18,22.82
1948,2025-06-10,42.66
1948,2025-06-30,34.36
1948,2025-07-17,48.42
1948,2025-08-13,103.96
1948,2025-11-20,13.38
1948,2025-12-03,22.93
1948,2025-12-16,52.62
1948,2025-12-28,39.99
1949,2024-03-21,6.94
1949,2024-03-21,4.51
1949,2024-03-30,12.54
1950,2024-04-11,57.0
1951,2024-04-20,19.17
1951,2024-07-02,30.81
1951,2024-10-14,21.54
1951,2025-03-03,13.57
1951,2025-05-07,15.42
1952,2024-01-31,16.53
1952,2024-02-29,22.73
1952,2024-04-04,31.65
1953,2024-01-18,43.55
1953,2024-01-25,20.98
1954,2024-03-24,19.72
1955,2024-01-28,12.29
1956,2024-03-10,26.12
1957,2024-02-29,12.16
1958,2024-04-30,14.3
1958,2024-08-08,12.96
1958,2024-10-19,14.16
1958,2024-11-21,16.28
1958,2024-11-30,20.77
1958,2024-12-12,11.55
1958,2024-12-18,17.18
1958,2025-02-27,13.92
1958,2025-07-28,3.63
1958,2025-08-30,17.27
1959,2024-06-01,15.69
1959,2024-06-12,18.07
1960,2024-01-17,50.17
1961,2024-05-08,12.21
1962,2024-01-16,54.73
1963,2024-02-27,33.52
1964,2024-01-24,27.13
1964,2024-02-20,23.37
1964,2024-02-27,20.58
1964,2024-03-22,21.18
1964,2024-04-09,25.29
1964,2024-04-12,37.85
1964,2024-04-25,24.17
1964,2024-05-15,23.7
1964,2024-05-30,41.44
1964,2024-06-06,24.93
1964,2024-06-27,40.8
1964,2024-07-27,23.8
1964,2024-08-04,32.35
1964,2024-08-11,26.63
1964,2024-08-30,22.35
1964,2024-09-12,33.22
1964,2024-11-24,46.75
1964,2024-12-06,32.41
1964,2025-02-15,21.2
1964,2025-02-16,17.07
1964,2025-04-21,42.69
1964,2025-05-16,63.02
1964,2025-06-02,33.02
1964,2025-06-11,62.59
1964,2025-06-17,22.6
1964,2025-06-26,21.05
1964,2025-09-17,24.71
1964,2025-10-05,24.0
1964,2025-10-12,36.36
1964,2025-10-31,29.71
1964,2025-11-07,26.94
1964,2025-11-14,24.22
1965,2024-04-27,15.87
1965,2024-04-30,24.96
1965,2024-05-02,9.39
1966,2024-06-11,56.0
1967,2024-02-10,8.37
1968,2024-04-16,23.97
1968,2024-06-28,45.62
1968,2024-07-04,74.47
1968,2024-09-15,32.57
1968,2025-01-05,15.91
1968,2025-05-18,25.33
1968,2025-09-24,26.85
1968,2025-10-12,35.08
1968,2025-10-18,56.1
1969,2024-03-12,15.95
1969,2025-02-12,21.85
1969,2025-04-09,19.4
1970,2024-01-20,8.26
1970,2024-01-27,26.2
1970,2024-02-24,8.68
1970,2024-03-06,22.02
1970,2024-03-08,10.86
1971,2024-04-16,17.7
1971,2024-05-03,11.14
1971,2024-05-13,20.34
1972,2024-04-01,119.17
1972,2024-04-16,52.68
1972,2024-09-13,29.2
1972,2024-11-03,92.34
1972,2025-03-04,53.33
1972,2025-05-17,84.55
1973,2024-03-14,35.51
1974,2024-02-09,41.47
1974,2024-02-14,61.33
1974,2024-10-16,40.32
1974,2025-04-05,73.88
1974,2025-05-22,55.38
1975,2024-06-02,49.64
1976,2024-04-27,12.3
1976,2024-05-23,15.09
1976,2025-03-14,19.06
1976,2025-05-19,15.56
1977,2024-06-19,21.04
1977,2024-07-17,14.73
1977,2024-08-28,19.64
1977,2024-08-31,7.14
1977,2024-09-03,26.04
1977,2024-10-11,19.64
1977,2024-11-12,31.82
1977,2024-11-13,17.59
1977,2025-01-13,16.01
1977,2025-02-02,50.69
1977,2025-02-13,15.61
1977,2025-03-09,8.58
1977,2025-03-21,13.78
1977,2025-04-08,25.71
1977,2025-04-17,23.95
1977,2025-04-24,14.08
1977,2025-05-01,36.3
1977,2025-06-14,30.4
1977,2025-07-24,23.94
1977,2025-08-14,7.84
1977,2025-09-13,16.64
1977,2025-09-17,18.94
1977,2025-12-12,17.32
1977,2025-12-25,24.61
1978,2024-05-15,88.99
1978,2024-07-21,94.77
1978,2024-10-13,57.93
1979,2024-02-26,40.81
1979,2024-08-10,31.34
1979,2024-09-03,20.97
1979,2024-10-02,23.45
1980,2024-03-25,8.29
1981,2024-01-30,35.5
1982,2024-06-23,16.73
1982,2024-07-02,20.65
1982,2024-07-04,15.37
1982,2024-07-19,10.25
1982,2024-07-21,10.18
1983,2024-01-15,11.61
1983,2024-01-17,12.57
1984,2024-03-09,109.82
1984,2024-06-01,84.55
1984,2024-10-11,159.4
1984,2024-11-16,39.57
1984,2024-11-24,176.83
1984,2025-03-04,295.32
1984,2025-04-05,190.55
1984,2025-08-06,268.21
1984,2025-10-05,127.58
1984,2025-12-21,118.2
1984,2025-12-27,60.56
1985,2024-02-02,50.97
1985,2024-03-21,55.43
1985,2024-04-01,49.06
1985,2024-05-08,30.72
1985,2024-05-12,36.05
1986,2024-05-03,37.22
1986,2025-05-22,24.78
1986,2025-08-25,41.44
1986,2025-09-14,24.13
1986,2025-11-03,20.17
1987,2024-02-27,16.05
1988,2024-04-14,24.55
1989,2024-01-30,41.18
1989,2024-02-02,12.87
1990,2024-03-28,19.8
1990,2024-03-29,15.93
1990,2024-04-18,22.67
1991,2024-04-25,35.67
1991,2024-04-29,20.52
1992,2024-02-15,29.67
1992,2025-03-30,32.77
1992,2025-10-06,16.95
1992,2025-11-15,22.2
1993,2024-04-10,29.11
1993,2024-04-15,14.93
1993,2024-04-15,13.21
1993,2024-05-22,18.19
1993,2024-06-01,18.83
1993,2024-06-03,26.73
1993,2024-06-22,26.03
1993,2024-06-30,23.86
1993,2024-06-30,19.77
1993,2024-07-15,22.79
1993,2024-07-29,30.52
1993,2024-09-15,21.09
1993,2024-09-18,12.6
1993,2024-09-25,15.93
1993,2024-09-26,17.76
1993,2024-09-26,36.57
1993,2024-09-27,34.37
1993,2024-10-29,23.84
1993,2024-11-26,24.2
1993,2024-12-09,33.45
1993,2024-12-09,19.46
1993,2024-12-12,22.72
1993,2024-12-14,17.33
1993,2025-01-01,22.38
1993,2025-01-01,17.91
1993,2025-01-11,30.22
1993,2025-01-13,14.49
1993,2025-01-25,36.35
1993,2025-02-03,25.64
1993,2025-02-06,38.97
1993,2025-04-01,10.55
1993,2025-04-19,44.13
1993,2025-06-01,16.13
1993,2025-06-01,42.07
1993,2025-06-05,15.97
1993,2025-06-11,26.14
1993,2025-06-12,37.24
1994,2024-02-17,76.57
1995,2024-03-25,27.75
1995,2024-04-09,22.16
1995,2024-05-14,19.74
1995,2024-06-04,44.54
1995,2024-06-23,29.73
1995,2024-07-22,25.09
1995,2024-08-22,15.74
1995,2024-11-09,22.85
1995,2025-01-20,33.45
1995,2025-02-16,27.99
1995,2025-03-13,18.59
1995,2025-05-03,42.14
1995,2025-08-01,32.91
1995,2025-08-13,28.54
1995,2025-09-08,27.67
1995,2025-10-04,35.36
1995,2025-11-18,35.69
1995,2025-12-05,49.65
1996,2024-06-01,13.63
1996,2024-09-20,28.4
1996,2025-01-30,14.69
1996,2025-06-30,12.91
1997,2024-05-11,50.21
1998,2024-01-01,4.94
1999,2024-06-16,35.12
1999,2024-10-10,17.42
1999,2024-10-12,23.4
1999,2025-07-11,33.33
2000,2024-01-09,23.24
2000,2024-01-14,18.76
2001,2024-04-28,31.51
2002,2024-04-13,22.78
2003,2024-03-22,7.69
2004,2024-06-17,48.46
2004,2024-07-24,71.26
2004,2024-08-15,94.39
2004,2024-08-31,64.38
2004,2024-10-31,89.64
2004,2024-11-25,91.77
2005,2024-02-14,12.32
2005,2024-02-17,28.94
2006,2024-05-17,39.37
2006,2024-05-28,36.51
2006,2024-05-30,34.88
2006,2024-10-24,38.53
2006,2024-11-10,15.65
2006,2024-12-01,36.28
2006,2025-01-04,19.75
2006,2025-01-24,21.9
2006,2025-02-07,33.74
2006,2025-05-30,50.21
2006,2025-06-19,36.85
2006,2025-07-24,13.79
2006,2025-07-30,33.95
2006,2025-09-03,32.46
2006,2025-09-07,21.54
2006,2025-09-12,19.46
2006,2025-10-03,41.58
2006,2025-10-06,29.55
2006,2025-11-01,61.56
2007,2024-05-07,49.33
2008,2024-03-31,21.23
2009,2024-05-18,11.59
2009,2024-07-18,11.04
2009,2024-08-16,11.41
2009,2024-10-11,13.58
2010,2024-05-27,21.8
2010,2024-09-09,24.14
2011,2024-06-25,14.41
2011,2024-06-29,17.51
2011,2024-08-21,14.2
2011,2024-09-05,14.78
2011,2024-11-24,16.16
2011,2025-01-08,14.09
2011,2025-01-15,13.68
2011,2025-02-27,12.03
2011,2025-04-04,27.28
2011,2025-04-06,7.13
2011,2025-06-05,12.91
2011,2025-06-10,12.08
2012,2024-02-28,4.74
2013,2024-03-30,42.27
2014,2024-06-24,59.6
2014,2024-07-01,58.19
2014,2024-07-02,25.54
2014,2024-07-09,40.29
2014,2024-07-16,46.6
2014,2024-07-22,44.65
2014,2024-08-11,30.42
2014,2024-08-27,26.62
2014,2024-08-29,17.1
2014,2024-10-17,40.99
2014,2024-11-25,36.95
2014,2024-11-26,49.67
2014,2024-12-01,22.41
2014,2024-12-05,73.91
2014,2024-12-10,32.46
2014,2024-12-18,66.51
2014,2025-03-08,28.76
2014,2025-03-24,19.34
2014,2025-03-30,55.81
2014,2025-04-04,34.91
2014,2025-04-07,22.41
2014,2025-04-27,42.7
2014,2025-04-28,35.92
2014,2025-05-16,57.65
2014,2025-07-06,29.85
2014,2025-07-15,46.75
2014,2025-07-26,23.69
2014,2025-09-04,28.35
2014,2025-09-10,48.23
2014,2025-10-08,49.95
2014,2025-12-20,41.46
2015,2024-02-25,8.21
2015,2024-03-15,21.52
2015,2024-04-08,13.07
2015,2024-06-07,17.15
2015,2024-10-18,14.23
2015,2024-12-10,12.57
2015,2024-12-23,16.7
2015,2025-03-20,17.77
2015,2025-04-24,20.63
2015,2025-05-07,28.95
2016,2024-04-06,25.15
2016,2024-10-21,18.48
2017,2024-05-18,52.73
2017,2025-03-16,71.12
2017,2025-08-25,49.6
2017,2025-12-16,51.13
2018,2024-05-30,13.42
2018,2024-06-10,13.51
2018,2024-06-24,7.66
2018,2024-12-07,31.94
2018,2025-01-05,24.23
2018,2025-01-27,11.41
2018,2025-01-27,23.38
2018,2025-02-04,39.93
2018,2025-04-10,41.96
2018,2025-04-13,18.35
2018,2025-05-08,16.17
2018,2025-06-11,22.44
2018,2025-08-04,18.93
2018,2025-08-17,11.66
2018,2025-09-25,20.44
2018,2025-11-06,10.32
2018,2025-11-25,14.83
2019,2024-06-03,11.52
2019,2024-08-30,9.12
2019,2024-11-13,5.87
2019,2024-11-20,12.98
2019,2025-02-10,5.42
2019,2025-04-07,10.18
2020,2024-02-29,39.43
2021,2024-06-26,14.91
2021,2024-07-04,15.6
2022,2024-01-17,43.82
2022,2024-01-20,164.39
2022,2024-06-17,124.11
2023,2024-01-11,22.32
2024,2024-04-07,14.16
2024,2025-11-10,37.9
2025,2024-02-14,21.14
2025,2024-04-14,37.33
2025,2025-01-28,25.28
2025,2025-08-07,26.13
2025,2025-09-17,19.12
2025,2025-10-27,20.7
2026,2024-03-19,38.49
2026,2024-05-06,34.62
2026,2024-05-24,21.13
2026,2024-08-29,33.63
2027,2024-01-21,55.21
2027,2024-02-25,37.4
2027,2024-04-19,44.14
2027,2024-04-30,51.85
2027,2024-06-26,45.45
2027,2024-09-16,64.62
2028,2024-03-15,43.93
2029,2024-05-09,18.24
2030,2024-06-08,26.72
2031,2024-04-28,9.26
2031,2024-05-21,11.53
2031,2024-06-06,10.01
2031,2024-07-26,18.87
2031,2024-08-18,25.28
2031,2024-08-26,10.13
2031,2024-10-02,33.33
2031,2024-11-15,21.54
2031,2025-01-17,13.23
2031,2025-02-07,4.61
2032,2024-02-04,29.86
2032,2024-02-12,65.77
2032,2024-03-15,28.78
2032,2024-05-19,35.85
2032,2024-06-14,35.4
2032,2024-11-10,50.44
2033,2024-02-29,38.63
2034,2024-05-25,28.26
2034,2024-06-01,16.73
2035,2024-01-04,41.12
2035,2024-06-11,14.07
2036,2024-02-12,14.79
2036,2024-02-16,8.25
2036,2024-02-17,23.44
2036,2024-02-22,28.52
2037,2024-01-06,13.95
2038,2024-02-01,33.92
2038,2024-02-13,34.83
2038,2024-03-11,71.35
2038,2024-04-17,24.22
2038,2024-04-26,56.61
2039,2024-01-01,17.65
2039,2024-02-07,26.05
2039,2024-05-12,20.28
2039,2024-08-16,18.34
2040,2024-04-03,232.45
2040,2024-04-08,107.04
2040,2024-04-08,187.0
2041,2024-04-26,33.07
2041,2024-08-22,47.31
2041,2024-09-13,29.58
2042,2024-04-25,12.31
2042,2024-05-09,8.11
2043,2024-03-19,9.24
2044,2024-05-12,17.95
2045,2024-01-25,18.02
2046,2024-06-17,27.91
2046,2024-08-18,14.08
2046,2024-10-06,38.52
2046,2024-10-28,59.96
2046,2024-11-22,38.93
2046,2024-11-27,36.64
2046,2024-12-24,27.77
2046,2025-01-30,11.16
2046,2025-02-05,20.5
2046,2025-03-21,19.79
2046,2025-04-24,35.47
2046,2025-05-11,39.83
2046,2025-05-23,26.18
2046,2025-06-19,20.29
2046,2025-08-06,42.08
2046,2025-08-13,66.81
2046,2025-08-23,23.18
2046,2025-09-09,28.09
2046,2025-10-23,16.48
2046,2025-12-07,26.41
2047,2024-02-28,23.89
2047,2024-03-07,12.42
2047,2024-03-09,19.25
2048,2024-02-03,33.2
2049,2024-02-14,18.69
2049,2024-02-14,43.05
2049,2024-03-12,34.54
2049,2024-04-17,13.52
2049,2024-06-20,15.59
2049,2024-06-26,17.93
2049,2024-07-31,10.87
2049,2024-09-07,21.26
2049,2024-10-18,20.97
2049,2024-10-23,11.7
2049,2025-01-18,14.93
2049,2025-03-10,19.37
2049,2025-03-28,19.32
2049,2025-03-28,35.48
2049,2025-06-28,6.93
2049,2025-07-11,46.09
2049,2025-08-31,20.0
2049,2025-09-14,15.36
2049,2025-10-12,38.62
2049,2025-10-15,23.37
2049,2025-12-27,45.17
2050,2024-02-02,4.75
2050,2024-02-03,13.37
2050,2024-02-04,7.19
2051,2024-05-05,55.16
2051,2024-05-07,20.68
2051,2024-05-18,23.4
2051,2024-05-25,30.39
2051,2024-05-29,18.31
2052,2024-05-07,20.97
2052,2024-06-16,29.21
2052,2024-07-12,31.1
2053,2024-01-26,15.25
2053,2024-02-28,16.3
2053,2025-04-04,24.5
2054,2024-03-27,75.38
2054,2024-04-08,15.8
2054,2024-04-17,57.12
2054,2024-05-24,33.27
2054,2024-08-24,42.75
2054,2025-02-28,88.26
2054,2025-05-31,33.69
2054,2025-06-26,55.25
2055,2024-03-22,33.66
2056,2024-01-14,11.45
2056,2024-04-03,14.79
2057,2024-05-05,23.51
2057,2024-07-09,12.63
2057,2024-12-24,5.99
2057,2025-03-14,6.96
2057,2025-08-08,11.58
2057,2025-09-27,13.78
2057,2025-09-28,5.5
2057,2025-10-24,27.42
2057,2025-11-04,24.55
2057,2025-12-14,8.68
2057,2025-12-25,19.58
2058,2024-05-15,16.19
2058,2024-05-25,7.35
2058,2024-06-27,11.12
2058,2024-07-07,14.66
2059,2024-01-06,39.17
2059,2024-02-02,12.62
2060,2024-04-21,172.68
2060,2024-06-14,135.15
2060,2024-12-30,181.57
2061,2024-05-20,51.99
2061,2024-06-16,21.17
2061,2024-06-19,46.48
2061,2025-06-08,45.92
2062,2024-02-17,24.05
2063,2024-06-10,41.41
2064,2024-05-31,9.87
2065,2024-03-16,37.86
2065,2024-03-27,36.22
2065,2024-04-07,37.81
2065,2024-06-11,28.17
2065,2024-06-16,23.04
2065,2024-06-22,73.11
2065,2024-08-29,18.94
2065,2024-12-12,45.32
2065,2024-12-30,65.84
2065,2025-01-06,47.01
2065,2025-01-18,35.94
2065,2025-02-10,74.94
2065,2025-02-18,47.51
2065,2025-03-09,34.87
2065,2025-03-10,36.01
2065,2025-03-28,27.6
2065,2025-05-16,28.42
2065,2025-07-26,52.41
2065,2025-08-01,18.57
2065,2025-08-02,29.53
2065,2025-09-19,25.09
2065,2025-10-14,37.56
2065,2025-10-28,34.61
2065,2025-11-02,52.73
2065,2025-12-11,25.93
2066,2024-01-26,17.4
2067,2024-02-04,55.06
2068,2024-01-18,74.66
2068,2024-02-12,72.45
2068,2024-03-20,30.34
2068,2024-05-30,41.7
2068,2024-06-22,37.09
2068,2025-01-01,28.71
2068,2025-04-08,13.53
2068,2025-06-08,11.74
2068,2025-08-05,9.33
2068,2025-08-27,36.07
2068,2025-10-01,36.76
2068,2025-12-09,35.45
2069,2024-06-26,23.0
2069,2025-08-22,14.1
2070,2024-04-30,71.99
2070,2024-05-12,32.45
2070,2024-06-02,55.54
2070,2024-06-17,12.73
2070,2024-06-19,83.87
2070,2024-06-30,66.19
2070,2024-07-27,44.41
2070,2024-08-28,64.51
2070,2024-12-03,106.4
2070,2024-12-06,13.92
2070,2025-02-07,97.72
2070,2025-03-01,93.68
2070,2025-03-05,59.92
2071,2024-03-22,8.71
2071,2024-04-16,19.03
2071,2024-04-27,9.01
2072,2024-01-25,57.81
2072,2024-03-09,30.32
2072,2024-04-04,13.6
2072,2024-04-22,44.5
2072,2024-06-12,38.7
2072,2025-04-04,29.1
2073,2024-02-05,15.92
2073,2024-10-09,23.68
2073,2024-11-17,11.99
2073,2025-09-13,20.34
2073,2025-10-22,13.4
2074,2024-04-30,17.05
2074,2024-05-01,14.09
2074,2024-05-15,22.73
2074,2024-06-01,26.15
2074,2024-06-06,19.14
2074,2024-06-10,16.86
2074,2024-06-18,19.23
2074,2024-07-06,11.64
2074,2024-07-30,12.8
2074,2024-08-01,20.9
2074,2024-08-02,11.33
2074,2024-08-05,10.98
2074,2024-08-12,12.02
2074,2024-09-05,15.5
2074,2024-10-09,3.99
2074,2024-10-12,10.73
2074,2024-10-13,14.33
2074,2024-10-15,3.99
2074,2024-11-03,13.71
2074,2024-11-03,11.63
2074,2024-11-22,19.49
2074,2024-11-29,11.14
2074,2024-11-30,4.91
2074,2024-12-05,12.28
2074,2024-12-12,22.66
2074,2025-01-14,9.73
2074,2025-01-18,13.04
2074,2025-02-13,13.19
2074,2025-03-13,9.01
2074,2025-04-05,5.04
2074,2025-04-06,16.2
2074,2025-04-08,11.71
2074,2025-04-16,23.85
2074,2025-04-18,15.76
2074,2025-05-04,8.17
2074,2025-05-19,8.55
2074,2025-05-31,8.22
2074,2025-06-07,14.71
2074,2025-06-07,20.4
2074,2025-06-11,39.41
2074,2025-07-13,18.26
2074,2025-07-14,17.89
2074,2025-08-06,15.16
2074,2025-08-16,8.35
2074,2025-08-18,12.8
2074,2025-08-24,23.56
2074,2025-09-03,20.95
2074,2025-09-09,23.28
2074,2025-09-13,11.37
2074,2025-09-16,12.33
2074,2025-09-29,7.56
2074,2025-10-05,13.21
2074,2025-10-13,19.01
2075,2024-04-10,12.29
2075,2024-04-11,15.22
2076,2024-01-07,13.5
2076,2024-01-29,8.56
2076,2024-02-17,10.35
2076,2024-03-09,15.39
2076,2024-03-16,12.48
2076,2024-04-16,17.43
2076,2024-04-17,16.27
2076,2024-05-16,14.43
2076,2024-07-12,18.6
2076,2024-07-24,20.1
2076,2024-10-05,9.78
2076,2024-10-06,11.8
2076,2025-01-02,18.88
2076,2025-01-11,15.69
2076,2025-04-21,22.43
2076,2025-04-30,16.64
2076,2025-07-15,32.98
2076,2025-09-04,24.68
2076,2025-09-06,12.17
2076,2025-11-24,19.53
2077,2024-01-31,31.97
2077,2024-07-01,39.94
2077,2024-11-26,20.03
2078,2024-02-03,46.11
2078,2024-03-05,53.99
2078,2024-04-21,27.37
2078,2024-05-11,55.08
2078,2024-05-13,102.34
2079,2024-05-09,33.96
2079,2024-06-30,19.02
2079,2024-07-17,27.01
2079,2024-08-11,15.25
2079,2024-08-12,25.58
2079,2024-08-13,21.08
2079,2024-08-20,22.84
2079,2024-09-24,26.83
2079,2024-09-30,32.84
2079,2024-10-28,32.89
2079,2024-11-16,13.26
2080,2024-05-08,75.35
2081,2024-04-25,18.98
2081,2024-05-10,14.64
2081,2024-05-27,36.69
2082,2024-04-26,22.62
2082,2024-05-11,6.82
2082,2024-05-15,22.23
2082,2024-05-17,12.71
2082,2024-05-19,16.23
2082,2024-05-21,20.85
2082,2024-06-06,16.48
2082,2024-06-19,22.6
2082,2024-06-27,15.66
2082,2024-07-14,20.37
2082,2024-07-16,26.39
2082,2024-07-30,49.17
2082,2024-08-11,11.85
2082,2024-08-19,23.51
2082,2024-08-24,25.27
2082,2024-09-07,10.31
2082,2024-09-17,23.57
2082,2024-10-08,11.63
2082,2024-10-22,18.99
2082,2024-11-25,15.83
2082,2024-11-26,30.2
2082,2024-11-28,25.03
2082,2024-12-19,31.15
2082,2024-12-26,13.79
2082,2025-01-02,13.02
2082,2025-01-08,17.82
2082,2025-01-11,19.27
2082,2025-01-28,19.19
2082,2025-01-30,16.62
2082,2025-02-08,46.64
2082,2025-02-10,15.87
2082,2025-02-15,14.98
2082,2025-02-25,21.35
2082,2025-03-08,13.11
2082,2025-03-21,17.31
2082,2025-03-24,19.68
2082,2025-03-31,23.48
2082,2025-04-01,23.64
2082,2025-04-05,23.26
2082,2025-04-06,14.85
2082,2025-04-07,13.23
2082,2025-04-07,15.31
2082,2025-04-09,12.59
2082,2025-04-21,18.49
2082,2025-04-30,39.59
2082,2025-05-08,38.39
2082,2025-06-07,19.14
2082,2025-06-14,14.4
2082,2025-07-11,20.01
2082,2025-07-18,13.78
2082,2025-07-21,18.47
2082,2025-07-23,20.06
2082,2025-08-03,27.87
2082,2025-08-20,23.9
2082,2025-08-28,20.86
2082,2025-09-11,16.35
2082,2025-09-26,24.42
2082,2025-09-30,12.25
2082,2025-10-06,17.17
2082,2025-10-07,19.03
2082,2025-10-11,43.84
2082,2025-10-13,23.23
2082,2025-10-19,38.67
2082,2025-11-04,10.96
2082,2025-11-09,16.85
2082,2025-11-14,21.32
2082,2025-12-08,16.44
2082,2025-12-15,18.19
2083,2024-04-12,54.0
2083,2024-08-24,40.27
2084,2024-05-31,26.0
2085,2024-03-29,35.71
2085,2024-08-01,26.51
2085,2024-09-10,13.57
2085,2024-11-02,73.26
2086,2024-01-04,10.53
2087,2024-03-10,23.63
2087,2024-04-14,15.08
2087,2024-06-21,22.16
2087,2024-08-09,25.67
2088,2024-04-09,18.38
2088,2025-02-08,63.43
2088,2025-03-30,33.92
2088,2025-06-05,44.95
2089,2024-03-17,34.03
2089,2024-05-08,11.51
2089,2024-08-23,13.74
2089,2024-09-16,24.6
2089,2024-12-22,23.53
2089,2025-03-05,14.2
2089,2025-03-25,53.71
2090,2024-02-06,46.27
2090,2024-02-21,23.74
2090,2024-02-25,25.72
2090,2024-03-07,31.24
2090,2024-05-25,24.86
2090,2024-07-15,29.99
2090,2024-08-07,40.39
2090,2024-08-15,28.34
2091,2024-01-10,9.77
2092,2024-05-08,28.03
2092,2024-06-07,13.85
2092,2024-10-10,35.02
2093,2024-06-24,12.71
2093,2024-07-26,39.88
2093,2024-10-03,34.31
2093,2024-12-03,21.92
2093,2025-01-09,25.02
2093,2025-01-12,35.89
2093,2025-02-18,23.18
2094,2024-06-25,5.63
2095,2024-01-22,14.36
2095,2024-02-02,17.04
2095,2024-02-14,48.63
2095,2024-05-19,9.88
2095,2024-06-09,21.15
2095,2024-06-22,18.88
2095,2024-07-06,8.23
2095,2024-07-24,49.03
2095,2024-07-28,59.59
2095,2024-08-04,29.42
2095,2024-08-06,24.44
2095,2024-09-24,18.73
2095,2024-10-08,17.27
2095,2024-10-27,23.09
2095,2024-10-30,19.82
2095,2024-11-12,63.39
2095,2024-11-20,22.28
2095,2024-12-04,18.92
2095,2025-02-02,28.08
2095,2025-03-02,24.63
2095,2025-03-21,35.42
2095,2025-04-15,10.81
2095,2025-05-27,23.58
2095,2025-06-09,35.52
2095,2025-06-26,44.52
2095,2025-07-22,33.81
2095,2025-08-11,17.08
2095,2025-09-02,38.65
2095,2025-09-03,27.89
2095,2025-09-30,47.1
2095,2025-10-02,24.21
2096,2024-01-24,12.36
2096,2024-02-23,10.32
2096,2024-04-10,45.32
2096,2024-04-29,25.98
2096,2024-04-30,39.24
2096,2024-05-04,43.92
2096,2024-06-11,6.1
2096,2024-07-17,17.84
2096,2024-08-04,29.36
2096,2024-09-22,36.22
2096,2025-01-09,31.06
2096,2025-02-01,26.37
2096,2025-04-27,6.33
2096,2025-05-30,12.86
2096,2025-06-12,13.01
2096,2025-11-13,24.58
2096,2025-12-28,15.61
2097,2024-06-17,12.69
2097,2024-06-28,11.11
2097,2024-08-27,7.04
2097,2024-10-13,17.37
2097,2024-10-29,6.44
2097,2024-11-05,27.43
2097,2024-11-07,10.54
2097,2024-11-15,18.63
2097,2024-12-26,21.59
2097,2024-12-26,19.38
2097,2025-01-24,15.23
2097,2025-02-19,8.77
2097,2025-02-22,19.9
2097,2025-03-13,10.55
2097,2025-03-19,12.97
2098,2024-01-16,55.88
2098,2024-04-24,23.89
2098,2024-05-06,70.91
2098,2024-05-13,23.72
2098,2024-10-23,23.54
2098,2024-10-24,36.98
2098,2024-11-02,20.99
2098,2025-01-01,45.24
2099,2024-01-14,9.48
2100,2024-05-26,48.31
2100,2024-07-28,57.95
2101,2024-02-17,22.57
2101,2024-02-19,12.56
2101,2024-02-19,18.5
2101,2024-03-06,5.35
2102,2024-01-27,14.4
2102,2024-01-27,26.88
2103,2024-02-08,116.56
2104,2024-02-06,49.39
2105,2024-03-09,25.75
2105,2024-11-15,18.89
2105,2025-01-18,31.28
2105,2025-10-22,13.36
2106,2024-04-09,44.14
2107,2024-04-17,29.54
2108,2024-06-07,39.78
2109,2024-06-18,12.62
2109,2024-06-20,15.01
2109,2024-06-29,15.92
2109,2024-07-06,22.73
2109,2024-07-23,22.71
2109,2024-08-13,17.45
2109,2024-08-29,11.25
2110,2024-04-24,9.83
2111,2024-05-14,32.15
2111,2024-05-18,27.44
2111,2024-06-04,15.46
2111,2024-06-06,31.86
2111,2024-06-17,28.81
2111,2024-06-19,15.8
2111,2024-08-11,16.65
2111,2024-08-26,32.99
2111,2024-09-16,19.83
2111,2024-09-16,20.73
2111,2024-09-17,19.39
2111,2024-10-05,22.36
2111,2024-10-11,17.68
2111,2024-10-16,50.85
2111,2024-10-29,59.2
2111,2024-11-12,10.33
2111,2024-11-27,36.72
2111,2024-11-28,25.29
2111,2024-12-11,24.39
2111,2024-12-30,23.86
2111,2025-01-09,31.42
2111,2025-01-10,26.66
2111,2025-02-14,9.99
2111,2025-02-15,25.97
2111,2025-02-26,10.88
2111,2025-03-20,29.85
2111,2025-04-12,14.63
2111,2025-04-28,9.28
2111,2025-05-07,26.39
2111,2025-05-12,30.31
2111,2025-05-20,23.25
2111,2025-05-22,33.69
2111,2025-06-12,36.13
2111,2025-07-09,11.55
2111,2025-07-23,34.2
2111,2025-07-26,40.86
2111,2025-08-06,19.68
2111,2025-08-15,34.62
2111,2025-09-27,25.6
2111,2025-10-02,20.3
2111,2025-10-21,27.76
2111,2025-10-24,23.88
2111,2025-10-28,10.26
2111,2025-11-15,44.19
2111,2025-12-11,31.88
2112,2024-06-26,31.12
2112,2024-08-01,9.26
2112,2024-08-20,19.27
2112,2024-10-03,13.17
2112,2024-11-28,18.05
2112,2024-12-11,7.57
2112,2025-01-10,13.16
2112,2025-04-05,37.33
2112,2025-06-28,16.36
2112,2025-09-03,12.16
2113,2024-06-17,47.01
2113,2024-06-27,48.32
2113,2024-07-26,110.19
2113,2024-11-15,76.62
2113,2025-02-27,123.83
2114,2024-03-14,87.78
2115,2024-01-28,44.61
2116,2024-04-25,10.59
2116,2024-05-26,16.88
2116,2024-05-29,23.64
2116,2024-06-02,8.26
2116,2024-07-27,39.18
2116,2024-08-28,22.71
2116,2024-09-17,17.64
2116,2024-10-04,7.59
2116,2024-10-18,21.98
2116,2024-10-22,14.15
2117,2024-05-28,51.25
2117,2024-05-31,48.49
2118,2024-06-16,80.38
2118,2024-06-29,130.93
2118,2024-08-09,69.06
2118,2024-08-27,36.42
2118,2024-09-25,62.65
2118,2024-09-27,70.89
2118,2025-01-22,52.85
2118,2025-02-28,131.66
2118,2025-04-06,97.94
2118,2025-07-18,69.74
2118,2025-08-22,48.19
2118,2025-08-22,57.41
2118,2025-09-17,94.39
2118,2025-09-28,39.01
2118,2025-10-18,84.84
2118,2025-10-21,52.96
2119,2024-03-17,42.21
2120,2024-02-18,18.39
2120,2024-03-21,11.44
2120,2024-03-27,21.23
2120,2024-12-13,23.01
2121,2024-05-02,30.09
2122,2024-03-23,16.98
2122,2024-04-09,14.81
2122,2024-05-04,8.52
2122,2024-06-08,9.92
2122,2024-06-09,19.68
2122,2024-07-06,6.63
2122,2024-08-09,8.14
2122,2024-09-01,11.87
2122,2024-09-19,7.99
2123,2024-01-13,15.97
2124,2024-05-02,53.18
2124,2024-11-18,12.02
2124,2025-12-13,49.69
2125,2024-03-14,30.14
2125,2024-04-10,26.36
2125,2024-05-20,57.6
2125,2024-05-28,28.74
2125,2024-06-29,14.01
2125,2024-07-26,30.25
2125,2024-10-04,29.1
2125,2025-04-30,17.58
2125,2025-06-16,30.23
2125,2025-06-18,29.12
2125,2025-06-22,42.37
2125,2025-08-09,50.48
2125,2025-11-23,60.1
2125,2025-12-16,40.79
2126,2024-03-08,30.96
2126,2024-03-28,39.4
2126,2024-04-07,22.18
2126,2024-04-19,28.64
2126,2024-05-21,17.7
2126,2024-06-11,28.17
2127,2024-01-23,140.81
2128,2024-06-09,48.77
2128,2024-06-11,31.8
2128,2024-06-14,31.68
2128,2024-09-23,30.48
2128,2024-11-10,58.05
2128,2025-01-11,46.27
2128,2025-02-03,32.05
2128,2025-06-29,28.26
2128,2025-10-05,26.35
2128,2025-11-16,30.01
2128,2025-11-24,29.11
2128,2025-12-03,39.86
2129,2024-03-07,104.56
2129,2024-04-06,140.17
2129,2024-04-24,76.73
2129,2024-05-03,42.85
2129,2024-05-23,60.13
2129,2024-06-22,49.18
2129,2024-07-12,72.19
2129,2024-08-23,80.32
2129,2024-08-28,44.9
2129,2024-09-16,78.6
2129,2024-09-25,74.95
2129,2024-09-26,52.89
2129,2024-10-04,89.57
2129,2024-10-13,50.7
2129,2024-11-15,95.38
2129,2024-11-27,80.24
2129,2024-12-18,83.06
2129,2025-01-04,48.99
2129,2025-01-18,72.4
2129,2025-02-04,66.91
2129,2025-02-19,97.77
2129,2025-03-04,36.86
2129,2025-03-05,51.8
2129,2025-03-18,68.01
2129,2025-03-22,49.39
2129,2025-04-09,96.66
2129,2025-04-12,76.84
2129,2025-05-01,38.27
2129,2025-05-23,69.81
2129,2025-07-21,57.12
2129,2025-08-14,106.88
2129,2025-10-18,41.9
2129,2025-11-26,52.67
2129,2025-11-29,41.57
2129,2025-12-01,84.58
2130,2024-05-09,43.28
2131,2024-05-30,35.39
2131,2024-06-12,78.72
2131,2024-06-12,71.26
2131,2024-07-27,37.82
2132,2024-04-03,13.87
2132,2024-04-22,18.03
2132,2024-05-09,25.11
2132,2024-07-27,43.63
2132,2024-08-18,7.77
2132,2024-10-03,22.55
2133,2024-02-20,29.79
2133,2024-05-13,28.71
2133,2024-05-20,12.64
2133,2024-07-17,31.48
2133,2024-10-04,34.14
2133,2024-10-30,8.5
2133,2024-11-14,40.41
2133,2024-11-27,20.96
2133,2025-03-24,42.44
2133,2025-06-30,48.92
2133,2025-07-08,17.04
2133,2025-08-15,19.53
2133,2025-08-22,48.54
2133,2025-09-12,26.4
2133,2025-10-17,77.0
2133,2025-11-26,32.39
2134,2024-01-08,36.6
2134,2024-01-10,17.63
2134,2024-02-17,42.5
2134,2024-03-16,36.37
2134,2024-04-03,22.56
2134,2024-04-12,35.17
2134,2024-04-29,19.63
2134,2024-06-12,32.76
2135,2024-05-16,22.99
2135,2024-06-17,20.72
2135,2024-09-21,40.32
2136,2024-06-13,18.51
2136,2024-08-09,14.85
2136,2024-08-27,11.65
2137,2024-02-12,16.94
2137,2024-04-24,4.21
2137,2024-05-22,16.15
2138,2024-04-21,21.94
2138,2024-07-24,12.94
2138,2024-12-05,22.94
2138,2024-12-24,24.56
2138,2024-12-30,20.01
2138,2025-01-29,23.94
2138,2025-03-08,24.39
2138,2025-04-19,20.28
2138,2025-07-16,21.58
2138,2025-09-19,20.3
2138,2025-10-28,25.41
2138,2025-11-22,34.38
2138,2025-12-17,16.1
2139,2024-02-27,11.41
2140,2024-05-07,8.03
2140,2024-06-07,14.92
2140,2024-07-29,33.57
2140,2024-08-05,13.11
2140,2024-12-01,28.86
2140,2025-01-25,27.04
2140,2025-02-18,30.29
2140,2025-03-14,24.59
2141,2024-03-18,91.8
2141,2024-11-30,91.83
2141,2025-01-08,62.56
2141,2025-03-15,43.99
2141,2025-09-25,90.13
2142,2024-03-06,15.58
2143,2024-01-04,10.44
2143,2024-01-23,22.2
2143,2024-01-28,7.19
2144,2024-05-29,33.87
2144,2024-11-08,13.43
2144,2025-11-10,58.54
2145,2024-02-27,30.64
2145,2024-02-28,50.75
2145,2024-03-20,24.39
2145,2024-03-20,22.7
2145,2024-05-16,14.43
2145,2024-05-27,35.79
2145,2024-06-15,22.83
2145,2024-06-16,23.84
2145,2024-08-09,31.58
2146,2024-01-02,27.17
2147,2024-05-13,20.79
2148,2024-01-23,26.69
2148,2024-03-30,11.15
2149,2024-03-15,11.85
2150,2024-05-07,86.3
2151,2024-04-30,22.34
2151,2024-06-17,14.34
2151,2024-06-22,16.92
2151,2024-07-06,19.4
2151,2024-07-30,13.14
2151,2024-07-31,30.23
2151,2024-08-13,10.35
2151,2024-09-18,12.05
2151,2024-12-12,13.56
2151,2025-02-16,10.79
2151,2025-02-26,20.31
2151,2025-02-28,22.61
2151,2025-03-10,18.06
2151,2025-04-15,22.7
2151,2025-05-22,20.51
2151,2025-07-02,24.35
2151,2025-08-21,17.77
2151,2025-10-02,16.21
2152,2024-03-19,32.13
2152,2024-03-19,77.26
2152,2024-03-20,79.46
2152,2024-04-26,64.64
2153,2024-02-23,105.49
2153,2024-03-05,118.48
2153,2024-06-04,187.71
2153,2024-06-14,72.66
2153,2024-07-06,127.95
2153,2024-08-04,73.7
2153,2024-11-18,103.43
2153,2024-12-17,82.46
2153,2025-02-14,172.56
2153,2025-02-25,88.0
2153,2025-03-04,115.87
2153,2025-04-14,79.45
2153,2025-08-29,77.42
2153,2025-09-25,74.2
2154,2024-06-23,57.33
2154,2024-07-22,21.51
2154,2024-07-24,59.68
2155,2024-01-14,18.16
2155,2024-01-23,19.85
2155,2024-01-24,37.68
2155,2024-02-06,57.38
2155,2024-02-17,26.86
2155,2024-03-28,37.87
2155,2024-06-03,20.73
2155,2024-07-04,45.93
2155,2024-08-05,22.24
2155,2024-09-29,62.25
2155,2024-12-23,59.38
2155,2024-12-27,26.22
2155,2025-01-30,32.19
2155,2025-04-14,27.35
2156,2024-02-13,10.51
2156,2024-03-06,16.72
2156,2024-03-07,11.46
2156,2024-03-12,15.35
2156,2024-04-10,7.43
2156,2024-05-27,9.54
2156,2024-06-09,18.96
2157,2024-03-19,17.09
2158,2024-04-11,42.93
2159,2024-01-22,20.18
2159,2024-02-04,12.74
2159,2024-03-13,20.47
2159,2024-03-18,7.53
2159,2024-04-16,9.21
2160,2024-01-10,40.69
2161,2024-04-08,11.71
2162,2024-05-05,12.37
2163,2024-04-25,35.96
2164,2024-03-12,34.03
2164,2024-04-14,79.36
2164,2024-04-29,30.41
2164,2024-05-14,50.9
2164,2024-08-12,33.79
2165,2024-04-01,29.74
2165,2024-07-24,37.16
2165,2024-09-26,85.93
2165,2024-10-16,22.38
2165,2024-12-12,30.69
2165,2024-12-21,45.62
2165,2025-03-30,21.9
2165,2025-06-05,36.63
2165,2025-07-29,57.6
2165,2025-09-08,33.52
2166,2024-01-20,10.37
2167,2024-05-15,24.17
2168,2024-01-06,75.65
2169,2024-05-04,34.42
2169,2025-04-07,63.88
2170,2024-03-24,16.64
2170,2024-08-27,27.91
2170,2024-09-07,27.18
2170,2025-02-15,14.19
2170,2025-02-28,28.45
2170,2025-10-05,27.84
2171,2024-01-18,26.59
2171,2024-02-02,21.48
2171,2024-03-02,14.34
2171,2024-03-13,11.91
2171,2024-03-17,31.18
2171,2024-04-09,39.51
2171,2024-04-14,23.34
2172,2024-02-10,19.73
2172,2024-04-22,26.66
2172,2024-12-24,26.63
2172,2025-05-23,11.43
2172,2025-07-02,15.78
2172,2025-09-04,18.71
2173,2024-03-21,17.77
2173,2024-03-29,25.95
2173,2024-04-18,44.71
2173,2025-10-01,28.97
2173,2025-12-23,36.61
2174,2024-01-14,19.08
2175,2024-02-04,17.53
2175,2024-06-12,12.27
2175,2024-07-04,23.77
2176,2024-01-28,27.09
2176,2024-07-02,16.32
2176,2024-07-18,30.55
2176,2024-08-11,32.0
2176,2024-09-02,22.47
2176,2024-10-10,9.53
2176,2024-10-26,27.72
2176,2024-12-30,27.62
2176,2025-02-08,25.52
2176,2025-02-10,20.52
2176,2025-05-06,29.6
2176,2025-05-06,7.34
2176,2025-05-18,22.21
2176,2025-06-27,22.29
2177,2024-04-25,102.35
2177,2024-07-17,41.76
2177,2024-08-23,32.4
2177,2024-10-03,44.11
2177,2024-12-11,93.67
2178,2024-06-10,20.67
2178,2024-08-18,29.49
2178,2025-07-25,21.25
2178,2025-08-25,20.33
2178,2025-11-07,8.16
2179,2024-03-07,10.49
2179,2024-05-26,10.84
2179,2024-06-09,25.56
2180,2024-06-02,88.31
2180,2024-09-16,45.32
2181,2024-01-08,41.76
2181,2024-01-18,55.13
2181,2024-02-03,88.96
2181,2024-08-04,55.2
2182,2024-05-18,39.18
2182,2024-06-03,21.47
2182,2024-07-22,26.1
2182,2024-08-04,29.12
2182,2024-08-18,19.9
2182,2024-09-24,14.53
2182,2024-09-25,20.24
2182,2024-10-03,22.68
2182,2024-11-08,11.73
2182,2024-12-04,34.06
2183,2024-04-19,36.02
2183,2024-05-12,32.22
2183,2024-06-02,42.5
2184,2024-01-12,8.22
2185,2024-02-08,10.52
2185,2024-02-08,10.37
2186,2024-06-05,26.71
2186,2024-06-07,20.32
2186,2024-06-10,50.12
2187,2024-02-05,32.02
2187,2024-03-07,38.04
2187,2024-03-12,23.57
2187,2024-04-09,29.96
2188,2024-02-10,28.67
2189,2024-02-16,9.16
2189,2024-06-18,19.39
2189,2024-08-26,17.61
2189,2024-11-09,14.19
2189,2025-01-28,30.72
2190,2024-04-09,29.34
2190,2024-04-10,20.37
2190,2024-05-18,35.26
2190,2024-05-21,7.92
2190,2024-06-09,11.52
2190,2024-09-20,17.27
2190,2024-09-23,31.22
2190,2024-09-23,16.65
2191,2024-05-23,12.75
2191,2025-06-12,18.98
2191,2025-12-13,5.23
2192,2024-04-21,19.39
2192,2024-04-30,21.16
2192,2025-02-14,7.92
2192,2025-04-19,21.99
2193,2024-03-04,22.81
2193,2024-04-20,13.29
2193,2024-07-01,17.86
2193,2024-07-09,16.85
2193,2024-11-13,23.17
2193,2025-01-16,14.16
2193,2025-06-18,13.64
2193,2025-09-01,4.32
2194,2024-03-05,47.89
2194,2024-03-08,59.54
2194,2024-03-27,86.22
2195,2024-05-10,89.69
2195,2025-04-07,29.2
2196,2024-03-09,19.83
2196,2024-04-05,18.85
2196,2024-05-18,13.85
2196,2024-05-31,18.52
2196,2024-05-31,12.05
2197,2024-01-30,16.96
2198,2024-06-29,17.16
2199,2024-01-13,11.28
2199,2024-03-08,10.09
2200,2024-03-21,11.51
2201,2024-03-27,35.71
2201,2024-03-30,66.33
2201,2024-04-12,18.45
2202,2024-03-18,19.0
2203,2024-05-19,21.57
2203,2024-06-22,22.8
2203,2024-06-25,36.44
2203,2024-09-06,30.7
2203,2024-10-08,30.9
2203,2024-11-07,29.12
2203,2024-11-19,30.13
2203,2024-12-05,23.05
2203,2025-01-05,32.05
2203,2025-01-17,33.03
2203,2025-03-12,21.49
2203,2025-04-05,14.81
2203,2025-04-20,13.43
2203,2025-06-16,25.66
2203,2025-06-28,15.18
2203,2025-10-15,35.62
2203,2025-11-02,43.97
2204,2024-04-12,38.7
2205,2024-02-06,37.92
2206,2024-01-05,6.07
2206,2024-01-12,13.64
2206,2024-01-20,18.88
2206,2024-02-03,11.52
2206,2024-02-11,16.35
2206,2024-03-19,12.6
2206,2024-04-04,16.99
2206,2024-04-19,19.04
2206,2024-04-25,13.42
2206,2024-05-05,16.66
2206,2024-05-07,15.17
2206,2024-06-02,21.74
2206,2024-07-08,5.46
2206,2024-07-11,21.43
2206,2024-07-25,20.44
2206,2024-08-22,13.84
2206,2024-08-27,14.75
2206,2024-08-30,8.38
2206,2024-09-12,11.74
2206,2024-10-18,24.51
2206,2024-10-26,10.6
2206,2024-11-27,26.06
2206,2024-12-08,15.02
2206,2024-12-29,16.64
2206,2025-01-09,21.31
2206,2025-01-31,7.97
2206,2025-02-24,16.95
2206,2025-03-10,10.4
2206,2025-04-09,13.69
2206,2025-06-05,18.42
2206,2025-06-12,10.42
2206,2025-07-05,14.64
2206,2025-07-06,17.31
2206,2025-08-26,15.25
2206,2025-09-13,20.3
2206,2025-09-30,15.99
2206,2025-11-06,30.4
2206,2025-11-27,11.31
2206,2025-12-07,5.7
2206,2025-12-09,8.03
2206,2025-12-23,9.61
2206,2025-12-25,11.94
2207,2024-03-08,78.25
2207,2024-06-27,49.39
2207,2024-07-20,58.56
2208,2024-05-31,37.22
2208,2024-06-12,20.82
2208,2024-06-19,32.22
2208,2024-07-07,27.9
2208,2024-07-23,16.84
2208,2024-09-04,58.48
2208,2024-09-21,36.88
2208,2024-09-29,33.64
2208,2024-10-10,49.87
2208,2024-10-25,35.01
2208,2024-10-26,17.0
2208,2024-10-26,20.51
2208,2024-10-30,11.75
2208,2024-11-20,43.94
2208,2024-12-04,15.65
2208,2024-12-19,23.56
2208,2024-12-19,45.78
2208,2025-01-07,46.14
2208,2025-02-08,24.55
2208,2025-02-12,25.95
2208,2025-02-18,15.92
2208,2025-04-21,42.24
2208,2025-05-08,36.05
2208,2025-05-31,20.61
2208,2025-09-02,17.11
2208,2025-09-21,57.65
2208,2025-11-21,27.23
2208,2025-11-23,42.19
2208,2025-11-28,41.74
2208,2025-12-15,9.41
2209,2024-05-28,28.07
2209,2024-06-01,15.88
2210,2024-04-29,18.29
2210,2024-05-28,35.01
2210,2024-09-09,27.24
2210,2024-11-21,13.08
2211,2024-01-13,27.36
2211,2024-02-16,51.4
2211,2024-03-21,18.17
2211,2024-03-25,23.95
2211,2024-04-20,18.89
2211,2024-04-29,58.86
2211,2024-05-06,25.91
2212,2024-06-28,22.08
2213,2024-03-29,13.68
2213,2024-11-21,26.85
2213,2025-12-22,22.82
2214,2024-04-30,21.26
2214,2024-09-04,30.82
2214,2025-05-03,17.16
2215,2024-05-31,14.32
2215,2024-07-24,28.48
2215,2024-07-31,13.77
2216,2024-03-31,25.17
2217,2024-04-01,59.05
2217,2024-05-27,27.61
2218,2024-04-06,26.8
2218,2024-05-03,55.87
2218,2024-06-01,80.59
2218,2024-07-29,47.5
2218,2024-08-23,50.07
2218,2024-09-08,50.63
2218,2024-09-14,46.67
2218,2024-09-23,29.04
2218,2024-10-10,36.1
2218,2024-10-24,27.87
2218,2024-12-07,43.99
2218,2024-12-30,51.33
2218,2024-12-30,77.11
2218,2025-01-26,67.86
2218,2025-02-25,36.08
2218,2025-04-04,11.69
2218,2025-05-06,51.42
2218,2025-05-11,62.08
2218,2025-05-17,84.35
2218,2025-05-19,78.48
2218,2025-05-26,30.02
2218,2025-06-04,21.32
2218,2025-06-21,87.72
2218,2025-06-26,62.58
2218,2025-07-14,42.15
2218,2025-08-06,20.07
2218,2025-08-11,55.67
2218,2025-10-17,35.26
2218,2025-11-17,26.32
2218,2025-11-20,39.92
2219,2024-03-10,19.33
2219,2024-03-31,12.91
2220,2024-04-18,7.91
2221,2024-03-04,69.73
2222,2024-06-30,6.27
2222,2024-08-29,43.82
2222,2024-09-28,24.54
2222,2024-10-10,28.51
2222,2024-12-14,33.75
2222,2025-01-24,22.29
2222,2025-02-05,20.99
2222,2025-02-09,31.1
2222,2025-03-26,27.3
2222,2025-06-28,8.88
2222,2025-07-15,45.36
2222,2025-09-11,18.53
2222,2025-11-13,19.32
2222,2025-11-17,31.38
2223,2024-06-10,52.2
2224,2024-01-27,14.96
2224,2024-07-16,11.11
2225,2024-04-26,56.17
2225,2024-05-05,79.97
2225,2024-05-31,40.39
2226,2024-05-08,21.69
2227,2024-04-05,67.98
2227,2024-08-14,50.63
2228,2024-01-10,47.47
2228,2024-01-24,37.84
2229,2024-02-05,30.71
2229,2024-03-30,74.6
2229,2024-06-22,64.72
2229,2024-08-25,35.31
2229,2024-10-04,37.89
2229,2024-10-21,79.23
2229,2024-10-29,37.08
2229,2024-12-14,21.06
2229,2025-01-05,26.3
2229,2025-02-03,31.48
2229,2025-03-06,40.09
2229,2025-03-25,34.09
2229,2025-05-14,39.67
2229,2025-07-22,39.12
2229,2025-08-31,39.73
2229,2025-09-03,82.19
2230,2024-04-17,28.32
2231,2024-02-26,32.14
2231,2024-09-29,38.5
2231,2024-11-10,34.48
2231,2025-02-02,33.7
2231,2025-02-05,25.67
2232,2024-04-15,51.58
2232,2024-07-08,84.65
2232,2024-08-31,66.69
2232,2024-09-23,41.43
2233,2024-02-05,29.8
2234,2024-03-06,26.81
2234,2024-11-14,65.8
2235,2024-06-19,27.9
2235,2024-06-22,23.75
2235,2024-06-25,22.25
2235,2024-08-14,7.07
2235,2024-12-04,20.29
2235,2024-12-23,17.3
2235,2024-12-31,15.92
2235,2025-02-23,33.15
2235,2025-04-26,36.75
2235,2025-05-05,26.54
2235,2025-06-01,27.95
2235,2025-06-01,32.09
2235,2025-06-10,26.89
2235,2025-06-17,17.21
2235,2025-06-22,38.17
2235,2025-07-04,22.94
2235,2025-07-23,32.8
2235,2025-08-05,48.96
2235,2025-08-12,16.51
2235,2025-09-28,47.28
2235,2025-10-24,16.34
2235,2025-12-15,17.08
2236,2024-05-06,12.67
2236,2024-05-07,15.5
2236,2024-05-13,28.5
2236,2024-05-15,40.71
2236,2024-06-25,14.12
2236,2024-07-02,31.65
2236,2024-07-10,12.97
2237,2024-02-11,85.06
2238,2024-02-26,66.18
2238,2024-03-26,194.06
2238,2024-04-01,239.17
2238,2024-04-03,124.43
2239,2024-01-24,53.77
2240,2024-04-17,55.64
2241,2024-01-15,42.67
2242,2024-01-01,57.85
2243,2024-05-29,73.85
2243,2024-06-30,18.5
2243,2024-07-05,17.14
2243,2024-07-07,42.43
2243,2024-07-18,23.52
2243,2024-08-11,31.95
2243,2024-08-17,26.72
2244,2024-05-07,35.12
2245,2024-06-13,20.12
2246,2024-05-09,136.33
2246,2024-05-11,126.01
2246,2024-05-25,119.38
2246,2024-06-03,116.97
2246,2024-06-14,57.6
2246,2024-06-14,126.66
2246,2024-06-19,81.71
2246,2024-06-24,96.86
2246,2024-06-28,70.35
2246,2024-07-05,113.18
2246,2024-07-13,118.25
2246,2024-07-15,104.8
2246,2024-07-19,100.74
2246,2024-07-25,78.12
2246,2024-07-26,85.73
2246,2024-08-13,20.92
2246,2024-08-15,69.64
2246,2024-08-21,102.27
2246,2024-08-29,83.85
2246,2024-09-01,55.13
2246,2024-09-06,78.15
2246,2024-09-06,70.15
2246,2024-09-12,69.87
2246,2024-09-19,67.9
2246,2024-09-30,38.8
2246,2024-10-04,129.38
2246,2024-10-06,67.33
2246,2024-10-15,64.13
2246,2024-10-27,95.53
2246,2024-11-12,83.29
2246,2024-11-15,134.26
2246,2024-11-19,222.32
2246,2024-11-24,76.83
2246,2024-12-08,89.59
2246,2024-12-15,63.06
2246,2024-12-18,48.38
2246,2024-12-19,93.17
2246,2025-01-02,92.3
2246,2025-01-10,80.79
2246,2025-01-18,90.15
2246,2025-01-28,70.69
2246,2025-02-11,81.03
2246,2025-02-23,122.75
2246,2025-03-09,84.72
2246,2025-03-10,70.55
2246,2025-03-11,58.56
2246,2025-03-14,84.45
2246,2025-03-21,93.51
2246,2025-04-01,109.78
2246,2025-04-12,104.09
2246,2025-04-12,55.69
2246,2025-04-13,102.74
2246,2025-04-14,69.22
2246,2025-04-17,45.34
2246,2025-04-21,132.02
2246,2025-04-22,115.51
2246,2025-04-25,37.27
2246,2025-04-26,157.74
2246,2025-04-27,110.8
2247,2024-03-17,14.56
2247,2024-03-23,37.13
2247,2024-03-31,28.76
2247,2024-04-13,50.67
2247,2024-07-18,37.47
2247,2024-07-31,57.37
2247,2024-08-15,38.56
2247,2024-11-06,34.42
2247,2025-01-30,38.52
2248,2024-02-13,32.22
2248,2024-04-15,29.25
2248,2024-04-19,66.3
2248,2024-04-28,33.19
2248,2024-07-04,52.86
2249,2024-04-23,7.67
2249,2024-05-03,8.5
2249,2024-08-30,12.71
2249,2025-01-22,10.02
2249,2025-03-26,17.95
2249,2025-04-13,12.39
2249,2025-10-10,15.72
2249,2025-11-16,24.4
2249,2025-12-26,9.04
2250,2024-05-07,14.88
2250,2024-12-23,14.72
2251,2024-01-09,32.12
2251,2024-02-29,28.59
2251,2024-03-14,20.23
2251,2024-10-15,34.0
2251,2024-11-16,29.0
2251,2025-01-01,44.6
2251,2025-06-14,17.2
2251,2025-06-16,27.27
2251,2025-08-21,52.38
2251,2025-12-07,33.07
2252,2024-03-19,9.39
2252,2024-04-05,30.43
2252,2024-04-16,2.2
2252,2024-04-29,5.49
2252,2024-05-29,20.15
2252,2024-06-21,7.92
2252,2024-11-02,7.02
2252,2025-03-06,8.82
2252,2025-05-13,15.29
2252,2025-06-01,18.32
2252,2025-08-16,12.95
2252,2025-10-03,8.97
2253,2024-05-27,12.72
2253,2024-05-29,15.43
2253,2024-06-19,14.27
2253,2024-07-01,24.62
2254,2024-06-14,45.31
2255,2024-03-21,7.32
2256,2024-04-05,39.82
2257,2024-04-18,109.28
2257,2024-05-22,94.35
2258,2024-05-24,29.73
2259,2024-05-06,32.42
2259,2024-06-30,38.56
2259,2024-07-15,34.58
2260,2024-06-06,26.18
2260,2024-09-18,15.56
2260,2024-10-07,21.41
2260,2024-11-22,45.46
2261,2024-03-27,49.83
2262,2024-01-25,36.21
2262,2024-04-14,34.72
2262,2024-07-29,36.36
2262,2024-08-13,36.17
2262,2024-08-17,33.8
2262,2024-11-14,30.24
2262,2024-12-05,33.42
2262,2025-06-05,22.67
2262,2025-06-13,12.98
2262,2025-10-26,45.82
2262,2025-12-24,32.52
2263,2024-02-11,34.05
2263,2024-03-05,15.46
2263,2024-03-07,21.52
2263,2024-03-22,22.58
2263,2024-04-10,11.27
2263,2024-04-14,16.63
2263,2024-05-15,16.23
2263,2024-05-24,27.96
2263,2024-06-06,21.37
2263,2024-07-06,32.92
2263,2024-08-13,19.12
2263,2024-10-08,22.66
2263,2024-10-14,14.47
2263,2024-11-15,23.53
2263,2024-12-19,13.24
2263,2025-01-20,11.24
2263,2025-01-26,13.77
2264,2024-06-19,4.62
2264,2024-06-28,6.44
2264,2024-07-13,11.68
2264,2024-08-12,5.46
2264,2024-08-14,8.53
2264,2024-08-24,11.52
2264,2024-09-06,3.52
2264,2024-09-11,9.96
2264,2024-09-15,4.26
2264,2024-09-27,5.53
2264,2024-11-02,4.82
2264,2024-11-25,5.25
2264,2024-12-11,5.16
2264,2025-02-06,3.46
2264,2025-02-20,9.14
2264,2025-03-14,4.62
2264,2025-04-07,2.26
2264,2025-04-22,6.93
2264,2025-04-27,10.93
2264,2025-04-29,4.79
2264,2025-05-05,8.83
2264,2025-05-18,4.85
2264,2025-05-25,9.91
2264,2025-05-30,7.77
2264,2025-06-19,3.55
2264,2025-07-01,6.4
2264,2025-07-02,4.77
2264,2025-07-05,2.68
2264,2025-07-08,4.48
2264,2025-07-10,6.63
2264,2025-07-14,7.76
2264,2025-07-15,6.3
2264,2025-08-02,6.21
2264,2025-09-08,6.83
2264,2025-10-09,5.83
2264,2025-10-16,5.97
2264,2025-10-18,5.91
2264,2025-10-18,3.63
2264,2025-11-09,3.82
2264,2025-11-26,4.22
2264,2025-12-17,9.75
2264,2025-12-19,6.83
2264,2025-12-22,6.83
2265,2024-02-15,58.37
2265,2024-09-24,28.88
2265,2025-09-29,58.68
2266,2024-05-07,58.89
2267,2024-05-02,28.56
2267,2024-05-06,28.9
2267,2024-07-21,75.89
2267,2024-10-01,75.12
2267,2025-02-14,16.31
2267,2025-06-14,58.35
2267,2025-10-13,45.39
2268,2024-06-25,19.26
2269,2024-05-10,17.7
2269,2024-05-13,11.69
2269,2024-05-14,14.56
2270,2024-01-24,28.43
2271,2024-05-24,42.89
2272,2024-04-23,19.24
2272,2024-05-01,10.45
2272,2024-06-12,11.42
2272,2024-06-23,32.72
2272,2024-06-23,22.72
2272,2024-06-28,14.13
2272,2024-07-13,25.2
2272,2024-07-14,27.01
2272,2024-08-01,12.16
2272,2024-08-23,20.67
2272,2024-09-05,27.49
2272,2024-09-08,18.39
2272,2024-10-09,12.44
2272,2024-10-11,25.41
2272,2024-10-12,17.19
2272,2024-10-17,25.59
2272,2024-10-19,18.31
2272,2024-12-31,17.8
2272,2025-01-27,12.35
2272,2025-02-14,37.55
2272,2025-02-26,24.24
2272,2025-03-01,13.33
2272,2025-06-01,19.7
2272,2025-07-09,14.72
2272,2025-07-15,29.31
2272,2025-08-14,16.14
2272,2025-09-15,22.22
2273,2024-04-14,17.08
2274,2024-03-31,19.03
2274,2024-07-17,14.68
2275,2024-03-18,18.73
2275,2024-03-21,22.7
2275,2024-06-01,13.02
2275,2024-06-27,24.27
2276,2024-01-15,24.53
2276,2024-03-22,7.62
2276,2024-05-23,21.6
2276,2024-08-03,23.6
2276,2024-08-31,12.87
2276,2024-09-17,16.65
2276,2024-12-15,18.63
2276,2025-04-17,14.1
2276,2025-06-22,15.73
2276,2025-09-10,9.43
2276,2025-10-21,27.36
2277,2024-06-23,8.61
2278,2024-01-04,11.2
2279,2024-01-30,19.03
2279,2024-02-04,21.01
2279,2024-02-20,10.01
2279,2024-02-25,6.76
2279,2024-05-01,8.96
2279,2024-06-13,11.33
2279,2024-06-23,14.31
2279,2024-08-15,7.24
2279,2024-09-13,6.92
2279,2024-11-16,14.18
2279,2025-01-20,5.7
2279,2025-03-28,10.52
2279,2025-04-09,8.11
2279,2025-04-10,5.39
2279,2025-05-26,8.87
2279,2025-06-09,14.04
2279,2025-06-27,13.99
2279,2025-07-21,20.54
2279,2025-08-13,15.06
2279,2025-08-25,11.82
2279,2025-10-27,8.14
2279,2025-10-30,3.78
2279,2025-11-23,12.55
2280,2024-03-31,36.68
2281,2024-02-28,13.77
2282,2024-04-28,27.96
2282,2024-12-25,21.59
2283,2024-03-06,17.21
2283,2024-06-18,17.22
2283,2024-06-22,11.29
2283,2024-10-31,18.67
2283,2024-11-01,24.31
2283,2025-01-27,13.89
2283,2025-03-09,8.87
2283,2025-03-24,28.6
2283,2025-04-30,9.44
2283,2025-07-01,16.01
2283,2025-08-05,19.09
2283,2025-08-13,19.02
2283,2025-09-17,25.23
2283,2025-10-17,28.76
2283,2025-11-01,23.24
2283,2025-12-18,28.31
2283,2025-12-21,11.31
2284,2024-01-28,36.67
2285,2024-03-25,54.3
2285,2024-03-28,31.07
2285,2024-04-11,110.15
2285,2024-04-12,43.79
2285,2024-04-13,42.28
2286,2024-03-08,36.81
2286,2024-05-28,51.25
2287,2024-04-11,27.52
2288,2024-05-07,21.64
2288,2024-05-23,24.87
2288,2024-07-07,30.59
2288,2024-08-19,22.41
2288,2024-09-21,18.16
2288,2024-10-20,39.35
2288,2024-10-23,14.37
2288,2024-10-29,30.66
2288,2024-10-29,15.02
2288,2024-12-24,16.75
2288,2025-03-08,51.37
2288,2025-03-12,15.18
2288,2025-04-15,25.59
2288,2025-04-26,20.27
2288,2025-07-24,19.47
2288,2025-08-25,20.05
2288,2025-09-17,30.93
2288,2025-09-25,8.17
2289,2024-05-11,63.34
2290,2024-05-26,52.07
2290,2024-06-23,49.42
2290,2024-07-28,22.03
2290,2025-01-27,18.94
2290,2025-04-16,86.93
2290,2025-05-21,43.17
2291,2024-05-14,75.76
2291,2024-07-20,117.04
2291,2024-08-07,67.0
2292,2024-01-12,207.73
2292,2024-02-06,50.37
2292,2024-02-12,99.03
2292,2024-02-16,166.84
2292,2024-03-18,97.93
2292,2024-04-02,177.62
2292,2024-05-06,136.53
2292,2024-05-07,149.29
2292,2024-05-20,129.65
2292,2024-05-28,79.58
2292,2024-06-01,161.34
2292,2024-06-03,143.33
2292,2024-06-04,160.54
2292,2024-06-20,107.53
2292,2024-06-23,159.53
2292,2024-07-18,173.44
2292,2024-07-22,119.37
2292,2024-08-13,126.04
2292,2024-08-30,102.17
2292,2024-09-14,84.15
2292,2024-10-13,90.14
2292,2024-10-15,74.86
2292,2024-10-21,82.19
2292,2024-10-31,64.24
2292,2024-11-10,65.34
2292,2024-11-26,167.24
2292,2024-11-27,88.69
2292,2024-12-08,198.46
2292,2024-12-10,104.77
2292,2024-12-16,141.02
2292,2024-12-20,189.71
2292,2024-12-21,186.54
2292,2024-12-23,110.9
2292,2025-02-12,166.01
2292,2025-02-21,221.4
2292,2025-03-25,144.94
2292,2025-03-29,78.06
2292,2025-03-31,202.45
2292,2025-04-06,192.7
2292,2025-04-09,164.92
2292,2025-04-22,44.33
2292,2025-04-22,149.89
2292,2025-04-25,156.5
2292,2025-04-27,128.85
2292,2025-05-02,123.42
2292,2025-05-08,46.5
2292,2025-05-09,104.78
2292,2025-06-12,153.13
2292,2025-06-19,197.15
2292,2025-06-25,164.74
2292,2025-06-28,139.62
2292,2025-07-08,125.38
2292,2025-07-12,93.06
2292,2025-07-17,147.83
2292,2025-07-31,143.37
2292,2025-08-03,134.59
2292,2025-08-11,161.21
2292,2025-08-20,36.87
2292,2025-08-28,156.47
2292,2025-09-08,109.38
2292,2025-09-16,144.82
2292,2025-09-25,104.01
2292,2025-10-08,189.06
2292,2025-10-26,107.21
2292,2025-11-05,140.97
2292,2025-11-19,211.16
2292,2025-11-29,163.62
2292,2025-12-07,119.54
2292,2025-12-18,184.55
2293,2024-05-01,18.2
2294,2024-01-05,33.88
2294,2024-04-11,78.62
2294,2024-04-28,77.61
2294,2024-05-01,55.49
2294,2024-06-26,47.51
2294,2024-06-27,52.19
2294,2024-08-10,74.99
2294,2024-08-24,38.96
2294,2024-08-26,26.79
2294,2024-08-29,19.93
2294,2024-09-01,55.79
2294,2024-09-25,13.78
2294,2024-10-11,60.49
2294,2024-10-11,41.05
2294,2024-10-19,23.75
2294,2024-10-28,60.3
2294,2025-01-25,59.55
2295,2024-05-01,26.48
2295,2024-05-15,19.28
2296,2024-05-17,41.37
2296,2024-06-16,38.5
2296,2024-06-22,34.99
2296,2024-07-16,24.81
2296,2024-09-12,26.56
2296,2024-11-22,21.81
2296,2024-11-27,31.51
2296,2025-01-04,38.44
2296,2025-01-10,43.43
2296,2025-01-24,13.75
2296,2025-04-20,10.38
2296,2025-05-01,16.17
2296,2025-05-15,32.33
2296,2025-06-11,35.25
2296,2025-08-12,10.21
2296,2025-10-22,20.46
2297,2024-01-21,33.43
2298,2024-02-11,19.69
2298,2024-02-28,25.29
2298,2024-09-30,37.7
2298,2024-10-14,30.29
2298,2024-10-21,22.58
2298,2025-01-31,34.15
2298,2025-03-22,5.31
2298,2025-04-29,20.67
2298,2025-06-07,20.7
2298,2025-06-12,25.89
2298,2025-06-12,30.93
2298,2025-07-02,20.26
2298,2025-10-28,45.27
2298,2025-10-31,19.3
2298,2025-11-26,28.11
2298,2025-12-02,9.52
2299,2024-01-17,22.65
2300,2024-06-27,98.1
2301,2024-02-15,5.63
2302,2024-04-09,45.37
2302,2024-05-21,63.17
2302,2024-06-14,35.79
2302,2024-07-30,29.11
2302,2025-05-07,32.83
2303,2024-06-30,18.21
2303,2024-07-30,10.16
2303,2024-08-01,18.72
2303,2024-10-27,19.36
2303,2024-11-21,9.47
2303,2025-03-07,18.84
2304,2024-05-07,39.81
2304,2024-06-03,22.14
2305,2024-05-24,27.23
2305,2024-10-19,69.26
2306,2024-04-26,19.04
2306,2025-03-26,16.89
2306,2025-09-23,11.12
2307,2024-02-02,23.56
2307,2024-02-28,24.17
2308,2024-05-01,14.73
2309,2024-01-24,2.51
2310,2024-03-16,14.27
2310,2024-03-27,18.11
2311,2024-04-04,10.18
2312,2024-05-09,24.43
2312,2024-05-31,22.62
2312,2024-07-31,23.73
2312,2024-08-20,14.57
2312,2024-08-27,27.11
2312,2024-09-12,14.44
2312,2024-09-13,20.15
2312,2024-09-23,14.29
2312,2024-10-02,13.46
2312,2024-11-03,41.92
2312,2024-12-02,16.45
2312,2025-02-24,42.85
2312,2025-02-25,31.3
2313,2024-01-23,21.46
2314,2024-01-30,23.52
2315,2024-04-15,20.99
2315,2024-05-13,35.56
2315,2024-08-20,33.84
2315,2024-10-10,15.84
2315,2024-10-30,23.38
2315,2024-12-13,11.48
2315,2025-07-22,20.51
2315,2025-09-15,8.96
2315,2025-11-26,23.49
2316,2024-02-11,25.32
2316,2024-02-15,22.92
2316,2024-03-23,31.02
2317,2024-02-24,27.41
2318,2024-02-01,14.74
2319,2024-02-05,41.71
2320,2024-03-29,8.05
2321,2024-02-10,70.81
2322,2024-04-27,10.16
2322,2024-06-22,11.16
2322,2024-07-14,13.62
2322,2024-07-17,6.82
2322,2024-09-15,7.49
2322,2024-09-22,7.68
2322,2024-10-09,5.76
2322,2024-10-25,22.63
2322,2024-11-14,25.42
2322,2024-11-21,18.74
2322,2024-12-03,10.78
2322,2024-12-18,11.83
2322,2024-12-25,16.13
2322,2025-01-08,9.96
2322,2025-01-08,8.96
2322,2025-02-06,22.43
2322,2025-04-07,6.6
2322,2025-05-13,12.78
2322,2025-08-22,15.72
2322,2025-09-18,6.51
2322,2025-12-05,19.86
2323,2024-02-10,13.1
2324,2024-05-17,43.81
2325,2024-06-05,7.63
2325,2024-07-15,15.3
2325,2024-07-30,16.36
2325,2024-08-06,14.14
2325,2024-10-12,16.05
2325,2024-11-02,15.47
2325,2025-02-10,10.29
2325,2025-07-15,15.49
2325,2025-07-25,5.78
2325,2025-12-28,13.28
2326,2024-05-17,33.25
2326,2024-06-14,17.51
2326,2024-09-03,33.09
2326,2024-09-17,12.02
2326,2024-10-02,21.5
2326,2024-11-22,29.6
2327,2024-03-20,28.91
2328,2024-03-07,39.52
2328,2024-03-26,15.34
2329,2024-04-15,15.06
2329,2025-02-02,12.59
2329,2025-11-13,20.02
2330,2024-06-28,31.45
2331,2024-06-30,29.86
2331,2024-10-03,30.65
2332,2024-05-30,49.02
2332,2024-07-08,36.36
2332,2025-03-24,69.91
2333,2024-06-25,17.12
2333,2024-07-20,13.39
2333,2024-08-18,14.8
2333,2024-08-20,23.55
2333,2024-09-22,28.86
2333,2024-09-26,46.45
2333,2024-10-20,15.53
2333,2024-10-24,14.16
2333,2024-11-18,33.37
2333,2024-11-23,16.12
2333,2025-01-17,19.89
2333,2025-01-31,16.0
2333,2025-03-17,14.58
2333,2025-04-25,15.36
2333,2025-06-09,13.49
2333,2025-08-05,19.67
2333,2025-09-05,18.78
2333,2025-10-09,30.84
2333,2025-10-20,21.93
2333,2025-12-11,11.64
2334,2024-03-23,10.67
2334,2024-06-21,10.41
2334,2024-11-16,16.63
2334,2025-02-13,11.45
2334,2025-04-02,23.24
2335,2024-01-30,17.51
2335,2024-02-12,25.97
2335,2024-02-21,31.33
2335,2024-03-02,16.46
2335,2024-03-20,10.14
2335,2024-04-14,31.61
2335,2024-08-28,40.62
2335,2024-08-30,18.14
2335,2024-09-12,18.58
2335,2024-12-01,12.14
2335,2025-09-08,23.08
2335,2025-09-11,27.31
2336,2024-02-20,9.6
2336,2024-03-03,8.2
2337,2024-03-21,16.39
2337,2024-04-15,11.2
2337,2024-05-26,27.65
2337,2024-07-17,22.59
2337,2025-01-15,16.35
2337,2025-05-05,14.34
2337,2025-10-15,19.39
2338,2024-05-04,14.49
2339,2024-06-01,20.8
2340,2024-01-26,13.14
2341,2024-04-16,10.19
2342,2024-04-08,4.59
2342,2024-04-25,8.74
2343,2024-06-26,52.11
2343,2024-07-24,42.36
2343,2024-08-17,43.76
2343,2024-08-28,55.17
2343,2024-08-29,64.08
2343,2024-09-27,57.76
2343,2025-01-16,41.72
2344,2024-02-14,28.22
2345,2024-04-13,10.14
2346,2024-06-27,27.3
2347,2024-03-11,29.06
2347,2024-04-03,12.0
2347,2024-04-23,42.21
2347,2024-05-29,28.32
2347,2024-08-28,22.98
2347,2024-09-06,29.79
2347,2024-09-13,38.84
2347,2024-09-13,31.0
2348,2024-01-08,28.62
2348,2024-06-28,7.75
2348,2024-08-19,22.35
2348,2024-09-29,14.7
2349,2024-06-18,36.37
2350,2024-01-03,79.85
2351,2024-04-18,33.95
2351,2024-05-20,39.39
2352,2024-05-07,56.37
2352,2024-06-03,59.97
2352,2024-06-06,57.56
2352,2024-07-08,131.37
2352,2024-07-09,41.95
2352,2024-07-14,123.9
2353,2024-01-11,61.07
2353,2024-01-15,86.23
2353,2024-01-23,61.17
2353,2024-04-07,58.82
2353,2024-04-15,58.57
2353,2024-08-27,47.99
2353,2024-10-26,45.82
2353,2024-11-29,46.49
2353,2024-12-10,74.72
2353,2025-03-26,41.92
2353,2025-04-03,62.35
2353,2025-06-21,36.94
2353,2025-07-21,46.95
2353,2025-09-02,67.47
2353,2025-09-25,78.64
2353,2025-11-08,68.26
2354,2024-05-04,11.32
2355,2024-03-05,4.93
2355,2024-03-22,9.98
2355,2024-03-23,5.97
2355,2024-03-24,8.38
2355,2024-06-03,12.84
2355,2024-07-01,10.95
2355,2024-07-21,8.27
2355,2024-08-08,13.82
2355,2024-09-03,15.01
2355,2024-10-13,16.2
2355,2024-11-27,13.61
2355,2024-12-20,10.88
2355,2024-12-27,16.98
2355,2024-12-28,16.48
2355,2024-12-30,21.74
2355,2025-01-04,15.3
2355,2025-02-14,11.66
2355,2025-02-20,4.16
2355,2025-03-22,10.2
2355,2025-04-21,15.13
2355,2025-05-23,15.61
2355,2025-06-06,14.3
2355,2025-06-06,13.54
2355,2025-06-06,6.21
2355,2025-06-23,14.18
2355,2025-09-01,8.32
2355,2025-09-03,5.75
2355,2025-09-13,22.3
2356,2024-02-29,12.03
2356,2024-05-25,9.07
2357,2024-03-08,12.73
2358,2024-05-29,46.46
2358,2024-06-10,11.93
2359,2024-06-08,13.45
2359,2024-07-07,18.13
2359,2024-12-22,19.5
2359,2024-12-22,13.03
2359,2025-01-18,6.32
2359,2025-01-24,18.78
2360,2024-01-17,12.04
2361,2024-01-05,10.39
2362,2024-02-05,37.05
2362,2024-04-26,27.37
2362,2025-04-06,22.75
2363,2024-02-05,8.12
2363,2024-02-14,10.01
2363,2024-03-06,8.31
2363,2024-03-06,15.47
2363,2024-03-10,12.47
2363,2024-03-11,9.2
2363,2024-03-14,25.04
2363,2024-04-06,17.49
2363,2024-04-16,19.81
2363,2024-04-20,17.11
2363,2024-05-08,28.44
2363,2024-05-13,11.06
2363,2024-05-15,36.15
2363,2024-05-29,17.04
2363,2024-06-02,19.76
2363,2024-06-23,24.2
2363,2024-07-04,12.2
2363,2024-07-09,34.66
2363,2024-07-09,17.45
2363,2024-07-22,13.25
2363,2024-07-29,16.58
2363,2024-08-25,14.88
2363,2024-08-28,23.83
2363,2024-09-06,21.82
2363,2024-09-17,12.18
2363,2024-09-25,44.07
2363,2024-09-29,16.47
2363,2024-11-03,22.97
2363,2025-01-06,6.24
2363,2025-02-24,25.27
2364,2024-06-13,46.6
2364,2024-07-03,16.84
2364,2024-09-29,28.3
2364,2024-12-21,11.73
2364,2025-01-04,19.95
2364,2025-01-05,16.81
2364,2025-01-05,22.64
2364,2025-03-17,18.33
2364,2025-04-06,12.54
2364,2025-04-18,12.21
2364,2025-04-28,18.43
2364,2025-05-20,16.42
2364,2025-07-28,43.32
2364,2025-08-14,18.42
2365,2024-03-25,11.97
2365,2024-04-16,12.74
2366,2024-03-21,46.99
2366,2024-06-08,54.05
2366,2024-12-25,52.02
2366,2025-01-07,13.77
2366,2025-02-07,41.35
2366,2025-02-10,63.75
2366,2025-10-29,70.6
2367,2024-03-11,95.79
2368,2024-03-23,23.02
2368,2024-05-14,27.93
2368,2024-06-28,71.0
2368,2024-08-23,48.94
2368,2024-09-14,45.07
2368,2024-10-02,60.22
2368,2024-10-28,24.07
2368,2024-11-23,38.57
2368,2024-12-06,72.29
2368,2025-01-23,37.11
2368,2025-02-04,40.23
2368,2025-06-12,24.85
2368,2025-07-25,39.13
2368,2025-08-04,14.7
2368,2025-10-31,105.61
2368,2025-11-11,39.98
2369,2024-01-28,64.42
2369,2024-05-07,96.7
2369,2024-08-12,49.15
2369,2024-08-13,55.75
2369,2024-08-17,64.5
2370,2024-06-02,12.49
2371,2024-04-13,47.44
2371,2024-10-08,32.47
2371,2025-01-26,27.39
2371,2025-06-01,31.86
2371,2025-06-09,45.76
2371,2025-06-25,31.37
2371,2025-10-15,29.19
2371,2025-11-24,43.46
2372,2024-05-04,47.62
2372,2024-05-04,27.32
2372,2024-05-07,30.99
2372,2024-05-07,22.11
2372,2024-05-23,26.6
2372,2024-10-09,50.87
2372,2024-11-17,49.01
2372,2025-01-29,31.36
2372,2025-02-18,47.61
2372,2025-02-22,31.2
2372,2025-02-27,22.47
2372,2025-02-28,59.89
2372,2025-07-09,34.37
2372,2025-08-13,21.17
2372,2025-09-10,29.33
2373,2024-06-07,62.4
2373,2024-06-30,43.03
2373,2024-07-31,78.88
2373,2024-08-19,56.2
2374,2024-03-31,13.89
2374,2024-04-20,22.7
2375,2024-05-23,5.86
2376,2024-03-21,19.38
2377,2024-01-16,18.04
2377,2024-04-10,24.79
2378,2024-06-03,39.96
2378,2024-06-18,22.4
2378,2024-07-24,24.05
2378,2024-07-30,53.86
2378,2024-08-04,24.83
2378,2024-08-04,15.27
2378,2024-09-15,47.79
2378,2024-09-22,54.1
2378,2024-10-15,53.93
2378,2024-10-19,10.08
2378,2024-10-21,58.02
2378,2024-10-27,27.32
2378,2024-10-31,18.0
2378,2024-11-03,41.44
2378,2024-11-04,48.34
2378,2024-11-12,21.61
2378,2024-11-15,34.05
2378,2024-11-16,30.58
2378,2024-11-17,50.07
2378,2024-12-11,55.4
2378,2024-12-12,33.83
2378,2024-12-19,32.87
2378,2024-12-27,42.65
2378,2025-02-15,26.34
2378,2025-03-08,33.29
2378,2025-03-12,51.93
2378,2025-03-15,32.39
2378,2025-04-06,20.83
2378,2025-04-11,13.29
2378,2025-05-11,19.4
2378,2025-05-21,28.37
2378,2025-06-20,20.2
2378,2025-06-26,36.89
2378,2025-07-15,13.19
2378,2025-07-15,51.66
2378,2025-08-26,25.56
2378,2025-09-02,78.89
2378,2025-09-13,23.5
2378,2025-10-01,42.73
2378,2025-10-10,52.77
2378,2025-10-20,36.56
2378,2025-10-23,38.45
2378,2025-11-02,44.65
2378,2025-11-05,46.36
2378,2025-11-06,52.67
2378,2025-11-11,48.28
2378,2025-11-17,24.97
2378,2025-11-24,60.1
2378,2025-12-11,33.99
2378,2025-12-12,17.24
2379,2024-01-17,27.61
2379,2024-02-19,23.22
2379,2024-03-05,15.1
2379,2024-04-11,21.52
2379,2024-05-21,15.22
2379,2024-05-22,23.39
2379,2024-06-27,29.26
2379,2024-07-18,11.7
2379,2024-07-28,39.39
2379,2024-08-04,14.27
2379,2024-08-20,12.15
2379,2024-08-21,23.13
2379,2024-09-20,11.17
2379,2024-10-05,21.95
2379,2024-12-05,16.95
2379,2024-12-07,15.12
2379,2024-12-24,22.84
2380,2024-01-31,19.71
2380,2024-09-06,28.44
2380,2024-11-26,28.74
2381,2024-05-04,21.29
2381,2024-05-26,42.1
2381,2024-07-23,41.23
2382,2024-01-20,10.77
2382,2024-02-03,3.49
2382,2024-02-17,6.83
2382,2024-02-18,9.12
2382,2024-02-21,13.01
2382,2024-04-10,6.29
2383,2024-03-08,18.72
2384,2024-01-21,25.15
2384,2024-07-19,21.7
2384,2024-07-30,22.46
2384,2024-12-17,15.65
2384,2025-03-22,55.58
2384,2025-06-03,32.97
2384,2025-08-30,19.33
2385,2024-04-23,40.05
2385,2024-05-23,21.42
2385,2024-05-26,21.91
2385,2024-11-27,39.85
2386,2024-05-03,35.4
2386,2024-08-02,16.66
2386,2024-10-06,29.24
2386,2025-03-25,30.62
2386,2025-07-08,25.96
2386,2025-09-28,27.79
2387,2024-04-01,11.49
2387,2024-04-04,41.08
2387,2024-04-05,23.15
2387,2024-04-06,12.37
2387,2024-04-25,21.8
2387,2024-06-13,39.2
2387,2024-08-18,41.93
2387,2024-08-28,22.84
2387,2024-10-07,15.09
2387,2024-10-13,28.4
2388,2024-03-06,20.03
2389,2024-04-26,10.14
2389,2024-04-27,11.7
2389,2024-05-25,13.48
2389,2024-07-26,11.52
2389,2024-07-31,18.22
2389,2024-08-13,10.09
2389,2024-09-07,16.13
2389,2024-10-18,13.08
2389,2024-11-06,8.93
2389,2024-11-25,7.97
2389,2024-11-26,11.58
2389,2025-02-26,9.37
2389,2025-03-16,19.98
2389,2025-04-09,19.21
2389,2025-04-17,12.13
2389,2025-04-28,19.77
2389,2025-06-29,12.07
2389,2025-07-19,17.74
2389,2025-07-19,9.01
2389,2025-07-24,11.31
2389,2025-08-12,19.37
2390,2024-02-21,29.74
2390,2024-03-16,28.53
2390,2024-05-18,26.3
2390,2024-06-17,41.58
2391,2024-01-09,21.21
2392,2024-06-07,44.28
2392,2024-06-12,22.69
2393,2024-04-14,8.17
2394,2024-03-15,23.51
2394,2024-04-18,35.09
2394,2024-04-24,39.41
2394,2024-05-07,19.45
2394,2024-05-12,44.16
2394,2024-05-17,34.34
2394,2024-05-24,40.51
2394,2024-06-09,70.31
2394,2024-07-08,24.54
2394,2024-08-21,20.5
2394,2024-09-13,22.74
2394,2024-09-21,35.55
2394,2024-09-28,47.5
2394,2024-11-02,24.47
2394,2024-11-04,25.26
2394,2024-11-24,12.21
2394,2024-11-26,22.23
2394,2024-12-17,61.43
2394,2025-01-09,10.76
2394,2025-02-20,23.93
2394,2025-03-01,28.81
2394,2025-03-02,12.62
2394,2025-04-16,54.95
2394,2025-05-08,9.79
2394,2025-05-18,23.59
2394,2025-06-01,42.1
2394,2025-06-23,12.32
2394,2025-06-24,34.77
2394,2025-07-10,37.01
2394,2025-07-12,60.03
2394,2025-08-04,48.98
2394,2025-08-14,31.7
2394,2025-08-18,28.04
2394,2025-09-24,69.57
2394,2025-11-17,37.37
2394,2025-11-23,33.21
2394,2025-11-25,20.56
2394,2025-12-04,28.24
2394,2025-12-15,24.01
2395,2024-01-13,28.88
2395,2024-06-13,26.84
2395,2024-09-04,19.01
2395,2024-09-05,6.96
2395,2025-02-21,24.73
2395,2025-04-15,17.75
2395,2025-05-20,14.62
2395,2025-09-30,28.64
2396,2024-02-22,18.33
2397,2024-05-25,18.18
2398,2024-02-23,20.39
2399,2024-05-06,16.85
2399,2024-05-20,18.83
2399,2024-07-12,12.16
2399,2024-08-04,9.53
2399,2024-09-13,22.55
2399,2024-11-07,9.65
2399,2025-04-04,7.38
2399,2025-05-28,16.31
2399,2025-06-24,16.18
2400,2024-03-07,54.05
2400,2024-04-09,99.79
2400,2025-04-05,76.19
2401,2024-01-18,10.64
2401,2024-01-24,5.71
2401,2024-03-13,10.03
2401,2024-05-03,10.52
2401,2024-06-29,6.59
2401,2024-11-05,28.22
2401,2025-04-28,24.43
2401,2025-06-19,19.84
2401,2025-07-09,13.5
2401,2025-08-06,12.74
2401,2025-11-13,12.28
2402,2024-04-22,39.21
2403,2024-02-24,21.46
2403,2024-03-12,12.69
2403,2024-03-13,16.81
2403,2024-04-05,19.13
2403,2024-05-01,21.8
2403,2024-05-02,11.66
2403,2024-05-07,18.07
2403,2024-05-15,31.2
2403,2024-06-03,31.34
2403,2024-06-11,27.02
2403,2024-06-15,13.89
2403,2024-07-01,20.03
2403,2024-07-09,17.99
2403,2024-07-23,19.74
2403,2024-07-27,12.01
2403,2024-07-27,21.05
2403,2024-08-10,26.32
2403,2024-08-11,8.72
2403,2024-08-22,20.64
2403,2024-08-25,7.9
2403,2024-08-31,18.67
2403,2024-09-08,24.07
2403,2024-09-14,17.88
2403,2024-09-14,10.49
2403,2024-09-19,15.34
2403,2024-09-21,35.31
2403,2024-10-01,24.76
2403,2024-10-11,29.32
2403,2024-10-24,33.41
2403,2024-10-26,21.58
2403,2024-11-04,30.23
2403,2024-11-25,13.2
2403,2024-12-12,13.74
2403,2025-01-01,19.43
2403,2025-01-01,34.34
2403,2025-01-03,30.64
2403,2025-01-05,27.01
2403,2025-01-08,13.12
2403,2025-01-12,39.83
2403,2025-01-17,27.4
2403,2025-01-25,22.16
2403,2025-02-13,12.24
2403,2025-02-16,23.06
2403,2025-02-27,48.03
2403,2025-03-03,16.31
2403,2025-03-04,14.11
2403,2025-03-21,21.46
2403,2025-03-23,7.08
2403,2025-03-25,22.67
2403,2025-03-26,18.7
2403,2025-03-27,12.65
2403,2025-03-29,27.46
2403,2025-04-04,14.1
2403,2025-04-11,23.37
2403,2025-04-25,27.5
2403,2025-05-28,22.06
2403,2025-05-31,15.03
2403,2025-06-07,14.98
2403,2025-06-23,18.95
2403,2025-06-25,27.37
2403,2025-07-14,22.07
2403,2025-07-15,13.64
2403,2025-07-28,28.97
2403,2025-08-17,29.42
2403,2025-08-19,17.7
2403,2025-08-23,13.41
2403,2025-08-27,31.78
2403,2025-08-31,20.62
2403,2025-08-31,13.29
2403,2025-09-11,31.29
2403,2025-09-19,14.97
2403,2025-09-20,19.55
2403,2025-09-25,28.39
2403,2025-09-28,24.5
2403,2025-09-30,24.96
2403,2025-10-04,8.69
2403,2025-10-13,38.99
2403,2025-11-05,40.61
2403,2025-11-13,31.55
2403,2025-11-26,22.1
2403,2025-12-02,27.02
2403,2025-12-06,22.93
2403,2025-12-19,11.06
2404,2024-05-06,52.34
2404,2024-06-02,52.39
2404,2024-10-07,35.3
2404,2025-09-08,35.28
2405,2024-04-25,41.03
2405,2024-05-09,31.82
2405,2024-05-22,60.82
2405,2024-05-29,80.29
2406,2024-03-29,32.97
2407,2024-06-11,12.25
2408,2024-02-24,23.6
2409,2024-02-15,39.18
2409,2024-03-17,38.45
2409,2024-03-18,37.17
2409,2024-03-20,14.37
2409,2024-04-09,18.23
2409,2024-04-10,17.62
2409,2024-04-29,21.76
2409,2024-04-30,11.88
2409,2024-06-03,24.07
2409,2024-06-07,17.84
2409,2024-06-12,23.77
2409,2024-06-18,13.54
2409,2024-07-01,23.84
2409,2024-07-01,40.08
2409,2024-07-05,21.74
2409,2024-07-24,32.43
2409,2024-08-01,26.61
2410,2024-06-26,24.08
2411,2024-02-03,25.83
2411,2024-02-04,85.81
2411,2024-02-07,83.41
2411,2024-02-15,168.05
2411,2024-02-18,40.78
2411,2024-02-21,110.25
2411,2024-02-22,108.67
2411,2024-02-24,107.32
2411,2024-03-02,75.8
2411,2024-03-07,46.4
2411,2024-03-13,108.69
2411,2024-03-16,51.08
2411,2024-03-24,73.81
2411,2024-03-24,60.75
2411,2024-03-25,134.68
2411,2024-04-02,114.58
2411,2024-04-03,81.49
2411,2024-04-06,78.37
2411,2024-04-11,70.52
2411,2024-04-14,116.91
2411,2024-04-16,38.87
2411,2024-04-22,124.14
2411,2024-05-01,54.82
2411,2024-05-02,94.38
2411,2024-05-03,67.18
2411,2024-05-05,28.98
2411,2024-05-07,67.11
2411,2024-05-09,109.15
2411,2024-05-14,76.74
2411,2024-05-23,67.31
2411,2024-05-27,60.72
2411,2024-05-30,42.47
2411,2024-06-11,90.15
2411,2024-06-17,48.88
2411,2024-06-18,65.04
2411,2024-06-21,62.62
2411,2024-06-27,42.77
2411,2024-06-28,73.2
2411,2024-07-04,99.47
2411,2024-07-06,67.29
2411,2024-07-19,59.96
2411,2024-07-25,42.84
2411,2024-07-27,93.16
2411,2024-08-07,121.0
2411,2024-08-08,52.05
2411,2024-08-15,74.97
2411,2024-08-18,103.1
2411,2024-08-18,70.72
2411,2024-08-24,63.15
2411,2024-08-28,166.62
2411,2024-09-01,81.93
2411,2024-09-05,41.38
2411,2024-09-06,131.21
2412,2024-01-19,24.28
2413,2024-02-14,14.15
2413,2024-02-18,21.7
2413,2024-03-02,21.61
2413,2024-03-06,20.06
2413,2024-03-21,18.4
2413,2024-04-07,7.3
2413,2024-04-23,47.74
2413,2024-05-17,38.15
2413,2024-06-21,12.43
2413,2024-06-24,24.71
2413,2024-06-26,17.54
2413,2024-07-01,17.03
2413,2024-09-10,16.02
2413,2024-09-30,6.57
2413,2024-09-30,17.91
2413,2024-10-06,14.85
2413,2024-10-21,10.53
2413,2024-12-31,17.97
2413,2025-02-01,18.97
2413,2025-02-17,25.75
2413,2025-03-07,16.59
2413,2025-03-09,18.06
2413,2025-03-24,46.74
2413,2025-04-02,24.19
2413,2025-06-28,9.93
2413,2025-08-23,10.04
2413,2025-08-25,18.47
2413,2025-08-25,41.16
2413,2025-09-10,7.19
2413,2025-09-14,12.11
2413,2025-10-11,14.29
2413,2025-10-19,6.66
2413,2025-11-03,15.99
2413,2025-11-06,15.48
2414,2024-03-01,28.27
2414,2024-05-31,31.29
2414,2024-10-29,39.46
2414,2025-04-29,25.55
2414,2025-05-26,53.18
2414,2025-06-16,61.04
2414,2025-11-12,34.1
2415,2024-05-06,24.19
2415,2025-03-23,28.34
2416,2024-04-22,34.7
2416,2024-06-17,30.01
2417,2024-06-20,16.23
2417,2024-07-17,18.42
2417,2024-07-23,14.1
2417,2024-07-28,23.94
2417,2024-08-13,11.79
2417,2024-09-04,15.39
2417,2024-09-17,3.71
2417,2024-09-22,7.33
2417,2024-09-29,19.52
2417,2024-10-03,19.17
2417,2024-10-11,16.24
2417,2024-10-17,14.26
2417,2024-11-09,8.36
2417,2024-12-03,14.13
2417,2024-12-12,15.7
2417,2024-12-13,13.16
2417,2025-01-05,14.25
2417,2025-01-21,9.18
2417,2025-01-21,13.38
2417,2025-02-06,5.92
2417,2025-02-09,25.25
2417,2025-03-29,8.33
2417,2025-04-01,9.36
2417,2025-05-04,25.43
2417,2025-05-08,9.08
2417,2025-05-08,10.96
2417,2025-05-12,19.48
2417,2025-05-17,7.48
2417,2025-05-26,9.14
2417,2025-05-29,10.83
2417,2025-06-01,17.83
2417,2025-06-22,18.01
2417,2025-07-01,15.03
2417,2025-08-14,11.25
2417,2025-08-25,21.93
2417,2025-09-26,5.68
2417,2025-10-17,11.36
2417,2025-11-04,9.82
2417,2025-11-28,20.99
2417,2025-11-29,38.76
2417,2025-12-25,29.06
2418,2024-02-10,22.91
2419,2024-03-17,8.06
2419,2024-03-22,23.62
2419,2024-03-22,28.48
2419,2024-03-27,14.84
2419,2024-04-01,20.75
2419,2024-04-05,26.98
2419,2024-04-16,27.46
2420,2024-01-17,74.25
2420,2024-04-25,31.22
2420,2024-04-29,28.53
2420,2024-06-05,50.6
2420,2024-08-26,13.53
2420,2024-09-28,56.92
2420,2024-10-07,31.75
2420,2025-01-10,16.15
2420,2025-01-17,33.06
2420,2025-03-28,23.37
2420,2025-11-25,76.48
2421,2024-04-27,27.93
2421,2024-05-11,36.6
2422,2024-06-16,96.48
2422,2024-06-21,67.95
2422,2024-07-16,60.6
2422,2024-10-14,48.02
2422,2024-12-10,47.37
2422,2024-12-27,102.17
2422,2025-01-25,72.24
2422,2025-03-13,94.91
2422,2025-03-14,71.55
2422,2025-04-24,128.92
2422,2025-05-16,131.74
2422,2025-07-14,54.51
2422,2025-07-25,60.28
2422,2025-10-06,78.89
2423,2024-06-12,6.96
2423,2024-11-28,5.68
2423,2025-03-06,13.9
2424,2024-04-05,68.41
2424,2024-04-07,44.34
2424,2024-04-09,41.98
2424,2024-09-28,17.12
2424,2024-11-09,44.38
2424,2025-04-12,28.05
2424,2025-05-20,52.48
2424,2025-05-25,34.32
2424,2025-07-25,39.14
2424,2025-08-09,15.12
2424,2025-10-18,51.37
2424,2025-10-25,40.66
2424,2025-11-29,53.65
2425,2024-02-27,10.56
2425,2024-03-21,19.03
2425,2024-04-24,16.74
2425,2024-04-28,31.0
2426,2024-03-03,41.09
2427,2024-02-19,22.09
2427,2024-05-20,24.26
2427,2024-07-22,44.73
2427,2024-10-24,32.17
2427,2025-01-06,25.94
2427,2025-04-09,30.92
2427,2025-08-09,35.0
2428,2024-06-19,7.56
2428,2024-08-13,12.53
2428,2024-10-02,15.67
2428,2024-10-05,7.35
2428,2024-12-20,18.47
2428,2025-01-05,11.3
2428,2025-01-16,20.98
2428,2025-02-14,7.76
2428,2025-02-18,20.53
2428,2025-03-27,17.84
2428,2025-05-05,24.66
2428,2025-06-14,16.49
2428,2025-06-26,12.27
2429,2024-05-13,37.67
2430,2024-04-19,29.68
2431,2024-05-26,13.55
2431,2024-05-28,14.11
2431,2024-05-29,12.37
2431,2024-06-15,10.19
2431,2024-06-15,11.8
2431,2024-06-24,5.72
2431,2024-06-27,22.01
2431,2024-06-29,17.69
2431,2024-07-09,18.49
2431,2024-07-28,8.41
2431,2024-08-16,14.39
2431,2024-08-22,14.61
2431,2024-08-27,12.03
2431,2024-09-10,28.62
2431,2024-09-10,12.17
2431,2024-09-27,6.31
2431,2024-10-09,7.81
2431,2024-10-21,12.66
2431,2024-10-31,13.87
2431,2024-10-31,14.85
2431,2024-11-12,15.88
2431,2024-11-17,12.26
2431,2024-11-20,7.28
2431,2024-11-27,19.47
2431,2024-12-04,9.42
2431,2024-12-04,8.15
2431,2024-12-30,24.4
2431,2025-01-23,12.69
2431,2025-01-25,7.85
2431,2025-02-25,15.14
2431,2025-03-05,19.68
2431,2025-03-08,22.68
2431,2025-03-21,9.16
2431,2025-03-27,9.99
2431,2025-04-05,13.65
2431,2025-04-06,11.49
2431,2025-04-12,4.45
2431,2025-04-19,14.0
2431,2025-05-09,7.93
2431,2025-06-12,19.11
2431,2025-06-15,14.77
2431,2025-06-19,26.2
2431,2025-06-19,14.14
2431,2025-06-24,12.29
2431,2025-06-26,8.44
2431,2025-06-26,7.24
2431,2025-07-19,12.52
2431,2025-07-25,12.13
2431,2025-08-04,5.17
2431,2025-08-20,14.97
2431,2025-08-25,11.79
2431,2025-08-25,16.21
2431,2025-08-28,20.11
2431,2025-08-28,17.26
2431,2025-10-11,11.14
2431,2025-10-31,16.53
2431,2025-11-14,21.26
2431,2025-11-20,12.71
2431,2025-12-21,5.65
2432,2024-04-29,14.43
2433,2024-06-24,21.65
2433,2024-07-01,19.97
2433,2024-08-23,21.91
2433,2024-08-25,39.13
2433,2024-10-26,16.9
2433,2024-11-04,15.57
2433,2024-11-12,17.39
2433,2025-02-26,40.63
2434,2024-03-13,19.89
2435,2024-01-06,20.77
2435,2024-01-24,39.44
2435,2024-02-08,22.31
2435,2024-02-09,26.69
2435,2024-03-01,19.8
2435,2024-03-02,33.66
2435,2024-03-06,33.41
2435,2024-03-12,32.6
2435,2024-03-30,23.75
2435,2024-04-16,34.86
2435,2024-04-17,37.44
2435,2024-04-20,29.34
2435,2024-05-14,25.75
2435,2024-06-12,15.56
2435,2024-06-20,29.12
2435,2024-06-24,38.58
2435,2024-07-03,52.43
2435,2024-07-08,25.79
2435,2024-07-13,17.84
2435,2024-08-14,17.09
2435,2024-09-17,17.04
2435,2024-09-18,29.89
2435,2024-10-06,46.16
2435,2024-11-10,79.04
2435,2024-11-27,28.91
2435,2025-01-30,22.64
2435,2025-02-09,44.05
2435,2025-03-08,28.0
2435,2025-03-11,72.62
2435,2025-04-12,29.35
2435,2025-04-16,34.04
2435,2025-04-21,37.75
2435,2025-04-23,34.92
2435,2025-04-25,31.35
2435,2025-05-17,37.18
2435,2025-05-17,39.55
2435,2025-06-10,48.32
2435,2025-06-12,49.55
2435,2025-06-14,23.73
2435,2025-06-17,14.74
2435,2025-06-22,35.89
2435,2025-07-09,37.95
2435,2025-07-23,40.93
2435,2025-07-23,40.62
2435,2025-08-10,17.51
2435,2025-09-26,14.05
2435,2025-10-02,14.07
2435,2025-10-18,24.83
2435,2025-10-19,49.55
2435,2025-11-08,14.44
2435,2025-11-21,16.7
2435,2025-12-26,12.46
2435,2025-12-26,29.86
2436,2024-01-03,50.69
2436,2024-01-03,46.58
2436,2024-01-06,29.37
2436,2024-01-30,64.79
2436,2024-03-06,46.09
2436,2024-03-17,43.43
2437,2024-05-15,43.21
2437,2024-05-24,58.98
2437,2024-06-16,47.98
2437,2024-07-25,37.84
2437,2024-08-29,18.1
2437,2024-10-21,26.95
2437,2024-11-11,74.99
2437,2025-03-01,39.78
2437,2025-03-31,48.11
2438,2024-03-27,14.96
2438,2024-04-27,14.4
2438,2024-04-29,22.45
2438,2024-05-08,36.7
2438,2024-08-17,37.65
2438,2024-08-24,22.07
2438,2024-12-15,20.44
2438,2025-02-21,30.35
2438,2025-04-30,11.59
2438,2025-05-11,19.9
2438,2025-05-30,11.27
2438,2025-06-27,19.12
2438,2025-07-10,11.19
2438,2025-07-24,17.99
2438,2025-08-02,32.53
2438,2025-08-04,11.91
2438,2025-08-31,35.47
2438,2025-09-17,22.79
2438,2025-12-04,10.22
2438,2025-12-28,17.0
2439,2024-06-01,26.2
2439,2024-06-08,27.31
2439,2024-06-19,19.59
2440,2024-03-07,43.23
2441,2024-04-11,27.4
2442,2024-01-15,48.84
2442,2024-02-14,14.73
2442,2024-02-24,56.57
2442,2024-02-24,84.83
2442,2024-03-29,34.54
2442,2024-04-19,67.62
2442,2024-05-12,19.62
2442,2024-06-01,55.0
2442,2024-10-03,22.76
2442,2024-10-22,44.7
2442,2024-12-30,28.27
2442,2025-01-08,52.7
2442,2025-01-13,22.43
2442,2025-02-12,78.81
2442,2025-02-20,27.43
2442,2025-04-23,58.26
2442,2025-05-10,54.3
2443,2024-04-06,24.01
2443,2024-04-20,20.69
2443,2024-05-10,36.04
2443,2024-05-21,35.53
2443,2024-05-27,7.82
2443,2024-06-12,13.53
2443,2024-06-18,55.17
2443,2024-06-22,31.16
2443,2024-06-24,17.63
2443,2024-07-20,58.78
2443,2024-07-22,26.56
2443,2024-08-09,30.78
2443,2024-09-13,18.36
2443,2024-09-19,65.11
2443,2024-10-15,28.94
2443,2024-10-26,37.41
2443,2024-11-04,35.46
2443,2024-11-12,33.51
2443,2024-11-18,34.25
2443,2024-12-05,24.12
2443,2024-12-10,46.61
2443,2024-12-23,26.66
2443,2025-01-02,35.77
2443,2025-02-03,17.32
2443,2025-03-06,50.62
2443,2025-03-26,54.03
2443,2025-04-27,20.55
2443,2025-05-16,10.69
2443,2025-06-17,15.67
2443,2025-06-26,36.29
2443,2025-07-12,35.14
2443,2025-07-13,43.21
2443,2025-07-18,22.82
2443,2025-07-29,25.69
2443,2025-08-17,24.52
2443,2025-08-30,54.28
2443,2025-08-31,22.11
2443,2025-09-07,35.87
2443,2025-09-12,23.6
2443,2025-09-16,20.89
2443,2025-10-02,26.07
2443,2025-10-05,19.67
2443,2025-10-14,57.03
2443,2025-10-25,28.54
2443,2025-12-16,21.16
2443,2025-12-26,18.66
2443,2025-12-26,38.2
2444,2024-01-10,51.04
2444,2024-05-10,51.66
2444,2024-06-22,48.95
2444,2024-06-26,52.87
2444,2024-07-09,26.99
2444,2024-07-14,31.21
2444,2024-08-06,25.09
2444,2024-08-14,50.07
2444,2024-10-18,87.38
2444,2024-11-19,30.95
2444,2024-12-27,54.29
2444,2025-01-27,72.36
2444,2025-06-06,31.39
2444,2025-06-22,58.53
2444,2025-07-28,80.38
2444,2025-08-10,54.0
2444,2025-12-26,44.85
2445,2024-03-27,32.72
2445,2024-03-27,24.55
2445,2024-04-04,19.51
2446,2024-02-01,33.29
2446,2024-05-23,13.07
2446,2024-06-15,27.61
2446,2024-06-25,10.26
2446,2024-07-03,30.76
2446,2024-07-07,15.05
2446,2024-07-11,27.75
2446,2024-07-13,51.75
2446,2024-08-04,20.73
2446,2024-09-10,34.53
2446,2024-09-21,18.44
2446,2024-10-15,43.3
2446,2024-10-25,20.12
2446,2024-11-02,54.51
2446,2024-11-24,23.85
2446,2024-12-07,31.7
2446,2024-12-29,22.07
2446,2025-02-27,22.46
2446,2025-03-28,43.05
2446,2025-04-16,16.42
2446,2025-04-20,25.52
2446,2025-07-05,41.96
2446,2025-09-25,31.3
2446,2025-10-04,32.14
2446,2025-10-06,24.15
2446,2025-10-28,12.56
2446,2025-11-26,24.36
2447,2024-02-19,17.38
2448,2024-06-09,10.12
2448,2024-08-17,24.74
2448,2024-08-28,14.17
2448,2025-10-01,30.43
2449,2024-06-11,27.12
2449,2025-07-15,41.38
2449,2025-10-19,27.88
2450,2024-03-28,6.49
2450,2025-09-18,9.42
2450,2025-11-20,13.76
2451,2024-01-18,59.54
2451,2024-05-07,43.42
2451,2024-08-20,49.68
2451,2024-09-01,55.13
2451,2024-09-03,28.67
2451,2024-09-09,37.92
2451,2025-05-05,26.4
2451,2025-11-24,47.28
2452,2024-05-10,31.56
2452,2024-05-29,41.7
2453,2024-05-06,21.78
2454,2024-01-19,18.25
2454,2024-01-27,17.41
2454,2024-01-28,14.81
2454,2024-02-02,22.58
2454,2024-02-09,9.51
2454,2024-02-18,20.42
2454,2024-02-20,21.1
2454,2024-03-21,11.75
2455,2024-06-06,12.38
2455,2024-06-22,15.88
2455,2024-07-11,38.66
2455,2024-07-19,37.55
2455,2024-08-11,32.37
2455,2024-08-27,56.12
2455,2024-09-05,18.12
2456,2024-05-03,34.87
2457,2024-02-12,39.21
2457,2024-03-03,15.87
2458,2024-02-15,12.94
2459,2024-05-06,34.45
2460,2024-01-31,23.19
2460,2024-02-01,45.17
2460,2024-02-03,18.03
2460,2024-02-08,18.78
2460,2024-03-18,32.06
2460,2024-04-08,26.12
2460,2024-04-23,13.93
2460,2024-04-26,29.86
2460,2024-05-05,20.2
2460,2024-06-02,19.49
2460,2024-06-14,24.38
2460,2024-06-27,23.15
2460,2024-07-12,16.95
2460,2024-07-22,17.51
2460,2024-08-20,11.61
2460,2024-08-22,37.06
2460,2024-08-23,33.55
2460,2024-08-23,11.58
2460,2024-09-24,28.72
2460,2024-10-03,30.92
2460,2024-10-05,21.37
2460,2024-10-26,48.19
2460,2024-11-14,29.92
2460,2024-12-27,28.32
2460,2025-02-05,47.58
2460,2025-02-28,26.61
2460,2025-03-05,23.27
2460,2025-03-14,31.37
2460,2025-04-02,47.54
2460,2025-04-09,14.85
2460,2025-05-11,6.03
2460,2025-05-12,18.53
2460,2025-05-16,27.36
2460,2025-05-16,29.28
2460,2025-05-20,20.41
2460,2025-05-24,26.04
2460,2025-06-12,37.51
2460,2025-07-09,15.68
2460,2025-07-31,41.19
2460,2025-09-28,32.66
2460,2025-10-17,13.87
2460,2025-10-21,14.75
2461,2024-01-11,20.35
2461,2024-03-19,15.2
2461,2025-05-04,21.72
2461,2025-05-28,10.9
2462,2024-02-24,10.54
2462,2024-06-13,14.22
2462,2024-06-16,9.05
2462,2024-08-13,20.68
2462,2024-10-04,12.51
2462,2024-10-13,13.77
2462,2024-10-13,20.16
2462,2025-02-25,14.31
2462,2025-04-26,17.61
2462,2025-06-22,12.63
2462,2025-07-26,9.27
2462,2025-09-18,21.58
2463,2024-06-22,6.51
2463,2024-07-27,6.59
2463,2025-06-26,6.73
2463,2025-08-12,7.48
2464,2024-02-15,53.01
2464,2024-04-16,17.98
2464,2024-07-26,33.08
2464,2024-09-26,35.6
2464,2025-07-11,36.06
2464,2025-09-11,21.24
2465,2024-04-06,17.41
2465,2024-06-12,13.09
2465,2024-10-04,13.93
2465,2024-11-09,27.52
2465,2024-11-27,27.17
2465,2024-12-25,13.71
2465,2025-01-23,17.54
2465,2025-02-09,8.71
2465,2025-03-23,7.49
2465,2025-04-14,15.36
2465,2025-07-30,28.38
2465,2025-10-23,17.43
2465,2025-11-23,12.49
2466,2024-06-11,26.98
2467,2024-05-29,35.55
2468,2024-06-05,20.08
2469,2024-04-16,22.2
2469,2024-05-03,43.21
2469,2024-06-10,42.48
2469,2024-06-14,14.04
2469,2024-06-17,31.15
2469,2024-06-22,15.83
2469,2024-06-25,40.98
2469,2024-07-01,19.26
2469,2024-07-08,18.91
2470,2024-04-16,83.48
2470,2025-01-06,82.8
2470,2025-08-02,43.75
2471,2024-06-23,20.61
2471,2024-07-07,28.83
2471,2024-07-29,35.02
2471,2024-07-31,26.34
2471,2024-10-09,28.77
2471,2024-10-26,36.2
2471,2024-10-29,18.39
2471,2024-11-22,28.05
2471,2024-12-08,28.25
2471,2025-01-10,32.51
2471,2025-01-17,27.87
2471,2025-02-25,24.59
2471,2025-03-18,51.62
2471,2025-03-25,33.82
2471,2025-03-26,23.7
2471,2025-04-15,42.32
2471,2025-07-24,16.3
2471,2025-08-27,20.42
2471,2025-10-07,6.64
2471,2025-10-21,20.95
2471,2025-10-28,29.83
2472,2024-03-28,16.25
2472,2024-04-03,22.9
2473,2024-05-07,15.15
2473,2024-05-18,9.74
2473,2024-07-16,16.57
2473,2024-07-21,21.85
2473,2024-08-16,21.83
2473,2024-08-20,16.87
2473,2024-08-25,20.11
2473,2024-09-06,21.01
2473,2024-09-12,24.0
2473,2024-11-01,24.21
2473,2024-11-15,32.48
2473,2024-11-16,20.58
2473,2024-12-31,5.27
2473,2025-01-27,26.3
2473,2025-02-14,12.47
2473,2025-03-17,23.46
2473,2025-03-24,18.8
2473,2025-03-24,25.7
2473,2025-04-21,21.57
2473,2025-05-14,13.18
2474,2024-03-05,11.95
2474,2024-03-13,4.0
2475,2024-01-10,23.85
2475,2024-01-20,5.12
2476,2024-01-26,9.11
2477,2024-03-13,29.21
2477,2024-04-17,28.13
2477,2024-07-06,30.92
2477,2024-07-06,24.7
2477,2024-08-28,20.59
2477,2024-09-20,32.43
2477,2024-10-29,34.53
2477,2024-11-20,8.69
2477,2025-01-15,10.89
2477,2025-03-02,35.34
2477,2025-03-04,13.5
2477,2025-03-14,16.99
2477,2025-03-16,17.67
2477,2025-05-16,24.91
2477,2025-05-27,19.36
2477,2025-06-09,13.62
2477,2025-08-29,7.99
2477,2025-09-02,23.76
2477,2025-10-01,13.54
2477,2025-10-31,21.5
2477,2025-11-29,23.13
2477,2025-12-10,20.96
2478,2024-06-17,36.47
2478,2024-11-29,19.09
2478,2025-02-07,10.66
2478,2025-02-25,59.33
2478,2025-04-03,16.48
2478,2025-06-23,13.6
2478,2025-07-15,32.96
2478,2025-07-21,32.91
2478,2025-07-22,23.6
2478,2025-11-30,24.45
2479,2024-04-14,29.42
2479,2024-04-21,55.13
2480,2024-03-24,43.18
2480,2025-04-26,36.85
2480,2025-11-27,64.18
2481,2024-01-28,24.88
2481,2024-02-10,25.54
2481,2024-02-13,11.44
2481,2024-02-14,22.36
2481,2024-04-04,35.75
2481,2024-04-04,11.41
2481,2024-05-04,24.57
2481,2024-05-22,19.23
2481,2024-06-02,25.86
2481,2024-06-19,27.98
2481,2024-06-26,22.1
2481,2024-06-29,28.03
2481,2024-07-29,18.74
2481,2024-08-01,19.09
2481,2024-09-16,15.79
2481,2024-10-05,16.68
2481,2024-10-20,31.35
2481,2024-10-29,33.08
2481,2024-11-03,28.33
2481,2024-11-26,22.79
2481,2024-12-23,25.77
2481,2025-01-05,29.94
2481,2025-01-06,21.69
2481,2025-01-27,22.56
2481,2025-01-28,23.58
2481,2025-01-29,13.4
2481,2025-02-06,17.14
2481,2025-02-15,62.43
2481,2025-03-28,26.58
2481,2025-04-15,19.47
2481,2025-04-15,27.51
2481,2025-05-06,15.96
2481,2025-05-11,33.37
2481,2025-05-28,33.37
2481,2025-06-23,36.47
2481,2025-06-28,19.11
2481,2025-07-03,18.88
2481,2025-07-06,35.54
2481,2025-07-25,30.36
2481,2025-07-26,23.11
2481,2025-08-03,16.09
2481,2025-08-20,21.62
2481,2025-08-20,31.08
2481,2025-09-16,41.14
2481,2025-09-26,16.49
2481,2025-10-01,16.51
2481,2025-10-07,37.36
2481,2025-10-23,19.67
2481,2025-11-27,36.11
2481,2025-12-19,29.09
2482,2024-02-19,60.09
2482,2024-03-22,83.82
2482,2024-05-21,24.38
2482,2024-05-24,28.22
2482,2024-07-06,43.7
2482,2024-07-11,36.25
2482,2024-07-21,34.23
2482,2024-08-13,53.68
2482,2024-08-26,14.76
2482,2024-11-23,39.5
2482,2024-12-27,51.73
2482,2025-02-06,24.64
2482,2025-03-22,54.88
2482,2025-03-30,19.71
2482,2025-05-01,34.28
2482,2025-05-05,39.72
2482,2025-05-17,34.68
2482,2025-06-18,48.39
2482,2025-07-07,30.83
2482,2025-07-27,70.45
2482,2025-09-02,62.87
2482,2025-09-06,21.03
2482,2025-10-04,51.85
2482,2025-10-12,53.06
2482,2025-11-22,51.61
2483,2024-02-02,53.56
2484,2024-06-12,6.57
2484,2024-06-28,9.88
2484,2024-11-02,15.25
2485,2024-04-02,68.84
2485,2024-05-09,30.61
2485,2024-08-04,24.17
2485,2024-09-02,47.31
2485,2024-09-08,23.75
2485,2024-09-28,51.29
2485,2024-11-08,50.87
2485,2025-05-18,25.11
2486,2024-04-18,21.33
2486,2024-04-26,16.03
2486,2024-06-02,8.55
2486,2024-06-14,20.03
2486,2024-07-17,23.0
2486,2024-07-21,13.73
2486,2024-08-15,32.49
2486,2024-09-12,22.27
2486,2024-10-06,10.72
2486,2024-11-04,38.32
2486,2024-11-20,26.47
2486,2024-12-01,30.02
2486,2024-12-29,10.94
2486,2025-01-30,24.26
2486,2025-02-16,16.61
2486,2025-04-20,7.11
2486,2025-05-03,23.23
2486,2025-05-10,17.67
2486,2025-05-31,18.59
2486,2025-06-23,52.43
2486,2025-07-11,41.0
2486,2025-07-20,18.15
2486,2025-08-03,6.23
2486,2025-08-31,16.35
2486,2025-09-16,34.48
2486,2025-10-17,28.38
2486,2025-10-26,31.25
2487,2024-06-06,59.45
2488,2024-03-19,19.31
2488,2024-04-10,17.87
2488,2024-08-21,13.04
2488,2024-11-04,31.6
2488,2025-06-04,12.6
2488,2025-08-17,4.17
2488,2025-08-26,13.34
2488,2025-10-03,16.63
2488,2025-10-06,9.29
2488,2025-12-18,9.48
2489,2024-04-23,7.88
2490,2024-05-03,17.48
2490,2024-06-23,14.01
2490,2024-07-10,11.25
2490,2024-07-26,15.35
2490,2024-07-30,10.24
2490,2024-09-01,7.75
2490,2024-10-09,6.9
2490,2024-10-17,5.06
2490,2024-10-17,16.35
2490,2024-12-05,16.4
2490,2024-12-21,12.03
2490,2024-12-31,18.59
2490,2025-02-27,11.34
2490,2025-03-22,8.57
2490,2025-05-12,14.6
2490,2025-07-07,22.97
2490,2025-08-07,11.16
2490,2025-10-03,18.33
2491,2024-05-23,23.7
2492,2024-02-09,19.52
2492,2024-03-22,12.91
2492,2024-06-29,7.87
2492,2024-08-29,16.42
2492,2024-11-21,7.99
2492,2025-02-19,20.78
2492,2025-03-29,32.02
2492,2025-04-24,14.21
2492,2025-05-04,23.22
2492,2025-09-03,10.11
2492,2025-10-22,15.22
2492,2025-11-09,16.76
2492,2025-11-20,29.96
2492,2025-11-21,20.02
2492,2025-11-26,24.62
2493,2024-04-30,53.64
2493,2024-06-22,31.57
2493,2024-09-03,25.44
2493,2024-11-30,6.19
2493,2024-12-11,53.99
2493,2025-03-09,41.76
2493,2025-09-15,41.7
2493,2025-09-17,22.27
2493,2025-10-08,36.18
2493,2025-11-03,57.8
2493,2025-12-19,17.02
2494,2024-04-27,21.09
2495,2024-06-11,13.83
2496,2024-05-04,34.77
2496,2024-06-17,15.04
2496,2024-06-18,24.69
2496,2024-06-23,16.74
2497,2024-05-18,12.21
2497,2024-07-11,22.01
2497,2025-06-04,24.28
2497,2025-06-09,9.2
2497,2025-06-09,13.77
2497,2025-06-10,19.24
2497,2025-10-29,17.54
2498,2024-02-05,39.27
2499,2024-01-08,14.02
2500,2024-03-17,12.58
2501,2024-06-10,29.56
2502,2024-02-16,50.52
2503,2024-05-01,14.03
2503,2024-12-25,26.95
2503,2024-12-31,4.61
2503,2025-05-01,18.92
2503,2025-05-27,15.06
2503,2025-06-02,14.9
2504,2024-03-04,56.58
2505,2024-04-23,49.57
2505,2024-04-30,23.11
2505,2024-05-05,60.15
2505,2024-07-03,14.08
2505,2024-09-10,31.78
2505,2024-09-11,23.35
2505,2024-09-19,18.1
2505,2024-09-28,15.85
2505,2024-10-10,33.47
2505,2024-10-16,30.51
2505,2024-10-26,22.3
2505,2024-11-23,17.1
2505,2024-11-24,39.97
2505,2025-01-08,38.43
2505,2025-01-10,31.48
2505,2025-02-02,12.97
2505,2025-03-13,15.2
2505,2025-05-19,35.83
2505,2025-05-26,28.92
2505,2025-06-10,37.69
2505,2025-06-25,13.18
2505,2025-08-29,26.47
2505,2025-09-24,24.78
2505,2025-10-24,19.0
2505,2025-10-31,28.69
2505,2025-11-14,15.99
2505,2025-11-21,48.18
2505,2025-11-29,27.14
2505,2025-12-07,26.54
2506,2024-02-20,28.06
2506,2024-04-07,25.09
2507,2024-04-11,28.96
2508,2024-05-07,27.46
2509,2024-02-24,43.98
2509,2024-04-22,34.08
2509,2024-05-19,29.12
2509,2024-06-03,30.43
2509,2024-06-14,36.1
2509,2024-06-28,30.99
2509,2024-07-11,17.1
2509,2024-07-18,35.42
2509,2024-09-11,23.45
2509,2024-10-28,28.36
2509,2024-12-03,30.95
2509,2024-12-10,10.21
2509,2025-02-23,17.31
2509,2025-04-05,41.35
2509,2025-06-01,52.74
2509,2025-07-07,27.37
2509,2025-08-14,28.07
2509,2025-09-19,71.07
2509,2025-10-04,47.6
2509,2025-10-30,36.96
2510,2024-06-24,44.79
2510,2024-07-05,17.52
2510,2024-07-18,56.43
2510,2024-09-27,15.75
2510,2024-10-04,25.82
2510,2024-10-10,22.74
2510,2024-12-10,32.51
2511,2024-02-21,10.33
2511,2024-03-27,13.01
2511,2024-05-15,20.46
2512,2024-06-03,17.1
2512,2024-08-07,19.21
2512,2024-08-15,63.24
2512,2024-08-18,26.77
2512,2024-08-28,34.32
2512,2024-09-13,18.09
2512,2024-10-03,21.03
2512,2024-10-23,15.62
2512,2024-12-02,40.78
2512,2024-12-09,22.2
2512,2024-12-22,55.21
2512,2025-01-13,22.26
2512,2025-02-23,31.8
2512,2025-08-29,30.85
2512,2025-09-14,27.1
2512,2025-10-21,43.08
2513,2024-06-29,8.65
2513,2024-07-14,3.77
2514,2024-02-27,11.1
2514,2024-08-11,17.23
2514,2024-09-07,28.04
2514,2024-09-27,37.69
2514,2024-11-01,18.36
2514,2025-04-03,15.23
2514,2025-06-27,19.78
2514,2025-07-05,25.92
2514,2025-07-09,9.78
2515,2024-02-23,57.13
2515,2024-03-15,8.48
2515,2024-03-29,38.76
2515,2024-05-23,22.26
2515,2024-06-18,8.67
2515,2024-06-28,28.39
2516,2024-06-29,8.54
2517,2024-06-26,11.42
2517,2024-06-29,21.0
2518,2024-06-20,15.21
2518,2024-10-16,18.35
2518,2024-11-07,20.67
2518,2025-01-22,21.34
2519,2024-06-09,86.82
2519,2024-06-22,44.61
2520,2024-03-08,28.94
2521,2024-06-13,26.43
2522,2024-05-26,30.98
2522,2024-05-28,20.26
2522,2024-07-05,22.37
2522,2024-07-20,37.03
2522,2024-08-11,32.9
2522,2024-10-25,20.52
2522,2024-11-26,52.98
2522,2024-12-30,22.15
2522,2025-01-09,42.15
2522,2025-01-24,15.77
2522,2025-03-23,66.89
2522,2025-04-02,35.38
2522,2025-04-17,17.29
2522,2025-05-08,14.72
2522,2025-05-11,42.48
2522,2025-07-30,37.59
2522,2025-08-28,44.85
2523,2024-01-15,42.6
2523,2024-01-29,34.77
2523,2024-01-31,26.67
2523,2024-03-12,33.38
2523,2024-05-08,37.52
2523,2024-08-19,19.54
2523,2024-09-13,10.19
2523,2024-10-10,33.61
2523,2024-11-10,46.3
2523,2024-11-27,41.57
2523,2025-01-02,73.6
2523,2025-01-23,66.49
2523,2025-05-01,46.6
2523,2025-07-25,61.72
2523,2025-09-29,42.26
2523,2025-10-15,39.64
2523,2025-12-04,39.94
2523,2025-12-25,61.88
2524,2024-04-19,65.44
2525,2024-04-21,82.46
2525,2024-05-03,69.15
2525,2024-05-06,100.94
2525,2024-05-26,59.51
2525,2024-06-05,43.68
2525,2024-06-14,122.27
2525,2024-06-21,53.89
2525,2024-08-18,76.19
2525,2024-08-22,88.33
2525,2024-10-05,80.86
2525,2024-10-18,57.95
2525,2024-10-24,57.8
2525,2024-10-26,76.31
2525,2024-11-11,116.23
2525,2024-11-20,93.52
2526,2024-01-19,22.61
2526,2024-02-20,22.89
2526,2024-05-05,24.26
2526,2024-05-15,30.76
2526,2024-07-10,40.56
2527,2024-06-09,50.76
2528,2024-03-05,25.19
2529,2024-01-17,29.18
2530,2024-03-29,24.07
2530,2024-12-14,23.17
2530,2024-12-17,7.52
2530,2025-05-27,14.24
2530,2025-06-18,19.86
2530,2025-08-23,11.26
2530,2025-12-24,15.2
2531,2024-04-28,47.56
2532,2024-06-21,29.26
2532,2024-06-22,35.73
2533,2024-04-25,35.12
2534,2024-05-18,62.84
2534,2024-05-26,58.15
2535,2024-02-10,32.27
2535,2024-09-06,28.15
2535,2025-05-10,50.46
2536,2024-03-27,5.75
2536,2024-07-29,14.71
2536,2024-09-03,21.92
2536,2025-03-05,15.91
2536,2025-04-09,11.4
2536,2025-06-06,9.7
2536,2025-09-27,10.21
2536,2025-10-23,17.3
2537,2024-06-02,80.81
2537,2024-12-13,52.07
2537,2024-12-30,61.54
2537,2025-08-28,33.63
2538,2024-01-17,45.08
2538,2024-03-02,56.9
2538,2024-08-15,65.4
2539,2024-03-03,18.02
2539,2024-03-12,17.6
2539,2024-08-27,9.07
2540,2024-04-14,29.82
2540,2024-07-14,36.98
2540,2024-07-18,38.3
2540,2024-07-30,44.55
2540,2024-07-30,52.58
2540,2024-08-09,46.91
2540,2024-09-27,55.71
2540,2024-09-29,67.44
2540,2024-09-30,35.16
2540,2024-10-23,33.65
2540,2024-11-14,30.73
2540,2024-12-07,28.2
2540,2024-12-28,15.31
2540,2025-01-16,25.06
2540,2025-03-04,13.29
2540,2025-06-10,57.96
2540,2025-06-14,19.47
2540,2025-11-15,16.3
2540,2025-11-18,21.81
2541,2024-02-11,36.27
2541,2024-02-14,53.17
2541,2024-06-12,13.5
2541,2024-08-19,24.31
2541,2025-09-21,46.44
2541,2025-12-10,48.53
2541,2025-12-12,22.67
2542,2024-01-25,51.65
2543,2024-01-21,22.19
2543,2024-05-29,7.91
2543,2024-06-26,10.85
2544,2024-05-24,34.42
2544,2024-08-19,17.46
2544,2024-09-26,12.79
2544,2024-10-08,32.88
2544,2024-11-01,22.87
2544,2024-11-02,15.09
2544,2024-12-03,22.93
2544,2025-04-05,27.54
2544,2025-04-26,13.76
2544,2025-05-08,19.13
2545,2024-06-11,25.24
2545,2024-07-14,59.18
2545,2024-09-14,68.44
2545,2024-10-03,27.24
2545,2024-10-14,24.37
2545,2024-10-26,45.26
2545,2025-01-20,30.72
2545,2025-02-09,44.47
2545,2025-03-02,61.77
2545,2025-03-19,51.11
2545,2025-04-17,38.49
2545,2025-04-30,69.33
2545,2025-05-05,66.33
2545,2025-06-01,57.76
2545,2025-06-15,30.33
2545,2025-06-27,22.47
2545,2025-07-01,56.94
2545,2025-07-05,18.51
2545,2025-07-09,20.82
2545,2025-08-15,25.27
2546,2024-06-24,22.82
2547,2024-05-29,8.12
2548,2024-02-01,40.29
2548,2024-05-19,20.31
2548,2024-07-14,44.21
2549,2024-06-01,15.36
2549,2024-06-20,14.8
2549,2024-09-04,17.77
2549,2024-09-18,15.7
2549,2025-01-17,18.15
2549,2025-02-19,23.53
2549,2025-03-03,17.9
2549,2025-03-21,11.91
2549,2025-04-09,10.24
2549,2025-05-17,8.67
2549,2025-08-09,11.65
2549,2025-10-13,20.44
2550,2024-06-05,15.12
2550,2024-06-16,28.21
2550,2024-06-22,25.52
2550,2024-07-12,33.79
2551,2024-01-21,20.08
2552,2024-03-09,3.48
2552,2024-05-09,6.19
2552,2024-05-14,14.7
2552,2024-06-01,12.68
2552,2024-08-06,19.41
2552,2025-03-03,8.4
2552,2025-03-22,5.08
2552,2025-07-29,12.48
2553,2024-03-12,64.15
2553,2024-04-05,51.11
2553,2024-06-05,41.31
2553,2024-06-05,35.25
2553,2024-07-21,44.54
2553,2024-08-13,55.68
2553,2024-10-20,45.05
2553,2024-11-14,27.29
2553,2024-11-16,26.77
2553,2024-11-25,29.43
2553,2024-12-10,25.29
2553,2024-12-24,36.41
2553,2025-01-06,28.61
2553,2025-01-20,39.88
2553,2025-02-09,44.14
2553,2025-02-13,21.91
2553,2025-02-16,52.69
2553,2025-04-01,26.27
2553,2025-04-27,49.67
2553,2025-05-20,54.24
2553,2025-06-26,24.54
2553,2025-07-10,14.14
2553,2025-07-16,34.26
2553,2025-07-25,31.16
2553,2025-09-17,24.56
2553,2025-09-25,33.73
2553,2025-10-11,26.67
2553,2025-11-10,22.78
2553,2025-12-16,28.61
2554,2024-03-18,13.3
2554,2024-04-09,19.08
2554,2024-07-02,13.87
2554,2024-09-02,16.5
2555,2024-01-07,13.03
2555,2024-01-07,30.05
2555,2024-02-15,21.25
2556,2024-02-23,17.19
2557,2024-05-19,15.64
2557,2024-06-17,15.08
2557,2024-06-24,22.44
2557,2024-09-03,24.08
2557,2024-09-10,32.34
2557,2024-09-21,26.03
2557,2024-10-19,15.68
2557,2024-10-23,7.48
2557,2024-10-26,26.79
2557,2024-12-14,11.65
2558,2024-02-10,40.57
2558,2024-03-21,54.42
2558,2024-03-27,49.01
2558,2024-04-07,34.14
2558,2024-04-08,48.59
2558,2024-05-01,28.82
2558,2024-05-02,24.0
2559,2024-06-03,46.35
2560,2024-03-16,66.74
2561,2024-01-31,11.66
2561,2024-02-10,28.12
2561,2024-02-11,37.06
2561,2024-03-05,23.49
2561,2024-03-09,43.45
2561,2024-03-29,16.49
2561,2024-04-20,25.23
2561,2024-04-20,17.0
2561,2024-05-01,21.71
2561,2024-05-11,24.49
2561,2024-05-14,19.84
2561,2024-05-15,29.28
2561,2024-05-16,4.84
2561,2024-05-19,20.95
2561,2024-06-05,22.27
2561,2024-07-14,26.26
2561,2024-07-25,16.12
2561,2024-08-11,38.15
2561,2024-08-25,33.65
2561,2024-09-01,20.14
2561,2024-09-02,25.07
2561,2024-09-25,23.63
2561,2024-10-12,21.2
2561,2024-10-13,29.1
2561,2024-10-25,19.01
2561,2024-11-07,31.37
2561,2024-11-26,34.79
2561,2024-12-04,15.23
2561,2024-12-11,24.88
2561,2024-12-12,11.41
2561,2025-01-02,32.19
2561,2025-01-09,19.87
2561,2025-01-16,38.3
2561,2025-02-20,11.11
2561,2025-02-28,23.8
2561,2025-04-01,53.06
2561,2025-04-04,18.35
2561,2025-04-14,38.96
2561,2025-05-06,24.87
2561,2025-05-18,20.44
2561,2025-05-24,37.79
2561,2025-05-29,27.76
2561,2025-06-06,26.71
2561,2025-06-14,37.66
2561,2025-07-22,35.08
2561,2025-08-14,9.7
2561,2025-08-15,53.22
2561,2025-08-25,22.86
2561,2025-09-19,28.39
2561,2025-10-05,10.52
2561,2025-10-09,30.62
2561,2025-10-10,11.59
2561,2025-10-28,13.56
2561,2025-11-14,23.26
2561,2025-11-25,19.06
2561,2025-12-27,27.95
2562,2024-01-25,17.55
2562,2024-01-31,29.32
2562,2024-02-11,8.79
2562,2024-02-16,17.47
2562,2024-02-21,22.69
2562,2024-03-08,12.96
2562,2024-03-29,16.74
2562,2024-04-13,15.73
2562,2024-04-15,9.06
2562,2024-05-30,12.38
2563,2024-06-09,44.34
2563,2024-06-21,10.18
2563,2024-08-08,57.98
2564,2024-05-16,135.62
2564,2024-05-24,59.23
2564,2024-10-06,38.71
2564,2024-11-07,31.81
2564,2024-12-18,101.25
2564,2025-02-04,108.5
2564,2025-02-08,50.02
2564,2025-03-30,66.39
2564,2025-05-31,49.94
2564,2025-07-20,33.57
2565,2024-02-13,8.57
2565,2024-05-06,36.31
2565,2024-08-12,27.69
2565,2024-09-10,10.62
2565,2024-10-01,15.94
2565,2024-10-03,30.75
2565,2024-11-08,36.53
2565,2025-01-03,21.52
2565,2025-10-27,22.54
2565,2025-11-14,27.33
2566,2024-06-30,26.14
2567,2024-02-17,6.46
2567,2024-02-25,32.73
2567,2024-09-08,20.52
2567,2024-11-20,20.95
2567,2025-02-16,33.22
2567,2025-06-18,29.63
2567,2025-06-28,12.02
2567,2025-08-31,35.55
2568,2024-06-30,115.47
2568,2024-09-03,103.54
2568,2024-09-29,61.31
2569,2024-06-07,20.77
2569,2024-06-08,11.39
2569,2024-08-12,20.67
2569,2024-08-14,30.71
2569,2024-08-29,41.04
2569,2024-09-05,19.03
2569,2024-09-22,19.57
2569,2024-09-22,29.63
2569,2024-10-05,18.99
2569,2024-10-10,48.17
2569,2024-10-14,12.62
2569,2024-11-22,27.57
2570,2024-02-16,196.2
2570,2024-02-17,114.57
2570,2024-03-04,120.65
2571,2024-03-28,56.48
2571,2024-04-10,51.66
2571,2024-05-14,31.27
2571,2024-06-19,55.94
2571,2024-06-22,44.56
2571,2024-08-01,44.33
2571,2024-08-24,42.06
2571,2024-09-11,42.16
2571,2024-11-27,22.42
2571,2025-01-11,37.7
2571,2025-05-10,10.55
2572,2024-01-16,7.28
2572,2024-03-13,14.92
2572,2024-06-26,21.86
2572,2024-12-11,8.46
2572,2025-09-12,22.46
2573,2024-05-31,91.2
2574,2024-06-29,51.66
2574,2024-09-07,62.51
2574,2024-09-16,27.07
2574,2024-12-08,29.24
2574,2025-01-11,37.15
2574,2025-01-15,30.42
2574,2025-02-19,21.24
2574,2025-02-21,41.33
2574,2025-03-16,13.15
2574,2025-03-25,10.66
2574,2025-03-26,19.95
2574,2025-05-25,46.68
2574,2025-05-31,31.9
2574,2025-06-28,32.75
2574,2025-07-28,18.48
2574,2025-08-08,61.23
2574,2025-08-27,29.41
2574,2025-08-29,33.13
2574,2025-09-02,16.95
2574,2025-09-06,40.68
2574,2025-09-09,27.64
2574,2025-10-03,38.82
2574,2025-11-02,35.97
2574,2025-11-21,31.92
2574,2025-11-25,45.25
2574,2025-12-10,38.69
2575,2024-06-21,68.49
2575,2024-07-10,60.36
2575,2024-09-14,32.07
2575,2024-10-09,74.74
2575,2024-12-13,24.45
2575,2024-12-18,83.45
2575,2025-02-27,32.08
2575,2025-03-14,36.51
2575,2025-03-17,14.41
2576,2024-03-07,21.96
2577,2024-03-03,14.98
2577,2024-03-09,26.18
2577,2024-08-27,18.97
2577,2024-09-16,15.78
2577,2024-11-13,17.02
2577,2024-12-10,13.79
2577,2024-12-23,5.93
2577,2024-12-30,23.14
2577,2025-01-15,5.26
2577,2025-01-17,13.33
2577,2025-04-02,9.44
2577,2025-04-06,11.63
2577,2025-04-09,17.28
2577,2025-04-17,21.29
2577,2025-05-20,20.59
2577,2025-05-21,34.43
2577,2025-05-26,17.37
2577,2025-06-21,14.69
2577,2025-07-21,10.51
2577,2025-08-08,12.32
2577,2025-09-09,11.22
2577,2025-09-18,19.92
2577,2025-09-22,15.29
2577,2025-10-22,14.77
2577,2025-10-29,12.58
2578,2024-05-15,16.97
2578,2024-10-29,30.16
2578,2024-11-14,32.17
2578,2025-01-15,20.07
2578,2025-01-16,10.91
2578,2025-01-17,29.28
2578,2025-03-26,23.96
2578,2025-04-02,22.05
2578,2025-05-03,15.77
2579,2024-02-19,37.85
2579,2024-04-06,41.95
2579,2024-05-24,39.85
2579,2024-05-30,29.35
2579,2024-06-08,38.89
2579,2024-09-08,67.21
2579,2024-10-06,59.77
2579,2024-10-21,39.11
2579,2024-11-22,36.05
2579,2025-05-07,35.64
2579,2025-05-08,27.09
2579,2025-08-03,23.41
2579,2025-08-05,43.16
2579,2025-11-14,26.55
2579,2025-11-30,44.69
2580,2024-03-19,21.61
2580,2024-03-30,15.61
2580,2024-04-17,17.27
2580,2024-05-01,11.68
2580,2024-05-07,18.86
2580,2024-05-15,17.34
2581,2024-05-13,63.36
2581,2024-08-15,26.11
2582,2024-04-24,358.92
2583,2024-06-07,52.81
2583,2024-06-28,37.86
2583,2024-07-14,31.36
2584,2024-03-24,30.24
2584,2024-05-09,23.19
2584,2024-11-05,21.85
2585,2024-03-26,35.63
2585,2024-03-29,32.69
2585,2024-06-21,28.51
2585,2024-07-04,33.39
2585,2024-08-19,23.11
2585,2024-08-30,31.3
2585,2024-09-08,47.37
2585,2024-10-26,39.31
2585,2024-11-19,46.75
2585,2024-11-22,30.8
2585,2024-12-04,49.17
2585,2025-01-15,15.64
2585,2025-02-15,17.86
2585,2025-02-25,22.45
2585,2025-03-31,20.39
2585,2025-05-19,32.07
2585,2025-08-15,39.59
2585,2025-08-19,17.73
2585,2025-11-12,18.24
2585,2025-11-16,38.27
2585,2025-11-16,47.01
2586,2024-02-19,37.93
2586,2024-03-05,32.61
2586,2024-07-06,23.47
2586,2024-08-01,24.48
2587,2024-01-15,19.66
2587,2024-03-24,44.51
2587,2024-03-28,20.89
2587,2024-04-22,40.85
2587,2024-05-13,14.95
2587,2024-08-23,18.34
2587,2024-09-22,11.45
2587,2024-09-26,33.66
2587,2024-10-06,13.3
2587,2024-10-29,25.04
2587,2024-11-16,23.16
2587,2024-12-06,37.47
2587,2024-12-22,43.85
2587,2025-01-10,20.69
2587,2025-01-15,37.59
2587,2025-01-29,20.34
2587,2025-03-07,26.17
2587,2025-04-03,35.18
2587,2025-07-27,19.78
2587,2025-07-31,13.91
2587,2025-08-06,29.15
2587,2025-10-10,17.87
2588,2024-03-03,31.48
2589,2024-03-19,23.89
2589,2024-05-04,46.18
2590,2024-06-12,64.19
2590,2024-07-31,95.56
2590,2024-08-26,92.27
2590,2024-09-17,29.12
2590,2024-12-13,35.67
2590,2025-12-06,13.16
2590,2025-12-08,88.27
2591,2024-03-17,19.17
2591,2024-12-23,17.44
2592,2024-02-22,26.43
2593,2024-06-14,8.09
2593,2024-06-19,6.36
2593,2024-06-28,5.73
2593,2024-07-08,9.29
2593,2024-07-27,5.76
2593,2024-08-05,8.5
2593,2024-08-22,6.26
2593,2024-08-22,12.56
2593,2024-08-27,8.95
2593,2024-09-04,11.42
2594,2024-06-26,13.1
2594,2024-06-26,26.89
2594,2024-07-07,20.87
2594,2024-07-15,17.55
2594,2024-07-21,14.93
2594,2024-08-01,7.36
2594,2024-08-01,8.16
2594,2024-08-23,15.44
2594,2024-09-02,8.85
2594,2024-09-19,16.27
2594,2024-10-03,14.57
2594,2024-10-05,10.11
2595,2024-05-26,17.82
2596,2024-02-21,23.96
2596,2024-06-15,8.51
2596,2024-09-27,24.84
2597,2024-04-09,125.1
2597,2024-06-13,26.74
2598,2024-02-09,17.95
2599,2024-03-29,32.56
2600,2024-01-24,33.45
2600,2024-03-06,17.95
2600,2025-02-21,10.91
2601,2024-04-25,241.39
2602,2024-01-01,15.48
2602,2024-01-12,26.58
2603,2024-05-25,42.62
2603,2024-05-28,18.94
2603,2024-06-22,14.88
2603,2024-06-23,42.89
2603,2024-07-11,12.42
2603,2024-07-12,20.56
2603,2024-07-25,36.57
2604,2024-05-22,24.27
2604,2024-06-06,32.86
2604,2024-08-23,17.39
2604,2024-10-08,17.32
2604,2024-10-13,21.11
2604,2024-11-12,18.12
2604,2025-01-30,9.1
2604,2025-02-17,15.33
2604,2025-09-12,31.45
2604,2025-11-17,28.67
2604,2025-12-22,13.02
2604,2025-12-23,42.21
2604,2025-12-26,13.61
2604,2025-12-27,29.0
2605,2024-05-18,80.47
2605,2024-06-18,40.19
2605,2024-07-18,36.97
2606,2024-02-02,6.59
2607,2024-03-12,6.98
2608,2024-03-31,19.36
2609,2024-04-01,43.01
2610,2024-06-01,11.28
2610,2024-08-31,16.97
2610,2025-01-14,8.25
2610,2025-02-16,6.23
2610,2025-04-01,18.44
2610,2025-07-20,18.33
2610,2025-08-16,12.58
2610,2025-12-13,22.59
2611,2024-03-12,12.42
2611,2024-04-25,6.56
2611,2024-05-14,7.81
2611,2024-05-31,22.23
2611,2024-10-09,19.84
2611,2024-12-08,8.63
2611,2025-01-31,7.29
2611,2025-02-07,16.48
2611,2025-03-09,11.61
2611,2025-06-22,9.51
2611,2025-11-26,16.18
2612,2024-05-19,66.27
2612,2024-06-01,75.05
2613,2024-02-20,27.24
2613,2024-04-23,25.34
2614,2024-01-17,22.76
2615,2024-05-16,15.13
2615,2024-06-11,13.28
2615,2024-06-23,18.16
2616,2024-03-17,50.69
2616,2024-05-18,31.24
2617,2024-05-05,38.01
2617,2024-05-07,22.46
2617,2024-05-23,35.58
2617,2024-06-27,42.66
2617,2024-07-12,25.71
2617,2024-07-13,32.58
2617,2024-07-26,13.22
2617,2024-08-06,19.23
2617,2024-08-27,38.35
2617,2024-08-28,28.62
2617,2024-08-31,20.12
2617,2024-09-01,26.93
2617,2024-09-09,21.75
2617,2024-10-12,32.09
2617,2024-10-13,26.6
2617,2024-11-10,38.25
2617,2024-11-11,28.76
2617,2024-12-03,33.83
2617,2024-12-30,26.71
2617,2025-02-01,16.27
2617,2025-02-05,11.77
2617,2025-03-14,36.81
2617,2025-05-06,34.32
2617,2025-05-08,18.54
2617,2025-05-12,17.97
2617,2025-05-16,30.11
2617,2025-05-21,12.12
2617,2025-06-04,44.65
2617,2025-06-09,29.07
2617,2025-06-30,43.05
2617,2025-07-22,20.24
2617,2025-07-24,47.69
2617,2025-07-26,29.94
2617,2025-08-06,13.82
2617,2025-08-15,34.14
2617,2025-08-20,15.14
2617,2025-09-23,16.49
2617,2025-10-19,45.25
2617,2025-10-29,16.2
2617,2025-11-23,10.92
2617,2025-12-03,25.7
2617,2025-12-06,26.19
2617,2025-12-14,46.43
2617,2025-12-25,15.53
2618,2024-01-09,7.15
2618,2024-02-25,15.9
2618,2024-08-28,25.12
2618,2024-08-28,18.8
2618,2024-10-14,10.99
2618,2025-03-10,10.87
2618,2025-03-27,10.42
2618,2025-04-28,9.18
2618,2025-06-23,5.27
2618,2025-08-26,15.29
2619,2024-03-01,30.21
2619,2024-03-22,8.61
2619,2024-03-28,15.91
2619,2024-05-13,18.2
2619,2024-05-29,28.21
2619,2024-06-11,33.23
2619,2024-07-11,28.6
2619,2024-10-10,15.11
2619,2025-02-03,19.47
2619,2025-02-22,12.17
2619,2025-03-15,25.13
2619,2025-04-26,20.32
2619,2025-06-06,12.76
2619,2025-06-21,8.03
2619,2025-07-28,23.01
2619,2025-08-05,23.59
2619,2025-08-07,18.81
2619,2025-09-11,11.67
2619,2025-10-17,17.59
2619,2025-10-24,18.07
2619,2025-11-11,16.79
2619,2025-11-23,23.54
2619,2025-11-23,16.47
2620,2024-04-13,11.52
2620,2024-05-18,23.15
2621,2024-05-09,14.25
2622,2024-02-19,32.5
2623,2024-02-29,28.16
2623,2024-06-29,88.11
2623,2024-07-13,48.18
2623,2024-08-07,113.34
2623,2024-10-31,71.5
2623,2025-07-04,109.24
2623,2025-09-17,45.7
2624,2024-02-10,56.87
2624,2025-04-13,15.26
2624,2025-04-26,19.6
2625,2024-04-05,66.46
2626,2024-03-30,33.79
2626,2024-05-05,38.38
2627,2024-03-06,20.33
2628,2024-02-18,20.17
2629,2024-02-07,10.51
2630,2024-06-24,26.68
2630,2024-07-10,18.75
2630,2024-07-23,10.58
2630,2024-08-17,28.09
2630,2024-10-25,17.76
2631,2024-03-30,8.46
2631,2024-10-27,11.38
2631,2024-12-29,12.66
2632,2024-04-14,22.19
2632,2024-04-17,37.68
2632,2024-11-13,40.85
2632,2025-01-17,35.94
2632,2025-04-01,65.49
2632,2025-05-31,25.19
2632,2025-08-27,50.38
2632,2025-10-23,23.3
2632,2025-12-11,29.75
2633,2024-03-12,20.81
2633,2024-03-17,21.83
2633,2024-03-28,35.88
2633,2024-04-12,41.25
2633,2024-05-05,27.03
2633,2024-06-02,25.35
2633,2024-06-09,22.15
2633,2024-06-17,18.39
2633,2024-06-19,43.67
2633,2024-06-27,8.42
2633,2024-07-12,18.7
2633,2024-08-01,22.5
2633,2024-09-23,25.59
2633,2024-09-24,17.77
2633,2024-10-03,28.02
2633,2024-10-06,11.62
2633,2024-10-16,24.91
2633,2024-10-18,19.81
2633,2024-10-24,28.19
2633,2024-11-14,40.38
2633,2024-11-16,30.92
2633,2024-12-31,31.94
2634,2024-03-13,7.43
2634,2024-06-26,9.32
2634,2024-06-28,7.01
2634,2024-06-29,10.52
2634,2024-07-30,19.39
2634,2024-07-30,2.74
2634,2024-08-10,20.34
2634,2024-08-19,13.18
2634,2024-08-21,13.13
2634,2024-08-27,11.95
2634,2024-09-12,5.47
2634,2024-10-04,8.81
2634,2024-11-05,12.56
2634,2024-11-19,10.1
2635,2024-06-21,20.47
2636,2024-04-15,42.52
2637,2024-06-04,17.66
2637,2024-06-08,15.47
2638,2024-05-31,18.9
2638,2024-06-03,22.36
2639,2024-05-02,44.58
2640,2024-03-21,65.25
2640,2024-03-22,70.85
2641,2024-06-27,29.9
2641,2024-07-24,22.79
2641,2024-08-08,38.97
2641,2025-02-23,49.27
2641,2025-03-26,24.52
2642,2024-02-12,14.09
2643,2024-06-02,19.74
2643,2024-06-02,46.53
2643,2024-07-01,38.09
2643,2024-07-03,14.99
2643,2024-07-05,26.06
2643,2024-07-12,29.92
2643,2024-07-17,27.81
2643,2024-07-18,26.64
2643,2024-07-20,39.55
2643,2024-08-06,33.14
2643,2024-08-06,24.55
2643,2024-08-25,41.42
2643,2024-08-31,19.18
2643,2024-09-15,30.13
2643,2024-10-16,33.14
2643,2024-10-16,37.75
2643,2024-10-17,19.11
2643,2024-10-18,6.42
2644,2024-02-12,86.27
2644,2024-03-05,71.33
2645,2024-01-06,17.86
2646,2024-01-24,27.9
2646,2024-02-04,24.69
2646,2024-02-04,30.44
2646,2024-02-25,42.6
2647,2024-05-05,10.62
2647,2024-08-05,24.99
2647,2024-10-15,39.08
2647,2024-11-09,37.27
2647,2024-11-12,26.8
2647,2024-12-28,32.19
2647,2025-01-12,27.78
2647,2025-10-02,11.71
2647,2025-11-30,37.96
2647,2025-12-05,16.12
2648,2024-03-17,33.62
2648,2024-05-05,31.72
2648,2024-06-18,53.72
2648,2024-07-14,39.98
2648,2024-08-10,50.04
2648,2024-10-05,52.19
2648,2024-10-20,16.73
2649,2024-05-27,16.12
2649,2024-06-07,33.62
2649,2024-07-24,11.38
2649,2024-08-10,37.67
2649,2024-09-26,17.87
2649,2024-11-17,20.76
2649,2025-03-19,22.72
2649,2025-03-22,56.39
2649,2025-05-03,21.26
2649,2025-05-11,25.08
2650,2024-04-18,14.91
2650,2024-04-22,6.49
2650,2024-05-09,7.58
2650,2024-05-13,25.37
2651,2024-02-12,30.95
2651,2024-02-28,23.17
2651,2024-03-04,39.18
2651,2024-07-11,53.46
2651,2024-07-13,25.6
2651,2024-08-13,33.85
2651,2024-09-03,15.03
2651,2024-09-10,30.64
2651,2024-09-26,5.48
2652,2024-04-24,7.94
2652,2025-05-26,12.84
2653,2024-02-14,23.55
2653,2024-03-05,63.42
2653,2024-08-21,56.17
2653,2024-09-21,26.43
2653,2024-09-24,28.97
2654,2024-05-27,24.48
2654,2024-05-31,19.65
2654,2024-06-19,9.05
2654,2024-08-10,16.2
2654,2024-09-07,21.07
2654,2024-11-16,30.54
2654,2025-01-04,40.83
2654,2025-01-12,30.45
2654,2025-01-18,20.73
2654,2025-01-18,31.49
2654,2025-01-22,20.31
2654,2025-04-03,10.96
2654,2025-05-04,22.16
2654,2025-05-15,10.74
2654,2025-09-08,16.57
2654,2025-09-09,15.7
2654,2025-09-19,34.44
2654,2025-11-23,34.65
2655,2024-05-16,62.55
2655,2024-07-19,31.94
2656,2024-03-07,31.94
2656,2024-04-01,19.99
2656,2024-04-05,29.1
2656,2024-04-09,21.8
2656,2024-04-14,37.54
2656,2024-05-01,35.58
2657,2024-05-14,18.68
2657,2024-07-11,11.72
2657,2024-07-15,16.77
2657,2024-08-07,3.42
2657,2024-09-18,7.22
2657,2024-11-17,8.28
2657,2025-01-18,23.18
2657,2025-10-07,10.85
2657,2025-10-15,23.22
2657,2025-12-18,23.59
2658,2024-06-17,22.28
2658,2024-06-22,32.02
2658,2024-11-29,21.11
2658,2025-01-23,15.92
2658,2025-01-23,16.28
2658,2025-03-03,15.5
2658,2025-04-12,18.1
2658,2025-06-05,9.23
2658,2025-09-27,30.56
2659,2024-02-03,18.93
2659,2024-02-05,54.08
2659,2024-04-19,44.91
2659,2024-05-25,44.19
2659,2024-11-28,53.07
2660,2024-05-19,22.91
2661,2024-03-29,50.15
2661,2024-10-05,41.77
2661,2025-06-22,32.13
2662,2024-02-25,36.64
2662,2024-02-25,20.16
2662,2024-03-04,20.68
2662,2024-03-09,37.27
2662,2024-05-12,26.39
2663,2024-03-17,6.05
2663,2024-03-24,12.67
2663,2024-03-31,10.52
2663,2024-08-13,7.72
2663,2024-08-14,9.77
2663,2024-09-29,21.61
2664,2024-04-23,10.07
2665,2024-03-12,13.78
2665,2024-08-12,19.7
2665,2024-08-12,19.09
2665,2024-10-01,19.36
2665,2025-04-23,26.72
2665,2025-04-24,16.22
2665,2025-04-27,29.8
2665,2025-06-03,26.82
2665,2025-07-01,56.54
2665,2025-08-03,32.28
2665,2025-09-01,13.8
2665,2025-11-11,11.39
2665,2025-11-25,12.96
2666,2024-05-22,20.78
2666,2024-05-28,18.71
2666,2024-05-30,22.63
2666,2024-07-15,9.67
2666,2024-08-01,17.75
2666,2024-09-02,23.27
2666,2024-09-05,29.44
2666,2024-11-06,24.41
2666,2024-11-22,16.88
2666,2024-11-23,11.55
2666,2024-12-04,10.91
2666,2024-12-23,11.59
2666,2025-01-02,22.17
2666,2025-01-03,30.26
2666,2025-01-30,15.83
2666,2025-02-19,14.32
2666,2025-02-24,35.01
2666,2025-04-02,17.78
2666,2025-04-15,34.14
2666,2025-04-24,13.34
2666,2025-04-27,31.9
2666,2025-05-28,19.26
2666,2025-06-21,11.7
2666,2025-06-25,13.07
2666,2025-07-26,26.54
2667,2024-04-27,32.37
2668,2024-04-04,26.73
2669,2024-01-09,110.65
2669,2024-02-23,63.65
2669,2024-06-10,139.11
2669,2024-08-13,169.66
2669,2024-10-02,129.68
2669,2024-10-13,225.87
2670,2024-01-06,8.09
2671,2024-01-16,22.23
2671,2024-01-21,23.57
2671,2024-03-12,15.32
2671,2024-03-21,23.06
2671,2024-06-16,8.6
2671,2024-06-17,12.58
2671,2024-08-11,23.58
2671,2024-08-31,14.59
2671,2025-02-07,16.55
2671,2025-02-08,16.85
2671,2025-02-18,24.6
2671,2025-03-31,17.67
2671,2025-04-06,20.57
2671,2025-04-20,24.84
2671,2025-05-02,7.04
2671,2025-05-18,10.46
2671,2025-05-18,28.96
2671,2025-08-06,7.75
2671,2025-09-10,13.81
2671,2025-09-24,12.87
2671,2025-10-03,30.3
2671,2025-12-20,5.03
2671,2025-12-22,21.49
2672,2024-05-12,25.15
2673,2024-03-22,20.77
2674,2024-01-12,14.57
2674,2024-02-08,14.07
2674,2024-06-28,16.95
2674,2024-09-02,16.3
2674,2024-09-17,13.9
2674,2024-11-07,23.23
2674,2025-03-17,38.15
2674,2025-03-19,19.23
2674,2025-05-10,17.1
2674,2025-09-03,8.85
2674,2025-11-13,7.7
2675,2024-03-23,6.86
2675,2024-03-25,9.15
2675,2024-04-04,5.47
2675,2024-04-04,6.85
2675,2024-04-10,7.73
2675,2024-04-25,5.13
2675,2024-06-08,8.5
2675,2024-06-12,4.0
2675,2024-06-24,4.06
2675,2024-07-02,8.47
2675,2024-07-12,8.17
2675,2024-07-15,6.41
2675,2024-07-26,4.76
2675,2024-08-30,9.08
2675,2024-09-02,13.17
2675,2024-09-05,7.04
2675,2024-09-09,7.98
2675,2024-09-11,7.66
2675,2024-09-12,5.86
2675,2024-09-14,15.09
2675,2024-10-06,3.62
2675,2024-10-13,12.69
2675,2024-10-19,7.39
2675,2024-10-29,11.84
2675,2024-11-27,2.3
2675,2024-11-27,8.46
2675,2024-12-06,9.01
2675,2024-12-16,3.61
2675,2024-12-25,2.9
2675,2025-01-02,3.55
2675,2025-01-05,3.59
2675,2025-01-15,9.24
2675,2025-01-17,12.56
2675,2025-01-31,9.37
2675,2025-02-05,6.2
2675,2025-02-09,12.39
2675,2025-02-24,5.47
2675,2025-02-25,5.05
2675,2025-03-10,4.24
2675,2025-03-12,3.54
2675,2025-03-30,6.06
2675,2025-04-03,6.09
2675,2025-04-09,6.47
2675,2025-04-13,7.44
2675,2025-04-17,12.32
2675,2025-04-21,10.76
2675,2025-04-27,7.31
2675,2025-04-29,8.88
2675,2025-05-04,6.91
2675,2025-05-07,7.04
2675,2025-05-18,6.06
2675,2025-05-19,15.37
2675,2025-06-02,9.19
2675,2025-06-19,4.6
2675,2025-06-21,14.9
2675,2025-06-28,6.29
2675,2025-07-05,6.18
2675,2025-07-15,10.58
2675,2025-07-16,7.19
2675,2025-07-16,5.22
2675,2025-07-24,2.39
2675,2025-08-07,10.05
2675,2025-08-11,4.99
2675,2025-08-20,6.73
2675,2025-08-23,4.33
2675,2025-08-27,7.87
2675,2025-09-01,10.74
2675,2025-09-09,4.24
2675,2025-09-12,5.48
2675,2025-09-14,3.99
2675,2025-09-16,5.93
2675,2025-09-20,8.22
2675,2025-09-21,2.93
2675,2025-09-21,8.11
2675,2025-09-22,6.0
2675,2025-09-25,6.6
2675,2025-09-28,3.79
2675,2025-10-05,3.96
2675,2025-10-11,7.05
2675,2025-10-17,5.25
2675,2025-10-19,1.58
2675,2025-10-20,4.7
2675,2025-10-28,11.12
2675,2025-10-30,6.4
2675,2025-11-09,7.04
2675,2025-11-21,5.87
2675,2025-12-08,8.85
2675,2025-12-18,1.03
2675,2025-12-18,7.83
2675,2025-12-21,7.32
2675,2025-12-23,10.53
2676,2024-04-02,32.26
2676,2024-04-03,31.73
2676,2024-04-26,27.85
2676,2024-05-30,64.96
2676,2024-05-31,36.13
2677,2024-06-22,69.36
2678,2024-02-25,29.06
2679,2024-04-30,31.56
2680,2024-05-04,16.72
2681,2024-06-13,23.78
2681,2024-07-26,18.88
2682,2024-02-24,48.27
2683,2024-01-29,25.91
2683,2024-07-11,41.32
2683,2024-07-20,58.25
2683,2024-08-10,42.17
2683,2024-10-14,22.02
2683,2024-11-10,19.02
2683,2024-12-11,37.38
2683,2024-12-22,25.87
2683,2024-12-28,21.52
2683,2025-01-28,32.91
2683,2025-02-11,25.37
2683,2025-02-23,23.88
2683,2025-03-24,24.09
2683,2025-04-11,34.76
2683,2025-05-02,22.67
2683,2025-05-12,33.24
2683,2025-05-25,24.72
2683,2025-05-31,24.18
2683,2025-06-27,12.53
2683,2025-07-25,3.93
2683,2025-09-04,35.82
2683,2025-09-12,24.54
2683,2025-11-16,23.47
2683,2025-11-21,28.69
2683,2025-11-25,21.79
2683,2025-12-13,25.88
2684,2024-04-29,65.28
2684,2024-05-04,37.91
2685,2024-06-16,10.18
2685,2024-06-17,13.57
2685,2024-07-21,9.24
2685,2024-07-29,21.16
2685,2024-08-02,9.72
2685,2024-09-04,11.8
2685,2024-09-17,10.26
2685,2024-10-02,14.75
2685,2024-10-08,5.46
2685,2024-10-11,8.32
2685,2024-10-13,7.98
2685,2024-10-18,3.63
2685,2024-10-26,3.52
2685,2024-11-05,10.99
2685,2025-01-13,15.19
2685,2025-01-15,11.65
2685,2025-02-05,11.05
2685,2025-02-10,15.01
2685,2025-03-05,15.14
2685,2025-03-09,19.53
2685,2025-03-29,17.79
2685,2025-03-30,18.54
2685,2025-04-02,17.93
2685,2025-05-05,10.64
2685,2025-06-01,7.69
2685,2025-06-18,15.19
2685,2025-06-29,5.87
2685,2025-07-06,13.71
2685,2025-07-16,7.22
2685,2025-07-22,12.9
2685,2025-08-12,6.75
2685,2025-08-23,24.2
2685,2025-10-27,13.91
2685,2025-10-29,17.81
2685,2025-11-06,5.51
2686,2024-04-22,13.73
2686,2024-05-02,12.12
2686,2024-05-08,12.93
2686,2024-05-22,16.7
2686,2024-05-24,16.71
2686,2024-05-31,11.25
2686,2024-06-05,15.29
2686,2024-06-08,10.24
2686,2024-06-14,11.9
2686,2024-06-15,9.61
2686,2024-06-17,9.81
2686,2024-06-24,17.94
2686,2024-07-01,14.36
2686,2024-07-07,22.19
2686,2024-07-08,15.81
2686,2024-07-13,8.39
2686,2024-07-13,28.27
2686,2024-07-13,15.37
2686,2024-07-14,24.82
2686,2024-07-14,20.89
2686,2024-07-14,17.77
2686,2024-07-21,10.58
2686,2024-07-21,18.57
2686,2024-07-25,14.23
2686,2024-07-25,32.94
2686,2024-07-27,22.66
2686,2024-08-02,10.05
2686,2024-08-03,21.12
2686,2024-08-04,13.88
2686,2024-08-04,18.23
2686,2024-08-08,20.48
2686,2024-08-08,5.99
2686,2024-08-09,11.05
2686,2024-08-14,24.54
2686,2024-08-23,7.17
2686,2024-09-03,8.49
2686,2024-09-12,16.34
2686,2024-09-16,15.82
2687,2024-01-05,8.51
2688,2024-06-13,26.3
2689,2024-04-26,16.66
2689,2024-08-06,36.08
2689,2024-09-18,16.12
2689,2024-12-26,29.69
2689,2025-01-06,11.09
2689,2025-03-29,6.75
2689,2025-04-02,6.82
2689,2025-06-22,31.06
2689,2025-06-22,18.86
2690,2024-01-27,116.4
2691,2024-03-17,48.2
2691,2024-04-17,19.47
2692,2024-06-29,18.27
2692,2024-09-22,20.0
2693,2024-02-13,22.13
2694,2024-06-02,41.54
2695,2024-03-19,51.44
2695,2024-03-27,58.18
2695,2024-06-06,90.27
2695,2024-07-31,71.02
2695,2024-10-05,59.94
2695,2025-06-07,45.84
2695,2025-07-25,27.06
2695,2025-08-03,36.53
2695,2025-12-02,88.81
2696,2024-06-01,19.88
2696,2024-08-24,16.6
2696,2024-09-21,15.93
2696,2024-09-21,13.38
2696,2024-12-13,23.65
2696,2024-12-26,10.74
2696,2024-12-29,12.51
2696,2025-02-18,24.16
2696,2025-03-19,10.33
2696,2025-03-27,24.36
2696,2025-04-16,18.04
2696,2025-05-08,30.96
2696,2025-05-25,4.83
2696,2025-05-26,19.1
2696,2025-06-04,21.7
2696,2025-06-08,27.62
2696,2025-10-06,17.68
2696,2025-10-09,9.58
2696,2025-10-18,36.23
2696,2025-10-25,15.0
2696,2025-11-01,13.49
2696,2025-11-12,39.51
2696,2025-12-15,10.13
2696,2025-12-24,24.74
2697,2024-04-08,177.18
2697,2024-05-20,98.91
2697,2024-06-12,77.97
2697,2024-06-15,116.59
2697,2024-08-26,64.49
2697,2024-09-03,97.2
2697,2024-09-29,117.4
2697,2024-10-25,132.32
2697,2024-12-30,114.9
2697,2025-01-21,50.9
2697,2025-02-10,142.23
2697,2025-03-03,85.31
2697,2025-03-27,77.01
2697,2025-04-06,46.19
2697,2025-07-25,80.99
2697,2025-09-18,73.48
2697,2025-09-19,172.53
2697,2025-10-09,80.64
2697,2025-11-11,83.29
2697,2025-11-11,88.01
2697,2025-11-21,60.94
2698,2024-05-21,27.09
2698,2024-08-12,25.25
2698,2024-08-22,40.43
2698,2024-12-16,49.65
2698,2025-01-27,29.98
2698,2025-05-03,29.73
2698,2025-05-09,35.16
2698,2025-06-02,22.92
2698,2025-09-27,17.26
2698,2025-10-08,38.81
2699,2024-03-17,36.4
2700,2024-04-05,20.87
2700,2024-08-27,56.8
2700,2024-09-06,67.81
2700,2025-02-07,31.38
2700,2025-04-22,12.99
2701,2024-06-05,8.8
2701,2024-06-25,9.72
2701,2024-07-05,23.77
2701,2024-08-16,17.25
2702,2024-03-30,12.88
2703,2024-02-26,31.25
2703,2024-05-10,31.52
2703,2024-07-11,47.72
2704,2024-04-11,20.49
2704,2024-07-31,18.36
2704,2024-08-03,6.4
2704,2024-08-09,9.49
2704,2024-09-12,6.69
2704,2024-09-29,12.65
2704,2024-10-26,10.64
2704,2025-02-01,8.83
2705,2024-03-25,22.15
2705,2024-04-10,16.17
2705,2024-04-21,41.44
2705,2024-04-23,17.1
2705,2024-04-23,22.2
2705,2024-04-25,31.34
2705,2024-05-03,46.41
2705,2024-05-12,16.26
2705,2024-05-14,21.19
2705,2024-06-10,25.77
2705,2024-06-13,17.4
2705,2024-06-22,34.23
2705,2024-07-02,23.07
2705,2024-07-12,24.7
2705,2024-07-31,6.88
2705,2024-09-02,28.13
2705,2024-09-22,27.11
2705,2024-09-22,14.56
2705,2024-09-28,29.23
2705,2024-10-19,39.91
2705,2024-10-26,33.33
2705,2024-11-12,43.46
2705,2024-11-21,11.39
2705,2024-12-13,34.82
2705,2025-01-18,50.37
2705,2025-01-30,28.89
2705,2025-02-03,19.93
2705,2025-02-09,38.59
2705,2025-03-12,33.55
2705,2025-03-12,57.44
2705,2025-03-29,27.09
2705,2025-04-13,24.87
2705,2025-05-03,26.18
2705,2025-05-06,30.23
2705,2025-05-09,17.31
2705,2025-05-29,37.2
2705,2025-06-09,39.35
2705,2025-06-16,16.3
2705,2025-06-27,38.77
2705,2025-07-06,21.11
2705,2025-07-11,28.83
2705,2025-07-12,26.34
2705,2025-07-13,35.22
2705,2025-07-14,45.13
2705,2025-07-24,51.36
2705,2025-08-19,27.24
2705,2025-08-21,14.79
2705,2025-08-31,27.75
2705,2025-09-16,37.51
2705,2025-09-18,18.55
2705,2025-09-21,26.33
2705,2025-09-22,15.12
2705,2025-09-27,30.78
2705,2025-09-30,15.39
2705,2025-10-01,32.12
2705,2025-10-02,43.97
2705,2025-10-11,39.79
2705,2025-10-28,22.45
2705,2025-10-28,23.12
2705,2025-11-11,41.32
2705,2025-11-13,14.76
2705,2025-12-03,25.79
2705,2025-12-07,13.25
2706,2024-03-13,57.24
2707,2024-05-25,33.05
2707,2024-06-02,42.18
2707,2024-06-24,34.36
2707,2024-08-18,30.18
2707,2024-12-01,20.44
2707,2025-01-09,30.31
2707,2025-01-27,24.26
2707,2025-05-13,36.53
2707,2025-06-17,22.79
2707,2025-08-20,22.79
2708,2024-01-13,19.0
2708,2024-01-15,21.9
2708,2024-01-17,7.48
2709,2024-02-08,10.49
2710,2024-05-17,18.32
2711,2024-02-05,134.54
2711,2024-03-07,88.89
2711,2024-05-12,129.96
2711,2024-05-19,78.83
2711,2024-07-12,188.4
2711,2024-08-14,74.28
2711,2024-11-16,41.18
2711,2024-11-28,142.75
2711,2024-12-03,88.42
2711,2024-12-18,115.89
2711,2025-01-03,169.0
2711,2025-01-14,74.21
2711,2025-01-24,119.89
2711,2025-01-25,150.1
2711,2025-03-01,217.57
2711,2025-04-19,76.04
2711,2025-05-05,123.1
2711,2025-05-22,112.33
2711,2025-05-25,89.31
2711,2025-06-04,117.48
2711,2025-06-23,93.63
2711,2025-06-29,65.73
2711,2025-06-30,164.82
2711,2025-07-05,112.12
2711,2025-08-08,96.1
2711,2025-08-26,175.81
2711,2025-09-08,88.84
2711,2025-09-09,70.76
2711,2025-10-19,104.48
2711,2025-12-02,208.95
2712,2024-04-05,68.72
2712,2024-07-10,48.45
2712,2024-07-28,39.95
2712,2024-08-01,38.21
2712,2025-04-23,42.06
2712,2025-05-16,42.48
2712,2025-06-06,21.07
2712,2025-08-31,35.65
2713,2024-01-26,19.66
2713,2024-01-26,6.17
2713,2024-02-25,11.17
2713,2024-04-06,17.42
2713,2024-07-03,9.04
2713,2024-07-21,11.83
2713,2024-08-10,11.93
2713,2024-08-29,18.41
2713,2024-09-17,20.39
2713,2024-09-26,16.76
2713,2024-10-29,14.62
2713,2024-11-16,33.55
2713,2025-01-06,8.11
2713,2025-02-02,11.41
2714,2024-04-13,25.88
2714,2024-07-13,14.23
2714,2024-09-25,8.81
2714,2024-11-06,19.38
2714,2025-02-05,9.34
2715,2024-06-09,41.73
2716,2024-01-20,47.31
2716,2024-01-21,19.26
2716,2024-02-21,24.85
2716,2024-03-25,38.08
2716,2024-05-19,42.74
2716,2024-05-31,57.75
2716,2024-07-19,44.51
2716,2024-09-10,54.28
2716,2024-12-23,46.53
2716,2025-06-07,46.48
2716,2025-07-30,25.66
2716,2025-09-04,47.54
2716,2025-09-04,60.25
2716,2025-10-12,87.76
2716,2025-11-10,27.51
2717,2024-02-27,18.15
2717,2024-08-06,15.03
2717,2024-11-05,18.93
2717,2025-07-06,19.49
2718,2024-04-02,35.3
2719,2024-01-17,8.69
2719,2024-05-26,27.61
2719,2024-07-09,19.1
2719,2024-09-11,42.27
2720,2024-04-29,33.1
2720,2024-04-29,20.19
2720,2024-05-19,31.93
2720,2024-06-04,24.91
2720,2024-06-04,22.28
2720,2024-07-16,10.96
2720,2024-08-15,26.68
2720,2024-08-15,6.09
2720,2024-08-31,12.0
2720,2024-09-08,9.42
2720,2024-09-14,11.49
2720,2024-10-01,19.19
2720,2024-11-26,8.52
2720,2024-12-06,23.26
2720,2024-12-10,13.24
2720,2024-12-12,25.72
2720,2024-12-29,16.86
2720,2025-01-16,31.18
2720,2025-01-27,15.68
2720,2025-02-08,11.34
2720,2025-02-13,14.83
2720,2025-02-20,30.03
2720,2025-02-27,10.55
2720,2025-03-02,21.22
2720,2025-03-27,32.52
2720,2025-04-04,14.0
2720,2025-04-04,21.11
2720,2025-04-06,10.41
2720,2025-04-11,12.26
2720,2025-04-18,20.6
2720,2025-04-21,27.6
2720,2025-05-03,30.65
2720,2025-05-22,26.48
2720,2025-05-22,16.17
2720,2025-07-05,11.31
2720,2025-07-08,13.58
2720,2025-07-11,34.59
2720,2025-07-13,12.68
2720,2025-07-13,17.51
2720,2025-07-13,15.96
2720,2025-07-18,17.18
2720,2025-08-10,15.54
2720,2025-08-11,28.64
2720,2025-09-05,27.92
2720,2025-09-10,13.05
2720,2025-09-15,27.33
2720,2025-09-27,15.78
2720,2025-10-03,21.06
2720,2025-10-05,22.58
2720,2025-10-18,16.33
2720,2025-10-21,8.95
2720,2025-10-29,16.14
2720,2025-11-05,6.89
2720,2025-11-15,10.24
2720,2025-11-26,19.06
2721,2024-04-26,15.88
2721,2024-10-15,22.92
2722,2024-02-14,16.57
2722,2024-02-16,24.26
2722,2024-03-14,40.85
2722,2024-03-21,25.4
2722,2024-03-25,42.58
2722,2024-04-11,64.96
2722,2024-04-21,62.5
2722,2024-04-23,41.63
2722,2024-05-05,25.53
2722,2024-06-02,27.71
2722,2024-06-24,64.33
2722,2024-06-27,24.77
2722,2024-08-13,68.61
2722,2024-08-16,43.81
2722,2024-08-28,49.53
2722,2024-09-06,58.49
2722,2024-09-19,21.14
2722,2024-09-20,50.51
2722,2024-10-12,30.35
2722,2024-11-01,62.47
2722,2024-11-02,41.85
2722,2024-11-03,25.15
2722,2024-11-04,52.26
2722,2024-11-06,23.76
2722,2024-11-08,30.19
2722,2024-11-09,40.18
2723,2024-04-05,32.52
2723,2024-04-13,16.87
2723,2024-04-25,28.29
2723,2024-05-04,18.93
2723,2024-05-23,27.57
2723,2024-05-30,32.9
2723,2024-07-03,42.84
2723,2024-07-24,11.6
2723,2024-08-04,24.3
2723,2025-01-06,22.09
2723,2025-01-27,18.32
2723,2025-01-29,28.69
2723,2025-02-01,32.15
2723,2025-02-17,22.51
2723,2025-04-02,5.95
2723,2025-04-20,13.82
2723,2025-05-30,17.52
2723,2025-06-04,18.54
2723,2025-07-02,19.57
2723,2025-07-13,14.82
2723,2025-09-12,14.77
2724,2024-02-27,31.15
2724,2024-03-27,31.56
2724,2024-05-28,31.84
2724,2024-06-23,29.15
2725,2024-01-28,18.11
2726,2024-06-26,28.63
2727,2024-01-02,26.09
2728,2024-06-01,12.47
2728,2024-06-16,32.18
2728,2024-09-16,19.98
2729,2024-02-22,14.43
2729,2024-10-14,16.49
2729,2024-10-25,24.01
2729,2024-11-07,8.78
2729,2024-11-13,18.2
2729,2024-11-13,9.49
2729,2024-11-24,22.22
2729,2024-11-28,20.4
2729,2024-11-29,16.99
2729,2024-12-23,9.48
2729,2024-12-25,14.51
2729,2025-02-05,5.95
2729,2025-03-31,15.62
2729,2025-06-17,15.92
2729,2025-09-16,8.73
2729,2025-10-02,22.26
2729,2025-12-15,10.65
2729,2025-12-18,8.41
2730,2024-04-17,18.54
2730,2024-06-01,19.12
2730,2024-06-24,22.21
2730,2024-07-29,17.3
2730,2024-10-08,24.4
2730,2024-10-17,6.04
2730,2025-09-22,44.12
2731,2024-05-24,16.58
2732,2024-01-10,61.03
2732,2025-12-16,62.26
2733,2024-05-08,43.66
2733,2024-05-09,39.78
2733,2024-06-27,40.5
2733,2024-08-13,36.39
2733,2024-08-21,22.27
2733,2024-08-27,36.28
2733,2024-09-14,19.78
2733,2024-09-18,25.58
2733,2024-10-01,41.04
2733,2024-12-27,32.9
2733,2025-01-16,32.51
2733,2025-01-30,44.33
2733,2025-02-17,13.95
2733,2025-02-25,47.35
2733,2025-03-01,19.09
2733,2025-04-05,55.61
2733,2025-04-21,28.35
2733,2025-04-23,25.21
2733,2025-05-22,13.75
2733,2025-05-26,16.54
2733,2025-06-10,24.74
2733,2025-06-18,39.92
2733,2025-06-22,25.03
2733,2025-06-25,32.67
2733,2025-06-30,20.02
2733,2025-07-23,4.91
2733,2025-07-28,21.35
2733,2025-09-10,30.81
2733,2025-09-28,25.88
2733,2025-10-17,53.23
2733,2025-11-01,24.85
2733,2025-11-15,16.59
2733,2025-11-16,29.9
2733,2025-11-21,33.34
2733,2025-12-06,23.31
2734,2024-04-25,17.97
2734,2024-07-22,30.63
2735,2024-01-22,33.0
2736,2024-06-27,17.82
2737,2024-01-01,10.83
2738,2024-04-08,29.29
2739,2024-04-01,43.04
2739,2024-04-06,20.01
2739,2024-05-14,44.88
2739,2024-05-16,15.62
2739,2024-05-26,29.78
2739,2024-05-28,12.76
2739,2024-06-16,30.62
2739,2024-07-17,26.73
2739,2024-07-22,16.06
2739,2024-08-06,24.23
2739,2024-08-20,22.75
2739,2024-08-20,35.49
2739,2024-08-31,43.74
2739,2024-09-11,32.19
2739,2024-09-12,29.66
2739,2024-11-10,18.06
2739,2024-11-15,32.88
2739,2024-12-10,33.37
2739,2025-01-04,4.72
2739,2025-01-10,14.65
2739,2025-01-21,6.15
2739,2025-01-24,26.25
2739,2025-02-05,38.42
2739,2025-02-10,12.91
2739,2025-02-11,39.35
2739,2025-02-28,21.31
2739,2025-03-01,36.31
2739,2025-03-04,25.09
2740,2024-04-19,13.74
2740,2024-05-02,10.65
2740,2024-06-04,22.6
2740,2024-06-19,21.29
2741,2024-01-25,22.21
2741,2024-02-01,11.27
2741,2024-04-09,17.34
2741,2024-04-18,23.68
2742,2024-02-25,9.4
2743,2024-04-18,32.81
2744,2024-06-07,14.07
2745,2024-01-25,24.4
2745,2024-02-12,57.92
2746,2024-01-22,138.13
2746,2024-02-12,115.48
2747,2024-02-08,22.74
2747,2024-02-19,82.91
2747,2024-03-02,26.34
2748,2024-02-18,18.28
2748,2024-04-02,18.08
2749,2024-06-07,20.33
2749,2024-06-19,10.48
2750,2024-04-30,40.74
2751,2024-02-17,21.44
2751,2024-02-22,31.88
2751,2024-04-18,20.81
2751,2024-04-18,26.75
2752,2024-05-11,11.9
2752,2024-06-01,6.59
2752,2024-07-17,6.14
2752,2025-12-06,2.46
2753,2024-05-14,29.72
2753,2024-08-08,19.21
2753,2024-09-17,39.62
2753,2024-11-05,38.97
2753,2024-11-07,47.14
2754,2024-02-13,14.88
2755,2024-06-02,31.48
2756,2024-03-15,22.94
2756,2024-03-28,15.9
2756,2024-03-31,45.93
2756,2024-04-07,35.45
2756,2024-05-02,20.21
2756,2024-11-25,44.56
2756,2024-12-22,30.29
2756,2024-12-28,72.89
2756,2025-01-10,24.81
2756,2025-01-13,27.98
2756,2025-01-20,44.09
2756,2025-01-23,19.37
2756,2025-01-25,30.83
2756,2025-01-28,44.59
2756,2025-02-02,33.14
2756,2025-02-11,35.59
2756,2025-04-22,21.13
2756,2025-05-05,24.42
2756,2025-08-05,25.79
2756,2025-08-18,58.83
2756,2025-08-19,18.75
2756,2025-08-27,46.39
2756,2025-08-30,50.07
2756,2025-10-30,33.94
2756,2025-12-01,43.83
2757,2024-01-20,21.07
2757,2024-02-12,14.02
2757,2024-02-22,22.16
2757,2024-03-11,8.57
2757,2024-03-30,25.71
2757,2024-04-27,31.42
2757,2024-05-04,28.27
2757,2024-05-24,39.37
2757,2024-05-27,27.82
2757,2024-06-30,37.23
2757,2024-07-11,19.8
2757,2024-07-26,30.18
2757,2024-08-23,20.98
2757,2024-08-30,30.39
2757,2024-09-10,32.31
2757,2024-09-11,31.56
2757,2024-10-05,22.93
2757,2024-10-16,18.58
2757,2024-10-22,46.29
2757,2024-10-23,14.85
2758,2024-02-08,38.82
2759,2024-01-14,34.36
2759,2024-02-12,50.1
2759,2024-02-25,21.7
2759,2024-02-25,41.05
2759,2024-02-28,29.35
2759,2024-03-01,31.53
2759,2024-04-08,38.34
2760,2024-05-10,43.32
2760,2024-05-24,35.04
2760,2024-05-30,13.39
2760,2024-07-17,29.94
2760,2024-07-23,23.05
2760,2024-07-30,28.06
2760,2024-08-02,34.71
2760,2024-08-06,44.99
2760,2024-09-09,23.69
2760,2024-09-30,31.39
2761,2024-01-22,18.78
2761,2024-01-30,28.52
2761,2024-06-15,27.21
2762,2024-05-02,41.93
2762,2024-10-18,15.19
2762,2024-11-12,55.88
2762,2024-12-20,31.12
2762,2025-03-11,38.42
2762,2025-05-14,44.65
2762,2025-10-02,13.36
2762,2025-10-17,35.3
2763,2024-06-19,10.91
2763,2024-07-01,51.06
2763,2024-07-07,22.86
2763,2024-08-22,37.01
2763,2024-09-24,21.38
2763,2024-09-27,19.81
2763,2024-09-28,32.86
2763,2024-09-29,23.66
2763,2024-10-01,39.33
2763,2024-10-13,23.46
2763,2024-10-14,19.53
2763,2024-11-21,41.25
2763,2024-11-28,11.7
2763,2024-12-06,26.89
2763,2025-01-04,39.68
2763,2025-01-09,26.96
2763,2025-01-15,13.64
2763,2025-01-31,34.79
2763,2025-02-15,37.47
2763,2025-02-20,58.63
2763,2025-03-01,22.06
2763,2025-03-18,9.67
2763,2025-03-23,28.79
2763,2025-03-28,33.84
2763,2025-04-12,21.97
2763,2025-04-22,41.36
2763,2025-04-27,30.0
2763,2025-05-04,29.46
2763,2025-05-09,21.94
2763,2025-05-10,19.72
2763,2025-06-14,23.48
2763,2025-06-22,15.47
2763,2025-06-28,20.57
2763,2025-06-28,20.2
2763,2025-08-08,8.92
2763,2025-09-09,13.77
2763,2025-09-10,25.73
2763,2025-10-14,28.93
2763,2025-10-16,24.15
2763,2025-11-10,19.0
2763,2025-11-22,23.26
2763,2025-11-25,25.58
2763,2025-11-30,20.05
2763,2025-12-25,17.83
2764,2024-06-13,28.3
2764,2024-07-03,31.61
2764,2024-07-22,25.41
2765,2024-03-06,32.32
2766,2024-04-28,30.05
2767,2024-01-23,63.51
2767,2024-03-13,44.05
2767,2024-04-08,29.53
2767,2024-06-05,63.36
2767,2024-09-24,69.59
2768,2024-02-25,9.65
2769,2024-03-19,48.72
2769,2024-04-16,45.27
2769,2024-04-17,63.84
2769,2024-05-09,37.96
2769,2024-05-11,105.8
2770,2024-06-13,17.64
2770,2024-06-24,23.93
2770,2024-06-27,14.27
2770,2024-07-30,24.1
2770,2024-08-08,17.94
2770,2024-08-20,13.27
2770,2024-08-27,5.04
2770,2024-09-17,10.72
2770,2024-10-20,40.05
2770,2024-10-27,18.52
2770,2024-11-25,23.5
2770,2024-12-31,6.07
2770,2025-01-01,19.31
2770,2025-01-10,15.92
2770,2025-02-08,18.58
2770,2025-02-16,18.73
2770,2025-02-25,17.07
2770,2025-03-10,29.46
2770,2025-05-11,14.52
2770,2025-05-29,18.37
2770,2025-08-13,16.63
2770,2025-09-02,20.9
2770,2025-10-19,20.97
2770,2025-11-10,21.17
2771,2024-03-23,28.48
2771,2024-03-31,16.54
2771,2024-04-03,24.2
2771,2024-05-02,17.36
2771,2024-05-17,10.71
2771,2024-06-01,14.19
2771,2024-06-04,25.76
2771,2024-06-06,31.91
2771,2024-06-26,30.67
2771,2024-08-07,36.06
2771,2024-08-23,20.26
2771,2024-09-01,17.65
2771,2024-09-09,34.64
2771,2024-09-24,58.49
2771,2024-10-09,20.55
2771,2024-10-20,29.09
2771,2024-11-08,39.69
2771,2024-12-08,32.53
2771,2024-12-29,29.54
2771,2025-01-10,46.28
2771,2025-02-16,15.67
2771,2025-02-24,27.83
2771,2025-02-28,16.29
2771,2025-03-09,13.19
2771,2025-05-01,22.73
2771,2025-05-22,23.15
2771,2025-06-09,41.94
2771,2025-06-27,19.43
2771,2025-07-28,11.76
2771,2025-10-31,14.54
2772,2024-02-21,12.87
2773,2024-02-21,12.98
2773,2024-02-28,19.78
2773,2024-03-05,12.81
2773,2024-04-04,26.5
2773,2024-05-16,14.7
2773,2024-06-14,13.46
2773,2024-07-21,11.66
2773,2024-11-19,13.94
2773,2024-11-21,26.38
2773,2024-11-30,15.05
2773,2024-12-03,14.18
2773,2025-03-31,9.25
2773,2025-04-03,25.16
2773,2025-04-11,13.9
2773,2025-05-02,10.26
2773,2025-05-28,10.26
2773,2025-06-11,20.29
2773,2025-06-20,25.11
2773,2025-06-28,33.04
2773,2025-06-30,26.08
2773,2025-08-11,13.55
2773,2025-10-09,10.62
2774,2024-05-18,53.13
2775,2024-06-17,13.49
2775,2024-07-07,19.36
2776,2024-04-01,62.34
2776,2024-04-16,138.85
2776,2024-04-22,78.21
2776,2024-04-30,55.17
2776,2024-05-03,66.98
2776,2024-05-05,144.66
2776,2024-05-10,64.59
2776,2024-05-10,100.51
2777,2024-02-17,22.77
2777,2024-03-22,22.69
2777,2024-04-05,13.81
2777,2024-04-06,23.16
2777,2024-04-30,18.81
2777,2024-05-04,9.98
2777,2024-07-27,14.89
2777,2024-08-02,33.01
2777,2024-08-11,26.15
2777,2024-08-22,30.34
2777,2024-08-26,21.3
2777,2024-11-04,22.27
2777,2024-11-27,19.81
2777,2024-12-01,26.08
2777,2024-12-09,33.44
2777,2024-12-19,31.93
2777,2024-12-30,27.79
2777,2025-01-01,14.76
2777,2025-01-12,37.38
2777,2025-01-28,12.87
2777,2025-02-14,16.36
2777,2025-04-01,23.33
2777,2025-05-13,29.93
2777,2025-06-01,20.56
2777,2025-07-08,13.84
2777,2025-08-12,15.52
2777,2025-09-06,29.55
2777,2025-10-11,17.42
2777,2025-10-12,13.01
2777,2025-12-14,13.69
2777,2025-12-15,12.53
2777,2025-12-16,7.66
2778,2024-05-23,33.28
2779,2024-05-07,33.91
2779,2024-07-06,30.37
2780,2024-04-10,15.05
2780,2024-06-10,28.71
2780,2024-06-25,26.37
2780,2024-10-26,27.99
2780,2024-10-29,17.45
2780,2024-11-27,14.54
2780,2024-12-06,13.93
2780,2024-12-11,16.3
2780,2025-01-31,13.23
2780,2025-03-13,13.34
2780,2025-03-26,22.79
2780,2025-04-06,20.76
2780,2025-06-16,9.76
2780,2025-07-21,10.72
2780,2025-07-25,11.47
2780,2025-09-06,6.59
2780,2025-09-14,4.6
2781,2024-05-24,10.49
2781,2024-05-24,7.85
2781,2024-05-27,19.38
2782,2024-05-23,29.9
2782,2024-06-07,30.47
2782,2024-06-13,25.43
2782,2024-08-20,9.84
2782,2024-09-09,51.1
2782,2024-09-14,22.7
2782,2024-11-02,40.89
2782,2024-11-07,24.63
2782,2024-12-15,28.85
2782,2024-12-22,22.23
2782,2025-02-21,23.85
2782,2025-02-25,40.78
2782,2025-02-28,40.99
2782,2025-04-09,14.33
2782,2025-04-11,59.71
2782,2025-05-08,40.68
2782,2025-05-10,41.95
2782,2025-06-04,31.24
2782,2025-08-13,12.74
2782,2025-08-17,26.32
2782,2025-08-23,43.78
2782,2025-09-08,39.34
2782,2025-09-20,23.76
2782,2025-11-10,37.34
2782,2025-11-20,22.97
2782,2025-12-10,32.62
2782,2025-12-26,27.39
2783,2024-01-07,81.06
2784,2024-05-15,28.84
2784,2025-04-12,16.95
2785,2024-05-31,18.06
2785,2025-05-19,12.5
2786,2024-06-09,13.32
2786,2024-06-23,20.39
2786,2024-06-25,18.49
2786,2024-06-28,7.23
2786,2024-09-18,13.34
2786,2024-09-26,16.34
2786,2024-09-26,28.61
2786,2024-12-05,11.4
2786,2025-01-30,21.15
2786,2025-02-11,27.48
2786,2025-02-14,10.08
2786,2025-03-23,21.5
2786,2025-05-19,12.06
2786,2025-07-02,18.4
2786,2025-07-03,19.56
2786,2025-11-01,16.07
2786,2025-11-03,5.4
2787,2024-02-25,93.68
2788,2024-04-18,31.05
2789,2024-01-06,59.65
2789,2024-02-06,87.56
2789,2024-02-22,15.52
2789,2024-02-24,41.34
2789,2024-02-25,66.69
2789,2024-03-13,70.1
2789,2024-03-13,53.07
2789,2024-03-24,37.99
2789,2024-04-07,72.9
2789,2024-05-23,47.35
2789,2024-06-08,96.44
2789,2024-06-28,28.92
2789,2024-06-30,34.62
2789,2024-07-02,31.87
2789,2024-07-04,38.46
2789,2024-07-05,58.0
2789,2024-07-07,31.13
2789,2024-07-14,64.33
2789,2024-08-02,55.28
2789,2024-09-01,32.92
2789,2024-09-09,85.03
2789,2024-10-07,30.89
2789,2024-10-13,28.07
2789,2024-10-28,69.61
2789,2024-11-13,56.86
2789,2024-11-17,69.19
2789,2024-12-07,64.06
2789,2024-12-12,77.96
2789,2025-01-29,36.7
2789,2025-03-12,98.25
2789,2025-03-24,47.11
2789,2025-04-26,49.39
2789,2025-05-19,61.82
2789,2025-06-03,31.46
2789,2025-06-10,33.4
2789,2025-06-15,61.11
2789,2025-06-18,33.3
2789,2025-06-23,30.67
2789,2025-07-01,52.64
2789,2025-07-11,73.48
2789,2025-07-29,42.84
2789,2025-08-01,71.48
2789,2025-08-02,44.3
2789,2025-08-02,52.89
2789,2025-08-07,29.37
2789,2025-08-13,23.83
2789,2025-08-15,52.41
2789,2025-09-05,28.06
2789,2025-09-26,63.13
2789,2025-09-30,33.65
2789,2025-11-22,60.32
2789,2025-12-13,35.17
2790,2024-02-16,7.45
2791,2024-04-20,17.61
2791,2024-06-26,10.53
2791,2025-03-19,41.05
2791,2025-08-26,34.22
2792,2024-03-09,48.22
2792,2024-03-09,17.64
2792,2024-06-16,46.86
2792,2024-09-03,78.8
2792,2024-10-17,45.61
2792,2024-11-17,60.91
2792,2024-11-19,53.15
2792,2025-11-16,139.34
2792,2025-12-12,70.55
2793,2024-03-15,36.19
2794,2024-01-09,14.73
2795,2024-05-20,16.92
2796,2024-04-30,47.15
2796,2024-06-20,18.34
2796,2024-06-25,36.15
2796,2024-08-12,27.59
2796,2024-08-22,36.18
2796,2024-08-23,10.27
2796,2024-09-03,31.81
2796,2024-09-24,59.65
2796,2024-10-03,60.18
2796,2024-11-10,31.3
2796,2024-11-26,42.67
2796,2024-11-30,37.57
2796,2025-01-10,40.08
2796,2025-02-25,19.02
2796,2025-03-02,32.18
2796,2025-05-12,29.12
2796,2025-05-16,36.17
2796,2025-06-24,34.21
2796,2025-07-22,56.79
2796,2025-07-31,33.22
2796,2025-08-04,44.77
2796,2025-08-27,18.34
2796,2025-09-28,23.95
2796,2025-11-26,25.14
2796,2025-12-05,34.76
2797,2024-03-25,19.18
2798,2024-04-10,44.79
2799,2024-02-06,30.51
2799,2024-02-25,50.48
2799,2024-09-29,19.75
2799,2025-03-05,47.48
2799,2025-08-20,29.37
2800,2024-06-04,12.0
2800,2024-07-17,13.69
2800,2024-08-19,14.45
2800,2024-08-23,19.44
2800,2024-10-02,14.49
2800,2024-10-16,9.81
2800,2024-10-29,18.52
2800,2024-11-01,9.93
2800,2024-11-17,13.15
2800,2024-12-12,12.08
2800,2025-01-14,15.98
2800,2025-02-07,20.26
2800,2025-02-12,9.43
2800,2025-04-01,12.0
2800,2025-04-01,13.4
2800,2025-04-15,4.64
2800,2025-05-01,7.7
2800,2025-05-04,11.35
2800,2025-06-02,11.32
2800,2025-06-10,13.74
2800,2025-06-19,14.83
2800,2025-06-23,10.13
2800,2025-07-15,11.05
2800,2025-07-24,7.8
2800,2025-07-31,13.71
2800,2025-09-15,19.68
2800,2025-09-30,7.77
2800,2025-10-24,19.49
2800,2025-12-08,2.93
2800,2025-12-09,7.81
2800,2025-12-23,13.45
2801,2024-02-15,13.5
2801,2024-02-18,20.79
2802,2024-02-27,20.79
2802,2024-03-03,12.03
2802,2024-05-19,14.17
2802,2024-05-24,14.02
2802,2024-06-07,14.4
2802,2024-07-19,7.27
2802,2024-11-23,5.84
2802,2024-12-16,17.58
2802,2025-02-25,9.52
2802,2025-08-24,34.33
2802,2025-09-08,18.98
2803,2024-05-08,13.99
2804,2024-04-25,29.32
2804,2024-05-28,48.6
2804,2024-06-01,32.58
2804,2024-06-02,23.27
2804,2024-06-03,12.15
2804,2024-06-06,35.41
2804,2024-06-17,37.73
2804,2024-06-29,36.87
2804,2024-07-12,20.5
2804,2024-07-19,21.62
2804,2024-07-23,14.87
2805,2024-06-07,30.49
2806,2024-02-03,10.97
2807,2024-01-10,33.17
2807,2024-01-26,51.48
2808,2024-01-18,22.4
2808,2024-03-15,22.3
2808,2024-04-24,31.21
2808,2024-05-24,26.65
2808,2024-06-05,29.75
2808,2024-06-06,29.54
2808,2024-09-23,73.17
2808,2024-09-25,13.57
2808,2024-09-25,19.54
2808,2024-12-19,22.02
2808,2025-05-09,24.38
2808,2025-06-20,28.48
2809,2024-02-24,65.97
2809,2024-02-25,84.6
2809,2024-03-03,29.95
2809,2024-03-08,105.7
2809,2024-03-11,133.34
2809,2024-03-12,92.25
2809,2024-03-15,28.98
2809,2024-03-18,29.92
2809,2024-03-28,44.98
2810,2024-03-24,7.75
2811,2024-06-24,31.67
2812,2024-01-26,32.39
2813,2024-05-27,17.85
2813,2024-08-20,15.26
2814,2024-06-07,30.36
2814,2024-06-09,13.15
2814,2024-06-18,17.09
2814,2024-06-27,29.03
2814,2024-07-01,35.74
2814,2024-07-08,17.4
2814,2024-07-19,29.64
2814,2024-07-27,30.28
2814,2024-08-09,28.75
2814,2024-08-24,39.93
2814,2024-09-05,19.75
2814,2024-09-08,24.77
2814,2024-09-12,24.68
2814,2024-09-25,21.22
2814,2024-10-01,25.47
2814,2024-10-05,24.53
2814,2024-10-10,27.82
2814,2024-10-19,16.77
2814,2024-10-28,13.46
2814,2024-11-05,13.61
2814,2024-11-15,44.75
2814,2024-11-17,16.03
2814,2024-11-29,34.19
2814,2024-12-18,55.21
2814,2025-01-14,18.08
2814,2025-01-22,27.72
2814,2025-01-25,25.04
2814,2025-02-06,37.75
2814,2025-03-01,44.19
2814,2025-03-05,25.82
2814,2025-04-02,43.85
2814,2025-04-07,24.72
2814,2025-04-08,48.95
2814,2025-04-09,39.78
2814,2025-04-13,21.84
2814,2025-04-15,49.76
2814,2025-04-24,17.47
2814,2025-05-16,25.18
2814,2025-06-06,30.28
2814,2025-06-21,18.55
2814,2025-06-22,49.26
2814,2025-07-06,16.61
2814,2025-07-12,19.15
2814,2025-07-30,26.3
2814,2025-08-06,37.44
2814,2025-08-08,26.09
2814,2025-08-10,32.12
2814,2025-08-23,21.7
2814,2025-08-30,11.28
2814,2025-09-07,49.7
2814,2025-09-15,72.1
2814,2025-09-18,40.16
2814,2025-09-18,16.97
2814,2025-11-07,45.37
2814,2025-11-07,11.01
2814,2025-11-21,15.15
2814,2025-11-22,21.68
2814,2025-11-23,13.53
2814,2025-11-23,53.02
2814,2025-12-15,44.21
2814,2025-12-17,33.3
2814,2025-12-22,34.96
2814,2025-12-28,50.15
2815,2024-02-23,7.01
2815,2024-02-25,13.08
2815,2024-02-28,13.0
2815,2024-03-06,13.15
2815,2024-03-08,12.82
2815,2024-03-16,9.28
2815,2024-03-23,7.12
2815,2024-05-08,14.2
2815,2024-05-09,14.57
2815,2024-05-15,13.29
2815,2024-05-25,8.71
2815,2024-05-27,6.62
2815,2024-05-28,11.76
2815,2024-06-03,16.32
2815,2024-06-09,10.82
2815,2024-06-11,16.61
2815,2024-06-12,6.3
2815,2024-07-05,9.23
2815,2024-07-16,10.48
2815,2024-08-05,11.6
2815,2024-08-22,16.15
2815,2024-09-02,11.06
2815,2024-09-02,11.19
2815,2024-09-03,11.64
2815,2024-09-05,9.37
2815,2024-09-06,13.87
2815,2024-09-11,7.35
2815,2024-09-25,12.42
2815,2024-10-19,15.44
2815,2024-10-26,8.22
2815,2024-11-01,9.68
2815,2024-11-06,10.16
2815,2024-11-09,6.91
2815,2024-11-14,16.69
2815,2024-11-19,9.33
2815,2024-12-01,9.36
2815,2024-12-19,12.64
2815,2025-01-13,17.82
2815,2025-01-13,8.4
2815,2025-01-23,17.94
2815,2025-02-19,9.38
2815,2025-02-20,23.64
2815,2025-02-25,8.02
2815,2025-02-25,6.42
2815,2025-03-31,9.37
2815,2025-03-31,21.64
2815,2025-04-02,6.0
2815,2025-04-24,11.7
2815,2025-04-27,12.07
2815,2025-06-02,12.57
2815,2025-06-04,20.74
2815,2025-06-12,12.94
2815,2025-06-14,18.05
2815,2025-06-18,9.94
2815,2025-06-18,5.27
2815,2025-06-22,10.34
2815,2025-07-14,27.15
2815,2025-07-22,15.49
2815,2025-07-25,8.82
2815,2025-07-27,8.39
2815,2025-07-27,12.99
2815,2025-08-04,5.39
2815,2025-08-07,18.31
2815,2025-08-08,16.81
2815,2025-08-13,17.26
2815,2025-08-22,23.56
2815,2025-09-06,7.09
2815,2025-09-13,13.07
2815,2025-09-23,9.49
2815,2025-09-25,7.86
2815,2025-09-27,12.24
2815,2025-09-30,8.3
2815,2025-10-03,8.33
2815,2025-10-11,11.9
2815,2025-11-24,6.49
2815,2025-11-25,14.45
2815,2025-12-15,14.16
2815,2025-12-16,8.08
2815,2025-12-23,11.59
2815,2025-12-26,6.3
2815,2025-12-26,11.97
2815,2025-12-27,5.04
2816,2024-01-26,9.3
2816,2024-02-05,12.75
2816,2024-03-06,15.46
2817,2024-05-10,7.25
2817,2024-06-27,5.65
2817,2024-10-31,14.28
2817,2024-11-13,14.32
2817,2024-12-23,8.56
2817,2025-06-06,7.25
2817,2025-09-30,8.69
2818,2024-02-21,12.17
2818,2024-05-20,24.09
2818,2024-06-03,12.46
2818,2025-10-06,9.8
2819,2024-02-25,22.81
2819,2025-02-22,24.28
2819,2025-10-09,38.48
2820,2024-02-28,40.94
2821,2024-06-20,17.11
2822,2024-05-05,30.98
2823,2024-02-14,42.34
2824,2024-04-29,22.61
2824,2024-07-05,30.52
2824,2024-07-28,31.26
2824,2024-08-19,39.76
2824,2024-09-12,17.52
2824,2024-10-25,42.38
2824,2025-02-18,35.11
2824,2025-03-08,38.45
2824,2025-04-02,19.2
2824,2025-04-18,34.94
2824,2025-07-06,18.09
2824,2025-08-19,13.82
2824,2025-08-26,37.04
2824,2025-09-15,37.71
2824,2025-11-14,26.76
2824,2025-12-06,48.0
2825,2024-01-26,23.01
2826,2024-05-30,22.35
2827,2024-04-25,36.13
2827,2024-04-26,26.06
2827,2024-05-07,28.71
2827,2024-05-23,42.08
2828,2024-05-22,16.31
2828,2024-08-24,15.23
2828,2024-09-22,9.21
2828,2024-10-30,41.2
2828,2024-11-17,21.29
2828,2024-12-18,31.28
2828,2025-01-26,3.79
2828,2025-03-05,11.96
2829,2024-06-25,38.46
2830,2024-06-19,68.34
2830,2024-06-29,34.75
2831,2024-04-06,33.29
2832,2024-05-07,34.31
2832,2024-05-22,17.56
2833,2024-03-12,70.48
2833,2024-03-15,82.73
2833,2024-03-16,79.5
2834,2024-05-27,13.74
2834,2024-06-01,16.32
2835,2024-02-14,23.14
2835,2024-06-15,31.44
2835,2024-11-22,18.01
2835,2025-03-15,19.84
2835,2025-11-09,17.53
2835,2025-11-11,13.36
2836,2024-05-07,10.21
2836,2024-06-20,9.25
2837,2024-02-15,25.24
2837,2024-02-20,21.37
2837,2024-06-24,26.63
2837,2024-07-23,41.28
2837,2024-09-08,23.41
2837,2024-09-24,44.42
2837,2024-12-06,25.15
2837,2025-04-16,24.92
2837,2025-04-22,18.0
2837,2025-05-07,31.94
2837,2025-06-23,30.55
2837,2025-10-03,33.85
2837,2025-10-13,20.81
2838,2024-04-04,12.22
2838,2024-04-29,20.25
2838,2024-08-10,20.75
2838,2024-09-19,12.85
2838,2025-01-31,24.82
2839,2024-04-04,23.24
2840,2024-05-09,20.94
2840,2024-07-22,39.49
2841,2024-03-27,14.57
2842,2024-02-10,19.13
2842,2024-02-17,38.35
2842,2024-02-23,44.85
2842,2024-03-08,28.59
2842,2024-03-09,20.58
2842,2024-03-24,24.69
2842,2024-03-24,27.75
2842,2024-04-03,29.42
2842,2024-06-01,33.72
2842,2024-06-02,17.21
2842,2024-07-09,18.73
2842,2024-07-19,50.5
2842,2024-08-28,20.38
2842,2024-08-29,23.21
2842,2024-10-03,25.05
2842,2024-10-10,37.78
2842,2024-10-16,37.66
2842,2024-12-08,16.41
2842,2024-12-15,20.69
2842,2025-01-01,28.64
2842,2025-01-06,11.4
2842,2025-01-10,22.46
2842,2025-01-25,14.91
2842,2025-01-31,12.3
2842,2025-02-05,37.01
2842,2025-02-18,17.2
2842,2025-02-18,32.66
2842,2025-02-18,26.94
2842,2025-02-26,19.82
2842,2025-03-03,68.33
2842,2025-03-18,63.96
2842,2025-05-07,23.89
2842,2025-05-26,29.9
2842,2025-06-16,66.95
2842,2025-06-17,60.74
2842,2025-06-23,27.49
2842,2025-06-25,19.45
2842,2025-06-28,27.09
2842,2025-07-03,39.13
2842,2025-07-17,28.63
2842,2025-07-24,23.0
2842,2025-07-29,24.69
2842,2025-07-29,9.43
2842,2025-08-01,25.78
2842,2025-08-07,56.26
2842,2025-09-13,34.12
2842,2025-10-17,15.86
2842,2025-10-20,46.41
2842,2025-10-25,32.75
2842,2025-10-30,44.84
2842,2025-12-06,29.61
2842,2025-12-09,20.97
2842,2025-12-17,12.4
2842,2025-12-25,42.5
2843,2024-01-08,23.87
2843,2024-06-01,38.98
2843,2024-09-22,34.91
2843,2025-04-01,17.26
2843,2025-04-04,22.9
2844,2024-06-29,84.62
2844,2024-07-04,44.1
2844,2024-07-06,86.65
2844,2024-07-12,127.33
2844,2024-07-28,57.08
2844,2024-08-06,180.9
2844,2024-08-09,148.6
2844,2024-08-19,36.79
2844,2024-09-04,58.71
2844,2024-09-07,161.82
2844,2024-09-12,70.17
2844,2024-09-30,79.1
2844,2024-11-10,60.96
2844,2024-11-15,57.47
2845,2024-04-06,17.93
2845,2024-04-22,11.25
2845,2024-04-22,15.16
2845,2024-05-11,9.6
2845,2024-05-25,7.58
2845,2024-06-01,18.21
2845,2024-06-07,13.97
2845,2024-06-13,26.25
2845,2024-06-20,9.12
2845,2024-07-01,4.15
2845,2024-07-05,19.8
2845,2024-07-11,17.59
2845,2024-07-16,19.97
2845,2024-07-19,32.16
2845,2024-07-22,20.77
2846,2024-06-11,10.94
2847,2024-03-30,16.15
2848,2024-02-26,21.91
2848,2024-03-04,17.18
2849,2024-01-01,33.61
2849,2024-01-03,31.31
2849,2024-01-15,64.56
2849,2024-01-20,44.74
2849,2024-01-22,30.82
2849,2024-01-28,33.71
2850,2024-05-15,28.57
2851,2024-02-15,26.45
2851,2024-02-24,6.07
2851,2024-03-01,15.69
2851,2024-03-31,17.82
2851,2024-08-15,27.4
2851,2024-12-26,13.66
2851,2025-03-02,20.39
2851,2025-03-03,14.49
2851,2025-12-13,22.33
2852,2024-06-19,13.11
2853,2024-06-30,31.59
2853,2024-07-07,11.32
2853,2024-07-30,28.64
2854,2024-06-10,38.3
2854,2024-06-18,74.38
2854,2024-10-14,78.11
2854,2024-10-25,43.04
2854,2024-11-08,89.65
2854,2024-11-21,40.61
2854,2025-01-22,48.11
2854,2025-03-30,34.18
2854,2025-05-04,43.14
2854,2025-05-28,35.24
2854,2025-09-18,55.88
2854,2025-09-21,43.4
2854,2025-12-09,77.05
2854,2025-12-18,36.82
2855,2024-04-04,32.78
2855,2024-08-28,36.04
2855,2024-09-23,23.13
2855,2024-11-07,32.05
2855,2025-02-28,26.88
2855,2025-03-05,25.93
2855,2025-05-03,44.59
2856,2024-04-21,57.71
2856,2024-05-01,46.93
2856,2024-06-04,19.4
2856,2024-06-22,30.8
2856,2024-06-22,29.66
2856,2024-07-18,29.3
2856,2024-07-19,21.21
2856,2024-08-01,20.12
2856,2024-09-16,52.9
2856,2024-10-10,59.15
2856,2024-10-11,22.25
2856,2024-12-01,16.57
2856,2024-12-20,26.36
2856,2025-01-02,43.79
2856,2025-01-13,25.55
2856,2025-01-14,19.47
2856,2025-01-22,41.79
2856,2025-02-05,26.17
2856,2025-02-22,28.44
2856,2025-03-10,27.2
2856,2025-03-14,35.31
2856,2025-03-21,79.17
2856,2025-03-21,44.59
2856,2025-04-06,29.24
2856,2025-06-01,19.23
2856,2025-06-13,36.17
2856,2025-06-18,47.61
2856,2025-07-27,33.86
2856,2025-08-08,16.67
2856,2025-08-12,36.16
2856,2025-08-17,32.92
2856,2025-09-27,16.27
2856,2025-10-01,40.06
2856,2025-10-16,26.6
2856,2025-10-25,25.52
2856,2025-10-26,40.37
2856,2025-11-25,59.49
2856,2025-12-16,20.61
2857,2024-02-18,10.39
2857,2024-04-04,8.79
2857,2024-05-18,14.69
2858,2024-04-21,55.1
2858,2024-05-25,23.08
2858,2024-08-31,12.51
2858,2024-09-09,37.08
2858,2024-10-09,25.67
2858,2024-11-25,29.58
2858,2024-12-21,69.77
2858,2024-12-31,63.34
2858,2025-01-01,28.6
2858,2025-02-16,46.44
2859,2024-02-09,7.84
2859,2024-07-27,10.85
2859,2024-09-10,23.91
2859,2024-11-20,33.52
2859,2024-12-12,14.57
2860,2024-02-05,37.62
2861,2024-03-10,16.91
2862,2024-06-18,21.57
2862,2024-07-07,43.3
2862,2024-07-14,23.73
2862,2024-07-19,25.65
2862,2024-07-21,51.92
2863,2024-05-28,25.67
2863,2024-07-18,29.82
2863,2024-08-04,68.4
2863,2024-08-12,55.83
2863,2024-11-02,18.93
2863,2024-12-02,85.07
2863,2024-12-27,51.99
2863,2025-04-20,36.99
2863,2025-06-15,34.42
2863,2025-08-01,53.21
2863,2025-11-05,57.44
2863,2025-11-20,27.77
2864,2024-06-02,46.45
2864,2024-07-08,60.93
2864,2024-08-04,21.31
2864,2024-08-05,22.9
2865,2024-05-30,29.58
2865,2024-06-03,17.34
2865,2024-06-13,13.07
2865,2024-07-23,16.89
2865,2024-08-04,24.7
2865,2024-08-15,14.78
2865,2024-09-18,24.28
2865,2024-09-19,25.17
2865,2024-09-25,30.31
2865,2024-11-09,33.14
2865,2024-11-20,13.98
2865,2024-11-30,32.0
2865,2024-11-30,18.74
2865,2024-12-01,13.65
2865,2024-12-05,30.73
2865,2024-12-06,23.63
2865,2024-12-17,37.07
2865,2024-12-18,23.74
2865,2024-12-26,38.22
2865,2025-01-21,41.41
2865,2025-01-22,25.05
2865,2025-01-25,19.73
2865,2025-01-29,17.72
2865,2025-02-11,20.61
2865,2025-02-18,16.26
2865,2025-03-06,19.71
2865,2025-03-08,35.27
2865,2025-03-13,52.59
2865,2025-03-20,9.61
2865,2025-03-21,26.01
2865,2025-03-26,33.05
2865,2025-04-08,37.64
2865,2025-04-24,22.41
2865,2025-05-02,28.97
2865,2025-05-22,11.16
2865,2025-06-18,33.54
2865,2025-06-24,10.05
2865,2025-06-25,38.08
2865,2025-06-28,24.81
2865,2025-07-08,17.82
2865,2025-07-31,31.73
2865,2025-07-31,25.12
2865,2025-08-02,43.13
2865,2025-08-05,24.17
2865,2025-08-21,20.99
2865,2025-09-01,18.13
2865,2025-09-09,10.96
2865,2025-09-14,33.95
2865,2025-09-17,25.77
2865,2025-09-17,16.11
2865,2025-10-05,26.36
2865,2025-10-12,31.38
2865,2025-10-18,22.65
2865,2025-10-23,36.54
2865,2025-10-26,17.98
2865,2025-10-28,16.83
2865,2025-11-02,36.96
2865,2025-11-05,28.13
2865,2025-12-14,33.37
2865,2025-12-21,9.18
2866,2024-06-23,19.81
2867,2024-06-21,16.17
2867,2024-09-08,37.05
2868,2024-05-06,12.4
2868,2025-08-12,13.08
2869,2024-03-20,17.09
2869,2024-04-19,45.04
2869,2024-04-25,31.33
2869,2024-06-15,32.9
2869,2024-08-24,9.8
2869,2024-09-09,16.69
2869,2024-09-21,25.6
2869,2024-11-04,21.4
2869,2025-01-03,18.49
2869,2025-01-17,14.76
2869,2025-02-18,65.79
2869,2025-02-19,30.02
2869,2025-02-25,34.93
2869,2025-05-05,11.98
2869,2025-05-11,18.15
2869,2025-06-08,7.34
2869,2025-06-17,10.84
2869,2025-07-14,12.37
2869,2025-07-22,18.25
2869,2025-09-17,17.42
2869,2025-10-20,16.3
2869,2025-11-05,21.03
2870,2024-02-26,45.31
2870,2024-05-08,84.33
2871,2024-04-01,30.07
2872,2024-05-25,19.49
2873,2024-03-30,17.53
2874,2024-06-07,8.94
2874,2024-07-12,30.15
2874,2024-07-13,12.67
2874,2024-07-23,14.94
2874,2024-09-20,10.71
2874,2024-10-05,16.39
2874,2024-10-06,6.09
2874,2024-10-13,16.91
2874,2024-11-09,10.06
2874,2024-11-14,23.13
2874,2024-12-04,14.5
2874,2025-01-14,10.54
2874,2025-01-30,22.41
2874,2025-03-05,13.39
2874,2025-03-05,15.05
2874,2025-05-11,10.16
2874,2025-07-18,6.25
2874,2025-08-08,18.32
2874,2025-08-31,10.87
2874,2025-09-09,13.67
2874,2025-09-09,26.3
2874,2025-09-30,13.31
2874,2025-10-05,20.24
2874,2025-10-06,18.19
2874,2025-10-09,19.73
2874,2025-10-25,14.53
2875,2024-02-10,24.71
2875,2024-03-10,21.45
2875,2024-03-18,24.63
2875,2024-03-29,16.99
2875,2024-05-20,36.05
2875,2024-07-06,11.66
2875,2024-07-11,17.33
2875,2024-07-14,26.91
2875,2024-07-22,15.42
2875,2024-07-26,21.18
2875,2024-12-10,22.48
2876,2024-06-11,11.72
2877,2024-05-31,16.86
2877,2024-06-22,20.2
2877,2024-06-22,13.68
2877,2024-08-03,4.75
2877,2024-09-19,9.2
2877,2024-11-27,25.24
2877,2024-12-04,15.84
2877,2024-12-10,11.27
2877,2024-12-16,6.48
2877,2025-01-25,13.99
2877,2025-02-02,11.71
2877,2025-02-09,10.25
2877,2025-02-21,18.53
2877,2025-03-01,8.43
2877,2025-04-14,17.13
2877,2025-05-01,7.48
2877,2025-06-16,14.01
2877,2025-07-08,14.79
2877,2025-07-20,13.19
2877,2025-08-04,9.12
2877,2025-09-15,9.01
2877,2025-09-18,24.31
2877,2025-09-24,10.96
2877,2025-10-11,15.85
2877,2025-10-21,16.36
2877,2025-11-08,14.46
2877,2025-11-25,16.95
2877,2025-12-18,14.03
2878,2024-05-15,23.76
2878,2024-05-29,46.42
2878,2024-07-05,19.55
2878,2024-07-27,15.06
2878,2024-08-13,24.02
2878,2024-08-23,34.64
2878,2024-08-25,39.97
2879,2024-02-05,23.2
2880,2024-04-23,15.55
2880,2024-05-25,42.05
2880,2024-06-07,16.95
2880,2024-08-01,14.61
2880,2024-09-06,33.41
2880,2024-10-25,42.91
2880,2025-01-04,15.51
2880,2025-03-05,40.92
2881,2024-05-05,10.62
2881,2024-05-31,20.13
2881,2024-06-07,19.1
2881,2024-07-23,18.0
2881,2024-11-25,14.1
2882,2024-04-18,35.11
2882,2024-04-20,24.63
2883,2024-06-07,44.72
2883,2024-06-07,19.45
2883,2024-06-11,23.87
2883,2024-07-03,17.07
2883,2024-08-05,52.72
2883,2024-08-06,49.48
2883,2024-10-20,59.16
2883,2024-10-27,17.95
2883,2024-11-07,18.25
2883,2024-12-31,22.56
2883,2025-01-13,22.25
2883,2025-04-07,53.51
2884,2024-04-01,34.32
2885,2024-06-15,27.07
2885,2024-07-08,30.65
2885,2024-07-22,26.71
2885,2024-09-17,32.31
2885,2024-10-16,19.64
2885,2025-01-17,39.43
2886,2024-04-03,21.01
2887,2024-04-12,81.81
2888,2024-03-18,16.92
2888,2024-05-12,10.39
2888,2024-05-20,4.23
2888,2024-06-06,23.25
2888,2024-08-08,12.58
2888,2024-08-29,15.98
2888,2024-09-02,21.02
2889,2024-04-23,29.12
2889,2024-05-12,39.08
2889,2024-05-16,41.86
2889,2024-05-19,53.15
2889,2024-06-08,47.33
2889,2024-06-24,38.01
2889,2024-07-15,39.32
2889,2024-07-22,15.08
2889,2024-07-24,45.46
2889,2024-08-24,28.12
2889,2024-09-19,26.46
2889,2024-09-27,24.01
2890,2024-01-24,33.42
2891,2024-05-16,23.92
2891,2024-05-18,52.24
2891,2024-05-26,20.14
2891,2024-07-24,18.37
2891,2024-08-05,26.68
2891,2024-08-27,43.22
2891,2024-08-31,28.15
2891,2024-09-27,17.83
2891,2024-10-23,28.15
2892,2024-02-02,23.92
2893,2024-02-20,32.77
2893,2024-08-01,78.95
2894,2024-01-18,28.69
2894,2024-03-10,12.78
2894,2024-04-03,45.05
2894,2024-06-06,22.63
2894,2024-06-07,30.7
2894,2024-06-17,40.01
2894,2024-07-07,14.43
2894,2024-07-25,17.5
2894,2024-08-07,5.52
2894,2024-08-17,33.13
2894,2024-09-17,14.47
2894,2024-09-19,25.44
2894,2024-11-19,14.08
2894,2024-11-25,15.89
2894,2024-12-31,17.37
2894,2025-01-12,33.22
2894,2025-02-14,29.02
2894,2025-03-16,16.15
2894,2025-05-08,27.75
2894,2025-05-16,17.26
2894,2025-06-02,20.75
2894,2025-07-06,27.41
2894,2025-07-17,24.85
2894,2025-07-30,38.75
2894,2025-08-10,19.67
2894,2025-08-14,8.64
2894,2025-08-26,11.6
2894,2025-09-07,12.68
2894,2025-10-15,19.05
2894,2025-10-29,26.26
2894,2025-12-15,15.65
2895,2024-01-16,9.34
2896,2024-06-19,36.4
2896,2024-08-01,14.59
2896,2024-09-14,29.55
2896,2024-10-15,22.48
2896,2025-04-05,19.95
2896,2025-05-13,20.09
2896,2025-06-09,16.71
2896,2025-08-06,24.36
2896,2025-08-16,36.54
2896,2025-08-20,13.91
2896,2025-10-20,40.18
2896,2025-12-24,8.34
2897,2024-02-07,25.55
2897,2024-08-28,25.87
2898,2024-06-23,16.45
2898,2024-12-28,23.73
2898,2025-02-17,10.84
2898,2025-02-27,19.63
2898,2025-08-25,28.88
2899,2024-02-01,12.25
2899,2025-02-26,29.16
2899,2025-04-10,45.0
2899,2025-04-20,24.64
2899,2025-07-26,22.48
2899,2025-10-15,27.4
2900,2024-06-25,6.08
2901,2024-04-23,9.13
2902,2024-03-31,16.65
2902,2024-04-05,12.9
2902,2024-04-30,46.04
2902,2024-05-29,33.93
2902,2024-11-01,15.77
2902,2024-12-19,12.71
2902,2024-12-21,14.04
2902,2025-01-13,17.46
2902,2025-02-16,23.62
2902,2025-03-31,27.97
2902,2025-04-29,14.48
2902,2025-04-30,16.9
2902,2025-05-12,14.86
2902,2025-05-30,21.83
2902,2025-07-03,18.36
2902,2025-07-29,12.81
2902,2025-08-13,36.25
2902,2025-08-29,6.32
2902,2025-10-14,10.73
2902,2025-10-21,11.45
2902,2025-12-01,24.29
2903,2024-01-14,114.56
2903,2024-02-26,110.44
2903,2024-05-21,197.08
2903,2024-05-29,147.85
2903,2024-06-11,179.1
2903,2025-03-11,159.52
2903,2025-03-19,144.69
2903,2025-04-29,88.37
2903,2025-09-03,69.72
2904,2024-03-19,67.28
2904,2024-03-24,69.0
2905,2024-01-02,6.94
2905,2024-01-18,7.02
2905,2024-01-21,8.98
2906,2024-06-25,11.14
2907,2024-01-23,52.69
2907,2024-02-06,78.84
2907,2024-09-09,52.43
2907,2024-11-07,58.33
2908,2024-05-04,11.39
2909,2024-04-29,48.18
2909,2025-02-09,27.02
2909,2025-06-03,36.88
2910,2024-03-26,5.97
2910,2024-06-12,9.03
2910,2024-06-30,15.42
2911,2024-06-28,15.58
2911,2024-08-08,8.57
2911,2024-08-25,13.55
2911,2024-08-28,33.37
2911,2024-08-31,23.58
2911,2024-09-12,22.22
2911,2024-10-05,21.92
2911,2024-12-03,24.25
2911,2024-12-21,22.94
2911,2025-02-17,24.71
2912,2024-06-06,7.79
2912,2024-06-16,18.52
2912,2024-07-02,18.49
2912,2024-07-12,20.24
2912,2024-07-25,13.87
2912,2024-09-23,10.14
2912,2024-10-07,14.18
2912,2024-10-12,4.38
2912,2024-11-11,17.83
2912,2024-12-13,38.89
2912,2024-12-15,28.51
2912,2024-12-17,5.09
2912,2025-01-21,32.75
2912,2025-02-01,35.31
2912,2025-02-18,20.92
2912,2025-02-26,8.89
2912,2025-04-04,9.29
2912,2025-04-08,23.24
2912,2025-05-20,16.13
2912,2025-05-28,6.57
2912,2025-05-30,25.18
2912,2025-06-09,24.74
2913,2024-06-20,14.99
2914,2024-04-12,7.87
2914,2024-06-05,17.04
2914,2024-06-20,16.31
2914,2024-08-20,21.45
2914,2024-08-27,29.62
2914,2024-09-04,17.37
2914,2024-09-08,18.46
2914,2024-09-29,27.21
2914,2024-12-12,19.94
2914,2025-01-17,31.31
2914,2025-05-21,54.01
2914,2025-06-05,47.65
2914,2025-06-06,26.41
2914,2025-06-09,14.42
2914,2025-06-09,31.07
2914,2025-06-15,14.92
2914,2025-06-23,10.55
2914,2025-08-15,34.16
2914,2025-08-25,26.91
2914,2025-11-05,20.12
2914,2025-11-14,21.87
2915,2024-02-08,10.7
2916,2024-02-22,7.24
2916,2024-02-22,31.51
2916,2024-03-10,16.34
2916,2024-03-12,47.19
2916,2024-05-11,15.01
2916,2024-06-22,32.27
2916,2024-06-22,10.01
2916,2024-06-26,20.11
2916,2024-08-08,28.23
2916,2024-08-11,31.43
2916,2024-09-08,46.2
2916,2024-09-22,14.84
2916,2024-10-23,19.64
2916,2024-11-15,27.76
2916,2024-12-13,13.08
2916,2025-01-22,20.62
2917,2024-05-20,13.8
2917,2024-10-02,13.3
2917,2024-10-12,18.4
2917,2024-10-31,7.71
2917,2024-11-09,14.91
2917,2025-01-10,31.47
2917,2025-04-22,16.42
2917,2025-06-24,19.02
2917,2025-10-21,23.14
2918,2024-01-05,29.06
2918,2024-02-15,33.26
2918,2024-03-31,19.89
2918,2024-04-03,30.09
2918,2024-04-16,25.1
2918,2024-06-13,28.35
2918,2024-06-13,55.98
2918,2024-06-22,19.69
2918,2024-07-10,64.89
2918,2024-07-16,40.42
2918,2024-08-13,12.69
2919,2024-02-28,8.1
2919,2024-03-17,18.95
2919,2024-03-31,9.52
2919,2024-04-05,17.0
2919,2024-06-25,21.61
2919,2024-07-10,21.09
2919,2024-07-21,12.18
2919,2024-07-23,18.17
2919,2024-09-22,19.32
2919,2024-11-12,15.67
2919,2024-11-14,10.73
2919,2025-02-11,22.76
2919,2025-02-19,20.31
2919,2025-03-08,19.61
2919,2025-03-25,26.39
2919,2025-04-02,30.76
2919,2025-06-08,21.99
2919,2025-06-15,22.1
2919,2025-07-02,25.8
2919,2025-07-19,11.67
2919,2025-08-09,18.29
2919,2025-10-23,16.21
2919,2025-10-26,17.13
2919,2025-11-11,8.46
2919,2025-12-02,15.54
2919,2025-12-06,15.69
2919,2025-12-23,9.57
2920,2024-03-21,22.38
2920,2024-05-31,22.26
2920,2024-06-18,26.52
2921,2024-04-28,59.62
2921,2024-06-09,43.53
2922,2024-02-01,23.3
2922,2024-02-22,37.49
2922,2024-06-21,37.36
2922,2024-07-26,11.92
2922,2024-09-12,25.38
2922,2024-09-17,13.98
2922,2024-09-24,25.92
2922,2024-11-18,19.42
2922,2024-11-24,36.3
2922,2025-07-07,28.3
2922,2025-08-29,49.68
2923,2024-05-07,20.66
2923,2024-08-04,18.43
2923,2025-01-18,34.91
2924,2024-06-26,27.98
2924,2024-07-02,10.59
2924,2024-08-04,25.28
2924,2024-08-10,16.71
2924,2024-10-15,44.25
2925,2024-02-05,41.37
2925,2024-05-10,69.55
2925,2024-06-01,61.47
2925,2024-06-21,52.85
2925,2024-06-28,92.12
2925,2024-08-21,47.11
2925,2024-10-01,105.11
2925,2024-11-13,41.36
2925,2024-11-14,29.93
2925,2024-12-14,75.47
2925,2025-01-13,37.8
2925,2025-02-16,54.0
2925,2025-03-03,47.65
2925,2025-03-30,33.86
2925,2025-06-24,41.16
2925,2025-07-25,89.46
2925,2025-07-27,58.09
2925,2025-08-04,45.78
2925,2025-08-10,51.44
2925,2025-08-18,74.64
2925,2025-08-27,61.69
2926,2024-03-15,46.36
2927,2024-06-08,24.12
2928,2024-04-01,4.22
2929,2024-06-18,26.6
2930,2024-03-17,48.53
2931,2024-01-16,24.44
2932,2024-04-22,98.52
2932,2025-10-12,140.05
2933,2024-04-30,84.12
2933,2024-06-24,29.71
2933,2024-09-09,52.51
2933,2024-12-28,16.77
2934,2024-03-22,34.99
2934,2024-04-03,36.92
2935,2024-01-02,32.78
2936,2024-04-03,5.84
2936,2024-04-22,5.9
2936,2024-08-11,6.52
2936,2024-11-27,21.98
2936,2025-07-29,21.61
2936,2025-09-11,7.65
2937,2024-05-13,54.97
2937,2024-12-09,28.24
2937,2025-01-09,23.33
2937,2025-01-27,19.9
2937,2025-03-11,27.45
2937,2025-08-21,70.26
2937,2025-08-25,19.63
2938,2024-04-07,6.2
2938,2024-04-28,9.26
2939,2024-01-02,56.72
2939,2024-04-12,28.01
2939,2024-05-29,47.61
2940,2024-06-26,16.94
2940,2024-07-07,40.65
2941,2024-02-22,16.98
2942,2024-01-06,6.1
2942,2024-01-28,13.82
2942,2024-02-16,19.61
2942,2024-03-13,18.54
2942,2024-03-31,10.25
2942,2024-04-26,16.47
2942,2024-04-28,11.14
2942,2024-05-03,18.98
2942,2024-05-05,5.03
2942,2024-07-03,16.12
2942,2024-08-10,7.4
2942,2024-08-19,14.09
2942,2024-09-22,30.55
2942,2024-10-20,22.39
2942,2024-10-25,15.59
2942,2024-12-17,4.74
2942,2024-12-19,7.59
2943,2024-02-18,26.93
2943,2024-02-28,15.57
2943,2024-03-15,10.92
2943,2024-04-07,8.41
2943,2024-04-10,20.25
2943,2024-04-12,11.98
2943,2024-07-05,31.96
2943,2024-07-07,17.69
2943,2024-07-14,13.56
2943,2024-07-17,12.52
2943,2024-07-29,8.3
2943,2024-08-14,7.6
2943,2024-08-27,11.38
2943,2024-09-03,14.87
2943,2024-09-11,15.74
2943,2024-10-09,24.48
2943,2024-10-26,25.37
2943,2024-11-13,9.85
2943,2024-11-29,13.89
2943,2024-12-13,17.82
2943,2024-12-28,17.15
2943,2025-01-06,16.71
2943,2025-01-18,5.56
2943,2025-01-26,17.33
2943,2025-02-04,20.87
2943,2025-03-02,7.99
2943,2025-03-07,15.85
2943,2025-03-09,19.23
2943,2025-03-17,7.99
2943,2025-04-23,7.1
2943,2025-05-08,11.32
2943,2025-06-30,12.6
2943,2025-07-02,8.53
2943,2025-07-04,16.62
2943,2025-07-10,17.02
2943,2025-07-17,17.66
2943,2025-07-26,9.04
2943,2025-08-02,13.72
2943,2025-08-16,16.22
2943,2025-10-11,8.69
2943,2025-10-21,12.28
2943,2025-10-23,32.18
2943,2025-11-14,22.7
2943,2025-12-15,14.39
2943,2025-12-26,12.16
2944,2024-06-17,26.74
2944,2024-07-03,21.98
2944,2024-07-30,19.3
2945,2024-01-29,10.96
2945,2024-02-25,36.27
2945,2024-03-03,15.61
2945,2024-03-15,12.47
2945,2024-03-23,31.2
2945,2024-04-01,26.86
2945,2024-05-02,18.86
2945,2024-05-19,16.47
2945,2024-05-27,26.05
2945,2024-06-18,37.47
2945,2024-06-19,19.45
2945,2024-07-12,29.74
2946,2024-06-09,61.2
2947,2024-05-22,37.51
2948,2024-03-23,16.35
2948,2024-04-30,38.36
2948,2024-08-31,47.03
2948,2024-11-16,23.77
2948,2025-01-13,45.08
2949,2024-05-27,45.2
2950,2024-02-20,32.53
2950,2024-08-29,24.42
2950,2024-09-01,48.7
2950,2024-10-03,51.73
2951,2024-03-03,61.48
2951,2024-03-04,32.87
2952,2024-02-17,17.23
2952,2024-03-20,13.89
2952,2024-04-07,20.73
2952,2024-08-06,20.22
2952,2024-09-15,9.41
2952,2024-12-12,27.43
2952,2025-04-15,24.68
2952,2025-06-24,35.3
2952,2025-07-02,17.06
2952,2025-07-30,17.92
2952,2025-10-20,15.22
2953,2024-05-30,21.45
2953,2024-09-25,16.33
2953,2024-09-26,7.31
2953,2025-06-07,18.19
2953,2025-07-11,12.6
2954,2024-06-29,13.52
2955,2024-02-12,32.84
2956,2024-02-13,11.79
2956,2024-03-02,55.13
2956,2024-03-11,38.55
2956,2024-04-08,91.95
2956,2024-04-22,65.13
2956,2024-04-28,38.71
2956,2024-05-25,53.23
2956,2024-05-26,71.06
2956,2024-07-01,69.15
2956,2024-07-23,80.23
2956,2024-08-24,95.62
2956,2024-08-29,88.61
2956,2024-10-06,68.12
2956,2024-10-11,21.11
2956,2024-12-24,49.11
2956,2024-12-31,53.94
2957,2024-06-02,6.14
2958,2024-03-15,63.53
2958,2024-04-24,42.9
2958,2024-06-01,31.56
2958,2024-06-26,69.55
2958,2024-06-27,54.53
2958,2024-07-27,29.14
2958,2024-08-07,21.05
2958,2024-09-04,39.12
2958,2024-12-12,26.07
2958,2025-02-26,23.64
2958,2025-05-12,32.6
2958,2025-07-18,32.39
2958,2025-08-03,11.9
2958,2025-08-29,49.66
2958,2025-11-20,29.53
2958,2025-12-16,48.31
2959,2024-03-09,21.53
2959,2024-09-15,38.45
2959,2024-11-25,26.37
2960,2024-06-07,28.78
2960,2024-07-07,13.5
2960,2024-07-25,23.06
2961,2024-03-01,8.73
2961,2025-11-24,22.71
2962,2024-03-18,28.57
2962,2024-04-02,35.28
2962,2024-05-26,15.31
2962,2024-06-14,9.51
2963,2024-03-15,12.96
2963,2024-03-28,29.73
2964,2024-06-04,79.9
2965,2024-04-01,13.52
2965,2024-04-20,17.87
2965,2024-04-29,4.81
2965,2024-06-12,9.21
2965,2024-06-14,36.61
2965,2024-07-16,17.79
2965,2024-07-20,7.14
2965,2024-07-29,23.27
2965,2024-07-29,20.13
2965,2024-08-13,8.92
2965,2024-09-04,7.84
2965,2024-09-18,8.31
2965,2024-09-19,12.96
2965,2024-09-22,13.09
2965,2024-09-27,24.39
2965,2024-10-06,29.52
2965,2024-10-13,14.52
2965,2024-11-08,14.4
2965,2024-11-08,15.07
2965,2024-11-11,18.63
2965,2024-11-16,26.03
2965,2024-11-21,23.77
2965,2024-11-29,16.07
2965,2024-11-29,14.24
2965,2024-12-26,21.67
2965,2025-01-17,8.03
2965,2025-01-23,26.64
2965,2025-02-09,17.53
2965,2025-03-04,20.31
2965,2025-03-16,16.74
2965,2025-03-22,22.62
2965,2025-05-12,19.58
2965,2025-06-05,21.34
2965,2025-06-14,9.29
2965,2025-06-26,29.24
2965,2025-06-26,12.58
2965,2025-08-14,13.85
2965,2025-08-19,13.76
2966,2024-06-24,16.49
2966,2024-07-03,4.49
2966,2024-07-07,7.61
2966,2024-07-11,16.1
2967,2024-02-04,12.35
2967,2024-02-19,27.26
2967,2024-03-07,17.11
2967,2024-04-01,17.88
2967,2024-04-22,18.83
2967,2024-05-04,27.21
2967,2024-05-05,21.92
2967,2024-05-15,14.76
2967,2024-05-15,7.52
2967,2024-05-26,9.42
2967,2024-05-28,16.08
2967,2024-06-07,11.8
2967,2024-06-28,11.91
2967,2024-07-15,18.32
2967,2024-10-13,12.21
2967,2024-10-28,7.29
2967,2025-01-20,11.05
2967,2025-03-04,10.36
2967,2025-03-27,13.76
2967,2025-05-07,8.1
2967,2025-06-28,14.62
2967,2025-07-16,10.47
2967,2025-09-01,10.16
2967,2025-12-21,18.67
2968,2024-03-01,15.51
2969,2024-02-14,33.71
2970,2024-06-14,10.61
2971,2024-01-19,52.83
2971,2024-01-19,32.2
2971,2024-01-26,78.35
2971,2025-01-19,36.08
2971,2025-03-06,58.64
2971,2025-05-28,37.48
2972,2024-03-24,38.44
2972,2024-04-30,51.7
2972,2024-08-02,31.28
2972,2024-11-08,31.41
2972,2024-11-21,24.38
2972,2024-11-21,22.62
2972,2025-01-06,15.33
2972,2025-05-24,13.6
2972,2025-06-19,19.12
2972,2025-06-21,15.57
2972,2025-12-01,8.5
2973,2024-04-06,24.75
2974,2024-06-05,43.49
2975,2024-02-14,30.27
2975,2024-02-14,24.41
2975,2024-08-10,30.8
2975,2024-09-02,17.4
2976,2024-04-20,26.02
2977,2024-04-17,7.97
2977,2024-04-23,25.97
2977,2024-05-01,8.06
2977,2024-06-01,10.11
2977,2024-06-18,7.16
2977,2024-06-25,12.48
2977,2024-12-08,12.91
2977,2024-12-28,22.23
2977,2024-12-31,15.98
2977,2025-02-14,18.26
2977,2025-02-17,13.99
2977,2025-02-23,15.42
2977,2025-03-08,11.13
2977,2025-04-13,24.1
2977,2025-04-26,11.45
2977,2025-05-20,16.2
2977,2025-05-24,10.4
2977,2025-06-15,23.3
2977,2025-07-01,8.33
2977,2025-09-07,9.32
2977,2025-09-12,15.91
2977,2025-09-13,10.68
2977,2025-09-22,20.39
2978,2024-01-21,12.52
2979,2024-04-27,32.25
2980,2024-04-26,29.55
2981,2024-02-07,21.08
2981,2024-02-07,32.83
2981,2024-02-07,29.54
2981,2024-02-23,25.04
2981,2024-03-03,35.06
2981,2024-03-24,31.96
2981,2024-04-15,31.59
2981,2024-04-16,20.45
2981,2024-04-22,42.63
2981,2024-05-04,40.07
2981,2024-05-12,35.28
2981,2024-06-04,21.35
2981,2024-06-16,45.38
2981,2024-07-10,22.07
2981,2024-07-24,24.46
2981,2024-07-25,33.87
2981,2024-07-29,27.9
2981,2024-08-14,33.08
2981,2024-09-06,42.34
2981,2024-09-24,33.89
2981,2024-10-30,31.34
2981,2024-11-08,41.1
2981,2024-11-22,19.13
2981,2024-12-18,43.08
2981,2024-12-30,43.95
2981,2025-01-25,42.45
2981,2025-01-28,23.64
2981,2025-02-26,25.67
2981,2025-03-03,23.89
2981,2025-03-20,19.48
2981,2025-03-23,44.12
2981,2025-05-07,37.12
2981,2025-05-08,24.61
2981,2025-05-11,30.91
2981,2025-07-20,41.5
2981,2025-08-21,12.56
2981,2025-09-06,49.22
2981,2025-10-19,48.94
2981,2025-10-24,24.75
2981,2025-10-24,32.11
2981,2025-11-30,15.3
2981,2025-12-03,40.4
2981,2025-12-11,22.39
2981,2025-12-17,24.58
2981,2025-12-19,19.76
2982,2024-06-20,21.84
2982,2024-07-21,28.82
2982,2024-07-24,26.07
2982,2024-08-22,42.4
2982,2024-08-23,26.42
2982,2024-08-26,24.9
2982,2024-09-18,15.45
2982,2024-10-18,33.94
2982,2024-10-26,32.71
2982,2024-11-20,18.85
2982,2024-12-09,28.1
2982,2024-12-12,24.43
2982,2024-12-12,18.1
2982,2025-01-14,30.01
2982,2025-01-17,30.89
2982,2025-01-22,27.01
2982,2025-02-28,29.41
2982,2025-03-12,28.78
2982,2025-04-12,8.6
2982,2025-04-20,19.26
2982,2025-05-16,25.56
2982,2025-05-22,20.71
2982,2025-06-03,38.79
2982,2025-06-04,29.08
2982,2025-06-17,14.21
2982,2025-07-07,14.46
2982,2025-08-15,62.55
2982,2025-08-30,36.77
2982,2025-09-05,23.07
2982,2025-09-10,39.26
2982,2025-10-03,34.66
2982,2025-10-03,32.61
2982,2025-11-08,44.27
2982,2025-11-29,28.45
2982,2025-12-13,26.64
2983,2024-06-28,12.56
2983,2024-07-07,17.68
2983,2024-07-11,20.7
2983,2024-07-18,31.91
2983,2024-07-31,21.89
2983,2024-08-16,27.94
2983,2024-08-26,15.51
2983,2024-09-03,21.31
2983,2024-09-16,27.18
2984,2024-02-26,9.4
2984,2024-03-20,14.87
2984,2024-05-06,15.62
2985,2024-05-10,20.05
2986,2024-06-03,18.07
2986,2024-09-15,29.09
2987,2024-04-04,16.32
2988,2024-03-07,24.11
2988,2024-12-02,20.46
2989,2024-02-20,9.59
2989,2024-06-11,10.01
2990,2024-05-09,138.56
2990,2024-07-29,206.86
2990,2025-03-02,91.26
2990,2025-09-22,221.91
2990,2025-10-25,71.36
2991,2024-05-20,16.72
2991,2024-05-29,23.56
2991,2024-06-12,19.59
2991,2024-06-14,30.88
2991,2024-07-01,14.12
2991,2024-07-11,11.78
2991,2024-07-17,22.2
2991,2024-08-07,20.8
2991,2024-09-17,13.91
2991,2024-09-23,27.48
2991,2024-10-28,21.08
2991,2024-10-29,7.75
2991,2024-10-30,21.34
2991,2024-11-07,22.83
2991,2024-12-15,12.44
2991,2025-02-04,11.61
2991,2025-02-25,9.59
2991,2025-02-26,19.64
2991,2025-03-04,23.2
2991,2025-03-09,23.71
2991,2025-03-19,10.55
2991,2025-03-20,14.73
2991,2025-04-11,9.77
2991,2025-05-01,16.91
2991,2025-06-20,17.02
2991,2025-07-11,27.3
2991,2025-08-06,20.31
2991,2025-08-07,23.06
2991,2025-08-10,14.91
2991,2025-09-15,20.86
2991,2025-09-18,24.9
2991,2025-09-19,26.07
2991,2025-10-01,20.18
2991,2025-11-19,20.98
2991,2025-11-29,20.08
2991,2025-12-10,18.4
2991,2025-12-11,17.57
2991,2025-12-19,13.65
2991,2025-12-21,8.95
2991,2025-12-26,15.9
2992,2024-05-03,32.52
2993,2024-03-22,55.35
2993,2024-03-28,27.61
2993,2024-04-02,45.6
2993,2024-04-17,29.05
2994,2024-01-07,42.17
2994,2025-03-31,17.71
2994,2025-12-16,33.11
2994,2025-12-18,11.73
2995,2024-02-26,13.81
2995,2024-04-21,12.11
2995,2024-04-25,25.24
2996,2024-05-18,16.01
2997,2024-01-13,27.19
2998,2024-05-30,71.99
2998,2024-07-17,31.28
2998,2024-07-18,47.31
2998,2024-07-28,36.1
2998,2024-08-15,74.0
2998,2024-08-27,23.62
2998,2024-12-09,26.67
2998,2025-05-15,60.0
2998,2025-06-15,25.3
2998,2025-07-13,37.78
2999,2024-03-26,20.1
2999,2024-04-20,26.31
2999,2024-05-24,8.22
2999,2024-08-04,12.08
2999,2024-10-07,34.66
2999,2024-10-17,12.19
2999,2024-11-02,14.7
2999,2024-11-21,8.19
2999,2024-11-22,21.71
2999,2024-11-23,4.96
2999,2024-12-12,18.15
2999,2025-01-24,14.01
2999,2025-01-24,11.93
2999,2025-01-28,13.27
2999,2025-02-08,8.71
2999,2025-03-20,7.94
2999,2025-04-15,17.87
2999,2025-04-16,19.66
2999,2025-04-18,14.63
2999,2025-04-22,17.58
2999,2025-04-26,11.46
2999,2025-05-04,31.43
2999,2025-07-24,13.12
2999,2025-08-27,41.72
2999,2025-09-09,18.23
2999,2025-10-24,16.77
2999,2025-11-03,36.94
2999,2025-11-04,11.15
2999,2025-11-14,19.51
2999,2025-12-09,20.97
2999,2025-12-24,15.86
3000,2024-04-03,23.63
3000,2024-04-09,8.21
3000,2024-07-30,12.12
3000,2024-08-21,15.5
3000,2024-11-25,20.53
3000,2025-04-02,5.81
3000,2025-04-03,13.56
3000,2025-08-26,5.0
3000,2025-12-21,24.89
3001,2024-01-28,17.1
3002,2024-02-10,17.07
3002,2024-02-26,17.91
3002,2024-04-14,20.49
3002,2025-01-05,25.07
3002,2025-01-15,35.55
3002,2025-02-08,53.49
3002,2025-04-01,21.09
3002,2025-06-21,16.1
3002,2025-08-01,14.77
3002,2025-08-13,62.72
3002,2025-09-09,34.24
3002,2025-09-22,39.59
3002,2025-10-06,31.02
3002,2025-11-13,15.92
3003,2024-01-26,6.3
3003,2024-01-28,10.26
3004,2024-02-02,6.54
3004,2024-03-17,9.41
3005,2024-04-09,17.3
3006,2024-06-16,22.63
3006,2024-06-25,26.62
3006,2024-08-11,20.74
3006,2024-08-31,14.23
3006,2024-10-14,17.17
3006,2024-10-20,26.6
3006,2024-11-08,25.02
3006,2024-11-23,18.43
3006,2024-12-07,21.68
3006,2025-01-03,10.54
3006,2025-01-20,79.63
3006,2025-02-06,36.95
3006,2025-05-11,15.71
3006,2025-05-24,12.18
3006,2025-06-01,33.64
3006,2025-08-11,15.33
3006,2025-08-14,38.11
3006,2025-08-17,29.63
3006,2025-09-19,24.15
3006,2025-10-17,16.9
3006,2025-10-19,18.18
3006,2025-11-04,23.5
3006,2025-11-07,45.61
3007,2024-03-18,14.78
3007,2024-06-01,6.61
3007,2025-03-21,7.53
3008,2024-04-14,53.85
3009,2024-02-25,14.95
3010,2024-03-11,255.04
3010,2024-03-14,227.21
3011,2024-04-24,18.82
3011,2024-07-13,22.54
3012,2024-02-11,24.54
3012,2024-02-13,33.64
3012,2024-04-25,27.9
3012,2024-06-03,26.73
3012,2024-06-13,26.18
3012,2024-08-14,32.73
3012,2024-10-08,48.94
3012,2024-12-14,51.42
3012,2024-12-22,55.11
3012,2025-05-11,33.74
3012,2025-05-26,29.28
3012,2025-06-06,65.81
3012,2025-06-17,36.83
3012,2025-06-21,42.46
3012,2025-07-08,43.32
3012,2025-07-15,18.86
3012,2025-08-02,32.62
3012,2025-09-23,53.93
3013,2024-03-25,13.0
3014,2024-05-28,12.25
3014,2024-08-16,11.55
3014,2024-09-01,18.5
3014,2024-09-11,7.16
3014,2024-09-16,13.61
3014,2024-11-08,7.37
3014,2024-11-16,16.24
3014,2024-12-09,9.36
3014,2024-12-13,6.48
3014,2025-02-03,22.27
3014,2025-02-26,10.41
3014,2025-04-01,14.69
3014,2025-07-04,14.47
3014,2025-07-14,9.4
3014,2025-07-22,27.88
3014,2025-07-23,11.75
3014,2025-09-22,8.07
3014,2025-10-05,17.7
3014,2025-10-14,4.97
3014,2025-12-16,28.23
3015,2024-05-04,17.49
3016,2024-05-14,113.57
3016,2024-08-06,57.0
3017,2024-06-06,11.66
3018,2024-03-07,22.39
3018,2024-04-28,17.48
3019,2024-03-07,40.19
3020,2024-05-14,9.4
3021,2024-01-07,55.44
3021,2024-01-21,72.15
3021,2024-02-21,145.21
3021,2024-03-13,42.59
3021,2024-04-20,101.33
3021,2024-06-11,88.77
3021,2024-10-01,84.48
3021,2024-11-08,66.95
3021,2024-11-25,59.49
3021,2025-01-04,99.37
3021,2025-01-06,25.47
3021,2025-01-16,101.33
3021,2025-04-17,68.23
3021,2025-07-27,79.5
3021,2025-08-13,96.31
3021,2025-11-27,79.61
3022,2024-01-27,19.61
3022,2024-02-07,11.86
3022,2024-02-27,13.77
3022,2024-03-05,12.42
3022,2024-03-12,15.36
3022,2024-03-19,10.05
3022,2024-04-13,9.31
3022,2024-04-16,5.69
3022,2024-04-18,32.43
3022,2024-04-28,17.44
3022,2024-05-05,27.92
3022,2024-05-16,15.92
3022,2024-05-17,15.23
3022,2024-06-09,5.94
3022,2024-06-15,8.26
3023,2024-01-19,46.38
3024,2024-03-26,49.57
3025,2024-02-11,29.14
3025,2024-03-21,30.01
3025,2024-03-23,24.88
3025,2024-04-02,23.47
3025,2024-05-16,35.94
3025,2024-09-06,37.08
3025,2024-09-07,30.42
3025,2024-10-25,22.39
3025,2024-12-21,25.12
3025,2025-04-06,11.63
3025,2025-04-10,33.9
3025,2025-04-25,49.26
3025,2025-06-24,22.68
3025,2025-06-27,23.39
3025,2025-10-19,9.5
3025,2025-10-23,38.35
3025,2025-11-28,48.22
3025,2025-12-05,33.65
3025,2025-12-25,27.43
3026,2024-04-13,42.32
3026,2024-05-03,26.13
3027,2024-02-28,24.53
3027,2024-03-25,61.5
3028,2024-06-01,71.07
3028,2024-06-30,54.71
3028,2024-09-12,50.79
3029,2024-06-23,41.38
3029,2024-08-22,36.2
3029,2024-09-01,26.75
3029,2024-11-09,45.42
3029,2024-11-24,35.52
3029,2024-12-06,45.9
3029,2024-12-13,23.4
3029,2024-12-31,20.64
3029,2025-01-03,36.95
3029,2025-01-13,17.59
3029,2025-01-15,41.96
3029,2025-01-24,32.67
3029,2025-02-19,14.09
3029,2025-03-05,44.85
3029,2025-03-06,23.43
3029,2025-03-09,23.78
3029,2025-04-13,27.21
3029,2025-04-13,45.4
3029,2025-04-20,19.76
3029,2025-04-21,19.76
3029,2025-04-22,18.98
3029,2025-06-29,35.31
3029,2025-07-22,30.65
3029,2025-08-04,9.78
3029,2025-09-02,13.14
3029,2025-09-07,17.68
3029,2025-09-22,18.02
3029,2025-10-01,15.85
3029,2025-10-07,27.54
3029,2025-12-12,35.46
3030,2024-03-13,14.23
3030,2024-04-22,11.25
3031,2024-04-20,29.67
3031,2024-05-05,12.34
3031,2024-05-25,18.33
3031,2024-06-16,16.98
3031,2024-06-17,17.37
3031,2024-06-28,23.25
3031,2024-06-29,17.05
3031,2024-06-30,19.29
3032,2024-05-07,8.99
3033,2024-06-19,74.44
3033,2024-08-08,47.07
3033,2025-01-10,53.47
3034,2024-02-19,16.93
3035,2024-05-14,24.91
3035,2024-06-03,23.28
3035,2024-06-07,37.72
3035,2024-07-06,17.49
3035,2024-07-07,44.25
3035,2024-07-20,19.52
3036,2024-01-14,35.88
3036,2024-03-06,34.61
3036,2024-03-13,57.19
3036,2024-09-10,64.45
3036,2024-10-29,78.94
3037,2024-02-10,25.91
3037,2024-02-25,22.2
3037,2024-03-15,22.7
3037,2024-06-18,10.11
3037,2024-07-14,21.06
3037,2024-08-15,12.16
3037,2024-11-09,22.44
3037,2024-11-14,22.07
3037,2024-11-16,19.35
3037,2025-02-03,12.1
3037,2025-02-20,15.91
3037,2025-02-28,17.12
3037,2025-03-19,19.2
3037,2025-05-03,24.62
3037,2025-05-06,11.69
3037,2025-05-21,7.08
3037,2025-06-27,14.97
3037,2025-06-28,24.68
3037,2025-07-01,14.07
3037,2025-07-12,11.31
3037,2025-08-04,24.66
3037,2025-08-07,19.81
3037,2025-09-05,8.38
3037,2025-10-26,30.85
3037,2025-12-12,24.37
3038,2024-06-15,17.42
3038,2025-06-09,17.02
3039,2024-05-21,10.47
3040,2024-01-06,24.37
3040,2024-01-18,32.04
3040,2024-02-03,48.37
3040,2024-02-15,27.91
3040,2024-03-01,41.77
3040,2024-05-29,30.97
3040,2024-06-27,33.78
3040,2024-07-04,39.39
3040,2024-07-18,33.06
3040,2024-08-22,43.63
3040,2024-08-23,44.81
3040,2024-09-13,45.49
3040,2024-09-29,47.28
3040,2024-10-01,26.39
3040,2024-10-10,28.89
3040,2024-10-15,43.17
3040,2024-10-18,51.59
3040,2024-11-11,31.52
3040,2024-12-20,56.71
3040,2025-01-05,30.29
3040,2025-01-09,24.94
3040,2025-01-14,36.64
3040,2025-01-14,18.21
3040,2025-02-12,41.42
3040,2025-04-23,28.35
3040,2025-06-02,25.77
3040,2025-06-23,27.04
3040,2025-07-20,86.28
3040,2025-08-02,72.15
3041,2024-05-02,14.14
3042,2024-03-05,52.61
3043,2024-02-26,21.72
3043,2024-03-01,16.83
3044,2024-01-11,31.45
3044,2024-01-27,11.07
3044,2024-02-21,20.22
3044,2024-03-11,23.15
3044,2024-03-12,30.54
3044,2024-04-06,23.92
3044,2024-06-19,16.08
3044,2024-07-01,6.2
3044,2024-07-28,24.96
3044,2024-08-05,35.74
3044,2024-08-22,20.88
3044,2024-10-15,20.18
3044,2024-11-24,14.56
3044,2024-11-25,30.95
3044,2025-01-10,30.59
3044,2025-01-14,19.78
3044,2025-01-29,10.03
3044,2025-03-18,17.84
3044,2025-04-09,18.99
3044,2025-04-10,16.35
3044,2025-04-11,39.49
3044,2025-05-06,18.36
3044,2025-05-30,20.55
3044,2025-07-28,18.45
3044,2025-09-05,8.7
3044,2025-10-17,25.22
3044,2025-10-20,22.15
3044,2025-11-09,24.08
3044,2025-12-14,14.51
3045,2024-06-27,16.63
3045,2024-06-30,15.38
3045,2024-07-01,22.51
3045,2024-07-08,23.68
3045,2024-07-31,9.88
3045,2024-08-18,24.02
3045,2024-08-27,14.89
3045,2024-09-04,20.38
3045,2024-09-05,7.44
3045,2024-11-19,12.81
3045,2025-01-09,26.52
3045,2025-03-04,12.69
3045,2025-05-21,12.54
3045,2025-05-30,27.96
3045,2025-06-10,21.23
3045,2025-06-11,14.31
3045,2025-06-27,20.2
3045,2025-07-01,22.52
3045,2025-08-25,23.23
3045,2025-08-30,12.86
3045,2025-09-24,25.88
3045,2025-10-11,16.33
3045,2025-10-18,7.07
3046,2024-05-26,12.16
3046,2024-06-07,8.57
3046,2024-06-08,11.92
3046,2024-06-17,19.96
3046,2024-06-20,5.92
3046,2024-07-25,10.94
3046,2024-07-28,10.71
3046,2024-09-11,8.02
3046,2024-09-30,6.75
3046,2024-10-03,3.98
3046,2024-10-19,18.94
3046,2024-11-04,8.28
3046,2024-11-12,20.54
3046,2024-11-28,11.72
3046,2024-12-12,5.33
3046,2024-12-21,11.48
3046,2025-02-06,6.79
3046,2025-02-11,13.2
3046,2025-02-16,8.14
3046,2025-02-24,8.19
3046,2025-03-28,5.16
3046,2025-04-09,6.35
3046,2025-04-13,6.51
3046,2025-05-02,9.71
3046,2025-05-17,12.49
3046,2025-06-20,9.54
3046,2025-08-05,8.78
3046,2025-08-23,5.99
3046,2025-09-15,9.24
3046,2025-09-28,13.4
3046,2025-10-18,19.61
3046,2025-10-21,3.85
3046,2025-11-07,12.28
3046,2025-11-10,9.59
3046,2025-12-08,19.23
3046,2025-12-19,9.17
3047,2024-05-13,8.34
3047,2024-09-24,19.51
3047,2024-10-30,17.64
3047,2025-01-27,19.87
3048,2024-03-18,14.15
3048,2024-04-03,20.1
3048,2024-04-12,40.06
3048,2024-05-25,22.38
3049,2024-05-26,14.86
3049,2025-01-24,15.74
3049,2025-04-22,9.09
3050,2024-05-29,98.28
3050,2024-06-11,159.53
3050,2024-07-25,90.88
3050,2024-08-31,19.35
3050,2024-09-29,67.46
3050,2025-04-30,78.14
3051,2024-06-08,23.45
3051,2024-06-19,40.89
3051,2024-07-17,30.47
3051,2024-07-19,31.83
3051,2024-08-19,23.89
3051,2024-09-01,21.45
3051,2024-11-22,41.06
3051,2024-12-14,23.39
3051,2024-12-20,21.41
3051,2025-01-05,41.69
3051,2025-01-17,25.99
3051,2025-03-06,41.18
3051,2025-05-14,25.54
3051,2025-06-23,25.69
3051,2025-08-20,40.7
3052,2024-06-30,36.02
3052,2024-07-29,16.23
3052,2024-10-06,35.35
3052,2024-11-08,26.82
3052,2024-11-09,21.31
3052,2024-12-01,39.09
3052,2025-03-12,19.03
3052,2025-03-20,30.1
3052,2025-03-23,11.37
3052,2025-04-17,43.86
3052,2025-05-02,26.14
3053,2024-06-01,45.9
3054,2024-02-07,132.07
3054,2024-04-08,212.85
3054,2024-04-29,92.63
3054,2024-05-22,119.8
3054,2024-07-01,255.23
3054,2024-07-08,204.06
3054,2024-10-06,183.58
3054,2024-11-02,89.3
3054,2024-11-11,165.55
3054,2025-03-28,134.35
3054,2025-04-10,108.77
3054,2025-06-17,120.72
3054,2025-06-20,105.13
3055,2024-06-30,13.1
3055,2024-07-02,13.73
3055,2024-07-30,22.36
3055,2024-09-25,24.73
3055,2024-11-29,17.02
3055,2024-12-26,32.58
3055,2025-01-04,16.26
3055,2025-02-03,12.62
3055,2025-03-14,28.12
3055,2025-03-21,45.67
3055,2025-03-29,27.71
3055,2025-04-04,32.48
3055,2025-04-18,28.7
3055,2025-04-19,36.6
3055,2025-05-13,31.75
3055,2025-06-01,21.83
3055,2025-06-07,29.55
3055,2025-07-07,19.11
3055,2025-07-11,23.22
3055,2025-07-17,23.8
3055,2025-08-26,34.14
3055,2025-09-04,20.59
3055,2025-11-20,13.93
3056,2024-03-08,10.41
3056,2024-11-17,6.55
3056,2024-12-19,13.44
3056,2025-01-09,8.0
3056,2025-02-12,9.08
3056,2025-06-02,11.66
3056,2025-09-15,6.6
3056,2025-10-15,5.88
3057,2024-05-07,29.28
3057,2024-05-26,57.62
3057,2024-05-27,61.64
3058,2024-04-16,17.63
3059,2024-03-18,27.77
3060,2024-02-15,14.62
3061,2024-04-28,9.53
3062,2024-06-11,24.35
3062,2024-06-14,24.78
3063,2024-06-19,15.04
3063,2024-07-01,5.45
3063,2024-07-17,11.67
3063,2025-01-28,3.19
3064,2024-05-19,20.28
3065,2024-03-25,13.82
3066,2024-04-04,9.64
3066,2024-06-08,10.71
3066,2024-10-30,11.4
3067,2024-02-22,13.87
3068,2024-01-14,50.22
3068,2024-04-16,47.11
3068,2024-04-28,46.53
3068,2024-12-03,37.23
3069,2024-04-30,12.98
3070,2024-06-02,18.48
3070,2024-06-03,23.96
3071,2024-05-26,67.83
3072,2024-05-09,28.09
3072,2024-07-05,6.81
3072,2024-07-05,41.76
3072,2024-07-14,27.2
3072,2024-08-09,49.18
3072,2024-08-18,34.03
3072,2024-08-21,41.99
3072,2024-09-27,39.63
3072,2024-10-02,80.88
3072,2024-10-08,35.26
3072,2024-10-18,25.94
3072,2024-11-16,69.29
3072,2024-11-27,31.43
3072,2025-01-02,69.24
3072,2025-02-17,33.55
3072,2025-02-25,26.35
3072,2025-03-18,43.32
3072,2025-04-11,18.61
3072,2025-04-16,35.81
3072,2025-05-03,6.58
3072,2025-06-02,47.87
3072,2025-06-09,60.13
3072,2025-06-12,45.62
3072,2025-06-25,37.55
3072,2025-07-14,9.9
3072,2025-07-23,43.52
3072,2025-08-17,42.14
3072,2025-08-25,21.83
3072,2025-09-28,21.55
3072,2025-11-04,35.55
3072,2025-11-08,31.24
3072,2025-11-09,31.13
3072,2025-12-21,39.4
3073,2024-05-29,33.14
3073,2024-06-02,29.28
3073,2024-06-04,40.97
3073,2024-07-19,25.17
3073,2024-08-05,21.69
3073,2024-09-08,17.28
3073,2024-10-08,25.53
3073,2024-10-19,16.09
3073,2024-11-06,14.69
3073,2024-11-25,18.55
3073,2024-12-14,19.65
3073,2025-02-05,19.84
3073,2025-03-29,22.26
3073,2025-03-31,28.33
3073,2025-03-31,40.43
3073,2025-04-01,37.47
3073,2025-04-13,22.17
3073,2025-05-21,27.78
3073,2025-05-23,13.37
3073,2025-05-30,28.17
3073,2025-06-27,19.83
3073,2025-06-30,22.59
3073,2025-09-05,15.4
3073,2025-09-12,13.45
3073,2025-10-17,14.55
3074,2024-03-15,49.12
3075,2024-05-12,26.46
3075,2024-06-14,26.89
3075,2025-03-05,10.35
3075,2025-08-08,39.1
3075,2025-09-09,12.98
3076,2024-04-11,35.61
3076,2024-05-03,23.87
3076,2024-05-12,24.52
3077,2024-05-18,20.68
3078,2024-01-24,15.6
3078,2024-02-03,17.19
3078,2024-03-03,31.24
3078,2024-04-07,21.98
3078,2024-05-08,41.0
3078,2024-05-21,12.97
3078,2024-05-24,22.49
3078,2024-06-15,19.65
3078,2024-08-09,18.78
3078,2024-08-10,25.68
3078,2024-08-25,26.06
3078,2024-08-28,16.38
3078,2024-09-24,16.88
3078,2024-10-01,28.16
3078,2024-11-10,28.34
3078,2024-11-22,27.59
3078,2024-12-08,24.04
3078,2024-12-23,23.18
3078,2024-12-28,21.96
3078,2025-01-24,15.18
3079,2024-03-16,13.24
3079,2024-04-07,16.24
3079,2024-07-01,13.35
3079,2024-12-20,15.25
3079,2025-02-04,8.88
3079,2025-03-02,7.34
3080,2024-03-08,33.29
3081,2024-06-12,14.1
3082,2024-02-15,40.75
3082,2024-04-14,28.64
3082,2024-12-04,42.06
3083,2024-01-03,41.78
3083,2024-01-05,35.48
3083,2024-01-21,50.97
3083,2024-02-17,43.33
3084,2024-02-11,28.49
3084,2024-02-27,29.12
3084,2024-05-30,47.43
3084,2024-07-11,38.41
3084,2024-08-10,40.51
3084,2024-08-11,63.83
3084,2024-08-21,40.38
3084,2024-08-23,34.94
3084,2024-11-05,12.41
3084,2024-11-28,42.67
3084,2025-01-18,32.25
3084,2025-04-04,40.58
3084,2025-07-05,40.94
3084,2025-08-11,45.07
3084,2025-08-31,13.78
3084,2025-09-26,22.18
3084,2025-10-08,52.95
3084,2025-10-17,26.39
3084,2025-10-28,20.62
3084,2025-11-20,36.77
3085,2024-06-03,11.98
3085,2024-08-24,47.67
3085,2024-10-20,37.94
3085,2024-10-28,42.88
3085,2024-12-19,26.61
3085,2025-03-14,23.92
3085,2025-06-21,32.07
3085,2025-10-30,46.73
3086,2024-05-26,19.84
3086,2024-05-29,24.51
3086,2024-06-29,41.13
3086,2024-07-04,22.59
3086,2024-08-14,12.02
3086,2024-08-18,19.84
3087,2024-05-05,16.75
3087,2024-06-01,80.6
3087,2024-08-29,22.31
3087,2024-12-09,81.31
3088,2024-06-26,13.55
3088,2024-07-02,17.64
3089,2024-06-22,25.23
3089,2024-09-08,27.83
3089,2025-01-16,33.67
3089,2025-02-26,53.51
3089,2025-09-13,11.34
3090,2024-01-04,14.44
3091,2024-04-06,18.67
3091,2024-09-10,17.31
3091,2024-09-19,28.42
3092,2024-01-08,15.83
3092,2024-02-18,19.55
3092,2024-02-21,27.78
3092,2024-03-08,8.49
3092,2024-03-09,16.41
3092,2024-03-30,6.22
3092,2024-04-11,12.82
3092,2024-06-25,22.58
3092,2024-09-29,22.19
3092,2024-11-18,30.16
3092,2024-12-02,23.11
3092,2025-02-07,12.46
3092,2025-02-13,12.71
3092,2025-03-03,19.79
3092,2025-03-06,30.56
3092,2025-04-03,40.43
3092,2025-04-24,15.71
3092,2025-05-01,22.39
3092,2025-06-08,22.47
3092,2025-11-13,24.07
3093,2024-02-19,2.56
3093,2024-08-09,10.8
3093,2024-11-09,3.27
3093,2024-12-03,10.25
3093,2025-01-10,10.34
3093,2025-04-09,7.47
3093,2025-06-02,5.9
3093,2025-06-15,9.85
3093,2025-07-12,6.99
3094,2024-01-02,14.42
3094,2024-01-03,4.81
3095,2024-05-01,10.9
3095,2024-05-05,10.76
3095,2024-06-24,20.04
3095,2024-07-26,26.72
3095,2024-07-30,18.5
3095,2024-09-17,20.87
3095,2024-11-05,29.72
3095,2024-11-19,23.81
3095,2024-11-20,11.33
3095,2024-11-21,25.09
3095,2024-12-22,13.91
3095,2025-01-07,6.37
3095,2025-01-17,11.07
3095,2025-02-07,10.53
3095,2025-02-17,17.42
3095,2025-02-26,20.07
3095,2025-03-08,12.85
3095,2025-03-11,31.67
3095,2025-05-01,11.33
3096,2024-04-28,30.36
3097,2024-04-28,46.56
3097,2024-05-19,7.85
3097,2024-06-24,19.56
3098,2024-01-21,35.42
3098,2024-03-07,26.08
3099,2024-04-23,26.46
3099,2024-05-04,35.63
3099,2024-05-04,37.68
3099,2024-05-06,76.24
3099,2024-07-03,34.74
3099,2024-07-08,25.91
3099,2024-07-22,18.96
3099,2024-09-05,18.34
3099,2024-09-12,29.4
3099,2024-09-24,18.53
3099,2024-10-21,12.92
3100,2024-06-28,16.82
3100,2024-08-03,21.09
3100,2024-09-13,15.91
3100,2024-09-26,18.91
3100,2024-10-24,7.91
3100,2024-12-21,19.6
3100,2025-01-15,40.79
3100,2025-01-21,24.62
3100,2025-02-28,22.59
3100,2025-03-07,16.65
3100,2025-03-22,17.52
3100,2025-03-31,5.88
3100,2025-04-30,20.43
3100,2025-06-07,13.39
3100,2025-06-22,39.43
3100,2025-06-25,18.58
3100,2025-08-03,12.65
3100,2025-08-25,20.13
3100,2025-09-10,24.83
3100,2025-09-25,6.94
3100,2025-10-10,29.71
3100,2025-11-10,29.74
3100,2025-11-27,30.17
3100,2025-12-26,11.86
3101,2024-06-04,27.33
3101,2024-06-06,49.88
3101,2024-06-13,42.94
3101,2024-06-27,25.25
3101,2024-06-30,48.67
3101,2024-07-18,30.27
3101,2024-08-08,38.67
3101,2024-08-19,55.75
3101,2024-09-17,32.84
3102,2024-04-23,25.95
3103,2024-01-29,19.52
3104,2024-06-25,29.03
3105,2024-03-08,25.33
3105,2024-04-07,66.2
3105,2024-06-11,79.84
3105,2024-10-02,79.09
3105,2024-11-07,23.49
3105,2025-02-05,92.49
3105,2025-02-14,25.23
3105,2025-02-16,75.61
3105,2025-03-28,50.79
3105,2025-06-08,78.64
3105,2025-09-04,42.31
3105,2025-09-08,115.23
3105,2025-11-20,45.7
3105,2025-12-19,29.67
3106,2024-01-21,13.18
3107,2024-01-06,7.17
3108,2024-05-04,12.85
3109,2024-01-10,74.23
3109,2024-04-17,53.33
3110,2024-03-30,17.82
3110,2024-09-05,19.21
3110,2024-09-28,16.87
3110,2024-12-11,25.15
3110,2024-12-16,16.15
3110,2025-01-24,14.8
3110,2025-03-17,13.36
3110,2025-03-17,10.22
3110,2025-04-15,11.43
3110,2025-04-25,19.96
3110,2025-08-01,21.63
3110,2025-12-19,26.94
3111,2024-04-14,41.15
3112,2024-01-18,28.74
3113,2024-03-22,36.01
3113,2024-04-27,52.66
3113,2024-04-28,42.46
3113,2024-05-14,31.73
3113,2024-05-23,37.64
3113,2024-07-26,57.74
3114,2024-03-26,29.18
3114,2024-04-30,45.93
3115,2024-05-07,43.55
3115,2024-07-27,20.69
3116,2024-06-08,18.22
3117,2024-05-11,10.41
3118,2024-06-18,49.15
3118,2024-08-20,13.38
3118,2024-10-15,27.35
3118,2024-10-15,33.49
3118,2024-12-03,20.41
3118,2024-12-23,25.52
3118,2025-01-22,17.02
3118,2025-03-07,33.11
3118,2025-05-06,20.25
3118,2025-05-08,37.52
3118,2025-06-26,30.08
3118,2025-06-27,20.59
3118,2025-06-30,27.71
3118,2025-07-12,25.19
3118,2025-09-06,15.35
3118,2025-09-16,20.36
3118,2025-12-15,11.63
3119,2024-03-13,30.32
3119,2024-03-24,34.14
3119,2024-04-04,10.88
3119,2024-04-16,21.79
3119,2024-05-03,26.99
3119,2024-05-05,31.86
3119,2024-05-10,13.78
3119,2024-05-23,34.61
3119,2024-05-24,15.74
3119,2024-07-12,15.86
3119,2024-07-24,14.74
3119,2024-07-25,17.92
3119,2024-08-15,15.06
3119,2024-08-17,16.69
3119,2024-08-20,17.59
3119,2024-08-24,16.32
3119,2024-08-27,27.63
3119,2024-08-31,10.81
3119,2024-09-10,20.04
3119,2024-09-10,35.15
3119,2024-09-29,16.82
3119,2024-10-02,16.55
3119,2024-10-14,15.25
3120,2024-04-04,29.09
3121,2024-01-12,20.29
3121,2024-02-03,12.41
3121,2024-02-12,12.68
3122,2024-04-14,11.68
3122,2024-06-22,16.38
3122,2024-07-09,24.76
3122,2024-09-14,13.81
3122,2025-04-05,23.21
3123,2024-03-10,27.91
3123,2024-09-25,48.35
3123,2025-03-12,75.29
3124,2024-05-19,45.79
3124,2024-05-26,29.42
3124,2024-07-20,56.9
3124,2024-08-15,14.49
3124,2024-08-31,41.11
3124,2024-09-02,19.45
3124,2025-05-04,62.23
3124,2025-05-19,50.42
3124,2025-06-15,40.17
3124,2025-09-01,45.29
3124,2025-09-21,54.76
3125,2024-04-25,34.34
3125,2024-04-26,19.55
3125,2024-05-01,14.61
3125,2024-05-03,11.48
3125,2024-06-10,60.98
3125,2024-06-15,36.95
3125,2024-06-20,47.66
3125,2024-07-03,18.9
3125,2024-07-08,34.53
3126,2024-02-19,35.55
3126,2024-03-15,39.8
3126,2024-04-15,53.82
3126,2024-07-03,46.29
3127,2024-06-25,20.62
3127,2024-08-11,28.91
3127,2024-11-04,37.2
3127,2025-02-01,9.79
3128,2024-02-09,12.28
3129,2024-01-06,28.26
3130,2024-04-21,59.46
3131,2024-02-12,12.79
3132,2024-03-17,91.2
3132,2024-11-23,40.21
3132,2025-01-04,82.0
3132,2025-06-06,58.41
3133,2024-05-21,27.79
3133,2025-10-06,39.2
3134,2024-04-26,47.21
3134,2024-05-08,29.69
3134,2024-06-18,35.57
3134,2024-07-06,28.09
3134,2024-08-19,42.4
3134,2024-08-29,42.84
3134,2024-11-16,36.67
3134,2024-12-08,26.6
3134,2025-02-03,15.31
3134,2025-04-06,39.88
3134,2025-05-13,20.68
3134,2025-05-28,54.67
3134,2025-06-27,34.31
3134,2025-09-01,33.61
3134,2025-09-05,58.54
3134,2025-09-28,49.07
3134,2025-10-04,34.44
3134,2025-10-15,30.96
3134,2025-10-31,71.54
3134,2025-11-01,51.91
3134,2025-11-25,44.66
3135,2024-01-05,5.42
3135,2024-01-11,19.04
3135,2024-01-12,35.07
3135,2024-01-20,18.99
3135,2024-01-20,19.1
3135,2024-02-01,13.14
3135,2024-02-04,15.36
3135,2024-02-17,22.64
3135,2024-02-27,15.49
3135,2024-02-28,19.26
3135,2024-03-03,20.82
3135,2024-03-09,20.63
3135,2024-04-05,8.76
3135,2024-04-10,14.26
3135,2024-04-11,16.16
3135,2024-04-22,20.06
3136,2024-05-03,16.93
3136,2024-08-03,16.86
3136,2024-11-11,36.51
3136,2024-12-05,33.79
3136,2024-12-10,31.2
3136,2024-12-20,12.02
3136,2025-01-07,28.87
3136,2025-01-19,22.88
3136,2025-02-09,17.98
3136,2025-03-24,15.28
3136,2025-04-22,14.24
3136,2025-06-18,14.83
3136,2025-06-27,43.27
3136,2025-08-14,26.97
3136,2025-09-09,7.88
3136,2025-09-13,27.03
3136,2025-10-26,8.74
3136,2025-11-18,24.2
3136,2025-11-22,16.83
3137,2024-06-11,11.59
3137,2024-08-10,18.8
3138,2024-06-23,22.25
3138,2024-07-04,14.28
3138,2024-07-14,21.21
3138,2024-08-18,28.79
3139,2024-02-04,14.42
3139,2024-03-13,19.74
3139,2024-04-11,32.04
3139,2024-04-20,13.64
3139,2024-06-04,15.4
3139,2024-06-11,38.3
3139,2024-07-05,27.75
3139,2024-10-03,25.24
3139,2024-12-04,17.0
3139,2024-12-06,29.99
3139,2025-01-19,27.93
3139,2025-05-21,29.71
3140,2024-04-22,13.31
3141,2024-04-07,14.89
3142,2024-05-19,40.74
3142,2024-09-01,32.75
3142,2024-09-04,47.69
3142,2024-10-22,20.53
3142,2025-03-20,34.09
3142,2025-05-17,31.57
3142,2025-05-19,15.23
3143,2024-06-29,107.11
3144,2024-01-18,87.32
3144,2024-05-13,36.77
3145,2024-02-07,18.45
3145,2024-05-04,15.98
3145,2024-10-06,25.34
3145,2024-10-25,16.01
3145,2025-03-23,19.94
3145,2025-03-23,24.19
3145,2025-10-07,25.14
3145,2025-11-30,14.7
3146,2024-03-22,74.05
3146,2024-04-25,75.54
3146,2024-05-30,31.78
3146,2024-06-27,61.17
3146,2024-08-16,37.99
3146,2024-09-03,33.11
3146,2024-10-01,17.8
3146,2024-10-08,34.76
3146,2024-10-20,71.05
3146,2024-10-28,65.55
3146,2024-12-08,63.17
3146,2025-01-12,30.42
3146,2025-01-22,34.5
3146,2025-02-06,73.63
3146,2025-02-20,20.3
3146,2025-02-23,15.17
3146,2025-04-09,54.79
3146,2025-04-30,48.82
3146,2025-04-30,47.56
3146,2025-07-05,29.62
3146,2025-08-04,22.58
3146,2025-08-13,40.88
3146,2025-10-07,41.8
3146,2025-10-25,48.87
3147,2024-05-19,30.51
3148,2024-03-01,19.82
3149,2024-02-05,49.36
3149,2024-03-08,76.08
3149,2024-05-12,45.78
3149,2024-06-16,73.91
3149,2024-07-23,19.51
3149,2024-09-06,65.28
3149,2024-09-25,28.09
3149,2024-09-28,67.47
3149,2024-10-04,33.64
3149,2024-11-12,51.45
3150,2024-03-28,56.14
3151,2024-01-09,43.75
3151,2024-04-04,41.29
3151,2024-04-27,65.13
3151,2024-05-23,23.12
3152,2024-05-20,23.79
3152,2024-05-22,21.17
3152,2024-06-19,16.82
3152,2024-07-29,8.33
3153,2024-03-25,32.91
3153,2024-05-22,30.43
3153,2024-06-27,32.77
3154,2024-03-27,36.89
3155,2024-03-06,38.58
3155,2024-05-12,19.78
3155,2024-06-11,73.46
3155,2024-07-15,11.35
3155,2024-08-03,18.99
3155,2024-09-03,24.8
3155,2024-10-20,40.51
3155,2024-11-26,24.43
3155,2024-12-20,41.5
3155,2025-01-04,69.06
3155,2025-01-23,41.68
3155,2025-01-29,58.01
3155,2025-02-12,31.82
3155,2025-03-08,64.53
3155,2025-03-28,67.07
3155,2025-04-03,71.48
3155,2025-06-07,61.74
3155,2025-06-08,51.1
3155,2025-07-26,24.21
3155,2025-08-29,48.16
3155,2025-08-31,15.91
3155,2025-09-17,60.82
3155,2025-10-25,39.75
3155,2025-11-23,19.82
3155,2025-12-07,70.24
3155,2025-12-07,37.64
3156,2024-04-19,30.91
3156,2024-06-20,10.92
3156,2024-07-24,29.49
3156,2024-07-27,30.14
3156,2024-08-22,27.93
3156,2024-10-07,35.11
3156,2025-03-21,19.63
3156,2025-07-13,30.32
3156,2025-09-09,34.86
3156,2025-09-26,31.69
3157,2024-05-25,19.03
3157,2024-07-21,13.76
3157,2024-09-15,19.18
3157,2024-09-27,20.15
3157,2024-10-04,48.14
3157,2024-10-24,24.12
3157,2024-11-06,11.89
3157,2024-11-12,15.05
3157,2024-11-16,22.38
3157,2024-12-06,39.55
3157,2025-03-14,15.71
3157,2025-03-25,33.29
3157,2025-04-11,37.35
3157,2025-04-29,27.77
3157,2025-06-03,41.26
3157,2025-06-24,34.37
3157,2025-06-30,35.22
3157,2025-09-20,6.9
3157,2025-10-16,12.36
3157,2025-11-17,21.66
3157,2025-11-21,14.85
3157,2025-12-11,13.58
3157,2025-12-12,26.36
3158,2024-05-29,26.74
3159,2024-04-08,27.46
3159,2024-05-01,31.91
3159,2024-08-10,29.81
3160,2024-04-14,23.92
3160,2024-04-14,13.22
3160,2024-07-04,30.52
3160,2024-08-04,8.11
3160,2024-08-13,29.79
3160,2024-09-26,23.1
3161,2024-03-17,14.71
3162,2024-04-08,108.33
3162,2024-04-08,83.88
3162,2024-04-10,144.85
3162,2024-04-20,102.74
3162,2024-05-14,189.58
3162,2024-05-26,99.37
3162,2024-07-08,165.64
3162,2024-08-05,144.18
3162,2024-08-19,136.26
3162,2024-10-03,61.87
3162,2024-11-05,97.41
3163,2024-05-10,4.75
3163,2024-06-03,28.65
3163,2024-08-18,18.81
3163,2024-10-15,33.31
3163,2024-12-23,25.55
3163,2025-01-25,29.48
3163,2025-02-12,12.72
3163,2025-03-15,17.07
3163,2025-05-10,14.51
3163,2025-06-24,7.16
3163,2025-10-17,33.78
3163,2025-10-21,7.27
3164,2024-04-19,12.14
3164,2024-08-03,12.65
3164,2025-02-08,6.04
3165,2024-04-17,48.84
3166,2024-02-18,32.7
3166,2024-04-15,32.77
3166,2024-05-06,23.98
3166,2024-05-24,37.38
3166,2024-07-24,21.19
3166,2024-07-24,26.74
3166,2024-10-04,18.47
3166,2024-10-23,14.53
3166,2024-11-01,29.08
3166,2024-11-15,25.43
3166,2024-11-21,51.78
3166,2025-03-11,20.15
3166,2025-03-24,22.03
3166,2025-05-05,17.92
3166,2025-06-07,18.77
3166,2025-06-14,27.49
3166,2025-06-15,27.06
3166,2025-07-08,20.95
3166,2025-08-12,25.02
3166,2025-08-21,42.27
3166,2025-08-23,30.2
3166,2025-09-28,31.5
3166,2025-10-07,30.12
3166,2025-11-23,58.3
3166,2025-12-12,31.71
3166,2025-12-16,43.35
3166,2025-12-17,21.07
3167,2024-01-28,42.51
3167,2024-02-13,23.15
3167,2024-02-21,59.14
3167,2024-04-02,61.76
3167,2024-04-19,24.8
3167,2024-11-10,47.71
3167,2024-12-15,61.28
3167,2025-02-05,44.79
3167,2025-02-18,44.25
3167,2025-02-25,37.06
3167,2025-03-26,19.3
3167,2025-05-03,78.86
3167,2025-08-29,33.38
3167,2025-11-04,35.46
3167,2025-11-25,26.28
3168,2024-04-16,20.05
3168,2025-01-03,20.58
3169,2024-03-26,28.35
3169,2024-04-14,28.96
3170,2024-01-13,47.72
3170,2024-03-12,36.2
3170,2024-04-23,29.2
3170,2024-05-20,39.33
3170,2024-06-12,39.55
3170,2024-07-08,37.0
3170,2024-08-09,11.85
3170,2024-08-11,14.55
3170,2024-08-26,23.25
3170,2024-10-03,24.77
3170,2024-10-04,25.65
3170,2024-10-31,15.58
3170,2025-02-08,18.55
3170,2025-02-11,8.57
3171,2024-03-04,18.62
3171,2024-03-17,32.91
3171,2024-03-28,44.71
3171,2024-04-16,37.27
3171,2024-10-11,22.78
3171,2025-01-05,44.35
3171,2025-03-20,21.31
3171,2025-05-30,18.76
3171,2025-09-26,50.02
3171,2025-10-03,21.71
3171,2025-12-24,25.51
3172,2024-02-14,32.11
3172,2024-02-18,19.28
3172,2024-03-28,25.68
3172,2024-06-17,28.52
3172,2024-06-26,28.02
3172,2024-08-13,35.86
3172,2024-09-24,30.73
3172,2025-01-04,26.3
3172,2025-02-13,20.33
3172,2025-04-05,27.9
3172,2025-04-27,17.51
3172,2025-07-11,8.12
3173,2024-06-03,36.61
3173,2024-06-28,48.51
3173,2025-01-02,36.24
3173,2025-06-22,48.87
3173,2025-08-02,45.94
3173,2025-09-05,39.89
3173,2025-11-08,68.3
3173,2025-11-10,34.24
3174,2024-06-06,52.3
3174,2024-07-04,34.28
3175,2024-06-22,11.76
3175,2024-06-29,23.73
3176,2024-04-25,12.14
3177,2024-06-24,33.49
3177,2024-06-26,25.15
3177,2024-11-23,7.82
3177,2025-01-30,17.37
3177,2025-07-22,25.64
3177,2025-12-26,29.38
3178,2024-01-05,12.93
3178,2024-01-07,32.54
3179,2024-03-24,14.13
3180,2024-06-25,23.8
3181,2024-03-10,25.87
3181,2024-03-15,48.58
3181,2024-03-27,26.81
3181,2024-04-10,38.1
3181,2024-04-10,54.46
3182,2024-01-20,16.88
3182,2024-06-16,56.94
3183,2024-04-07,23.38
3184,2024-02-04,23.75
3185,2024-06-04,64.09
3185,2024-06-13,62.79
3185,2024-06-20,36.62
3185,2024-06-30,46.79
3185,2024-07-20,37.12
3185,2024-08-18,32.15
3185,2024-08-25,52.47
3185,2024-08-26,16.52
3185,2024-09-17,22.62
3185,2024-09-21,33.84
3185,2024-09-28,22.22
3185,2024-11-11,31.08
3185,2025-02-13,43.16
3185,2025-03-18,46.62
3185,2025-03-31,61.52
3186,2024-04-04,22.4
3186,2024-05-27,19.85
3186,2024-09-18,8.83
3187,2024-04-02,21.3
3188,2024-05-03,39.72
3189,2024-06-08,29.59
3189,2024-08-04,20.16
3189,2024-08-05,24.49
3189,2024-09-05,13.52
3189,2024-09-07,17.22
3189,2024-10-16,23.12
3190,2024-05-14,9.08
3190,2024-12-24,8.69
3190,2024-12-30,12.86
3190,2025-05-14,8.0
3190,2025-05-19,29.91
3190,2025-06-01,9.66
3190,2025-12-02,28.15
3191,2024-01-22,13.75
3191,2024-02-23,20.18
3191,2024-03-03,38.28
3191,2024-03-04,24.0
3191,2024-03-15,26.75
3191,2024-03-16,22.18
3191,2024-05-29,28.2
3191,2024-07-25,32.04
3191,2024-08-01,17.83
3191,2024-08-16,29.67
3191,2024-09-15,17.9
3191,2024-09-28,21.17
3191,2024-09-30,28.92
3192,2024-03-01,13.8
3192,2024-04-15,21.07
3193,2024-05-11,34.3
3194,2024-02-08,28.25
3195,2024-03-02,30.67
3195,2024-03-05,12.69
3196,2024-04-13,58.71
3196,2024-04-15,26.82
3196,2024-06-24,42.08
3197,2024-04-04,40.48
3197,2024-06-05,8.51
3198,2024-02-13,9.43
3198,2024-02-25,21.63
3198,2024-03-06,12.34
3198,2024-03-26,16.16
3199,2024-06-08,29.65
3199,2025-08-08,10.23
3200,2024-01-23,24.21
3201,2024-04-02,27.45
3201,2024-05-17,33.99
3201,2024-07-12,36.08
3201,2024-09-19,79.37
3201,2024-11-07,32.26
3201,2024-12-15,60.04
3201,2025-01-19,34.98
3201,2025-03-16,27.97
3201,2025-05-11,63.15
3201,2025-06-11,37.84
3201,2025-07-12,27.89
3201,2025-08-06,32.37
3201,2025-08-23,48.04
3201,2025-09-07,43.84
3201,2025-09-26,69.71
3202,2024-03-31,12.03
3203,2024-04-21,38.53
3203,2024-08-27,32.34
3203,2024-10-10,32.55
3203,2024-11-26,37.15
3203,2024-12-06,23.92
3203,2024-12-09,41.4
3203,2025-03-26,40.13
3203,2025-05-06,9.15
3203,2025-05-26,30.41
3203,2025-07-23,30.19
3203,2025-08-10,14.96
3204,2024-02-18,12.13
3205,2024-01-18,32.12
3205,2024-03-03,17.91
3205,2024-04-14,17.3
3205,2024-04-27,31.31
3205,2024-07-13,9.89
3205,2024-08-27,8.41
3205,2024-08-29,25.46
3205,2024-10-10,21.42
3205,2024-11-16,25.5
3205,2024-11-27,34.85
3205,2024-12-17,15.37
3206,2024-05-26,22.12
3206,2024-07-12,33.03
3206,2024-09-06,31.67
3207,2024-03-23,13.87
3208,2024-05-21,14.27
3209,2024-05-30,32.74
3210,2024-06-07,38.9
3210,2025-07-17,40.5
3211,2024-01-19,21.02
3211,2024-02-02,23.31
3211,2024-04-10,35.05
3211,2024-04-17,17.82
3211,2024-06-22,31.12
3211,2024-07-16,18.41
3211,2024-08-23,14.03
3211,2024-12-07,26.18
3211,2025-02-22,13.78
3211,2025-03-31,17.6
3211,2025-04-17,29.15
3211,2025-04-17,17.23
3211,2025-04-30,35.03
3211,2025-05-17,48.95
3211,2025-06-11,15.67
3212,2024-02-26,17.82
3212,2024-03-06,22.14
3213,2024-04-09,10.49
3214,2024-01-16,27.62
3214,2024-03-15,42.44
3214,2024-06-15,37.3
3214,2024-06-27,45.91
3214,2024-09-05,19.79
3214,2024-09-29,36.62
3214,2024-10-02,31.72
3214,2024-11-26,53.02
3214,2024-12-30,50.9
3214,2025-01-06,36.82
3214,2025-02-17,60.2
3214,2025-09-17,45.91
3214,2025-09-30,88.96
3214,2025-10-23,18.45
3215,2024-01-27,70.55
3216,2024-05-01,22.9
3216,2024-08-08,23.68
3216,2024-11-09,6.53
3216,2024-11-12,9.33
3216,2024-12-26,12.38
3216,2025-01-22,12.18
3216,2025-02-18,37.16
3216,2025-02-20,19.42
3216,2025-04-15,20.17
3216,2025-07-27,21.44
3216,2025-12-24,15.72
3217,2024-01-09,23.37
3217,2024-01-11,42.82
3217,2024-03-11,24.91
3217,2024-05-29,21.49
3217,2024-09-30,9.42
3217,2025-03-01,15.98
3217,2025-03-30,15.45
3217,2025-05-03,10.35
3217,2025-05-26,11.82
3217,2025-06-01,13.67
3217,2025-07-29,11.53
3217,2025-09-23,16.95
3217,2025-10-18,16.19
3217,2025-11-13,7.09
3217,2025-11-30,22.21
3217,2025-12-06,13.28
3218,2024-02-15,50.6
3218,2024-03-29,61.03
3218,2024-04-12,42.4
3218,2024-04-23,46.73
3218,2024-05-02,46.43
3218,2024-05-08,94.06
3218,2024-05-11,63.23
3218,2024-06-13,57.11
3218,2024-06-26,75.2
3218,2024-07-22,39.96
3218,2024-07-26,77.2
3218,2024-07-30,91.57
3218,2024-09-01,41.29
3218,2024-09-26,101.41
3218,2024-10-11,83.31
3218,2024-10-27,88.41
3218,2024-11-21,65.69
3218,2024-11-29,88.59
3218,2024-12-03,70.91
3218,2024-12-14,80.5
3218,2025-01-14,119.29
3218,2025-02-14,47.4
3218,2025-02-17,51.87
3218,2025-03-24,62.23
3218,2025-05-06,38.75
3218,2025-06-27,61.41
3218,2025-07-06,79.24
3218,2025-07-27,60.44
3218,2025-07-30,69.63
3218,2025-08-09,53.28
3218,2025-08-11,96.34
3218,2025-08-13,92.68
3218,2025-08-16,102.5
3218,2025-08-22,77.45
3218,2025-08-24,65.73
3218,2025-09-13,101.63
3218,2025-09-14,92.65
3218,2025-09-18,64.37
3218,2025-09-18,100.47
3218,2025-09-22,62.17
3218,2025-09-25,58.67
3218,2025-10-22,132.15
3218,2025-10-24,18.03
3218,2025-11-02,64.74
3218,2025-11-04,54.47
3218,2025-12-11,172.86
3219,2024-01-20,21.49
3219,2024-11-16,6.35
3219,2024-11-30,29.17
3219,2025-06-25,10.39
3220,2024-02-07,5.49
3221,2024-01-10,47.52
3221,2024-01-11,27.99
3221,2024-01-21,30.53
3221,2024-02-16,24.61
3222,2024-05-02,37.27
3222,2024-05-07,54.83
3222,2024-05-22,33.25
3222,2024-06-05,41.08
3222,2024-07-08,28.77
3222,2024-07-24,15.49
3222,2024-08-02,22.61
3222,2024-09-13,24.39
3222,2024-09-17,59.84
3222,2024-09-20,118.71
3222,2024-12-15,40.73
3222,2025-01-15,53.7
3222,2025-02-06,34.68
3222,2025-03-12,24.13
3222,2025-03-27,71.1
3223,2024-02-20,44.26
3223,2024-04-21,22.29
3223,2024-05-31,16.83
3223,2024-09-01,13.8
3223,2024-10-10,20.43
3223,2025-02-08,32.11
3223,2025-02-23,20.08
3223,2025-02-28,35.17
3223,2025-07-26,31.63
3223,2025-07-29,11.71
3223,2025-09-07,18.18
3224,2024-03-01,30.72
3224,2024-03-16,56.96
3224,2024-05-07,70.96
3224,2024-05-11,75.55
3224,2024-06-05,51.7
3224,2024-06-14,35.72
3224,2024-07-07,63.35
3224,2024-08-03,70.79
3224,2024-10-22,113.95
3224,2024-10-30,35.07
3224,2024-12-08,66.81
3224,2024-12-19,59.71
3224,2025-01-31,106.66
3224,2025-02-12,82.93
3224,2025-02-28,51.55
3224,2025-03-08,46.47
3224,2025-05-04,10.49
3224,2025-07-30,31.32
3224,2025-09-04,79.27
3224,2025-09-27,62.03
3224,2025-10-24,75.65
3224,2025-10-28,23.72
3225,2024-06-26,23.5
3225,2024-06-28,13.9
3225,2024-07-29,11.8
3225,2024-08-10,13.4
3225,2024-08-15,36.03
3225,2024-10-19,16.46
3225,2025-02-15,14.78
3225,2025-03-24,27.73
3225,2025-05-13,50.14
3225,2025-06-21,14.59
3225,2025-08-07,65.51
3225,2025-09-23,37.88
3225,2025-11-03,26.27
3225,2025-11-17,33.51
3226,2024-03-02,24.86
3227,2024-01-22,29.49
3227,2024-07-22,35.34
3228,2024-05-15,12.45
3228,2024-06-03,14.19
3228,2024-11-24,12.18
3228,2025-01-10,10.94
3228,2025-01-23,18.13
3228,2025-04-10,12.15
3228,2025-08-04,12.59
3229,2024-04-10,27.05
3230,2024-01-09,27.4
3230,2024-01-27,93.65
3230,2024-01-29,45.16
3230,2024-02-16,102.82
3230,2024-03-15,36.64
3230,2024-03-27,61.22
3230,2024-04-13,70.21
3230,2024-04-14,56.42
3230,2024-07-22,71.91
3230,2024-07-29,53.99
3230,2024-08-01,87.32
3230,2024-09-10,71.73
3230,2024-09-20,57.27
3230,2024-11-29,33.35
3230,2024-12-06,54.56
3230,2024-12-08,47.37
3230,2024-12-11,136.68
3230,2025-01-05,71.84
3230,2025-01-08,47.48
3230,2025-01-10,52.0
3230,2025-02-06,46.69
3230,2025-02-08,61.58
3230,2025-03-29,37.83
3230,2025-04-04,63.28
3230,2025-04-20,148.43
3230,2025-06-04,67.17
3230,2025-07-14,82.24
3230,2025-09-07,83.52
3230,2025-10-05,47.22
3230,2025-10-26,46.16
3230,2025-12-19,52.33
3231,2024-01-19,51.15
3232,2024-04-22,16.69
3232,2024-04-29,35.56
3232,2024-05-15,4.34
3233,2024-02-14,12.72
3233,2024-06-14,30.16
3233,2024-08-14,18.66
3233,2024-08-24,19.27
3233,2025-07-14,21.94
3234,2024-04-03,12.95
3234,2024-06-03,13.09
3234,2024-07-30,35.14
3234,2024-08-27,8.85
3234,2024-09-11,5.69
3234,2024-09-20,17.89
3234,2024-09-30,6.99
3234,2024-10-31,22.81
3234,2024-11-05,17.63
3234,2024-11-06,7.55
3234,2025-02-20,13.27
3234,2025-03-07,12.82
3234,2025-03-21,12.63
3235,2024-02-25,21.36
3236,2024-03-21,13.32
3236,2024-03-30,24.63
3237,2024-03-05,12.01
3238,2024-03-22,20.5
3238,2024-03-25,10.13
3238,2024-04-23,23.67
3238,2024-08-07,20.39
3238,2024-10-31,42.46
3238,2025-01-24,16.84
3238,2025-03-31,28.34
3238,2025-05-06,14.44
3239,2024-01-27,15.38
3239,2024-06-18,9.75
3239,2024-09-21,16.37
3239,2024-10-04,11.08
3239,2025-03-07,15.97
3240,2024-05-28,40.03
3241,2024-06-22,62.32
3241,2024-09-10,20.47
3241,2024-09-20,18.72
3241,2024-11-05,44.01
3241,2025-01-30,42.89
3241,2025-02-09,28.59
3241,2025-02-20,38.35
3241,2025-03-02,19.39
3241,2025-04-15,49.18
3241,2025-05-01,46.12
3241,2025-05-12,33.41
3241,2025-06-07,14.27
3241,2025-07-24,38.08
3241,2025-08-20,40.25
3241,2025-09-17,43.36
3241,2025-10-03,20.77
3242,2024-06-25,54.95
3242,2024-07-09,31.2
3242,2024-07-25,15.86
3242,2024-11-02,30.57
3242,2024-12-19,49.38
3243,2024-05-18,18.35
3243,2024-05-22,38.7
3243,2024-07-09,21.83
3243,2024-07-18,10.55
3243,2024-07-29,12.22
3243,2024-08-21,20.67
3243,2024-09-01,17.89
3243,2024-11-22,18.1
3243,2024-12-07,15.46
3243,2025-01-27,14.28
3243,2025-01-28,17.54
3243,2025-01-29,50.31
3243,2025-01-29,18.22
3243,2025-02-08,13.89
3243,2025-02-23,10.02
3243,2025-03-30,10.82
3243,2025-04-17,19.59
3243,2025-05-13,29.0
3243,2025-05-19,23.94
3243,2025-06-08,16.26
3243,2025-06-24,16.81
3243,2025-06-27,21.64
3243,2025-07-02,13.66
3243,2025-07-12,19.77
3243,2025-07-26,25.03
3243,2025-08-02,27.95
3243,2025-09-11,19.62
3243,2025-09-13,22.16
3243,2025-10-18,51.37
3243,2025-10-25,22.94
3243,2025-12-20,17.72
3244,2024-04-03,36.87
3244,2024-08-27,52.39
3244,2025-01-21,64.12
3244,2025-03-23,70.56
3244,2025-05-01,41.82
3245,2024-05-23,28.36
3245,2024-06-13,51.28
3245,2024-08-12,87.08
3245,2024-09-19,56.5
3245,2024-10-05,43.71
3245,2024-10-13,35.5
3245,2024-11-01,32.73
3245,2025-01-19,43.3
3245,2025-02-11,52.6
3245,2025-02-18,28.29
3245,2025-03-28,34.84
3245,2025-04-14,66.2
3245,2025-06-24,20.88
3245,2025-07-25,98.46
3245,2025-09-08,76.92
3245,2025-10-01,54.14
3245,2025-10-14,59.31
3245,2025-10-19,58.67
3245,2025-10-23,41.41
3245,2025-12-23,69.55
3246,2024-04-17,25.74
3247,2024-04-12,24.77
3247,2024-05-18,39.15
3247,2024-09-05,18.16
3247,2024-10-03,21.49
3247,2024-10-17,57.58
3247,2024-12-07,39.02
3247,2024-12-15,20.19
3247,2025-01-11,49.04
3247,2025-01-25,35.38
3247,2025-02-06,31.48
3247,2025-02-12,24.25
3247,2025-03-18,50.33
3247,2025-04-13,13.17
3247,2025-04-22,49.81
3247,2025-04-24,42.14
3247,2025-05-24,26.71
3247,2025-06-13,13.72
3248,2024-04-05,22.26
3248,2024-08-31,58.1
3249,2024-01-14,31.47
3249,2024-01-31,51.1
3249,2024-04-08,72.46
3249,2024-04-12,19.34
3249,2024-04-13,33.02
3249,2024-05-10,57.0
3249,2024-06-17,19.87
3249,2024-06-19,46.57
3249,2024-06-29,61.16
3249,2024-07-16,56.55
3249,2024-07-25,42.55
3249,2024-07-30,32.49
3249,2024-08-16,29.84
3249,2024-08-20,36.31
3249,2024-09-10,49.83
3249,2024-09-16,69.29
3249,2024-10-07,49.65
3249,2024-10-13,64.86
3249,2024-10-31,23.37
3249,2024-11-10,37.41
3249,2024-11-11,70.27
3249,2024-12-17,118.84
3249,2024-12-21,49.57
3249,2025-01-01,18.28
3249,2025-01-10,51.44
3249,2025-01-13,68.27
3249,2025-02-11,16.06
3250,2024-01-30,19.88
3250,2024-02-09,21.77
3250,2024-03-11,27.25
3250,2024-03-21,26.87
3250,2024-04-09,47.23
3251,2024-06-18,94.39
3251,2024-08-15,73.51
3251,2024-08-21,52.57
3251,2024-09-03,129.56
3251,2024-12-24,47.64
3251,2025-01-02,95.07
3251,2025-03-14,32.51
3251,2025-03-28,119.23
3251,2025-05-10,105.48
3251,2025-07-24,82.97
3251,2025-08-24,76.95
3251,2025-09-09,96.63
3251,2025-12-25,93.49
3252,2024-04-02,35.66
3253,2024-04-19,24.18
3253,2024-04-22,19.74
3253,2024-05-07,20.27
3253,2024-09-24,26.44
3253,2025-01-23,35.64
3253,2025-08-23,17.78
3254,2024-06-27,20.0
3255,2024-05-11,11.86
3256,2024-03-17,11.2
3256,2024-04-14,26.74
3256,2024-04-21,18.82
3256,2024-11-15,27.9
3256,2024-12-19,9.56
3256,2025-01-13,10.38
3256,2025-04-16,17.47
3256,2025-06-15,21.0
3256,2025-07-02,30.1
3256,2025-08-04,12.89
3256,2025-09-08,25.92
3256,2025-10-22,14.54
3256,2025-11-13,8.14
3257,2024-05-21,27.31
3257,2024-06-10,55.37
3257,2024-06-15,29.91
3257,2024-07-06,50.98
3257,2024-10-13,16.58
3257,2024-11-04,24.7
3257,2024-11-25,48.13
3257,2024-12-10,74.27
3257,2025-02-10,25.22
3257,2025-03-15,26.43
3257,2025-04-02,47.09
3257,2025-04-04,35.74
3257,2025-06-28,78.71
3257,2025-08-22,24.22
3257,2025-08-30,48.0
3257,2025-10-16,45.53
3257,2025-11-22,29.65
3257,2025-12-07,69.47
3257,2025-12-28,45.75
3258,2024-05-24,25.46
3258,2024-05-27,23.61
3258,2024-06-02,21.36
3258,2024-06-24,11.37
3258,2024-07-11,24.4
3258,2024-07-28,12.51
3259,2024-06-09,14.92
3259,2024-06-25,15.27
3259,2024-09-19,20.17
3259,2025-01-20,18.0
3259,2025-09-15,20.23
3260,2024-04-17,37.71
3260,2024-05-19,20.48
3260,2024-06-08,13.06
3260,2024-06-27,20.33
3261,2024-02-27,10.39
3261,2024-09-12,42.93
3261,2024-11-05,17.24
3261,2024-12-16,55.51
3261,2025-01-14,44.19
3261,2025-01-14,32.86
3261,2025-02-04,37.56
3261,2025-05-15,29.43
3261,2025-11-12,18.55
3262,2024-01-10,62.81
3263,2024-05-08,6.42
3263,2024-05-10,9.04
3264,2024-03-21,5.55
3264,2024-07-21,16.83
3264,2024-12-10,12.72
3264,2025-07-13,15.82
3265,2024-03-22,15.97
3265,2024-03-28,33.29
3265,2024-05-16,101.43
3265,2024-05-31,47.51
3266,2024-02-08,22.33
3266,2024-03-04,26.55
3266,2024-04-07,18.67
3266,2024-04-15,21.39
3266,2024-05-05,24.16
3266,2024-05-07,11.73
3266,2025-01-29,35.97
3266,2025-03-24,25.65
3266,2025-04-12,37.13
3266,2025-04-25,30.4
3266,2025-05-07,39.31
3267,2024-06-24,25.82
3267,2024-08-19,21.92
3267,2024-08-27,22.73
3267,2025-03-31,30.19
3267,2025-05-07,17.14
3268,2024-04-09,32.19
3269,2024-01-04,31.32
3269,2024-02-20,125.15
3269,2024-03-05,67.11
3269,2024-03-10,75.26
3269,2024-03-10,52.73
3270,2024-03-20,35.95
3271,2024-01-18,117.88
3271,2024-02-08,71.38
3272,2024-03-21,29.51
3272,2024-05-21,14.79
3272,2024-06-13,17.19
3272,2024-09-01,17.66
3272,2024-10-03,17.31
3272,2024-10-24,21.08
3272,2024-11-16,9.77
3272,2025-04-03,5.86
3272,2025-04-14,10.78
3272,2025-06-22,29.28
3272,2025-07-14,11.81
3272,2025-08-09,16.03
3272,2025-08-28,28.09
3272,2025-08-29,11.18
3272,2025-09-10,20.57
3272,2025-10-14,15.12
3272,2025-10-28,14.93
3272,2025-11-01,32.63
3273,2024-02-06,24.13
3273,2024-02-07,70.19
3273,2024-02-18,24.44
3273,2024-03-03,87.82
3273,2024-03-05,22.8
3274,2024-03-02,14.51
3275,2024-05-21,6.74
3276,2024-06-20,7.87
3276,2024-06-22,104.54
3276,2024-08-07,19.79
3276,2024-08-25,49.54
3276,2024-09-15,38.57
3276,2024-09-16,21.01
3276,2024-09-22,44.01
3276,2024-09-28,47.62
3277,2024-06-09,30.49
3278,2024-03-29,21.59
3279,2024-05-27,19.98
3279,2024-06-14,23.38
3279,2024-08-24,30.98
3279,2024-09-04,30.74
3279,2024-10-11,10.75
3279,2024-11-25,13.97
3279,2024-12-02,8.24
3279,2024-12-11,14.81
3279,2024-12-18,14.51
3279,2025-01-10,15.58
3279,2025-01-14,22.09
3279,2025-01-29,25.78
3279,2025-02-02,13.63
3279,2025-03-01,24.1
3279,2025-03-02,14.57
3279,2025-03-10,24.03
3279,2025-03-29,9.04
3279,2025-04-22,13.73
3279,2025-06-10,37.52
3279,2025-06-15,32.37
3279,2025-06-17,15.49
3279,2025-08-27,26.25
3279,2025-09-14,19.44
3279,2025-09-27,16.12
3279,2025-10-16,17.12
3279,2025-10-26,29.82
3279,2025-10-31,23.98
3279,2025-11-20,25.55
3279,2025-11-27,15.54
3279,2025-12-12,20.24
3279,2025-12-19,18.48
3280,2024-04-10,13.41
3281,2024-03-29,35.05
3281,2024-05-02,54.38
3281,2024-11-28,32.85
3281,2024-12-19,107.76
3281,2025-04-20,76.21
3281,2025-10-24,40.53
3281,2025-10-28,48.74
3282,2024-05-30,31.83
3282,2024-07-01,22.69
3282,2024-07-04,71.5
3282,2024-07-06,53.18
3282,2024-07-10,42.55
3282,2024-08-18,21.2
3282,2024-08-26,41.29
3282,2024-08-30,67.36
3282,2024-09-26,44.79
3282,2024-10-06,59.03
3282,2024-10-08,26.89
3282,2024-10-13,38.49
3282,2024-11-08,36.42
3282,2024-11-10,55.08
3282,2024-12-14,34.01
3282,2025-02-06,26.19
3282,2025-05-01,23.46
3282,2025-05-17,28.01
3282,2025-06-12,12.94
3282,2025-07-15,34.55
3282,2025-08-05,14.25
3282,2025-09-02,44.86
3282,2025-09-02,17.68
3282,2025-09-03,34.52
3282,2025-09-05,63.48
3282,2025-09-29,36.73
3282,2025-10-14,40.01
3282,2025-11-03,63.7
3282,2025-11-08,26.6
3282,2025-11-20,42.62
3282,2025-11-26,40.04
3282,2025-12-01,48.33
3282,2025-12-25,35.13
3282,2025-12-27,23.16
3283,2024-05-24,17.4
3283,2024-07-24,9.53
3283,2024-07-29,7.24
3283,2024-08-02,12.57
3283,2024-10-08,29.34
3283,2024-11-04,16.15
3283,2024-11-08,17.16
3283,2024-11-30,15.68
3284,2024-03-10,30.08
3284,2024-12-16,22.08
3284,2025-02-24,12.63
3284,2025-10-19,56.29
3285,2024-03-09,35.46
3286,2024-02-23,23.02
3286,2024-04-01,23.89
3286,2024-04-22,11.86
3286,2024-06-12,24.84
3286,2024-06-25,35.43
3286,2024-07-09,47.52
3286,2024-07-11,27.56
3286,2024-07-18,31.63
3286,2024-07-22,26.89
3286,2024-07-25,15.54
3286,2024-07-30,14.01
3286,2024-08-01,24.22
3286,2024-08-06,12.9
3286,2024-09-05,23.71
3286,2024-09-22,36.17
3286,2024-09-24,24.14
3286,2024-10-27,42.02
3286,2024-11-14,18.09
3286,2024-12-07,25.84
3286,2024-12-15,32.11
3286,2024-12-22,23.21
3286,2025-01-08,13.37
3287,2024-01-30,17.89
3287,2024-03-29,18.96
3288,2024-04-15,81.45
3288,2024-06-19,64.82
3288,2024-07-20,42.56
3288,2024-07-24,54.12
3288,2024-08-15,35.54
3288,2024-09-02,34.36
3288,2024-09-21,104.53
3288,2024-09-26,33.02
3288,2024-10-06,23.1
3288,2024-10-17,61.62
3288,2024-12-27,32.08
3288,2025-04-06,77.84
3288,2025-05-12,13.15
3288,2025-05-26,31.09
3288,2025-08-20,14.5
3288,2025-08-29,57.67
3288,2025-12-17,68.54
3288,2025-12-21,22.39
3289,2024-03-20,8.87
3289,2024-04-15,5.89
3289,2024-05-02,18.55
3289,2024-05-15,3.36
3289,2024-05-17,23.0
3289,2024-07-02,17.19
3289,2024-08-08,21.58
3289,2024-09-10,18.72
3289,2024-09-27,33.3
3289,2024-10-04,17.04
3289,2024-10-21,13.47
3289,2024-11-01,14.88
3289,2024-12-08,11.85
3289,2025-01-04,23.77
3289,2025-01-11,20.19
3289,2025-01-13,11.48
3289,2025-01-18,28.65
3289,2025-01-27,4.56
3289,2025-02-14,28.22
3289,2025-04-02,21.96
3289,2025-04-04,17.83
3289,2025-05-11,15.5
3289,2025-05-26,22.64
3289,2025-06-03,19.45
3289,2025-06-20,6.33
3289,2025-06-28,21.66
3289,2025-06-28,17.01
3289,2025-08-10,20.6
3289,2025-09-03,18.84
3289,2025-09-12,5.18
3289,2025-09-29,13.44
3289,2025-10-04,11.72
3289,2025-12-02,25.48
3290,2024-06-12,12.75
3290,2024-06-22,13.96
3290,2024-07-02,12.32
3291,2024-03-10,57.49
3291,2025-04-01,63.52
3291,2025-09-08,60.54
3292,2024-04-30,53.99
3292,2024-05-10,46.5
3292,2024-06-11,47.55
3292,2024-06-25,39.84
3292,2024-08-15,24.53
3292,2024-10-10,16.59
3293,2024-01-18,24.83
3293,2024-03-23,35.46
3293,2024-08-18,27.97
3293,2024-09-15,104.91
3294,2024-05-10,10.62
3294,2024-05-10,14.27
3294,2024-05-20,15.28
3294,2024-07-13,10.97
3295,2024-03-04,54.34
3295,2024-03-15,37.69
3296,2024-01-04,49.74
3297,2024-02-20,27.29
3297,2024-03-13,23.28
3297,2024-04-04,19.36
3297,2024-04-10,17.81
3297,2024-04-30,23.96
3297,2024-06-02,20.54
3297,2024-06-03,19.55
3297,2024-06-29,22.31
3297,2024-07-07,14.58
3297,2024-07-09,33.0
3297,2024-07-14,27.63
3297,2024-07-23,24.55
3297,2024-09-17,26.91
3297,2024-10-11,32.64
3297,2024-11-18,17.46
3297,2024-12-05,32.76
3297,2024-12-13,38.42
3297,2025-01-07,22.89
3297,2025-01-26,32.18
3297,2025-02-07,10.27
3297,2025-04-09,21.57
3297,2025-04-17,24.21
3297,2025-07-14,32.7
3297,2025-07-24,20.84
3297,2025-09-04,12.97
3297,2025-09-21,17.27
3297,2025-11-07,43.73
3297,2025-11-25,25.27
3297,2025-11-27,21.02
3297,2025-12-02,22.58
3298,2024-02-06,52.23
3298,2024-03-03,85.31
3298,2024-12-10,57.77
3298,2025-01-21,106.12
3298,2025-03-10,38.14
3298,2025-07-10,26.97
3299,2024-06-23,20.51
3299,2024-08-10,71.57
3299,2025-04-20,19.22
3299,2025-05-23,18.44
3299,2025-06-04,20.54
3299,2025-06-29,16.98
3299,2025-10-13,33.47
3299,2025-11-17,13.9
3299,2025-11-26,23.4
3300,2024-03-01,81.77
3300,2024-03-06,67.74
3300,2024-03-19,53.19
3300,2024-03-27,34.31
3301,2024-06-26,34.13
3301,2024-07-25,68.61
3301,2024-09-28,42.13
3301,2025-01-13,41.81
3301,2025-01-13,10.33
3301,2025-02-06,27.59
3301,2025-02-13,48.3
3302,2024-01-09,13.42
3303,2024-01-27,67.11
3303,2024-02-22,61.47
3304,2024-03-07,84.03
3304,2024-03-16,83.65
3304,2024-03-27,85.72
3304,2024-04-17,46.27
3304,2024-07-08,60.05
3304,2024-08-30,48.6
3304,2024-09-28,78.76
3304,2024-11-02,65.61
3304,2025-01-10,46.86
3304,2025-01-14,101.9
3304,2025-01-21,82.96
3304,2025-02-04,76.62
3304,2025-03-10,121.84
3304,2025-04-02,26.51
3305,2024-01-05,30.0
3305,2024-01-25,29.17
3305,2024-03-02,20.92
3305,2024-03-08,23.18
3305,2024-03-30,26.18
3305,2024-03-31,29.36
3305,2024-04-04,26.36
3305,2024-04-12,24.33
3306,2024-04-29,12.86
3306,2024-05-22,19.91
3307,2024-01-21,50.61
3308,2024-05-22,17.45
3309,2024-06-18,55.92
3309,2024-07-28,61.14
3309,2024-07-28,61.61
3309,2024-08-24,39.26
3309,2024-09-04,41.37
3309,2024-09-05,45.71
3309,2024-09-06,52.94
3309,2024-09-12,78.15
3309,2024-09-30,44.49
3309,2024-10-01,40.32
3309,2024-10-16,67.36
3309,2024-10-16,51.47
3309,2024-11-19,37.93
3309,2024-12-08,40.89
3309,2025-01-12,46.9
3309,2025-01-29,71.85
3309,2025-02-01,50.11
3309,2025-02-24,63.67
3309,2025-04-27,45.12
3309,2025-05-02,47.22
3309,2025-05-06,57.15
3309,2025-05-28,19.55
3309,2025-07-06,21.22
3309,2025-07-14,54.95
3309,2025-07-26,49.75
3309,2025-07-29,48.95
3309,2025-08-24,75.42
3309,2025-09-02,27.81
3309,2025-09-16,40.31
3310,2024-06-16,67.88
3310,2024-09-23,59.92
3310,2024-10-19,69.74
3310,2024-11-08,49.87
3310,2025-01-09,30.01
3310,2025-01-15,65.65
3310,2025-01-16,34.16
3310,2025-01-21,150.12
3310,2025-01-27,47.53
3310,2025-02-03,35.16
3310,2025-02-18,18.93
3311,2024-03-25,17.23
3312,2024-05-30,15.76
3313,2024-01-12,16.73
3313,2024-01-15,10.21
3314,2024-04-02,33.05
3314,2024-04-17,10.77
3314,2024-04-17,87.36
3314,2024-05-09,39.07
3314,2024-06-15,38.33
3314,2024-06-15,28.53
3315,2024-02-14,28.46
3315,2024-04-10,20.2
3315,2024-04-13,37.37
3315,2024-05-12,19.95
3315,2024-08-11,40.63
3315,2024-08-30,34.15
3315,2024-09-24,59.26
3315,2024-11-26,16.87
3315,2024-12-08,46.22
3315,2025-02-13,76.5
3315,2025-05-07,26.15
3315,2025-05-09,32.94
3316,2024-03-07,34.61
3316,2024-06-09,40.1
3316,2024-06-17,54.32
3316,2024-06-21,92.3
3316,2024-08-01,63.83
3316,2024-08-24,34.37
3316,2024-08-24,81.32
3316,2024-08-29,76.97
3316,2024-10-07,105.67
3316,2024-11-16,121.03
3316,2025-01-01,25.27
3316,2025-01-14,66.55
3316,2025-03-02,78.72
3316,2025-03-04,65.15
3316,2025-03-08,42.26
3316,2025-03-27,34.65
3317,2024-02-11,39.87
3318,2024-02-18,27.09
3318,2024-03-13,32.71
3318,2024-03-17,49.59
3318,2024-04-11,51.01
3318,2024-04-12,25.64
3318,2024-04-12,52.87
3318,2024-04-30,81.41
3318,2024-06-05,63.2
3318,2024-06-11,46.41
3318,2024-06-19,53.29
3318,2024-07-04,61.03
3318,2024-07-06,49.21
3318,2024-07-08,76.15
3318,2024-07-27,31.91
3318,2024-08-04,9.41
3318,2024-08-05,65.79
3318,2024-08-30,41.93
3318,2024-08-31,31.89
3318,2024-09-29,62.47
3318,2024-09-29,54.77
3318,2024-10-29,55.94
3318,2024-11-04,36.74
3318,2024-11-11,20.99
3318,2024-11-20,38.41
3318,2024-11-23,15.37
3318,2024-11-25,36.98
3318,2024-12-03,33.57
3318,2024-12-16,25.74
3318,2024-12-26,38.1
3318,2025-02-25,30.18
3318,2025-03-13,38.89
3318,2025-03-18,33.86
3318,2025-03-21,21.99
3318,2025-03-28,28.83
3318,2025-03-31,48.45
3318,2025-04-08,48.31
3318,2025-06-01,62.01
3318,2025-06-04,37.48
3318,2025-06-06,44.63
3318,2025-07-01,31.19
3318,2025-07-16,29.26
3318,2025-07-18,28.06
3318,2025-08-25,73.08
3318,2025-09-03,59.49
3318,2025-09-20,54.15
3318,2025-10-09,25.84
3318,2025-10-18,31.71
3318,2025-11-02,28.66
3318,2025-11-02,38.0
3318,2025-12-18,17.96
3319,2024-01-08,38.41
3319,2024-01-12,23.25
3319,2024-02-15,5.37
3319,2024-03-14,11.64
3319,2025-01-02,33.13
3319,2025-03-01,31.58
3319,2025-04-07,19.57
3319,2025-07-08,7.42
3319,2025-12-05,28.43
3320,2024-06-08,12.23
3321,2024-06-27,18.34
3321,2024-09-10,30.86
3322,2024-04-11,48.46
3323,2024-03-04,41.01
3324,2024-04-16,66.37
3324,2024-04-18,18.55
3324,2024-05-15,53.33
3324,2024-05-20,82.65
3324,2024-07-03,30.66
3324,2024-07-28,41.92
3324,2024-08-05,25.55
3324,2024-08-12,35.9
3324,2024-08-14,35.38
3324,2024-08-15,39.93
3324,2024-08-17,54.41
3324,2024-08-20,28.59
3324,2024-09-14,23.87
3324,2024-09-18,4.38
3324,2024-09-29,40.74
3325,2024-02-16,9.28
3325,2024-07-15,9.72
3325,2025-04-20,7.37
3325,2025-06-24,7.15
3326,2024-06-03,18.47
3327,2024-01-08,17.69
3327,2024-01-14,11.82
3328,2024-05-10,12.07
3328,2024-06-02,17.93
3328,2024-07-23,23.45
3329,2024-06-20,10.69
3329,2024-06-26,25.46
3330,2024-05-02,5.88
3331,2024-05-29,18.4
3331,2024-06-19,30.49
3331,2024-07-27,20.01
3331,2024-08-03,19.16
3331,2024-08-10,49.77
3331,2024-10-21,25.01
3331,2024-12-10,21.79
3331,2025-03-04,26.86
3331,2025-04-08,26.73
3331,2025-04-27,25.23
3331,2025-05-18,25.4
3331,2025-06-17,28.67
3331,2025-07-18,48.54
3331,2025-08-11,19.63
3331,2025-08-14,19.91
3331,2025-10-31,57.49
3331,2025-11-07,11.11
3331,2025-11-19,42.29
3331,2025-12-12,17.61
3332,2024-05-28,20.26
3332,2024-06-02,22.79
3332,2024-06-08,27.68
3332,2024-06-28,23.9
3332,2024-06-30,23.73
3332,2024-07-05,30.95
3332,2024-07-12,10.11
3332,2024-09-06,24.54
3332,2024-09-14,25.28
3332,2024-09-20,21.68
3332,2024-10-03,27.66
3332,2024-10-19,9.2
3332,2024-11-12,13.82
3332,2024-11-26,20.56
3332,2024-11-27,12.41
3332,2024-12-17,18.75
3332,2024-12-26,16.19
3332,2025-01-03,22.44
3332,2025-01-12,7.22
3332,2025-01-21,34.56
3332,2025-02-03,11.84
3332,2025-02-04,18.12
3332,2025-02-13,17.6
3332,2025-03-12,48.14
3332,2025-03-14,13.79
3332,2025-06-02,16.44
3332,2025-06-10,28.68
3332,2025-06-24,35.12
3332,2025-10-03,12.37
3332,2025-10-08,11.61
3332,2025-10-14,18.37
3332,2025-11-07,9.27
3332,2025-11-07,20.34
3332,2025-12-13,17.74
3332,2025-12-16,5.37
3333,2024-05-28,27.89
3334,2024-05-01,14.55
3334,2024-05-21,27.63
3334,2024-05-23,31.55
3334,2024-06-06,38.05
3334,2024-06-10,27.21
3334,2024-06-16,24.88
3334,2024-06-20,63.77
3334,2024-07-22,26.34
3334,2024-07-28,32.2
3334,2024-08-03,26.82
3334,2024-08-06,18.61
3334,2024-08-20,11.18
3334,2024-08-21,29.43
3334,2024-08-28,38.97
3334,2024-09-09,20.24
3334,2024-09-13,26.74
3334,2024-09-16,49.74
3334,2024-10-08,30.58
3334,2024-10-22,15.9
3334,2024-11-02,18.96
3334,2024-12-15,24.83
3334,2024-12-21,23.5
3334,2025-01-01,23.91
3334,2025-01-11,36.56
3334,2025-02-08,42.91
3334,2025-03-07,31.83
3334,2025-04-12,16.19
3334,2025-04-17,35.74
3334,2025-04-19,24.92
3334,2025-04-26,38.22
3334,2025-05-08,25.15
3334,2025-05-10,38.48
3334,2025-05-17,35.3
3334,2025-05-19,21.31
3334,2025-05-24,26.48
3334,2025-05-31,41.71
3334,2025-06-03,21.08
3334,2025-06-04,29.03
3334,2025-06-06,34.66
3334,2025-06-15,29.53
3334,2025-06-19,19.29
3334,2025-06-21,22.52
3334,2025-07-06,42.2
3334,2025-07-09,16.92
3334,2025-07-16,24.32
3334,2025-08-07,29.08
3334,2025-08-13,13.03
3334,2025-08-18,39.48
3334,2025-08-19,12.99
3334,2025-08-21,15.05
3334,2025-08-31,27.84
3334,2025-09-15,16.75
3334,2025-09-18,33.88
3334,2025-10-01,24.14
3334,2025-10-12,29.7
3334,2025-10-13,21.38
3334,2025-10-22,19.7
3334,2025-10-24,41.93
3334,2025-12-05,32.34
3334,2025-12-06,18.63
3334,2025-12-17,22.43
3334,2025-12-20,9.63
3334,2025-12-27,14.83
3335,2024-01-06,12.02
3335,2024-01-19,16.23
3335,2024-02-02,8.05
3336,2024-02-03,54.16
3336,2024-05-06,12.48
3336,2024-11-24,50.19
3336,2025-01-24,68.24
3336,2025-02-18,20.98
3336,2025-05-10,39.48
3336,2025-06-16,21.13
3336,2025-10-16,24.23
3337,2024-02-08,40.21
3337,2024-02-18,46.64
3337,2024-03-28,22.76
3337,2024-04-19,83.4
3338,2024-03-29,23.52
3338,2024-03-29,32.96
3339,2024-01-02,30.99
3339,2024-02-18,18.28
3339,2024-02-21,30.28
3340,2024-06-21,65.49
3340,2024-06-25,45.21
3340,2024-07-13,60.44
3340,2024-07-16,66.21
3340,2024-07-19,62.42
3340,2024-07-20,72.13
3340,2024-10-30,28.36
3341,2024-06-05,7.6
3341,2024-08-27,21.16
3342,2024-04-24,18.51
3342,2024-06-19,43.6
3342,2024-07-29,55.7
3342,2024-08-04,19.28
3342,2024-08-21,26.1
3342,2024-09-17,32.2
3342,2024-10-12,97.48
3342,2024-10-27,39.06
3342,2024-11-17,48.95
3342,2025-01-02,22.36
3342,2025-01-10,53.99
3342,2025-01-19,31.52
3342,2025-01-26,34.58
3342,2025-02-16,49.9
3342,2025-03-17,71.24
3342,2025-03-20,49.95
3342,2025-03-29,38.17
3342,2025-04-09,22.91
3342,2025-04-17,68.54
3342,2025-05-11,25.16
3342,2025-05-23,25.42
3342,2025-06-10,73.15
3342,2025-06-11,124.37
3342,2025-07-15,40.35
3342,2025-08-20,32.76
3342,2025-08-20,31.91
3342,2025-08-26,29.93
3342,2025-10-06,30.01
3342,2025-10-13,86.18
3342,2025-10-14,31.43
3343,2024-06-18,7.69
3343,2024-10-01,8.84
3343,2024-11-11,17.06
3343,2025-01-07,6.81
3343,2025-01-09,10.77
3344,2024-02-29,23.92
3344,2024-10-07,21.33
3344,2025-04-11,12.9
3344,2025-09-30,10.54
3345,2024-06-05,67.71
3345,2024-06-12,50.27
3346,2024-02-18,15.94
3346,2024-02-26,36.28
3346,2024-02-29,33.42
3346,2024-03-17,47.47
3346,2024-04-07,30.63
3346,2024-05-23,24.73
3346,2024-06-01,41.27
3347,2024-06-24,11.97
3347,2025-01-27,17.43
3348,2024-03-03,63.31
3349,2024-04-27,13.67
3349,2024-05-22,32.73
3349,2024-07-16,28.54
3349,2024-08-20,23.14
3349,2024-09-20,31.31
3350,2024-01-07,16.84
3351,2024-06-17,27.08
3351,2025-02-15,14.89
3351,2025-05-01,17.68
3351,2025-05-11,31.91
3352,2024-02-22,6.69
3352,2024-02-22,11.14
3352,2024-04-26,13.48
3352,2024-05-25,15.24
3352,2024-06-16,22.42
3352,2024-06-19,15.32
3352,2024-06-20,8.92
3352,2024-07-12,9.16
3352,2024-09-12,14.51
3352,2024-10-17,24.97
3352,2024-10-19,11.43
3352,2024-10-19,15.18
3352,2024-12-09,10.47
3352,2025-01-16,6.17
3352,2025-01-29,23.15
3352,2025-02-14,16.21
3352,2025-05-21,20.68
3352,2025-06-19,14.61
3352,2025-10-07,35.32
3353,2024-02-10,17.44
3353,2024-02-13,23.53
3354,2024-04-05,44.66
3355,2024-01-14,15.35
3355,2024-02-06,34.62
3356,2024-02-04,21.05
3356,2024-02-22,43.77
3357,2024-04-23,37.23
3357,2024-04-29,67.54
3357,2024-05-11,33.5
3357,2024-05-15,49.41
3357,2024-05-20,19.8
3357,2024-05-24,33.54
3357,2024-06-03,39.64
3357,2024-07-03,41.66
3357,2024-07-22,39.06
3357,2024-08-11,22.88
3357,2024-08-14,37.22
3357,2024-08-30,24.57
3357,2024-11-14,15.28
3357,2024-12-18,33.98
3357,2025-01-15,27.26
3357,2025-02-18,34.45
3357,2025-02-24,15.36
3357,2025-05-01,32.33
3357,2025-05-21,24.26
3357,2025-06-22,22.16
3357,2025-06-23,39.89
3357,2025-07-25,61.51
3358,2024-04-02,15.9
3359,2024-06-23,57.03
3359,2024-07-21,24.78
3359,2024-07-27,25.82
3359,2025-05-28,22.01
3359,2025-06-08,19.8
3359,2025-08-13,27.92
3360,2024-04-09,74.03
3360,2024-05-19,40.4
3360,2024-05-21,54.63
3360,2024-05-27,93.69
3360,2024-06-06,24.07
3360,2024-11-13,31.45
3360,2024-11-17,13.96
3360,2024-12-17,74.91
3360,2024-12-22,79.45
3360,2025-01-06,11.51
3360,2025-01-09,63.51
3360,2025-03-16,65.26
3360,2025-03-19,45.34
3360,2025-03-28,84.64
3360,2025-05-17,34.81
3361,2024-04-24,15.88
3361,2024-08-31,19.95
3361,2025-04-25,6.14
3361,2025-08-24,17.33
3362,2024-02-24,35.87
3362,2024-03-18,37.14
3362,2024-04-08,100.05
3362,2024-04-10,48.86
3362,2024-04-12,79.01
3362,2024-05-28,41.15
3362,2024-06-17,88.71
3362,2024-07-01,35.82
3362,2024-07-06,21.43
3362,2024-07-26,24.02
3362,2025-01-01,15.29
3363,2024-04-29,95.55
3364,2024-06-14,11.51
3365,2024-03-04,67.22
3365,2024-04-21,60.95
3365,2024-05-21,46.74
3365,2024-06-07,145.03
3365,2024-06-18,59.29
3366,2024-04-27,23.33
3366,2024-04-29,7.74
3367,2024-06-17,48.49
3368,2024-06-04,34.37
3368,2024-06-09,30.7
3368,2024-06-18,46.48
3368,2024-10-14,20.86
3368,2024-11-06,48.4
3369,2024-02-23,17.43
3369,2024-03-26,34.39
3369,2024-04-11,35.03
3369,2024-04-13,52.13
3369,2024-04-19,33.1
3369,2024-04-29,43.85
3369,2024-05-18,42.15
3369,2024-06-13,36.21
3369,2024-07-01,36.52
3370,2024-02-18,11.4
3370,2024-03-20,12.55
3370,2024-08-29,38.28
3371,2024-01-07,16.93
3372,2024-03-16,16.56
3372,2024-05-02,14.69
3372,2025-01-07,20.87
3373,2024-04-16,9.9
3373,2024-04-18,18.32
3373,2024-05-02,28.49
3373,2024-05-05,17.36
3373,2024-05-30,11.11
3373,2024-06-16,11.97
3373,2024-07-04,5.73
3373,2024-07-17,10.08
3373,2024-07-18,8.3
3373,2024-07-24,25.94
3373,2024-08-27,9.13
3373,2024-09-01,19.71
3373,2024-09-07,26.69
3373,2024-11-14,20.24
3373,2024-11-20,19.18
3373,2024-12-09,19.89
3373,2025-01-08,17.59
3373,2025-01-25,18.19
3373,2025-02-06,6.33
3373,2025-02-15,21.49
3373,2025-02-17,11.74
3373,2025-02-28,7.46
3373,2025-04-13,13.07
3373,2025-04-15,15.99
3373,2025-04-17,13.65
3373,2025-05-01,18.56
3373,2025-05-06,13.5
3373,2025-05-06,16.84
3373,2025-05-16,17.0
3373,2025-05-24,12.8
3373,2025-06-06,20.21
3373,2025-06-08,13.0
3373,2025-06-11,15.31
3373,2025-06-16,13.93
3373,2025-06-18,5.45
3373,2025-06-26,11.71
3373,2025-06-28,29.81
3373,2025-07-03,23.31
3373,2025-07-20,17.3
3373,2025-08-11,12.14
3373,2025-08-11,10.99
3373,2025-09-25,29.72
3373,2025-10-03,13.91
3373,2025-10-06,8.21
3373,2025-10-15,19.96
3373,2025-10-22,21.2
3373,2025-12-03,18.78
3373,2025-12-07,18.76
3373,2025-12-07,8.75
3373,2025-12-15,24.12
3374,2024-02-20,19.98
3375,2024-01-05,6.92
3375,2024-01-13,9.61
3375,2024-02-07,25.0
3375,2024-04-09,14.43
3375,2024-04-25,7.44
3375,2024-06-12,13.31
3375,2024-06-16,5.11
3375,2024-06-20,24.4
3375,2024-07-02,13.81
3375,2024-08-11,29.15
3375,2024-08-15,13.89
3375,2024-08-27,11.66
3375,2024-08-27,8.84
3375,2024-11-25,17.09
3375,2024-12-16,13.62
3375,2025-01-20,9.69
3375,2025-01-24,20.86
3375,2025-02-18,8.45
3375,2025-03-07,13.62
3375,2025-05-07,27.56
3375,2025-05-13,12.67
3375,2025-05-25,21.49
3375,2025-06-11,9.14
3375,2025-06-11,20.52
3375,2025-07-09,11.64
3375,2025-07-25,14.67
3375,2025-09-28,7.43
3375,2025-11-29,13.41
3375,2025-12-19,14.17
3376,2024-01-01,6.79
3376,2024-01-08,14.41
3376,2024-01-19,15.9
3376,2024-01-29,12.29
3376,2024-02-12,15.74
3376,2024-03-03,10.44
3376,2024-03-16,13.33
3376,2024-05-25,17.2
3376,2024-07-23,8.64
3376,2024-08-15,12.86
3376,2024-08-29,11.83
3376,2024-09-01,17.6
3376,2024-09-17,8.83
3376,2024-09-24,6.46
3376,2024-09-26,12.83
3376,2024-10-13,12.67
3376,2025-01-18,11.19
3376,2025-03-17,19.12
3376,2025-03-27,13.34
3376,2025-04-12,9.67
3376,2025-04-13,20.99
3376,2025-06-07,12.56
3376,2025-06-21,9.6
3376,2025-06-27,12.83
3376,2025-07-20,10.37
3376,2025-08-01,5.44
3376,2025-08-10,10.5
3376,2025-08-17,11.1
3376,2025-08-17,4.32
3376,2025-08-21,12.18
3376,2025-09-12,10.9
3376,2025-10-01,6.31
3376,2025-10-20,14.57
3376,2025-10-31,17.08
3376,2025-11-11,8.12
3376,2025-12-02,15.25
3377,2024-02-22,13.65
3377,2024-05-12,16.35
3377,2024-05-30,24.35
3377,2024-06-05,12.43
3377,2024-06-23,37.05
3377,2024-07-15,8.52
3377,2024-10-05,30.97
3377,2024-12-18,7.27
3377,2025-01-05,17.62
3377,2025-03-11,13.8
3377,2025-04-20,18.28
3377,2025-06-09,18.08
3377,2025-07-22,12.06
3377,2025-08-12,10.93
3377,2025-09-06,15.81
3377,2025-09-10,20.82
3377,2025-09-14,21.63
3377,2025-10-15,21.64
3377,2025-10-20,15.34
3378,2024-06-03,33.98
3378,2024-06-03,48.26
3378,2024-06-21,12.11
3378,2024-06-26,29.49
3378,2024-07-09,14.18
3378,2024-07-16,10.95
3378,2024-08-12,49.87
3378,2024-08-31,18.67
3378,2024-09-05,30.79
3378,2024-10-23,61.55
3378,2024-11-26,28.73
3378,2024-12-03,46.19
3378,2024-12-22,27.87
3378,2025-01-26,23.96
3378,2025-02-08,5.96
3378,2025-03-23,36.45
3378,2025-03-28,41.62
3378,2025-04-02,29.58
3378,2025-04-08,64.86
3378,2025-04-17,16.74
3378,2025-05-03,22.81
3378,2025-06-21,26.05
3378,2025-06-27,30.18
3378,2025-06-28,49.28
3378,2025-07-02,23.88
3378,2025-07-07,21.47
3378,2025-07-21,42.21
3378,2025-08-10,31.12
3378,2025-08-25,48.18
3378,2025-09-16,29.02
3378,2025-10-02,29.68
3378,2025-10-03,41.7
3378,2025-10-11,24.74
3378,2025-10-18,35.28
3378,2025-10-21,34.94
3378,2025-10-22,41.69
3378,2025-10-25,35.45
3378,2025-11-06,43.73
3378,2025-11-08,30.16
3378,2025-11-14,42.92
3378,2025-11-20,31.31
3378,2025-11-30,21.78
3378,2025-12-13,10.36
3378,2025-12-14,28.84
3378,2025-12-23,27.14
3379,2024-02-27,87.11
3380,2024-01-11,21.5
3380,2024-01-11,58.44
3380,2024-01-15,14.24
3380,2024-01-19,26.32
3380,2024-01-27,33.72
3380,2024-02-19,25.53
3380,2024-03-13,39.01
3380,2024-03-28,71.42
3380,2024-04-02,24.94
3380,2024-04-03,48.19
3380,2024-05-27,44.32
3380,2024-06-07,50.26
3380,2024-06-07,9.45
3380,2024-06-18,97.04
3380,2024-06-23,37.28
3380,2024-07-05,36.05
3380,2024-07-05,43.78
3380,2024-08-09,58.04
3380,2024-08-16,48.62
3380,2024-08-29,24.46
3380,2024-10-06,25.03
3380,2024-10-13,34.88
3380,2024-10-18,48.17
3380,2024-10-23,19.89
3380,2024-10-25,16.69
3380,2024-11-19,18.09
3380,2024-12-06,34.07
3380,2024-12-08,78.96
3380,2024-12-11,37.27
3380,2025-01-04,74.77
3380,2025-01-13,48.41
3380,2025-01-20,57.24
3380,2025-01-27,30.42
3381,2024-05-17,53.34
3381,2024-05-19,40.8
3381,2024-06-10,19.32
3382,2024-01-08,53.6
3382,2024-01-22,48.04
3382,2024-01-28,45.15
3382,2024-01-29,89.03
3382,2024-01-31,64.33
3382,2024-02-03,73.76
3382,2024-02-05,14.57
3382,2024-02-09,67.47
3382,2024-03-06,60.14
3382,2024-04-11,55.2
3382,2024-04-12,96.31
3382,2024-04-26,69.23
3382,2024-05-08,59.16
3382,2024-05-27,57.75
3382,2024-06-06,63.31
3382,2024-06-19,44.42
3382,2024-06-23,29.55
3382,2024-07-05,60.07
3382,2024-07-13,55.38
3382,2024-07-28,35.68
3382,2024-08-06,54.56
3382,2024-09-06,87.65
3382,2024-10-05,178.73
3382,2024-10-27,47.33
3382,2024-11-11,73.36
3382,2024-11-14,34.64
3382,2024-11-18,34.79
3382,2024-11-19,103.48
3382,2024-12-11,44.45
3382,2024-12-11,44.21
3382,2024-12-12,112.55
3382,2025-03-08,23.57
3382,2025-03-09,47.9
3382,2025-03-17,46.33
3382,2025-03-21,32.12
3382,2025-04-11,85.12
3382,2025-04-18,91.13
3382,2025-04-29,66.93
3382,2025-05-06,65.57
3382,2025-05-10,45.2
3382,2025-05-15,130.83
3382,2025-06-09,69.89
3382,2025-06-11,90.53
3382,2025-06-19,32.81
3382,2025-06-28,56.6
3382,2025-07-08,44.06
3382,2025-07-30,118.94
3382,2025-08-05,66.34
3382,2025-08-08,86.67
3382,2025-08-16,52.91
3382,2025-09-20,58.1
3382,2025-09-28,21.01
3382,2025-10-05,55.7
3382,2025-10-19,50.8
3382,2025-11-15,88.63
3382,2025-11-25,127.79
3382,2025-11-28,15.36
3382,2025-12-01,100.6
3382,2025-12-13,56.18
3382,2025-12-15,75.53
3382,2025-12-17,99.06
3382,2025-12-22,42.27
3382,2025-12-23,92.96
3382,2025-12-24,43.82
3383,2024-05-11,27.24
3383,2024-06-13,19.38
3383,2024-06-14,28.59
3383,2024-07-22,26.77
3383,2024-10-11,21.73
3383,2024-10-27,23.67
3383,2024-11-16,13.16
3383,2024-12-23,7.99
3383,2025-01-31,11.42
3383,2025-03-30,8.73
3383,2025-04-05,17.92
3383,2025-06-08,24.78
3383,2025-07-11,16.0
3383,2025-09-04,35.13
3383,2025-10-10,16.51
3383,2025-10-26,11.11
3383,2025-10-27,15.82
3384,2024-01-26,46.37
3384,2024-05-07,29.96
3385,2024-01-01,23.39
3385,2024-04-14,9.32
3385,2024-08-17,27.05
3385,2024-11-13,22.25
3385,2024-12-18,19.39
3385,2025-03-23,34.32
3385,2025-08-19,24.22
3385,2025-10-17,30.52
3385,2025-12-01,13.53
3386,2024-02-20,15.41
3386,2024-03-03,17.22
3386,2024-07-13,28.49
3386,2024-07-20,12.27
3386,2024-10-09,38.21
3386,2024-11-27,24.9
3386,2025-01-31,12.11
3386,2025-03-19,35.55
3386,2025-03-21,8.92
3386,2025-03-23,20.9
3386,2025-05-10,7.97
3386,2025-05-10,13.18
3386,2025-05-24,20.12
3386,2025-08-04,13.23
3386,2025-10-08,13.39
3386,2025-10-24,19.63
3386,2025-10-30,25.26
3387,2024-03-16,13.84
3387,2024-04-22,22.4
3388,2024-05-05,11.32
3389,2024-01-08,70.84
3389,2024-02-04,60.8
3389,2024-02-11,24.68
3389,2024-02-13,25.17
3389,2024-02-22,75.05
3389,2024-03-17,66.68
3389,2024-04-09,55.03
3389,2024-04-21,40.81
3389,2024-06-11,31.31
3389,2024-08-03,27.64
3389,2024-08-15,51.94
3389,2024-08-30,47.41
3389,2024-09-18,44.86
3389,2024-10-31,62.54
3389,2024-12-16,29.86
3389,2025-01-03,34.76
3389,2025-03-07,68.01
3389,2025-05-22,51.72
3389,2025-06-23,44.17
3389,2025-06-29,57.5
3389,2025-07-04,29.27
3389,2025-10-02,35.74
3389,2025-10-04,33.02
3389,2025-10-14,48.93
3389,2025-10-25,69.08
3389,2025-11-21,51.14
3390,2024-06-20,18.66
3391,2024-01-28,39.13
3392,2024-05-20,48.65
3393,2024-06-17,33.57
3393,2025-10-07,32.76
3393,2025-12-08,29.98
3394,2024-03-22,15.38
3394,2024-07-08,24.38
3394,2025-02-21,20.68
3394,2025-05-24,31.51
3394,2025-11-30,16.96
3395,2024-06-10,13.18
3395,2024-07-07,17.19
3395,2024-08-01,20.78
3395,2024-08-07,22.13
3395,2024-08-26,14.44
3395,2024-09-01,14.55
3395,2025-02-03,10.86
3395,2025-02-04,25.55
3395,2025-10-06,12.87
3395,2025-11-29,28.66
3395,2025-12-03,14.55
3395,2025-12-09,18.87
3396,2024-04-06,46.01
3397,2024-06-09,30.45
3397,2024-06-11,16.98
3397,2024-07-03,21.37
3397,2024-08-08,29.21
3397,2024-09-18,27.77
3397,2024-12-06,35.22
3397,2025-01-06,22.7
3397,2025-05-26,34.34
3397,2025-07-24,54.39
3397,2025-09-10,37.73
3397,2025-10-30,22.94
3397,2025-11-02,50.28
3397,2025-11-03,27.54
3398,2024-05-25,36.68
3399,2024-04-24,47.54
3399,2024-04-27,69.29
3400,2024-06-04,37.48
3400,2024-06-14,30.41
3400,2024-06-24,29.99
3400,2024-08-01,45.18
3400,2024-08-19,26.85
3400,2024-08-25,30.74
3400,2024-08-25,16.64
3400,2024-08-25,28.7
3400,2024-09-26,13.89
3400,2024-10-12,33.49
3400,2024-11-07,34.65
3400,2024-11-26,30.17
3400,2024-11-26,15.59
3401,2024-05-19,25.29
3402,2024-06-21,18.26
3403,2024-05-29,13.8
3403,2024-06-05,21.5
3404,2024-05-30,16.27
3404,2024-06-06,23.28
3404,2024-07-22,17.06
3404,2024-08-09,21.22
3404,2024-08-24,18.76
3404,2024-10-30,44.19
3404,2024-11-25,35.05
3404,2024-12-12,34.57
3404,2024-12-19,21.56
3404,2025-01-01,27.77
3404,2025-01-14,20.29
3404,2025-02-25,27.58
3404,2025-03-27,9.13
3404,2025-04-03,26.17
3405,2024-06-22,66.27
3405,2024-09-02,37.5
3405,2024-11-22,42.3
3405,2024-12-29,28.79
3405,2025-02-17,30.46
3405,2025-07-09,29.65
3405,2025-07-20,39.24
3405,2025-07-25,20.59
3405,2025-08-03,49.71
3405,2025-09-23,9.82
3405,2025-09-30,32.74
3405,2025-12-16,23.51
3406,2024-03-26,31.06
3407,2024-06-14,37.23
3407,2025-04-15,40.35
3407,2025-07-05,80.99
3407,2025-12-28,41.19
3408,2024-04-20,51.94
3408,2024-05-29,80.87
3409,2024-01-30,34.48
3409,2024-03-10,46.25
3409,2024-03-17,17.13
3409,2024-04-17,27.59
3409,2024-05-17,27.75
3409,2024-05-25,25.47
3409,2024-08-24,94.61
3409,2024-09-14,42.41
3409,2024-11-18,45.09
3409,2024-12-24,63.98
3410,2024-03-23,27.22
3410,2025-03-11,27.23
3410,2025-03-16,21.94
3411,2024-02-02,64.05
3411,2024-02-23,20.21
3411,2024-03-21,20.67
3411,2024-04-22,21.07
3411,2024-08-03,16.8
3411,2024-12-15,39.37
3411,2024-12-19,15.68
3411,2025-07-14,44.29
3411,2025-09-27,19.44
3411,2025-10-23,33.41
3411,2025-11-08,30.44
3411,2025-11-09,28.16
3412,2024-02-27,38.58
3412,2024-03-03,33.98
3413,2024-04-04,39.8
3413,2024-04-20,33.92
3413,2024-04-30,15.02
3413,2024-05-04,51.97
3413,2024-05-17,43.39
3413,2024-07-02,91.14
3413,2024-09-30,17.03
3414,2024-02-27,66.47
3414,2024-03-10,66.11
3414,2024-03-14,75.52
3414,2024-05-22,51.5
3414,2024-07-08,82.5
3414,2024-07-14,64.66
3414,2024-09-02,90.85
3414,2024-10-11,69.48
3414,2024-10-22,33.98
3414,2024-10-26,102.39
3414,2024-11-10,44.07
3415,2024-04-15,40.89
3415,2024-04-24,73.08
3415,2024-04-30,56.32
3415,2024-05-09,53.02
3415,2024-05-26,79.97
3415,2024-06-04,23.97
3415,2024-06-09,31.01
3415,2024-07-06,68.79
3415,2024-07-10,37.12
3415,2024-09-15,58.09
3415,2024-09-27,65.94
3415,2024-09-29,39.87
3415,2024-10-03,20.25
3415,2024-10-29,30.36
3415,2024-10-29,69.93
3415,2025-01-25,9.92
3415,2025-02-24,38.96
3415,2025-02-25,48.76
3415,2025-03-07,46.47
3415,2025-03-11,41.76
3415,2025-04-05,50.26
3415,2025-04-13,36.32
3415,2025-05-04,25.75
3415,2025-05-07,23.52
3415,2025-05-15,53.81
3415,2025-05-18,51.66
3415,2025-05-22,65.22
3415,2025-05-31,35.21
3415,2025-08-14,27.11
3415,2025-08-18,47.71
3415,2025-09-04,31.41
3415,2025-12-20,31.56
3416,2024-02-16,45.95
3417,2024-01-13,27.15
3418,2024-06-25,44.82
3419,2024-03-18,39.98
3419,2024-04-30,17.63
3419,2024-08-12,21.45
3419,2024-10-30,18.09
3419,2024-11-01,20.11
3419,2024-11-11,13.8
3420,2024-03-27,40.49
3420,2024-04-05,49.1
3420,2024-05-15,24.66
3420,2024-06-08,27.9
3420,2024-08-20,15.68
3420,2024-08-26,19.14
3420,2024-09-24,21.03
3420,2024-10-19,41.11
3420,2024-12-07,22.2
3421,2024-03-18,16.86
3421,2024-05-12,26.09
3421,2024-05-14,20.1
3421,2024-06-09,7.68
3421,2024-08-28,9.87
3422,2024-02-23,41.93
3422,2024-04-02,38.76
3422,2024-06-10,20.38
3422,2024-08-18,30.95
3422,2024-10-15,28.63
3422,2024-10-24,31.56
3422,2025-01-04,14.24
3422,2025-03-30,28.56
3422,2025-05-22,36.56
3422,2025-06-13,18.3
3422,2025-09-04,32.15
3422,2025-10-22,36.01
3422,2025-10-29,37.77
3423,2024-03-15,33.98
3423,2024-03-20,13.66
3423,2024-04-19,48.22
3423,2024-05-01,49.5
3424,2024-04-30,21.83
3425,2024-02-08,41.45
3425,2024-03-15,46.13
3426,2024-02-14,14.54
3427,2024-05-28,29.64
3427,2024-06-16,54.43
3427,2024-11-01,68.26
3427,2025-01-28,26.04
3427,2025-02-24,48.78
3427,2025-04-16,41.25
3427,2025-07-12,86.58
3427,2025-09-26,99.72
3427,2025-10-17,26.32
3427,2025-10-17,65.95
3427,2025-10-22,47.98
3427,2025-11-15,51.09
3427,2025-11-24,81.66
3428,2024-05-05,43.33
3428,2024-06-17,28.17
3428,2024-07-25,69.88
3428,2024-07-28,47.75
3428,2024-08-13,52.02
3428,2024-08-22,31.95
3428,2024-08-29,41.69
3428,2024-09-20,30.92
3428,2024-09-21,43.97
3428,2024-10-04,29.09
3428,2024-10-17,42.2
3428,2024-10-31,22.44
3428,2024-11-17,80.26
3428,2024-12-07,40.22
3428,2025-01-22,29.72
3428,2025-02-06,64.42
3428,2025-02-09,82.35
3428,2025-02-25,19.66
3428,2025-03-12,84.4
3428,2025-03-16,44.35
3428,2025-03-25,28.88
3428,2025-04-02,46.03
3428,2025-04-06,57.6
3428,2025-04-10,65.41
3428,2025-04-19,30.23
3428,2025-04-22,23.24
3428,2025-05-07,51.54
3428,2025-05-19,35.63
3428,2025-06-01,40.93
3428,2025-06-14,9.49
3428,2025-06-24,55.18
3428,2025-07-19,51.13
3428,2025-07-21,19.08
3428,2025-08-05,45.57
3428,2025-08-19,64.97
3428,2025-09-01,31.97
3428,2025-09-07,58.43
3428,2025-10-02,39.67
3428,2025-10-10,20.45
3428,2025-10-15,63.57
3428,2025-10-19,48.25
3428,2025-12-14,48.08
3428,2025-12-17,71.07
3429,2024-01-10,88.91
3430,2024-03-17,29.51
3431,2024-06-21,25.24
3432,2024-03-09,75.73
3433,2024-05-27,6.28
3433,2024-05-31,15.94
3433,2024-06-02,22.55
3433,2024-08-16,21.95
3433,2024-10-26,28.41
3433,2025-07-08,29.02
3433,2025-07-26,8.59
3433,2025-08-16,13.31
3433,2025-12-04,8.29
3434,2024-02-23,18.94
3434,2024-02-28,15.12
3434,2024-12-10,20.05
3434,2025-01-23,27.59
3434,2025-01-30,21.73
3434,2025-05-23,25.09
3434,2025-06-12,10.18
3434,2025-07-20,18.9
3435,2024-01-01,42.48
3435,2024-01-18,12.72
3435,2024-01-22,33.72
3435,2024-03-14,24.86
3435,2024-06-11,32.23
3436,2024-04-20,4.54
3437,2024-01-09,65.59
3437,2024-01-09,78.58
3437,2024-02-02,74.15
3438,2024-04-28,116.82
3439,2024-03-22,95.41
3439,2024-06-25,92.98
3440,2024-01-27,9.48
3440,2024-09-15,10.36
3440,2024-09-22,25.37
3440,2024-12-15,12.63
3440,2025-01-14,10.97
3440,2025-01-23,4.84
3440,2025-02-06,15.1
3440,2025-03-12,24.54
3441,2024-02-25,22.02
3442,2024-06-21,15.67
3442,2024-07-05,21.79
3442,2024-11-29,18.27
3442,2024-12-23,15.71
3442,2024-12-31,23.65
3443,2024-06-04,106.5
3443,2024-06-05,48.26
3443,2024-06-10,70.98
3443,2024-08-06,83.41
3443,2024-09-02,35.09
3443,2024-09-08,83.57
3443,2024-12-08,49.79
3443,2024-12-17,50.56
3443,2024-12-28,70.44
3443,2025-01-13,20.46
3443,2025-02-02,33.09
3443,2025-02-21,100.78
3443,2025-03-03,18.21
3443,2025-03-14,53.66
3443,2025-03-22,95.96
3443,2025-04-19,63.0
3443,2025-04-22,46.29
3443,2025-07-06,40.59
3443,2025-08-07,40.93
3443,2025-08-30,134.56
3443,2025-09-13,79.76
3444,2024-02-22,6.49
3444,2024-03-24,21.67
3444,2024-04-03,22.12
3444,2024-06-03,18.05
3444,2024-07-30,8.77
3444,2024-07-31,12.56
3444,2024-09-05,18.12
3444,2024-10-06,11.96
3444,2024-10-09,8.92
3444,2024-12-07,11.39
3444,2025-02-04,15.41
3444,2025-02-24,15.85
3444,2025-03-09,15.75
3444,2025-07-23,21.9
3444,2025-08-05,9.24
3444,2025-10-06,11.67
3445,2024-03-15,17.08
3445,2025-02-17,42.61
3446,2024-05-15,47.73
3446,2024-05-23,69.92
3446,2024-06-23,58.65
3446,2024-06-26,54.1
3446,2024-06-28,42.48
3446,2024-07-08,50.31
3446,2024-07-08,52.62
3446,2024-08-23,56.82
3446,2024-08-24,11.44
3446,2024-09-15,40.82
3446,2024-09-26,30.42
3446,2024-09-29,61.51
3446,2024-10-24,55.08
3446,2024-10-25,84.47
3446,2024-10-30,90.35
3446,2024-11-05,74.97
3446,2024-11-09,55.85
3446,2024-11-22,66.16
3446,2024-12-01,31.49
3446,2024-12-04,20.45
3446,2024-12-15,59.67
3446,2024-12-17,45.54
3446,2024-12-26,48.02
3446,2025-01-02,98.43
3446,2025-01-07,38.47
3446,2025-02-06,78.43
3446,2025-02-14,49.67
3446,2025-02-16,15.76
3446,2025-02-16,82.39
3446,2025-02-27,54.89
3446,2025-03-12,90.97
3446,2025-03-31,90.64
3446,2025-04-03,45.19
3446,2025-04-09,66.29
3446,2025-04-17,33.61
3446,2025-04-22,26.04
3446,2025-04-25,47.87
3446,2025-04-27,129.44
3446,2025-04-28,54.49
3446,2025-05-04,27.93
3446,2025-05-21,27.1
3446,2025-05-26,60.6
3446,2025-06-02,63.94
3446,2025-06-11,57.45
3446,2025-07-02,47.92
3446,2025-07-06,87.53
3446,2025-07-07,33.59
3446,2025-07-31,51.19
3446,2025-08-02,52.08
3446,2025-08-12,34.75
3446,2025-08-18,99.07
3446,2025-08-20,38.93
3446,2025-09-02,37.83
3446,2025-09-11,53.29
3446,2025-09-13,80.56
3446,2025-09-20,55.66
3446,2025-09-26,42.35
3446,2025-09-27,55.37
3446,2025-09-28,46.78
3446,2025-09-30,9.13
3446,2025-10-04,27.72
3446,2025-10-10,46.76
3446,2025-10-12,63.43
3446,2025-10-14,37.04
3446,2025-10-24,68.33
3446,2025-10-30,62.25
3446,2025-11-02,16.99
3446,2025-11-22,30.0
3446,2025-11-24,33.61
3446,2025-12-24,110.94
3446,2025-12-26,65.2
3447,2024-02-11,21.57
3447,2024-03-11,30.1
3448,2024-01-11,23.39
3448,2024-02-16,40.08
3448,2024-03-13,16.6
3448,2024-04-09,26.04
3448,2024-04-30,34.86
3448,2024-05-13,21.38
3448,2024-05-21,33.26
3448,2024-06-01,36.75
3448,2024-06-19,30.15
3449,2024-02-17,11.71
3450,2024-03-23,12.31
3451,2024-05-04,16.55
3451,2024-06-19,14.89
3451,2024-06-30,20.68
3452,2024-04-20,19.55
3452,2024-07-30,17.12
3452,2024-08-29,33.7
3452,2025-02-25,44.15
3452,2025-05-31,21.6
3452,2025-06-27,23.27
3452,2025-08-24,22.97
3452,2025-09-01,25.03
3452,2025-10-16,37.3
3452,2025-10-25,63.05
3453,2024-01-22,14.48
3454,2024-01-28,21.15
3454,2024-02-29,19.37
3454,2024-05-07,21.35
3454,2024-05-17,10.75
3454,2025-01-09,27.76
3454,2025-02-26,45.73
3454,2025-05-27,29.72
3454,2025-09-28,29.7
3454,2025-10-28,37.77
3454,2025-11-25,29.82
3454,2025-12-13,32.89
3455,2024-02-10,28.09
3456,2024-04-16,38.86
3457,2024-05-03,60.42
3458,2024-01-30,15.01
3458,2024-02-03,22.16
3458,2024-02-07,23.94
3458,2024-02-15,7.89
3458,2024-03-13,27.17
3458,2024-03-18,41.11
3459,2024-05-22,10.95
3459,2024-05-27,22.51
3459,2024-07-28,29.55
3459,2024-10-04,9.6
3459,2024-11-13,14.46
3459,2024-12-01,6.61
3459,2024-12-13,16.71
3459,2025-02-11,19.11
3459,2025-02-11,8.38
3459,2025-02-19,5.03
3459,2025-03-01,11.43
3459,2025-03-02,10.42
3459,2025-03-03,16.57
3459,2025-03-15,11.38
3459,2025-03-28,4.84
3459,2025-03-30,15.5
3459,2025-04-24,14.04
3459,2025-05-02,16.83
3459,2025-05-13,3.84
3459,2025-05-17,7.5
3459,2025-07-01,8.98
3459,2025-07-13,11.53
3459,2025-07-28,25.55
3459,2025-08-16,14.78
3459,2025-08-18,10.02
3459,2025-10-04,16.25
3459,2025-10-21,14.86
3459,2025-10-30,20.42
3459,2025-11-02,13.48
3459,2025-11-02,12.78
3459,2025-11-03,10.71
3459,2025-11-13,13.95
3459,2025-12-05,25.21
3459,2025-12-13,8.61
3460,2024-04-12,15.39
3460,2024-04-18,40.68
3460,2024-04-20,23.75
3461,2024-03-22,23.05
3462,2024-03-23,115.72
3462,2024-05-29,244.61
3463,2024-04-06,46.18
3463,2024-04-22,52.96
3463,2024-05-03,39.77
3463,2024-05-19,21.08
3463,2024-06-04,33.6
3463,2024-06-12,22.37
3463,2024-06-14,27.2
3464,2024-02-04,36.71
3464,2024-03-11,36.4
3464,2024-03-27,23.12
3464,2024-06-10,26.13
3464,2024-12-09,14.24
3464,2025-05-22,24.8
3465,2024-02-23,21.84
3465,2024-03-07,21.13
3465,2024-06-22,12.14
3466,2024-03-09,4.31
3466,2024-03-09,11.32
3466,2024-03-29,8.17
3466,2024-04-26,7.56
3467,2024-06-14,24.42
3467,2024-09-02,19.89
3468,2024-06-22,19.43
3469,2024-01-19,16.05
3469,2024-02-20,10.48
3469,2024-02-28,17.51
3469,2024-03-04,15.67
3469,2024-03-26,22.57
3469,2024-04-11,11.51
3469,2024-04-17,20.82
3469,2024-04-25,18.33
3469,2024-05-10,16.21
3469,2024-05-11,29.3
3469,2024-05-12,11.97
3469,2024-05-15,9.99
3469,2024-05-28,13.32
3469,2024-05-30,16.46
3469,2024-06-18,20.72
3469,2024-06-27,13.3
3469,2024-08-03,5.09
3469,2024-08-06,8.07
3469,2024-08-10,10.17
3469,2024-08-12,11.17
3469,2024-08-24,8.4
3469,2024-09-10,13.09
3469,2024-10-06,13.91
3469,2024-11-04,14.77
3470,2024-05-07,63.77
3470,2024-09-14,53.14
3470,2025-04-03,34.74
3470,2025-04-22,41.75
3470,2025-08-16,64.86
3470,2025-09-06,33.38
3470,2025-11-22,58.58
3471,2024-06-27,52.51
3471,2024-08-18,59.0
3471,2024-08-31,30.02
3471,2024-09-25,27.69
3471,2024-09-28,40.51
3471,2024-10-31,55.36
3471,2025-01-18,17.33
3471,2025-04-21,58.26
3471,2025-05-08,64.02
3471,2025-06-07,40.32
3471,2025-08-13,67.23
3471,2025-09-25,85.67
3471,2025-10-31,34.32
3472,2024-02-09,32.28
3472,2024-04-15,36.13
3472,2024-06-15,18.52
3472,2024-07-09,14.39
3472,2024-08-15,24.96
3472,2024-10-12,36.14
3472,2024-10-16,39.64
3473,2024-05-25,23.75
3473,2024-06-09,20.39
3473,2024-06-10,22.79
3473,2024-06-23,15.39
3473,2024-07-04,29.28
3473,2024-07-23,6.44
3473,2024-09-02,19.25
3473,2024-09-19,21.65
3473,2024-10-01,25.78
3473,2024-12-08,14.47
3473,2024-12-15,16.75
3473,2024-12-23,14.44
3473,2024-12-30,25.69
3473,2025-01-24,13.49
3473,2025-02-20,12.16
3473,2025-03-14,38.46
3473,2025-04-15,9.01
3473,2025-05-16,18.58
3473,2025-05-28,21.1
3473,2025-05-30,19.51
3473,2025-06-04,13.35
3473,2025-06-09,9.84
3473,2025-06-10,20.69
3473,2025-06-11,36.69
3473,2025-06-20,19.22
3473,2025-06-29,30.51
3473,2025-07-22,9.45
3473,2025-08-25,9.21
3473,2025-09-09,14.85
3473,2025-10-27,17.92
3473,2025-10-29,22.22
3473,2025-12-13,22.92
3473,2025-12-16,19.42
3474,2024-06-13,40.0
3474,2025-01-19,39.7
3475,2024-06-17,20.12
3475,2024-08-15,24.92
3476,2024-06-06,12.89
3477,2024-05-13,50.52
3478,2024-02-17,37.68
3478,2024-04-19,59.1
3478,2024-05-20,32.39
3478,2024-08-15,17.39
3478,2024-11-26,18.99
3478,2024-12-18,41.23
3478,2025-06-09,58.59
3478,2025-06-10,41.44
3478,2025-06-30,23.63
3478,2025-07-15,56.7
3478,2025-07-31,22.31
3478,2025-09-30,29.77
3478,2025-11-20,31.63
3478,2025-11-27,21.5
3479,2024-06-18,82.96
3479,2025-10-27,50.3
3480,2024-04-09,22.85
3481,2024-01-02,18.46
3481,2024-01-23,17.27
3481,2024-02-23,7.05
3481,2024-03-07,27.73
3481,2024-03-28,13.57
3481,2024-03-30,16.71
3481,2024-04-03,37.94
3481,2024-04-11,24.61
3481,2024-06-17,7.42
3481,2024-07-22,15.71
3481,2024-07-29,8.4
3481,2024-10-22,21.39
3481,2024-11-10,17.89
3481,2024-11-25,17.19
3481,2025-01-19,16.89
3481,2025-01-22,16.3
3481,2025-01-26,33.3
3481,2025-05-27,14.59
3481,2025-06-02,11.5
3481,2025-07-10,10.05
3482,2024-06-07,25.9
3482,2024-06-25,10.49
3482,2024-07-18,14.75
3482,2024-07-18,29.36
3482,2024-07-22,36.95
3482,2024-08-03,58.92
3482,2024-08-09,50.18
3482,2024-09-02,48.49
3482,2024-09-06,24.19
3483,2024-05-05,26.98
3484,2024-01-02,18.93
3484,2024-03-21,35.13
3485,2024-01-27,22.56
3485,2024-08-03,20.07
3486,2024-05-22,10.86
3487,2024-05-15,12.81
3487,2024-05-31,11.06
3487,2024-06-24,15.56
3487,2024-10-19,13.48
3488,2024-01-12,8.32
3488,2024-02-16,10.66
3488,2024-04-09,18.49
3488,2024-05-07,16.01
3488,2024-07-08,9.0
3488,2024-07-13,12.48
3488,2024-07-16,4.9
3488,2024-08-11,21.19
3488,2024-08-25,17.56
3489,2024-06-11,7.33
3489,2024-06-28,11.26
3489,2024-07-20,14.88
3489,2024-09-19,5.97
3489,2024-10-23,10.68
3489,2024-12-31,13.76
3490,2024-05-07,49.42
3490,2024-05-23,49.79
3490,2024-05-24,19.57
3490,2024-06-18,52.81
3490,2024-07-01,25.18
3490,2024-07-15,22.56
3490,2024-07-17,15.45
3490,2024-07-27,28.55
3490,2024-07-29,20.84
3490,2024-08-04,25.16
3490,2024-08-26,31.89
3490,2024-09-07,34.05
3490,2024-09-08,47.64
3490,2024-09-13,28.19
3490,2024-09-14,22.17
3490,2024-09-14,31.71
3490,2024-10-27,25.75
3490,2024-10-29,39.67
3490,2024-11-17,40.38
3490,2024-11-28,26.51
3490,2024-12-20,9.56
3490,2024-12-30,71.95
3490,2025-01-03,35.7
3490,2025-01-11,18.29
3490,2025-01-20,46.87
3490,2025-03-01,33.38
3490,2025-03-06,34.64
3490,2025-03-07,42.81
3490,2025-03-07,27.44
3490,2025-03-13,21.61
3490,2025-03-30,29.09
3490,2025-04-03,42.69
3490,2025-04-10,35.17
3490,2025-04-28,17.14
3490,2025-05-20,46.23
3490,2025-06-04,30.75
3490,2025-06-22,52.62
3490,2025-06-26,32.23
3490,2025-07-14,52.9
3490,2025-07-14,38.74
3490,2025-07-16,37.35
3490,2025-08-20,52.68
3490,2025-08-21,26.88
3490,2025-08-28,10.33
3490,2025-08-31,30.81
3490,2025-09-03,17.45
3490,2025-09-05,49.71
3490,2025-09-08,26.94
3490,2025-09-19,37.6
3490,2025-10-11,20.4
3490,2025-10-14,55.01
3490,2025-10-14,23.27
3490,2025-10-15,51.39
3490,2025-11-14,14.67
3491,2024-04-26,36.21
3491,2024-05-16,30.54
3491,2024-10-05,25.71
3492,2024-03-22,16.12
3492,2024-04-12,10.31
3492,2024-04-19,14.28
3492,2024-05-23,6.75
3492,2024-06-09,27.44
3492,2024-06-18,26.84
3492,2024-06-23,19.49
3492,2024-07-02,11.84
3492,2024-07-19,17.66
3492,2024-09-14,26.7
3492,2024-11-05,37.31
3492,2024-11-09,9.38
3492,2024-11-09,17.75
3492,2024-12-13,38.64
3492,2025-01-08,16.64
3492,2025-02-03,22.58
3492,2025-02-24,12.36
3492,2025-02-25,8.19
3492,2025-04-27,19.46
3492,2025-05-03,11.12
3492,2025-05-26,20.51
3492,2025-06-18,18.33
3492,2025-06-28,38.26
3492,2025-08-14,19.02
3492,2025-08-28,33.97
3492,2025-08-29,22.59
3492,2025-09-10,12.98
3492,2025-09-16,13.89
3492,2025-10-23,16.12
3492,2025-11-17,21.57
3493,2024-02-17,18.29
3494,2024-01-19,31.73
3494,2024-03-10,30.71
3494,2024-03-12,33.17
3494,2024-03-19,19.18
3494,2024-04-05,25.34
3494,2024-04-22,42.58
3494,2024-05-10,16.59
3494,2024-05-17,6.94
3494,2024-05-27,45.32
3494,2024-06-11,31.61
3494,2024-06-24,48.66
3494,2024-06-30,25.83
3494,2024-07-07,30.43
3494,2024-07-16,18.01
3494,2024-07-19,16.7
3494,2024-07-19,8.44
3494,2024-08-12,32.37
3494,2024-08-14,22.96
3494,2024-09-17,37.85
3494,2024-09-26,36.42
3494,2024-09-29,17.98
3494,2024-11-07,24.97
3494,2024-12-03,30.23
3494,2024-12-12,20.43
3494,2025-01-25,30.52
3494,2025-01-27,37.91
3494,2025-01-30,33.39
3494,2025-02-19,40.99
3494,2025-03-28,64.86
3494,2025-04-08,14.4
3494,2025-04-12,30.98
3494,2025-04-16,33.17
3494,2025-04-26,23.02
3494,2025-05-01,17.67
3494,2025-06-19,35.59
3494,2025-06-22,51.11
3494,2025-07-18,45.11
3494,2025-07-19,19.95
3494,2025-07-22,33.46
3494,2025-07-26,18.28
3494,2025-07-30,16.63
3494,2025-08-09,32.74
3494,2025-08-19,44.3
3494,2025-10-04,27.91
3494,2025-10-19,26.67
3494,2025-11-02,38.95
3494,2025-11-08,30.55
3494,2025-12-25,24.04
3495,2024-03-03,10.84
3496,2024-03-15,12.01
3497,2024-06-11,21.18
3497,2024-07-14,20.06
3497,2024-07-17,11.39
3497,2024-08-05,13.37
3497,2024-08-15,16.77
3497,2024-09-10,20.37
3497,2024-09-29,21.54
3497,2024-10-01,13.13
3498,2024-04-22,15.98
3498,2024-10-24,21.97
3498,2025-01-22,16.92
3498,2025-08-03,22.93
3498,2025-09-27,11.94
3498,2025-10-25,19.11
3498,2025-11-02,14.73
3498,2025-12-26,11.21
3499,2024-04-23,35.94
3499,2024-05-12,76.67
3499,2025-02-06,48.56
3499,2025-04-06,37.75
3499,2025-04-25,20.75
3499,2025-09-22,49.67
3499,2025-10-06,28.18
3499,2025-12-27,84.96
3500,2024-05-11,40.63
3500,2024-05-29,73.09
3501,2024-01-12,23.75
3501,2024-03-31,19.78
3501,2024-06-07,29.44
3502,2024-01-01,35.0
3502,2024-09-09,25.85
3502,2024-11-06,37.65
3502,2025-03-02,64.84
3502,2025-05-14,44.54
3502,2025-10-08,16.76
3503,2024-05-15,30.8
3503,2024-08-01,13.97
3503,2024-08-03,32.14
3503,2025-03-04,32.13
3503,2025-03-07,25.0
3503,2025-04-09,34.08
3503,2025-05-02,27.78
3503,2025-06-30,39.29
3503,2025-08-06,25.64
3503,2025-10-11,16.06
3503,2025-10-23,17.93
3503,2025-11-23,37.88
3503,2025-12-03,22.97
3503,2025-12-21,18.7
3504,2024-05-05,31.05
3504,2024-05-24,17.76
3504,2024-07-07,32.89
3504,2024-08-27,13.68
3504,2024-09-13,14.16
3504,2025-02-04,49.81
3504,2025-08-20,23.6
3504,2025-09-08,41.88
3504,2025-09-29,27.58
3504,2025-12-23,48.49
3504,2025-12-24,20.88
3505,2024-05-06,37.24
3505,2024-06-10,30.31
3505,2024-06-21,36.69
3505,2024-10-10,14.07
3506,2024-02-07,16.28
3506,2024-02-13,13.47
3506,2024-03-10,18.85
3506,2024-04-10,13.37
3506,2024-05-17,13.11
3506,2024-07-13,14.69
3506,2024-07-26,12.82
3506,2024-12-09,11.6
3506,2024-12-12,30.63
3506,2024-12-22,13.83
3506,2025-02-04,9.1
3506,2025-03-16,14.69
3507,2024-02-08,5.95
3507,2024-02-15,16.67
3507,2024-03-23,9.13
3507,2024-04-20,21.06
3508,2024-01-10,37.56
3508,2024-12-06,19.54
3508,2025-04-22,46.01
3508,2025-05-31,36.4
3508,2025-07-08,28.84
3508,2025-07-08,24.74
3508,2025-10-17,40.92
3508,2025-12-21,27.59
3509,2024-02-12,6.18
3510,2024-03-07,18.76
3510,2024-04-02,22.99
3510,2024-06-15,12.07
3510,2024-08-18,15.2
3510,2024-09-27,6.52
3511,2024-04-17,34.8
3512,2024-01-17,24.27
3512,2024-01-21,32.82
3512,2024-02-05,24.86
3512,2024-02-08,45.05
3512,2024-02-27,28.07
3512,2024-03-12,19.16
3512,2024-04-28,24.42
3512,2024-06-23,20.75
3512,2024-07-03,15.85
3512,2024-08-22,25.94
3512,2024-09-04,31.92
3512,2024-09-09,20.9
3512,2024-10-06,15.15
3512,2024-10-14,23.63
3512,2024-10-29,26.79
3512,2024-11-11,11.7
3512,2025-01-13,12.54
3512,2025-03-07,20.44
3512,2025-04-14,17.19
3512,2025-04-28,10.25
3512,2025-05-04,38.74
3512,2025-06-22,30.07
3512,2025-07-18,28.79
3513,2024-01-20,8.23
3513,2024-04-12,14.57
3513,2024-06-16,14.52
3513,2024-07-24,14.93
3513,2025-07-01,22.56
3513,2025-07-10,16.1
3513,2025-07-14,6.56
3513,2025-07-26,18.78
3513,2025-10-02,11.24
3514,2024-03-02,21.67
3514,2024-05-12,41.91
3514,2024-05-23,29.21
3514,2024-06-03,22.94
3514,2024-07-13,56.23
3515,2024-04-08,30.06
3515,2024-04-28,40.87
3515,2024-06-23,43.44
3515,2024-09-01,14.5
3515,2024-09-26,61.11
3515,2024-10-02,42.77
3515,2024-11-12,19.54
3515,2025-03-10,19.97
3515,2025-04-07,42.44
3515,2025-04-13,11.32
3515,2025-08-17,31.94
3516,2024-01-28,25.91
3516,2024-01-28,20.33
3516,2024-03-10,19.69
3516,2024-06-20,17.46
3516,2025-03-27,13.25
3516,2025-09-05,29.27
3517,2024-04-13,14.19
3517,2024-09-19,23.62
3518,2024-03-30,24.88
3518,2024-04-18,20.2
3519,2024-01-02,38.19
3520,2024-05-03,22.46
3520,2024-06-01,18.17
3521,2024-02-23,61.41
3521,2024-03-09,51.27
3521,2024-03-14,77.57
3521,2024-03-16,161.98
3521,2024-04-12,170.82
3521,2024-05-20,66.56
3521,2024-06-13,79.47
3521,2024-07-22,167.89
3521,2024-07-26,120.06
3521,2024-10-28,100.02
3521,2024-11-12,87.44
3521,2024-12-10,90.38
3521,2025-01-25,50.63
3521,2025-08-17,55.44
3521,2025-08-23,91.07
3521,2025-10-14,95.05
3522,2024-03-11,13.59
3523,2024-05-02,47.84
3523,2024-05-30,34.48
3523,2024-07-22,54.28
3523,2024-09-01,40.16
3523,2024-12-30,20.96
3523,2025-03-30,29.9
3523,2025-06-07,51.51
3524,2024-06-18,42.05
3524,2024-07-27,25.01
3524,2024-09-10,68.13
3524,2024-12-14,50.76
3524,2025-02-19,42.31
3524,2025-03-10,75.15
3524,2025-11-06,79.05
3524,2025-12-11,69.98
3525,2024-04-19,25.0
3525,2024-05-02,26.56
3525,2024-05-31,10.85
3525,2024-06-26,18.89
3525,2024-06-28,11.89
3525,2024-11-18,23.05
3525,2025-01-17,12.48
3525,2025-04-05,15.72
3525,2025-05-19,41.99
3525,2025-06-30,19.14
3525,2025-08-18,23.13
3525,2025-09-17,26.85
3525,2025-10-01,12.73
3525,2025-10-04,19.34
3525,2025-10-28,8.42
3525,2025-12-13,25.6
3525,2025-12-14,19.99
3526,2024-05-05,35.23
3526,2024-05-21,37.78
3526,2024-06-13,35.74
3526,2024-06-25,18.03
3526,2024-06-27,55.95
3526,2024-10-11,19.35
3526,2024-10-16,23.37
3526,2024-11-21,43.75
3527,2024-01-07,13.31
3527,2024-01-09,13.42
3527,2024-01-21,9.53
3527,2024-02-13,11.05
3527,2024-02-21,18.76
3527,2024-02-29,17.03
3527,2024-04-07,13.9
3527,2024-04-10,16.44
3527,2024-04-19,13.01
3527,2024-04-25,11.24
3527,2024-04-29,8.95
3527,2024-06-01,8.04
3527,2024-06-27,9.65
3527,2024-07-07,7.67
3527,2024-07-15,5.85
3527,2024-08-01,9.77
3527,2024-09-26,4.26
3527,2024-11-20,11.69
3527,2025-01-22,5.12
3527,2025-01-29,4.59
3527,2025-02-03,10.63
3527,2025-03-27,3.87
3527,2025-05-07,6.58
3527,2025-05-11,8.11
3527,2025-07-10,8.8
3527,2025-09-12,8.16
3528,2024-06-08,27.86
3529,2024-04-15,12.27
3530,2024-03-05,21.13
3530,2024-10-18,26.28
3530,2025-05-13,26.11
3530,2025-07-23,29.9
3530,2025-08-19,32.46
3530,2025-08-22,47.38
3530,2025-10-03,30.75
3531,2024-03-12,55.81
3531,2024-06-10,28.08
3532,2024-02-17,22.69
3533,2024-06-07,68.09
3534,2024-03-18,30.0
3535,2024-02-12,5.23
3535,2024-03-05,9.43
3535,2024-03-05,7.42
3535,2024-03-22,19.75
3535,2024-04-01,25.63
3535,2024-04-03,8.01
3536,2024-02-23,9.11
3536,2025-01-13,12.5
3536,2025-07-30,10.52
3537,2024-02-09,18.89
3537,2024-04-26,10.75
3537,2024-05-19,9.43
3538,2024-04-21,28.33
3538,2024-05-13,28.1
3538,2024-08-21,61.55
3538,2024-10-12,19.69
3538,2024-11-30,23.17
3538,2025-01-26,23.72
3538,2025-02-10,35.01
3538,2025-05-06,35.55
3538,2025-10-01,24.35
3538,2025-11-15,26.99
3538,2025-11-26,17.88
3539,2024-06-06,23.09
3539,2024-07-05,39.54
3539,2024-07-21,29.37
3539,2024-11-20,42.09
3539,2025-06-03,45.6
3540,2024-02-11,13.37
3540,2024-05-06,15.91
3540,2024-06-28,13.64
3540,2024-07-02,8.35
3540,2024-08-01,14.74
3540,2024-09-06,14.83
3540,2024-09-16,11.19
3540,2024-11-17,25.56
3540,2024-12-05,15.82
3541,2024-05-26,15.73
3542,2024-04-01,31.65
3542,2024-09-13,39.61
3543,2024-06-01,30.91
3543,2025-03-17,36.03
3544,2024-06-22,13.91
3544,2024-09-10,13.84
3544,2024-10-08,10.51
3544,2024-11-08,11.14
3544,2025-01-21,14.42
3545,2024-03-31,17.11
3545,2024-04-04,12.64
3545,2024-06-23,34.47
3545,2024-08-29,26.95
3545,2024-11-16,38.16
3545,2025-01-13,26.5
3545,2025-02-25,34.51
3545,2025-04-04,18.88
3545,2025-04-19,29.36
3545,2025-05-05,20.58
3545,2025-05-11,20.13
3545,2025-07-09,15.57
3545,2025-07-18,36.6
3545,2025-10-04,12.93
3545,2025-10-15,20.34
3545,2025-10-19,16.56
3545,2025-11-14,25.98
3546,2024-04-05,27.17
3547,2024-04-17,35.32
3548,2024-02-17,74.77
3548,2024-02-21,104.6
3548,2024-02-26,68.64
3549,2024-01-19,17.1
3550,2024-03-09,22.06
3551,2024-03-04,41.8
3551,2024-03-05,38.41
3551,2024-05-10,23.49
3551,2024-05-20,16.45
3551,2024-08-13,36.29
3551,2024-11-04,36.16
3551,2024-12-09,40.41
3551,2025-03-18,30.4
3551,2025-05-23,27.96
3551,2025-09-05,22.74
3551,2025-10-15,13.16
3552,2024-04-08,19.75
3552,2024-05-27,20.73
3552,2024-08-28,11.73
3552,2024-11-27,12.45
3552,2024-12-17,17.44
3552,2025-05-08,11.42
3552,2025-06-18,22.51
3552,2025-07-17,12.93
3553,2024-04-05,16.85
3553,2024-11-24,7.67
3553,2025-04-01,24.97
3554,2024-03-07,30.31
3554,2024-03-28,15.55
3554,2024-04-23,9.14
3554,2024-06-20,14.34
3554,2024-06-24,24.86
3554,2024-07-14,14.45
3554,2024-08-10,16.09
3554,2024-08-14,24.54
3554,2024-08-18,9.55
3554,2024-10-05,8.04
3554,2024-11-06,10.78
3554,2024-11-17,32.7
3554,2024-11-27,21.11
3554,2024-12-27,27.92
3554,2024-12-31,16.22
3554,2025-02-17,24.57
3554,2025-03-05,13.25
3554,2025-03-19,19.99
3554,2025-04-17,6.04
3554,2025-05-28,14.1
3554,2025-09-09,18.07
3554,2025-09-12,11.85
3554,2025-10-21,21.01
3554,2025-10-24,10.79
3555,2024-05-22,47.93
3555,2024-06-08,56.36
3555,2024-08-16,69.31
3555,2024-12-14,68.58
3555,2025-03-06,59.37
3555,2025-03-12,66.09
3555,2025-05-02,91.83
3555,2025-08-29,29.24
3556,2024-06-13,12.86
3556,2024-09-06,4.82
3556,2024-09-07,6.56
3556,2024-09-15,12.85
3556,2024-09-28,5.86
3556,2024-10-27,14.54
3556,2024-11-13,12.86
3556,2024-11-20,11.76
3556,2024-12-04,9.83
3556,2025-07-07,15.67
3556,2025-09-08,15.13
3556,2025-10-23,9.66
3556,2025-11-27,16.21
3556,2025-12-16,8.13
3557,2024-05-18,26.58
3557,2024-05-18,25.89
3557,2024-05-21,88.88
3557,2024-05-21,25.81
3557,2024-06-14,46.37
3557,2024-06-14,38.85
3557,2024-07-10,36.5
3557,2024-07-14,42.12
3557,2024-08-10,38.48
3557,2024-11-06,38.1
3557,2024-11-21,43.94
3557,2024-11-26,60.9
3557,2025-02-28,41.83
3557,2025-03-03,48.06
3557,2025-04-09,38.4
3557,2025-06-13,18.16
3557,2025-07-19,31.93
3557,2025-08-28,10.68
3557,2025-09-12,60.89
3558,2024-05-28,78.78
3558,2024-06-18,152.06
3559,2024-04-20,38.63
3559,2024-05-17,15.64
3559,2024-06-03,21.32
3559,2024-09-19,25.61
3559,2024-10-09,24.72
3559,2024-10-09,28.06
3559,2024-11-02,25.99
3560,2024-02-18,25.26
3561,2024-03-23,6.13
3561,2024-03-23,7.56
3561,2024-07-29,12.22
3562,2024-06-12,15.53
3563,2024-01-07,30.53
3564,2024-01-24,27.14
3565,2024-03-18,9.28
3565,2024-04-18,10.67
3565,2024-04-27,16.45
3565,2024-05-08,15.02
3565,2024-05-10,17.77
3565,2024-05-14,11.21
3565,2024-05-16,24.81
3565,2024-05-29,14.44
3565,2024-06-18,31.28
3565,2024-07-29,12.44
3565,2024-08-07,17.34
3565,2024-08-22,24.13
3565,2024-09-16,13.75
3565,2024-10-14,16.21
3565,2024-11-12,10.99
3565,2024-11-15,20.91
3565,2024-12-23,27.69
3565,2025-01-05,6.46
3565,2025-01-06,12.47
3565,2025-01-09,4.89
3565,2025-01-13,9.07
3565,2025-01-13,11.59
3565,2025-02-26,18.15
3565,2025-03-09,11.13
3565,2025-03-10,15.25
3565,2025-04-11,12.31
3565,2025-05-14,18.69
3565,2025-06-26,12.24
3565,2025-08-04,7.77
3565,2025-08-28,10.4
3565,2025-10-05,9.15
3565,2025-10-16,8.45
3565,2025-11-06,16.3
3565,2025-12-16,15.31
3565,2025-12-27,12.06
3566,2024-02-14,17.32
3566,2024-03-19,23.69
3566,2024-06-07,7.12
3567,2024-06-23,45.0
3567,2024-06-26,51.94
3567,2024-07-06,50.0
3567,2024-07-12,20.59
3567,2024-07-12,27.19
3567,2024-07-31,31.81
3567,2024-08-04,38.98
3567,2024-08-08,35.99
3567,2024-08-10,11.48
3567,2024-08-17,51.56
3567,2024-09-12,15.66
3567,2024-10-07,36.15
3567,2024-12-05,36.7
3567,2024-12-17,16.49
3567,2024-12-18,22.56
3567,2024-12-30,15.8
3567,2025-01-21,30.28
3567,2025-03-18,32.12
3568,2024-03-20,20.34
3568,2024-04-01,10.55
3568,2024-04-17,19.08
3568,2024-04-26,27.36
3568,2024-04-26,6.16
3568,2024-04-30,11.86
3568,2024-05-02,12.23
3568,2024-05-03,21.89
3568,2024-05-21,6.87
3569,2024-03-05,16.19
3569,2024-05-21,39.48
3569,2025-03-05,39.75
3569,2025-05-18,55.26
3569,2025-10-22,58.42
3570,2024-06-21,39.22
3571,2024-05-22,53.9
3571,2024-08-20,51.84
3571,2024-08-29,28.86
3571,2024-11-06,42.45
3571,2024-11-26,82.92
3571,2024-12-03,52.96
3571,2025-04-22,35.13
3571,2025-11-04,31.12
3571,2025-11-23,84.99
3572,2024-01-08,23.34
3572,2024-01-25,16.12
3572,2024-02-01,25.45
3572,2024-02-06,28.53
3572,2024-02-08,28.69
3572,2024-02-14,9.07
3572,2024-02-22,13.5
3572,2024-02-28,18.27
3572,2024-03-28,8.95
3572,2024-04-20,10.21
3572,2024-04-30,10.2
3572,2024-06-14,5.0
3572,2024-06-16,30.76
3573,2024-01-06,34.14
3573,2024-01-17,39.19
3573,2024-02-04,136.3
3573,2024-02-25,47.6
3573,2024-02-29,46.21
3573,2024-03-03,85.06
3573,2024-03-05,77.83
3573,2024-03-16,40.42
3573,2024-03-21,77.63
3574,2024-04-09,11.96
3574,2024-04-14,15.8
3574,2024-04-20,14.4
3574,2024-04-25,3.6
3574,2024-05-18,16.2
3574,2024-05-28,9.86
3574,2024-06-08,18.71
3574,2024-06-16,20.75
3574,2024-06-30,10.77
3574,2024-07-09,17.87
3574,2024-07-09,18.7
3574,2024-07-16,12.65
3574,2024-08-02,9.99
3574,2024-08-04,16.13
3574,2024-08-15,5.14
3574,2024-08-20,10.16
3574,2024-08-23,27.4
3574,2024-09-02,7.75
3574,2024-09-05,24.86
3574,2024-09-17,13.42
3574,2024-09-18,16.9
3574,2024-10-02,9.99
3574,2024-10-14,14.27
3574,2024-10-14,15.12
3574,2024-10-20,5.52
3574,2024-11-01,13.72
3574,2024-11-09,22.76
3574,2024-11-17,25.7
3574,2024-12-17,14.11
3574,2025-01-12,8.53
3574,2025-01-17,15.82
3574,2025-01-24,15.89
3574,2025-02-10,9.69
3574,2025-02-25,8.21
3574,2025-04-10,16.9
3574,2025-04-22,16.3
3574,2025-05-06,8.43
3574,2025-06-02,12.46
3574,2025-06-13,21.26
3574,2025-06-29,21.97
3574,2025-07-09,12.45
3574,2025-07-22,17.18
3574,2025-08-14,19.61
3574,2025-08-23,13.25
3574,2025-09-01,7.5
3574,2025-09-09,18.85
3574,2025-09-13,10.12
3574,2025-09-14,33.31
3574,2025-10-10,13.46
3574,2025-12-16,17.07
3575,2024-03-29,111.37
3575,2024-04-05,50.09
3575,2024-04-20,58.54
3575,2024-04-21,52.43
3575,2024-04-22,63.66
3575,2024-04-23,43.12
3575,2024-04-26,92.93
3575,2024-04-26,27.44
3575,2024-05-21,49.63
3575,2024-06-05,36.14
3575,2024-06-10,33.67
3575,2024-06-13,65.23
3575,2024-06-20,32.66
3575,2024-07-11,50.95
3575,2024-07-13,63.6
3575,2024-09-01,36.34
3575,2024-10-21,26.26
3575,2024-12-01,29.16
3575,2024-12-08,68.29
3575,2024-12-10,52.84
3575,2024-12-15,54.5
3575,2024-12-22,43.69
3575,2025-01-27,40.36
3575,2025-01-31,51.98
3575,2025-01-31,44.15
3575,2025-02-18,32.26
3575,2025-02-22,53.63
3575,2025-03-04,23.46
3575,2025-03-25,62.0
3575,2025-03-27,31.37
3575,2025-04-22,44.46
3575,2025-05-04,78.94
3575,2025-05-26,19.85
3575,2025-06-05,44.04
3575,2025-06-05,49.08
3575,2025-06-13,18.85
3575,2025-06-23,51.84
3575,2025-07-02,33.98
3575,2025-07-03,43.04
3575,2025-07-09,10.35
3575,2025-07-14,50.91
3575,2025-08-03,25.26
3575,2025-08-19,28.34
3575,2025-08-21,70.02
3575,2025-08-27,63.12
3575,2025-09-14,41.83
3575,2025-09-29,43.0
3575,2025-09-30,19.89
3575,2025-10-20,31.47
3575,2025-11-01,57.96
3575,2025-11-01,43.67
3575,2025-11-12,37.18
3575,2025-11-13,42.04
3575,2025-11-14,35.66
3575,2025-12-02,43.46
3575,2025-12-09,52.33
3575,2025-12-22,34.06
3576,2024-01-29,21.27
3577,2024-06-23,35.24
3578,2024-02-15,26.56
3579,2024-05-29,6.58
3580,2024-02-06,59.1
3581,2024-02-16,53.06
3581,2024-02-16,27.59
3581,2024-02-28,30.73
3581,2024-03-05,30.61
3581,2024-03-08,31.9
3582,2024-05-13,81.0
3582,2024-08-10,64.86
3582,2024-08-31,102.83
3582,2025-10-09,64.99
3582,2025-10-23,85.69
3582,2025-12-22,43.19
3583,2024-02-13,8.86
3583,2024-02-17,16.85
3583,2024-02-25,16.55
3583,2024-03-05,28.03
3583,2024-03-12,26.22
3583,2024-04-22,15.15
3583,2024-04-23,16.03
3583,2024-05-02,24.1
3583,2024-05-06,24.17
3583,2024-05-12,23.87
3583,2024-05-14,11.84
3583,2024-06-19,19.39
3583,2024-06-27,20.83
3584,2024-03-07,20.33
3585,2024-06-04,20.11
3585,2024-07-02,12.13
3585,2024-08-12,25.74
3585,2024-08-24,21.22
3585,2024-09-10,10.85
3585,2025-02-19,8.08
3585,2025-04-28,19.27
3585,2025-12-13,11.3
3586,2024-06-12,16.42
3586,2024-08-05,6.6
3586,2024-08-12,17.05
3586,2024-08-28,13.83
3586,2024-09-21,15.39
3586,2024-09-24,9.69
3587,2024-02-15,18.13
3587,2024-03-02,12.44
3587,2024-03-06,4.99
3587,2024-04-02,20.14
3587,2024-04-06,13.04
3587,2024-05-03,20.21
3588,2024-04-07,16.91
3588,2024-06-03,19.37
3588,2024-06-12,9.72
3588,2024-07-22,17.16
3589,2024-03-20,57.94
3589,2024-07-27,74.09
3589,2024-09-16,48.82
3590,2024-01-30,40.65
3590,2024-02-09,63.01
3590,2024-06-12,26.2
3590,2024-07-10,38.72
3590,2024-07-14,55.85
3590,2024-08-05,49.89
3590,2024-08-20,39.37
3590,2024-08-24,67.74
3590,2024-10-05,41.18
3590,2024-10-15,44.05
3590,2024-10-31,49.18
3590,2024-11-21,14.3
3590,2024-11-22,33.85
3590,2024-12-07,59.61
3590,2024-12-08,20.15
3590,2024-12-24,23.0
3590,2025-01-02,63.83
3590,2025-03-26,28.64
3590,2025-03-28,61.66
3590,2025-04-10,58.77
3590,2025-05-17,45.52
3590,2025-05-22,30.34
3590,2025-08-02,72.78
3590,2025-09-04,32.0
3590,2025-09-30,33.95
3590,2025-10-31,57.1
3590,2025-11-11,29.67
3591,2024-04-15,8.86
3591,2024-04-29,17.38
3592,2024-03-02,37.43
3592,2024-03-13,37.08
3592,2024-03-31,68.03
3592,2024-04-03,21.56
3592,2024-04-13,56.81
3592,2024-04-21,38.22
3592,2024-05-14,53.97
3592,2024-06-14,70.69
3592,2024-06-14,52.56
3592,2024-06-18,31.67
3592,2024-06-20,29.27
3592,2024-06-26,34.75
3592,2024-06-29,48.34
3592,2024-07-04,41.95
3592,2024-07-06,74.98
3592,2024-07-06,27.97
3592,2024-07-09,65.56
3592,2024-07-21,51.69
3592,2024-07-21,87.9
3592,2024-07-25,50.6
3592,2024-08-01,25.58
3592,2024-08-03,44.66
3592,2024-08-12,32.48
3592,2024-08-12,32.58
3592,2024-09-02,70.86
3592,2024-09-25,41.3
3592,2024-09-30,24.76
3592,2024-10-07,25.05
3592,2024-10-24,26.92
3592,2024-10-31,35.49
3592,2024-11-03,28.17
3592,2024-11-15,52.12
3592,2024-11-18,22.74
3592,2024-11-26,43.87
3592,2024-12-05,36.56
3592,2024-12-10,92.97
3592,2024-12-26,64.22
3592,2024-12-27,48.94
3592,2025-01-04,66.91
3592,2025-01-08,23.93
3592,2025-02-04,29.08
3592,2025-03-02,48.88
3592,2025-03-27,81.12
3592,2025-03-28,41.72
3592,2025-03-30,46.85
3592,2025-03-30,50.54
3592,2025-04-05,35.64
3592,2025-04-08,50.33
3592,2025-04-24,49.07
3592,2025-05-14,48.68
3592,2025-05-18,13.56
3592,2025-05-19,58.33
3592,2025-05-29,62.45
3592,2025-06-07,60.63
3592,2025-06-11,48.27
3592,2025-06-23,74.41
3592,2025-08-11,11.11
3592,2025-08-26,48.61
3592,2025-09-01,83.98
3592,2025-09-14,67.17
3592,2025-09-23,15.48
3592,2025-09-26,24.54
3592,2025-10-12,72.65
3592,2025-11-11,101.5
3592,2025-11-27,57.8
3592,2025-11-28,74.44
3592,2025-12-04,56.22
3592,2025-12-18,52.72
3593,2024-03-24,81.56
3594,2024-03-14,45.75
3595,2024-01-16,23.66
3596,2024-03-08,143.37
3597,2024-06-05,15.53
3598,2024-06-21,21.32
3598,2024-08-18,36.33
3599,2024-01-18,70.81
3599,2024-01-27,39.05
3599,2024-01-31,20.02
3599,2024-02-10,35.28
3599,2024-02-19,16.26
3599,2024-03-26,39.93
3599,2024-04-17,43.21
3599,2024-06-11,13.67
3599,2024-07-26,28.39
3599,2024-08-06,13.41
3599,2024-08-10,23.91
3599,2024-09-12,19.13
3599,2024-09-26,45.09
3599,2024-09-27,30.02
3599,2024-10-26,21.7
3599,2024-10-31,31.39
3599,2024-11-02,52.12
3599,2024-12-02,41.27
3599,2024-12-04,47.61
3599,2024-12-06,14.86
3599,2024-12-10,17.48
3599,2024-12-12,14.79
3599,2024-12-21,38.02
3599,2025-01-17,26.67
3599,2025-01-19,16.43
3599,2025-01-30,28.78
3599,2025-03-20,28.98
3599,2025-04-02,20.56
3599,2025-05-17,30.26
3599,2025-05-19,50.1
3600,2024-06-18,19.6
3600,2024-09-13,36.3
3600,2024-10-10,12.75
3600,2024-12-24,9.73
3600,2025-04-16,42.55
3600,2025-08-07,27.67
3600,2025-12-20,16.75
3601,2024-04-30,12.5
3602,2024-01-14,51.57
3602,2024-01-25,38.84
3602,2024-01-31,47.42
3602,2024-02-07,32.28
3602,2024-02-28,102.09
3602,2024-03-03,37.13
3602,2024-03-07,60.88
3602,2024-03-20,36.85
3602,2024-03-29,46.96
3602,2024-04-10,77.25
3602,2024-04-14,79.8
3602,2024-04-15,24.74
3602,2024-04-27,36.69
3602,2024-05-08,87.81
3602,2024-06-15,35.25
3602,2024-06-19,35.71
3602,2024-07-19,79.45
3602,2024-07-28,38.74
3602,2024-08-12,63.0
3602,2024-08-20,57.13
3602,2024-09-06,27.99
3602,2024-09-07,70.46
3602,2024-09-08,15.0
3602,2024-10-05,81.55
3602,2024-10-18,30.13
3602,2024-10-21,45.93
3602,2024-11-04,22.03
3602,2024-11-23,56.18
3602,2024-12-29,57.15
3602,2024-12-31,33.8
3602,2025-01-01,32.6
3602,2025-01-05,73.51
3602,2025-01-11,65.36
3602,2025-01-13,40.59
3602,2025-01-19,84.7
3602,2025-01-23,36.03
3602,2025-01-27,50.69
3602,2025-03-09,25.03
3602,2025-03-17,97.94
3602,2025-03-22,51.04
3602,2025-03-29,40.84
3602,2025-04-16,68.16
3602,2025-04-18,63.84
3602,2025-06-26,60.29
3602,2025-07-19,51.17
3602,2025-07-19,27.16
3602,2025-08-05,71.26
3602,2025-08-06,73.12
3602,2025-08-07,60.52
3602,2025-08-23,38.68
3602,2025-08-25,57.55
3602,2025-09-29,34.41
3602,2025-10-12,66.58
3602,2025-10-15,68.36
3602,2025-10-27,58.91
3602,2025-11-22,60.65
3602,2025-12-08,43.19
3602,2025-12-28,121.06
3603,2024-04-20,4.63
3603,2024-04-23,18.21
3604,2024-06-13,11.19
3605,2024-05-03,9.11
3605,2024-06-04,45.7
3605,2024-06-05,48.48
3605,2024-06-14,54.65
3605,2024-06-16,33.69
3605,2024-06-27,37.55
3605,2024-07-08,27.21
3605,2024-08-01,47.33
3605,2024-08-03,42.18
3605,2024-10-01,45.63
3605,2024-10-06,56.58
3605,2024-10-07,28.62
3605,2024-10-13,56.44
3605,2024-11-07,21.27
3605,2024-11-07,30.0
3605,2024-11-14,53.02
3605,2024-12-10,43.17
3605,2024-12-15,27.7
3605,2025-01-01,29.67
3605,2025-01-02,60.86
3605,2025-01-17,49.82
3606,2024-05-04,29.7
3606,2024-05-08,36.91
3606,2024-05-21,29.46
3606,2024-06-02,26.38
3606,2024-06-18,57.4
3606,2024-06-24,75.04
3606,2024-07-02,16.31
3606,2024-08-13,37.24
3606,2024-09-25,33.28
3606,2024-10-01,33.02
3606,2024-10-01,67.16
3606,2024-10-25,67.38
3606,2024-11-06,40.54
3606,2024-12-02,52.42
3606,2024-12-09,36.8
3606,2024-12-28,44.79
3606,2025-01-05,15.62
3606,2025-01-19,45.87
3606,2025-01-21,71.11
3606,2025-01-30,16.66
3606,2025-02-06,38.57
3606,2025-02-09,38.86
3606,2025-02-19,32.92
3606,2025-03-17,33.1
3606,2025-03-24,24.39
3606,2025-04-15,42.37
3606,2025-04-21,34.89
3606,2025-06-11,22.29
3606,2025-06-22,40.48
3606,2025-07-15,16.57
3606,2025-07-15,21.74
3606,2025-07-21,23.84
3606,2025-10-03,42.34
3606,2025-11-30,22.22
3606,2025-12-01,30.79
3606,2025-12-19,46.93
3606,2025-12-23,27.86
3607,2024-03-12,16.02
3608,2024-01-30,8.98
3608,2024-03-17,3.05
3608,2025-03-27,14.43
3608,2025-08-09,7.9
3608,2025-08-18,7.87
3608,2025-08-21,8.83
3608,2025-10-13,5.31
3608,2025-10-20,10.39
3608,2025-11-11,16.88
3608,2025-12-18,2.94
3609,2024-06-06,34.98
3609,2024-08-01,71.62
3609,2024-08-30,81.34
3609,2024-09-06,30.85
3609,2024-09-27,53.06
3609,2024-10-14,56.58
3609,2024-11-23,67.99
3609,2025-11-03,32.87
3610,2024-04-08,36.1
3610,2024-05-22,57.12
3610,2024-09-11,21.28
3610,2024-10-04,41.42
3610,2024-12-21,42.7
3611,2024-05-05,22.18
3611,2024-10-31,23.18
3611,2024-11-23,21.75
3611,2025-09-10,24.24
3612,2024-03-14,9.04
3613,2024-02-11,25.44
3614,2024-04-16,54.08
3615,2024-04-20,53.98
3615,2024-08-27,43.81
3615,2024-10-19,20.86
3616,2024-04-19,25.13
3617,2024-01-25,9.72
3617,2024-01-26,53.38
3617,2024-12-21,42.15
3617,2025-04-02,25.13
3617,2025-04-23,16.13
3617,2025-06-01,61.91
3617,2025-10-21,64.18
3618,2024-05-29,104.61
3619,2024-01-22,15.54
3619,2024-02-10,38.74
3619,2024-04-01,32.09
3619,2024-05-21,13.5
3620,2024-03-21,25.3
3620,2024-12-12,19.33
3620,2025-01-24,42.17
3620,2025-02-02,28.71
3620,2025-02-15,18.12
3620,2025-07-26,31.12
3621,2024-02-16,55.19
3621,2024-04-08,73.28
3622,2024-01-20,69.84
3622,2024-03-19,63.36
3623,2024-03-01,35.5
3624,2024-01-21,22.69
3624,2024-02-09,22.78
3624,2024-05-21,30.14
3624,2024-07-02,33.75
3624,2024-08-14,37.2
3624,2024-08-25,48.27
3624,2024-09-03,16.92
3624,2024-11-04,25.05
3624,2024-11-07,43.3
3624,2024-11-16,17.83
3624,2024-12-04,32.76
3624,2025-01-02,23.42
3624,2025-01-16,22.23
3624,2025-01-29,13.2
3624,2025-02-05,4.41
3624,2025-03-29,45.56
3624,2025-04-08,21.94
3624,2025-05-10,32.62
3624,2025-06-16,19.41
3624,2025-09-19,27.28
3624,2025-10-18,24.64
3625,2024-04-06,40.16
3625,2024-04-09,46.08
3626,2024-06-19,13.76
3626,2024-09-10,20.28
3626,2024-11-30,9.76
3626,2024-12-01,8.59
3626,2024-12-17,18.25
3627,2024-04-21,15.5
3627,2024-06-02,16.31
3628,2024-05-09,21.09
3628,2024-06-21,16.39
3628,2024-06-28,29.38
3629,2024-05-25,20.59
3629,2024-06-03,8.76
3629,2024-06-27,10.11
3629,2024-07-02,10.48
3629,2024-07-12,14.01
3629,2024-07-17,22.6
3629,2024-07-17,10.41
3629,2024-07-18,15.91
3629,2024-08-09,19.77
3629,2024-09-10,11.75
3629,2024-09-25,24.91
3629,2024-10-12,23.98
3629,2024-11-17,15.64
3629,2024-11-29,11.94
3629,2024-12-22,18.28
3629,2024-12-23,23.01
3630,2024-03-29,21.63
3630,2024-07-28,20.36
3630,2024-07-31,40.1
3630,2024-10-07,14.43
3630,2025-01-23,17.93
3630,2025-07-20,17.3
3631,2024-06-23,15.45
3632,2024-03-07,61.87
3632,2024-04-21,127.74
3632,2024-04-25,71.85
3632,2024-09-02,99.17
3632,2024-10-01,85.75
3632,2024-11-30,54.02
3632,2025-01-14,21.81
3632,2025-01-18,36.56
3632,2025-01-26,108.02
3632,2025-03-14,55.3
3632,2025-04-27,26.81
3632,2025-05-01,34.16
3632,2025-05-02,68.36
3632,2025-05-09,40.41
3632,2025-06-01,44.66
3632,2025-06-05,46.27
3632,2025-08-10,126.29
3632,2025-11-15,57.92
3632,2025-11-17,94.08
3632,2025-12-06,55.57
3632,2025-12-25,119.15
3633,2024-05-11,35.36
3634,2024-01-12,5.24
3635,2024-03-15,8.44
3635,2024-03-20,8.77
3635,2024-04-03,14.24
3635,2024-04-05,18.75
3635,2024-04-20,20.39
3635,2024-04-28,14.04
3635,2024-05-13,9.6
3635,2024-05-21,4.52
3635,2024-05-21,22.54
3635,2024-05-21,18.29
3635,2024-05-30,12.27
3635,2024-06-05,18.12
3635,2024-06-18,9.6
3635,2024-07-13,17.26
3635,2024-07-21,13.09
3635,2024-07-22,23.6
3635,2024-07-25,13.52
3635,2024-07-27,8.19
3635,2024-08-15,21.42
3635,2024-08-17,14.41
3635,2024-08-19,16.36
3635,2024-08-27,16.46
3635,2024-09-26,9.38
3635,2024-10-01,15.3
3635,2024-10-02,23.66
3635,2024-10-11,9.81
3635,2024-10-13,9.95
3635,2024-10-20,14.92
3635,2024-11-02,9.0
3635,2024-11-03,28.25
3635,2024-11-15,19.75
3635,2024-11-25,14.04
3635,2024-12-09,12.37
3635,2024-12-28,13.43
3635,2025-01-01,11.91
3635,2025-02-26,13.44
3635,2025-03-01,16.86
3635,2025-03-02,14.69
3635,2025-03-08,16.96
3635,2025-03-09,9.9
3635,2025-03-17,9.87
3635,2025-03-18,26.93
3635,2025-03-25,16.43
3635,2025-03-29,18.18
3635,2025-04-27,12.41
3635,2025-05-09,9.21
3635,2025-05-24,8.67
3635,2025-05-25,13.36
3635,2025-06-05,14.09
3635,2025-06-05,13.24
3635,2025-06-14,13.86
3635,2025-06-15,14.18
3635,2025-06-19,30.99
3635,2025-06-27,15.22
3635,2025-07-07,17.04
3635,2025-08-23,30.89
3635,2025-09-15,13.67
3635,2025-09-17,10.39
3635,2025-10-21,17.43
3635,2025-11-26,13.09
3635,2025-12-16,13.2
3635,2025-12-22,14.86
3636,2024-03-06,23.82
3636,2024-04-11,23.69
3636,2024-04-25,27.37
3636,2024-05-14,18.1
3636,2024-06-14,9.41
3636,2024-06-30,38.95
3636,2024-07-04,17.59
3636,2024-07-09,35.15
3636,2024-08-29,10.24
3636,2024-09-02,26.74
3636,2024-10-25,14.06
3636,2024-11-23,17.4
3636,2025-02-11,34.07
3636,2025-04-28,17.67
3636,2025-05-11,14.08
3636,2025-06-28,34.25
3636,2025-07-18,20.8
3636,2025-11-30,12.74
3637,2024-01-12,57.84
3637,2024-03-05,94.08
3637,2024-05-01,90.54
3637,2024-05-08,24.83
3637,2024-05-16,40.37
3637,2024-07-11,12.0
3637,2025-01-20,43.39
3637,2025-02-07,43.81
3637,2025-05-23,37.2
3637,2025-05-29,52.76
3637,2025-09-28,27.46
3637,2025-10-14,26.07
3637,2025-10-15,102.13
3638,2024-05-31,13.02
3638,2024-10-12,11.88
3639,2024-03-05,47.13
3640,2024-04-04,22.6
3641,2024-01-19,62.9
3642,2024-03-31,32.47
3642,2024-04-18,24.58
3642,2024-05-03,9.83
3642,2024-08-27,12.35
3642,2024-09-14,48.88
3642,2024-09-28,16.5
3642,2024-10-12,14.13
3642,2024-11-26,29.74
3642,2025-03-15,28.29
3642,2025-06-25,17.87
3642,2025-08-13,20.78
3643,2024-04-30,17.78
3643,2024-06-29,14.24
3643,2024-07-12,16.06
3643,2024-09-03,8.03
3643,2024-09-19,21.18
3643,2024-10-14,9.94
3643,2024-11-02,17.33
3644,2024-03-27,12.51
3644,2024-09-12,18.21
3644,2024-10-21,16.62
3644,2025-01-31,12.67
3644,2025-03-01,16.03
3644,2025-04-10,9.56
3645,2024-02-20,15.37
3645,2024-05-19,15.53
3646,2024-04-22,9.91
3647,2024-02-09,29.15
3648,2024-03-18,24.55
3649,2024-06-09,58.33
3650,2024-01-05,22.91
3650,2024-02-18,42.28
3650,2024-02-22,28.54
3650,2024-03-02,20.08
3650,2024-03-31,26.86
3650,2024-04-22,9.69
3650,2024-04-25,31.95
3650,2024-04-26,19.37
3650,2024-05-18,48.4
3651,2024-06-26,40.51
3651,2025-01-24,49.93
3651,2025-03-25,19.07
3651,2025-07-01,16.85
3652,2024-04-28,17.02
3653,2024-01-20,41.96
3653,2024-01-28,16.06
3653,2024-02-25,13.73
3653,2024-03-04,35.98
3653,2024-03-06,28.98
3653,2024-04-22,15.14
3653,2024-04-29,29.52
3653,2024-05-24,29.62
3653,2024-06-22,49.89
3653,2024-06-30,54.02
3653,2024-07-01,22.5
3653,2024-07-10,19.88
3653,2024-07-15,54.15
3653,2024-07-21,23.94
3653,2024-08-17,20.42
3653,2024-11-02,33.05
3653,2024-11-13,45.22
3653,2024-12-06,24.09
3653,2025-02-07,63.03
3653,2025-02-13,8.28
3653,2025-02-20,28.12
3653,2025-02-21,28.41
3653,2025-04-14,28.76
3653,2025-04-22,27.78
3653,2025-04-22,40.95
3653,2025-05-01,44.78
3653,2025-06-05,20.04
3653,2025-07-01,21.72
3653,2025-07-11,21.9
3653,2025-08-21,32.64
3653,2025-08-31,20.96
3653,2025-10-27,53.82
3653,2025-11-05,18.46
3653,2025-11-07,16.2
3653,2025-11-14,36.74
3654,2024-04-20,20.24
3654,2024-08-02,11.88
3654,2024-09-29,43.49
3655,2024-04-17,22.1
3655,2024-07-09,25.49
3655,2024-07-26,28.28
3655,2024-09-12,13.38
3655,2024-10-13,29.01
3655,2024-12-27,18.9
3655,2025-02-14,23.23
3655,2025-03-11,18.0
3655,2025-08-23,32.12
3656,2024-04-25,34.17
3656,2024-05-01,20.02
3656,2024-05-19,24.67
3656,2024-05-28,14.08
3656,2024-06-17,13.99
3656,2024-07-28,32.96
3656,2024-08-07,36.67
3656,2024-08-18,21.4
3656,2024-09-09,49.31
3656,2024-09-11,22.34
3656,2025-01-21,31.24
3656,2025-04-08,33.54
3656,2025-04-23,12.17
3656,2025-04-30,53.68
3656,2025-05-02,31.04
3656,2025-05-16,40.82
3656,2025-05-24,28.06
3656,2025-06-28,12.26
3656,2025-07-02,28.77
3656,2025-09-03,23.4
3656,2025-09-27,21.63
3656,2025-10-23,41.55
3656,2025-10-29,32.21
3656,2025-12-04,52.33
3656,2025-12-05,51.73
3656,2025-12-19,17.71
3657,2024-02-02,16.77
3657,2024-12-05,9.17
3657,2025-02-28,18.16
3657,2025-03-16,14.1
3657,2025-06-07,17.38
3658,2024-02-23,29.4
3658,2024-05-09,18.67
3658,2024-06-14,14.85
3658,2024-08-27,8.64
3658,2024-09-11,16.9
3658,2024-10-25,31.73
3658,2024-12-09,13.35
3658,2025-01-01,13.74
3658,2025-01-08,8.57
3658,2025-02-07,25.37
3658,2025-02-23,7.09
3658,2025-02-23,11.29
3658,2025-07-07,19.59
3658,2025-10-18,23.23
3658,2025-11-09,24.7
3658,2025-11-17,22.52
3659,2024-05-31,22.34
3659,2024-06-13,13.32
3659,2024-07-03,27.63
3659,2024-07-06,19.2
3659,2024-07-16,32.76
3659,2024-09-02,33.11
3659,2024-09-16,16.36
3659,2024-11-14,22.0
3659,2024-12-18,34.12
3659,2025-01-04,31.86
3659,2025-01-15,20.09
3659,2025-01-31,18.65
3660,2024-01-27,16.84
3660,2024-02-22,16.02
3660,2024-03-01,29.32
3660,2024-03-08,27.99
3660,2024-03-10,2.03
3660,2024-04-23,25.45
3660,2024-04-29,9.0
3660,2024-05-16,29.83
3660,2024-05-16,36.74
3660,2024-06-14,25.67
3660,2024-07-14,23.81
3660,2024-07-24,21.46
3660,2024-08-08,45.1
3660,2024-09-10,10.42
3660,2024-09-27,17.11
3660,2024-09-28,25.35
3660,2024-10-14,32.22
3660,2024-11-01,21.72
3660,2024-11-19,28.97
3660,2024-12-18,20.77
3660,2025-01-11,34.43
3660,2025-01-11,26.71
3660,2025-02-06,23.76
3660,2025-02-16,12.39
3660,2025-02-19,26.42
3660,2025-02-22,19.73
3660,2025-04-08,12.29
3660,2025-06-04,13.13
3660,2025-07-07,11.98
3660,2025-08-14,14.73
3660,2025-08-20,40.47
3660,2025-08-22,37.71
3660,2025-08-29,21.44
3660,2025-09-06,8.35
3660,2025-09-21,23.75
3661,2024-06-18,37.95
3662,2024-01-10,3.58
3662,2024-02-27,6.6
3662,2024-04-14,14.51
3662,2024-05-27,6.54
3662,2024-07-01,5.09
3662,2024-07-03,6.58
3662,2024-09-12,6.36
3662,2024-10-21,14.03
3662,2024-11-09,11.39
3662,2025-01-26,7.49
3662,2025-02-07,7.52
3662,2025-08-03,3.43
3662,2025-08-27,10.1
3662,2025-11-22,9.45
3663,2024-05-13,47.14
3663,2024-05-14,64.2
3663,2024-05-16,40.4
3664,2024-03-30,11.96
3665,2024-01-08,23.11
3666,2024-01-18,22.02
3666,2024-08-20,18.13
3666,2024-10-10,17.08
3666,2025-03-25,19.02
3666,2025-04-09,30.19
3666,2025-08-06,40.75
3666,2025-08-08,13.67
3666,2025-09-25,15.38
3666,2025-10-09,25.41
3667,2024-01-31,23.04
3667,2024-03-07,62.33
3667,2024-03-09,27.25
3667,2024-04-12,26.81
3668,2024-06-01,24.17
3669,2024-05-25,66.98
3669,2024-08-22,21.74
3669,2024-09-18,69.8
3669,2024-10-17,117.92
3669,2024-12-20,60.28
3669,2025-02-01,66.77
3669,2025-06-30,81.43
3669,2025-10-16,83.78
3669,2025-11-11,80.23
3669,2025-11-16,59.7
3670,2024-06-13,56.29
3670,2024-07-19,65.76
3670,2024-07-31,51.51
3670,2024-08-26,48.53
3670,2024-11-01,47.57
3670,2024-12-19,11.44
3671,2024-04-09,15.55
3671,2024-09-09,16.5
3671,2024-09-12,39.68
3671,2024-10-08,6.47
3671,2024-10-23,13.73
3671,2024-12-06,11.15
3671,2024-12-29,12.66
3671,2025-03-05,26.81
3671,2025-04-01,16.77
3671,2025-04-11,20.24
3672,2024-05-28,34.58
3672,2024-12-17,20.85
3673,2024-02-02,56.98
3673,2024-05-30,50.7
3673,2024-07-23,23.39
3673,2024-08-22,26.86
3673,2025-03-17,40.08
3674,2024-05-25,12.59
3675,2024-01-04,26.18
3676,2024-04-18,107.22
3676,2024-05-01,168.12
3677,2024-02-21,47.97
3677,2024-04-08,26.95
3677,2024-05-24,23.32
3677,2024-10-02,33.44
3677,2024-10-07,19.22
3677,2024-10-15,46.69
3677,2024-11-19,20.27
3677,2025-03-26,27.0
3677,2025-04-28,24.54
3677,2025-05-06,14.24
3677,2025-05-17,25.3
3677,2025-06-19,33.97
3677,2025-06-19,50.79
3677,2025-08-06,44.48
3677,2025-08-12,26.71
3677,2025-10-22,21.21
3677,2025-11-20,26.87
3677,2025-12-03,66.56
3678,2024-06-22,30.54
3678,2024-08-04,30.16
3679,2024-04-21,29.76
3680,2024-06-24,11.44
3680,2024-07-13,12.53
3680,2024-07-20,12.67
3680,2024-08-25,22.91
3680,2024-09-12,6.14
3680,2024-10-01,12.52
3681,2024-06-13,15.67
3681,2024-07-23,31.31
3682,2024-05-24,11.67
3682,2024-05-26,12.31
3682,2024-06-04,36.5
3682,2024-06-08,32.2
3682,2024-06-11,24.04
3682,2024-06-22,23.37
3683,2024-05-07,28.75
3683,2024-06-19,29.94
3683,2024-07-04,28.68
3683,2024-07-04,15.96
3683,2024-07-19,68.25
3683,2024-10-07,30.6
3684,2024-05-10,32.95
3684,2024-05-10,42.94
3684,2024-05-15,39.06
3684,2024-05-31,31.42
3684,2024-06-09,19.89
3684,2024-06-18,19.26
3684,2024-06-28,15.94
3685,2024-02-02,81.68
3685,2024-03-02,40.41
3685,2024-03-23,40.49
3685,2024-03-28,99.99
3685,2024-04-04,27.66
3685,2024-04-05,99.77
3685,2024-04-05,58.29
3685,2024-04-26,104.25
3686,2024-04-20,10.51
3687,2024-02-07,591.01
3687,2024-02-20,532.31
3687,2024-04-13,153.86
3687,2024-05-07,332.8
3688,2024-01-06,38.76
3688,2024-01-13,15.24
3688,2024-02-26,22.53
3688,2024-03-18,16.63
3688,2024-05-06,15.07
3688,2024-05-20,27.83
3688,2024-05-23,7.79
3688,2024-06-22,10.12
3688,2024-09-13,14.32
3688,2024-10-04,22.67
3688,2024-10-31,24.94
3688,2024-11-07,18.07
3688,2024-12-18,11.45
3688,2024-12-31,13.73
3688,2025-01-10,23.66
3688,2025-02-14,17.15
3688,2025-02-20,6.76
3688,2025-03-23,15.0
3688,2025-04-05,23.49
3688,2025-04-20,14.59
3688,2025-07-10,16.85
3688,2025-09-19,23.03
3688,2025-09-25,12.92
3688,2025-09-29,19.06
3688,2025-10-25,19.46
3688,2025-11-12,13.51
3688,2025-11-20,13.21
3689,2024-01-30,24.61
3689,2024-02-10,26.46
3689,2024-07-24,40.07
3690,2024-01-14,41.71
3691,2024-02-29,66.81
3691,2024-03-17,73.03
3691,2024-03-21,38.44
3691,2024-03-21,44.13
3691,2024-04-01,32.29
3691,2024-04-02,46.19
3691,2024-04-10,50.35
3691,2024-04-15,30.25
3691,2024-04-15,37.74
3691,2024-04-18,36.77
3691,2024-04-25,26.05
3691,2024-05-12,60.36
3691,2024-05-24,53.98
3691,2024-05-26,20.38
3691,2024-05-27,31.92
3691,2024-05-27,44.78
3691,2024-06-03,48.61
3691,2024-06-14,33.43
3691,2024-06-18,38.69
3691,2024-06-23,49.28
3691,2024-07-10,40.37
3691,2024-07-13,59.28
3691,2024-07-25,33.48
3691,2024-08-23,51.09
3691,2024-08-24,35.24
3691,2024-08-25,33.21
3691,2024-09-03,31.52
3691,2024-09-05,33.1
3691,2024-09-06,36.9
3691,2024-09-08,37.26
3691,2024-09-13,53.71
3691,2024-09-16,27.79
3691,2024-09-16,61.2
3691,2024-09-20,39.42
3691,2024-09-26,25.26
3692,2024-04-03,6.54
3692,2024-04-12,18.64
3692,2024-04-17,14.36
3692,2024-05-01,31.83
3692,2024-10-31,8.38
3692,2024-11-11,35.72
3692,2024-11-12,12.2
3692,2024-11-23,7.51
3692,2025-01-12,8.2
3692,2025-02-05,23.08
3692,2025-02-13,34.33
3692,2025-02-18,29.77
3692,2025-03-12,6.68
3692,2025-03-17,15.19
3692,2025-03-20,26.7
3692,2025-03-27,16.54
3692,2025-04-11,14.12
3692,2025-04-30,35.72
3692,2025-07-19,5.74
3692,2025-07-20,18.67
3692,2025-08-04,22.34
3692,2025-08-19,20.64
3692,2025-08-20,21.68
3692,2025-09-22,29.8
3692,2025-10-08,12.84
3692,2025-10-24,13.81
3692,2025-11-13,24.85
3693,2024-05-21,70.33
3694,2024-01-27,4.53
3694,2024-04-29,7.52
3694,2024-05-30,15.82
3694,2024-07-25,9.8
3694,2024-11-01,18.23
3694,2024-11-13,13.52
3694,2025-01-24,12.33
3694,2025-03-12,7.51
3694,2025-04-07,6.24
3694,2025-05-06,5.93
3694,2025-06-18,13.68
3694,2025-09-27,16.97
3694,2025-10-01,4.7
3694,2025-11-18,16.28
3695,2024-01-29,31.5
3695,2024-02-07,29.16
3695,2024-04-21,49.65
3695,2024-04-23,29.97
3695,2024-04-25,49.96
3695,2024-05-06,19.01
3695,2024-05-08,27.27
3695,2024-05-09,34.99
3695,2024-05-27,19.43
3695,2024-06-12,41.24
3695,2024-08-09,17.65
3695,2024-09-14,27.03
3695,2024-09-26,27.65
3695,2024-11-08,14.51
3695,2024-11-20,27.41
3695,2024-12-05,48.92
3695,2025-01-13,38.23
3695,2025-07-08,31.92
3695,2025-08-22,16.47
3695,2025-10-23,51.76
3696,2024-02-11,30.84
3696,2024-02-16,32.06
3696,2024-02-22,30.38
3697,2024-02-17,10.75
3698,2024-06-04,39.34
3698,2024-09-24,49.76
3698,2024-10-06,31.61
3698,2024-10-22,45.26
3698,2024-11-06,47.47
3698,2024-12-19,20.48
3698,2025-02-08,46.79
3698,2025-05-12,42.57
3698,2025-06-25,13.39
3698,2025-08-11,55.53
3698,2025-08-16,22.27
3699,2024-01-03,11.05
3699,2024-03-13,27.66
3700,2024-03-06,22.27
3701,2024-06-05,60.16
3701,2024-07-05,61.4
3701,2024-07-18,53.66
3701,2024-07-22,37.01
3701,2024-07-28,30.79
3701,2024-07-29,36.55
3701,2024-08-07,32.47
3701,2024-08-16,36.38
3701,2024-10-10,47.21
3701,2024-10-22,26.09
3701,2024-10-26,54.96
3701,2024-11-03,50.54
3701,2024-11-18,57.16
3701,2024-12-22,27.94
3701,2025-01-12,22.93
3701,2025-01-12,109.89
3701,2025-01-30,52.08
3701,2025-04-06,70.64
3701,2025-04-09,35.16
3701,2025-04-10,45.5
3701,2025-05-02,81.96
3701,2025-05-19,39.59
3701,2025-06-26,68.89
3701,2025-07-22,43.56
3701,2025-07-31,59.31
3701,2025-09-18,67.65
3701,2025-09-18,81.41
3701,2025-09-23,41.95
3701,2025-09-25,45.97
3701,2025-11-05,45.56
3701,2025-11-10,30.43
3701,2025-11-15,18.92
3701,2025-11-20,33.04
3701,2025-11-30,90.55
3701,2025-12-08,25.73
3701,2025-12-26,50.95
3701,2025-12-27,41.55
3702,2024-02-09,18.64
3702,2024-02-13,11.32
3702,2024-04-02,19.83
3702,2024-06-23,8.36
3702,2024-09-13,6.38
3702,2025-09-04,14.82
3702,2025-09-24,22.88
3703,2024-02-11,13.21
3703,2024-03-01,26.68
3703,2024-06-01,19.44
3704,2024-03-16,37.53
3705,2024-05-21,28.52
3705,2024-06-01,69.13
3705,2024-09-05,28.75
3705,2024-09-15,42.02
3705,2024-12-21,43.91
3705,2025-02-11,39.27
3705,2025-02-12,23.13
3705,2025-04-30,41.37
3705,2025-05-28,39.43
3705,2025-08-14,32.46
3705,2025-08-29,15.56
3705,2025-10-30,21.72
3705,2025-11-14,48.32
3705,2025-12-15,16.58
3705,2025-12-23,60.67
3706,2024-04-29,22.14
3706,2024-05-06,41.53
3706,2024-08-25,23.06
3706,2024-11-18,18.07
3706,2024-12-23,18.74
3707,2024-03-30,10.36
3707,2024-08-23,21.42
3707,2025-06-03,17.3
3708,2024-02-14,18.76
3709,2024-05-05,26.16
3709,2024-06-23,71.11
3709,2024-06-27,49.54
3709,2024-08-10,51.61
3709,2024-08-28,66.89
3709,2024-10-21,62.46
3709,2024-10-26,141.61
3710,2024-06-22,24.13
3711,2024-04-10,22.15
3711,2024-04-11,61.04
3711,2024-04-16,38.79
3711,2024-04-18,34.66
3711,2024-04-21,35.32
3711,2024-04-22,34.89
3711,2024-04-28,44.45
3711,2024-06-06,42.52
3711,2024-06-28,37.34
3711,2024-07-12,37.04
3712,2024-03-02,21.66
3713,2024-01-14,43.04
3713,2024-01-24,56.13
3713,2024-02-03,28.01
3713,2024-02-03,43.04
3714,2024-05-23,25.17
3714,2024-05-30,20.15
3715,2024-03-27,35.22
3715,2024-04-18,18.79
3715,2024-05-21,15.8
3715,2024-08-04,12.99
3715,2024-10-17,15.85
3715,2024-12-29,12.09
3715,2025-01-22,7.52
3715,2025-02-06,13.76
3715,2025-02-08,14.51
3715,2025-10-21,24.02
3715,2025-12-08,11.12
3716,2024-02-28,13.19
3716,2024-06-06,14.51
3717,2024-03-02,142.86
3717,2024-04-24,57.73
3717,2024-06-21,62.97
3717,2024-06-28,91.47
3717,2024-08-02,136.86
3717,2024-08-31,55.55
3717,2025-02-16,156.75
3717,2025-02-18,200.47
3717,2025-11-24,145.52
3718,2024-05-10,11.29
3718,2024-07-06,55.25
3718,2025-06-12,16.42
3719,2024-03-04,20.58
3719,2024-07-10,27.41
3719,2024-08-31,29.55
3720,2024-01-15,25.94
3720,2024-02-15,44.42
3720,2024-03-17,29.31
3720,2024-05-05,15.77
3720,2024-06-24,88.17
3720,2024-08-09,36.28
3720,2024-08-13,44.51
3720,2024-11-07,34.44
3720,2024-11-09,62.25
3720,2024-12-18,18.43
3720,2025-01-07,34.07
3720,2025-01-14,44.34
3720,2025-01-27,30.0
3720,2025-01-30,26.52
3720,2025-02-10,18.98
3720,2025-03-05,27.29
3720,2025-04-20,17.5
3720,2025-04-21,41.97
3720,2025-05-12,48.08
3720,2025-05-28,37.92
3720,2025-05-28,20.39
3720,2025-06-02,19.97
3720,2025-07-09,21.63
3720,2025-10-28,24.35
3721,2024-05-30,7.2
3722,2024-05-05,6.96
3722,2024-06-11,15.67
3722,2024-07-09,17.9
3722,2024-08-03,24.23
3722,2024-08-25,10.82
3722,2024-09-21,13.23
3722,2024-11-04,24.21
3722,2024-12-20,17.86
3722,2024-12-27,16.0
3722,2024-12-29,13.18
3722,2025-01-28,11.86
3722,2025-03-04,20.48
3722,2025-03-18,19.68
3722,2025-04-08,21.5
3722,2025-05-01,23.59
3722,2025-05-06,19.66
3722,2025-07-27,40.85
3722,2025-08-24,35.85
3722,2025-10-24,8.37
3722,2025-10-26,19.0
3722,2025-12-07,16.04
3723,2024-05-27,42.8
3723,2025-03-28,53.66
3724,2024-05-01,22.38
3724,2024-07-04,46.67
3725,2024-05-21,42.41
3726,2024-02-28,16.6
3726,2025-08-12,21.78
3727,2024-03-02,59.45
3727,2024-06-08,31.45
3727,2024-12-30,48.14
3727,2025-04-25,54.85
3728,2024-03-23,41.41
3728,2024-03-31,47.93
3728,2024-04-01,47.06
3728,2024-04-23,28.33
3728,2024-04-29,14.6
3728,2024-05-02,31.06
3728,2024-05-25,18.35
3728,2024-05-31,58.58
3728,2024-07-06,20.13
3728,2024-07-14,26.96
3728,2024-07-27,26.29
3728,2024-07-31,23.36
3728,2024-10-05,26.49
3728,2024-10-30,20.26
3728,2024-11-11,66.83
3728,2025-01-03,22.14
3728,2025-01-04,20.27
3728,2025-01-06,22.0
3728,2025-02-25,18.11
3728,2025-03-24,34.56
3728,2025-06-02,37.79
3728,2025-06-08,29.13
3728,2025-06-25,26.22
3728,2025-08-02,24.11
3728,2025-08-26,61.31
3728,2025-09-27,50.79
3728,2025-10-02,23.88
3728,2025-10-03,27.05
3728,2025-10-19,32.13
3728,2025-10-27,46.61
3728,2025-11-08,22.3
3728,2025-11-13,54.74
3728,2025-12-11,18.82
3729,2024-03-29,49.05
3730,2024-04-27,106.66
3730,2025-04-13,61.61
3731,2024-02-17,67.09
3731,2024-04-14,86.95
3732,2024-06-27,10.86
3732,2024-07-19,11.47
3732,2024-07-19,11.35
3732,2024-08-11,12.67
3732,2024-09-13,6.6
3732,2024-09-24,8.41
3732,2024-10-10,9.02
3732,2024-10-12,15.21
3732,2024-10-17,21.35
3732,2024-10-22,14.52
3732,2024-12-28,17.3
3732,2025-01-16,13.72
3732,2025-01-24,4.96
3732,2025-02-05,5.49
3732,2025-02-08,9.29
3732,2025-02-27,7.63
3732,2025-03-12,4.96
3732,2025-03-14,27.32
3732,2025-05-04,9.41
3732,2025-05-14,8.96
3732,2025-05-22,7.9
3732,2025-06-04,8.9
3733,2024-06-09,53.67
3733,2024-10-10,49.13
3733,2025-03-22,25.39
3734,2024-02-26,14.12
3735,2024-05-06,38.15
3735,2025-02-05,22.32
3735,2025-08-19,30.33
3736,2024-04-07,25.31
3737,2024-05-01,16.96
3738,2024-05-21,20.49
3738,2024-08-20,33.1
3738,2024-08-27,6.48
3738,2024-09-05,32.47
3738,2024-11-15,25.78
3738,2024-11-28,43.63
3738,2025-01-11,29.44
3738,2025-01-18,28.8
3738,2025-02-02,15.81
3738,2025-02-09,23.78
3739,2024-05-04,25.56
3740,2024-01-15,10.55
3741,2024-06-13,9.9
3741,2024-07-06,20.78
3741,2024-08-06,8.74
3742,2024-02-24,41.05
3742,2024-02-26,26.78
3742,2024-03-19,42.06
3742,2024-04-07,31.09
3742,2024-04-14,18.61
3742,2024-06-24,45.71
3742,2024-07-27,26.67
3742,2024-08-08,36.21
3742,2024-10-19,35.23
3742,2024-10-21,37.98
3742,2024-10-22,39.41
3742,2024-11-02,21.84
3742,2025-02-27,30.54
3742,2025-03-10,44.54
3742,2025-03-12,54.73
3742,2025-03-18,42.7
3742,2025-03-22,40.9
3742,2025-03-26,45.29
3742,2025-04-12,61.39
3742,2025-05-21,67.64
3742,2025-07-23,45.91
3742,2025-08-03,19.19
3742,2025-08-11,63.39
3742,2025-08-26,64.21
3742,2025-09-07,14.86
3742,2025-10-04,26.23
3742,2025-11-18,31.46
3742,2025-12-24,44.32
3743,2024-06-21,28.19
3743,2024-09-29,29.64
3743,2025-04-07,32.15
3743,2025-08-05,10.84
3743,2025-10-31,19.4
3743,2025-11-17,45.27
3743,2025-11-25,15.37
3744,2024-06-26,11.86
3744,2024-07-03,24.86
3745,2024-03-29,26.64
3745,2024-03-30,13.59
3745,2024-04-12,21.09
3745,2024-04-22,16.95
3745,2024-04-24,24.2
3745,2024-04-27,19.94
3745,2024-05-03,26.55
3746,2024-02-19,21.0
3746,2024-06-20,24.42
3747,2024-03-15,17.16
3747,2024-06-11,27.57
3747,2024-06-24,37.15
3747,2024-06-25,20.84
3747,2024-06-28,14.82
3747,2024-11-18,22.84
3747,2024-12-24,60.63
3747,2024-12-31,21.87
3747,2025-02-08,29.51
3747,2025-04-08,18.35
3747,2025-06-07,17.64
3747,2025-07-28,26.33
3747,2025-10-18,20.84
3748,2024-03-16,18.96
3748,2024-05-20,9.48
3748,2024-06-06,31.09
3748,2024-06-16,12.69
3748,2024-08-09,37.25
3748,2024-08-20,15.65
3748,2024-10-28,30.42
3748,2024-11-30,21.67
3748,2024-12-25,9.72
3748,2024-12-30,22.24
3749,2024-04-27,9.89
3749,2024-07-24,10.65
3749,2024-08-13,26.1
3749,2024-11-04,13.76
3749,2025-01-27,19.7
3750,2024-02-17,38.96
3750,2024-03-27,17.82
3750,2024-08-16,26.7
3750,2024-10-12,46.46
3750,2024-12-02,13.23
3750,2025-01-12,43.63
3750,2025-02-17,38.89
3751,2024-05-10,16.43
3752,2024-06-09,18.73
3752,2024-06-12,38.71
3752,2024-06-23,37.22
3752,2024-06-26,23.09
3752,2024-07-10,61.27
3752,2024-11-09,67.62
3752,2024-12-17,45.33
3752,2025-02-26,42.83
3752,2025-04-06,18.87
3752,2025-06-22,53.0
3752,2025-06-30,48.92
3752,2025-07-05,51.29
3752,2025-08-17,26.2
3752,2025-09-01,49.13
3752,2025-09-10,27.21
3752,2025-11-30,56.58
3753,2024-05-18,20.73
3753,2025-02-12,13.7
3753,2025-06-07,21.21
3754,2024-05-30,14.14
3754,2024-06-10,35.77
3754,2024-06-19,35.05
3754,2024-06-30,21.45
3754,2024-07-03,42.53
3754,2024-08-02,34.38
3754,2024-08-15,22.32
3755,2024-03-11,47.33
3756,2024-06-05,13.82
3756,2024-06-19,29.71
3756,2024-08-01,41.37
3756,2024-09-04,10.43
3756,2024-09-15,24.11
3756,2025-01-05,48.36
3756,2025-01-30,36.62
3756,2025-04-20,42.25
3756,2025-05-10,59.18
3756,2025-06-09,18.87
3756,2025-07-05,35.64
3756,2025-07-11,14.1
3756,2025-07-16,26.98
3756,2025-08-16,27.91
3757,2024-01-16,23.48
3757,2024-02-06,22.02
3757,2024-02-17,35.46
3757,2024-03-06,25.88
3757,2024-04-03,31.0
3757,2024-04-13,10.32
3757,2024-04-22,20.61
3757,2024-05-03,24.78
3757,2024-05-18,30.28
3757,2024-06-08,41.66
3757,2024-06-12,13.88
3757,2024-06-23,19.3
3757,2024-08-11,25.49
3757,2024-08-14,11.8
3757,2024-09-10,26.59
3757,2024-09-11,36.89
3757,2024-09-29,53.94
3757,2024-11-01,24.27
3757,2024-11-16,22.5
3757,2024-11-20,15.62
3757,2024-12-30,21.97
3757,2025-01-13,16.13
3757,2025-01-30,19.01
3757,2025-02-09,21.13
3757,2025-02-25,21.69
3757,2025-03-05,21.86
3757,2025-03-12,33.96
3757,2025-04-08,23.07
3757,2025-05-10,23.08
3757,2025-06-28,17.8
3757,2025-07-21,26.47
3757,2025-08-21,21.03
3757,2025-08-24,41.32
3757,2025-09-04,10.51
3757,2025-09-29,44.66
3757,2025-10-20,17.63
3757,2025-11-17,11.69
3758,2024-06-18,32.66
3758,2024-12-27,42.14
3758,2025-02-20,66.57
3759,2024-06-16,15.84
3760,2024-05-18,17.71
3760,2024-05-28,12.39
3760,2024-06-15,17.6
3760,2024-06-19,18.53
3760,2024-06-22,7.29
3760,2024-07-10,7.56
3760,2024-08-11,10.78
3761,2024-04-18,52.5
3762,2024-01-31,63.69
3762,2024-03-16,27.4
3762,2024-05-13,15.68
3762,2024-06-05,19.86
3762,2024-07-01,22.54
3763,2024-04-20,14.93
3763,2024-06-09,23.35
3764,2024-05-01,37.5
3765,2024-03-05,14.39
3765,2024-03-31,12.1
3765,2024-06-13,22.08
3765,2024-06-28,13.74
3765,2024-07-27,27.24
3765,2024-08-16,11.11
3765,2024-09-09,8.37
3765,2024-09-21,11.11
3765,2024-10-08,8.57
3766,2024-03-19,18.99
3766,2024-04-08,23.77
3766,2025-02-13,32.56
3766,2025-03-12,41.95
3766,2025-07-07,29.56
3766,2025-09-07,13.95
3766,2025-10-20,30.75
3766,2025-12-22,48.58
3767,2024-02-13,25.63
3767,2024-02-16,15.77
3767,2024-08-18,11.46
3767,2024-10-23,15.5
3767,2025-02-14,12.93
3767,2025-03-05,14.34
3767,2025-05-17,21.56
3767,2025-06-15,11.75
3767,2025-06-15,18.66
3767,2025-06-25,20.59
3767,2025-12-16,7.41
3768,2024-02-02,35.56
3768,2024-02-15,30.77
3768,2024-03-14,30.24
3768,2024-03-26,19.68
3768,2024-03-31,21.61
3768,2024-05-15,13.87
3768,2024-06-04,18.06
3768,2024-06-19,13.45
3768,2024-07-16,33.3
3768,2024-07-24,24.89
3768,2024-07-24,30.61
3768,2024-08-28,17.17
3768,2024-09-23,21.93
3768,2024-09-26,21.39
3769,2024-02-15,33.03
3769,2024-05-19,24.42
3769,2024-05-19,28.91
3769,2024-06-17,27.65
3769,2024-06-19,32.42
3769,2024-07-26,13.33
3769,2025-02-06,22.92
3769,2025-04-02,8.32
3769,2025-04-14,22.86
3769,2025-05-03,18.63
3769,2025-05-20,21.27
3769,2025-09-08,14.85
3769,2025-11-22,20.38
3770,2024-06-04,19.57
3770,2025-01-18,11.28
3770,2025-04-23,8.64
3770,2025-05-09,14.15
3770,2025-09-16,16.84
3770,2025-11-17,15.08
3771,2024-02-24,18.05
3771,2024-02-27,20.04
3771,2024-03-27,17.72
3772,2024-01-17,13.23
3773,2024-05-28,55.06
3774,2024-02-22,124.53
3774,2024-10-11,183.68
3774,2024-10-15,70.41
3774,2025-09-03,136.59
3774,2025-12-27,51.05
3775,2024-01-24,9.23
3775,2024-02-22,14.51
3775,2024-02-26,12.76
3775,2024-03-08,16.23
3775,2024-04-10,14.49
3775,2024-04-17,14.98
3775,2024-04-21,11.21
3775,2024-04-30,18.27
3776,2024-06-27,17.46
3776,2024-07-02,9.95
3776,2024-07-16,24.53
3776,2024-08-04,8.21
3777,2024-03-02,33.46
3777,2024-03-17,24.98
3778,2024-02-28,18.78
3778,2024-02-29,10.86
3778,2024-04-29,7.09
3778,2024-05-08,15.81
3779,2024-03-29,14.54
3780,2024-02-26,7.11
3781,2024-02-26,34.07
3781,2024-03-15,45.02
3781,2024-04-03,20.2
3781,2024-04-16,21.43
3781,2024-04-26,25.27
3781,2024-05-13,24.59
3781,2024-06-02,34.35
3781,2024-11-24,33.13
3781,2025-03-16,16.44
3781,2025-03-25,25.39
3781,2025-05-06,31.77
3781,2025-06-11,33.14
3781,2025-06-21,16.18
3781,2025-07-15,18.71
3782,2024-05-20,15.42
3782,2024-05-27,54.76
3782,2024-06-13,25.26
3782,2024-07-01,21.73
3782,2024-07-17,18.66
3782,2024-08-10,28.8
3782,2024-08-27,36.22
3782,2024-10-05,18.15
3782,2024-11-11,8.14
3782,2024-12-10,10.79
3782,2024-12-25,9.89
3782,2025-01-02,23.2
3782,2025-01-17,16.65
3782,2025-02-13,36.56
3782,2025-03-10,28.06
3782,2025-04-23,17.51
3782,2025-06-30,14.56
3782,2025-07-19,19.23
3782,2025-08-02,16.74
3782,2025-08-19,64.76
3783,2024-03-07,84.63
3783,2024-04-16,142.84
3783,2024-04-29,48.47
3783,2024-05-20,77.2
3783,2024-05-26,47.01
3783,2024-06-08,73.75
3783,2024-06-09,135.69
3783,2024-07-27,56.02
3783,2024-08-12,52.1
3783,2024-08-16,61.68
3783,2024-10-14,102.08
3783,2024-10-18,99.15
3783,2024-10-29,64.5
3783,2024-11-22,41.82
3784,2024-03-24,125.82
3784,2024-10-03,37.43
3784,2024-12-31,100.53
3784,2025-01-28,134.71
3785,2024-03-12,37.3
3786,2024-01-28,21.22
3787,2024-05-01,31.78
3787,2025-05-03,57.73
3788,2024-06-24,40.13
3789,2024-01-31,69.89
3789,2024-03-29,76.81
3789,2024-04-06,58.03
3789,2024-05-07,54.27
3789,2024-05-25,43.41
3790,2024-05-01,12.09
3790,2024-06-04,11.6
3790,2024-07-22,14.7
3791,2024-06-20,6.52
3792,2024-06-08,18.1
3792,2024-06-17,26.37
3792,2024-08-24,23.1
3792,2024-09-30,17.04
3792,2024-10-28,20.5
3792,2024-10-30,26.33
3792,2024-11-13,16.85
3792,2025-02-16,17.36
3792,2025-07-02,5.08
3792,2025-08-07,30.53
3792,2025-08-29,33.97
3793,2024-06-04,42.12
3794,2024-04-23,41.62
3794,2024-06-16,34.11
3794,2024-06-21,24.57
3794,2024-07-10,53.97
3794,2024-08-18,36.19
3794,2024-08-21,41.38
3794,2024-08-22,43.67
3794,2024-09-28,13.54
3794,2024-10-24,27.23
3794,2024-12-01,42.5
3794,2024-12-22,29.08
3794,2025-04-02,29.44
3794,2025-04-04,26.22
3794,2025-04-28,22.35
3794,2025-05-02,22.04
3794,2025-05-14,23.05
3794,2025-06-06,15.37
3794,2025-06-22,18.63
3794,2025-06-29,20.34
3794,2025-08-23,17.37
3794,2025-08-26,45.74
3794,2025-09-12,35.57
3794,2025-09-17,23.27
3794,2025-09-18,27.24
3794,2025-09-24,33.26
3794,2025-10-13,13.71
3794,2025-11-01,26.76
3794,2025-11-10,22.42
3794,2025-11-20,16.84
3794,2025-11-22,54.28
3795,2024-03-04,41.69
3795,2024-03-10,67.65
3796,2024-05-01,23.5
3796,2024-05-29,22.63
3796,2024-06-20,17.94
3796,2024-07-09,21.61
3796,2024-09-06,30.72
3796,2024-12-18,19.76
3797,2024-05-07,24.34
3798,2024-05-31,13.99
3799,2024-01-26,10.53
3800,2024-02-11,5.51
3801,2024-06-08,33.52
3801,2024-06-10,28.73
3801,2024-06-12,25.25
3802,2024-05-01,106.2
3803,2024-03-19,17.47
3803,2024-04-03,21.92
3803,2024-05-01,7.27
3803,2024-05-15,17.65
3803,2024-06-11,15.44
3803,2024-07-12,21.23
3803,2024-08-09,22.11
3803,2024-09-10,19.2
3803,2024-10-05,16.37
3803,2025-01-05,13.31
3803,2025-01-21,11.53
3803,2025-01-27,17.31
3803,2025-04-14,17.55
3803,2025-06-12,19.41
3803,2025-08-25,8.11
3804,2024-02-10,6.02
3805,2024-03-31,9.09
3806,2024-05-12,41.8
3807,2024-04-17,22.62
3808,2024-01-13,23.69
3808,2024-02-23,12.81
3808,2024-02-27,27.3
3808,2024-03-27,16.3
3808,2024-09-20,19.07
3808,2024-12-23,16.98
3808,2025-01-26,18.43
3808,2025-02-04,25.65
3808,2025-02-11,17.72
3808,2025-05-04,44.14
3808,2025-06-05,12.06
3809,2024-06-21,15.75
3809,2024-07-19,9.25
3809,2024-07-21,18.99
3809,2024-08-02,7.82
3809,2024-08-15,15.94
3809,2024-09-06,20.76
3809,2024-09-30,15.2
3809,2024-09-30,12.27
3809,2024-10-11,24.29
3809,2024-10-12,4.39
3809,2024-10-15,13.67
3809,2024-10-26,7.16
3809,2024-11-04,18.97
3809,2024-11-19,7.07
3809,2024-11-21,8.62
3809,2024-12-06,11.43
3809,2024-12-10,14.33
3809,2024-12-12,22.09
3809,2024-12-12,12.62
3809,2024-12-24,12.33
3809,2024-12-29,13.16
3809,2025-01-13,5.34
3809,2025-01-24,10.26
3809,2025-02-12,19.55
3809,2025-02-18,11.98
3809,2025-02-25,7.28
3809,2025-02-26,9.01
3809,2025-03-16,18.95
3809,2025-03-18,7.42
3809,2025-03-21,7.55
3809,2025-03-23,9.33
3809,2025-03-23,12.33
3809,2025-03-26,6.2
3810,2024-05-24,9.39
3811,2024-01-08,13.77
3811,2024-07-26,18.51
3811,2024-11-17,14.33
3811,2025-03-31,17.06
3811,2025-04-21,17.38
3812,2024-05-14,40.11
3812,2024-06-07,39.33
3812,2024-06-20,45.58
3813,2024-02-08,8.03
3814,2024-03-28,35.07
3814,2024-08-30,33.68
3815,2024-02-11,42.76
3815,2024-03-02,11.34
3815,2024-06-28,44.6
3816,2024-03-29,10.51
3816,2024-05-07,19.4
3816,2024-05-20,9.47
3816,2024-06-07,24.23
3816,2024-07-09,14.67
3816,2024-08-26,19.99
3816,2024-09-19,17.09
3816,2024-09-20,16.67
3816,2024-10-05,12.42
3816,2024-10-26,13.32
3816,2024-11-01,13.24
3816,2024-12-30,13.35
3816,2025-01-02,12.67
3816,2025-01-12,15.93
3816,2025-01-17,21.65
3816,2025-02-10,17.86
3816,2025-02-12,18.86
3816,2025-02-22,12.09
3816,2025-05-07,17.36
3816,2025-05-28,8.28
3816,2025-06-27,13.85
3816,2025-06-28,3.87
3816,2025-07-08,13.63
3816,2025-07-20,12.59
3816,2025-08-14,11.54
3816,2025-08-21,17.75
3816,2025-09-07,28.44
3816,2025-09-20,29.31
3816,2025-10-09,26.05
3816,2025-10-24,19.38
3816,2025-11-07,28.56
3816,2025-11-25,28.33
3816,2025-12-01,17.75
3816,2025-12-09,15.47
3817,2024-03-05,30.73
3817,2024-03-11,26.37
3817,2024-03-13,12.33
3818,2024-02-29,157.02
3819,2024-01-04,44.2
3820,2024-02-03,57.26
3820,2024-02-24,61.25
3821,2024-06-03,100.25
3821,2024-06-16,38.3
3821,2024-06-16,67.82
3821,2024-07-04,39.98
3821,2024-09-13,66.25
3821,2024-09-25,73.54
3821,2024-10-17,43.37
3821,2024-11-30,53.74
3821,2024-12-29,60.44
3821,2025-04-30,112.77
3821,2025-05-02,45.35
3821,2025-06-01,20.5
3821,2025-08-25,114.11
3822,2024-02-14,33.45
3822,2024-02-23,11.25
3823,2024-06-19,32.17
3823,2024-07-15,29.3
3823,2024-08-23,19.32
3823,2024-08-31,33.97
3823,2024-10-27,9.09
3823,2024-11-03,23.79
3823,2024-11-17,16.36
3823,2024-12-21,25.17
3823,2025-01-14,28.31
3823,2025-03-09,21.97
3823,2025-04-28,26.74
3823,2025-05-08,17.81
3823,2025-05-10,9.87
3823,2025-07-20,25.34
3823,2025-08-10,20.38
3823,2025-08-31,13.1
3823,2025-09-11,16.56
3823,2025-09-23,10.2
3823,2025-09-27,15.64
3823,2025-11-11,10.02
3824,2024-03-07,17.29
3824,2025-11-22,31.9
3825,2024-05-27,10.86
3825,2024-06-22,6.07
3826,2024-04-28,33.51
3826,2024-10-20,19.62
3826,2025-02-16,22.83
3826,2025-06-20,38.76
3826,2025-07-19,43.54
3826,2025-11-01,29.67
3827,2024-05-06,9.02
3827,2024-05-27,23.42
3827,2024-08-29,17.95
3827,2024-11-11,16.91
3827,2025-01-29,16.95
3828,2024-02-29,16.02
3829,2024-03-30,12.11
3829,2024-06-06,37.79
3829,2024-10-19,14.89
3829,2024-11-17,22.34
3829,2025-01-15,27.52
3829,2025-02-10,29.68
3829,2025-05-11,37.53
3829,2025-05-12,49.52
3829,2025-07-05,30.53
3829,2025-11-25,35.3
3830,2024-01-08,114.19
3830,2024-03-23,185.81
3830,2024-03-28,167.34
3830,2024-05-24,125.41
3830,2024-09-10,98.58
3830,2024-11-07,64.31
3830,2024-11-25,165.9
3830,2025-01-15,323.32
3830,2025-01-21,81.89
3830,2025-03-02,157.17
3830,2025-04-02,162.61
3830,2025-04-12,162.61
3830,2025-08-08,270.31
3830,2025-10-31,153.66
3831,2024-04-06,40.57
3832,2024-03-16,37.2
3833,2024-05-11,20.48
3833,2024-05-18,34.46
3833,2024-07-30,11.03
3833,2024-08-09,33.16
3833,2024-08-09,29.2
3833,2024-08-17,29.27
3833,2024-10-13,55.43
3833,2024-10-19,35.1
3833,2024-10-26,46.43
3833,2024-11-11,52.63
3833,2024-12-14,58.77
3833,2025-01-31,67.15
3833,2025-02-12,46.77
3833,2025-02-23,45.45
3833,2025-02-25,26.78
3833,2025-06-18,27.31
3833,2025-07-07,45.48
3833,2025-08-02,14.83
3834,2024-05-10,6.72
3835,2024-01-29,19.84
3836,2024-04-21,27.7
3836,2024-05-21,11.6
3836,2024-05-30,35.22
3836,2024-06-23,15.01
3836,2024-06-28,20.54
3836,2024-07-10,22.54
3836,2024-07-10,17.62
3836,2024-07-19,33.14
3836,2024-07-23,22.74
3836,2024-08-16,15.18
3836,2024-08-17,32.79
3837,2024-06-07,57.46
3837,2024-06-09,21.64
3837,2024-08-26,21.93
3838,2024-04-01,55.5
3838,2024-04-06,52.39
3838,2024-04-10,36.64
3839,2024-04-05,42.58
3840,2024-05-25,22.39
3840,2024-08-29,34.53
3840,2024-09-16,28.18
3841,2024-04-14,10.47
3841,2024-05-12,40.52
3841,2024-05-15,23.6
3841,2024-06-22,36.44
3841,2024-09-13,18.68
3841,2025-01-09,10.11
3841,2025-01-15,35.62
3841,2025-03-03,27.28
3841,2025-03-15,9.69
3841,2025-03-16,36.93
3841,2025-04-01,23.53
3841,2025-04-17,51.28
3841,2025-05-09,14.52
3841,2025-05-20,38.93
3841,2025-07-16,23.07
3841,2025-08-16,24.32
3841,2025-08-26,47.62
3841,2025-09-22,24.42
3841,2025-09-28,15.94
3841,2025-10-10,28.05
3841,2025-11-13,33.71
3841,2025-11-18,67.36
3841,2025-12-15,27.35
3842,2024-03-04,27.06
3842,2025-08-05,45.05
3842,2025-11-06,28.61
3842,2025-12-04,18.51
3843,2024-06-14,32.54
3844,2024-04-16,24.81
3844,2024-05-24,14.37
3844,2024-06-18,74.71
3845,2024-01-24,15.19
3845,2024-03-23,6.51
3846,2024-05-29,11.18
3846,2024-06-12,12.19
3846,2024-07-12,7.84
3846,2024-08-02,7.86
3846,2024-09-14,17.86
3846,2024-12-27,11.5
3847,2024-02-12,27.92
3847,2024-03-26,25.1
3847,2024-07-02,15.49
3847,2024-08-09,27.29
3847,2024-10-27,38.41
3847,2024-11-19,16.15
3847,2025-03-31,39.2
3847,2025-04-26,16.62
3847,2025-08-01,26.3
3847,2025-08-05,30.03
3847,2025-08-19,25.61
3848,2024-01-26,15.18
3848,2024-02-18,33.91
3848,2024-04-10,18.83
3848,2024-05-17,22.54
3848,2024-08-10,19.25
3848,2024-10-09,35.44
3848,2025-03-05,37.35
3848,2025-03-22,37.4
3848,2025-05-26,37.55
3848,2025-08-05,15.95
3848,2025-09-05,22.54
3848,2025-09-17,40.75
3848,2025-10-06,45.01
3848,2025-11-01,22.43
3848,2025-12-18,46.17
3849,2024-06-15,12.17
3850,2024-05-09,17.59
3850,2024-05-22,10.54
3850,2024-07-28,17.84
3850,2024-09-10,16.21
3850,2024-10-21,17.41
3850,2025-01-26,12.41
3850,2025-04-09,17.55
3850,2025-07-15,22.54
3850,2025-07-17,21.35
3850,2025-07-22,14.56
3850,2025-08-18,8.5
3850,2025-08-23,11.74
3850,2025-11-22,31.37
3850,2025-11-24,8.02
3851,2024-06-01,63.59
3851,2024-07-30,114.51
3851,2025-02-07,99.31
3851,2025-05-07,131.85
3851,2025-07-02,36.14
3851,2025-07-03,97.74
3851,2025-08-11,72.99
3851,2025-11-05,56.08
3852,2024-01-18,8.54
3852,2024-03-25,25.78
3852,2024-08-15,9.6
3852,2024-08-18,13.11
3853,2024-03-26,22.2
3853,2024-06-19,38.19
3853,2024-06-20,53.91
3853,2024-06-22,26.13
3853,2024-07-15,24.93
3853,2024-08-26,22.95
3853,2024-08-27,30.7
3853,2024-09-22,27.79
3854,2024-06-26,29.91
3854,2024-06-28,8.74
3854,2024-07-10,18.55
3854,2024-07-28,30.7
3854,2024-07-31,8.62
3854,2024-08-23,16.15
3854,2024-08-29,30.03
3854,2024-10-02,6.43
3854,2024-12-22,14.44
3854,2024-12-29,8.02
3854,2025-01-11,11.71
3854,2025-01-15,34.46
3854,2025-02-06,19.83
3854,2025-03-02,14.0
3854,2025-03-05,32.28
3854,2025-03-11,9.03
3854,2025-05-22,14.7
3854,2025-06-09,16.78
3854,2025-07-06,19.66
3854,2025-09-01,15.87
3854,2025-09-27,22.22
3854,2025-10-01,29.91
3854,2025-11-12,12.88
3854,2025-11-24,18.0
3855,2024-05-29,36.82
3855,2024-06-03,21.3
3855,2024-06-16,23.83
3855,2024-07-19,18.42
3855,2024-07-26,25.26
3855,2024-07-29,23.79
3855,2024-08-23,14.73
3855,2024-09-17,6.54
3855,2024-10-21,14.66
3855,2024-11-04,25.42
3855,2024-11-10,24.75
3855,2024-11-16,22.92
3855,2024-11-18,15.36
3855,2024-12-13,17.54
3855,2024-12-17,16.47
3855,2025-01-12,28.6
3855,2025-01-28,17.95
3855,2025-02-14,23.14
3855,2025-02-24,23.59
3855,2025-02-28,26.68
3855,2025-04-08,28.97
3855,2025-04-08,15.44
3855,2025-04-29,13.61
3855,2025-06-28,16.39
3855,2025-07-04,15.77
3856,2024-03-22,49.79
3856,2024-04-05,47.22
3857,2024-03-01,15.78
3858,2024-05-27,26.12
3859,2024-06-26,36.81
3860,2024-05-16,67.99
3860,2024-05-29,46.34
3860,2024-05-31,32.55
3860,2024-06-04,89.45
3860,2024-06-07,63.02
3861,2024-03-13,71.3
3861,2024-03-28,42.46
3861,2024-04-04,65.77
3861,2024-04-08,41.43
3861,2024-04-13,39.08
3861,2024-04-18,85.02
3861,2024-05-03,94.23
3861,2024-05-06,119.74
3861,2024-05-11,84.09
3861,2024-05-18,75.64
3861,2024-05-22,31.62
3861,2024-05-23,93.31
3861,2024-05-25,42.33
3861,2024-06-13,59.09
3861,2024-06-19,66.62
3861,2024-06-24,55.4
3861,2024-06-29,35.61
3861,2024-07-19,47.41
3861,2024-07-24,64.12
3862,2024-03-11,9.69
3862,2024-12-16,17.75
3863,2024-03-12,32.75
3864,2024-03-19,7.66
3864,2024-06-16,17.98
3864,2024-06-24,7.11
3864,2024-07-09,14.92
3864,2024-08-01,14.53
3864,2024-09-01,8.6
3864,2025-02-21,10.14
3864,2025-04-03,20.49
3864,2025-04-26,21.8
3864,2025-06-16,20.7
3864,2025-06-25,11.34
3864,2025-06-26,17.62
3864,2025-08-07,11.25
3864,2025-10-22,9.55
3864,2025-11-14,6.12
3864,2025-12-22,17.24
3865,2024-03-10,26.61
3866,2024-01-27,18.47
3866,2025-04-27,8.04
3867,2024-04-21,10.84
3867,2024-05-16,7.96
3867,2024-06-23,21.62
3867,2024-06-26,11.74
3867,2024-06-28,9.78
3867,2024-08-10,14.45
3867,2024-11-11,15.45
3867,2024-11-20,9.97
3867,2025-01-13,14.73
3867,2025-01-28,23.66
3867,2025-02-08,20.21
3867,2025-02-18,14.84
3867,2025-04-10,9.99
3867,2025-06-04,16.77
3867,2025-09-11,18.61
3867,2025-11-11,8.8
3867,2025-12-17,17.06
3868,2024-03-14,70.66
3868,2024-05-02,48.43
3868,2024-05-16,42.37
3868,2024-05-21,54.06
3868,2024-06-10,28.35
3868,2024-09-13,55.08
3868,2025-04-24,95.34
3868,2025-07-11,45.59
3868,2025-07-26,51.2
3869,2024-01-17,125.78
3869,2024-02-16,153.61
3869,2024-02-22,93.28
3869,2024-04-03,121.02
3869,2024-06-13,99.61
3869,2024-09-09,99.14
3869,2024-11-24,142.54
3869,2025-04-11,75.82
3869,2025-06-17,98.15
3869,2025-12-10,67.28
3869,2025-12-24,83.93
3870,2024-03-11,9.62
3870,2024-03-12,22.68
3870,2024-04-11,12.66
3870,2024-04-27,9.12
3870,2024-05-07,12.76
3870,2024-05-17,18.88
3870,2024-06-04,8.44
3870,2024-06-11,3.79
3870,2024-07-02,21.55
3870,2024-07-28,13.51
3870,2024-08-09,12.05
3870,2024-10-01,9.92
3870,2024-10-12,23.55
3870,2024-11-09,16.27
3870,2025-01-04,18.99
3870,2025-01-09,10.59
3870,2025-01-20,9.56
3870,2025-01-26,10.99
3870,2025-01-26,6.09
3870,2025-04-12,17.17
3870,2025-04-27,14.96
3870,2025-05-29,16.27
3870,2025-06-05,11.25
3870,2025-06-12,15.43
3870,2025-08-19,16.21
3870,2025-08-30,6.54
3870,2025-09-03,22.39
3870,2025-09-03,6.86
3870,2025-09-14,12.73
3870,2025-09-28,13.26
3870,2025-10-21,13.76
3871,2024-02-11,19.53
3871,2024-02-13,29.75
3871,2024-02-26,27.4
3871,2024-03-07,23.62
3871,2024-04-03,13.92
3871,2024-07-03,10.91
3871,2024-07-14,23.74
3871,2024-08-04,33.2
3871,2024-08-10,14.81
3871,2024-08-25,33.31
3871,2024-09-06,29.86
3871,2024-10-03,14.8
3871,2024-10-25,26.21
3871,2024-11-07,25.97
3871,2024-12-28,32.85
3871,2025-01-06,20.17
3871,2025-01-19,9.3
3871,2025-03-23,10.01
3871,2025-03-29,14.43
3871,2025-04-12,25.35
3871,2025-04-19,7.98
3871,2025-05-14,14.62
3871,2025-05-25,20.93
3871,2025-06-11,22.23
3871,2025-07-06,17.79
3871,2025-07-31,24.41
3871,2025-08-06,14.52
3871,2025-08-16,16.34
3871,2025-11-20,20.02
3871,2025-12-27,20.86
3872,2024-03-31,11.43
3872,2024-06-15,33.72
3872,2024-09-21,31.52
3872,2025-04-17,32.07
3872,2025-04-19,51.93
3872,2025-05-13,6.3
3872,2025-09-18,26.99
3873,2024-06-20,34.45
3874,2024-05-25,3.55
3874,2024-06-02,23.68
3874,2024-06-07,27.5
3874,2024-07-26,22.5
3875,2024-01-04,31.57
3875,2024-07-22,43.07
3875,2024-09-15,25.47
3875,2024-11-04,42.14
3875,2025-02-27,21.37
3875,2025-10-28,19.57
3876,2024-06-17,22.57
3876,2024-06-18,20.33
3876,2024-06-21,15.32
3876,2024-06-30,48.62
3876,2024-07-03,41.67
3876,2024-07-04,34.97
3876,2024-07-12,41.85
3876,2024-07-15,25.93
3876,2024-07-23,15.84
3876,2024-08-10,26.55
3876,2024-08-14,13.93
3876,2024-09-06,38.65
3876,2024-09-11,35.03
3876,2024-09-21,50.63
3876,2024-09-27,18.63
3876,2024-10-06,30.56
3876,2024-11-07,54.78
3876,2024-11-08,20.97
3876,2024-11-22,22.97
3876,2024-11-27,20.52
3876,2025-01-06,23.01
3876,2025-01-16,42.23
3876,2025-01-24,20.97
3876,2025-01-29,19.7
3876,2025-02-24,29.54
3876,2025-02-25,54.73
3876,2025-02-26,37.54
3876,2025-03-23,42.69
3876,2025-03-31,30.78
3876,2025-04-18,26.95
3876,2025-05-20,25.76
3876,2025-06-09,46.52
3876,2025-06-19,46.0
3876,2025-07-23,30.48
3876,2025-07-28,45.65
3876,2025-08-04,46.25
3876,2025-08-09,27.44
3876,2025-08-18,39.71
3876,2025-08-21,34.12
3876,2025-09-30,27.37
3876,2025-10-05,42.96
3876,2025-10-17,30.47
3876,2025-10-26,18.02
3876,2025-10-31,32.19
3876,2025-11-07,25.68
3876,2025-11-17,32.11
3876,2025-11-20,45.83
3876,2025-11-29,17.09
3876,2025-12-03,39.06
3876,2025-12-09,32.96
3877,2024-05-27,29.15
3877,2024-06-14,24.2
3877,2024-11-18,19.08
3877,2025-04-18,24.74
3877,2025-08-10,18.4
3877,2025-09-22,27.57
3878,2024-06-06,68.01
3878,2024-06-16,55.96
3878,2024-07-26,78.16
3878,2024-07-27,26.6
3878,2024-07-27,84.3
3878,2024-09-26,15.63
3878,2024-10-15,106.52
3878,2024-10-17,160.88
3878,2024-10-18,117.67
3878,2024-10-22,45.18
3878,2024-11-04,84.66
3878,2024-11-06,38.57
3878,2024-11-14,33.86
3878,2024-11-15,65.42
3878,2024-12-23,46.45
3878,2024-12-23,70.8
3878,2025-01-24,54.25
3878,2025-02-04,109.19
3878,2025-02-06,75.63
3878,2025-02-07,32.42
3879,2024-04-10,21.81
3879,2024-05-26,31.14
3879,2024-07-31,29.9
3880,2024-06-11,5.36
3881,2024-04-16,25.68
3881,2024-06-26,9.44
3881,2024-08-13,19.74
3881,2024-09-16,5.31
3881,2024-09-18,7.9
3881,2024-10-10,7.56
3881,2024-11-02,10.97
3881,2025-01-06,6.74
3881,2025-02-17,6.0
3881,2025-03-11,12.93
3881,2025-04-02,10.04
3882,2024-03-21,9.94
3882,2024-04-26,12.45
3882,2024-04-30,12.3
3882,2025-02-08,11.92
3882,2025-04-03,13.83
3882,2025-05-16,7.83
3882,2025-05-23,5.82
3882,2025-06-11,11.68
3882,2025-09-05,19.02
3882,2025-09-07,20.03
3882,2025-12-02,18.63
3883,2024-02-16,11.5
3883,2024-03-06,14.74
3883,2024-08-03,12.95
3883,2024-09-28,12.39
3883,2025-03-18,9.03
3884,2024-04-13,7.99
3884,2024-05-07,12.31
3884,2024-05-13,14.33
3884,2024-06-07,49.15
3884,2024-08-10,12.83
3884,2024-08-30,12.15
3884,2024-09-12,10.86
3884,2024-10-04,28.3
3884,2024-12-08,21.01
3884,2025-01-01,19.11
3884,2025-01-06,9.55
3884,2025-02-20,17.79
3884,2025-04-03,18.61
3884,2025-04-10,20.14
3884,2025-04-14,7.24
3884,2025-04-18,13.94
3884,2025-09-03,10.9
3884,2025-10-10,13.78
3884,2025-11-26,9.6
3885,2024-04-16,60.91
3885,2024-05-03,37.51
3885,2024-05-05,34.51
3885,2024-05-13,33.75
3885,2024-05-18,23.42
3885,2024-05-27,39.64
3885,2024-06-07,23.99
3885,2024-06-15,25.52
3885,2024-06-22,31.97
3885,2024-06-25,74.4
3885,2024-08-06,31.99
3885,2024-08-27,32.32
3885,2024-08-29,34.33
3885,2024-09-01,27.52
3885,2024-09-04,43.26
3885,2024-09-10,61.53
3885,2024-09-12,40.86
3886,2024-04-02,34.02
3887,2024-02-16,36.17
3887,2024-05-06,49.93
3887,2024-09-22,11.4
3887,2024-09-25,30.53
3887,2024-11-16,41.6
3887,2025-01-20,29.58
3887,2025-08-23,48.0
3887,2025-12-18,32.03
3888,2024-03-18,54.93
3888,2024-03-18,80.03
3888,2024-03-23,64.87
3888,2024-04-03,77.41
3888,2024-04-12,52.14
3889,2024-01-13,27.36
3889,2024-01-20,14.02
3889,2024-06-12,20.13
3889,2024-07-22,31.77
3889,2024-07-25,32.74
3889,2024-08-03,23.16
3889,2024-10-10,15.46
3889,2024-10-25,9.84
3889,2025-01-17,27.45
3889,2025-02-01,33.04
3889,2025-02-05,13.69
3889,2025-02-19,29.48
3889,2025-03-18,22.07
3889,2025-04-08,25.82
3890,2024-03-09,67.26
3890,2024-04-01,26.02
3890,2024-04-27,29.19
3891,2024-01-07,14.3
3892,2024-03-19,23.09
3893,2024-02-01,51.67
3894,2024-04-08,38.63
3894,2024-04-11,43.7
3894,2024-04-22,30.63
3894,2024-04-27,39.51
3895,2024-01-20,18.18
3895,2024-05-03,18.73
3895,2025-03-10,21.55
3895,2025-05-13,40.69
3895,2025-08-09,23.99
3896,2024-02-20,18.7
3896,2024-03-04,30.63
3896,2024-05-23,22.58
3896,2025-02-21,18.3
3896,2025-04-23,19.4
3897,2024-06-08,47.87
3898,2024-02-06,18.59
3898,2024-05-11,7.0
3899,2024-05-13,61.19
3900,2024-06-02,21.95
3900,2024-06-02,19.66
3900,2024-07-01,35.51
3900,2024-07-06,21.26
3900,2024-07-10,21.69
3900,2024-08-11,39.62
3900,2024-08-15,46.54
3900,2024-09-03,22.04
3900,2024-09-17,52.41
3901,2024-04-14,17.99
3902,2024-01-28,33.41
3903,2024-02-13,45.0
3903,2024-02-22,53.48
3903,2025-01-21,43.29
3903,2025-10-15,32.74
3904,2024-01-23,10.65
3904,2024-05-12,24.81
3904,2024-07-15,26.83
3904,2024-09-15,20.7
3904,2024-09-22,15.72
3904,2024-10-30,18.73
3904,2025-02-09,17.61
3904,2025-03-01,8.08
3904,2025-04-10,13.3
3904,2025-07-13,24.73
3904,2025-08-26,21.3
3904,2025-10-13,15.1
3905,2024-04-14,14.78
3905,2024-11-02,14.29
3906,2024-06-08,7.21
3906,2024-06-17,21.62
3906,2024-10-29,13.37
3906,2024-11-07,14.68
3906,2024-11-29,10.35
3906,2024-12-21,16.26
3906,2024-12-24,20.29
3906,2024-12-29,13.42
3907,2024-03-29,65.56
3907,2024-04-24,56.37
3907,2024-05-29,60.65
3908,2024-01-10,39.04
3908,2024-01-17,127.24
3908,2024-06-22,56.17
3908,2024-07-27,45.99
3908,2025-01-01,49.06
3908,2025-02-18,25.98
3908,2025-03-09,44.27
3908,2025-04-21,89.37
3908,2025-06-14,46.46
3909,2024-04-13,16.38
3909,2024-08-03,6.95
3909,2025-02-08,14.67
3910,2024-04-12,38.76
3910,2024-05-07,48.27
3910,2024-05-16,26.81
3911,2024-03-25,8.8
3911,2024-04-11,14.62
3911,2024-04-15,27.3
3911,2024-04-19,28.36
3911,2024-04-29,28.38
3911,2024-05-02,14.94
3911,2024-06-21,21.94
3911,2024-07-18,34.39
3911,2024-08-04,32.2
3911,2024-08-30,7.69
3911,2024-09-03,35.48
3911,2024-09-08,56.35
3911,2024-10-20,25.85
3911,2024-10-20,32.38
3911,2024-11-28,30.41
3911,2025-02-14,26.77
3911,2025-03-14,18.44
3911,2025-03-18,28.47
3911,2025-06-26,25.54
3911,2025-06-26,36.2
3911,2025-08-11,29.77
3911,2025-08-16,26.91
3912,2024-02-02,27.03
3913,2024-04-02,221.16
3913,2024-05-04,177.99
3913,2024-08-21,188.06
3913,2024-09-28,210.73
3913,2024-11-17,132.09
3913,2025-04-26,228.46
3913,2025-06-17,237.57
3913,2025-12-25,169.09
3914,2024-04-21,12.37
3914,2024-05-03,35.11
3914,2024-06-05,29.87
3914,2024-10-10,35.47
3914,2024-11-02,37.75
3914,2024-11-03,27.01
3914,2025-03-06,9.55
3914,2025-05-04,13.49
3914,2025-07-16,26.07
3914,2025-08-27,36.95
3914,2025-09-18,22.58
3914,2025-12-25,15.89
3915,2024-01-17,36.39
3915,2024-01-26,34.32
3915,2024-01-29,56.73
3915,2024-03-26,23.39
3916,2024-03-17,33.0
3917,2024-05-21,8.01
3917,2024-06-04,18.36
3917,2024-07-06,24.78
3917,2024-07-08,10.68
3917,2024-07-11,15.02
3917,2024-07-11,10.96
3917,2024-07-21,27.5
3917,2024-08-03,14.7
3917,2024-08-04,20.61
3917,2024-08-09,17.16
3917,2024-09-11,22.0
3917,2024-09-27,13.69
3917,2024-10-03,17.84
3917,2024-10-05,17.01
3917,2024-10-06,29.48
3917,2024-10-30,15.85
3917,2024-11-02,18.34
3917,2024-11-04,17.12
3917,2024-11-10,26.3
3917,2024-11-12,10.74
3918,2024-02-14,17.31
3918,2024-02-27,12.11
3919,2024-02-13,11.49
3920,2024-03-17,25.93
3920,2024-03-26,4.64
3921,2024-06-02,96.19
3921,2024-06-08,65.36
3922,2024-05-06,22.61
3922,2024-05-13,86.52
3922,2024-06-07,73.18
3922,2024-06-30,117.64
3922,2024-07-06,70.8
3922,2024-07-10,65.28
3922,2024-07-18,49.47
3922,2024-10-22,83.29
3922,2024-11-25,71.11
3923,2024-05-27,14.29
3923,2024-07-25,21.35
3923,2025-02-19,14.37
3923,2025-03-06,31.11
3923,2025-04-01,32.24
3923,2025-07-26,30.7
3923,2025-09-09,15.58
3923,2025-09-23,32.93
3923,2025-10-15,33.95
3924,2024-02-28,33.19
3924,2024-03-01,38.06
3924,2024-03-14,28.21
3924,2024-10-29,41.6
3924,2025-06-24,78.4
3924,2025-08-23,32.22
3924,2025-12-19,51.77
3925,2024-01-27,33.83
3925,2024-02-01,19.9
3925,2024-02-04,16.54
3925,2024-02-20,38.8
3925,2024-02-21,25.3
3925,2024-03-16,41.97
3925,2024-04-03,36.61
3925,2024-04-26,21.68
3925,2024-07-08,16.0
3925,2024-07-19,40.84
3925,2024-07-29,28.53
3925,2024-08-09,23.57
3925,2024-09-25,48.71
3925,2024-10-07,41.17
3925,2024-11-18,27.15
3926,2024-04-14,14.41
3927,2024-06-27,81.93
3927,2024-09-23,79.42
3928,2024-04-03,22.33
3928,2024-07-30,9.64
3928,2024-09-15,8.38
3928,2024-09-20,14.2
3928,2024-10-01,22.06
3928,2025-03-07,7.51
3928,2025-04-23,7.05
3928,2025-06-17,29.21
3928,2025-07-10,28.09
3928,2025-11-05,13.55
3928,2025-11-27,21.57
3929,2024-03-23,33.35
3929,2024-05-09,17.11
3930,2024-02-26,24.16
3930,2024-04-07,16.57
3930,2025-04-03,74.25
3930,2025-04-11,13.68
3930,2025-04-11,27.34
3930,2025-04-23,25.98
3930,2025-04-28,14.31
3930,2025-08-16,21.24
3930,2025-10-20,37.38
3931,2024-05-23,9.05
3931,2024-05-31,11.01
3931,2024-06-18,15.24
3931,2024-07-14,13.2
3931,2024-07-24,7.9
3931,2024-07-24,7.49
3931,2024-08-06,8.55
3931,2024-08-10,11.24
3931,2024-08-17,14.24
3931,2024-09-02,10.35
3931,2024-10-12,13.64
3931,2024-10-16,8.39
3931,2024-10-29,13.6
3931,2024-11-07,29.41
3931,2024-12-05,12.77
3931,2024-12-06,17.53
3931,2025-01-01,17.98
3931,2025-01-03,22.0
3931,2025-01-15,5.97
3931,2025-02-07,12.62
3931,2025-02-13,6.17
3931,2025-03-01,19.39
3931,2025-03-05,17.66
3931,2025-03-07,13.98
3931,2025-04-23,18.39
3931,2025-05-08,13.8
3931,2025-06-03,19.42
3931,2025-06-06,13.99
3931,2025-06-08,11.44
3932,2024-03-17,70.83
3932,2024-03-20,30.09
3932,2024-03-23,24.53
3932,2024-04-01,10.75
3933,2024-04-08,30.02
3934,2024-03-18,5.91
3934,2024-09-25,12.82
3934,2025-01-16,13.01
3934,2025-05-31,16.64
3934,2025-10-20,8.75
3935,2024-04-17,15.03
3935,2024-06-24,24.59
3935,2024-07-02,9.27
3935,2024-10-02,30.38
3935,2024-10-10,11.74
3935,2024-12-28,11.08
3935,2024-12-30,23.76
3936,2024-04-27,29.16
3936,2024-06-09,9.98
3936,2024-06-12,45.84
3936,2024-06-21,54.33
3936,2024-07-07,27.77
3936,2024-07-22,40.97
3937,2024-05-01,9.3
3938,2024-06-16,9.68
3938,2024-07-10,16.8
3938,2024-08-04,14.02
3938,2024-08-25,9.06
3938,2024-08-31,12.5
3938,2024-09-16,12.52
3938,2024-09-20,13.27
3938,2024-09-21,28.88
3938,2024-10-03,16.41
3938,2024-10-17,23.81
3938,2024-10-31,8.27
3939,2024-03-05,10.24
3939,2024-05-10,15.32
3939,2024-06-08,18.33
3939,2024-06-11,4.84
3939,2024-06-12,13.35
3939,2024-08-02,28.44
3939,2024-08-08,9.16
3939,2024-09-09,19.76
3939,2024-09-17,13.1
3939,2024-10-15,11.97
3939,2024-12-16,17.49
3939,2025-01-13,10.36
3940,2024-05-03,34.15
3940,2024-06-09,28.22
3940,2024-09-07,25.77
3940,2024-10-26,27.68
3940,2024-12-28,24.95
3940,2025-04-03,30.35
3940,2025-04-23,34.76
3940,2025-05-25,23.81
3941,2024-01-17,12.91
3942,2024-04-23,8.42
3942,2024-10-02,18.67
3942,2024-10-30,14.41
3942,2025-03-05,27.68
3942,2025-12-08,18.03
3943,2024-02-06,28.1
3943,2024-02-22,21.93
3943,2024-04-01,9.09
3944,2024-03-13,46.71
3944,2024-10-05,54.21
3944,2025-05-11,56.9
3945,2024-05-08,16.01
3945,2024-06-06,28.38
3946,2024-06-10,23.45
3947,2024-04-12,18.52
3947,2024-05-31,7.46
3947,2024-07-05,7.96
3947,2024-07-11,9.83
3947,2024-07-12,21.53
3947,2024-08-12,7.24
3947,2024-08-16,9.26
3947,2024-09-11,16.82
3947,2024-09-17,18.84
3947,2024-09-19,15.1
3947,2024-09-20,4.89
3947,2024-10-07,12.82
3947,2024-11-13,7.76
3947,2024-11-19,16.98
3947,2024-12-31,19.79
3947,2025-02-03,15.03
3947,2025-02-14,13.42
3947,2025-03-06,17.84
3947,2025-04-04,7.17
3947,2025-04-25,18.9
3947,2025-05-03,23.31
3947,2025-07-18,18.01
3947,2025-07-31,25.31
3947,2025-08-08,19.84
3947,2025-08-14,24.22
3947,2025-09-06,13.21
3947,2025-10-19,31.49
3947,2025-11-03,25.33
3948,2024-02-16,21.61
3948,2024-03-22,24.94
3948,2024-07-29,17.81
3949,2024-01-19,131.43
3949,2024-03-12,54.01
3949,2024-04-24,44.24
3949,2024-04-30,65.58
3949,2025-02-10,86.38
3949,2025-05-02,65.05
3949,2025-06-25,49.21
3949,2025-07-01,65.47
3949,2025-10-08,72.46
3949,2025-10-16,63.08
3949,2025-12-12,44.51
3950,2024-06-20,26.33
3950,2024-09-03,62.51
3950,2025-10-12,43.05
3951,2024-03-25,32.87
3951,2024-05-30,33.91
3951,2024-06-19,16.82
3951,2024-06-29,52.96
3951,2024-09-08,25.99
3951,2024-09-30,30.05
3951,2024-10-09,28.78
3951,2024-10-31,32.14
3951,2024-11-26,27.9
3951,2025-01-29,60.0
3951,2025-02-09,27.42
3951,2025-03-09,31.53
3951,2025-03-18,22.65
3951,2025-04-08,28.26
3951,2025-04-23,23.27
3951,2025-04-27,19.59
3951,2025-05-23,24.0
3951,2025-05-29,45.67
3951,2025-07-27,13.63
3951,2025-08-01,13.26
3951,2025-09-08,47.94
3951,2025-10-07,32.38
3951,2025-10-19,44.23
3951,2025-11-02,5.27
3951,2025-11-23,11.06
3951,2025-12-02,36.97
3951,2025-12-04,31.17
3952,2024-03-08,13.85
3952,2024-03-24,8.12
3952,2024-04-05,14.77
3952,2024-04-08,13.06
3952,2024-04-12,18.91
3952,2024-04-29,27.39
3952,2024-06-13,29.18
3952,2024-07-08,22.03
3952,2024-07-17,7.44
3952,2024-09-10,21.09
3952,2024-09-12,27.11
3952,2024-09-13,12.2
3952,2024-09-28,6.79
3952,2024-10-16,17.2
3952,2024-11-03,29.67
3952,2024-11-03,15.8
3952,2024-11-09,26.03
3952,2024-12-19,15.77
3952,2025-01-10,5.15
3952,2025-01-14,18.47
3952,2025-01-25,18.19
3952,2025-02-10,5.78
3952,2025-03-21,16.23
3952,2025-03-22,21.83
3952,2025-04-07,31.22
3952,2025-04-25,14.81
3952,2025-05-05,8.85
3952,2025-05-12,6.53
3952,2025-06-21,18.11
3952,2025-06-26,5.39
3952,2025-07-17,32.52
3952,2025-08-05,10.69
3952,2025-08-08,20.36
3952,2025-09-17,17.72
3952,2025-10-05,24.32
3952,2025-10-11,23.97
3952,2025-11-22,8.93
3952,2025-12-01,12.89
3952,2025-12-07,21.65
3953,2024-01-15,13.87
3954,2024-06-15,17.59
3955,2024-02-17,66.58
3956,2024-05-19,24.49
3956,2024-06-13,49.3
3956,2024-09-16,47.91
3956,2024-09-20,41.9
3956,2024-10-10,59.31
3956,2024-11-25,39.26
3956,2024-12-22,22.51
3956,2025-01-09,21.47
3956,2025-02-01,18.96
3956,2025-02-05,36.1
3956,2025-02-15,23.51
3956,2025-03-18,11.19
3956,2025-04-01,17.89
3956,2025-04-08,20.51
3956,2025-04-29,31.34
3956,2025-05-13,20.1
3957,2024-01-23,22.68
3957,2024-02-24,14.88
3957,2024-03-13,11.74
3957,2024-03-15,14.18
3957,2024-04-16,18.02
3957,2024-05-17,17.57
3957,2024-05-18,12.63
3957,2024-05-23,19.3
3957,2024-06-03,14.55
3957,2024-06-25,17.65
3957,2024-06-27,22.71
3958,2024-02-03,31.75
3958,2024-05-02,52.12
3958,2024-10-13,10.17
3958,2025-03-04,27.75
3959,2024-02-15,8.94
3960,2024-03-23,30.21
3960,2024-03-27,27.86
3960,2024-04-12,21.96
3960,2024-05-22,42.47
3960,2024-06-19,30.97
3960,2024-06-22,40.98
3960,2024-07-22,34.19
3960,2024-08-06,25.02
3960,2024-09-03,32.97
3960,2024-11-08,35.33
3960,2024-11-26,35.62
3960,2024-12-14,15.32
3960,2025-01-01,22.84
3960,2025-01-03,53.81
3960,2025-01-08,25.7
3960,2025-02-03,37.05
3960,2025-03-01,33.42
3960,2025-03-07,40.88
3960,2025-03-13,21.32
3960,2025-03-17,26.64
3960,2025-05-08,40.12
3960,2025-05-28,13.06
3960,2025-07-12,15.08
3960,2025-07-15,35.49
3960,2025-08-06,30.9
3960,2025-08-28,19.04
3960,2025-09-07,36.78
3960,2025-12-10,6.36
3961,2024-05-24,15.31
3962,2024-04-02,16.59
3962,2024-05-29,29.53
3962,2024-06-09,54.52
3963,2024-02-08,9.78
3963,2024-02-21,9.48
3963,2024-03-06,7.63
3963,2024-03-14,11.29
3963,2024-03-18,10.91
3963,2024-03-26,3.09
3963,2024-07-04,5.39
3963,2024-07-11,20.81
3963,2024-07-20,21.9
3963,2024-07-20,14.71
3963,2024-07-26,12.61
3963,2024-08-04,17.41
3963,2024-08-24,10.34
3963,2024-08-27,12.7
3963,2024-09-12,13.13
3963,2024-09-27,18.16
3963,2024-10-09,13.46
3963,2024-10-31,28.96
3963,2024-11-30,18.02
3963,2024-12-03,8.75
3963,2024-12-14,18.02
3963,2025-01-05,13.63
3963,2025-01-11,12.73
3963,2025-02-08,12.05
3963,2025-02-18,15.8
3963,2025-03-02,18.8
3963,2025-05-13,8.37
3963,2025-05-19,9.03
3964,2024-01-24,35.18
3964,2024-01-31,61.15
3964,2024-03-22,43.56
3964,2024-06-08,38.14
3964,2024-07-25,78.23
3964,2024-08-07,29.4
3964,2024-08-30,38.67
3964,2024-10-11,45.94
3964,2024-10-31,38.43
3964,2024-11-02,31.97
3964,2025-01-15,45.61
3965,2024-03-11,62.34
3965,2024-04-07,22.46
3965,2024-04-18,21.17
3965,2024-05-23,28.09
3966,2024-06-19,25.95
3967,2024-05-05,13.66
3968,2024-03-14,10.23
3969,2024-05-28,10.51
3969,2024-05-28,9.57
3969,2024-06-05,4.79
3969,2024-06-06,5.13
3969,2024-09-29,9.01
3969,2024-11-07,4.84
3969,2024-11-10,12.05
3969,2025-01-12,7.46
3969,2025-01-16,8.31
3969,2025-01-23,5.31
3969,2025-03-09,9.17
3969,2025-04-03,7.77
3969,2025-04-10,7.52
3969,2025-04-16,11.58
3969,2025-05-06,12.98
3969,2025-06-12,8.75
3969,2025-07-06,9.05
3969,2025-07-22,9.0
3969,2025-09-23,15.05
3969,2025-10-05,7.95
3969,2025-11-07,3.37
3969,2025-11-09,6.86
3970,2024-01-26,15.64
3970,2024-04-06,11.5
3970,2024-08-20,19.82
3970,2024-09-12,16.04
3970,2024-09-20,22.65
3970,2024-12-29,41.06
3970,2025-01-30,28.91
3970,2025-02-23,26.41
3970,2025-04-27,17.03
3970,2025-07-10,23.75
3970,2025-12-22,14.98
3971,2024-05-28,49.68
3971,2024-06-14,110.31
3971,2024-06-16,32.31
3971,2024-07-15,55.85
3971,2024-07-23,66.35
3971,2024-07-28,45.16
3971,2024-07-29,40.78
3971,2024-08-08,39.71
3971,2024-08-11,49.9
3972,2024-02-20,18.18
3972,2024-03-11,22.8
3972,2024-03-22,18.69
3972,2024-04-03,30.34
3972,2024-04-23,14.78
3972,2024-05-20,29.54
3972,2024-08-28,26.64
3972,2024-09-27,18.38
3972,2024-10-17,15.05
3972,2024-11-28,16.48
3972,2025-01-03,25.42
3972,2025-02-16,19.52
3972,2025-03-12,28.54
3972,2025-04-25,13.72
3972,2025-06-10,35.4
3972,2025-07-05,34.21
3972,2025-08-15,20.87
3972,2025-08-17,43.31
3972,2025-09-27,24.88
3972,2025-10-05,18.16
3972,2025-11-03,14.67
3972,2025-12-03,16.74
3973,2024-05-08,7.19
3974,2024-04-27,12.42
3975,2024-04-29,49.46
3976,2024-05-19,14.84
3976,2024-06-25,16.84
3977,2024-01-07,25.65
3977,2024-11-02,13.53
3978,2024-05-24,4.33
3978,2024-06-01,13.46
3978,2024-06-10,12.28
3978,2024-06-12,14.28
3978,2024-07-03,2.41
3978,2024-11-02,11.1
3979,2024-01-11,57.51
3979,2024-01-22,34.58
3979,2024-01-23,16.47
3980,2024-06-26,33.47
3980,2024-07-14,55.2
3980,2024-07-20,45.08
3980,2024-09-20,50.97
3980,2024-10-03,26.65
3980,2024-10-16,48.59
3980,2024-11-06,37.11
3980,2024-11-11,30.03
3980,2024-11-12,86.58
3980,2024-11-15,67.56
3980,2024-11-16,51.21
3980,2024-11-28,59.6
3980,2024-12-20,60.93
3980,2024-12-23,41.38
3980,2025-01-23,42.66
3980,2025-01-24,20.59
3980,2025-02-21,16.12
3980,2025-02-23,41.54
3980,2025-03-20,76.08
3980,2025-04-21,67.82
3980,2025-05-19,30.34
3980,2025-05-21,33.96
3980,2025-06-07,26.16
3981,2024-05-21,14.33
3981,2024-07-18,21.28
3981,2024-10-27,26.44
3982,2024-03-22,12.13
3983,2024-03-06,85.43
3983,2024-06-10,33.77
3983,2024-07-02,52.71
3983,2024-11-14,31.56
3983,2024-11-22,44.99
3983,2024-11-26,55.88
3983,2024-12-22,41.98
3983,2024-12-26,49.95
3983,2025-01-02,29.6
3983,2025-02-20,63.8
3983,2025-02-24,24.88
3983,2025-03-04,34.82
3983,2025-03-28,64.91
3983,2025-04-27,31.68
3983,2025-05-09,78.63
3983,2025-05-31,65.87
3983,2025-06-30,35.35
3983,2025-07-19,72.22
3983,2025-08-16,48.4
3983,2025-12-25,60.67
3984,2024-05-20,8.48
3985,2024-03-24,24.31
3986,2024-06-17,32.86
3986,2024-07-03,36.69
3986,2024-08-28,7.67
3986,2024-10-04,33.12
3986,2024-10-09,23.39
3986,2024-12-30,26.19
3986,2025-01-30,16.87
3986,2025-04-23,26.46
3986,2025-06-05,12.99
3987,2024-06-02,13.79
3987,2024-08-14,19.18
3987,2024-09-12,8.06
3987,2024-10-01,18.13
3987,2024-11-22,21.28
3987,2024-12-11,10.64
3987,2024-12-19,20.03
3987,2025-02-06,9.58
3987,2025-02-19,7.95
3987,2025-05-02,13.47
3987,2025-06-08,17.93
3987,2025-06-15,5.09
3987,2025-07-14,24.03
3987,2025-07-17,13.67
3987,2025-09-14,21.56
3987,2025-10-22,15.6
3987,2025-10-23,17.15
3987,2025-11-05,25.07
3987,2025-12-16,25.11
3987,2025-12-18,14.3
3988,2024-05-12,49.45
3988,2024-05-23,40.01
3988,2024-07-08,46.66
3988,2024-07-27,76.97
3988,2024-09-03,66.2
3988,2024-10-18,37.71
3988,2024-11-12,43.13
3988,2024-12-07,41.13
3988,2025-01-05,35.15
3988,2025-01-08,22.97
3988,2025-01-12,28.57
3989,2024-06-02,20.19
3989,2024-06-26,56.85
3989,2024-09-14,44.46
3989,2024-09-14,34.46
3989,2024-10-17,53.57
3989,2025-02-05,32.26
3989,2025-02-27,36.57
3989,2025-04-15,31.96
3989,2025-04-18,44.28
3989,2025-05-01,41.43
3989,2025-05-13,60.25
3989,2025-06-04,64.32
3989,2025-06-09,34.9
3989,2025-07-08,79.98
3989,2025-07-20,58.4
3989,2025-08-14,63.85
3989,2025-11-03,52.43
3989,2025-12-26,42.39
3989,2025-12-28,44.93
3990,2024-01-13,78.48
3990,2024-03-08,37.63
3990,2024-03-13,21.32
3990,2024-06-27,53.84
3990,2024-07-02,27.28
3990,2024-09-26,39.11
3990,2024-12-02,33.56
3990,2025-01-24,44.97
3990,2025-02-13,38.68
3990,2025-04-24,33.62
3990,2025-05-10,58.76
3990,2025-05-29,31.35
3991,2024-06-30,18.57
3991,2024-12-10,9.91
3991,2025-12-15,5.47
3992,2024-02-25,25.4
3992,2024-04-28,8.13
3992,2024-06-17,13.55
3992,2025-10-18,23.02
3993,2024-05-24,23.42
3994,2024-02-02,35.08
3995,2024-06-29,24.45
3995,2024-07-04,16.36
3995,2024-07-04,10.5
3995,2024-07-08,16.19
3995,2024-07-09,25.19
3995,2024-07-15,14.71
3995,2024-07-23,25.05
3995,2024-09-10,30.37
3995,2024-09-12,27.68
3995,2024-09-18,12.3
3995,2024-11-24,15.1
3995,2025-02-04,14.81
3995,2025-05-23,18.58
3995,2025-06-08,34.76
3995,2025-06-20,19.11
3995,2025-08-06,20.91
3995,2025-08-10,12.25
3995,2025-08-16,20.87
3995,2025-08-17,24.53
3995,2025-08-30,11.46
3995,2025-10-21,13.62
3995,2025-11-21,9.9
3995,2025-11-26,15.57
3995,2025-12-03,16.46
3995,2025-12-05,36.3
3995,2025-12-28,26.07
3996,2024-05-01,10.12
3996,2024-05-05,20.32
3997,2024-05-16,42.78
3997,2024-05-18,71.28
3997,2024-05-19,46.7
3997,2024-06-03,27.44
3997,2024-09-26,36.4
3997,2024-10-19,33.51
3997,2024-12-20,38.38
3997,2025-04-21,45.27
3997,2025-06-07,34.82
3997,2025-06-13,43.35
3997,2025-06-19,18.22
3997,2025-06-22,39.1
3997,2025-07-28,55.43
3997,2025-08-07,26.01
3997,2025-08-22,54.91
3997,2025-09-05,42.01
3997,2025-09-07,30.86
3997,2025-09-21,54.97
3997,2025-12-05,39.07
3998,2024-01-07,15.11
3998,2024-01-13,10.48
3998,2024-01-26,18.78
3998,2024-02-14,10.51
3998,2024-02-23,21.53
3998,2024-03-11,15.81
3998,2024-03-17,18.41
3998,2024-03-26,7.05
3998,2024-04-01,26.59
3998,2024-04-03,15.26
3998,2024-04-04,6.72
3998,2024-04-30,27.53
3998,2024-05-21,8.32
3999,2024-01-28,10.92
4000,2024-04-05,46.47
