date,geo,region,sales,treated,post
2024-01-01,G01,R3,25057,0,0
2024-01-08,G01,R3,24384,0,0
2024-01-15,G01,R3,24487,0,0
2024-01-22,G01,R3,24330,0,0
2024-01-29,G01,R3,25938,0,0
2024-02-05,G01,R3,25004,0,0
2024-02-12,G01,R3,24967,0,0
2024-02-19,G01,R3,26212,0,0
2024-02-26,G01,R3,26704,0,0
2024-03-04,G01,R3,26917,0,0
2024-03-11,G01,R3,26675,0,0
2024-03-18,G01,R3,26292,0,0
2024-03-25,G01,R3,26740,0,0
2024-04-01,G01,R3,26028,0,0
2024-04-08,G01,R3,25457,0,0
2024-04-15,G01,R3,26343,0,0
2024-04-22,G01,R3,25070,0,0
2024-04-29,G01,R3,24985,0,0
2024-05-06,G01,R3,23572,0,0
2024-05-13,G01,R3,23702,0,0
2024-05-20,G01,R3,23775,0,0
2024-05-27,G01,R3,23683,0,0
2024-06-03,G01,R3,23798,0,0
2024-06-10,G01,R3,22370,0,0
2024-06-17,G01,R3,24026,0,0
2024-06-24,G01,R3,22551,0,0
2024-07-01,G01,R3,22091,0,0
2024-07-08,G01,R3,21964,0,0
2024-07-15,G01,R3,22617,0,0
2024-07-22,G01,R3,22967,0,0
2024-07-29,G01,R3,22936,0,0
2024-08-05,G01,R3,22456,0,0
2024-08-12,G01,R3,21924,0,0
2024-08-19,G01,R3,22630,0,0
2024-08-26,G01,R3,21298,0,0
2024-09-02,G01,R3,21648,0,0
2024-09-09,G01,R3,22396,0,0
2024-09-16,G01,R3,22445,0,0
2024-09-23,G01,R3,21805,0,0
2024-09-30,G01,R3,22062,0,0
2024-10-07,G01,R3,22481,0,0
2024-10-14,G01,R3,22792,0,0
2024-10-21,G01,R3,23184,0,0
2024-10-28,G01,R3,23574,0,0
2024-11-04,G01,R3,22546,0,0
2024-11-11,G01,R3,22872,0,0
2024-11-18,G01,R3,23051,0,0
2024-11-25,G01,R3,23212,0,0
2024-12-02,G01,R3,23765,0,0
2024-12-09,G01,R3,24176,0,0
2024-12-16,G01,R3,24113,0,0
2024-12-23,G01,R3,24487,0,0
2024-12-30,G01,R3,25268,0,0
2025-01-06,G01,R3,25949,0,0
2025-01-13,G01,R3,26590,0,0
2025-01-20,G01,R3,25655,0,0
2025-01-27,G01,R3,27489,0,0
2025-02-03,G01,R3,26742,0,0
2025-02-10,G01,R3,27577,0,0
2025-02-17,G01,R3,28141,0,0
2025-02-24,G01,R3,27928,0,0
2025-03-03,G01,R3,28248,0,0
2025-03-10,G01,R3,28574,0,0
2025-03-17,G01,R3,28042,0,0
2025-03-24,G01,R3,26719,0,0
2025-03-31,G01,R3,26585,0,0
2025-04-07,G01,R3,26034,0,0
2025-04-14,G01,R3,27391,0,0
2025-04-21,G01,R3,27293,0,0
2025-04-28,G01,R3,26738,0,0
2025-05-05,G01,R3,26554,0,0
2025-05-12,G01,R3,26359,0,0
2025-05-19,G01,R3,25358,0,0
2025-05-26,G01,R3,25980,0,0
2025-06-02,G01,R3,25405,0,0
2025-06-09,G01,R3,24966,0,0
2025-06-16,G01,R3,24959,0,0
2025-06-23,G01,R3,23779,0,0
2025-06-30,G01,R3,24127,0,0
2025-07-07,G01,R3,23356,0,0
2025-07-14,G01,R3,24055,0,0
2025-07-21,G01,R3,23654,0,0
2025-07-28,G01,R3,22899,0,0
2025-08-04,G01,R3,23778,0,0
2025-08-11,G01,R3,23977,0,0
2025-08-18,G01,R3,23390,0,0
2025-08-25,G01,R3,22528,0,0
2025-09-01,G01,R3,22095,0,0
2025-09-08,G01,R3,22494,0,0
2025-09-15,G01,R3,22537,0,0
2025-09-22,G01,R3,22858,0,0
2025-09-29,G01,R3,23326,0,0
2025-10-06,G01,R3,23377,0,0
2025-10-13,G01,R3,24308,0,0
2025-10-20,G01,R3,23810,0,1
2025-10-27,G01,R3,24432,0,1
2025-11-03,G01,R3,24605,0,1
2025-11-10,G01,R3,25095,0,1
2025-11-17,G01,R3,26780,0,1
2025-11-24,G01,R3,26169,0,1
2025-12-01,G01,R3,26709,0,1
2025-12-08,G01,R3,27917,0,1
2025-12-15,G01,R3,27253,0,1
2025-12-22,G01,R3,27532,0,1
2024-01-01,G02,R2,12082,0,0
2024-01-08,G02,R2,12866,0,0
2024-01-15,G02,R2,13236,0,0
2024-01-22,G02,R2,13070,0,0
2024-01-29,G02,R2,13241,0,0
2024-02-05,G02,R2,13163,0,0
2024-02-12,G02,R2,12771,0,0
2024-02-19,G02,R2,13807,0,0
2024-02-26,G02,R2,13530,0,0
2024-03-04,G02,R2,13437,0,0
2024-03-11,G02,R2,12884,0,0
2024-03-18,G02,R2,13275,0,0
2024-03-25,G02,R2,13655,0,0
2024-04-01,G02,R2,13629,0,0
2024-04-08,G02,R2,13165,0,0
2024-04-15,G02,R2,13573,0,0
2024-04-22,G02,R2,13477,0,0
2024-04-29,G02,R2,13135,0,0
2024-05-06,G02,R2,12875,0,0
2024-05-13,G02,R2,12615,0,0
2024-05-20,G02,R2,13046,0,0
2024-05-27,G02,R2,12179,0,0
2024-06-03,G02,R2,12537,0,0
2024-06-10,G02,R2,12346,0,0
2024-06-17,G02,R2,12950,0,0
2024-06-24,G02,R2,12212,0,0
2024-07-01,G02,R2,12688,0,0
2024-07-08,G02,R2,12484,0,0
2024-07-15,G02,R2,12640,0,0
2024-07-22,G02,R2,12578,0,0
2024-07-29,G02,R2,13297,0,0
2024-08-05,G02,R2,12582,0,0
2024-08-12,G02,R2,12701,0,0
2024-08-19,G02,R2,12283,0,0
2024-08-26,G02,R2,12393,0,0
2024-09-02,G02,R2,12451,0,0
2024-09-09,G02,R2,12344,0,0
2024-09-16,G02,R2,12035,0,0
2024-09-23,G02,R2,12288,0,0
2024-09-30,G02,R2,12417,0,0
2024-10-07,G02,R2,12729,0,0
2024-10-14,G02,R2,12449,0,0
2024-10-21,G02,R2,11992,0,0
2024-10-28,G02,R2,12637,0,0
2024-11-04,G02,R2,12364,0,0
2024-11-11,G02,R2,12353,0,0
2024-11-18,G02,R2,12589,0,0
2024-11-25,G02,R2,12715,0,0
2024-12-02,G02,R2,12671,0,0
2024-12-09,G02,R2,12592,0,0
2024-12-16,G02,R2,12356,0,0
2024-12-23,G02,R2,13036,0,0
2024-12-30,G02,R2,13021,0,0
2025-01-06,G02,R2,13717,0,0
2025-01-13,G02,R2,13305,0,0
2025-01-20,G02,R2,13313,0,0
2025-01-27,G02,R2,13365,0,0
2025-02-03,G02,R2,14001,0,0
2025-02-10,G02,R2,13975,0,0
2025-02-17,G02,R2,13914,0,0
2025-02-24,G02,R2,13811,0,0
2025-03-03,G02,R2,14343,0,0
2025-03-10,G02,R2,14044,0,0
2025-03-17,G02,R2,13798,0,0
2025-03-24,G02,R2,14181,0,0
2025-03-31,G02,R2,13343,0,0
2025-04-07,G02,R2,13867,0,0
2025-04-14,G02,R2,13691,0,0
2025-04-21,G02,R2,14152,0,0
2025-04-28,G02,R2,14192,0,0
2025-05-05,G02,R2,13734,0,0
2025-05-12,G02,R2,13289,0,0
2025-05-19,G02,R2,13825,0,0
2025-05-26,G02,R2,13378,0,0
2025-06-02,G02,R2,13070,0,0
2025-06-09,G02,R2,12681,0,0
2025-06-16,G02,R2,13056,0,0
2025-06-23,G02,R2,12764,0,0
2025-06-30,G02,R2,12361,0,0
2025-07-07,G02,R2,12314,0,0
2025-07-14,G02,R2,12651,0,0
2025-07-21,G02,R2,12669,0,0
2025-07-28,G02,R2,13001,0,0
2025-08-04,G02,R2,12949,0,0
2025-08-11,G02,R2,12944,0,0
2025-08-18,G02,R2,13021,0,0
2025-08-25,G02,R2,12260,0,0
2025-09-01,G02,R2,12607,0,0
2025-09-08,G02,R2,12591,0,0
2025-09-15,G02,R2,12251,0,0
2025-09-22,G02,R2,12176,0,0
2025-09-29,G02,R2,12629,0,0
2025-10-06,G02,R2,13250,0,0
2025-10-13,G02,R2,13393,0,0
2025-10-20,G02,R2,12729,0,1
2025-10-27,G02,R2,12607,0,1
2025-11-03,G02,R2,13410,0,1
2025-11-10,G02,R2,13805,0,1
2025-11-17,G02,R2,13876,0,1
2025-11-24,G02,R2,13810,0,1
2025-12-01,G02,R2,13660,0,1
2025-12-08,G02,R2,13872,0,1
2025-12-15,G02,R2,14393,0,1
2025-12-22,G02,R2,14225,0,1
2024-01-01,G03,R4,2354,1,0
2024-01-08,G03,R4,2409,1,0
2024-01-15,G03,R4,2479,1,0
2024-01-22,G03,R4,2387,1,0
2024-01-29,G03,R4,2445,1,0
2024-02-05,G03,R4,2445,1,0
2024-02-12,G03,R4,2504,1,0
2024-02-19,G03,R4,2539,1,0
2024-02-26,G03,R4,2637,1,0
2024-03-04,G03,R4,2541,1,0
2024-03-11,G03,R4,2463,1,0
2024-03-18,G03,R4,2538,1,0
2024-03-25,G03,R4,2563,1,0
2024-04-01,G03,R4,2532,1,0
2024-04-08,G03,R4,2441,1,0
2024-04-15,G03,R4,2485,1,0
2024-04-22,G03,R4,2415,1,0
2024-04-29,G03,R4,2505,1,0
2024-05-06,G03,R4,2296,1,0
2024-05-13,G03,R4,2274,1,0
2024-05-20,G03,R4,2334,1,0
2024-05-27,G03,R4,2363,1,0
2024-06-03,G03,R4,2297,1,0
2024-06-10,G03,R4,2201,1,0
2024-06-17,G03,R4,2281,1,0
2024-06-24,G03,R4,2177,1,0
2024-07-01,G03,R4,2190,1,0
2024-07-08,G03,R4,2262,1,0
2024-07-15,G03,R4,2155,1,0
2024-07-22,G03,R4,2171,1,0
2024-07-29,G03,R4,2280,1,0
2024-08-05,G03,R4,2196,1,0
2024-08-12,G03,R4,2157,1,0
2024-08-19,G03,R4,2219,1,0
2024-08-26,G03,R4,2155,1,0
2024-09-02,G03,R4,2151,1,0
2024-09-09,G03,R4,2190,1,0
2024-09-16,G03,R4,2267,1,0
2024-09-23,G03,R4,2183,1,0
2024-09-30,G03,R4,2248,1,0
2024-10-07,G03,R4,2229,1,0
2024-10-14,G03,R4,2240,1,0
2024-10-21,G03,R4,2195,1,0
2024-10-28,G03,R4,2224,1,0
2024-11-04,G03,R4,2195,1,0
2024-11-11,G03,R4,2254,1,0
2024-11-18,G03,R4,2246,1,0
2024-11-25,G03,R4,2260,1,0
2024-12-02,G03,R4,2311,1,0
2024-12-09,G03,R4,2333,1,0
2024-12-16,G03,R4,2363,1,0
2024-12-23,G03,R4,2378,1,0
2024-12-30,G03,R4,2407,1,0
2025-01-06,G03,R4,2624,1,0
2025-01-13,G03,R4,2526,1,0
2025-01-20,G03,R4,2519,1,0
2025-01-27,G03,R4,2540,1,0
2025-02-03,G03,R4,2643,1,0
2025-02-10,G03,R4,2611,1,0
2025-02-17,G03,R4,2654,1,0
2025-02-24,G03,R4,2637,1,0
2025-03-03,G03,R4,2622,1,0
2025-03-10,G03,R4,2660,1,0
2025-03-17,G03,R4,2659,1,0
2025-03-24,G03,R4,2678,1,0
2025-03-31,G03,R4,2501,1,0
2025-04-07,G03,R4,2516,1,0
2025-04-14,G03,R4,2639,1,0
2025-04-21,G03,R4,2602,1,0
2025-04-28,G03,R4,2554,1,0
2025-05-05,G03,R4,2558,1,0
2025-05-12,G03,R4,2510,1,0
2025-05-19,G03,R4,2539,1,0
2025-05-26,G03,R4,2501,1,0
2025-06-02,G03,R4,2515,1,0
2025-06-09,G03,R4,2340,1,0
2025-06-16,G03,R4,2344,1,0
2025-06-23,G03,R4,2340,1,0
2025-06-30,G03,R4,2378,1,0
2025-07-07,G03,R4,2285,1,0
2025-07-14,G03,R4,2398,1,0
2025-07-21,G03,R4,2303,1,0
2025-07-28,G03,R4,2299,1,0
2025-08-04,G03,R4,2362,1,0
2025-08-11,G03,R4,2280,1,0
2025-08-18,G03,R4,2303,1,0
2025-08-25,G03,R4,2228,1,0
2025-09-01,G03,R4,2205,1,0
2025-09-08,G03,R4,2288,1,0
2025-09-15,G03,R4,2293,1,0
2025-09-22,G03,R4,2274,1,0
2025-09-29,G03,R4,2361,1,0
2025-10-06,G03,R4,2370,1,0
2025-10-13,G03,R4,2343,1,0
2025-10-20,G03,R4,2050,1,1
2025-10-27,G03,R4,2101,1,1
2025-11-03,G03,R4,2167,1,1
2025-11-10,G03,R4,2226,1,1
2025-11-17,G03,R4,2317,1,1
2025-11-24,G03,R4,2338,1,1
2025-12-01,G03,R4,2295,1,1
2025-12-08,G03,R4,2393,1,1
2025-12-15,G03,R4,2370,1,1
2025-12-22,G03,R4,2380,1,1
2024-01-01,G04,R4,4742,0,0
2024-01-08,G04,R4,4915,0,0
2024-01-15,G04,R4,5038,0,0
2024-01-22,G04,R4,5000,0,0
2024-01-29,G04,R4,5156,0,0
2024-02-05,G04,R4,5149,0,0
2024-02-12,G04,R4,5228,0,0
2024-02-19,G04,R4,5255,0,0
2024-02-26,G04,R4,5481,0,0
2024-03-04,G04,R4,5442,0,0
2024-03-11,G04,R4,5153,0,0
2024-03-18,G04,R4,5361,0,0
2024-03-25,G04,R4,5364,0,0
2024-04-01,G04,R4,5330,0,0
2024-04-08,G04,R4,5013,0,0
2024-04-15,G04,R4,5317,0,0
2024-04-22,G04,R4,5009,0,0
2024-04-29,G04,R4,4985,0,0
2024-05-06,G04,R4,4930,0,0
2024-05-13,G04,R4,4742,0,0
2024-05-20,G04,R4,4872,0,0
2024-05-27,G04,R4,4856,0,0
2024-06-03,G04,R4,4880,0,0
2024-06-10,G04,R4,4618,0,0
2024-06-17,G04,R4,4745,0,0
2024-06-24,G04,R4,4616,0,0
2024-07-01,G04,R4,4596,0,0
2024-07-08,G04,R4,4527,0,0
2024-07-15,G04,R4,4619,0,0
2024-07-22,G04,R4,4613,0,0
2024-07-29,G04,R4,4617,0,0
2024-08-05,G04,R4,4620,0,0
2024-08-12,G04,R4,4385,0,0
2024-08-19,G04,R4,4520,0,0
2024-08-26,G04,R4,4489,0,0
2024-09-02,G04,R4,4496,0,0
2024-09-09,G04,R4,4622,0,0
2024-09-16,G04,R4,4610,0,0
2024-09-23,G04,R4,4509,0,0
2024-09-30,G04,R4,4540,0,0
2024-10-07,G04,R4,4630,0,0
2024-10-14,G04,R4,4670,0,0
2024-10-21,G04,R4,4660,0,0
2024-10-28,G04,R4,4729,0,0
2024-11-04,G04,R4,4801,0,0
2024-11-11,G04,R4,4720,0,0
2024-11-18,G04,R4,4695,0,0
2024-11-25,G04,R4,4840,0,0
2024-12-02,G04,R4,4865,0,0
2024-12-09,G04,R4,4995,0,0
2024-12-16,G04,R4,5027,0,0
2024-12-23,G04,R4,4908,0,0
2024-12-30,G04,R4,5024,0,0
2025-01-06,G04,R4,5393,0,0
2025-01-13,G04,R4,5317,0,0
2025-01-20,G04,R4,5189,0,0
2025-01-27,G04,R4,5382,0,0
2025-02-03,G04,R4,5646,0,0
2025-02-10,G04,R4,5390,0,0
2025-02-17,G04,R4,5457,0,0
2025-02-24,G04,R4,5756,0,0
2025-03-03,G04,R4,5664,0,0
2025-03-10,G04,R4,5573,0,0
2025-03-17,G04,R4,5593,0,0
2025-03-24,G04,R4,5741,0,0
2025-03-31,G04,R4,5408,0,0
2025-04-07,G04,R4,5375,0,0
2025-04-14,G04,R4,5376,0,0
2025-04-21,G04,R4,5458,0,0
2025-04-28,G04,R4,5392,0,0
2025-05-05,G04,R4,5384,0,0
2025-05-12,G04,R4,5213,0,0
2025-05-19,G04,R4,5317,0,0
2025-05-26,G04,R4,5245,0,0
2025-06-02,G04,R4,5130,0,0
2025-06-09,G04,R4,4842,0,0
2025-06-16,G04,R4,5032,0,0
2025-06-23,G04,R4,5037,0,0
2025-06-30,G04,R4,5103,0,0
2025-07-07,G04,R4,4793,0,0
2025-07-14,G04,R4,5006,0,0
2025-07-21,G04,R4,4767,0,0
2025-07-28,G04,R4,4859,0,0
2025-08-04,G04,R4,4943,0,0
2025-08-11,G04,R4,4855,0,0
2025-08-18,G04,R4,4781,0,0
2025-08-25,G04,R4,4751,0,0
2025-09-01,G04,R4,4794,0,0
2025-09-08,G04,R4,4765,0,0
2025-09-15,G04,R4,4775,0,0
2025-09-22,G04,R4,4689,0,0
2025-09-29,G04,R4,4789,0,0
2025-10-06,G04,R4,5011,0,0
2025-10-13,G04,R4,4971,0,0
2025-10-20,G04,R4,5009,0,1
2025-10-27,G04,R4,4957,0,1
2025-11-03,G04,R4,5114,0,1
2025-11-10,G04,R4,5285,0,1
2025-11-17,G04,R4,5359,0,1
2025-11-24,G04,R4,5533,0,1
2025-12-01,G04,R4,5377,0,1
2025-12-08,G04,R4,5614,0,1
2025-12-15,G04,R4,5524,0,1
2025-12-22,G04,R4,5656,0,1
2024-01-01,G05,R3,16234,0,0
2024-01-08,G05,R3,16903,0,0
2024-01-15,G05,R3,17203,0,0
2024-01-22,G05,R3,16843,0,0
2024-01-29,G05,R3,17660,0,0
2024-02-05,G05,R3,17265,0,0
2024-02-12,G05,R3,17367,0,0
2024-02-19,G05,R3,17947,0,0
2024-02-26,G05,R3,18641,0,0
2024-03-04,G05,R3,18890,0,0
2024-03-11,G05,R3,18354,0,0
2024-03-18,G05,R3,18122,0,0
2024-03-25,G05,R3,18761,0,0
2024-04-01,G05,R3,18157,0,0
2024-04-08,G05,R3,17795,0,0
2024-04-15,G05,R3,18272,0,0
2024-04-22,G05,R3,17477,0,0
2024-04-29,G05,R3,17297,0,0
2024-05-06,G05,R3,16861,0,0
2024-05-13,G05,R3,16698,0,0
2024-05-20,G05,R3,16001,0,0
2024-05-27,G05,R3,16336,0,0
2024-06-03,G05,R3,16261,0,0
2024-06-10,G05,R3,15732,0,0
2024-06-17,G05,R3,16390,0,0
2024-06-24,G05,R3,15596,0,0
2024-07-01,G05,R3,15716,0,0
2024-07-08,G05,R3,15369,0,0
2024-07-15,G05,R3,15438,0,0
2024-07-22,G05,R3,15764,0,0
2024-07-29,G05,R3,15646,0,0
2024-08-05,G05,R3,15685,0,0
2024-08-12,G05,R3,15314,0,0
2024-08-19,G05,R3,15274,0,0
2024-08-26,G05,R3,14927,0,0
2024-09-02,G05,R3,15126,0,0
2024-09-09,G05,R3,15453,0,0
2024-09-16,G05,R3,15099,0,0
2024-09-23,G05,R3,14729,0,0
2024-09-30,G05,R3,15206,0,0
2024-10-07,G05,R3,15833,0,0
2024-10-14,G05,R3,15547,0,0
2024-10-21,G05,R3,15287,0,0
2024-10-28,G05,R3,15838,0,0
2024-11-04,G05,R3,15842,0,0
2024-11-11,G05,R3,15781,0,0
2024-11-18,G05,R3,15605,0,0
2024-11-25,G05,R3,16281,0,0
2024-12-02,G05,R3,16795,0,0
2024-12-09,G05,R3,16015,0,0
2024-12-16,G05,R3,16447,0,0
2024-12-23,G05,R3,16939,0,0
2024-12-30,G05,R3,17201,0,0
2025-01-06,G05,R3,17892,0,0
2025-01-13,G05,R3,18396,0,0
2025-01-20,G05,R3,17725,0,0
2025-01-27,G05,R3,17994,0,0
2025-02-03,G05,R3,18467,0,0
2025-02-10,G05,R3,19066,0,0
2025-02-17,G05,R3,19075,0,0
2025-02-24,G05,R3,19130,0,0
2025-03-03,G05,R3,18830,0,0
2025-03-10,G05,R3,19329,0,0
2025-03-17,G05,R3,18678,0,0
2025-03-24,G05,R3,18865,0,0
2025-03-31,G05,R3,18291,0,0
2025-04-07,G05,R3,17975,0,0
2025-04-14,G05,R3,18992,0,0
2025-04-21,G05,R3,18396,0,0
2025-04-28,G05,R3,18493,0,0
2025-05-05,G05,R3,18188,0,0
2025-05-12,G05,R3,17852,0,0
2025-05-19,G05,R3,17346,0,0
2025-05-26,G05,R3,17439,0,0
2025-06-02,G05,R3,17063,0,0
2025-06-09,G05,R3,17063,0,0
2025-06-16,G05,R3,16189,0,0
2025-06-23,G05,R3,16549,0,0
2025-06-30,G05,R3,16319,0,0
2025-07-07,G05,R3,16094,0,0
2025-07-14,G05,R3,16134,0,0
2025-07-21,G05,R3,15759,0,0
2025-07-28,G05,R3,15818,0,0
2025-08-04,G05,R3,15896,0,0
2025-08-11,G05,R3,16003,0,0
2025-08-18,G05,R3,15565,0,0
2025-08-25,G05,R3,15133,0,0
2025-09-01,G05,R3,15604,0,0
2025-09-08,G05,R3,15352,0,0
2025-09-15,G05,R3,15192,0,0
2025-09-22,G05,R3,15462,0,0
2025-09-29,G05,R3,15741,0,0
2025-10-06,G05,R3,15856,0,0
2025-10-13,G05,R3,16698,0,0
2025-10-20,G05,R3,16419,0,1
2025-10-27,G05,R3,16139,0,1
2025-11-03,G05,R3,16323,0,1
2025-11-10,G05,R3,17976,0,1
2025-11-17,G05,R3,18663,0,1
2025-11-24,G05,R3,17909,0,1
2025-12-01,G05,R3,18205,0,1
2025-12-08,G05,R3,18092,0,1
2025-12-15,G05,R3,18265,0,1
2025-12-22,G05,R3,18334,0,1
2024-01-01,G06,R1,12792,0,0
2024-01-08,G06,R1,12924,0,0
2024-01-15,G06,R1,13644,0,0
2024-01-22,G06,R1,12777,0,0
2024-01-29,G06,R1,13287,0,0
2024-02-05,G06,R1,13712,0,0
2024-02-12,G06,R1,13376,0,0
2024-02-19,G06,R1,14012,0,0
2024-02-26,G06,R1,14169,0,0
2024-03-04,G06,R1,14198,0,0
2024-03-11,G06,R1,13735,0,0
2024-03-18,G06,R1,13221,0,0
2024-03-25,G06,R1,13691,0,0
2024-04-01,G06,R1,13519,0,0
2024-04-08,G06,R1,13280,0,0
2024-04-15,G06,R1,13551,0,0
2024-04-22,G06,R1,13025,0,0
2024-04-29,G06,R1,12795,0,0
2024-05-06,G06,R1,12251,0,0
2024-05-13,G06,R1,12234,0,0
2024-05-20,G06,R1,12230,0,0
2024-05-27,G06,R1,12045,0,0
2024-06-03,G06,R1,12481,0,0
2024-06-10,G06,R1,12122,0,0
2024-06-17,G06,R1,12469,0,0
2024-06-24,G06,R1,11603,0,0
2024-07-01,G06,R1,11526,0,0
2024-07-08,G06,R1,11419,0,0
2024-07-15,G06,R1,11337,0,0
2024-07-22,G06,R1,11799,0,0
2024-07-29,G06,R1,11598,0,0
2024-08-05,G06,R1,11508,0,0
2024-08-12,G06,R1,11297,0,0
2024-08-19,G06,R1,10907,0,0
2024-08-26,G06,R1,10810,0,0
2024-09-02,G06,R1,10935,0,0
2024-09-09,G06,R1,11023,0,0
2024-09-16,G06,R1,11302,0,0
2024-09-23,G06,R1,11061,0,0
2024-09-30,G06,R1,11115,0,0
2024-10-07,G06,R1,11402,0,0
2024-10-14,G06,R1,11532,0,0
2024-10-21,G06,R1,11399,0,0
2024-10-28,G06,R1,11642,0,0
2024-11-04,G06,R1,11875,0,0
2024-11-11,G06,R1,11382,0,0
2024-11-18,G06,R1,11747,0,0
2024-11-25,G06,R1,12121,0,0
2024-12-02,G06,R1,11830,0,0
2024-12-09,G06,R1,12493,0,0
2024-12-16,G06,R1,12513,0,0
2024-12-23,G06,R1,12739,0,0
2024-12-30,G06,R1,13044,0,0
2025-01-06,G06,R1,13630,0,0
2025-01-13,G06,R1,13551,0,0
2025-01-20,G06,R1,13467,0,0
2025-01-27,G06,R1,13577,0,0
2025-02-03,G06,R1,13912,0,0
2025-02-10,G06,R1,13863,0,0
2025-02-17,G06,R1,13906,0,0
2025-02-24,G06,R1,13967,0,0
2025-03-03,G06,R1,14258,0,0
2025-03-10,G06,R1,14491,0,0
2025-03-17,G06,R1,13853,0,0
2025-03-24,G06,R1,13989,0,0
2025-03-31,G06,R1,13663,0,0
2025-04-07,G06,R1,13261,0,0
2025-04-14,G06,R1,13614,0,0
2025-04-21,G06,R1,14088,0,0
2025-04-28,G06,R1,13690,0,0
2025-05-05,G06,R1,13732,0,0
2025-05-12,G06,R1,12997,0,0
2025-05-19,G06,R1,13484,0,0
2025-05-26,G06,R1,12915,0,0
2025-06-02,G06,R1,12437,0,0
2025-06-09,G06,R1,12002,0,0
2025-06-16,G06,R1,11917,0,0
2025-06-23,G06,R1,11795,0,0
2025-06-30,G06,R1,11503,0,0
2025-07-07,G06,R1,11317,0,0
2025-07-14,G06,R1,12065,0,0
2025-07-21,G06,R1,11651,0,0
2025-07-28,G06,R1,11346,0,0
2025-08-04,G06,R1,11772,0,0
2025-08-11,G06,R1,11319,0,0
2025-08-18,G06,R1,11246,0,0
2025-08-25,G06,R1,11381,0,0
2025-09-01,G06,R1,11458,0,0
2025-09-08,G06,R1,11302,0,0
2025-09-15,G06,R1,11020,0,0
2025-09-22,G06,R1,11045,0,0
2025-09-29,G06,R1,11549,0,0
2025-10-06,G06,R1,12265,0,0
2025-10-13,G06,R1,11662,0,0
2025-10-20,G06,R1,12134,0,1
2025-10-27,G06,R1,12008,0,1
2025-11-03,G06,R1,12293,0,1
2025-11-10,G06,R1,12693,0,1
2025-11-17,G06,R1,12876,0,1
2025-11-24,G06,R1,13536,0,1
2025-12-01,G06,R1,13276,0,1
2025-12-08,G06,R1,13528,0,1
2025-12-15,G06,R1,13667,0,1
2025-12-22,G06,R1,13650,0,1
2024-01-01,G07,R2,6257,0,0
2024-01-08,G07,R2,6623,0,0
2024-01-15,G07,R2,6700,0,0
2024-01-22,G07,R2,6643,0,0
2024-01-29,G07,R2,6938,0,0
2024-02-05,G07,R2,6895,0,0
2024-02-12,G07,R2,6834,0,0
2024-02-19,G07,R2,7043,0,0
2024-02-26,G07,R2,7066,0,0
2024-03-04,G07,R2,7158,0,0
2024-03-11,G07,R2,6764,0,0
2024-03-18,G07,R2,6713,0,0
2024-03-25,G07,R2,6861,0,0
2024-04-01,G07,R2,6764,0,0
2024-04-08,G07,R2,6635,0,0
2024-04-15,G07,R2,7175,0,0
2024-04-22,G07,R2,6791,0,0
2024-04-29,G07,R2,6857,0,0
2024-05-06,G07,R2,6654,0,0
2024-05-13,G07,R2,6382,0,0
2024-05-20,G07,R2,6453,0,0
2024-05-27,G07,R2,6325,0,0
2024-06-03,G07,R2,6559,0,0
2024-06-10,G07,R2,6386,0,0
2024-06-17,G07,R2,6680,0,0
2024-06-24,G07,R2,6450,0,0
2024-07-01,G07,R2,6525,0,0
2024-07-08,G07,R2,6507,0,0
2024-07-15,G07,R2,6484,0,0
2024-07-22,G07,R2,6510,0,0
2024-07-29,G07,R2,6686,0,0
2024-08-05,G07,R2,6454,0,0
2024-08-12,G07,R2,6467,0,0
2024-08-19,G07,R2,6354,0,0
2024-08-26,G07,R2,6356,0,0
2024-09-02,G07,R2,6323,0,0
2024-09-09,G07,R2,6087,0,0
2024-09-16,G07,R2,6259,0,0
2024-09-23,G07,R2,6317,0,0
2024-09-30,G07,R2,6298,0,0
2024-10-07,G07,R2,6465,0,0
2024-10-14,G07,R2,6320,0,0
2024-10-21,G07,R2,6686,0,0
2024-10-28,G07,R2,6538,0,0
2024-11-04,G07,R2,6484,0,0
2024-11-11,G07,R2,6368,0,0
2024-11-18,G07,R2,6451,0,0
2024-11-25,G07,R2,6493,0,0
2024-12-02,G07,R2,6362,0,0
2024-12-09,G07,R2,6807,0,0
2024-12-16,G07,R2,6561,0,0
2024-12-23,G07,R2,6708,0,0
2024-12-30,G07,R2,6638,0,0
2025-01-06,G07,R2,6901,0,0
2025-01-13,G07,R2,6744,0,0
2025-01-20,G07,R2,6902,0,0
2025-01-27,G07,R2,6980,0,0
2025-02-03,G07,R2,7075,0,0
2025-02-10,G07,R2,6988,0,0
2025-02-17,G07,R2,7021,0,0
2025-02-24,G07,R2,7271,0,0
2025-03-03,G07,R2,7092,0,0
2025-03-10,G07,R2,7146,0,0
2025-03-17,G07,R2,7058,0,0
2025-03-24,G07,R2,7163,0,0
2025-03-31,G07,R2,6970,0,0
2025-04-07,G07,R2,6882,0,0
2025-04-14,G07,R2,7285,0,0
2025-04-21,G07,R2,7188,0,0
2025-04-28,G07,R2,7274,0,0
2025-05-05,G07,R2,7098,0,0
2025-05-12,G07,R2,7105,0,0
2025-05-19,G07,R2,6847,0,0
2025-05-26,G07,R2,6726,0,0
2025-06-02,G07,R2,6788,0,0
2025-06-09,G07,R2,6672,0,0
2025-06-16,G07,R2,6655,0,0
2025-06-23,G07,R2,6547,0,0
2025-06-30,G07,R2,6448,0,0
2025-07-07,G07,R2,6417,0,0
2025-07-14,G07,R2,6534,0,0
2025-07-21,G07,R2,6487,0,0
2025-07-28,G07,R2,6535,0,0
2025-08-04,G07,R2,6805,0,0
2025-08-11,G07,R2,6816,0,0
2025-08-18,G07,R2,6311,0,0
2025-08-25,G07,R2,6352,0,0
2025-09-01,G07,R2,6483,0,0
2025-09-08,G07,R2,6527,0,0
2025-09-15,G07,R2,6268,0,0
2025-09-22,G07,R2,6274,0,0
2025-09-29,G07,R2,6431,0,0
2025-10-06,G07,R2,6719,0,0
2025-10-13,G07,R2,6727,0,0
2025-10-20,G07,R2,6669,0,1
2025-10-27,G07,R2,6633,0,1
2025-11-03,G07,R2,6867,0,1
2025-11-10,G07,R2,6981,0,1
2025-11-17,G07,R2,7009,0,1
2025-11-24,G07,R2,7055,0,1
2025-12-01,G07,R2,6998,0,1
2025-12-08,G07,R2,7069,0,1
2025-12-15,G07,R2,7096,0,1
2025-12-22,G07,R2,7189,0,1
2024-01-01,G08,R3,11595,0,0
2024-01-08,G08,R3,12203,0,0
2024-01-15,G08,R3,12661,0,0
2024-01-22,G08,R3,12174,0,0
2024-01-29,G08,R3,12741,0,0
2024-02-05,G08,R3,12485,0,0
2024-02-12,G08,R3,12699,0,0
2024-02-19,G08,R3,12762,0,0
2024-02-26,G08,R3,13131,0,0
2024-03-04,G08,R3,13484,0,0
2024-03-11,G08,R3,12886,0,0
2024-03-18,G08,R3,12921,0,0
2024-03-25,G08,R3,12658,0,0
2024-04-01,G08,R3,12637,0,0
2024-04-08,G08,R3,12588,0,0
2024-04-15,G08,R3,13183,0,0
2024-04-22,G08,R3,12205,0,0
2024-04-29,G08,R3,12058,0,0
2024-05-06,G08,R3,12231,0,0
2024-05-13,G08,R3,11804,0,0
2024-05-20,G08,R3,11917,0,0
2024-05-27,G08,R3,11146,0,0
2024-06-03,G08,R3,11743,0,0
2024-06-10,G08,R3,11003,0,0
2024-06-17,G08,R3,11403,0,0
2024-06-24,G08,R3,11138,0,0
2024-07-01,G08,R3,11207,0,0
2024-07-08,G08,R3,10938,0,0
2024-07-15,G08,R3,10920,0,0
2024-07-22,G08,R3,11398,0,0
2024-07-29,G08,R3,11356,0,0
2024-08-05,G08,R3,11140,0,0
2024-08-12,G08,R3,10658,0,0
2024-08-19,G08,R3,11121,0,0
2024-08-26,G08,R3,10837,0,0
2024-09-02,G08,R3,11061,0,0
2024-09-09,G08,R3,10759,0,0
2024-09-16,G08,R3,11062,0,0
2024-09-23,G08,R3,10690,0,0
2024-09-30,G08,R3,11013,0,0
2024-10-07,G08,R3,11184,0,0
2024-10-14,G08,R3,11133,0,0
2024-10-21,G08,R3,11362,0,0
2024-10-28,G08,R3,11672,0,0
2024-11-04,G08,R3,11109,0,0
2024-11-11,G08,R3,10925,0,0
2024-11-18,G08,R3,11644,0,0
2024-11-25,G08,R3,11496,0,0
2024-12-02,G08,R3,11690,0,0
2024-12-09,G08,R3,11779,0,0
2024-12-16,G08,R3,11948,0,0
2024-12-23,G08,R3,12063,0,0
2024-12-30,G08,R3,12350,0,0
2025-01-06,G08,R3,12864,0,0
2025-01-13,G08,R3,12545,0,0
2025-01-20,G08,R3,12200,0,0
2025-01-27,G08,R3,12950,0,0
2025-02-03,G08,R3,13182,0,0
2025-02-10,G08,R3,13734,0,0
2025-02-17,G08,R3,13429,0,0
2025-02-24,G08,R3,13621,0,0
2025-03-03,G08,R3,13699,0,0
2025-03-10,G08,R3,13913,0,0
2025-03-17,G08,R3,13553,0,0
2025-03-24,G08,R3,13362,0,0
2025-03-31,G08,R3,12892,0,0
2025-04-07,G08,R3,12739,0,0
2025-04-14,G08,R3,13066,0,0
2025-04-21,G08,R3,13079,0,0
2025-04-28,G08,R3,13032,0,0
2025-05-05,G08,R3,12589,0,0
2025-05-12,G08,R3,12540,0,0
2025-05-19,G08,R3,12621,0,0
2025-05-26,G08,R3,12294,0,0
2025-06-02,G08,R3,12091,0,0
2025-06-09,G08,R3,12055,0,0
2025-06-16,G08,R3,12094,0,0
2025-06-23,G08,R3,11604,0,0
2025-06-30,G08,R3,11264,0,0
2025-07-07,G08,R3,11354,0,0
2025-07-14,G08,R3,11610,0,0
2025-07-21,G08,R3,11204,0,0
2025-07-28,G08,R3,11244,0,0
2025-08-04,G08,R3,11329,0,0
2025-08-11,G08,R3,10948,0,0
2025-08-18,G08,R3,11038,0,0
2025-08-25,G08,R3,10873,0,0
2025-09-01,G08,R3,11007,0,0
2025-09-08,G08,R3,10960,0,0
2025-09-15,G08,R3,10563,0,0
2025-09-22,G08,R3,11216,0,0
2025-09-29,G08,R3,11261,0,0
2025-10-06,G08,R3,11196,0,0
2025-10-13,G08,R3,11355,0,0
2025-10-20,G08,R3,11614,0,1
2025-10-27,G08,R3,11614,0,1
2025-11-03,G08,R3,11661,0,1
2025-11-10,G08,R3,12346,0,1
2025-11-17,G08,R3,13025,0,1
2025-11-24,G08,R3,12994,0,1
2025-12-01,G08,R3,12931,0,1
2025-12-08,G08,R3,12903,0,1
2025-12-15,G08,R3,12654,0,1
2025-12-22,G08,R3,13107,0,1
2024-01-01,G09,R4,7975,0,0
2024-01-08,G09,R4,8330,0,0
2024-01-15,G09,R4,8484,0,0
2024-01-22,G09,R4,8212,0,0
2024-01-29,G09,R4,8341,0,0
2024-02-05,G09,R4,8648,0,0
2024-02-12,G09,R4,8550,0,0
2024-02-19,G09,R4,8526,0,0
2024-02-26,G09,R4,8950,0,0
2024-03-04,G09,R4,8715,0,0
2024-03-11,G09,R4,8654,0,0
2024-03-18,G09,R4,8489,0,0
2024-03-25,G09,R4,8659,0,0
2024-04-01,G09,R4,8589,0,0
2024-04-08,G09,R4,8100,0,0
2024-04-15,G09,R4,8664,0,0
2024-04-22,G09,R4,8263,0,0
2024-04-29,G09,R4,8015,0,0
2024-05-06,G09,R4,7940,0,0
2024-05-13,G09,R4,7795,0,0
2024-05-20,G09,R4,7710,0,0
2024-05-27,G09,R4,7835,0,0
2024-06-03,G09,R4,7783,0,0
2024-06-10,G09,R4,7491,0,0
2024-06-17,G09,R4,7773,0,0
2024-06-24,G09,R4,7412,0,0
2024-07-01,G09,R4,7390,0,0
2024-07-08,G09,R4,7534,0,0
2024-07-15,G09,R4,7460,0,0
2024-07-22,G09,R4,7385,0,0
2024-07-29,G09,R4,7559,0,0
2024-08-05,G09,R4,7612,0,0
2024-08-12,G09,R4,7169,0,0
2024-08-19,G09,R4,7278,0,0
2024-08-26,G09,R4,7286,0,0
2024-09-02,G09,R4,7238,0,0
2024-09-09,G09,R4,7432,0,0
2024-09-16,G09,R4,7586,0,0
2024-09-23,G09,R4,7134,0,0
2024-09-30,G09,R4,7276,0,0
2024-10-07,G09,R4,7563,0,0
2024-10-14,G09,R4,7375,0,0
2024-10-21,G09,R4,7495,0,0
2024-10-28,G09,R4,7735,0,0
2024-11-04,G09,R4,7487,0,0
2024-11-11,G09,R4,7603,0,0
2024-11-18,G09,R4,7782,0,0
2024-11-25,G09,R4,7726,0,0
2024-12-02,G09,R4,7757,0,0
2024-12-09,G09,R4,7747,0,0
2024-12-16,G09,R4,8364,0,0
2024-12-23,G09,R4,7935,0,0
2024-12-30,G09,R4,8194,0,0
2025-01-06,G09,R4,8747,0,0
2025-01-13,G09,R4,8530,0,0
2025-01-20,G09,R4,8477,0,0
2025-01-27,G09,R4,8444,0,0
2025-02-03,G09,R4,8787,0,0
2025-02-10,G09,R4,8962,0,0
2025-02-17,G09,R4,8608,0,0
2025-02-24,G09,R4,9109,0,0
2025-03-03,G09,R4,8846,0,0
2025-03-10,G09,R4,8803,0,0
2025-03-17,G09,R4,8907,0,0
2025-03-24,G09,R4,8824,0,0
2025-03-31,G09,R4,8349,0,0
2025-04-07,G09,R4,8647,0,0
2025-04-14,G09,R4,8563,0,0
2025-04-21,G09,R4,8553,0,0
2025-04-28,G09,R4,8594,0,0
2025-05-05,G09,R4,8577,0,0
2025-05-12,G09,R4,8355,0,0
2025-05-19,G09,R4,8290,0,0
2025-05-26,G09,R4,8175,0,0
2025-06-02,G09,R4,8309,0,0
2025-06-09,G09,R4,7925,0,0
2025-06-16,G09,R4,7976,0,0
2025-06-23,G09,R4,7648,0,0
2025-06-30,G09,R4,7604,0,0
2025-07-07,G09,R4,7574,0,0
2025-07-14,G09,R4,8172,0,0
2025-07-21,G09,R4,7563,0,0
2025-07-28,G09,R4,7627,0,0
2025-08-04,G09,R4,7779,0,0
2025-08-11,G09,R4,7625,0,0
2025-08-18,G09,R4,7681,0,0
2025-08-25,G09,R4,7520,0,0
2025-09-01,G09,R4,7528,0,0
2025-09-08,G09,R4,7603,0,0
2025-09-15,G09,R4,7319,0,0
2025-09-22,G09,R4,7295,0,0
2025-09-29,G09,R4,7670,0,0
2025-10-06,G09,R4,7785,0,0
2025-10-13,G09,R4,7708,0,0
2025-10-20,G09,R4,7780,0,1
2025-10-27,G09,R4,7695,0,1
2025-11-03,G09,R4,7760,0,1
2025-11-10,G09,R4,8257,0,1
2025-11-17,G09,R4,8424,0,1
2025-11-24,G09,R4,8335,0,1
2025-12-01,G09,R4,8351,0,1
2025-12-08,G09,R4,8602,0,1
2025-12-15,G09,R4,8613,0,1
2025-12-22,G09,R4,8680,0,1
2024-01-01,G10,R3,11148,0,0
2024-01-08,G10,R3,11092,0,0
2024-01-15,G10,R3,11417,0,0
2024-01-22,G10,R3,10440,0,0
2024-01-29,G10,R3,11516,0,0
2024-02-05,G10,R3,11846,0,0
2024-02-12,G10,R3,11773,0,0
2024-02-19,G10,R3,11801,0,0
2024-02-26,G10,R3,12077,0,0
2024-03-04,G10,R3,12643,0,0
2024-03-11,G10,R3,11866,0,0
2024-03-18,G10,R3,12007,0,0
2024-03-25,G10,R3,12257,0,0
2024-04-01,G10,R3,11488,0,0
2024-04-08,G10,R3,11455,0,0
2024-04-15,G10,R3,12272,0,0
2024-04-22,G10,R3,11715,0,0
2024-04-29,G10,R3,11336,0,0
2024-05-06,G10,R3,11256,0,0
2024-05-13,G10,R3,10783,0,0
2024-05-20,G10,R3,10805,0,0
2024-05-27,G10,R3,10785,0,0
2024-06-03,G10,R3,10695,0,0
2024-06-10,G10,R3,10337,0,0
2024-06-17,G10,R3,10614,0,0
2024-06-24,G10,R3,10325,0,0
2024-07-01,G10,R3,9979,0,0
2024-07-08,G10,R3,9992,0,0
2024-07-15,G10,R3,10117,0,0
2024-07-22,G10,R3,10416,0,0
2024-07-29,G10,R3,10677,0,0
2024-08-05,G10,R3,10073,0,0
2024-08-12,G10,R3,10139,0,0
2024-08-19,G10,R3,10110,0,0
2024-08-26,G10,R3,10264,0,0
2024-09-02,G10,R3,9793,0,0
2024-09-09,G10,R3,10198,0,0
2024-09-16,G10,R3,9857,0,0
2024-09-23,G10,R3,9796,0,0
2024-09-30,G10,R3,9807,0,0
2024-10-07,G10,R3,10345,0,0
2024-10-14,G10,R3,10217,0,0
2024-10-21,G10,R3,10285,0,0
2024-10-28,G10,R3,10400,0,0
2024-11-04,G10,R3,10446,0,0
2024-11-11,G10,R3,10317,0,0
2024-11-18,G10,R3,10670,0,0
2024-11-25,G10,R3,10744,0,0
2024-12-02,G10,R3,10709,0,0
2024-12-09,G10,R3,11173,0,0
2024-12-16,G10,R3,11038,0,0
2024-12-23,G10,R3,11123,0,0
2024-12-30,G10,R3,11793,0,0
2025-01-06,G10,R3,11992,0,0
2025-01-13,G10,R3,11676,0,0
2025-01-20,G10,R3,12229,0,0
2025-01-27,G10,R3,12041,0,0
2025-02-03,G10,R3,12701,0,0
2025-02-10,G10,R3,12637,0,0
2025-02-17,G10,R3,12613,0,0
2025-02-24,G10,R3,13045,0,0
2025-03-03,G10,R3,12911,0,0
2025-03-10,G10,R3,12933,0,0
2025-03-17,G10,R3,12436,0,0
2025-03-24,G10,R3,12366,0,0
2025-03-31,G10,R3,12107,0,0
2025-04-07,G10,R3,11964,0,0
2025-04-14,G10,R3,12305,0,0
2025-04-21,G10,R3,12668,0,0
2025-04-28,G10,R3,12291,0,0
2025-05-05,G10,R3,11540,0,0
2025-05-12,G10,R3,11707,0,0
2025-05-19,G10,R3,11729,0,0
2025-05-26,G10,R3,11700,0,0
2025-06-02,G10,R3,11204,0,0
2025-06-09,G10,R3,11036,0,0
2025-06-16,G10,R3,11154,0,0
2025-06-23,G10,R3,10909,0,0
2025-06-30,G10,R3,10776,0,0
2025-07-07,G10,R3,10509,0,0
2025-07-14,G10,R3,10980,0,0
2025-07-21,G10,R3,10293,0,0
2025-07-28,G10,R3,10170,0,0
2025-08-04,G10,R3,10527,0,0
2025-08-11,G10,R3,10317,0,0
2025-08-18,G10,R3,10363,0,0
2025-08-25,G10,R3,10007,0,0
2025-09-01,G10,R3,10094,0,0
2025-09-08,G10,R3,10278,0,0
2025-09-15,G10,R3,9985,0,0
2025-09-22,G10,R3,10374,0,0
2025-09-29,G10,R3,10421,0,0
2025-10-06,G10,R3,10783,0,0
2025-10-13,G10,R3,10678,0,0
2025-10-20,G10,R3,11010,0,1
2025-10-27,G10,R3,10690,0,1
2025-11-03,G10,R3,10891,0,1
2025-11-10,G10,R3,11679,0,1
2025-11-17,G10,R3,11630,0,1
2025-11-24,G10,R3,11992,0,1
2025-12-01,G10,R3,12218,0,1
2025-12-08,G10,R3,12536,0,1
2025-12-15,G10,R3,12129,0,1
2025-12-22,G10,R3,12093,0,1
2024-01-01,G11,R4,8835,0,0
2024-01-08,G11,R4,9107,0,0
2024-01-15,G11,R4,9255,0,0
2024-01-22,G11,R4,9098,0,0
2024-01-29,G11,R4,9348,0,0
2024-02-05,G11,R4,9281,0,0
2024-02-12,G11,R4,9313,0,0
2024-02-19,G11,R4,9197,0,0
2024-02-26,G11,R4,9654,0,0
2024-03-04,G11,R4,9478,0,0
2024-03-11,G11,R4,9593,0,0
2024-03-18,G11,R4,9471,0,0
2024-03-25,G11,R4,9510,0,0
2024-04-01,G11,R4,9447,0,0
2024-04-08,G11,R4,9071,0,0
2024-04-15,G11,R4,9592,0,0
2024-04-22,G11,R4,9201,0,0
2024-04-29,G11,R4,9232,0,0
2024-05-06,G11,R4,8605,0,0
2024-05-13,G11,R4,8593,0,0
2024-05-20,G11,R4,8662,0,0
2024-05-27,G11,R4,8551,0,0
2024-06-03,G11,R4,8929,0,0
2024-06-10,G11,R4,8554,0,0
2024-06-17,G11,R4,8625,0,0
2024-06-24,G11,R4,8225,0,0
2024-07-01,G11,R4,8346,0,0
2024-07-08,G11,R4,8223,0,0
2024-07-15,G11,R4,8452,0,0
2024-07-22,G11,R4,8214,0,0
2024-07-29,G11,R4,8396,0,0
2024-08-05,G11,R4,8234,0,0
2024-08-12,G11,R4,8225,0,0
2024-08-19,G11,R4,8193,0,0
2024-08-26,G11,R4,8066,0,0
2024-09-02,G11,R4,8050,0,0
2024-09-09,G11,R4,8085,0,0
2024-09-16,G11,R4,8316,0,0
2024-09-23,G11,R4,8048,0,0
2024-09-30,G11,R4,8306,0,0
2024-10-07,G11,R4,8495,0,0
2024-10-14,G11,R4,8491,0,0
2024-10-21,G11,R4,8474,0,0
2024-10-28,G11,R4,8699,0,0
2024-11-04,G11,R4,8506,0,0
2024-11-11,G11,R4,8425,0,0
2024-11-18,G11,R4,8330,0,0
2024-11-25,G11,R4,8874,0,0
2024-12-02,G11,R4,8882,0,0
2024-12-09,G11,R4,8839,0,0
2024-12-16,G11,R4,9246,0,0
2024-12-23,G11,R4,8986,0,0
2024-12-30,G11,R4,9416,0,0
2025-01-06,G11,R4,9697,0,0
2025-01-13,G11,R4,9644,0,0
2025-01-20,G11,R4,9905,0,0
2025-01-27,G11,R4,9633,0,0
2025-02-03,G11,R4,9957,0,0
2025-02-10,G11,R4,9723,0,0
2025-02-17,G11,R4,10069,0,0
2025-02-24,G11,R4,10067,0,0
2025-03-03,G11,R4,10584,0,0
2025-03-10,G11,R4,10298,0,0
2025-03-17,G11,R4,10183,0,0
2025-03-24,G11,R4,10324,0,0
2025-03-31,G11,R4,9895,0,0
2025-04-07,G11,R4,9444,0,0
2025-04-14,G11,R4,10027,0,0
2025-04-21,G11,R4,9827,0,0
2025-04-28,G11,R4,10083,0,0
2025-05-05,G11,R4,10041,0,0
2025-05-12,G11,R4,9673,0,0
2025-05-19,G11,R4,9585,0,0
2025-05-26,G11,R4,9511,0,0
2025-06-02,G11,R4,9114,0,0
2025-06-09,G11,R4,8978,0,0
2025-06-16,G11,R4,9210,0,0
2025-06-23,G11,R4,8918,0,0
2025-06-30,G11,R4,8876,0,0
2025-07-07,G11,R4,8629,0,0
2025-07-14,G11,R4,9164,0,0
2025-07-21,G11,R4,8784,0,0
2025-07-28,G11,R4,8697,0,0
2025-08-04,G11,R4,8849,0,0
2025-08-11,G11,R4,9001,0,0
2025-08-18,G11,R4,8701,0,0
2025-08-25,G11,R4,8575,0,0
2025-09-01,G11,R4,8660,0,0
2025-09-08,G11,R4,8826,0,0
2025-09-15,G11,R4,8907,0,0
2025-09-22,G11,R4,8625,0,0
2025-09-29,G11,R4,8682,0,0
2025-10-06,G11,R4,9187,0,0
2025-10-13,G11,R4,8973,0,0
2025-10-20,G11,R4,8936,0,1
2025-10-27,G11,R4,9116,0,1
2025-11-03,G11,R4,9044,0,1
2025-11-10,G11,R4,9898,0,1
2025-11-17,G11,R4,9986,0,1
2025-11-24,G11,R4,9955,0,1
2025-12-01,G11,R4,9821,0,1
2025-12-08,G11,R4,10093,0,1
2025-12-15,G11,R4,9974,0,1
2025-12-22,G11,R4,10214,0,1
2024-01-01,G12,R4,48960,0,0
2024-01-08,G12,R4,48180,0,0
2024-01-15,G12,R4,50877,0,0
2024-01-22,G12,R4,50493,0,0
2024-01-29,G12,R4,52127,0,0
2024-02-05,G12,R4,51342,0,0
2024-02-12,G12,R4,52415,0,0
2024-02-19,G12,R4,51504,0,0
2024-02-26,G12,R4,52161,0,0
2024-03-04,G12,R4,53314,0,0
2024-03-11,G12,R4,52688,0,0
2024-03-18,G12,R4,52504,0,0
2024-03-25,G12,R4,52513,0,0
2024-04-01,G12,R4,51419,0,0
2024-04-08,G12,R4,51754,0,0
2024-04-15,G12,R4,54159,0,0
2024-04-22,G12,R4,49882,0,0
2024-04-29,G12,R4,50311,0,0
2024-05-06,G12,R4,47899,0,0
2024-05-13,G12,R4,47202,0,0
2024-05-20,G12,R4,48394,0,0
2024-05-27,G12,R4,48633,0,0
2024-06-03,G12,R4,47560,0,0
2024-06-10,G12,R4,45389,0,0
2024-06-17,G12,R4,47065,0,0
2024-06-24,G12,R4,46822,0,0
2024-07-01,G12,R4,45837,0,0
2024-07-08,G12,R4,45152,0,0
2024-07-15,G12,R4,43970,0,0
2024-07-22,G12,R4,45603,0,0
2024-07-29,G12,R4,45774,0,0
2024-08-05,G12,R4,45292,0,0
2024-08-12,G12,R4,45121,0,0
2024-08-19,G12,R4,43912,0,0
2024-08-26,G12,R4,43050,0,0
2024-09-02,G12,R4,44897,0,0
2024-09-09,G12,R4,43546,0,0
2024-09-16,G12,R4,45106,0,0
2024-09-23,G12,R4,44397,0,0
2024-09-30,G12,R4,44649,0,0
2024-10-07,G12,R4,46238,0,0
2024-10-14,G12,R4,45976,0,0
2024-10-21,G12,R4,45281,0,0
2024-10-28,G12,R4,45558,0,0
2024-11-04,G12,R4,46428,0,0
2024-11-11,G12,R4,47043,0,0
2024-11-18,G12,R4,46446,0,0
2024-11-25,G12,R4,48425,0,0
2024-12-02,G12,R4,48133,0,0
2024-12-09,G12,R4,49275,0,0
2024-12-16,G12,R4,48556,0,0
2024-12-23,G12,R4,49410,0,0
2024-12-30,G12,R4,50071,0,0
2025-01-06,G12,R4,51561,0,0
2025-01-13,G12,R4,51491,0,0
2025-01-20,G12,R4,52049,0,0
2025-01-27,G12,R4,51981,0,0
2025-02-03,G12,R4,52862,0,0
2025-02-10,G12,R4,53944,0,0
2025-02-17,G12,R4,53815,0,0
2025-02-24,G12,R4,54805,0,0
2025-03-03,G12,R4,55054,0,0
2025-03-10,G12,R4,55023,0,0
2025-03-17,G12,R4,54769,0,0
2025-03-24,G12,R4,54362,0,0
2025-03-31,G12,R4,51737,0,0
2025-04-07,G12,R4,51183,0,0
2025-04-14,G12,R4,52292,0,0
2025-04-21,G12,R4,53694,0,0
2025-04-28,G12,R4,53240,0,0
2025-05-05,G12,R4,53407,0,0
2025-05-12,G12,R4,50840,0,0
2025-05-19,G12,R4,53421,0,0
2025-05-26,G12,R4,50325,0,0
2025-06-02,G12,R4,49434,0,0
2025-06-09,G12,R4,49074,0,0
2025-06-16,G12,R4,48922,0,0
2025-06-23,G12,R4,47306,0,0
2025-06-30,G12,R4,46974,0,0
2025-07-07,G12,R4,46757,0,0
2025-07-14,G12,R4,49462,0,0
2025-07-21,G12,R4,47847,0,0
2025-07-28,G12,R4,47651,0,0
2025-08-04,G12,R4,48371,0,0
2025-08-11,G12,R4,48480,0,0
2025-08-18,G12,R4,47641,0,0
2025-08-25,G12,R4,45695,0,0
2025-09-01,G12,R4,46899,0,0
2025-09-08,G12,R4,47508,0,0
2025-09-15,G12,R4,46297,0,0
2025-09-22,G12,R4,45525,0,0
2025-09-29,G12,R4,46982,0,0
2025-10-06,G12,R4,47913,0,0
2025-10-13,G12,R4,49656,0,0
2025-10-20,G12,R4,47563,0,1
2025-10-27,G12,R4,47615,0,1
2025-11-03,G12,R4,48589,0,1
2025-11-10,G12,R4,51474,0,1
2025-11-17,G12,R4,52081,0,1
2025-11-24,G12,R4,53105,0,1
2025-12-01,G12,R4,52440,0,1
2025-12-08,G12,R4,51765,0,1
2025-12-15,G12,R4,53703,0,1
2025-12-22,G12,R4,54935,0,1
2024-01-01,G13,R2,10878,0,0
2024-01-08,G13,R2,10913,0,0
2024-01-15,G13,R2,11440,0,0
2024-01-22,G13,R2,11013,0,0
2024-01-29,G13,R2,11501,0,0
2024-02-05,G13,R2,11425,0,0
2024-02-12,G13,R2,11487,0,0
2024-02-19,G13,R2,11469,0,0
2024-02-26,G13,R2,12273,0,0
2024-03-04,G13,R2,11742,0,0
2024-03-11,G13,R2,11375,0,0
2024-03-18,G13,R2,11682,0,0
2024-03-25,G13,R2,11798,0,0
2024-04-01,G13,R2,11703,0,0
2024-04-08,G13,R2,11440,0,0
2024-04-15,G13,R2,11883,0,0
2024-04-22,G13,R2,11545,0,0
2024-04-29,G13,R2,11681,0,0
2024-05-06,G13,R2,11211,0,0
2024-05-13,G13,R2,10894,0,0
2024-05-20,G13,R2,10506,0,0
2024-05-27,G13,R2,10733,0,0
2024-06-03,G13,R2,10795,0,0
2024-06-10,G13,R2,10962,0,0
2024-06-17,G13,R2,11333,0,0
2024-06-24,G13,R2,10789,0,0
2024-07-01,G13,R2,10957,0,0
2024-07-08,G13,R2,10793,0,0
2024-07-15,G13,R2,10836,0,0
2024-07-22,G13,R2,11027,0,0
2024-07-29,G13,R2,11265,0,0
2024-08-05,G13,R2,11009,0,0
2024-08-12,G13,R2,10404,0,0
2024-08-19,G13,R2,11114,0,0
2024-08-26,G13,R2,10538,0,0
2024-09-02,G13,R2,10559,0,0
2024-09-09,G13,R2,10616,0,0
2024-09-16,G13,R2,10688,0,0
2024-09-23,G13,R2,10341,0,0
2024-09-30,G13,R2,10633,0,0
2024-10-07,G13,R2,11233,0,0
2024-10-14,G13,R2,10786,0,0
2024-10-21,G13,R2,11121,0,0
2024-10-28,G13,R2,10973,0,0
2024-11-04,G13,R2,10929,0,0
2024-11-11,G13,R2,10880,0,0
2024-11-18,G13,R2,10451,0,0
2024-11-25,G13,R2,11068,0,0
2024-12-02,G13,R2,11078,0,0
2024-12-09,G13,R2,11392,0,0
2024-12-16,G13,R2,11046,0,0
2024-12-23,G13,R2,11318,0,0
2024-12-30,G13,R2,11617,0,0
2025-01-06,G13,R2,11871,0,0
2025-01-13,G13,R2,11651,0,0
2025-01-20,G13,R2,11355,0,0
2025-01-27,G13,R2,11844,0,0
2025-02-03,G13,R2,11958,0,0
2025-02-10,G13,R2,12045,0,0
2025-02-17,G13,R2,12116,0,0
2025-02-24,G13,R2,11762,0,0
2025-03-03,G13,R2,12353,0,0
2025-03-10,G13,R2,12074,0,0
2025-03-17,G13,R2,12347,0,0
2025-03-24,G13,R2,11993,0,0
2025-03-31,G13,R2,11713,0,0
2025-04-07,G13,R2,11602,0,0
2025-04-14,G13,R2,12282,0,0
2025-04-21,G13,R2,11966,0,0
2025-04-28,G13,R2,12267,0,0
2025-05-05,G13,R2,12001,0,0
2025-05-12,G13,R2,11969,0,0
2025-05-19,G13,R2,11755,0,0
2025-05-26,G13,R2,11397,0,0
2025-06-02,G13,R2,11287,0,0
2025-06-09,G13,R2,11384,0,0
2025-06-16,G13,R2,11119,0,0
2025-06-23,G13,R2,10843,0,0
2025-06-30,G13,R2,11055,0,0
2025-07-07,G13,R2,10759,0,0
2025-07-14,G13,R2,11227,0,0
2025-07-21,G13,R2,11154,0,0
2025-07-28,G13,R2,11338,0,0
2025-08-04,G13,R2,11390,0,0
2025-08-11,G13,R2,11337,0,0
2025-08-18,G13,R2,10784,0,0
2025-08-25,G13,R2,10668,0,0
2025-09-01,G13,R2,11098,0,0
2025-09-08,G13,R2,10831,0,0
2025-09-15,G13,R2,10358,0,0
2025-09-22,G13,R2,11021,0,0
2025-09-29,G13,R2,11093,0,0
2025-10-06,G13,R2,11286,0,0
2025-10-13,G13,R2,11697,0,0
2025-10-20,G13,R2,11279,0,1
2025-10-27,G13,R2,11138,0,1
2025-11-03,G13,R2,11799,0,1
2025-11-10,G13,R2,11662,0,1
2025-11-17,G13,R2,11730,0,1
2025-11-24,G13,R2,12262,0,1
2025-12-01,G13,R2,11942,0,1
2025-12-08,G13,R2,12082,0,1
2025-12-15,G13,R2,12017,0,1
2025-12-22,G13,R2,11845,0,1
2024-01-01,G14,R1,23280,1,0
2024-01-08,G14,R1,24100,1,0
2024-01-15,G14,R1,24479,1,0
2024-01-22,G14,R1,23245,1,0
2024-01-29,G14,R1,24357,1,0
2024-02-05,G14,R1,24979,1,0
2024-02-12,G14,R1,25033,1,0
2024-02-19,G14,R1,25416,1,0
2024-02-26,G14,R1,26057,1,0
2024-03-04,G14,R1,25542,1,0
2024-03-11,G14,R1,25544,1,0
2024-03-18,G14,R1,25843,1,0
2024-03-25,G14,R1,25568,1,0
2024-04-01,G14,R1,25729,1,0
2024-04-08,G14,R1,24017,1,0
2024-04-15,G14,R1,25594,1,0
2024-04-22,G14,R1,24226,1,0
2024-04-29,G14,R1,23293,1,0
2024-05-06,G14,R1,23089,1,0
2024-05-13,G14,R1,21962,1,0
2024-05-20,G14,R1,22202,1,0
2024-05-27,G14,R1,22512,1,0
2024-06-03,G14,R1,22523,1,0
2024-06-10,G14,R1,22316,1,0
2024-06-17,G14,R1,22783,1,0
2024-06-24,G14,R1,21715,1,0
2024-07-01,G14,R1,20980,1,0
2024-07-08,G14,R1,21438,1,0
2024-07-15,G14,R1,21497,1,0
2024-07-22,G14,R1,21401,1,0
2024-07-29,G14,R1,21200,1,0
2024-08-05,G14,R1,20845,1,0
2024-08-12,G14,R1,20607,1,0
2024-08-19,G14,R1,20622,1,0
2024-08-26,G14,R1,20642,1,0
2024-09-02,G14,R1,20389,1,0
2024-09-09,G14,R1,20047,1,0
2024-09-16,G14,R1,20322,1,0
2024-09-23,G14,R1,20697,1,0
2024-09-30,G14,R1,21645,1,0
2024-10-07,G14,R1,21593,1,0
2024-10-14,G14,R1,21153,1,0
2024-10-21,G14,R1,21707,1,0
2024-10-28,G14,R1,21659,1,0
2024-11-04,G14,R1,21964,1,0
2024-11-11,G14,R1,22200,1,0
2024-11-18,G14,R1,21864,1,0
2024-11-25,G14,R1,22142,1,0
2024-12-02,G14,R1,21868,1,0
2024-12-09,G14,R1,22727,1,0
2024-12-16,G14,R1,23403,1,0
2024-12-23,G14,R1,23785,1,0
2024-12-30,G14,R1,25031,1,0
2025-01-06,G14,R1,25787,1,0
2025-01-13,G14,R1,24823,1,0
2025-01-20,G14,R1,24529,1,0
2025-01-27,G14,R1,25996,1,0
2025-02-03,G14,R1,25353,1,0
2025-02-10,G14,R1,25718,1,0
2025-02-17,G14,R1,26544,1,0
2025-02-24,G14,R1,26350,1,0
2025-03-03,G14,R1,27194,1,0
2025-03-10,G14,R1,27521,1,0
2025-03-17,G14,R1,27102,1,0
2025-03-24,G14,R1,26574,1,0
2025-03-31,G14,R1,26073,1,0
2025-04-07,G14,R1,25542,1,0
2025-04-14,G14,R1,26103,1,0
2025-04-21,G14,R1,26070,1,0
2025-04-28,G14,R1,25739,1,0
2025-05-05,G14,R1,26610,1,0
2025-05-12,G14,R1,24622,1,0
2025-05-19,G14,R1,25301,1,0
2025-05-26,G14,R1,24159,1,0
2025-06-02,G14,R1,24513,1,0
2025-06-09,G14,R1,22954,1,0
2025-06-16,G14,R1,23077,1,0
2025-06-23,G14,R1,22552,1,0
2025-06-30,G14,R1,21644,1,0
2025-07-07,G14,R1,21182,1,0
2025-07-14,G14,R1,22081,1,0
2025-07-21,G14,R1,22176,1,0
2025-07-28,G14,R1,22184,1,0
2025-08-04,G14,R1,22177,1,0
2025-08-11,G14,R1,21792,1,0
2025-08-18,G14,R1,21265,1,0
2025-08-25,G14,R1,21482,1,0
2025-09-01,G14,R1,21290,1,0
2025-09-08,G14,R1,21570,1,0
2025-09-15,G14,R1,20982,1,0
2025-09-22,G14,R1,21398,1,0
2025-09-29,G14,R1,21289,1,0
2025-10-06,G14,R1,22638,1,0
2025-10-13,G14,R1,23557,1,0
2025-10-20,G14,R1,19802,1,1
2025-10-27,G14,R1,19527,1,1
2025-11-03,G14,R1,20628,1,1
2025-11-10,G14,R1,21155,1,1
2025-11-17,G14,R1,22291,1,1
2025-11-24,G14,R1,22306,1,1
2025-12-01,G14,R1,23692,1,1
2025-12-08,G14,R1,23520,1,1
2025-12-15,G14,R1,23740,1,1
2025-12-22,G14,R1,23170,1,1
2024-01-01,G15,R2,4751,0,0
2024-01-08,G15,R2,4854,0,0
2024-01-15,G15,R2,5126,0,0
2024-01-22,G15,R2,4763,0,0
2024-01-29,G15,R2,4907,0,0
2024-02-05,G15,R2,4974,0,0
2024-02-12,G15,R2,4952,0,0
2024-02-19,G15,R2,5164,0,0
2024-02-26,G15,R2,5160,0,0
2024-03-04,G15,R2,5072,0,0
2024-03-11,G15,R2,4866,0,0
2024-03-18,G15,R2,5071,0,0
2024-03-25,G15,R2,5016,0,0
2024-04-01,G15,R2,4982,0,0
2024-04-08,G15,R2,4988,0,0
2024-04-15,G15,R2,4944,0,0
2024-04-22,G15,R2,4927,0,0
2024-04-29,G15,R2,5047,0,0
2024-05-06,G15,R2,4926,0,0
2024-05-13,G15,R2,4781,0,0
2024-05-20,G15,R2,4734,0,0
2024-05-27,G15,R2,4703,0,0
2024-06-03,G15,R2,4827,0,0
2024-06-10,G15,R2,4695,0,0
2024-06-17,G15,R2,4960,0,0
2024-06-24,G15,R2,4652,0,0
2024-07-01,G15,R2,4836,0,0
2024-07-08,G15,R2,4728,0,0
2024-07-15,G15,R2,4776,0,0
2024-07-22,G15,R2,4899,0,0
2024-07-29,G15,R2,4891,0,0
2024-08-05,G15,R2,4776,0,0
2024-08-12,G15,R2,4674,0,0
2024-08-19,G15,R2,4844,0,0
2024-08-26,G15,R2,4719,0,0
2024-09-02,G15,R2,4683,0,0
2024-09-09,G15,R2,4695,0,0
2024-09-16,G15,R2,4629,0,0
2024-09-23,G15,R2,4522,0,0
2024-09-30,G15,R2,4615,0,0
2024-10-07,G15,R2,4883,0,0
2024-10-14,G15,R2,4777,0,0
2024-10-21,G15,R2,4765,0,0
2024-10-28,G15,R2,4835,0,0
2024-11-04,G15,R2,4689,0,0
2024-11-11,G15,R2,4675,0,0
2024-11-18,G15,R2,4707,0,0
2024-11-25,G15,R2,4868,0,0
2024-12-02,G15,R2,4787,0,0
2024-12-09,G15,R2,4954,0,0
2024-12-16,G15,R2,5058,0,0
2024-12-23,G15,R2,5039,0,0
2024-12-30,G15,R2,5016,0,0
2025-01-06,G15,R2,5294,0,0
2025-01-13,G15,R2,5232,0,0
2025-01-20,G15,R2,5144,0,0
2025-01-27,G15,R2,5152,0,0
2025-02-03,G15,R2,5382,0,0
2025-02-10,G15,R2,5362,0,0
2025-02-17,G15,R2,5462,0,0
2025-02-24,G15,R2,5593,0,0
2025-03-03,G15,R2,5413,0,0
2025-03-10,G15,R2,5475,0,0
2025-03-17,G15,R2,5502,0,0
2025-03-24,G15,R2,5404,0,0
2025-03-31,G15,R2,5283,0,0
2025-04-07,G15,R2,5287,0,0
2025-04-14,G15,R2,5288,0,0
2025-04-21,G15,R2,5525,0,0
2025-04-28,G15,R2,5623,0,0
2025-05-05,G15,R2,5264,0,0
2025-05-12,G15,R2,5320,0,0
2025-05-19,G15,R2,5303,0,0
2025-05-26,G15,R2,5265,0,0
2025-06-02,G15,R2,5237,0,0
2025-06-09,G15,R2,4970,0,0
2025-06-16,G15,R2,5141,0,0
2025-06-23,G15,R2,5025,0,0
2025-06-30,G15,R2,4954,0,0
2025-07-07,G15,R2,4876,0,0
2025-07-14,G15,R2,5077,0,0
2025-07-21,G15,R2,4943,0,0
2025-07-28,G15,R2,5085,0,0
2025-08-04,G15,R2,5127,0,0
2025-08-11,G15,R2,5127,0,0
2025-08-18,G15,R2,4946,0,0
2025-08-25,G15,R2,4933,0,0
2025-09-01,G15,R2,4971,0,0
2025-09-08,G15,R2,4896,0,0
2025-09-15,G15,R2,4902,0,0
2025-09-22,G15,R2,4982,0,0
2025-09-29,G15,R2,5034,0,0
2025-10-06,G15,R2,5163,0,0
2025-10-13,G15,R2,5251,0,0
2025-10-20,G15,R2,5242,0,1
2025-10-27,G15,R2,5154,0,1
2025-11-03,G15,R2,5403,0,1
2025-11-10,G15,R2,5388,0,1
2025-11-17,G15,R2,5506,0,1
2025-11-24,G15,R2,5529,0,1
2025-12-01,G15,R2,5486,0,1
2025-12-08,G15,R2,5347,0,1
2025-12-15,G15,R2,5579,0,1
2025-12-22,G15,R2,5475,0,1
2024-01-01,G16,R3,14434,0,0
2024-01-08,G16,R3,14492,0,0
2024-01-15,G16,R3,14935,0,0
2024-01-22,G16,R3,14141,0,0
2024-01-29,G16,R3,14719,0,0
2024-02-05,G16,R3,15118,0,0
2024-02-12,G16,R3,14679,0,0
2024-02-19,G16,R3,14935,0,0
2024-02-26,G16,R3,15323,0,0
2024-03-04,G16,R3,15802,0,0
2024-03-11,G16,R3,15016,0,0
2024-03-18,G16,R3,15006,0,0
2024-03-25,G16,R3,15822,0,0
2024-04-01,G16,R3,15812,0,0
2024-04-08,G16,R3,15147,0,0
2024-04-15,G16,R3,15681,0,0
2024-04-22,G16,R3,14834,0,0
2024-04-29,G16,R3,14397,0,0
2024-05-06,G16,R3,14283,0,0
2024-05-13,G16,R3,13911,0,0
2024-05-20,G16,R3,13698,0,0
2024-05-27,G16,R3,13764,0,0
2024-06-03,G16,R3,13967,0,0
2024-06-10,G16,R3,13407,0,0
2024-06-17,G16,R3,13462,0,0
2024-06-24,G16,R3,13215,0,0
2024-07-01,G16,R3,13153,0,0
2024-07-08,G16,R3,12966,0,0
2024-07-15,G16,R3,13022,0,0
2024-07-22,G16,R3,13384,0,0
2024-07-29,G16,R3,13116,0,0
2024-08-05,G16,R3,12994,0,0
2024-08-12,G16,R3,13004,0,0
2024-08-19,G16,R3,13108,0,0
2024-08-26,G16,R3,12821,0,0
2024-09-02,G16,R3,12669,0,0
2024-09-09,G16,R3,12685,0,0
2024-09-16,G16,R3,12836,0,0
2024-09-23,G16,R3,12800,0,0
2024-09-30,G16,R3,12776,0,0
2024-10-07,G16,R3,12995,0,0
2024-10-14,G16,R3,13606,0,0
2024-10-21,G16,R3,13083,0,0
2024-10-28,G16,R3,14045,0,0
2024-11-04,G16,R3,13056,0,0
2024-11-11,G16,R3,13611,0,0
2024-11-18,G16,R3,13286,0,0
2024-11-25,G16,R3,13791,0,0
2024-12-02,G16,R3,13379,0,0
2024-12-09,G16,R3,14009,0,0
2024-12-16,G16,R3,14182,0,0
2024-12-23,G16,R3,14363,0,0
2024-12-30,G16,R3,14412,0,0
2025-01-06,G16,R3,15141,0,0
2025-01-13,G16,R3,15389,0,0
2025-01-20,G16,R3,14922,0,0
2025-01-27,G16,R3,15474,0,0
2025-02-03,G16,R3,15861,0,0
2025-02-10,G16,R3,15606,0,0
2025-02-17,G16,R3,16337,0,0
2025-02-24,G16,R3,16156,0,0
2025-03-03,G16,R3,16487,0,0
2025-03-10,G16,R3,16828,0,0
2025-03-17,G16,R3,16038,0,0
2025-03-24,G16,R3,15877,0,0
2025-03-31,G16,R3,15573,0,0
2025-04-07,G16,R3,15119,0,0
2025-04-14,G16,R3,15507,0,0
2025-04-21,G16,R3,15575,0,0
2025-04-28,G16,R3,15304,0,0
2025-05-05,G16,R3,14949,0,0
2025-05-12,G16,R3,15315,0,0
2025-05-19,G16,R3,15294,0,0
2025-05-26,G16,R3,14617,0,0
2025-06-02,G16,R3,14310,0,0
2025-06-09,G16,R3,13899,0,0
2025-06-16,G16,R3,14315,0,0
2025-06-23,G16,R3,13923,0,0
2025-06-30,G16,R3,13873,0,0
2025-07-07,G16,R3,13873,0,0
2025-07-14,G16,R3,13506,0,0
2025-07-21,G16,R3,13251,0,0
2025-07-28,G16,R3,13361,0,0
2025-08-04,G16,R3,13549,0,0
2025-08-11,G16,R3,13065,0,0
2025-08-18,G16,R3,13093,0,0
2025-08-25,G16,R3,12959,0,0
2025-09-01,G16,R3,13184,0,0
2025-09-08,G16,R3,12933,0,0
2025-09-15,G16,R3,12571,0,0
2025-09-22,G16,R3,13336,0,0
2025-09-29,G16,R3,13530,0,0
2025-10-06,G16,R3,13327,0,0
2025-10-13,G16,R3,13954,0,0
2025-10-20,G16,R3,13721,0,1
2025-10-27,G16,R3,13354,0,1
2025-11-03,G16,R3,13994,0,1
2025-11-10,G16,R3,14592,0,1
2025-11-17,G16,R3,15242,0,1
2025-11-24,G16,R3,15130,0,1
2025-12-01,G16,R3,15861,0,1
2025-12-08,G16,R3,15473,0,1
2025-12-15,G16,R3,15693,0,1
2025-12-22,G16,R3,15642,0,1
2024-01-01,G17,R1,6007,1,0
2024-01-08,G17,R1,6094,1,0
2024-01-15,G17,R1,6264,1,0
2024-01-22,G17,R1,6044,1,0
2024-01-29,G17,R1,6485,1,0
2024-02-05,G17,R1,6550,1,0
2024-02-12,G17,R1,6304,1,0
2024-02-19,G17,R1,6692,1,0
2024-02-26,G17,R1,6556,1,0
2024-03-04,G17,R1,6686,1,0
2024-03-11,G17,R1,6426,1,0
2024-03-18,G17,R1,6440,1,0
2024-03-25,G17,R1,6620,1,0
2024-04-01,G17,R1,6371,1,0
2024-04-08,G17,R1,6394,1,0
2024-04-15,G17,R1,6403,1,0
2024-04-22,G17,R1,6286,1,0
2024-04-29,G17,R1,6085,1,0
2024-05-06,G17,R1,5897,1,0
2024-05-13,G17,R1,5675,1,0
2024-05-20,G17,R1,5971,1,0
2024-05-27,G17,R1,5689,1,0
2024-06-03,G17,R1,5947,1,0
2024-06-10,G17,R1,5728,1,0
2024-06-17,G17,R1,5663,1,0
2024-06-24,G17,R1,5536,1,0
2024-07-01,G17,R1,5399,1,0
2024-07-08,G17,R1,5476,1,0
2024-07-15,G17,R1,5445,1,0
2024-07-22,G17,R1,5500,1,0
2024-07-29,G17,R1,5568,1,0
2024-08-05,G17,R1,5401,1,0
2024-08-12,G17,R1,5427,1,0
2024-08-19,G17,R1,5286,1,0
2024-08-26,G17,R1,5279,1,0
2024-09-02,G17,R1,5229,1,0
2024-09-09,G17,R1,5136,1,0
2024-09-16,G17,R1,5275,1,0
2024-09-23,G17,R1,5288,1,0
2024-09-30,G17,R1,5363,1,0
2024-10-07,G17,R1,5715,1,0
2024-10-14,G17,R1,5408,1,0
2024-10-21,G17,R1,5430,1,0
2024-10-28,G17,R1,5731,1,0
2024-11-04,G17,R1,5614,1,0
2024-11-11,G17,R1,5591,1,0
2024-11-18,G17,R1,5606,1,0
2024-11-25,G17,R1,5846,1,0
2024-12-02,G17,R1,5760,1,0
2024-12-09,G17,R1,5901,1,0
2024-12-16,G17,R1,5978,1,0
2024-12-23,G17,R1,6232,1,0
2024-12-30,G17,R1,6342,1,0
2025-01-06,G17,R1,6423,1,0
2025-01-13,G17,R1,6467,1,0
2025-01-20,G17,R1,6304,1,0
2025-01-27,G17,R1,6605,1,0
2025-02-03,G17,R1,6742,1,0
2025-02-10,G17,R1,6752,1,0
2025-02-17,G17,R1,6589,1,0
2025-02-24,G17,R1,6751,1,0
2025-03-03,G17,R1,6960,1,0
2025-03-10,G17,R1,7233,1,0
2025-03-17,G17,R1,6797,1,0
2025-03-24,G17,R1,6970,1,0
2025-03-31,G17,R1,6504,1,0
2025-04-07,G17,R1,6570,1,0
2025-04-14,G17,R1,6941,1,0
2025-04-21,G17,R1,6746,1,0
2025-04-28,G17,R1,6799,1,0
2025-05-05,G17,R1,6550,1,0
2025-05-12,G17,R1,6459,1,0
2025-05-19,G17,R1,6180,1,0
2025-05-26,G17,R1,6488,1,0
2025-06-02,G17,R1,6045,1,0
2025-06-09,G17,R1,5936,1,0
2025-06-16,G17,R1,5901,1,0
2025-06-23,G17,R1,5670,1,0
2025-06-30,G17,R1,5685,1,0
2025-07-07,G17,R1,5498,1,0
2025-07-14,G17,R1,5786,1,0
2025-07-21,G17,R1,5551,1,0
2025-07-28,G17,R1,5682,1,0
2025-08-04,G17,R1,5696,1,0
2025-08-11,G17,R1,5491,1,0
2025-08-18,G17,R1,5496,1,0
2025-08-25,G17,R1,5588,1,0
2025-09-01,G17,R1,5442,1,0
2025-09-08,G17,R1,5503,1,0
2025-09-15,G17,R1,5387,1,0
2025-09-22,G17,R1,5655,1,0
2025-09-29,G17,R1,5756,1,0
2025-10-06,G17,R1,5888,1,0
2025-10-13,G17,R1,5804,1,0
2025-10-20,G17,R1,5121,1,1
2025-10-27,G17,R1,5040,1,1
2025-11-03,G17,R1,5199,1,1
2025-11-10,G17,R1,5478,1,1
2025-11-17,G17,R1,5657,1,1
2025-11-24,G17,R1,5812,1,1
2025-12-01,G17,R1,5810,1,1
2025-12-08,G17,R1,5841,1,1
2025-12-15,G17,R1,5973,1,1
2025-12-22,G17,R1,6067,1,1
2024-01-01,G18,R1,11153,1,0
2024-01-08,G18,R1,11299,1,0
2024-01-15,G18,R1,11654,1,0
2024-01-22,G18,R1,11124,1,0
2024-01-29,G18,R1,11996,1,0
2024-02-05,G18,R1,12203,1,0
2024-02-12,G18,R1,11953,1,0
2024-02-19,G18,R1,12251,1,0
2024-02-26,G18,R1,12569,1,0
2024-03-04,G18,R1,12167,1,0
2024-03-11,G18,R1,11605,1,0
2024-03-18,G18,R1,12004,1,0
2024-03-25,G18,R1,12079,1,0
2024-04-01,G18,R1,11620,1,0
2024-04-08,G18,R1,11673,1,0
2024-04-15,G18,R1,11610,1,0
2024-04-22,G18,R1,11383,1,0
2024-04-29,G18,R1,11235,1,0
2024-05-06,G18,R1,10679,1,0
2024-05-13,G18,R1,10548,1,0
2024-05-20,G18,R1,10514,1,0
2024-05-27,G18,R1,10676,1,0
2024-06-03,G18,R1,10525,1,0
2024-06-10,G18,R1,10700,1,0
2024-06-17,G18,R1,11013,1,0
2024-06-24,G18,R1,10136,1,0
2024-07-01,G18,R1,9865,1,0
2024-07-08,G18,R1,9869,1,0
2024-07-15,G18,R1,9894,1,0
2024-07-22,G18,R1,10143,1,0
2024-07-29,G18,R1,10142,1,0
2024-08-05,G18,R1,10162,1,0
2024-08-12,G18,R1,9664,1,0
2024-08-19,G18,R1,9777,1,0
2024-08-26,G18,R1,9571,1,0
2024-09-02,G18,R1,9695,1,0
2024-09-09,G18,R1,9139,1,0
2024-09-16,G18,R1,9578,1,0
2024-09-23,G18,R1,9420,1,0
2024-09-30,G18,R1,9735,1,0
2024-10-07,G18,R1,10236,1,0
2024-10-14,G18,R1,9958,1,0
2024-10-21,G18,R1,9690,1,0
2024-10-28,G18,R1,10058,1,0
2024-11-04,G18,R1,10121,1,0
2024-11-11,G18,R1,10115,1,0
2024-11-18,G18,R1,10226,1,0
2024-11-25,G18,R1,10450,1,0
2024-12-02,G18,R1,10378,1,0
2024-12-09,G18,R1,10598,1,0
2024-12-16,G18,R1,10849,1,0
2024-12-23,G18,R1,10766,1,0
2024-12-30,G18,R1,11286,1,0
2025-01-06,G18,R1,11696,1,0
2025-01-13,G18,R1,11918,1,0
2025-01-20,G18,R1,11474,1,0
2025-01-27,G18,R1,11618,1,0
2025-02-03,G18,R1,11613,1,0
2025-02-10,G18,R1,12253,1,0
2025-02-17,G18,R1,11970,1,0
2025-02-24,G18,R1,12467,1,0
2025-03-03,G18,R1,12469,1,0
2025-03-10,G18,R1,12558,1,0
2025-03-17,G18,R1,12085,1,0
2025-03-24,G18,R1,12078,1,0
2025-03-31,G18,R1,12073,1,0
2025-04-07,G18,R1,11667,1,0
2025-04-14,G18,R1,11786,1,0
2025-04-21,G18,R1,11788,1,0
2025-04-28,G18,R1,11850,1,0
2025-05-05,G18,R1,11908,1,0
2025-05-12,G18,R1,11292,1,0
2025-05-19,G18,R1,11502,1,0
2025-05-26,G18,R1,11170,1,0
2025-06-02,G18,R1,11034,1,0
2025-06-09,G18,R1,10541,1,0
2025-06-16,G18,R1,11063,1,0
2025-06-23,G18,R1,10286,1,0
2025-06-30,G18,R1,10249,1,0
2025-07-07,G18,R1,9952,1,0
2025-07-14,G18,R1,10147,1,0
2025-07-21,G18,R1,9938,1,0
2025-07-28,G18,R1,10000,1,0
2025-08-04,G18,R1,10143,1,0
2025-08-11,G18,R1,10097,1,0
2025-08-18,G18,R1,9541,1,0
2025-08-25,G18,R1,9580,1,0
2025-09-01,G18,R1,9906,1,0
2025-09-08,G18,R1,9755,1,0
2025-09-15,G18,R1,9552,1,0
2025-09-22,G18,R1,9898,1,0
2025-09-29,G18,R1,10215,1,0
2025-10-06,G18,R1,10612,1,0
2025-10-13,G18,R1,10585,1,0
2025-10-20,G18,R1,9168,1,1
2025-10-27,G18,R1,9219,1,1
2025-11-03,G18,R1,9276,1,1
2025-11-10,G18,R1,9876,1,1
2025-11-17,G18,R1,10126,1,1
2025-11-24,G18,R1,9774,1,1
2025-12-01,G18,R1,10238,1,1
2025-12-08,G18,R1,10420,1,1
2025-12-15,G18,R1,10559,1,1
2025-12-22,G18,R1,10755,1,1
2024-01-01,G19,R1,9782,0,0
2024-01-08,G19,R1,9845,0,0
2024-01-15,G19,R1,10508,0,0
2024-01-22,G19,R1,9472,0,0
2024-01-29,G19,R1,10304,0,0
2024-02-05,G19,R1,10514,0,0
2024-02-12,G19,R1,10244,0,0
2024-02-19,G19,R1,10558,0,0
2024-02-26,G19,R1,10769,0,0
2024-03-04,G19,R1,10689,0,0
2024-03-11,G19,R1,10204,0,0
2024-03-18,G19,R1,10553,0,0
2024-03-25,G19,R1,10565,0,0
2024-04-01,G19,R1,10276,0,0
2024-04-08,G19,R1,10018,0,0
2024-04-15,G19,R1,10250,0,0
2024-04-22,G19,R1,10063,0,0
2024-04-29,G19,R1,9829,0,0
2024-05-06,G19,R1,9621,0,0
2024-05-13,G19,R1,9148,0,0
2024-05-20,G19,R1,9329,0,0
2024-05-27,G19,R1,9067,0,0
2024-06-03,G19,R1,9268,0,0
2024-06-10,G19,R1,8904,0,0
2024-06-17,G19,R1,9465,0,0
2024-06-24,G19,R1,8891,0,0
2024-07-01,G19,R1,8635,0,0
2024-07-08,G19,R1,8669,0,0
2024-07-15,G19,R1,8759,0,0
2024-07-22,G19,R1,8969,0,0
2024-07-29,G19,R1,8810,0,0
2024-08-05,G19,R1,8838,0,0
2024-08-12,G19,R1,8712,0,0
2024-08-19,G19,R1,8824,0,0
2024-08-26,G19,R1,8402,0,0
2024-09-02,G19,R1,8576,0,0
2024-09-09,G19,R1,8602,0,0
2024-09-16,G19,R1,8352,0,0
2024-09-23,G19,R1,8504,0,0
2024-09-30,G19,R1,8760,0,0
2024-10-07,G19,R1,8995,0,0
2024-10-14,G19,R1,8889,0,0
2024-10-21,G19,R1,8797,0,0
2024-10-28,G19,R1,8981,0,0
2024-11-04,G19,R1,9062,0,0
2024-11-11,G19,R1,9223,0,0
2024-11-18,G19,R1,9037,0,0
2024-11-25,G19,R1,9302,0,0
2024-12-02,G19,R1,9317,0,0
2024-12-09,G19,R1,9566,0,0
2024-12-16,G19,R1,9987,0,0
2024-12-23,G19,R1,9805,0,0
2024-12-30,G19,R1,10423,0,0
2025-01-06,G19,R1,10627,0,0
2025-01-13,G19,R1,10690,0,0
2025-01-20,G19,R1,10229,0,0
2025-01-27,G19,R1,10788,0,0
2025-02-03,G19,R1,10987,0,0
2025-02-10,G19,R1,11026,0,0
2025-02-17,G19,R1,10774,0,0
2025-02-24,G19,R1,10877,0,0
2025-03-03,G19,R1,11041,0,0
2025-03-10,G19,R1,11329,0,0
2025-03-17,G19,R1,10897,0,0
2025-03-24,G19,R1,10977,0,0
2025-03-31,G19,R1,10789,0,0
2025-04-07,G19,R1,10533,0,0
2025-04-14,G19,R1,10769,0,0
2025-04-21,G19,R1,10811,0,0
2025-04-28,G19,R1,10524,0,0
2025-05-05,G19,R1,10734,0,0
2025-05-12,G19,R1,10414,0,0
2025-05-19,G19,R1,10543,0,0
2025-05-26,G19,R1,10236,0,0
2025-06-02,G19,R1,9918,0,0
2025-06-09,G19,R1,9305,0,0
2025-06-16,G19,R1,9541,0,0
2025-06-23,G19,R1,9079,0,0
2025-06-30,G19,R1,9140,0,0
2025-07-07,G19,R1,9235,0,0
2025-07-14,G19,R1,9553,0,0
2025-07-21,G19,R1,9158,0,0
2025-07-28,G19,R1,9118,0,0
2025-08-04,G19,R1,9214,0,0
2025-08-11,G19,R1,8759,0,0
2025-08-18,G19,R1,9298,0,0
2025-08-25,G19,R1,8890,0,0
2025-09-01,G19,R1,9057,0,0
2025-09-08,G19,R1,8895,0,0
2025-09-15,G19,R1,8649,0,0
2025-09-22,G19,R1,9276,0,0
2025-09-29,G19,R1,9331,0,0
2025-10-06,G19,R1,9673,0,0
2025-10-13,G19,R1,9442,0,0
2025-10-20,G19,R1,9585,0,1
2025-10-27,G19,R1,9519,0,1
2025-11-03,G19,R1,9546,0,1
2025-11-10,G19,R1,10224,0,1
2025-11-17,G19,R1,10173,0,1
2025-11-24,G19,R1,10488,0,1
2025-12-01,G19,R1,10598,0,1
2025-12-08,G19,R1,10789,0,1
2025-12-15,G19,R1,10796,0,1
2025-12-22,G19,R1,11086,0,1
2024-01-01,G20,R4,8707,1,0
2024-01-08,G20,R4,8796,1,0
2024-01-15,G20,R4,9065,1,0
2024-01-22,G20,R4,8901,1,0
2024-01-29,G20,R4,9171,1,0
2024-02-05,G20,R4,9135,1,0
2024-02-12,G20,R4,9231,1,0
2024-02-19,G20,R4,9203,1,0
2024-02-26,G20,R4,9459,1,0
2024-03-04,G20,R4,9400,1,0
2024-03-11,G20,R4,9254,1,0
2024-03-18,G20,R4,9318,1,0
2024-03-25,G20,R4,9324,1,0
2024-04-01,G20,R4,9043,1,0
2024-04-08,G20,R4,8845,1,0
2024-04-15,G20,R4,9275,1,0
2024-04-22,G20,R4,9043,1,0
2024-04-29,G20,R4,8836,1,0
2024-05-06,G20,R4,8600,1,0
2024-05-13,G20,R4,8124,1,0
2024-05-20,G20,R4,8397,1,0
2024-05-27,G20,R4,8702,1,0
2024-06-03,G20,R4,8594,1,0
2024-06-10,G20,R4,8215,1,0
2024-06-17,G20,R4,8310,1,0
2024-06-24,G20,R4,8333,1,0
2024-07-01,G20,R4,7915,1,0
2024-07-08,G20,R4,8066,1,0
2024-07-15,G20,R4,8077,1,0
2024-07-22,G20,R4,7933,1,0
2024-07-29,G20,R4,8307,1,0
2024-08-05,G20,R4,8235,1,0
2024-08-12,G20,R4,7739,1,0
2024-08-19,G20,R4,8015,1,0
2024-08-26,G20,R4,7766,1,0
2024-09-02,G20,R4,7867,1,0
2024-09-09,G20,R4,7825,1,0
2024-09-16,G20,R4,7987,1,0
2024-09-23,G20,R4,7961,1,0
2024-09-30,G20,R4,7902,1,0
2024-10-07,G20,R4,8216,1,0
2024-10-14,G20,R4,8225,1,0
2024-10-21,G20,R4,8390,1,0
2024-10-28,G20,R4,8254,1,0
2024-11-04,G20,R4,8208,1,0
2024-11-11,G20,R4,8211,1,0
2024-11-18,G20,R4,8116,1,0
2024-11-25,G20,R4,8480,1,0
2024-12-02,G20,R4,8617,1,0
2024-12-09,G20,R4,8560,1,0
2024-12-16,G20,R4,8638,1,0
2024-12-23,G20,R4,8846,1,0
2024-12-30,G20,R4,8939,1,0
2025-01-06,G20,R4,9438,1,0
2025-01-13,G20,R4,9314,1,0
2025-01-20,G20,R4,9328,1,0
2025-01-27,G20,R4,9471,1,0
2025-02-03,G20,R4,9118,1,0
2025-02-10,G20,R4,9571,1,0
2025-02-17,G20,R4,9747,1,0
2025-02-24,G20,R4,9856,1,0
2025-03-03,G20,R4,10072,1,0
2025-03-10,G20,R4,9693,1,0
2025-03-17,G20,R4,9711,1,0
2025-03-24,G20,R4,9845,1,0
2025-03-31,G20,R4,9533,1,0
2025-04-07,G20,R4,9099,1,0
2025-04-14,G20,R4,9453,1,0
2025-04-21,G20,R4,9481,1,0
2025-04-28,G20,R4,9678,1,0
2025-05-05,G20,R4,9393,1,0
2025-05-12,G20,R4,9281,1,0
2025-05-19,G20,R4,9117,1,0
2025-05-26,G20,R4,8787,1,0
2025-06-02,G20,R4,8822,1,0
2025-06-09,G20,R4,8926,1,0
2025-06-16,G20,R4,8729,1,0
2025-06-23,G20,R4,8564,1,0
2025-06-30,G20,R4,8240,1,0
2025-07-07,G20,R4,8454,1,0
2025-07-14,G20,R4,8689,1,0
2025-07-21,G20,R4,8361,1,0
2025-07-28,G20,R4,8564,1,0
2025-08-04,G20,R4,8342,1,0
2025-08-11,G20,R4,8677,1,0
2025-08-18,G20,R4,8141,1,0
2025-08-25,G20,R4,7957,1,0
2025-09-01,G20,R4,8344,1,0
2025-09-08,G20,R4,8376,1,0
2025-09-15,G20,R4,8163,1,0
2025-09-22,G20,R4,8285,1,0
2025-09-29,G20,R4,8238,1,0
2025-10-06,G20,R4,8337,1,0
2025-10-13,G20,R4,8576,1,0
2025-10-20,G20,R4,7807,1,1
2025-10-27,G20,R4,7659,1,1
2025-11-03,G20,R4,7553,1,1
2025-11-10,G20,R4,8345,1,1
2025-11-17,G20,R4,8089,1,1
2025-11-24,G20,R4,8619,1,1
2025-12-01,G20,R4,8477,1,1
2025-12-08,G20,R4,8510,1,1
2025-12-15,G20,R4,8664,1,1
2025-12-22,G20,R4,8568,1,1
2024-01-01,G21,R2,16249,0,0
2024-01-08,G21,R2,17084,0,0
2024-01-15,G21,R2,17453,0,0
2024-01-22,G21,R2,16886,0,0
2024-01-29,G21,R2,17195,0,0
2024-02-05,G21,R2,17769,0,0
2024-02-12,G21,R2,17693,0,0
2024-02-19,G21,R2,18319,0,0
2024-02-26,G21,R2,18311,0,0
2024-03-04,G21,R2,18019,0,0
2024-03-11,G21,R2,16964,0,0
2024-03-18,G21,R2,17347,0,0
2024-03-25,G21,R2,17188,0,0
2024-04-01,G21,R2,18213,0,0
2024-04-08,G21,R2,17284,0,0
2024-04-15,G21,R2,17847,0,0
2024-04-22,G21,R2,17069,0,0
2024-04-29,G21,R2,17745,0,0
2024-05-06,G21,R2,16759,0,0
2024-05-13,G21,R2,16982,0,0
2024-05-20,G21,R2,16730,0,0
2024-05-27,G21,R2,16439,0,0
2024-06-03,G21,R2,16409,0,0
2024-06-10,G21,R2,16433,0,0
2024-06-17,G21,R2,17016,0,0
2024-06-24,G21,R2,16386,0,0
2024-07-01,G21,R2,16368,0,0
2024-07-08,G21,R2,16572,0,0
2024-07-15,G21,R2,16668,0,0
2024-07-22,G21,R2,16672,0,0
2024-07-29,G21,R2,17203,0,0
2024-08-05,G21,R2,16646,0,0
2024-08-12,G21,R2,15951,0,0
2024-08-19,G21,R2,16250,0,0
2024-08-26,G21,R2,16118,0,0
2024-09-02,G21,R2,16355,0,0
2024-09-09,G21,R2,15884,0,0
2024-09-16,G21,R2,15818,0,0
2024-09-23,G21,R2,15682,0,0
2024-09-30,G21,R2,16213,0,0
2024-10-07,G21,R2,16688,0,0
2024-10-14,G21,R2,16321,0,0
2024-10-21,G21,R2,16565,0,0
2024-10-28,G21,R2,17174,0,0
2024-11-04,G21,R2,16509,0,0
2024-11-11,G21,R2,16710,0,0
2024-11-18,G21,R2,16521,0,0
2024-11-25,G21,R2,16860,0,0
2024-12-02,G21,R2,17206,0,0
2024-12-09,G21,R2,17092,0,0
2024-12-16,G21,R2,16907,0,0
2024-12-23,G21,R2,17392,0,0
2024-12-30,G21,R2,17714,0,0
2025-01-06,G21,R2,17810,0,0
2025-01-13,G21,R2,17835,0,0
2025-01-20,G21,R2,17212,0,0
2025-01-27,G21,R2,18098,0,0
2025-02-03,G21,R2,18794,0,0
2025-02-10,G21,R2,18324,0,0
2025-02-17,G21,R2,18356,0,0
2025-02-24,G21,R2,18705,0,0
2025-03-03,G21,R2,18346,0,0
2025-03-10,G21,R2,18205,0,0
2025-03-17,G21,R2,18621,0,0
2025-03-24,G21,R2,19204,0,0
2025-03-31,G21,R2,17840,0,0
2025-04-07,G21,R2,17995,0,0
2025-04-14,G21,R2,17969,0,0
2025-04-21,G21,R2,18569,0,0
2025-04-28,G21,R2,18799,0,0
2025-05-05,G21,R2,18426,0,0
2025-05-12,G21,R2,18084,0,0
2025-05-19,G21,R2,18377,0,0
2025-05-26,G21,R2,17817,0,0
2025-06-02,G21,R2,17665,0,0
2025-06-09,G21,R2,17345,0,0
2025-06-16,G21,R2,17401,0,0
2025-06-23,G21,R2,16553,0,0
2025-06-30,G21,R2,16373,0,0
2025-07-07,G21,R2,16636,0,0
2025-07-14,G21,R2,16780,0,0
2025-07-21,G21,R2,16886,0,0
2025-07-28,G21,R2,17612,0,0
2025-08-04,G21,R2,17127,0,0
2025-08-11,G21,R2,16975,0,0
2025-08-18,G21,R2,16213,0,0
2025-08-25,G21,R2,16183,0,0
2025-09-01,G21,R2,16455,0,0
2025-09-08,G21,R2,16065,0,0
2025-09-15,G21,R2,15996,0,0
2025-09-22,G21,R2,16341,0,0
2025-09-29,G21,R2,16833,0,0
2025-10-06,G21,R2,17226,0,0
2025-10-13,G21,R2,17792,0,0
2025-10-20,G21,R2,17223,0,1
2025-10-27,G21,R2,16794,0,1
2025-11-03,G21,R2,17746,0,1
2025-11-10,G21,R2,17992,0,1
2025-11-17,G21,R2,18049,0,1
2025-11-24,G21,R2,18144,0,1
2025-12-01,G21,R2,18120,0,1
2025-12-08,G21,R2,18210,0,1
2025-12-15,G21,R2,18291,0,1
2025-12-22,G21,R2,18387,0,1
2024-01-01,G22,R3,2461,0,0
2024-01-08,G22,R3,2460,0,0
2024-01-15,G22,R3,2499,0,0
2024-01-22,G22,R3,2354,0,0
2024-01-29,G22,R3,2538,0,0
2024-02-05,G22,R3,2508,0,0
2024-02-12,G22,R3,2562,0,0
2024-02-19,G22,R3,2598,0,0
2024-02-26,G22,R3,2634,0,0
2024-03-04,G22,R3,2664,0,0
2024-03-11,G22,R3,2586,0,0
2024-03-18,G22,R3,2669,0,0
2024-03-25,G22,R3,2609,0,0
2024-04-01,G22,R3,2542,0,0
2024-04-08,G22,R3,2536,0,0
2024-04-15,G22,R3,2566,0,0
2024-04-22,G22,R3,2535,0,0
2024-04-29,G22,R3,2411,0,0
2024-05-06,G22,R3,2381,0,0
2024-05-13,G22,R3,2425,0,0
2024-05-20,G22,R3,2356,0,0
2024-05-27,G22,R3,2331,0,0
2024-06-03,G22,R3,2388,0,0
2024-06-10,G22,R3,2249,0,0
2024-06-17,G22,R3,2394,0,0
2024-06-24,G22,R3,2287,0,0
2024-07-01,G22,R3,2164,0,0
2024-07-08,G22,R3,2115,0,0
2024-07-15,G22,R3,2198,0,0
2024-07-22,G22,R3,2258,0,0
2024-07-29,G22,R3,2241,0,0
2024-08-05,G22,R3,2211,0,0
2024-08-12,G22,R3,2185,0,0
2024-08-19,G22,R3,2243,0,0
2024-08-26,G22,R3,2216,0,0
2024-09-02,G22,R3,2157,0,0
2024-09-09,G22,R3,2152,0,0
2024-09-16,G22,R3,2184,0,0
2024-09-23,G22,R3,2126,0,0
2024-09-30,G22,R3,2170,0,0
2024-10-07,G22,R3,2254,0,0
2024-10-14,G22,R3,2241,0,0
2024-10-21,G22,R3,2268,0,0
2024-10-28,G22,R3,2369,0,0
2024-11-04,G22,R3,2231,0,0
2024-11-11,G22,R3,2266,0,0
2024-11-18,G22,R3,2243,0,0
2024-11-25,G22,R3,2336,0,0
2024-12-02,G22,R3,2302,0,0
2024-12-09,G22,R3,2343,0,0
2024-12-16,G22,R3,2394,0,0
2024-12-23,G22,R3,2510,0,0
2024-12-30,G22,R3,2444,0,0
2025-01-06,G22,R3,2592,0,0
2025-01-13,G22,R3,2604,0,0
2025-01-20,G22,R3,2559,0,0
2025-01-27,G22,R3,2638,0,0
2025-02-03,G22,R3,2667,0,0
2025-02-10,G22,R3,2740,0,0
2025-02-17,G22,R3,2734,0,0
2025-02-24,G22,R3,2694,0,0
2025-03-03,G22,R3,2749,0,0
2025-03-10,G22,R3,2873,0,0
2025-03-17,G22,R3,2698,0,0
2025-03-24,G22,R3,2675,0,0
2025-03-31,G22,R3,2684,0,0
2025-04-07,G22,R3,2618,0,0
2025-04-14,G22,R3,2653,0,0
2025-04-21,G22,R3,2657,0,0
2025-04-28,G22,R3,2648,0,0
2025-05-05,G22,R3,2571,0,0
2025-05-12,G22,R3,2553,0,0
2025-05-19,G22,R3,2580,0,0
2025-05-26,G22,R3,2443,0,0
2025-06-02,G22,R3,2477,0,0
2025-06-09,G22,R3,2372,0,0
2025-06-16,G22,R3,2442,0,0
2025-06-23,G22,R3,2341,0,0
2025-06-30,G22,R3,2318,0,0
2025-07-07,G22,R3,2334,0,0
2025-07-14,G22,R3,2353,0,0
2025-07-21,G22,R3,2336,0,0
2025-07-28,G22,R3,2253,0,0
2025-08-04,G22,R3,2275,0,0
2025-08-11,G22,R3,2304,0,0
2025-08-18,G22,R3,2180,0,0
2025-08-25,G22,R3,2179,0,0
2025-09-01,G22,R3,2204,0,0
2025-09-08,G22,R3,2231,0,0
2025-09-15,G22,R3,2152,0,0
2025-09-22,G22,R3,2213,0,0
2025-09-29,G22,R3,2242,0,0
2025-10-06,G22,R3,2263,0,0
2025-10-13,G22,R3,2336,0,0
2025-10-20,G22,R3,2294,0,1
2025-10-27,G22,R3,2347,0,1
2025-11-03,G22,R3,2392,0,1
2025-11-10,G22,R3,2412,0,1
2025-11-17,G22,R3,2596,0,1
2025-11-24,G22,R3,2556,0,1
2025-12-01,G22,R3,2699,0,1
2025-12-08,G22,R3,2700,0,1
2025-12-15,G22,R3,2688,0,1
2025-12-22,G22,R3,2661,0,1
2024-01-01,G23,R4,11655,0,0
2024-01-08,G23,R4,11599,0,0
2024-01-15,G23,R4,11828,0,0
2024-01-22,G23,R4,11803,0,0
2024-01-29,G23,R4,12463,0,0
2024-02-05,G23,R4,12012,0,0
2024-02-12,G23,R4,12573,0,0
2024-02-19,G23,R4,12489,0,0
2024-02-26,G23,R4,13042,0,0
2024-03-04,G23,R4,12421,0,0
2024-03-11,G23,R4,12369,0,0
2024-03-18,G23,R4,12443,0,0
2024-03-25,G23,R4,12715,0,0
2024-04-01,G23,R4,12619,0,0
2024-04-08,G23,R4,12421,0,0
2024-04-15,G23,R4,12582,0,0
2024-04-22,G23,R4,12011,0,0
2024-04-29,G23,R4,11967,0,0
2024-05-06,G23,R4,11770,0,0
2024-05-13,G23,R4,11208,0,0
2024-05-20,G23,R4,11831,0,0
2024-05-27,G23,R4,11610,0,0
2024-06-03,G23,R4,11430,0,0
2024-06-10,G23,R4,10953,0,0
2024-06-17,G23,R4,11380,0,0
2024-06-24,G23,R4,10902,0,0
2024-07-01,G23,R4,10679,0,0
2024-07-08,G23,R4,10896,0,0
2024-07-15,G23,R4,10695,0,0
2024-07-22,G23,R4,10776,0,0
2024-07-29,G23,R4,11139,0,0
2024-08-05,G23,R4,10577,0,0
2024-08-12,G23,R4,10586,0,0
2024-08-19,G23,R4,10371,0,0
2024-08-26,G23,R4,10585,0,0
2024-09-02,G23,R4,10676,0,0
2024-09-09,G23,R4,10540,0,0
2024-09-16,G23,R4,10986,0,0
2024-09-23,G23,R4,10505,0,0
2024-09-30,G23,R4,10938,0,0
2024-10-07,G23,R4,10967,0,0
2024-10-14,G23,R4,10840,0,0
2024-10-21,G23,R4,11056,0,0
2024-10-28,G23,R4,11296,0,0
2024-11-04,G23,R4,11071,0,0
2024-11-11,G23,R4,10828,0,0
2024-11-18,G23,R4,11217,0,0
2024-11-25,G23,R4,11677,0,0
2024-12-02,G23,R4,11454,0,0
2024-12-09,G23,R4,11641,0,0
2024-12-16,G23,R4,11717,0,0
2024-12-23,G23,R4,11732,0,0
2024-12-30,G23,R4,12230,0,0
2025-01-06,G23,R4,12691,0,0
2025-01-13,G23,R4,12139,0,0
2025-01-20,G23,R4,12343,0,0
2025-01-27,G23,R4,12682,0,0
2025-02-03,G23,R4,12904,0,0
2025-02-10,G23,R4,13003,0,0
2025-02-17,G23,R4,13048,0,0
2025-02-24,G23,R4,13293,0,0
2025-03-03,G23,R4,12992,0,0
2025-03-10,G23,R4,12862,0,0
2025-03-17,G23,R4,12970,0,0
2025-03-24,G23,R4,12935,0,0
2025-03-31,G23,R4,12517,0,0
2025-04-07,G23,R4,12211,0,0
2025-04-14,G23,R4,12948,0,0
2025-04-21,G23,R4,12908,0,0
2025-04-28,G23,R4,12912,0,0
2025-05-05,G23,R4,12808,0,0
2025-05-12,G23,R4,12137,0,0
2025-05-19,G23,R4,12341,0,0
2025-05-26,G23,R4,11855,0,0
2025-06-02,G23,R4,11940,0,0
2025-06-09,G23,R4,12033,0,0
2025-06-16,G23,R4,11577,0,0
2025-06-23,G23,R4,11415,0,0
2025-06-30,G23,R4,11182,0,0
2025-07-07,G23,R4,11169,0,0
2025-07-14,G23,R4,11833,0,0
2025-07-21,G23,R4,11327,0,0
2025-07-28,G23,R4,11486,0,0
2025-08-04,G23,R4,11411,0,0
2025-08-11,G23,R4,11409,0,0
2025-08-18,G23,R4,11044,0,0
2025-08-25,G23,R4,11465,0,0
2025-09-01,G23,R4,10815,0,0
2025-09-08,G23,R4,11154,0,0
2025-09-15,G23,R4,10983,0,0
2025-09-22,G23,R4,11314,0,0
2025-09-29,G23,R4,11217,0,0
2025-10-06,G23,R4,11808,0,0
2025-10-13,G23,R4,11298,0,0
2025-10-20,G23,R4,11661,0,1
2025-10-27,G23,R4,11797,0,1
2025-11-03,G23,R4,11794,0,1
2025-11-10,G23,R4,11970,0,1
2025-11-17,G23,R4,12180,0,1
2025-11-24,G23,R4,12524,0,1
2025-12-01,G23,R4,12666,0,1
2025-12-08,G23,R4,12936,0,1
2025-12-15,G23,R4,12573,0,1
2025-12-22,G23,R4,13391,0,1
2024-01-01,G24,R2,6320,0,0
2024-01-08,G24,R2,6558,0,0
2024-01-15,G24,R2,6736,0,0
2024-01-22,G24,R2,6525,0,0
2024-01-29,G24,R2,6713,0,0
2024-02-05,G24,R2,6769,0,0
2024-02-12,G24,R2,6808,0,0
2024-02-19,G24,R2,7057,0,0
2024-02-26,G24,R2,6812,0,0
2024-03-04,G24,R2,6753,0,0
2024-03-11,G24,R2,6404,0,0
2024-03-18,G24,R2,6975,0,0
2024-03-25,G24,R2,6697,0,0
2024-04-01,G24,R2,6785,0,0
2024-04-08,G24,R2,6674,0,0
2024-04-15,G24,R2,7050,0,0
2024-04-22,G24,R2,6784,0,0
2024-04-29,G24,R2,6729,0,0
2024-05-06,G24,R2,6687,0,0
2024-05-13,G24,R2,6472,0,0
2024-05-20,G24,R2,6441,0,0
2024-05-27,G24,R2,6228,0,0
2024-06-03,G24,R2,6440,0,0
2024-06-10,G24,R2,6423,0,0
2024-06-17,G24,R2,6479,0,0
2024-06-24,G24,R2,6310,0,0
2024-07-01,G24,R2,6324,0,0
2024-07-08,G24,R2,6362,0,0
2024-07-15,G24,R2,6438,0,0
2024-07-22,G24,R2,6420,0,0
2024-07-29,G24,R2,6480,0,0
2024-08-05,G24,R2,6533,0,0
2024-08-12,G24,R2,6307,0,0
2024-08-19,G24,R2,6380,0,0
2024-08-26,G24,R2,6224,0,0
2024-09-02,G24,R2,6146,0,0
2024-09-09,G24,R2,6189,0,0
2024-09-16,G24,R2,6235,0,0
2024-09-23,G24,R2,6156,0,0
2024-09-30,G24,R2,6360,0,0
2024-10-07,G24,R2,6666,0,0
2024-10-14,G24,R2,6311,0,0
2024-10-21,G24,R2,6567,0,0
2024-10-28,G24,R2,6643,0,0
2024-11-04,G24,R2,6267,0,0
2024-11-11,G24,R2,6159,0,0
2024-11-18,G24,R2,6427,0,0
2024-11-25,G24,R2,6571,0,0
2024-12-02,G24,R2,6590,0,0
2024-12-09,G24,R2,6377,0,0
2024-12-16,G24,R2,6486,0,0
2024-12-23,G24,R2,6673,0,0
2024-12-30,G24,R2,6839,0,0
2025-01-06,G24,R2,6878,0,0
2025-01-13,G24,R2,6909,0,0
2025-01-20,G24,R2,6807,0,0
2025-01-27,G24,R2,6941,0,0
2025-02-03,G24,R2,7182,0,0
2025-02-10,G24,R2,7013,0,0
2025-02-17,G24,R2,6959,0,0
2025-02-24,G24,R2,6994,0,0
2025-03-03,G24,R2,7057,0,0
2025-03-10,G24,R2,7225,0,0
2025-03-17,G24,R2,7322,0,0
2025-03-24,G24,R2,7236,0,0
2025-03-31,G24,R2,7204,0,0
2025-04-07,G24,R2,7125,0,0
2025-04-14,G24,R2,7183,0,0
2025-04-21,G24,R2,7018,0,0
2025-04-28,G24,R2,7176,0,0
2025-05-05,G24,R2,7188,0,0
2025-05-12,G24,R2,7042,0,0
2025-05-19,G24,R2,6878,0,0
2025-05-26,G24,R2,6669,0,0
2025-06-02,G24,R2,6816,0,0
2025-06-09,G24,R2,6716,0,0
2025-06-16,G24,R2,6558,0,0
2025-06-23,G24,R2,6652,0,0
2025-06-30,G24,R2,6418,0,0
2025-07-07,G24,R2,6530,0,0
2025-07-14,G24,R2,6663,0,0
2025-07-21,G24,R2,6499,0,0
2025-07-28,G24,R2,6534,0,0
2025-08-04,G24,R2,7067,0,0
2025-08-11,G24,R2,6560,0,0
2025-08-18,G24,R2,6674,0,0
2025-08-25,G24,R2,6330,0,0
2025-09-01,G24,R2,6471,0,0
2025-09-08,G24,R2,6454,0,0
2025-09-15,G24,R2,6236,0,0
2025-09-22,G24,R2,6490,0,0
2025-09-29,G24,R2,6444,0,0
2025-10-06,G24,R2,6558,0,0
2025-10-13,G24,R2,6977,0,0
2025-10-20,G24,R2,6599,0,1
2025-10-27,G24,R2,6836,0,1
2025-11-03,G24,R2,6954,0,1
2025-11-10,G24,R2,7044,0,1
2025-11-17,G24,R2,7207,0,1
2025-11-24,G24,R2,6882,0,1
2025-12-01,G24,R2,6946,0,1
2025-12-08,G24,R2,7229,0,1
2025-12-15,G24,R2,7196,0,1
2025-12-22,G24,R2,7235,0,1
2024-01-01,G25,R4,5929,0,0
2024-01-08,G25,R4,6079,0,0
2024-01-15,G25,R4,6226,0,0
2024-01-22,G25,R4,6279,0,0
2024-01-29,G25,R4,6253,0,0
2024-02-05,G25,R4,6272,0,0
2024-02-12,G25,R4,6401,0,0
2024-02-19,G25,R4,6324,0,0
2024-02-26,G25,R4,6553,0,0
2024-03-04,G25,R4,6611,0,0
2024-03-11,G25,R4,6576,0,0
2024-03-18,G25,R4,6515,0,0
2024-03-25,G25,R4,6546,0,0
2024-04-01,G25,R4,6311,0,0
2024-04-08,G25,R4,6437,0,0
2024-04-15,G25,R4,6498,0,0
2024-04-22,G25,R4,6275,0,0
2024-04-29,G25,R4,6047,0,0
2024-05-06,G25,R4,6021,0,0
2024-05-13,G25,R4,5850,0,0
2024-05-20,G25,R4,5960,0,0
2024-05-27,G25,R4,5959,0,0
2024-06-03,G25,R4,6052,0,0
2024-06-10,G25,R4,5736,0,0
2024-06-17,G25,R4,5918,0,0
2024-06-24,G25,R4,5641,0,0
2024-07-01,G25,R4,5529,0,0
2024-07-08,G25,R4,5798,0,0
2024-07-15,G25,R4,5643,0,0
2024-07-22,G25,R4,5563,0,0
2024-07-29,G25,R4,5610,0,0
2024-08-05,G25,R4,5779,0,0
2024-08-12,G25,R4,5459,0,0
2024-08-19,G25,R4,5503,0,0
2024-08-26,G25,R4,5428,0,0
2024-09-02,G25,R4,5524,0,0
2024-09-09,G25,R4,5457,0,0
2024-09-16,G25,R4,5580,0,0
2024-09-23,G25,R4,5434,0,0
2024-09-30,G25,R4,5496,0,0
2024-10-07,G25,R4,5754,0,0
2024-10-14,G25,R4,5739,0,0
2024-10-21,G25,R4,5522,0,0
2024-10-28,G25,R4,5772,0,0
2024-11-04,G25,R4,5672,0,0
2024-11-11,G25,R4,5787,0,0
2024-11-18,G25,R4,5695,0,0
2024-11-25,G25,R4,5884,0,0
2024-12-02,G25,R4,6004,0,0
2024-12-09,G25,R4,5816,0,0
2024-12-16,G25,R4,6301,0,0
2024-12-23,G25,R4,5928,0,0
2024-12-30,G25,R4,6164,0,0
2025-01-06,G25,R4,6410,0,0
2025-01-13,G25,R4,6479,0,0
2025-01-20,G25,R4,6454,0,0
2025-01-27,G25,R4,6391,0,0
2025-02-03,G25,R4,6519,0,0
2025-02-10,G25,R4,6571,0,0
2025-02-17,G25,R4,6709,0,0
2025-02-24,G25,R4,6793,0,0
2025-03-03,G25,R4,6675,0,0
2025-03-10,G25,R4,6631,0,0
2025-03-17,G25,R4,6642,0,0
2025-03-24,G25,R4,6731,0,0
2025-03-31,G25,R4,6486,0,0
2025-04-07,G25,R4,6423,0,0
2025-04-14,G25,R4,6456,0,0
2025-04-21,G25,R4,6520,0,0
2025-04-28,G25,R4,6498,0,0
2025-05-05,G25,R4,6581,0,0
2025-05-12,G25,R4,6355,0,0
2025-05-19,G25,R4,6546,0,0
2025-05-26,G25,R4,6100,0,0
2025-06-02,G25,R4,6215,0,0
2025-06-09,G25,R4,5960,0,0
2025-06-16,G25,R4,5982,0,0
2025-06-23,G25,R4,5869,0,0
2025-06-30,G25,R4,5888,0,0
2025-07-07,G25,R4,5652,0,0
2025-07-14,G25,R4,5903,0,0
2025-07-21,G25,R4,5806,0,0
2025-07-28,G25,R4,5747,0,0
2025-08-04,G25,R4,5985,0,0
2025-08-11,G25,R4,5743,0,0
2025-08-18,G25,R4,5801,0,0
2025-08-25,G25,R4,5787,0,0
2025-09-01,G25,R4,5767,0,0
2025-09-08,G25,R4,5690,0,0
2025-09-15,G25,R4,5757,0,0
2025-09-22,G25,R4,5684,0,0
2025-09-29,G25,R4,5896,0,0
2025-10-06,G25,R4,5826,0,0
2025-10-13,G25,R4,5825,0,0
2025-10-20,G25,R4,5936,0,1
2025-10-27,G25,R4,6056,0,1
2025-11-03,G25,R4,6142,0,1
2025-11-10,G25,R4,6270,0,1
2025-11-17,G25,R4,6406,0,1
2025-11-24,G25,R4,6100,0,1
2025-12-01,G25,R4,6266,0,1
2025-12-08,G25,R4,6507,0,1
2025-12-15,G25,R4,6524,0,1
2025-12-22,G25,R4,6620,0,1
2024-01-01,G26,R4,4114,0,0
2024-01-08,G26,R4,4143,0,0
2024-01-15,G26,R4,4110,0,0
2024-01-22,G26,R4,4121,0,0
2024-01-29,G26,R4,4344,0,0
2024-02-05,G26,R4,4278,0,0
2024-02-12,G26,R4,4359,0,0
2024-02-19,G26,R4,4331,0,0
2024-02-26,G26,R4,4397,0,0
2024-03-04,G26,R4,4474,0,0
2024-03-11,G26,R4,4128,0,0
2024-03-18,G26,R4,4360,0,0
2024-03-25,G26,R4,4383,0,0
2024-04-01,G26,R4,4249,0,0
2024-04-08,G26,R4,4188,0,0
2024-04-15,G26,R4,4242,0,0
2024-04-22,G26,R4,4230,0,0
2024-04-29,G26,R4,4077,0,0
2024-05-06,G26,R4,3965,0,0
2024-05-13,G26,R4,3974,0,0
2024-05-20,G26,R4,3961,0,0
2024-05-27,G26,R4,4026,0,0
2024-06-03,G26,R4,3937,0,0
2024-06-10,G26,R4,3753,0,0
2024-06-17,G26,R4,3961,0,0
2024-06-24,G26,R4,3785,0,0
2024-07-01,G26,R4,3736,0,0
2024-07-08,G26,R4,3736,0,0
2024-07-15,G26,R4,3813,0,0
2024-07-22,G26,R4,3776,0,0
2024-07-29,G26,R4,3776,0,0
2024-08-05,G26,R4,3669,0,0
2024-08-12,G26,R4,3749,0,0
2024-08-19,G26,R4,3714,0,0
2024-08-26,G26,R4,3683,0,0
2024-09-02,G26,R4,3716,0,0
2024-09-09,G26,R4,3643,0,0
2024-09-16,G26,R4,3853,0,0
2024-09-23,G26,R4,3657,0,0
2024-09-30,G26,R4,3767,0,0
2024-10-07,G26,R4,3843,0,0
2024-10-14,G26,R4,3844,0,0
2024-10-21,G26,R4,3786,0,0
2024-10-28,G26,R4,3910,0,0
2024-11-04,G26,R4,3829,0,0
2024-11-11,G26,R4,3817,0,0
2024-11-18,G26,R4,3816,0,0
2024-11-25,G26,R4,3916,0,0
2024-12-02,G26,R4,3985,0,0
2024-12-09,G26,R4,3928,0,0
2024-12-16,G26,R4,4052,0,0
2024-12-23,G26,R4,4037,0,0
2024-12-30,G26,R4,4242,0,0
2025-01-06,G26,R4,4303,0,0
2025-01-13,G26,R4,4341,0,0
2025-01-20,G26,R4,4258,0,0
2025-01-27,G26,R4,4493,0,0
2025-02-03,G26,R4,4503,0,0
2025-02-10,G26,R4,4465,0,0
2025-02-17,G26,R4,4497,0,0
2025-02-24,G26,R4,4452,0,0
2025-03-03,G26,R4,4516,0,0
2025-03-10,G26,R4,4485,0,0
2025-03-17,G26,R4,4452,0,0
2025-03-24,G26,R4,4488,0,0
2025-03-31,G26,R4,4276,0,0
2025-04-07,G26,R4,4325,0,0
2025-04-14,G26,R4,4365,0,0
2025-04-21,G26,R4,4409,0,0
2025-04-28,G26,R4,4395,0,0
2025-05-05,G26,R4,4484,0,0
2025-05-12,G26,R4,4189,0,0
2025-05-19,G26,R4,4274,0,0
2025-05-26,G26,R4,4240,0,0
2025-06-02,G26,R4,4196,0,0
2025-06-09,G26,R4,4011,0,0
2025-06-16,G26,R4,4086,0,0
2025-06-23,G26,R4,4056,0,0
2025-06-30,G26,R4,3908,0,0
2025-07-07,G26,R4,3900,0,0
2025-07-14,G26,R4,3968,0,0
2025-07-21,G26,R4,3898,0,0
2025-07-28,G26,R4,3932,0,0
2025-08-04,G26,R4,3926,0,0
2025-08-11,G26,R4,3949,0,0
2025-08-18,G26,R4,3874,0,0
2025-08-25,G26,R4,3852,0,0
2025-09-01,G26,R4,3881,0,0
2025-09-08,G26,R4,3773,0,0
2025-09-15,G26,R4,3734,0,0
2025-09-22,G26,R4,3862,0,0
2025-09-29,G26,R4,3937,0,0
2025-10-06,G26,R4,3920,0,0
2025-10-13,G26,R4,3973,0,0
2025-10-20,G26,R4,3926,0,1
2025-10-27,G26,R4,4011,0,1
2025-11-03,G26,R4,4010,0,1
2025-11-10,G26,R4,4221,0,1
2025-11-17,G26,R4,4326,0,1
2025-11-24,G26,R4,4383,0,1
2025-12-01,G26,R4,4232,0,1
2025-12-08,G26,R4,4302,0,1
2025-12-15,G26,R4,4473,0,1
2025-12-22,G26,R4,4478,0,1
2024-01-01,G27,R1,4198,0,0
2024-01-08,G27,R1,4177,0,0
2024-01-15,G27,R1,4285,0,0
2024-01-22,G27,R1,4032,0,0
2024-01-29,G27,R1,4325,0,0
2024-02-05,G27,R1,4319,0,0
2024-02-12,G27,R1,4368,0,0
2024-02-19,G27,R1,4421,0,0
2024-02-26,G27,R1,4572,0,0
2024-03-04,G27,R1,4526,0,0
2024-03-11,G27,R1,4337,0,0
2024-03-18,G27,R1,4350,0,0
2024-03-25,G27,R1,4504,0,0
2024-04-01,G27,R1,4283,0,0
2024-04-08,G27,R1,4131,0,0
2024-04-15,G27,R1,4322,0,0
2024-04-22,G27,R1,4157,0,0
2024-04-29,G27,R1,4166,0,0
2024-05-06,G27,R1,4042,0,0
2024-05-13,G27,R1,3927,0,0
2024-05-20,G27,R1,4030,0,0
2024-05-27,G27,R1,3834,0,0
2024-06-03,G27,R1,4023,0,0
2024-06-10,G27,R1,3767,0,0
2024-06-17,G27,R1,3927,0,0
2024-06-24,G27,R1,3753,0,0
2024-07-01,G27,R1,3692,0,0
2024-07-08,G27,R1,3752,0,0
2024-07-15,G27,R1,3586,0,0
2024-07-22,G27,R1,3664,0,0
2024-07-29,G27,R1,3710,0,0
2024-08-05,G27,R1,3698,0,0
2024-08-12,G27,R1,3624,0,0
2024-08-19,G27,R1,3625,0,0
2024-08-26,G27,R1,3519,0,0
2024-09-02,G27,R1,3591,0,0
2024-09-09,G27,R1,3486,0,0
2024-09-16,G27,R1,3647,0,0
2024-09-23,G27,R1,3483,0,0
2024-09-30,G27,R1,3562,0,0
2024-10-07,G27,R1,3861,0,0
2024-10-14,G27,R1,3623,0,0
2024-10-21,G27,R1,3718,0,0
2024-10-28,G27,R1,3776,0,0
2024-11-04,G27,R1,3841,0,0
2024-11-11,G27,R1,3745,0,0
2024-11-18,G27,R1,3798,0,0
2024-11-25,G27,R1,3881,0,0
2024-12-02,G27,R1,3829,0,0
2024-12-09,G27,R1,3915,0,0
2024-12-16,G27,R1,4017,0,0
2024-12-23,G27,R1,4107,0,0
2024-12-30,G27,R1,4282,0,0
2025-01-06,G27,R1,4315,0,0
2025-01-13,G27,R1,4378,0,0
2025-01-20,G27,R1,4393,0,0
2025-01-27,G27,R1,4256,0,0
2025-02-03,G27,R1,4499,0,0
2025-02-10,G27,R1,4429,0,0
2025-02-17,G27,R1,4622,0,0
2025-02-24,G27,R1,4573,0,0
2025-03-03,G27,R1,4656,0,0
2025-03-10,G27,R1,4707,0,0
2025-03-17,G27,R1,4624,0,0
2025-03-24,G27,R1,4486,0,0
2025-03-31,G27,R1,4393,0,0
2025-04-07,G27,R1,4332,0,0
2025-04-14,G27,R1,4501,0,0
2025-04-21,G27,R1,4426,0,0
2025-04-28,G27,R1,4380,0,0
2025-05-05,G27,R1,4327,0,0
2025-05-12,G27,R1,4137,0,0
2025-05-19,G27,R1,4285,0,0
2025-05-26,G27,R1,4217,0,0
2025-06-02,G27,R1,4125,0,0
2025-06-09,G27,R1,3908,0,0
2025-06-16,G27,R1,3887,0,0
2025-06-23,G27,R1,3667,0,0
2025-06-30,G27,R1,3783,0,0
2025-07-07,G27,R1,3669,0,0
2025-07-14,G27,R1,3936,0,0
2025-07-21,G27,R1,3703,0,0
2025-07-28,G27,R1,3832,0,0
2025-08-04,G27,R1,3725,0,0
2025-08-11,G27,R1,3768,0,0
2025-08-18,G27,R1,3656,0,0
2025-08-25,G27,R1,3749,0,0
2025-09-01,G27,R1,3614,0,0
2025-09-08,G27,R1,3698,0,0
2025-09-15,G27,R1,3673,0,0
2025-09-22,G27,R1,3758,0,0
2025-09-29,G27,R1,3712,0,0
2025-10-06,G27,R1,3862,0,0
2025-10-13,G27,R1,3869,0,0
2025-10-20,G27,R1,3851,0,1
2025-10-27,G27,R1,3873,0,1
2025-11-03,G27,R1,3931,0,1
2025-11-10,G27,R1,4070,0,1
2025-11-17,G27,R1,4185,0,1
2025-11-24,G27,R1,4307,0,1
2025-12-01,G27,R1,4311,0,1
2025-12-08,G27,R1,4418,0,1
2025-12-15,G27,R1,4416,0,1
2025-12-22,G27,R1,4459,0,1
2024-01-01,G28,R3,6157,0,0
2024-01-08,G28,R3,6206,0,0
2024-01-15,G28,R3,6463,0,0
2024-01-22,G28,R3,6076,0,0
2024-01-29,G28,R3,6451,0,0
2024-02-05,G28,R3,6491,0,0
2024-02-12,G28,R3,6567,0,0
2024-02-19,G28,R3,6609,0,0
2024-02-26,G28,R3,6680,0,0
2024-03-04,G28,R3,6930,0,0
2024-03-11,G28,R3,6577,0,0
2024-03-18,G28,R3,6511,0,0
2024-03-25,G28,R3,6607,0,0
2024-04-01,G28,R3,6551,0,0
2024-04-08,G28,R3,6306,0,0
2024-04-15,G28,R3,6575,0,0
2024-04-22,G28,R3,6304,0,0
2024-04-29,G28,R3,6281,0,0
2024-05-06,G28,R3,6219,0,0
2024-05-13,G28,R3,5931,0,0
2024-05-20,G28,R3,5998,0,0
2024-05-27,G28,R3,5902,0,0
2024-06-03,G28,R3,5874,0,0
2024-06-10,G28,R3,5584,0,0
2024-06-17,G28,R3,6028,0,0
2024-06-24,G28,R3,5680,0,0
2024-07-01,G28,R3,5661,0,0
2024-07-08,G28,R3,5664,0,0
2024-07-15,G28,R3,5486,0,0
2024-07-22,G28,R3,5832,0,0
2024-07-29,G28,R3,5606,0,0
2024-08-05,G28,R3,5504,0,0
2024-08-12,G28,R3,5472,0,0
2024-08-19,G28,R3,5811,0,0
2024-08-26,G28,R3,5435,0,0
2024-09-02,G28,R3,5366,0,0
2024-09-09,G28,R3,5508,0,0
2024-09-16,G28,R3,5516,0,0
2024-09-23,G28,R3,5375,0,0
2024-09-30,G28,R3,5548,0,0
2024-10-07,G28,R3,5677,0,0
2024-10-14,G28,R3,5749,0,0
2024-10-21,G28,R3,5560,0,0
2024-10-28,G28,R3,5649,0,0
2024-11-04,G28,R3,5682,0,0
2024-11-11,G28,R3,5772,0,0
2024-11-18,G28,R3,5860,0,0
2024-11-25,G28,R3,5879,0,0
2024-12-02,G28,R3,5910,0,0
2024-12-09,G28,R3,6188,0,0
2024-12-16,G28,R3,6161,0,0
2024-12-23,G28,R3,6164,0,0
2024-12-30,G28,R3,6345,0,0
2025-01-06,G28,R3,6595,0,0
2025-01-13,G28,R3,6410,0,0
2025-01-20,G28,R3,6491,0,0
2025-01-27,G28,R3,6564,0,0
2025-02-03,G28,R3,6802,0,0
2025-02-10,G28,R3,7114,0,0
2025-02-17,G28,R3,6945,0,0
2025-02-24,G28,R3,6955,0,0
2025-03-03,G28,R3,7248,0,0
2025-03-10,G28,R3,7010,0,0
2025-03-17,G28,R3,7089,0,0
2025-03-24,G28,R3,6771,0,0
2025-03-31,G28,R3,6657,0,0
2025-04-07,G28,R3,6474,0,0
2025-04-14,G28,R3,6766,0,0
2025-04-21,G28,R3,6857,0,0
2025-04-28,G28,R3,6603,0,0
2025-05-05,G28,R3,6657,0,0
2025-05-12,G28,R3,6322,0,0
2025-05-19,G28,R3,6589,0,0
2025-05-26,G28,R3,6428,0,0
2025-06-02,G28,R3,6088,0,0
2025-06-09,G28,R3,6245,0,0
2025-06-16,G28,R3,6054,0,0
2025-06-23,G28,R3,5766,0,0
2025-06-30,G28,R3,5855,0,0
2025-07-07,G28,R3,5813,0,0
2025-07-14,G28,R3,5960,0,0
2025-07-21,G28,R3,5793,0,0
2025-07-28,G28,R3,5906,0,0
2025-08-04,G28,R3,5912,0,0
2025-08-11,G28,R3,5750,0,0
2025-08-18,G28,R3,5853,0,0
2025-08-25,G28,R3,5695,0,0
2025-09-01,G28,R3,5636,0,0
2025-09-08,G28,R3,5670,0,0
2025-09-15,G28,R3,5619,0,0
2025-09-22,G28,R3,5803,0,0
2025-09-29,G28,R3,5588,0,0
2025-10-06,G28,R3,5818,0,0
2025-10-13,G28,R3,6251,0,0
2025-10-20,G28,R3,6039,0,1
2025-10-27,G28,R3,5922,0,1
2025-11-03,G28,R3,6084,0,1
2025-11-10,G28,R3,6158,0,1
2025-11-17,G28,R3,6807,0,1
2025-11-24,G28,R3,6529,0,1
2025-12-01,G28,R3,6794,0,1
2025-12-08,G28,R3,6882,0,1
2025-12-15,G28,R3,6520,0,1
2025-12-22,G28,R3,6975,0,1
2024-01-01,G29,R2,15414,0,0
2024-01-08,G29,R2,15372,0,0
2024-01-15,G29,R2,16062,0,0
2024-01-22,G29,R2,15595,0,0
2024-01-29,G29,R2,16241,0,0
2024-02-05,G29,R2,16166,0,0
2024-02-12,G29,R2,15926,0,0
2024-02-19,G29,R2,15770,0,0
2024-02-26,G29,R2,16414,0,0
2024-03-04,G29,R2,16250,0,0
2024-03-11,G29,R2,15400,0,0
2024-03-18,G29,R2,16476,0,0
2024-03-25,G29,R2,15813,0,0
2024-04-01,G29,R2,16096,0,0
2024-04-08,G29,R2,16116,0,0
2024-04-15,G29,R2,16436,0,0
2024-04-22,G29,R2,16017,0,0
2024-04-29,G29,R2,16188,0,0
2024-05-06,G29,R2,15501,0,0
2024-05-13,G29,R2,15141,0,0
2024-05-20,G29,R2,15993,0,0
2024-05-27,G29,R2,14868,0,0
2024-06-03,G29,R2,15021,0,0
2024-06-10,G29,R2,15383,0,0
2024-06-17,G29,R2,15451,0,0
2024-06-24,G29,R2,15042,0,0
2024-07-01,G29,R2,14866,0,0
2024-07-08,G29,R2,14890,0,0
2024-07-15,G29,R2,15562,0,0
2024-07-22,G29,R2,15367,0,0
2024-07-29,G29,R2,15362,0,0
2024-08-05,G29,R2,15088,0,0
2024-08-12,G29,R2,14998,0,0
2024-08-19,G29,R2,14967,0,0
2024-08-26,G29,R2,15049,0,0
2024-09-02,G29,R2,14838,0,0
2024-09-09,G29,R2,14268,0,0
2024-09-16,G29,R2,14906,0,0
2024-09-23,G29,R2,14158,0,0
2024-09-30,G29,R2,14525,0,0
2024-10-07,G29,R2,15749,0,0
2024-10-14,G29,R2,14911,0,0
2024-10-21,G29,R2,15206,0,0
2024-10-28,G29,R2,15293,0,0
2024-11-04,G29,R2,15080,0,0
2024-11-11,G29,R2,15005,0,0
2024-11-18,G29,R2,15510,0,0
2024-11-25,G29,R2,15083,0,0
2024-12-02,G29,R2,15034,0,0
2024-12-09,G29,R2,15416,0,0
2024-12-16,G29,R2,15663,0,0
2024-12-23,G29,R2,16178,0,0
2024-12-30,G29,R2,15774,0,0
2025-01-06,G29,R2,16043,0,0
2025-01-13,G29,R2,16456,0,0
2025-01-20,G29,R2,16272,0,0
2025-01-27,G29,R2,16661,0,0
2025-02-03,G29,R2,16463,0,0
2025-02-10,G29,R2,16918,0,0
2025-02-17,G29,R2,17153,0,0
2025-02-24,G29,R2,16679,0,0
2025-03-03,G29,R2,17016,0,0
2025-03-10,G29,R2,16981,0,0
2025-03-17,G29,R2,16929,0,0
2025-03-24,G29,R2,16864,0,0
2025-03-31,G29,R2,16453,0,0
2025-04-07,G29,R2,16148,0,0
2025-04-14,G29,R2,16552,0,0
2025-04-21,G29,R2,16676,0,0
2025-04-28,G29,R2,16604,0,0
2025-05-05,G29,R2,17117,0,0
2025-05-12,G29,R2,16430,0,0
2025-05-19,G29,R2,16400,0,0
2025-05-26,G29,R2,16371,0,0
2025-06-02,G29,R2,16418,0,0
2025-06-09,G29,R2,15370,0,0
2025-06-16,G29,R2,15445,0,0
2025-06-23,G29,R2,15489,0,0
2025-06-30,G29,R2,15407,0,0
2025-07-07,G29,R2,14636,0,0
2025-07-14,G29,R2,15826,0,0
2025-07-21,G29,R2,15135,0,0
2025-07-28,G29,R2,15043,0,0
2025-08-04,G29,R2,15839,0,0
2025-08-11,G29,R2,15077,0,0
2025-08-18,G29,R2,15067,0,0
2025-08-25,G29,R2,15462,0,0
2025-09-01,G29,R2,15280,0,0
2025-09-08,G29,R2,14872,0,0
2025-09-15,G29,R2,14656,0,0
2025-09-22,G29,R2,15168,0,0
2025-09-29,G29,R2,15085,0,0
2025-10-06,G29,R2,15284,0,0
2025-10-13,G29,R2,15950,0,0
2025-10-20,G29,R2,15504,0,1
2025-10-27,G29,R2,15991,0,1
2025-11-03,G29,R2,16479,0,1
2025-11-10,G29,R2,16699,0,1
2025-11-17,G29,R2,16435,0,1
2025-11-24,G29,R2,16576,0,1
2025-12-01,G29,R2,16456,0,1
2025-12-08,G29,R2,17022,0,1
2025-12-15,G29,R2,16715,0,1
2025-12-22,G29,R2,17185,0,1
2024-01-01,G30,R1,11439,0,0
2024-01-08,G30,R1,11700,0,0
2024-01-15,G30,R1,11746,0,0
2024-01-22,G30,R1,11132,0,0
2024-01-29,G30,R1,11966,0,0
2024-02-05,G30,R1,12223,0,0
2024-02-12,G30,R1,12253,0,0
2024-02-19,G30,R1,12680,0,0
2024-02-26,G30,R1,12496,0,0
2024-03-04,G30,R1,12732,0,0
2024-03-11,G30,R1,12218,0,0
2024-03-18,G30,R1,12285,0,0
2024-03-25,G30,R1,12701,0,0
2024-04-01,G30,R1,11869,0,0
2024-04-08,G30,R1,11677,0,0
2024-04-15,G30,R1,12215,0,0
2024-04-22,G30,R1,12182,0,0
2024-04-29,G30,R1,11372,0,0
2024-05-06,G30,R1,11302,0,0
2024-05-13,G30,R1,10816,0,0
2024-05-20,G30,R1,10847,0,0
2024-05-27,G30,R1,10700,0,0
2024-06-03,G30,R1,11293,0,0
2024-06-10,G30,R1,11044,0,0
2024-06-17,G30,R1,10962,0,0
2024-06-24,G30,R1,10805,0,0
2024-07-01,G30,R1,10015,0,0
2024-07-08,G30,R1,10208,0,0
2024-07-15,G30,R1,10721,0,0
2024-07-22,G30,R1,10202,0,0
2024-07-29,G30,R1,10705,0,0
2024-08-05,G30,R1,10464,0,0
2024-08-12,G30,R1,10250,0,0
2024-08-19,G30,R1,10322,0,0
2024-08-26,G30,R1,10129,0,0
2024-09-02,G30,R1,9973,0,0
2024-09-09,G30,R1,9962,0,0
2024-09-16,G30,R1,10109,0,0
2024-09-23,G30,R1,9887,0,0
2024-09-30,G30,R1,10053,0,0
2024-10-07,G30,R1,10488,0,0
2024-10-14,G30,R1,10436,0,0
2024-10-21,G30,R1,10305,0,0
2024-10-28,G30,R1,10962,0,0
2024-11-04,G30,R1,10629,0,0
2024-11-11,G30,R1,10785,0,0
2024-11-18,G30,R1,10673,0,0
2024-11-25,G30,R1,11203,0,0
2024-12-02,G30,R1,11113,0,0
2024-12-09,G30,R1,11104,0,0
2024-12-16,G30,R1,11278,0,0
2024-12-23,G30,R1,11981,0,0
2024-12-30,G30,R1,12163,0,0
2025-01-06,G30,R1,12271,0,0
2025-01-13,G30,R1,12141,0,0
2025-01-20,G30,R1,12152,0,0
2025-01-27,G30,R1,12282,0,0
2025-02-03,G30,R1,12458,0,0
2025-02-10,G30,R1,12418,0,0
2025-02-17,G30,R1,12829,0,0
2025-02-24,G30,R1,12452,0,0
2025-03-03,G30,R1,12890,0,0
2025-03-10,G30,R1,13030,0,0
2025-03-17,G30,R1,12958,0,0
2025-03-24,G30,R1,12748,0,0
2025-03-31,G30,R1,12622,0,0
2025-04-07,G30,R1,12306,0,0
2025-04-14,G30,R1,12952,0,0
2025-04-21,G30,R1,12426,0,0
2025-04-28,G30,R1,12490,0,0
2025-05-05,G30,R1,12690,0,0
2025-05-12,G30,R1,11736,0,0
2025-05-19,G30,R1,12274,0,0
2025-05-26,G30,R1,11792,0,0
2025-06-02,G30,R1,11371,0,0
2025-06-09,G30,R1,11129,0,0
2025-06-16,G30,R1,11017,0,0
2025-06-23,G30,R1,10911,0,0
2025-06-30,G30,R1,10681,0,0
2025-07-07,G30,R1,10514,0,0
2025-07-14,G30,R1,11135,0,0
2025-07-21,G30,R1,10506,0,0
2025-07-28,G30,R1,10513,0,0
2025-08-04,G30,R1,10716,0,0
2025-08-11,G30,R1,10726,0,0
2025-08-18,G30,R1,10504,0,0
2025-08-25,G30,R1,10617,0,0
2025-09-01,G30,R1,10268,0,0
2025-09-08,G30,R1,10347,0,0
2025-09-15,G30,R1,10212,0,0
2025-09-22,G30,R1,10488,0,0
2025-09-29,G30,R1,10997,0,0
2025-10-06,G30,R1,11176,0,0
2025-10-13,G30,R1,11072,0,0
2025-10-20,G30,R1,10761,0,1
2025-10-27,G30,R1,10973,0,1
2025-11-03,G30,R1,11504,0,1
2025-11-10,G30,R1,11713,0,1
2025-11-17,G30,R1,12192,0,1
2025-11-24,G30,R1,12068,0,1
2025-12-01,G30,R1,12138,0,1
2025-12-08,G30,R1,12981,0,1
2025-12-15,G30,R1,12974,0,1
2025-12-22,G30,R1,12781,0,1
2024-01-01,G31,R3,25110,0,0
2024-01-08,G31,R3,25561,0,0
2024-01-15,G31,R3,25780,0,0
2024-01-22,G31,R3,24585,0,0
2024-01-29,G31,R3,25970,0,0
2024-02-05,G31,R3,25948,0,0
2024-02-12,G31,R3,25957,0,0
2024-02-19,G31,R3,26352,0,0
2024-02-26,G31,R3,26890,0,0
2024-03-04,G31,R3,27743,0,0
2024-03-11,G31,R3,27225,0,0
2024-03-18,G31,R3,27187,0,0
2024-03-25,G31,R3,27265,0,0
2024-04-01,G31,R3,25930,0,0
2024-04-08,G31,R3,26223,0,0
2024-04-15,G31,R3,26660,0,0
2024-04-22,G31,R3,26133,0,0
2024-04-29,G31,R3,24620,0,0
2024-05-06,G31,R3,24947,0,0
2024-05-13,G31,R3,24555,0,0
2024-05-20,G31,R3,24365,0,0
2024-05-27,G31,R3,23431,0,0
2024-06-03,G31,R3,23949,0,0
2024-06-10,G31,R3,23663,0,0
2024-06-17,G31,R3,23989,0,0
2024-06-24,G31,R3,22824,0,0
2024-07-01,G31,R3,22654,0,0
2024-07-08,G31,R3,23054,0,0
2024-07-15,G31,R3,23512,0,0
2024-07-22,G31,R3,23689,0,0
2024-07-29,G31,R3,22993,0,0
2024-08-05,G31,R3,22425,0,0
2024-08-12,G31,R3,22715,0,0
2024-08-19,G31,R3,23490,0,0
2024-08-26,G31,R3,22277,0,0
2024-09-02,G31,R3,22258,0,0
2024-09-09,G31,R3,22800,0,0
2024-09-16,G31,R3,22396,0,0
2024-09-23,G31,R3,22280,0,0
2024-09-30,G31,R3,22848,0,0
2024-10-07,G31,R3,22955,0,0
2024-10-14,G31,R3,23572,0,0
2024-10-21,G31,R3,22969,0,0
2024-10-28,G31,R3,23351,0,0
2024-11-04,G31,R3,22392,0,0
2024-11-11,G31,R3,23228,0,0
2024-11-18,G31,R3,23986,0,0
2024-11-25,G31,R3,24079,0,0
2024-12-02,G31,R3,23725,0,0
2024-12-09,G31,R3,24545,0,0
2024-12-16,G31,R3,24566,0,0
2024-12-23,G31,R3,24625,0,0
2024-12-30,G31,R3,26146,0,0
2025-01-06,G31,R3,26269,0,0
2025-01-13,G31,R3,26125,0,0
2025-01-20,G31,R3,25901,0,0
2025-01-27,G31,R3,27110,0,0
2025-02-03,G31,R3,28096,0,0
2025-02-10,G31,R3,27624,0,0
2025-02-17,G31,R3,27715,0,0
2025-02-24,G31,R3,28676,0,0
2025-03-03,G31,R3,29334,0,0
2025-03-10,G31,R3,29632,0,0
2025-03-17,G31,R3,27874,0,0
2025-03-24,G31,R3,27942,0,0
2025-03-31,G31,R3,27666,0,0
2025-04-07,G31,R3,28004,0,0
2025-04-14,G31,R3,27801,0,0
2025-04-21,G31,R3,28062,0,0
2025-04-28,G31,R3,27323,0,0
2025-05-05,G31,R3,26243,0,0
2025-05-12,G31,R3,25813,0,0
2025-05-19,G31,R3,27177,0,0
2025-05-26,G31,R3,25843,0,0
2025-06-02,G31,R3,24426,0,0
2025-06-09,G31,R3,24253,0,0
2025-06-16,G31,R3,24760,0,0
2025-06-23,G31,R3,23635,0,0
2025-06-30,G31,R3,23415,0,0
2025-07-07,G31,R3,24510,0,0
2025-07-14,G31,R3,24115,0,0
2025-07-21,G31,R3,23932,0,0
2025-07-28,G31,R3,22939,0,0
2025-08-04,G31,R3,23758,0,0
2025-08-11,G31,R3,23407,0,0
2025-08-18,G31,R3,23085,0,0
2025-08-25,G31,R3,22677,0,0
2025-09-01,G31,R3,23690,0,0
2025-09-08,G31,R3,23049,0,0
2025-09-15,G31,R3,22110,0,0
2025-09-22,G31,R3,22820,0,0
2025-09-29,G31,R3,23559,0,0
2025-10-06,G31,R3,24260,0,0
2025-10-13,G31,R3,24872,0,0
2025-10-20,G31,R3,24419,0,1
2025-10-27,G31,R3,24258,0,1
2025-11-03,G31,R3,25213,0,1
2025-11-10,G31,R3,25823,0,1
2025-11-17,G31,R3,27288,0,1
2025-11-24,G31,R3,26781,0,1
2025-12-01,G31,R3,27937,0,1
2025-12-08,G31,R3,28222,0,1
2025-12-15,G31,R3,26960,0,1
2025-12-22,G31,R3,27126,0,1
2024-01-01,G32,R4,8994,0,0
2024-01-08,G32,R4,9165,0,0
2024-01-15,G32,R4,9162,0,0
2024-01-22,G32,R4,9621,0,0
2024-01-29,G32,R4,9525,0,0
2024-02-05,G32,R4,9609,0,0
2024-02-12,G32,R4,9283,0,0
2024-02-19,G32,R4,9726,0,0
2024-02-26,G32,R4,10014,0,0
2024-03-04,G32,R4,9700,0,0
2024-03-11,G32,R4,9821,0,0
2024-03-18,G32,R4,9485,0,0
2024-03-25,G32,R4,9704,0,0
2024-04-01,G32,R4,9411,0,0
2024-04-08,G32,R4,9371,0,0
2024-04-15,G32,R4,9612,0,0
2024-04-22,G32,R4,9264,0,0
2024-04-29,G32,R4,9382,0,0
2024-05-06,G32,R4,9021,0,0
2024-05-13,G32,R4,8654,0,0
2024-05-20,G32,R4,8797,0,0
2024-05-27,G32,R4,8915,0,0
2024-06-03,G32,R4,8720,0,0
2024-06-10,G32,R4,8513,0,0
2024-06-17,G32,R4,8587,0,0
2024-06-24,G32,R4,8421,0,0
2024-07-01,G32,R4,8329,0,0
2024-07-08,G32,R4,8164,0,0
2024-07-15,G32,R4,8330,0,0
2024-07-22,G32,R4,8305,0,0
2024-07-29,G32,R4,8497,0,0
2024-08-05,G32,R4,8345,0,0
2024-08-12,G32,R4,8275,0,0
2024-08-19,G32,R4,8294,0,0
2024-08-26,G32,R4,8279,0,0
2024-09-02,G32,R4,8185,0,0
2024-09-09,G32,R4,8113,0,0
2024-09-16,G32,R4,8356,0,0
2024-09-23,G32,R4,7955,0,0
2024-09-30,G32,R4,8528,0,0
2024-10-07,G32,R4,8656,0,0
2024-10-14,G32,R4,8281,0,0
2024-10-21,G32,R4,8260,0,0
2024-10-28,G32,R4,8351,0,0
2024-11-04,G32,R4,8404,0,0
2024-11-11,G32,R4,8512,0,0
2024-11-18,G32,R4,8402,0,0
2024-11-25,G32,R4,8811,0,0
2024-12-02,G32,R4,8641,0,0
2024-12-09,G32,R4,8881,0,0
2024-12-16,G32,R4,9250,0,0
2024-12-23,G32,R4,8854,0,0
2024-12-30,G32,R4,9480,0,0
2025-01-06,G32,R4,9773,0,0
2025-01-13,G32,R4,9721,0,0
2025-01-20,G32,R4,9653,0,0
2025-01-27,G32,R4,9657,0,0
2025-02-03,G32,R4,9840,0,0
2025-02-10,G32,R4,9759,0,0
2025-02-17,G32,R4,9865,0,0
2025-02-24,G32,R4,10308,0,0
2025-03-03,G32,R4,9815,0,0
2025-03-10,G32,R4,9897,0,0
2025-03-17,G32,R4,10175,0,0
2025-03-24,G32,R4,10086,0,0
2025-03-31,G32,R4,9551,0,0
2025-04-07,G32,R4,9614,0,0
2025-04-14,G32,R4,10168,0,0
2025-04-21,G32,R4,9821,0,0
2025-04-28,G32,R4,9624,0,0
2025-05-05,G32,R4,9697,0,0
2025-05-12,G32,R4,9474,0,0
2025-05-19,G32,R4,9432,0,0
2025-05-26,G32,R4,9213,0,0
2025-06-02,G32,R4,8914,0,0
2025-06-09,G32,R4,8927,0,0
2025-06-16,G32,R4,9072,0,0
2025-06-23,G32,R4,8585,0,0
2025-06-30,G32,R4,8620,0,0
2025-07-07,G32,R4,8755,0,0
2025-07-14,G32,R4,8808,0,0
2025-07-21,G32,R4,8688,0,0
2025-07-28,G32,R4,8910,0,0
2025-08-04,G32,R4,8723,0,0
2025-08-11,G32,R4,8800,0,0
2025-08-18,G32,R4,8733,0,0
2025-08-25,G32,R4,8275,0,0
2025-09-01,G32,R4,8436,0,0
2025-09-08,G32,R4,8529,0,0
2025-09-15,G32,R4,8290,0,0
2025-09-22,G32,R4,8768,0,0
2025-09-29,G32,R4,8632,0,0
2025-10-06,G32,R4,8962,0,0
2025-10-13,G32,R4,8604,0,0
2025-10-20,G32,R4,8731,0,1
2025-10-27,G32,R4,8726,0,1
2025-11-03,G32,R4,8784,0,1
2025-11-10,G32,R4,9314,0,1
2025-11-17,G32,R4,9847,0,1
2025-11-24,G32,R4,9581,0,1
2025-12-01,G32,R4,9456,0,1
2025-12-08,G32,R4,9532,0,1
2025-12-15,G32,R4,9663,0,1
2025-12-22,G32,R4,10140,0,1
2024-01-01,G33,R2,18048,1,0
2024-01-08,G33,R2,18349,1,0
2024-01-15,G33,R2,18835,1,0
2024-01-22,G33,R2,18283,1,0
2024-01-29,G33,R2,18365,1,0
2024-02-05,G33,R2,19006,1,0
2024-02-12,G33,R2,19256,1,0
2024-02-19,G33,R2,19529,1,0
2024-02-26,G33,R2,19272,1,0
2024-03-04,G33,R2,19047,1,0
2024-03-11,G33,R2,18274,1,0
2024-03-18,G33,R2,18831,1,0
2024-03-25,G33,R2,19247,1,0
2024-04-01,G33,R2,18844,1,0
2024-04-08,G33,R2,18685,1,0
2024-04-15,G33,R2,19439,1,0
2024-04-22,G33,R2,18780,1,0
2024-04-29,G33,R2,19172,1,0
2024-05-06,G33,R2,17946,1,0
2024-05-13,G33,R2,18128,1,0
2024-05-20,G33,R2,17707,1,0
2024-05-27,G33,R2,17402,1,0
2024-06-03,G33,R2,18136,1,0
2024-06-10,G33,R2,17633,1,0
2024-06-17,G33,R2,18770,1,0
2024-06-24,G33,R2,18443,1,0
2024-07-01,G33,R2,18041,1,0
2024-07-08,G33,R2,17667,1,0
2024-07-15,G33,R2,18278,1,0
2024-07-22,G33,R2,17984,1,0
2024-07-29,G33,R2,18819,1,0
2024-08-05,G33,R2,17972,1,0
2024-08-12,G33,R2,17485,1,0
2024-08-19,G33,R2,18372,1,0
2024-08-26,G33,R2,17352,1,0
2024-09-02,G33,R2,17466,1,0
2024-09-09,G33,R2,17448,1,0
2024-09-16,G33,R2,17068,1,0
2024-09-23,G33,R2,17218,1,0
2024-09-30,G33,R2,17443,1,0
2024-10-07,G33,R2,18310,1,0
2024-10-14,G33,R2,17486,1,0
2024-10-21,G33,R2,17514,1,0
2024-10-28,G33,R2,18081,1,0
2024-11-04,G33,R2,17931,1,0
2024-11-11,G33,R2,17942,1,0
2024-11-18,G33,R2,17823,1,0
2024-11-25,G33,R2,18027,1,0
2024-12-02,G33,R2,18596,1,0
2024-12-09,G33,R2,18630,1,0
2024-12-16,G33,R2,18194,1,0
2024-12-23,G33,R2,19164,1,0
2024-12-30,G33,R2,18657,1,0
2025-01-06,G33,R2,19103,1,0
2025-01-13,G33,R2,19308,1,0
2025-01-20,G33,R2,18999,1,0
2025-01-27,G33,R2,19417,1,0
2025-02-03,G33,R2,19828,1,0
2025-02-10,G33,R2,20063,1,0
2025-02-17,G33,R2,20705,1,0
2025-02-24,G33,R2,19944,1,0
2025-03-03,G33,R2,20537,1,0
2025-03-10,G33,R2,20074,1,0
2025-03-17,G33,R2,20025,1,0
2025-03-24,G33,R2,19948,1,0
2025-03-31,G33,R2,20059,1,0
2025-04-07,G33,R2,19165,1,0
2025-04-14,G33,R2,19894,1,0
2025-04-21,G33,R2,20241,1,0
2025-04-28,G33,R2,20126,1,0
2025-05-05,G33,R2,19418,1,0
2025-05-12,G33,R2,19850,1,0
2025-05-19,G33,R2,19457,1,0
2025-05-26,G33,R2,18676,1,0
2025-06-02,G33,R2,19175,1,0
2025-06-09,G33,R2,18909,1,0
2025-06-16,G33,R2,18775,1,0
2025-06-23,G33,R2,18323,1,0
2025-06-30,G33,R2,18217,1,0
2025-07-07,G33,R2,17864,1,0
2025-07-14,G33,R2,17960,1,0
2025-07-21,G33,R2,17802,1,0
2025-07-28,G33,R2,18690,1,0
2025-08-04,G33,R2,18785,1,0
2025-08-11,G33,R2,18401,1,0
2025-08-18,G33,R2,18001,1,0
2025-08-25,G33,R2,17958,1,0
2025-09-01,G33,R2,17785,1,0
2025-09-08,G33,R2,18406,1,0
2025-09-15,G33,R2,17438,1,0
2025-09-22,G33,R2,17732,1,0
2025-09-29,G33,R2,18745,1,0
2025-10-06,G33,R2,18449,1,0
2025-10-13,G33,R2,18923,1,0
2025-10-20,G33,R2,16550,1,1
2025-10-27,G33,R2,16192,1,1
2025-11-03,G33,R2,17418,1,1
2025-11-10,G33,R2,18099,1,1
2025-11-17,G33,R2,18023,1,1
2025-11-24,G33,R2,18017,1,1
2025-12-01,G33,R2,17777,1,1
2025-12-08,G33,R2,18218,1,1
2025-12-15,G33,R2,17457,1,1
2025-12-22,G33,R2,18268,1,1
2024-01-01,G34,R3,3987,0,0
2024-01-08,G34,R3,4198,0,0
2024-01-15,G34,R3,4233,0,0
2024-01-22,G34,R3,4108,0,0
2024-01-29,G34,R3,4270,0,0
2024-02-05,G34,R3,4413,0,0
2024-02-12,G34,R3,4327,0,0
2024-02-19,G34,R3,4457,0,0
2024-02-26,G34,R3,4537,0,0
2024-03-04,G34,R3,4548,0,0
2024-03-11,G34,R3,4434,0,0
2024-03-18,G34,R3,4404,0,0
2024-03-25,G34,R3,4420,0,0
2024-04-01,G34,R3,4388,0,0
2024-04-08,G34,R3,4382,0,0
2024-04-15,G34,R3,4500,0,0
2024-04-22,G34,R3,4353,0,0
2024-04-29,G34,R3,4142,0,0
2024-05-06,G34,R3,4167,0,0
2024-05-13,G34,R3,4063,0,0
2024-05-20,G34,R3,3953,0,0
2024-05-27,G34,R3,4001,0,0
2024-06-03,G34,R3,4020,0,0
2024-06-10,G34,R3,3925,0,0
2024-06-17,G34,R3,3900,0,0
2024-06-24,G34,R3,3700,0,0
2024-07-01,G34,R3,3753,0,0
2024-07-08,G34,R3,3863,0,0
2024-07-15,G34,R3,3864,0,0
2024-07-22,G34,R3,3849,0,0
2024-07-29,G34,R3,3759,0,0
2024-08-05,G34,R3,3791,0,0
2024-08-12,G34,R3,3689,0,0
2024-08-19,G34,R3,3795,0,0
2024-08-26,G34,R3,3705,0,0
2024-09-02,G34,R3,3698,0,0
2024-09-09,G34,R3,3589,0,0
2024-09-16,G34,R3,3797,0,0
2024-09-23,G34,R3,3695,0,0
2024-09-30,G34,R3,3779,0,0
2024-10-07,G34,R3,3812,0,0
2024-10-14,G34,R3,3850,0,0
2024-10-21,G34,R3,3718,0,0
2024-10-28,G34,R3,3837,0,0
2024-11-04,G34,R3,3896,0,0
2024-11-11,G34,R3,3958,0,0
2024-11-18,G34,R3,3849,0,0
2024-11-25,G34,R3,4036,0,0
2024-12-02,G34,R3,3970,0,0
2024-12-09,G34,R3,4020,0,0
2024-12-16,G34,R3,4067,0,0
2024-12-23,G34,R3,4081,0,0
2024-12-30,G34,R3,4295,0,0
2025-01-06,G34,R3,4421,0,0
2025-01-13,G34,R3,4403,0,0
2025-01-20,G34,R3,4323,0,0
2025-01-27,G34,R3,4590,0,0
2025-02-03,G34,R3,4538,0,0
2025-02-10,G34,R3,4540,0,0
2025-02-17,G34,R3,4694,0,0
2025-02-24,G34,R3,4620,0,0
2025-03-03,G34,R3,4786,0,0
2025-03-10,G34,R3,4809,0,0
2025-03-17,G34,R3,4597,0,0
2025-03-24,G34,R3,4556,0,0
2025-03-31,G34,R3,4388,0,0
2025-04-07,G34,R3,4594,0,0
2025-04-14,G34,R3,4476,0,0
2025-04-21,G34,R3,4504,0,0
2025-04-28,G34,R3,4422,0,0
2025-05-05,G34,R3,4361,0,0
2025-05-12,G34,R3,4348,0,0
2025-05-19,G34,R3,4361,0,0
2025-05-26,G34,R3,4171,0,0
2025-06-02,G34,R3,4145,0,0
2025-06-09,G34,R3,4058,0,0
2025-06-16,G34,R3,4091,0,0
2025-06-23,G34,R3,3995,0,0
2025-06-30,G34,R3,3989,0,0
2025-07-07,G34,R3,3934,0,0
2025-07-14,G34,R3,4002,0,0
2025-07-21,G34,R3,3845,0,0
2025-07-28,G34,R3,3891,0,0
2025-08-04,G34,R3,3831,0,0
2025-08-11,G34,R3,3818,0,0
2025-08-18,G34,R3,3791,0,0
2025-08-25,G34,R3,3797,0,0
2025-09-01,G34,R3,3705,0,0
2025-09-08,G34,R3,3612,0,0
2025-09-15,G34,R3,3764,0,0
2025-09-22,G34,R3,3833,0,0
2025-09-29,G34,R3,3850,0,0
2025-10-06,G34,R3,3952,0,0
2025-10-13,G34,R3,4128,0,0
2025-10-20,G34,R3,4104,0,1
2025-10-27,G34,R3,4086,0,1
2025-11-03,G34,R3,4133,0,1
2025-11-10,G34,R3,4208,0,1
2025-11-17,G34,R3,4447,0,1
2025-11-24,G34,R3,4511,0,1
2025-12-01,G34,R3,4416,0,1
2025-12-08,G34,R3,4568,0,1
2025-12-15,G34,R3,4399,0,1
2025-12-22,G34,R3,4553,0,1
2024-01-01,G35,R1,10894,0,0
2024-01-08,G35,R1,11094,0,0
2024-01-15,G35,R1,11344,0,0
2024-01-22,G35,R1,10731,0,0
2024-01-29,G35,R1,11023,0,0
2024-02-05,G35,R1,11518,0,0
2024-02-12,G35,R1,11333,0,0
2024-02-19,G35,R1,11723,0,0
2024-02-26,G35,R1,11767,0,0
2024-03-04,G35,R1,12016,0,0
2024-03-11,G35,R1,11328,0,0
2024-03-18,G35,R1,11480,0,0
2024-03-25,G35,R1,11786,0,0
2024-04-01,G35,R1,11493,0,0
2024-04-08,G35,R1,11026,0,0
2024-04-15,G35,R1,11391,0,0
2024-04-22,G35,R1,10972,0,0
2024-04-29,G35,R1,10669,0,0
2024-05-06,G35,R1,10678,0,0
2024-05-13,G35,R1,10374,0,0
2024-05-20,G35,R1,10466,0,0
2024-05-27,G35,R1,10461,0,0
2024-06-03,G35,R1,10442,0,0
2024-06-10,G35,R1,10202,0,0
2024-06-17,G35,R1,10281,0,0
2024-06-24,G35,R1,9949,0,0
2024-07-01,G35,R1,9467,0,0
2024-07-08,G35,R1,9691,0,0
2024-07-15,G35,R1,9672,0,0
2024-07-22,G35,R1,9820,0,0
2024-07-29,G35,R1,9657,0,0
2024-08-05,G35,R1,9634,0,0
2024-08-12,G35,R1,9649,0,0
2024-08-19,G35,R1,9590,0,0
2024-08-26,G35,R1,9551,0,0
2024-09-02,G35,R1,9256,0,0
2024-09-09,G35,R1,9267,0,0
2024-09-16,G35,R1,9431,0,0
2024-09-23,G35,R1,9116,0,0
2024-09-30,G35,R1,9585,0,0
2024-10-07,G35,R1,9959,0,0
2024-10-14,G35,R1,9787,0,0
2024-10-21,G35,R1,9700,0,0
2024-10-28,G35,R1,9965,0,0
2024-11-04,G35,R1,9888,0,0
2024-11-11,G35,R1,10107,0,0
2024-11-18,G35,R1,9716,0,0
2024-11-25,G35,R1,10559,0,0
2024-12-02,G35,R1,10642,0,0
2024-12-09,G35,R1,10267,0,0
2024-12-16,G35,R1,10678,0,0
2024-12-23,G35,R1,10724,0,0
2024-12-30,G35,R1,11300,0,0
2025-01-06,G35,R1,11536,0,0
2025-01-13,G35,R1,11354,0,0
2025-01-20,G35,R1,11265,0,0
2025-01-27,G35,R1,11467,0,0
2025-02-03,G35,R1,11486,0,0
2025-02-10,G35,R1,12276,0,0
2025-02-17,G35,R1,11840,0,0
2025-02-24,G35,R1,12243,0,0
2025-03-03,G35,R1,12496,0,0
2025-03-10,G35,R1,12757,0,0
2025-03-17,G35,R1,12291,0,0
2025-03-24,G35,R1,12595,0,0
2025-03-31,G35,R1,11828,0,0
2025-04-07,G35,R1,11401,0,0
2025-04-14,G35,R1,11720,0,0
2025-04-21,G35,R1,11542,0,0
2025-04-28,G35,R1,11484,0,0
2025-05-05,G35,R1,11905,0,0
2025-05-12,G35,R1,11332,0,0
2025-05-19,G35,R1,11455,0,0
2025-05-26,G35,R1,11156,0,0
2025-06-02,G35,R1,10887,0,0
2025-06-09,G35,R1,10580,0,0
2025-06-16,G35,R1,10807,0,0
2025-06-23,G35,R1,10060,0,0
2025-06-30,G35,R1,9896,0,0
2025-07-07,G35,R1,9759,0,0
2025-07-14,G35,R1,10474,0,0
2025-07-21,G35,R1,9803,0,0
2025-07-28,G35,R1,9937,0,0
2025-08-04,G35,R1,10124,0,0
2025-08-11,G35,R1,9747,0,0
2025-08-18,G35,R1,9930,0,0
2025-08-25,G35,R1,9848,0,0
2025-09-01,G35,R1,9753,0,0
2025-09-08,G35,R1,9805,0,0
2025-09-15,G35,R1,9284,0,0
2025-09-22,G35,R1,9825,0,0
2025-09-29,G35,R1,10271,0,0
2025-10-06,G35,R1,10244,0,0
2025-10-13,G35,R1,10438,0,0
2025-10-20,G35,R1,10416,0,1
2025-10-27,G35,R1,10076,0,1
2025-11-03,G35,R1,10814,0,1
2025-11-10,G35,R1,10981,0,1
2025-11-17,G35,R1,11357,0,1
2025-11-24,G35,R1,11283,0,1
2025-12-01,G35,R1,11655,0,1
2025-12-08,G35,R1,11890,0,1
2025-12-15,G35,R1,11803,0,1
2025-12-22,G35,R1,11719,0,1
2024-01-01,G36,R3,8040,0,0
2024-01-08,G36,R3,8167,0,0
2024-01-15,G36,R3,8379,0,0
2024-01-22,G36,R3,7815,0,0
2024-01-29,G36,R3,8462,0,0
2024-02-05,G36,R3,8636,0,0
2024-02-12,G36,R3,8194,0,0
2024-02-19,G36,R3,8718,0,0
2024-02-26,G36,R3,8774,0,0
2024-03-04,G36,R3,9010,0,0
2024-03-11,G36,R3,8754,0,0
2024-03-18,G36,R3,8585,0,0
2024-03-25,G36,R3,8637,0,0
2024-04-01,G36,R3,8499,0,0
2024-04-08,G36,R3,8586,0,0
2024-04-15,G36,R3,8675,0,0
2024-04-22,G36,R3,8404,0,0
2024-04-29,G36,R3,8164,0,0
2024-05-06,G36,R3,8162,0,0
2024-05-13,G36,R3,7821,0,0
2024-05-20,G36,R3,7886,0,0
2024-05-27,G36,R3,7803,0,0
2024-06-03,G36,R3,7938,0,0
2024-06-10,G36,R3,7577,0,0
2024-06-17,G36,R3,7831,0,0
2024-06-24,G36,R3,7373,0,0
2024-07-01,G36,R3,7226,0,0
2024-07-08,G36,R3,7393,0,0
2024-07-15,G36,R3,7704,0,0
2024-07-22,G36,R3,7777,0,0
2024-07-29,G36,R3,7470,0,0
2024-08-05,G36,R3,7135,0,0
2024-08-12,G36,R3,7150,0,0
2024-08-19,G36,R3,7434,0,0
2024-08-26,G36,R3,7291,0,0
2024-09-02,G36,R3,7276,0,0
2024-09-09,G36,R3,7131,0,0
2024-09-16,G36,R3,7292,0,0
2024-09-23,G36,R3,7107,0,0
2024-09-30,G36,R3,7090,0,0
2024-10-07,G36,R3,7470,0,0
2024-10-14,G36,R3,7591,0,0
2024-10-21,G36,R3,7402,0,0
2024-10-28,G36,R3,7568,0,0
2024-11-04,G36,R3,7350,0,0
2024-11-11,G36,R3,7480,0,0
2024-11-18,G36,R3,7538,0,0
2024-11-25,G36,R3,7806,0,0
2024-12-02,G36,R3,7813,0,0
2024-12-09,G36,R3,7765,0,0
2024-12-16,G36,R3,7930,0,0
2024-12-23,G36,R3,7880,0,0
2024-12-30,G36,R3,8205,0,0
2025-01-06,G36,R3,8580,0,0
2025-01-13,G36,R3,8389,0,0
2025-01-20,G36,R3,8288,0,0
2025-01-27,G36,R3,8929,0,0
2025-02-03,G36,R3,9170,0,0
2025-02-10,G36,R3,9210,0,0
2025-02-17,G36,R3,9243,0,0
2025-02-24,G36,R3,8886,0,0
2025-03-03,G36,R3,9202,0,0
2025-03-10,G36,R3,9162,0,0
2025-03-17,G36,R3,9002,0,0
2025-03-24,G36,R3,8827,0,0
2025-03-31,G36,R3,8682,0,0
2025-04-07,G36,R3,8702,0,0
2025-04-14,G36,R3,8759,0,0
2025-04-21,G36,R3,8653,0,0
2025-04-28,G36,R3,8416,0,0
2025-05-05,G36,R3,8593,0,0
2025-05-12,G36,R3,8419,0,0
2025-05-19,G36,R3,8483,0,0
2025-05-26,G36,R3,8365,0,0
2025-06-02,G36,R3,8039,0,0
2025-06-09,G36,R3,7895,0,0
2025-06-16,G36,R3,7744,0,0
2025-06-23,G36,R3,7880,0,0
2025-06-30,G36,R3,7598,0,0
2025-07-07,G36,R3,7721,0,0
2025-07-14,G36,R3,7733,0,0
2025-07-21,G36,R3,7525,0,0
2025-07-28,G36,R3,7322,0,0
2025-08-04,G36,R3,7514,0,0
2025-08-11,G36,R3,7475,0,0
2025-08-18,G36,R3,7159,0,0
2025-08-25,G36,R3,7361,0,0
2025-09-01,G36,R3,7355,0,0
2025-09-08,G36,R3,7268,0,0
2025-09-15,G36,R3,7341,0,0
2025-09-22,G36,R3,7546,0,0
2025-09-29,G36,R3,7394,0,0
2025-10-06,G36,R3,7557,0,0
2025-10-13,G36,R3,7675,0,0
2025-10-20,G36,R3,7597,0,1
2025-10-27,G36,R3,7712,0,1
2025-11-03,G36,R3,7799,0,1
2025-11-10,G36,R3,8447,0,1
2025-11-17,G36,R3,8540,0,1
2025-11-24,G36,R3,8430,0,1
2025-12-01,G36,R3,8224,0,1
2025-12-08,G36,R3,9011,0,1
2025-12-15,G36,R3,8725,0,1
2025-12-22,G36,R3,8724,0,1
2024-01-01,G37,R1,9039,0,0
2024-01-08,G37,R1,9421,0,0
2024-01-15,G37,R1,9567,0,0
2024-01-22,G37,R1,9243,0,0
2024-01-29,G37,R1,9632,0,0
2024-02-05,G37,R1,9819,0,0
2024-02-12,G37,R1,9614,0,0
2024-02-19,G37,R1,9915,0,0
2024-02-26,G37,R1,10196,0,0
2024-03-04,G37,R1,9959,0,0
2024-03-11,G37,R1,9794,0,0
2024-03-18,G37,R1,9514,0,0
2024-03-25,G37,R1,9927,0,0
2024-04-01,G37,R1,9602,0,0
2024-04-08,G37,R1,9496,0,0
2024-04-15,G37,R1,9633,0,0
2024-04-22,G37,R1,9374,0,0
2024-04-29,G37,R1,9083,0,0
2024-05-06,G37,R1,9182,0,0
2024-05-13,G37,R1,8706,0,0
2024-05-20,G37,R1,8636,0,0
2024-05-27,G37,R1,8811,0,0
2024-06-03,G37,R1,8912,0,0
2024-06-10,G37,R1,8629,0,0
2024-06-17,G37,R1,8729,0,0
2024-06-24,G37,R1,8425,0,0
2024-07-01,G37,R1,8225,0,0
2024-07-08,G37,R1,8042,0,0
2024-07-15,G37,R1,8169,0,0
2024-07-22,G37,R1,8234,0,0
2024-07-29,G37,R1,8245,0,0
2024-08-05,G37,R1,8187,0,0
2024-08-12,G37,R1,8160,0,0
2024-08-19,G37,R1,8161,0,0
2024-08-26,G37,R1,8243,0,0
2024-09-02,G37,R1,7794,0,0
2024-09-09,G37,R1,7679,0,0
2024-09-16,G37,R1,8125,0,0
2024-09-23,G37,R1,7902,0,0
2024-09-30,G37,R1,7985,0,0
2024-10-07,G37,R1,8475,0,0
2024-10-14,G37,R1,8413,0,0
2024-10-21,G37,R1,8347,0,0
2024-10-28,G37,R1,8459,0,0
2024-11-04,G37,R1,8522,0,0
2024-11-11,G37,R1,8395,0,0
2024-11-18,G37,R1,8469,0,0
2024-11-25,G37,R1,9058,0,0
2024-12-02,G37,R1,8667,0,0
2024-12-09,G37,R1,8705,0,0
2024-12-16,G37,R1,8980,0,0
2024-12-23,G37,R1,9112,0,0
2024-12-30,G37,R1,9583,0,0
2025-01-06,G37,R1,10091,0,0
2025-01-13,G37,R1,10040,0,0
2025-01-20,G37,R1,9386,0,0
2025-01-27,G37,R1,9659,0,0
2025-02-03,G37,R1,9810,0,0
2025-02-10,G37,R1,10122,0,0
2025-02-17,G37,R1,10359,0,0
2025-02-24,G37,R1,10185,0,0
2025-03-03,G37,R1,10636,0,0
2025-03-10,G37,R1,10763,0,0
2025-03-17,G37,R1,10328,0,0
2025-03-24,G37,R1,10077,0,0
2025-03-31,G37,R1,10097,0,0
2025-04-07,G37,R1,10122,0,0
2025-04-14,G37,R1,10234,0,0
2025-04-21,G37,R1,9684,0,0
2025-04-28,G37,R1,9966,0,0
2025-05-05,G37,R1,9946,0,0
2025-05-12,G37,R1,9556,0,0
2025-05-19,G37,R1,9638,0,0
2025-05-26,G37,R1,9307,0,0
2025-06-02,G37,R1,9036,0,0
2025-06-09,G37,R1,8827,0,0
2025-06-16,G37,R1,9193,0,0
2025-06-23,G37,R1,8545,0,0
2025-06-30,G37,R1,8382,0,0
2025-07-07,G37,R1,8431,0,0
2025-07-14,G37,R1,8840,0,0
2025-07-21,G37,R1,8640,0,0
2025-07-28,G37,R1,8631,0,0
2025-08-04,G37,R1,8799,0,0
2025-08-11,G37,R1,8327,0,0
2025-08-18,G37,R1,8347,0,0
2025-08-25,G37,R1,8262,0,0
2025-09-01,G37,R1,8649,0,0
2025-09-08,G37,R1,8417,0,0
2025-09-15,G37,R1,8205,0,0
2025-09-22,G37,R1,8484,0,0
2025-09-29,G37,R1,8666,0,0
2025-10-06,G37,R1,8709,0,0
2025-10-13,G37,R1,9052,0,0
2025-10-20,G37,R1,8933,0,1
2025-10-27,G37,R1,9173,0,1
2025-11-03,G37,R1,8934,0,1
2025-11-10,G37,R1,9341,0,1
2025-11-17,G37,R1,9650,0,1
2025-11-24,G37,R1,9744,0,1
2025-12-01,G37,R1,10013,0,1
2025-12-08,G37,R1,9957,0,1
2025-12-15,G37,R1,10649,0,1
2025-12-22,G37,R1,10464,0,1
2024-01-01,G38,R1,3541,1,0
2024-01-08,G38,R1,3738,1,0
2024-01-15,G38,R1,3744,1,0
2024-01-22,G38,R1,3675,1,0
2024-01-29,G38,R1,3854,1,0
2024-02-05,G38,R1,3786,1,0
2024-02-12,G38,R1,3822,1,0
2024-02-19,G38,R1,3935,1,0
2024-02-26,G38,R1,3984,1,0
2024-03-04,G38,R1,4003,1,0
2024-03-11,G38,R1,3722,1,0
2024-03-18,G38,R1,3797,1,0
2024-03-25,G38,R1,3940,1,0
2024-04-01,G38,R1,3820,1,0
2024-04-08,G38,R1,3777,1,0
2024-04-15,G38,R1,3921,1,0
2024-04-22,G38,R1,3824,1,0
2024-04-29,G38,R1,3745,1,0
2024-05-06,G38,R1,3597,1,0
2024-05-13,G38,R1,3471,1,0
2024-05-20,G38,R1,3385,1,0
2024-05-27,G38,R1,3416,1,0
2024-06-03,G38,R1,3541,1,0
2024-06-10,G38,R1,3387,1,0
2024-06-17,G38,R1,3510,1,0
2024-06-24,G38,R1,3327,1,0
2024-07-01,G38,R1,3263,1,0
2024-07-08,G38,R1,3246,1,0
2024-07-15,G38,R1,3219,1,0
2024-07-22,G38,R1,3233,1,0
2024-07-29,G38,R1,3303,1,0
2024-08-05,G38,R1,3230,1,0
2024-08-12,G38,R1,3210,1,0
2024-08-19,G38,R1,3243,1,0
2024-08-26,G38,R1,3177,1,0
2024-09-02,G38,R1,3149,1,0
2024-09-09,G38,R1,2999,1,0
2024-09-16,G38,R1,3225,1,0
2024-09-23,G38,R1,3189,1,0
2024-09-30,G38,R1,3155,1,0
2024-10-07,G38,R1,3375,1,0
2024-10-14,G38,R1,3339,1,0
2024-10-21,G38,R1,3288,1,0
2024-10-28,G38,R1,3285,1,0
2024-11-04,G38,R1,3316,1,0
2024-11-11,G38,R1,3425,1,0
2024-11-18,G38,R1,3578,1,0
2024-11-25,G38,R1,3491,1,0
2024-12-02,G38,R1,3485,1,0
2024-12-09,G38,R1,3570,1,0
2024-12-16,G38,R1,3586,1,0
2024-12-23,G38,R1,3779,1,0
2024-12-30,G38,R1,3782,1,0
2025-01-06,G38,R1,3927,1,0
2025-01-13,G38,R1,3858,1,0
2025-01-20,G38,R1,3845,1,0
2025-01-27,G38,R1,3926,1,0
2025-02-03,G38,R1,3980,1,0
2025-02-10,G38,R1,4026,1,0
2025-02-17,G38,R1,4063,1,0
2025-02-24,G38,R1,4070,1,0
2025-03-03,G38,R1,4090,1,0
2025-03-10,G38,R1,4168,1,0
2025-03-17,G38,R1,4054,1,0
2025-03-24,G38,R1,4121,1,0
2025-03-31,G38,R1,4055,1,0
2025-04-07,G38,R1,3868,1,0
2025-04-14,G38,R1,3956,1,0
2025-04-21,G38,R1,4047,1,0
2025-04-28,G38,R1,3971,1,0
2025-05-05,G38,R1,4029,1,0
2025-05-12,G38,R1,3855,1,0
2025-05-19,G38,R1,3807,1,0
2025-05-26,G38,R1,3794,1,0
2025-06-02,G38,R1,3714,1,0
2025-06-09,G38,R1,3523,1,0
2025-06-16,G38,R1,3650,1,0
2025-06-23,G38,R1,3390,1,0
2025-06-30,G38,R1,3387,1,0
2025-07-07,G38,R1,3329,1,0
2025-07-14,G38,R1,3559,1,0
2025-07-21,G38,R1,3307,1,0
2025-07-28,G38,R1,3379,1,0
2025-08-04,G38,R1,3530,1,0
2025-08-11,G38,R1,3380,1,0
2025-08-18,G38,R1,3427,1,0
2025-08-25,G38,R1,3442,1,0
2025-09-01,G38,R1,3335,1,0
2025-09-08,G38,R1,3313,1,0
2025-09-15,G38,R1,3201,1,0
2025-09-22,G38,R1,3372,1,0
2025-09-29,G38,R1,3401,1,0
2025-10-06,G38,R1,3491,1,0
2025-10-13,G38,R1,3736,1,0
2025-10-20,G38,R1,3127,1,1
2025-10-27,G38,R1,3045,1,1
2025-11-03,G38,R1,3181,1,1
2025-11-10,G38,R1,3326,1,1
2025-11-17,G38,R1,3491,1,1
2025-11-24,G38,R1,3601,1,1
2025-12-01,G38,R1,3569,1,1
2025-12-08,G38,R1,3677,1,1
2025-12-15,G38,R1,3707,1,1
2025-12-22,G38,R1,3576,1,1
2024-01-01,G39,R2,4301,0,0
2024-01-08,G39,R2,4416,0,0
2024-01-15,G39,R2,4609,0,0
2024-01-22,G39,R2,4475,0,0
2024-01-29,G39,R2,4554,0,0
2024-02-05,G39,R2,4618,0,0
2024-02-12,G39,R2,4609,0,0
2024-02-19,G39,R2,4752,0,0
2024-02-26,G39,R2,4636,0,0
2024-03-04,G39,R2,4676,0,0
2024-03-11,G39,R2,4439,0,0
2024-03-18,G39,R2,4482,0,0
2024-03-25,G39,R2,4611,0,0
2024-04-01,G39,R2,4604,0,0
2024-04-08,G39,R2,4541,0,0
2024-04-15,G39,R2,4656,0,0
2024-04-22,G39,R2,4494,0,0
2024-04-29,G39,R2,4572,0,0
2024-05-06,G39,R2,4354,0,0
2024-05-13,G39,R2,4398,0,0
2024-05-20,G39,R2,4267,0,0
2024-05-27,G39,R2,4194,0,0
2024-06-03,G39,R2,4346,0,0
2024-06-10,G39,R2,4159,0,0
2024-06-17,G39,R2,4494,0,0
2024-06-24,G39,R2,4181,0,0
2024-07-01,G39,R2,4194,0,0
2024-07-08,G39,R2,4266,0,0
2024-07-15,G39,R2,4358,0,0
2024-07-22,G39,R2,4324,0,0
2024-07-29,G39,R2,4404,0,0
2024-08-05,G39,R2,4379,0,0
2024-08-12,G39,R2,4197,0,0
2024-08-19,G39,R2,4269,0,0
2024-08-26,G39,R2,4147,0,0
2024-09-02,G39,R2,4245,0,0
2024-09-09,G39,R2,4163,0,0
2024-09-16,G39,R2,4160,0,0
2024-09-23,G39,R2,4128,0,0
2024-09-30,G39,R2,4225,0,0
2024-10-07,G39,R2,4468,0,0
2024-10-14,G39,R2,4282,0,0
2024-10-21,G39,R2,4263,0,0
2024-10-28,G39,R2,4432,0,0
2024-11-04,G39,R2,4251,0,0
2024-11-11,G39,R2,4317,0,0
2024-11-18,G39,R2,4317,0,0
2024-11-25,G39,R2,4332,0,0
2024-12-02,G39,R2,4422,0,0
2024-12-09,G39,R2,4306,0,0
2024-12-16,G39,R2,4344,0,0
2024-12-23,G39,R2,4415,0,0
2024-12-30,G39,R2,4612,0,0
2025-01-06,G39,R2,4673,0,0
2025-01-13,G39,R2,4620,0,0
2025-01-20,G39,R2,4512,0,0
2025-01-27,G39,R2,4684,0,0
2025-02-03,G39,R2,4662,0,0
2025-02-10,G39,R2,4813,0,0
2025-02-17,G39,R2,4765,0,0
2025-02-24,G39,R2,4729,0,0
2025-03-03,G39,R2,4753,0,0
2025-03-10,G39,R2,4996,0,0
2025-03-17,G39,R2,4778,0,0
2025-03-24,G39,R2,4812,0,0
2025-03-31,G39,R2,4679,0,0
2025-04-07,G39,R2,4638,0,0
2025-04-14,G39,R2,4711,0,0
2025-04-21,G39,R2,4764,0,0
2025-04-28,G39,R2,4858,0,0
2025-05-05,G39,R2,4645,0,0
2025-05-12,G39,R2,4651,0,0
2025-05-19,G39,R2,4767,0,0
2025-05-26,G39,R2,4642,0,0
2025-06-02,G39,R2,4568,0,0
2025-06-09,G39,R2,4599,0,0
2025-06-16,G39,R2,4357,0,0
2025-06-23,G39,R2,4286,0,0
2025-06-30,G39,R2,4359,0,0
2025-07-07,G39,R2,4295,0,0
2025-07-14,G39,R2,4400,0,0
2025-07-21,G39,R2,4238,0,0
2025-07-28,G39,R2,4371,0,0
2025-08-04,G39,R2,4463,0,0
2025-08-11,G39,R2,4317,0,0
2025-08-18,G39,R2,4200,0,0
2025-08-25,G39,R2,4203,0,0
2025-09-01,G39,R2,4357,0,0
2025-09-08,G39,R2,4349,0,0
2025-09-15,G39,R2,4093,0,0
2025-09-22,G39,R2,4266,0,0
2025-09-29,G39,R2,4304,0,0
2025-10-06,G39,R2,4651,0,0
2025-10-13,G39,R2,4558,0,0
2025-10-20,G39,R2,4531,0,1
2025-10-27,G39,R2,4392,0,1
2025-11-03,G39,R2,4658,0,1
2025-11-10,G39,R2,4701,0,1
2025-11-17,G39,R2,4688,0,1
2025-11-24,G39,R2,4762,0,1
2025-12-01,G39,R2,4769,0,1
2025-12-08,G39,R2,4693,0,1
2025-12-15,G39,R2,4700,0,1
2025-12-22,G39,R2,4796,0,1
2024-01-01,G40,R2,2613,1,0
2024-01-08,G40,R2,2702,1,0
2024-01-15,G40,R2,2732,1,0
2024-01-22,G40,R2,2570,1,0
2024-01-29,G40,R2,2802,1,0
2024-02-05,G40,R2,2734,1,0
2024-02-12,G40,R2,2798,1,0
2024-02-19,G40,R2,2768,1,0
2024-02-26,G40,R2,2834,1,0
2024-03-04,G40,R2,2831,1,0
2024-03-11,G40,R2,2619,1,0
2024-03-18,G40,R2,2746,1,0
2024-03-25,G40,R2,2678,1,0
2024-04-01,G40,R2,2752,1,0
2024-04-08,G40,R2,2796,1,0
2024-04-15,G40,R2,2902,1,0
2024-04-22,G40,R2,2775,1,0
2024-04-29,G40,R2,2712,1,0
2024-05-06,G40,R2,2720,1,0
2024-05-13,G40,R2,2556,1,0
2024-05-20,G40,R2,2594,1,0
2024-05-27,G40,R2,2592,1,0
2024-06-03,G40,R2,2692,1,0
2024-06-10,G40,R2,2543,1,0
2024-06-17,G40,R2,2699,1,0
2024-06-24,G40,R2,2539,1,0
2024-07-01,G40,R2,2650,1,0
2024-07-08,G40,R2,2596,1,0
2024-07-15,G40,R2,2573,1,0
2024-07-22,G40,R2,2581,1,0
2024-07-29,G40,R2,2799,1,0
2024-08-05,G40,R2,2599,1,0
2024-08-12,G40,R2,2550,1,0
2024-08-19,G40,R2,2569,1,0
2024-08-26,G40,R2,2612,1,0
2024-09-02,G40,R2,2548,1,0
2024-09-09,G40,R2,2560,1,0
2024-09-16,G40,R2,2541,1,0
2024-09-23,G40,R2,2574,1,0
2024-09-30,G40,R2,2548,1,0
2024-10-07,G40,R2,2636,1,0
2024-10-14,G40,R2,2617,1,0
2024-10-21,G40,R2,2562,1,0
2024-10-28,G40,R2,2576,1,0
2024-11-04,G40,R2,2631,1,0
2024-11-11,G40,R2,2537,1,0
2024-11-18,G40,R2,2608,1,0
2024-11-25,G40,R2,2635,1,0
2024-12-02,G40,R2,2542,1,0
2024-12-09,G40,R2,2630,1,0
2024-12-16,G40,R2,2665,1,0
2024-12-23,G40,R2,2753,1,0
2024-12-30,G40,R2,2759,1,0
2025-01-06,G40,R2,2879,1,0
2025-01-13,G40,R2,2830,1,0
2025-01-20,G40,R2,2730,1,0
2025-01-27,G40,R2,2735,1,0
2025-02-03,G40,R2,2975,1,0
2025-02-10,G40,R2,2871,1,0
2025-02-17,G40,R2,2835,1,0
2025-02-24,G40,R2,2818,1,0
2025-03-03,G40,R2,2903,1,0
2025-03-10,G40,R2,2942,1,0
2025-03-17,G40,R2,2895,1,0
2025-03-24,G40,R2,2895,1,0
2025-03-31,G40,R2,2773,1,0
2025-04-07,G40,R2,2801,1,0
2025-04-14,G40,R2,2897,1,0
2025-04-21,G40,R2,2902,1,0
2025-04-28,G40,R2,2890,1,0
2025-05-05,G40,R2,2879,1,0
2025-05-12,G40,R2,2841,1,0
2025-05-19,G40,R2,2744,1,0
2025-05-26,G40,R2,2741,1,0
2025-06-02,G40,R2,2725,1,0
2025-06-09,G40,R2,2670,1,0
2025-06-16,G40,R2,2680,1,0
2025-06-23,G40,R2,2594,1,0
2025-06-30,G40,R2,2558,1,0
2025-07-07,G40,R2,2586,1,0
2025-07-14,G40,R2,2599,1,0
2025-07-21,G40,R2,2643,1,0
2025-07-28,G40,R2,2694,1,0
2025-08-04,G40,R2,2717,1,0
2025-08-11,G40,R2,2602,1,0
2025-08-18,G40,R2,2627,1,0
2025-08-25,G40,R2,2541,1,0
2025-09-01,G40,R2,2631,1,0
2025-09-08,G40,R2,2643,1,0
2025-09-15,G40,R2,2542,1,0
2025-09-22,G40,R2,2571,1,0
2025-09-29,G40,R2,2576,1,0
2025-10-06,G40,R2,2659,1,0
2025-10-13,G40,R2,2735,1,0
2025-10-20,G40,R2,2398,1,1
2025-10-27,G40,R2,2412,1,1
2025-11-03,G40,R2,2527,1,1
2025-11-10,G40,R2,2554,1,1
2025-11-17,G40,R2,2554,1,1
2025-11-24,G40,R2,2577,1,1
2025-12-01,G40,R2,2537,1,1
2025-12-08,G40,R2,2565,1,1
2025-12-15,G40,R2,2543,1,1
2025-12-22,G40,R2,2500,1,1
