date,geo,region,sales,treated,post
2024-01-01,G01,R3,18627,0,0
2024-01-08,G01,R3,19954,0,0
2024-01-15,G01,R3,20276,0,0
2024-01-22,G01,R3,19588,0,0
2024-01-29,G01,R3,18667,0,0
2024-02-05,G01,R3,19653,0,0
2024-02-12,G01,R3,19526,0,0
2024-02-19,G01,R3,19619,0,0
2024-02-26,G01,R3,17196,0,0
2024-03-04,G01,R3,18750,0,0
2024-03-11,G01,R3,19608,0,0
2024-03-18,G01,R3,19002,0,0
2024-03-25,G01,R3,19302,0,0
2024-04-01,G01,R3,21894,0,0
2024-04-08,G01,R3,20347,0,0
2024-04-15,G01,R3,18933,0,0
2024-04-22,G01,R3,17801,0,0
2024-04-29,G01,R3,19390,0,0
2024-05-06,G01,R3,18936,0,0
2024-05-13,G01,R3,19782,0,0
2024-05-20,G01,R3,17965,0,0
2024-05-27,G01,R3,19202,0,0
2024-06-03,G01,R3,18525,0,0
2024-06-10,G01,R3,17256,0,0
2024-06-17,G01,R3,17859,0,0
2024-06-24,G01,R3,17498,0,0
2024-07-01,G01,R3,17735,0,0
2024-07-08,G01,R3,16335,0,0
2024-07-15,G01,R3,18478,0,0
2024-07-22,G01,R3,17422,0,0
2024-07-29,G01,R3,18064,0,0
2024-08-05,G01,R3,16668,0,0
2024-08-12,G01,R3,16930,0,0
2024-08-19,G01,R3,19333,0,0
2024-08-26,G01,R3,18320,0,0
2024-09-02,G01,R3,17412,0,0
2024-09-09,G01,R3,16339,0,0
2024-09-16,G01,R3,15386,0,0
2024-09-23,G01,R3,18580,0,0
2024-09-30,G01,R3,19160,0,0
2024-10-07,G01,R3,17184,0,0
2024-10-14,G01,R3,18354,0,0
2024-10-21,G01,R3,18958,0,0
2024-10-28,G01,R3,19737,0,0
2024-11-04,G01,R3,19095,0,0
2024-11-11,G01,R3,17282,0,0
2024-11-18,G01,R3,19092,0,0
2024-11-25,G01,R3,18452,0,0
2024-12-02,G01,R3,19552,0,0
2024-12-09,G01,R3,19643,0,0
2024-12-16,G01,R3,17356,0,0
2024-12-23,G01,R3,18178,0,0
2024-12-30,G01,R3,18404,0,0
2025-01-06,G01,R3,17574,0,0
2025-01-13,G01,R3,19719,0,0
2025-01-20,G01,R3,20856,0,0
2025-01-27,G01,R3,20405,0,0
2025-02-03,G01,R3,19785,0,0
2025-02-10,G01,R3,19841,0,0
2025-02-17,G01,R3,20134,0,0
2025-02-24,G01,R3,20573,0,0
2025-03-03,G01,R3,18631,0,0
2025-03-10,G01,R3,21087,0,0
2025-03-17,G01,R3,20245,0,0
2025-03-24,G01,R3,21061,0,0
2025-03-31,G01,R3,20184,0,0
2025-04-07,G01,R3,18774,0,0
2025-04-14,G01,R3,21202,0,0
2025-04-21,G01,R3,20281,0,0
2025-04-28,G01,R3,19059,0,0
2025-05-05,G01,R3,19537,0,0
2025-05-12,G01,R3,20507,0,0
2025-05-19,G01,R3,20360,0,0
2025-05-26,G01,R3,19770,0,0
2025-06-02,G01,R3,19822,0,0
2025-06-09,G01,R3,19530,0,0
2025-06-16,G01,R3,19682,0,0
2025-06-23,G01,R3,19954,0,0
2025-06-30,G01,R3,19371,0,0
2025-07-07,G01,R3,18221,0,0
2025-07-14,G01,R3,18312,0,0
2025-07-21,G01,R3,18532,0,0
2025-07-28,G01,R3,16629,0,0
2025-08-04,G01,R3,16838,0,0
2025-08-11,G01,R3,17787,0,0
2025-08-18,G01,R3,18185,0,0
2025-08-25,G01,R3,17926,0,0
2025-09-01,G01,R3,19345,0,0
2025-09-08,G01,R3,17898,0,0
2025-09-15,G01,R3,18070,0,0
2025-09-22,G01,R3,18087,0,0
2025-09-29,G01,R3,19023,0,0
2025-10-06,G01,R3,18623,0,0
2025-10-13,G01,R3,18873,0,0
2025-10-20,G01,R3,18280,0,1
2025-10-27,G01,R3,17740,0,1
2025-11-03,G01,R3,19734,0,1
2025-11-10,G01,R3,19949,0,1
2025-11-17,G01,R3,20099,0,1
2025-11-24,G01,R3,20127,0,1
2025-12-01,G01,R3,19812,0,1
2025-12-08,G01,R3,19436,0,1
2025-12-15,G01,R3,21128,0,1
2025-12-22,G01,R3,20734,0,1
2024-01-01,G02,R4,26147,1,0
2024-01-08,G02,R4,25395,1,0
2024-01-15,G02,R4,28348,1,0
2024-01-22,G02,R4,27119,1,0
2024-01-29,G02,R4,25713,1,0
2024-02-05,G02,R4,27558,1,0
2024-02-12,G02,R4,25382,1,0
2024-02-19,G02,R4,25664,1,0
2024-02-26,G02,R4,26452,1,0
2024-03-04,G02,R4,25581,1,0
2024-03-11,G02,R4,26242,1,0
2024-03-18,G02,R4,26086,1,0
2024-03-25,G02,R4,27613,1,0
2024-04-01,G02,R4,28250,1,0
2024-04-08,G02,R4,26114,1,0
2024-04-15,G02,R4,26571,1,0
2024-04-22,G02,R4,26801,1,0
2024-04-29,G02,R4,27395,1,0
2024-05-06,G02,R4,26712,1,0
2024-05-13,G02,R4,26231,1,0
2024-05-20,G02,R4,25121,1,0
2024-05-27,G02,R4,23043,1,0
2024-06-03,G02,R4,23694,1,0
2024-06-10,G02,R4,23439,1,0
2024-06-17,G02,R4,22122,1,0
2024-06-24,G02,R4,23017,1,0
2024-07-01,G02,R4,24807,1,0
2024-07-08,G02,R4,23179,1,0
2024-07-15,G02,R4,24358,1,0
2024-07-22,G02,R4,21387,1,0
2024-07-29,G02,R4,22058,1,0
2024-08-05,G02,R4,21863,1,0
2024-08-12,G02,R4,22894,1,0
2024-08-19,G02,R4,21587,1,0
2024-08-26,G02,R4,22566,1,0
2024-09-02,G02,R4,22951,1,0
2024-09-09,G02,R4,21746,1,0
2024-09-16,G02,R4,22621,1,0
2024-09-23,G02,R4,21720,1,0
2024-09-30,G02,R4,22084,1,0
2024-10-07,G02,R4,23224,1,0
2024-10-14,G02,R4,23666,1,0
2024-10-21,G02,R4,22968,1,0
2024-10-28,G02,R4,23562,1,0
2024-11-04,G02,R4,22727,1,0
2024-11-11,G02,R4,22157,1,0
2024-11-18,G02,R4,23754,1,0
2024-11-25,G02,R4,23901,1,0
2024-12-02,G02,R4,24526,1,0
2024-12-09,G02,R4,24791,1,0
2024-12-16,G02,R4,23819,1,0
2024-12-23,G02,R4,25550,1,0
2024-12-30,G02,R4,25914,1,0
2025-01-06,G02,R4,27281,1,0
2025-01-13,G02,R4,27552,1,0
2025-01-20,G02,R4,27129,1,0
2025-01-27,G02,R4,27111,1,0
2025-02-03,G02,R4,29959,1,0
2025-02-10,G02,R4,28070,1,0
2025-02-17,G02,R4,27007,1,0
2025-02-24,G02,R4,29432,1,0
2025-03-03,G02,R4,29915,1,0
2025-03-10,G02,R4,27658,1,0
2025-03-17,G02,R4,27232,1,0
2025-03-24,G02,R4,25906,1,0
2025-03-31,G02,R4,28279,1,0
2025-04-07,G02,R4,26949,1,0
2025-04-14,G02,R4,27003,1,0
2025-04-21,G02,R4,30550,1,0
2025-04-28,G02,R4,26394,1,0
2025-05-05,G02,R4,26734,1,0
2025-05-12,G02,R4,25638,1,0
2025-05-19,G02,R4,26273,1,0
2025-05-26,G02,R4,24926,1,0
2025-06-02,G02,R4,28276,1,0
2025-06-09,G02,R4,26963,1,0
2025-06-16,G02,R4,25126,1,0
2025-06-23,G02,R4,23067,1,0
2025-06-30,G02,R4,24330,1,0
2025-07-07,G02,R4,22769,1,0
2025-07-14,G02,R4,25487,1,0
2025-07-21,G02,R4,25041,1,0
2025-07-28,G02,R4,22934,1,0
2025-08-04,G02,R4,25198,1,0
2025-08-11,G02,R4,21798,1,0
2025-08-18,G02,R4,24510,1,0
2025-08-25,G02,R4,23323,1,0
2025-09-01,G02,R4,22729,1,0
2025-09-08,G02,R4,23264,1,0
2025-09-15,G02,R4,23644,1,0
2025-09-22,G02,R4,23238,1,0
2025-09-29,G02,R4,21828,1,0
2025-10-06,G02,R4,23888,1,0
2025-10-13,G02,R4,23683,1,0
2025-10-20,G02,R4,25004,1,1
2025-10-27,G02,R4,24401,1,1
2025-11-03,G02,R4,25069,1,1
2025-11-10,G02,R4,26540,1,1
2025-11-17,G02,R4,25867,1,1
2025-11-24,G02,R4,28041,1,1
2025-12-01,G02,R4,25083,1,1
2025-12-08,G02,R4,27463,1,1
2025-12-15,G02,R4,28973,1,1
2025-12-22,G02,R4,27605,1,1
2024-01-01,G03,R2,62526,0,0
2024-01-08,G03,R2,59429,0,0
2024-01-15,G03,R2,57368,0,0
2024-01-22,G03,R2,57095,0,0
2024-01-29,G03,R2,57739,0,0
2024-02-05,G03,R2,61068,0,0
2024-02-12,G03,R2,59897,0,0
2024-02-19,G03,R2,60644,0,0
2024-02-26,G03,R2,54490,0,0
2024-03-04,G03,R2,57833,0,0
2024-03-11,G03,R2,61262,0,0
2024-03-18,G03,R2,59966,0,0
2024-03-25,G03,R2,62365,0,0
2024-04-01,G03,R2,65114,0,0
2024-04-08,G03,R2,62237,0,0
2024-04-15,G03,R2,57298,0,0
2024-04-22,G03,R2,63648,0,0
2024-04-29,G03,R2,61117,0,0
2024-05-06,G03,R2,65006,0,0
2024-05-13,G03,R2,57880,0,0
2024-05-20,G03,R2,53995,0,0
2024-05-27,G03,R2,51211,0,0
2024-06-03,G03,R2,53892,0,0
2024-06-10,G03,R2,55681,0,0
2024-06-17,G03,R2,53720,0,0
2024-06-24,G03,R2,52385,0,0
2024-07-01,G03,R2,57761,0,0
2024-07-08,G03,R2,56693,0,0
2024-07-15,G03,R2,56087,0,0
2024-07-22,G03,R2,57264,0,0
2024-07-29,G03,R2,53405,0,0
2024-08-05,G03,R2,54397,0,0
2024-08-12,G03,R2,49005,0,0
2024-08-19,G03,R2,55821,0,0
2024-08-26,G03,R2,49866,0,0
2024-09-02,G03,R2,53840,0,0
2024-09-09,G03,R2,48008,0,0
2024-09-16,G03,R2,54998,0,0
2024-09-23,G03,R2,54838,0,0
2024-09-30,G03,R2,52020,0,0
2024-10-07,G03,R2,55320,0,0
2024-10-14,G03,R2,58384,0,0
2024-10-21,G03,R2,59090,0,0
2024-10-28,G03,R2,57663,0,0
2024-11-04,G03,R2,54132,0,0
2024-11-11,G03,R2,60151,0,0
2024-11-18,G03,R2,55269,0,0
2024-11-25,G03,R2,55691,0,0
2024-12-02,G03,R2,57330,0,0
2024-12-09,G03,R2,64389,0,0
2024-12-16,G03,R2,53969,0,0
2024-12-23,G03,R2,58352,0,0
2024-12-30,G03,R2,60732,0,0
2025-01-06,G03,R2,64082,0,0
2025-01-13,G03,R2,61118,0,0
2025-01-20,G03,R2,62727,0,0
2025-01-27,G03,R2,59043,0,0
2025-02-03,G03,R2,65021,0,0
2025-02-10,G03,R2,65877,0,0
2025-02-17,G03,R2,67205,0,0
2025-02-24,G03,R2,71730,0,0
2025-03-03,G03,R2,69004,0,0
2025-03-10,G03,R2,68937,0,0
2025-03-17,G03,R2,67915,0,0
2025-03-24,G03,R2,63015,0,0
2025-03-31,G03,R2,64323,0,0
2025-04-07,G03,R2,64271,0,0
2025-04-14,G03,R2,61629,0,0
2025-04-21,G03,R2,59832,0,0
2025-04-28,G03,R2,65733,0,0
2025-05-05,G03,R2,61060,0,0
2025-05-12,G03,R2,62992,0,0
2025-05-19,G03,R2,59971,0,0
2025-05-26,G03,R2,57703,0,0
2025-06-02,G03,R2,61593,0,0
2025-06-09,G03,R2,57747,0,0
2025-06-16,G03,R2,59228,0,0
2025-06-23,G03,R2,61327,0,0
2025-06-30,G03,R2,60358,0,0
2025-07-07,G03,R2,56419,0,0
2025-07-14,G03,R2,59090,0,0
2025-07-21,G03,R2,66738,0,0
2025-07-28,G03,R2,58168,0,0
2025-08-04,G03,R2,52702,0,0
2025-08-11,G03,R2,55908,0,0
2025-08-18,G03,R2,59692,0,0
2025-08-25,G03,R2,60253,0,0
2025-09-01,G03,R2,58277,0,0
2025-09-08,G03,R2,56107,0,0
2025-09-15,G03,R2,55127,0,0
2025-09-22,G03,R2,55728,0,0
2025-09-29,G03,R2,54313,0,0
2025-10-06,G03,R2,57249,0,0
2025-10-13,G03,R2,65659,0,0
2025-10-20,G03,R2,57473,0,1
2025-10-27,G03,R2,58892,0,1
2025-11-03,G03,R2,62551,0,1
2025-11-10,G03,R2,63224,0,1
2025-11-17,G03,R2,61937,0,1
2025-11-24,G03,R2,62546,0,1
2025-12-01,G03,R2,59422,0,1
2025-12-08,G03,R2,60116,0,1
2025-12-15,G03,R2,65185,0,1
2025-12-22,G03,R2,62945,0,1
2024-01-01,G04,R4,30131,0,0
2024-01-08,G04,R4,30200,0,0
2024-01-15,G04,R4,28952,0,0
2024-01-22,G04,R4,27904,0,0
2024-01-29,G04,R4,29579,0,0
2024-02-05,G04,R4,29020,0,0
2024-02-12,G04,R4,29236,0,0
2024-02-19,G04,R4,30283,0,0
2024-02-26,G04,R4,29137,0,0
2024-03-04,G04,R4,28760,0,0
2024-03-11,G04,R4,31792,0,0
2024-03-18,G04,R4,30372,0,0
2024-03-25,G04,R4,29586,0,0
2024-04-01,G04,R4,32125,0,0
2024-04-08,G04,R4,29201,0,0
2024-04-15,G04,R4,32083,0,0
2024-04-22,G04,R4,28878,0,0
2024-04-29,G04,R4,28418,0,0
2024-05-06,G04,R4,30525,0,0
2024-05-13,G04,R4,28985,0,0
2024-05-20,G04,R4,26140,0,0
2024-05-27,G04,R4,25678,0,0
2024-06-03,G04,R4,26447,0,0
2024-06-10,G04,R4,24268,0,0
2024-06-17,G04,R4,23422,0,0
2024-06-24,G04,R4,24966,0,0
2024-07-01,G04,R4,26450,0,0
2024-07-08,G04,R4,23715,0,0
2024-07-15,G04,R4,24459,0,0
2024-07-22,G04,R4,24439,0,0
2024-07-29,G04,R4,22329,0,0
2024-08-05,G04,R4,24188,0,0
2024-08-12,G04,R4,24140,0,0
2024-08-19,G04,R4,24784,0,0
2024-08-26,G04,R4,24234,0,0
2024-09-02,G04,R4,24356,0,0
2024-09-09,G04,R4,22741,0,0
2024-09-16,G04,R4,24378,0,0
2024-09-23,G04,R4,24544,0,0
2024-09-30,G04,R4,23832,0,0
2024-10-07,G04,R4,24476,0,0
2024-10-14,G04,R4,24001,0,0
2024-10-21,G04,R4,26663,0,0
2024-10-28,G04,R4,25739,0,0
2024-11-04,G04,R4,27505,0,0
2024-11-11,G04,R4,24790,0,0
2024-11-18,G04,R4,25926,0,0
2024-11-25,G04,R4,28753,0,0
2024-12-02,G04,R4,28025,0,0
2024-12-09,G04,R4,28387,0,0
2024-12-16,G04,R4,25846,0,0
2024-12-23,G04,R4,29009,0,0
2024-12-30,G04,R4,26469,0,0
2025-01-06,G04,R4,28969,0,0
2025-01-13,G04,R4,30143,0,0
2025-01-20,G04,R4,31523,0,0
2025-01-27,G04,R4,33892,0,0
2025-02-03,G04,R4,28261,0,0
2025-02-10,G04,R4,29490,0,0
2025-02-17,G04,R4,29834,0,0
2025-02-24,G04,R4,31960,0,0
2025-03-03,G04,R4,33864,0,0
2025-03-10,G04,R4,35716,0,0
2025-03-17,G04,R4,30709,0,0
2025-03-24,G04,R4,28542,0,0
2025-03-31,G04,R4,29281,0,0
2025-04-07,G04,R4,30174,0,0
2025-04-14,G04,R4,30937,0,0
2025-04-21,G04,R4,29720,0,0
2025-04-28,G04,R4,26373,0,0
2025-05-05,G04,R4,26659,0,0
2025-05-12,G04,R4,27696,0,0
2025-05-19,G04,R4,30147,0,0
2025-05-26,G04,R4,29447,0,0
2025-06-02,G04,R4,28183,0,0
2025-06-09,G04,R4,29083,0,0
2025-06-16,G04,R4,27440,0,0
2025-06-23,G04,R4,26283,0,0
2025-06-30,G04,R4,25862,0,0
2025-07-07,G04,R4,26998,0,0
2025-07-14,G04,R4,24799,0,0
2025-07-21,G04,R4,24664,0,0
2025-07-28,G04,R4,25344,0,0
2025-08-04,G04,R4,24282,0,0
2025-08-11,G04,R4,22452,0,0
2025-08-18,G04,R4,24747,0,0
2025-08-25,G04,R4,25967,0,0
2025-09-01,G04,R4,25904,0,0
2025-09-08,G04,R4,27346,0,0
2025-09-15,G04,R4,24850,0,0
2025-09-22,G04,R4,26749,0,0
2025-09-29,G04,R4,27315,0,0
2025-10-06,G04,R4,26551,0,0
2025-10-13,G04,R4,26842,0,0
2025-10-20,G04,R4,26202,0,1
2025-10-27,G04,R4,27272,0,1
2025-11-03,G04,R4,26545,0,1
2025-11-10,G04,R4,25522,0,1
2025-11-17,G04,R4,28484,0,1
2025-11-24,G04,R4,28862,0,1
2025-12-01,G04,R4,28051,0,1
2025-12-08,G04,R4,28070,0,1
2025-12-15,G04,R4,27601,0,1
2025-12-22,G04,R4,31186,0,1
2024-01-01,G05,R1,6119,0,0
2024-01-08,G05,R1,6087,0,0
2024-01-15,G05,R1,6064,0,0
2024-01-22,G05,R1,6249,0,0
2024-01-29,G05,R1,5751,0,0
2024-02-05,G05,R1,5514,0,0
2024-02-12,G05,R1,6093,0,0
2024-02-19,G05,R1,5953,0,0
2024-02-26,G05,R1,5468,0,0
2024-03-04,G05,R1,6404,0,0
2024-03-11,G05,R1,5833,0,0
2024-03-18,G05,R1,6142,0,0
2024-03-25,G05,R1,6414,0,0
2024-04-01,G05,R1,6273,0,0
2024-04-08,G05,R1,6524,0,0
2024-04-15,G05,R1,6310,0,0
2024-04-22,G05,R1,5779,0,0
2024-04-29,G05,R1,5618,0,0
2024-05-06,G05,R1,6506,0,0
2024-05-13,G05,R1,5633,0,0
2024-05-20,G05,R1,5372,0,0
2024-05-27,G05,R1,5678,0,0
2024-06-03,G05,R1,5450,0,0
2024-06-10,G05,R1,5791,0,0
2024-06-17,G05,R1,5336,0,0
2024-06-24,G05,R1,5089,0,0
2024-07-01,G05,R1,4973,0,0
2024-07-08,G05,R1,5469,0,0
2024-07-15,G05,R1,5869,0,0
2024-07-22,G05,R1,5227,0,0
2024-07-29,G05,R1,5380,0,0
2024-08-05,G05,R1,5311,0,0
2024-08-12,G05,R1,5522,0,0
2024-08-19,G05,R1,5059,0,0
2024-08-26,G05,R1,5650,0,0
2024-09-02,G05,R1,5428,0,0
2024-09-09,G05,R1,4958,0,0
2024-09-16,G05,R1,5144,0,0
2024-09-23,G05,R1,4919,0,0
2024-09-30,G05,R1,5626,0,0
2024-10-07,G05,R1,5592,0,0
2024-10-14,G05,R1,5677,0,0
2024-10-21,G05,R1,5791,0,0
2024-10-28,G05,R1,6609,0,0
2024-11-04,G05,R1,5337,0,0
2024-11-11,G05,R1,5059,0,0
2024-11-18,G05,R1,5656,0,0
2024-11-25,G05,R1,5946,0,0
2024-12-02,G05,R1,6509,0,0
2024-12-09,G05,R1,6075,0,0
2024-12-16,G05,R1,5932,0,0
2024-12-23,G05,R1,5865,0,0
2024-12-30,G05,R1,6041,0,0
2025-01-06,G05,R1,6259,0,0
2025-01-13,G05,R1,6312,0,0
2025-01-20,G05,R1,5981,0,0
2025-01-27,G05,R1,6621,0,0
2025-02-03,G05,R1,6295,0,0
2025-02-10,G05,R1,6186,0,0
2025-02-17,G05,R1,6246,0,0
2025-02-24,G05,R1,6546,0,0
2025-03-03,G05,R1,6290,0,0
2025-03-10,G05,R1,6237,0,0
2025-03-17,G05,R1,6495,0,0
2025-03-24,G05,R1,6484,0,0
2025-03-31,G05,R1,6420,0,0
2025-04-07,G05,R1,6084,0,0
2025-04-14,G05,R1,6611,0,0
2025-04-21,G05,R1,6375,0,0
2025-04-28,G05,R1,5795,0,0
2025-05-05,G05,R1,6140,0,0
2025-05-12,G05,R1,6328,0,0
2025-05-19,G05,R1,5728,0,0
2025-05-26,G05,R1,6330,0,0
2025-06-02,G05,R1,6212,0,0
2025-06-09,G05,R1,5715,0,0
2025-06-16,G05,R1,5885,0,0
2025-06-23,G05,R1,6226,0,0
2025-06-30,G05,R1,5430,0,0
2025-07-07,G05,R1,5390,0,0
2025-07-14,G05,R1,5639,0,0
2025-07-21,G05,R1,5371,0,0
2025-07-28,G05,R1,5814,0,0
2025-08-04,G05,R1,5680,0,0
2025-08-11,G05,R1,5343,0,0
2025-08-18,G05,R1,5707,0,0
2025-08-25,G05,R1,5841,0,0
2025-09-01,G05,R1,5551,0,0
2025-09-08,G05,R1,5581,0,0
2025-09-15,G05,R1,5732,0,0
2025-09-22,G05,R1,5432,0,0
2025-09-29,G05,R1,5641,0,0
2025-10-06,G05,R1,5576,0,0
2025-10-13,G05,R1,5721,0,0
2025-10-20,G05,R1,5670,0,1
2025-10-27,G05,R1,6321,0,1
2025-11-03,G05,R1,5605,0,1
2025-11-10,G05,R1,5842,0,1
2025-11-17,G05,R1,6033,0,1
2025-11-24,G05,R1,5973,0,1
2025-12-01,G05,R1,6154,0,1
2025-12-08,G05,R1,6336,0,1
2025-12-15,G05,R1,6637,0,1
2025-12-22,G05,R1,6463,0,1
2024-01-01,G06,R2,61128,1,0
2024-01-08,G06,R2,63321,1,0
2024-01-15,G06,R2,65098,1,0
2024-01-22,G06,R2,61666,1,0
2024-01-29,G06,R2,62397,1,0
2024-02-05,G06,R2,58551,1,0
2024-02-12,G06,R2,65125,1,0
2024-02-19,G06,R2,58202,1,0
2024-02-26,G06,R2,57590,1,0
2024-03-04,G06,R2,61214,1,0
2024-03-11,G06,R2,60669,1,0
2024-03-18,G06,R2,61456,1,0
2024-03-25,G06,R2,70592,1,0
2024-04-01,G06,R2,62816,1,0
2024-04-08,G06,R2,65785,1,0
2024-04-15,G06,R2,65031,1,0
2024-04-22,G06,R2,66054,1,0
2024-04-29,G06,R2,68034,1,0
2024-05-06,G06,R2,64978,1,0
2024-05-13,G06,R2,59910,1,0
2024-05-20,G06,R2,59134,1,0
2024-05-27,G06,R2,59084,1,0
2024-06-03,G06,R2,56746,1,0
2024-06-10,G06,R2,51508,1,0
2024-06-17,G06,R2,56164,1,0
2024-06-24,G06,R2,53921,1,0
2024-07-01,G06,R2,59993,1,0
2024-07-08,G06,R2,56581,1,0
2024-07-15,G06,R2,62473,1,0
2024-07-22,G06,R2,57514,1,0
2024-07-29,G06,R2,57751,1,0
2024-08-05,G06,R2,52904,1,0
2024-08-12,G06,R2,55618,1,0
2024-08-19,G06,R2,53834,1,0
2024-08-26,G06,R2,53239,1,0
2024-09-02,G06,R2,53267,1,0
2024-09-09,G06,R2,48183,1,0
2024-09-16,G06,R2,52213,1,0
2024-09-23,G06,R2,53287,1,0
2024-09-30,G06,R2,58798,1,0
2024-10-07,G06,R2,51541,1,0
2024-10-14,G06,R2,57306,1,0
2024-10-21,G06,R2,62723,1,0
2024-10-28,G06,R2,60946,1,0
2024-11-04,G06,R2,52970,1,0
2024-11-11,G06,R2,56585,1,0
2024-11-18,G06,R2,52906,1,0
2024-11-25,G06,R2,60912,1,0
2024-12-02,G06,R2,60497,1,0
2024-12-09,G06,R2,58262,1,0
2024-12-16,G06,R2,56362,1,0
2024-12-23,G06,R2,61440,1,0
2024-12-30,G06,R2,60250,1,0
2025-01-06,G06,R2,60844,1,0
2025-01-13,G06,R2,58418,1,0
2025-01-20,G06,R2,66416,1,0
2025-01-27,G06,R2,65121,1,0
2025-02-03,G06,R2,65437,1,0
2025-02-10,G06,R2,61948,1,0
2025-02-17,G06,R2,67373,1,0
2025-02-24,G06,R2,70170,1,0
2025-03-03,G06,R2,70974,1,0
2025-03-10,G06,R2,70646,1,0
2025-03-17,G06,R2,64609,1,0
2025-03-24,G06,R2,65434,1,0
2025-03-31,G06,R2,66076,1,0
2025-04-07,G06,R2,69454,1,0
2025-04-14,G06,R2,64210,1,0
2025-04-21,G06,R2,66796,1,0
2025-04-28,G06,R2,66842,1,0
2025-05-05,G06,R2,64895,1,0
2025-05-12,G06,R2,66733,1,0
2025-05-19,G06,R2,66840,1,0
2025-05-26,G06,R2,61526,1,0
2025-06-02,G06,R2,59484,1,0
2025-06-09,G06,R2,64684,1,0
2025-06-16,G06,R2,62082,1,0
2025-06-23,G06,R2,58413,1,0
2025-06-30,G06,R2,61592,1,0
2025-07-07,G06,R2,58060,1,0
2025-07-14,G06,R2,60475,1,0
2025-07-21,G06,R2,59956,1,0
2025-07-28,G06,R2,58747,1,0
2025-08-04,G06,R2,58037,1,0
2025-08-11,G06,R2,56285,1,0
2025-08-18,G06,R2,55517,1,0
2025-08-25,G06,R2,59812,1,0
2025-09-01,G06,R2,53812,1,0
2025-09-08,G06,R2,55944,1,0
2025-09-15,G06,R2,58425,1,0
2025-09-22,G06,R2,55201,1,0
2025-09-29,G06,R2,59208,1,0
2025-10-06,G06,R2,58719,1,0
2025-10-13,G06,R2,60413,1,0
2025-10-20,G06,R2,68211,1,1
2025-10-27,G06,R2,64936,1,1
2025-11-03,G06,R2,63619,1,1
2025-11-10,G06,R2,62925,1,1
2025-11-17,G06,R2,69416,1,1
2025-11-24,G06,R2,61164,1,1
2025-12-01,G06,R2,66435,1,1
2025-12-08,G06,R2,63953,1,1
2025-12-15,G06,R2,65835,1,1
2025-12-22,G06,R2,67036,1,1
2024-01-01,G07,R1,10903,0,0
2024-01-08,G07,R1,10684,0,0
2024-01-15,G07,R1,10526,0,0
2024-01-22,G07,R1,10656,0,0
2024-01-29,G07,R1,10757,0,0
2024-02-05,G07,R1,9856,0,0
2024-02-12,G07,R1,9925,0,0
2024-02-19,G07,R1,10560,0,0
2024-02-26,G07,R1,9906,0,0
2024-03-04,G07,R1,9587,0,0
2024-03-11,G07,R1,10134,0,0
2024-03-18,G07,R1,10769,0,0
2024-03-25,G07,R1,11363,0,0
2024-04-01,G07,R1,10588,0,0
2024-04-08,G07,R1,10439,0,0
2024-04-15,G07,R1,11229,0,0
2024-04-22,G07,R1,10792,0,0
2024-04-29,G07,R1,10973,0,0
2024-05-06,G07,R1,10348,0,0
2024-05-13,G07,R1,9924,0,0
2024-05-20,G07,R1,9398,0,0
2024-05-27,G07,R1,10138,0,0
2024-06-03,G07,R1,10060,0,0
2024-06-10,G07,R1,9773,0,0
2024-06-17,G07,R1,9859,0,0
2024-06-24,G07,R1,10014,0,0
2024-07-01,G07,R1,9692,0,0
2024-07-08,G07,R1,9828,0,0
2024-07-15,G07,R1,10184,0,0
2024-07-22,G07,R1,9442,0,0
2024-07-29,G07,R1,8879,0,0
2024-08-05,G07,R1,9363,0,0
2024-08-12,G07,R1,9276,0,0
2024-08-19,G07,R1,9609,0,0
2024-08-26,G07,R1,9861,0,0
2024-09-02,G07,R1,9475,0,0
2024-09-09,G07,R1,9663,0,0
2024-09-16,G07,R1,9343,0,0
2024-09-23,G07,R1,9863,0,0
2024-09-30,G07,R1,8840,0,0
2024-10-07,G07,R1,9563,0,0
2024-10-14,G07,R1,9669,0,0
2024-10-21,G07,R1,10195,0,0
2024-10-28,G07,R1,10207,0,0
2024-11-04,G07,R1,9699,0,0
2024-11-11,G07,R1,10035,0,0
2024-11-18,G07,R1,9615,0,0
2024-11-25,G07,R1,10426,0,0
2024-12-02,G07,R1,10867,0,0
2024-12-09,G07,R1,10222,0,0
2024-12-16,G07,R1,10727,0,0
2024-12-23,G07,R1,10718,0,0
2024-12-30,G07,R1,10320,0,0
2025-01-06,G07,R1,11446,0,0
2025-01-13,G07,R1,10757,0,0
2025-01-20,G07,R1,11798,0,0
2025-01-27,G07,R1,11508,0,0
2025-02-03,G07,R1,10978,0,0
2025-02-10,G07,R1,11212,0,0
2025-02-17,G07,R1,11612,0,0
2025-02-24,G07,R1,11362,0,0
2025-03-03,G07,R1,11415,0,0
2025-03-10,G07,R1,12159,0,0
2025-03-17,G07,R1,12084,0,0
2025-03-24,G07,R1,11152,0,0
2025-03-31,G07,R1,11123,0,0
2025-04-07,G07,R1,11111,0,0
2025-04-14,G07,R1,11220,0,0
2025-04-21,G07,R1,11591,0,0
2025-04-28,G07,R1,11265,0,0
2025-05-05,G07,R1,10918,0,0
2025-05-12,G07,R1,11143,0,0
2025-05-19,G07,R1,9741,0,0
2025-05-26,G07,R1,10590,0,0
2025-06-02,G07,R1,10621,0,0
2025-06-09,G07,R1,10430,0,0
2025-06-16,G07,R1,11001,0,0
2025-06-23,G07,R1,9840,0,0
2025-06-30,G07,R1,11107,0,0
2025-07-07,G07,R1,9961,0,0
2025-07-14,G07,R1,9607,0,0
2025-07-21,G07,R1,9728,0,0
2025-07-28,G07,R1,9898,0,0
2025-08-04,G07,R1,10016,0,0
2025-08-11,G07,R1,10286,0,0
2025-08-18,G07,R1,9630,0,0
2025-08-25,G07,R1,10398,0,0
2025-09-01,G07,R1,11044,0,0
2025-09-08,G07,R1,10019,0,0
2025-09-15,G07,R1,9850,0,0
2025-09-22,G07,R1,10501,0,0
2025-09-29,G07,R1,9741,0,0
2025-10-06,G07,R1,10382,0,0
2025-10-13,G07,R1,10395,0,0
2025-10-20,G07,R1,10761,0,1
2025-10-27,G07,R1,10106,0,1
2025-11-03,G07,R1,10375,0,1
2025-11-10,G07,R1,10505,0,1
2025-11-17,G07,R1,10141,0,1
2025-11-24,G07,R1,10598,0,1
2025-12-01,G07,R1,10980,0,1
2025-12-08,G07,R1,11120,0,1
2025-12-15,G07,R1,12294,0,1
2025-12-22,G07,R1,10688,0,1
2024-01-01,G08,R3,23657,1,0
2024-01-08,G08,R3,24337,1,0
2024-01-15,G08,R3,24378,1,0
2024-01-22,G08,R3,26655,1,0
2024-01-29,G08,R3,24340,1,0
2024-02-05,G08,R3,24825,1,0
2024-02-12,G08,R3,24915,1,0
2024-02-19,G08,R3,26612,1,0
2024-02-26,G08,R3,23365,1,0
2024-03-04,G08,R3,24114,1,0
2024-03-11,G08,R3,25581,1,0
2024-03-18,G08,R3,23709,1,0
2024-03-25,G08,R3,27026,1,0
2024-04-01,G08,R3,28829,1,0
2024-04-08,G08,R3,25296,1,0
2024-04-15,G08,R3,25510,1,0
2024-04-22,G08,R3,24970,1,0
2024-04-29,G08,R3,26676,1,0
2024-05-06,G08,R3,26832,1,0
2024-05-13,G08,R3,25835,1,0
2024-05-20,G08,R3,21634,1,0
2024-05-27,G08,R3,22250,1,0
2024-06-03,G08,R3,22973,1,0
2024-06-10,G08,R3,22683,1,0
2024-06-17,G08,R3,22651,1,0
2024-06-24,G08,R3,25178,1,0
2024-07-01,G08,R3,23307,1,0
2024-07-08,G08,R3,22480,1,0
2024-07-15,G08,R3,25363,1,0
2024-07-22,G08,R3,23577,1,0
2024-07-29,G08,R3,22970,1,0
2024-08-05,G08,R3,24451,1,0
2024-08-12,G08,R3,25003,1,0
2024-08-19,G08,R3,24373,1,0
2024-08-26,G08,R3,22925,1,0
2024-09-02,G08,R3,21498,1,0
2024-09-09,G08,R3,21234,1,0
2024-09-16,G08,R3,21705,1,0
2024-09-23,G08,R3,23076,1,0
2024-09-30,G08,R3,22838,1,0
2024-10-07,G08,R3,22239,1,0
2024-10-14,G08,R3,22827,1,0
2024-10-21,G08,R3,23962,1,0
2024-10-28,G08,R3,23885,1,0
2024-11-04,G08,R3,24364,1,0
2024-11-11,G08,R3,23746,1,0
2024-11-18,G08,R3,24301,1,0
2024-11-25,G08,R3,25556,1,0
2024-12-02,G08,R3,25861,1,0
2024-12-09,G08,R3,24262,1,0
2024-12-16,G08,R3,25015,1,0
2024-12-23,G08,R3,25001,1,0
2024-12-30,G08,R3,27316,1,0
2025-01-06,G08,R3,24663,1,0
2025-01-13,G08,R3,26792,1,0
2025-01-20,G08,R3,25357,1,0
2025-01-27,G08,R3,25765,1,0
2025-02-03,G08,R3,25859,1,0
2025-02-10,G08,R3,27641,1,0
2025-02-17,G08,R3,26357,1,0
2025-02-24,G08,R3,28004,1,0
2025-03-03,G08,R3,26745,1,0
2025-03-10,G08,R3,31049,1,0
2025-03-17,G08,R3,27715,1,0
2025-03-24,G08,R3,25595,1,0
2025-03-31,G08,R3,27057,1,0
2025-04-07,G08,R3,24917,1,0
2025-04-14,G08,R3,27209,1,0
2025-04-21,G08,R3,26615,1,0
2025-04-28,G08,R3,26530,1,0
2025-05-05,G08,R3,25871,1,0
2025-05-12,G08,R3,26154,1,0
2025-05-19,G08,R3,25204,1,0
2025-05-26,G08,R3,23110,1,0
2025-06-02,G08,R3,25829,1,0
2025-06-09,G08,R3,26834,1,0
2025-06-16,G08,R3,26796,1,0
2025-06-23,G08,R3,24933,1,0
2025-06-30,G08,R3,25484,1,0
2025-07-07,G08,R3,25633,1,0
2025-07-14,G08,R3,24203,1,0
2025-07-21,G08,R3,23319,1,0
2025-07-28,G08,R3,23831,1,0
2025-08-04,G08,R3,22939,1,0
2025-08-11,G08,R3,24017,1,0
2025-08-18,G08,R3,23693,1,0
2025-08-25,G08,R3,23350,1,0
2025-09-01,G08,R3,25126,1,0
2025-09-08,G08,R3,25345,1,0
2025-09-15,G08,R3,24454,1,0
2025-09-22,G08,R3,24785,1,0
2025-09-29,G08,R3,22981,1,0
2025-10-06,G08,R3,24876,1,0
2025-10-13,G08,R3,26000,1,0
2025-10-20,G08,R3,25229,1,1
2025-10-27,G08,R3,25639,1,1
2025-11-03,G08,R3,27748,1,1
2025-11-10,G08,R3,27819,1,1
2025-11-17,G08,R3,26865,1,1
2025-11-24,G08,R3,26703,1,1
2025-12-01,G08,R3,25595,1,1
2025-12-08,G08,R3,29102,1,1
2025-12-15,G08,R3,25682,1,1
2025-12-22,G08,R3,29882,1,1
2024-01-01,G09,R1,8475,0,0
2024-01-08,G09,R1,8218,0,0
2024-01-15,G09,R1,8136,0,0
2024-01-22,G09,R1,8669,0,0
2024-01-29,G09,R1,8242,0,0
2024-02-05,G09,R1,8116,0,0
2024-02-12,G09,R1,9023,0,0
2024-02-19,G09,R1,8594,0,0
2024-02-26,G09,R1,8143,0,0
2024-03-04,G09,R1,8043,0,0
2024-03-11,G09,R1,8650,0,0
2024-03-18,G09,R1,8903,0,0
2024-03-25,G09,R1,8432,0,0
2024-04-01,G09,R1,10001,0,0
2024-04-08,G09,R1,8517,0,0
2024-04-15,G09,R1,9548,0,0
2024-04-22,G09,R1,8847,0,0
2024-04-29,G09,R1,8817,0,0
2024-05-06,G09,R1,8793,0,0
2024-05-13,G09,R1,7843,0,0
2024-05-20,G09,R1,8339,0,0
2024-05-27,G09,R1,8042,0,0
2024-06-03,G09,R1,7603,0,0
2024-06-10,G09,R1,7709,0,0
2024-06-17,G09,R1,7954,0,0
2024-06-24,G09,R1,8286,0,0
2024-07-01,G09,R1,7444,0,0
2024-07-08,G09,R1,7547,0,0
2024-07-15,G09,R1,8034,0,0
2024-07-22,G09,R1,7247,0,0
2024-07-29,G09,R1,7565,0,0
2024-08-05,G09,R1,7165,0,0
2024-08-12,G09,R1,7535,0,0
2024-08-19,G09,R1,7887,0,0
2024-08-26,G09,R1,8148,0,0
2024-09-02,G09,R1,7388,0,0
2024-09-09,G09,R1,7406,0,0
2024-09-16,G09,R1,7360,0,0
2024-09-23,G09,R1,7800,0,0
2024-09-30,G09,R1,7744,0,0
2024-10-07,G09,R1,7166,0,0
2024-10-14,G09,R1,7412,0,0
2024-10-21,G09,R1,8903,0,0
2024-10-28,G09,R1,8959,0,0
2024-11-04,G09,R1,8096,0,0
2024-11-11,G09,R1,8488,0,0
2024-11-18,G09,R1,8569,0,0
2024-11-25,G09,R1,8571,0,0
2024-12-02,G09,R1,8352,0,0
2024-12-09,G09,R1,8252,0,0
2024-12-16,G09,R1,8037,0,0
2024-12-23,G09,R1,8312,0,0
2024-12-30,G09,R1,8529,0,0
2025-01-06,G09,R1,9761,0,0
2025-01-13,G09,R1,9199,0,0
2025-01-20,G09,R1,9120,0,0
2025-01-27,G09,R1,9566,0,0
2025-02-03,G09,R1,8933,0,0
2025-02-10,G09,R1,9093,0,0
2025-02-17,G09,R1,8920,0,0
2025-02-24,G09,R1,8474,0,0
2025-03-03,G09,R1,8699,0,0
2025-03-10,G09,R1,9509,0,0
2025-03-17,G09,R1,9548,0,0
2025-03-24,G09,R1,9209,0,0
2025-03-31,G09,R1,9028,0,0
2025-04-07,G09,R1,9248,0,0
2025-04-14,G09,R1,8915,0,0
2025-04-21,G09,R1,8913,0,0
2025-04-28,G09,R1,9072,0,0
2025-05-05,G09,R1,9090,0,0
2025-05-12,G09,R1,8662,0,0
2025-05-19,G09,R1,9400,0,0
2025-05-26,G09,R1,9028,0,0
2025-06-02,G09,R1,8871,0,0
2025-06-09,G09,R1,8616,0,0
2025-06-16,G09,R1,8931,0,0
2025-06-23,G09,R1,8408,0,0
2025-06-30,G09,R1,9494,0,0
2025-07-07,G09,R1,8427,0,0
2025-07-14,G09,R1,7980,0,0
2025-07-21,G09,R1,7897,0,0
2025-07-28,G09,R1,8466,0,0
2025-08-04,G09,R1,8290,0,0
2025-08-11,G09,R1,7589,0,0
2025-08-18,G09,R1,7982,0,0
2025-08-25,G09,R1,8198,0,0
2025-09-01,G09,R1,8088,0,0
2025-09-08,G09,R1,8261,0,0
2025-09-15,G09,R1,8376,0,0
2025-09-22,G09,R1,7622,0,0
2025-09-29,G09,R1,7843,0,0
2025-10-06,G09,R1,8511,0,0
2025-10-13,G09,R1,8150,0,0
2025-10-20,G09,R1,8664,0,1
2025-10-27,G09,R1,8706,0,1
2025-11-03,G09,R1,8444,0,1
2025-11-10,G09,R1,8852,0,1
2025-11-17,G09,R1,9098,0,1
2025-11-24,G09,R1,8984,0,1
2025-12-01,G09,R1,8771,0,1
2025-12-08,G09,R1,9311,0,1
2025-12-15,G09,R1,8592,0,1
2025-12-22,G09,R1,9213,0,1
2024-01-01,G10,R4,14307,0,0
2024-01-08,G10,R4,14008,0,0
2024-01-15,G10,R4,14366,0,0
2024-01-22,G10,R4,15564,0,0
2024-01-29,G10,R4,14364,0,0
2024-02-05,G10,R4,14503,0,0
2024-02-12,G10,R4,14754,0,0
2024-02-19,G10,R4,14633,0,0
2024-02-26,G10,R4,13551,0,0
2024-03-04,G10,R4,13882,0,0
2024-03-11,G10,R4,14099,0,0
2024-03-18,G10,R4,13413,0,0
2024-03-25,G10,R4,15439,0,0
2024-04-01,G10,R4,14659,0,0
2024-04-08,G10,R4,14387,0,0
2024-04-15,G10,R4,15779,0,0
2024-04-22,G10,R4,14629,0,0
2024-04-29,G10,R4,14621,0,0
2024-05-06,G10,R4,14418,0,0
2024-05-13,G10,R4,14374,0,0
2024-05-20,G10,R4,12980,0,0
2024-05-27,G10,R4,12952,0,0
2024-06-03,G10,R4,13555,0,0
2024-06-10,G10,R4,12679,0,0
2024-06-17,G10,R4,11612,0,0
2024-06-24,G10,R4,12618,0,0
2024-07-01,G10,R4,12206,0,0
2024-07-08,G10,R4,12876,0,0
2024-07-15,G10,R4,12967,0,0
2024-07-22,G10,R4,11979,0,0
2024-07-29,G10,R4,12236,0,0
2024-08-05,G10,R4,12754,0,0
2024-08-12,G10,R4,11979,0,0
2024-08-19,G10,R4,11598,0,0
2024-08-26,G10,R4,13027,0,0
2024-09-02,G10,R4,12316,0,0
2024-09-09,G10,R4,11535,0,0
2024-09-16,G10,R4,11519,0,0
2024-09-23,G10,R4,12757,0,0
2024-09-30,G10,R4,11748,0,0
2024-10-07,G10,R4,12289,0,0
2024-10-14,G10,R4,12441,0,0
2024-10-21,G10,R4,12954,0,0
2024-10-28,G10,R4,14165,0,0
2024-11-04,G10,R4,13301,0,0
2024-11-11,G10,R4,12642,0,0
2024-11-18,G10,R4,12804,0,0
2024-11-25,G10,R4,13826,0,0
2024-12-02,G10,R4,14543,0,0
2024-12-09,G10,R4,14830,0,0
2024-12-16,G10,R4,14268,0,0
2024-12-23,G10,R4,14161,0,0
2024-12-30,G10,R4,14636,0,0
2025-01-06,G10,R4,13822,0,0
2025-01-13,G10,R4,15100,0,0
2025-01-20,G10,R4,15724,0,0
2025-01-27,G10,R4,16591,0,0
2025-02-03,G10,R4,16074,0,0
2025-02-10,G10,R4,15972,0,0
2025-02-17,G10,R4,15566,0,0
2025-02-24,G10,R4,15505,0,0
2025-03-03,G10,R4,16689,0,0
2025-03-10,G10,R4,15823,0,0
2025-03-17,G10,R4,15010,0,0
2025-03-24,G10,R4,13994,0,0
2025-03-31,G10,R4,15004,0,0
2025-04-07,G10,R4,15342,0,0
2025-04-14,G10,R4,15013,0,0
2025-04-21,G10,R4,16103,0,0
2025-04-28,G10,R4,14217,0,0
2025-05-05,G10,R4,13430,0,0
2025-05-12,G10,R4,13388,0,0
2025-05-19,G10,R4,14108,0,0
2025-05-26,G10,R4,14687,0,0
2025-06-02,G10,R4,13844,0,0
2025-06-09,G10,R4,14378,0,0
2025-06-16,G10,R4,13755,0,0
2025-06-23,G10,R4,13225,0,0
2025-06-30,G10,R4,12884,0,0
2025-07-07,G10,R4,12470,0,0
2025-07-14,G10,R4,12934,0,0
2025-07-21,G10,R4,13886,0,0
2025-07-28,G10,R4,11967,0,0
2025-08-04,G10,R4,12891,0,0
2025-08-11,G10,R4,13111,0,0
2025-08-18,G10,R4,12862,0,0
2025-08-25,G10,R4,12281,0,0
2025-09-01,G10,R4,12707,0,0
2025-09-08,G10,R4,12657,0,0
2025-09-15,G10,R4,12943,0,0
2025-09-22,G10,R4,12728,0,0
2025-09-29,G10,R4,12833,0,0
2025-10-06,G10,R4,12974,0,0
2025-10-13,G10,R4,12983,0,0
2025-10-20,G10,R4,12435,0,1
2025-10-27,G10,R4,12682,0,1
2025-11-03,G10,R4,13329,0,1
2025-11-10,G10,R4,13374,0,1
2025-11-17,G10,R4,14147,0,1
2025-11-24,G10,R4,14594,0,1
2025-12-01,G10,R4,13078,0,1
2025-12-08,G10,R4,14755,0,1
2025-12-15,G10,R4,14442,0,1
2025-12-22,G10,R4,14968,0,1
2024-01-01,G11,R1,33148,0,0
2024-01-08,G11,R1,30939,0,0
2024-01-15,G11,R1,31312,0,0
2024-01-22,G11,R1,32814,0,0
2024-01-29,G11,R1,32855,0,0
2024-02-05,G11,R1,30082,0,0
2024-02-12,G11,R1,32390,0,0
2024-02-19,G11,R1,31475,0,0
2024-02-26,G11,R1,31062,0,0
2024-03-04,G11,R1,30816,0,0
2024-03-11,G11,R1,32426,0,0
2024-03-18,G11,R1,32206,0,0
2024-03-25,G11,R1,35571,0,0
2024-04-01,G11,R1,33704,0,0
2024-04-08,G11,R1,32696,0,0
2024-04-15,G11,R1,35184,0,0
2024-04-22,G11,R1,32847,0,0
2024-04-29,G11,R1,32091,0,0
2024-05-06,G11,R1,34260,0,0
2024-05-13,G11,R1,32931,0,0
2024-05-20,G11,R1,29400,0,0
2024-05-27,G11,R1,30386,0,0
2024-06-03,G11,R1,29480,0,0
2024-06-10,G11,R1,28337,0,0
2024-06-17,G11,R1,31138,0,0
2024-06-24,G11,R1,29085,0,0
2024-07-01,G11,R1,29299,0,0
2024-07-08,G11,R1,26733,0,0
2024-07-15,G11,R1,32679,0,0
2024-07-22,G11,R1,26907,0,0
2024-07-29,G11,R1,29194,0,0
2024-08-05,G11,R1,28543,0,0
2024-08-12,G11,R1,28808,0,0
2024-08-19,G11,R1,26875,0,0
2024-08-26,G11,R1,29270,0,0
2024-09-02,G11,R1,28746,0,0
2024-09-09,G11,R1,28827,0,0
2024-09-16,G11,R1,28378,0,0
2024-09-23,G11,R1,28734,0,0
2024-09-30,G11,R1,28037,0,0
2024-10-07,G11,R1,29929,0,0
2024-10-14,G11,R1,29691,0,0
2024-10-21,G11,R1,32983,0,0
2024-10-28,G11,R1,33530,0,0
2024-11-04,G11,R1,29930,0,0
2024-11-11,G11,R1,30744,0,0
2024-11-18,G11,R1,31924,0,0
2024-11-25,G11,R1,33052,0,0
2024-12-02,G11,R1,33370,0,0
2024-12-09,G11,R1,31770,0,0
2024-12-16,G11,R1,31897,0,0
2024-12-23,G11,R1,31319,0,0
2024-12-30,G11,R1,29658,0,0
2025-01-06,G11,R1,31531,0,0
2025-01-13,G11,R1,34941,0,0
2025-01-20,G11,R1,36557,0,0
2025-01-27,G11,R1,34417,0,0
2025-02-03,G11,R1,36384,0,0
2025-02-10,G11,R1,34013,0,0
2025-02-17,G11,R1,34365,0,0
2025-02-24,G11,R1,36860,0,0
2025-03-03,G11,R1,35324,0,0
2025-03-10,G11,R1,36355,0,0
2025-03-17,G11,R1,35453,0,0
2025-03-24,G11,R1,34424,0,0
2025-03-31,G11,R1,36830,0,0
2025-04-07,G11,R1,34750,0,0
2025-04-14,G11,R1,33970,0,0
2025-04-21,G11,R1,33272,0,0
2025-04-28,G11,R1,31878,0,0
2025-05-05,G11,R1,35205,0,0
2025-05-12,G11,R1,33891,0,0
2025-05-19,G11,R1,30621,0,0
2025-05-26,G11,R1,31516,0,0
2025-06-02,G11,R1,33488,0,0
2025-06-09,G11,R1,30425,0,0
2025-06-16,G11,R1,31845,0,0
2025-06-23,G11,R1,31673,0,0
2025-06-30,G11,R1,31481,0,0
2025-07-07,G11,R1,33575,0,0
2025-07-14,G11,R1,32795,0,0
2025-07-21,G11,R1,32660,0,0
2025-07-28,G11,R1,31505,0,0
2025-08-04,G11,R1,31375,0,0
2025-08-11,G11,R1,30784,0,0
2025-08-18,G11,R1,29615,0,0
2025-08-25,G11,R1,33082,0,0
2025-09-01,G11,R1,32182,0,0
2025-09-08,G11,R1,30119,0,0
2025-09-15,G11,R1,29147,0,0
2025-09-22,G11,R1,28887,0,0
2025-09-29,G11,R1,30595,0,0
2025-10-06,G11,R1,29034,0,0
2025-10-13,G11,R1,30201,0,0
2025-10-20,G11,R1,33378,0,1
2025-10-27,G11,R1,33933,0,1
2025-11-03,G11,R1,32288,0,1
2025-11-10,G11,R1,32957,0,1
2025-11-17,G11,R1,32280,0,1
2025-11-24,G11,R1,35002,0,1
2025-12-01,G11,R1,34959,0,1
2025-12-08,G11,R1,37570,0,1
2025-12-15,G11,R1,34509,0,1
2025-12-22,G11,R1,35550,0,1
2024-01-01,G12,R1,31365,0,0
2024-01-08,G12,R1,29215,0,0
2024-01-15,G12,R1,30940,0,0
2024-01-22,G12,R1,29797,0,0
2024-01-29,G12,R1,31695,0,0
2024-02-05,G12,R1,28164,0,0
2024-02-12,G12,R1,29805,0,0
2024-02-19,G12,R1,30837,0,0
2024-02-26,G12,R1,31388,0,0
2024-03-04,G12,R1,30992,0,0
2024-03-11,G12,R1,29345,0,0
2024-03-18,G12,R1,28869,0,0
2024-03-25,G12,R1,32156,0,0
2024-04-01,G12,R1,32710,0,0
2024-04-08,G12,R1,31898,0,0
2024-04-15,G12,R1,34438,0,0
2024-04-22,G12,R1,27904,0,0
2024-04-29,G12,R1,32562,0,0
2024-05-06,G12,R1,32695,0,0
2024-05-13,G12,R1,31613,0,0
2024-05-20,G12,R1,29361,0,0
2024-05-27,G12,R1,28938,0,0
2024-06-03,G12,R1,28664,0,0
2024-06-10,G12,R1,29887,0,0
2024-06-17,G12,R1,27532,0,0
2024-06-24,G12,R1,26158,0,0
2024-07-01,G12,R1,28959,0,0
2024-07-08,G12,R1,27680,0,0
2024-07-15,G12,R1,30845,0,0
2024-07-22,G12,R1,27234,0,0
2024-07-29,G12,R1,27141,0,0
2024-08-05,G12,R1,25470,0,0
2024-08-12,G12,R1,27236,0,0
2024-08-19,G12,R1,29255,0,0
2024-08-26,G12,R1,28475,0,0
2024-09-02,G12,R1,27104,0,0
2024-09-09,G12,R1,25542,0,0
2024-09-16,G12,R1,26340,0,0
2024-09-23,G12,R1,26691,0,0
2024-09-30,G12,R1,26925,0,0
2024-10-07,G12,R1,26708,0,0
2024-10-14,G12,R1,28849,0,0
2024-10-21,G12,R1,30285,0,0
2024-10-28,G12,R1,32196,0,0
2024-11-04,G12,R1,29441,0,0
2024-11-11,G12,R1,27740,0,0
2024-11-18,G12,R1,28740,0,0
2024-11-25,G12,R1,30377,0,0
2024-12-02,G12,R1,28016,0,0
2024-12-09,G12,R1,32126,0,0
2024-12-16,G12,R1,30146,0,0
2024-12-23,G12,R1,29878,0,0
2024-12-30,G12,R1,30742,0,0
2025-01-06,G12,R1,32126,0,0
2025-01-13,G12,R1,31827,0,0
2025-01-20,G12,R1,32311,0,0
2025-01-27,G12,R1,33281,0,0
2025-02-03,G12,R1,34437,0,0
2025-02-10,G12,R1,29829,0,0
2025-02-17,G12,R1,31513,0,0
2025-02-24,G12,R1,31291,0,0
2025-03-03,G12,R1,34927,0,0
2025-03-10,G12,R1,34013,0,0
2025-03-17,G12,R1,34304,0,0
2025-03-24,G12,R1,31457,0,0
2025-03-31,G12,R1,32119,0,0
2025-04-07,G12,R1,34650,0,0
2025-04-14,G12,R1,31673,0,0
2025-04-21,G12,R1,35395,0,0
2025-04-28,G12,R1,32379,0,0
2025-05-05,G12,R1,31357,0,0
2025-05-12,G12,R1,32171,0,0
2025-05-19,G12,R1,31763,0,0
2025-05-26,G12,R1,30590,0,0
2025-06-02,G12,R1,30837,0,0
2025-06-09,G12,R1,30115,0,0
2025-06-16,G12,R1,32856,0,0
2025-06-23,G12,R1,30433,0,0
2025-06-30,G12,R1,30707,0,0
2025-07-07,G12,R1,31074,0,0
2025-07-14,G12,R1,28192,0,0
2025-07-21,G12,R1,29033,0,0
2025-07-28,G12,R1,31697,0,0
2025-08-04,G12,R1,28995,0,0
2025-08-11,G12,R1,30680,0,0
2025-08-18,G12,R1,29569,0,0
2025-08-25,G12,R1,29603,0,0
2025-09-01,G12,R1,30976,0,0
2025-09-08,G12,R1,28993,0,0
2025-09-15,G12,R1,29674,0,0
2025-09-22,G12,R1,28238,0,0
2025-09-29,G12,R1,27113,0,0
2025-10-06,G12,R1,29381,0,0
2025-10-13,G12,R1,29115,0,0
2025-10-20,G12,R1,28268,0,1
2025-10-27,G12,R1,30781,0,1
2025-11-03,G12,R1,28205,0,1
2025-11-10,G12,R1,30616,0,1
2025-11-17,G12,R1,31066,0,1
2025-11-24,G12,R1,32679,0,1
2025-12-01,G12,R1,29968,0,1
2025-12-08,G12,R1,32899,0,1
2025-12-15,G12,R1,33451,0,1
2025-12-22,G12,R1,34202,0,1
2024-01-01,G13,R1,47504,0,0
2024-01-08,G13,R1,47773,0,0
2024-01-15,G13,R1,50250,0,0
2024-01-22,G13,R1,51082,0,0
2024-01-29,G13,R1,46112,0,0
2024-02-05,G13,R1,47651,0,0
2024-02-12,G13,R1,47796,0,0
2024-02-19,G13,R1,48391,0,0
2024-02-26,G13,R1,49040,0,0
2024-03-04,G13,R1,48163,0,0
2024-03-11,G13,R1,46681,0,0
2024-03-18,G13,R1,49363,0,0
2024-03-25,G13,R1,53324,0,0
2024-04-01,G13,R1,52732,0,0
2024-04-08,G13,R1,50492,0,0
2024-04-15,G13,R1,53872,0,0
2024-04-22,G13,R1,50271,0,0
2024-04-29,G13,R1,47224,0,0
2024-05-06,G13,R1,47932,0,0
2024-05-13,G13,R1,45623,0,0
2024-05-20,G13,R1,43388,0,0
2024-05-27,G13,R1,44170,0,0
2024-06-03,G13,R1,46709,0,0
2024-06-10,G13,R1,44347,0,0
2024-06-17,G13,R1,42857,0,0
2024-06-24,G13,R1,44001,0,0
2024-07-01,G13,R1,44309,0,0
2024-07-08,G13,R1,43633,0,0
2024-07-15,G13,R1,46846,0,0
2024-07-22,G13,R1,44441,0,0
2024-07-29,G13,R1,42708,0,0
2024-08-05,G13,R1,42055,0,0
2024-08-12,G13,R1,45734,0,0
2024-08-19,G13,R1,40882,0,0
2024-08-26,G13,R1,42925,0,0
2024-09-02,G13,R1,47370,0,0
2024-09-09,G13,R1,41735,0,0
2024-09-16,G13,R1,43396,0,0
2024-09-23,G13,R1,42610,0,0
2024-09-30,G13,R1,44113,0,0
2024-10-07,G13,R1,41685,0,0
2024-10-14,G13,R1,45887,0,0
2024-10-21,G13,R1,50677,0,0
2024-10-28,G13,R1,52698,0,0
2024-11-04,G13,R1,45908,0,0
2024-11-11,G13,R1,44353,0,0
2024-11-18,G13,R1,50951,0,0
2024-11-25,G13,R1,49799,0,0
2024-12-02,G13,R1,47545,0,0
2024-12-09,G13,R1,48667,0,0
2024-12-16,G13,R1,47251,0,0
2024-12-23,G13,R1,48041,0,0
2024-12-30,G13,R1,52319,0,0
2025-01-06,G13,R1,51356,0,0
2025-01-13,G13,R1,52123,0,0
2025-01-20,G13,R1,51708,0,0
2025-01-27,G13,R1,51430,0,0
2025-02-03,G13,R1,54359,0,0
2025-02-10,G13,R1,46954,0,0
2025-02-17,G13,R1,51917,0,0
2025-02-24,G13,R1,54615,0,0
2025-03-03,G13,R1,53063,0,0
2025-03-10,G13,R1,52948,0,0
2025-03-17,G13,R1,57714,0,0
2025-03-24,G13,R1,55145,0,0
2025-03-31,G13,R1,54557,0,0
2025-04-07,G13,R1,50680,0,0
2025-04-14,G13,R1,48001,0,0
2025-04-21,G13,R1,52328,0,0
2025-04-28,G13,R1,51790,0,0
2025-05-05,G13,R1,52793,0,0
2025-05-12,G13,R1,50513,0,0
2025-05-19,G13,R1,50161,0,0
2025-05-26,G13,R1,52427,0,0
2025-06-02,G13,R1,50289,0,0
2025-06-09,G13,R1,51640,0,0
2025-06-16,G13,R1,49500,0,0
2025-06-23,G13,R1,48734,0,0
2025-06-30,G13,R1,51662,0,0
2025-07-07,G13,R1,50510,0,0
2025-07-14,G13,R1,46192,0,0
2025-07-21,G13,R1,45031,0,0
2025-07-28,G13,R1,46686,0,0
2025-08-04,G13,R1,46701,0,0
2025-08-11,G13,R1,45234,0,0
2025-08-18,G13,R1,48076,0,0
2025-08-25,G13,R1,46284,0,0
2025-09-01,G13,R1,47415,0,0
2025-09-08,G13,R1,49233,0,0
2025-09-15,G13,R1,47705,0,0
2025-09-22,G13,R1,44046,0,0
2025-09-29,G13,R1,46796,0,0
2025-10-06,G13,R1,43858,0,0
2025-10-13,G13,R1,47288,0,0
2025-10-20,G13,R1,48666,0,1
2025-10-27,G13,R1,49179,0,1
2025-11-03,G13,R1,49791,0,1
2025-11-10,G13,R1,50792,0,1
2025-11-17,G13,R1,48178,0,1
2025-11-24,G13,R1,51351,0,1
2025-12-01,G13,R1,52004,0,1
2025-12-08,G13,R1,58363,0,1
2025-12-15,G13,R1,52463,0,1
2025-12-22,G13,R1,54935,0,1
2024-01-01,G14,R1,17605,0,0
2024-01-08,G14,R1,17769,0,0
2024-01-15,G14,R1,16305,0,0
2024-01-22,G14,R1,17918,0,0
2024-01-29,G14,R1,17514,0,0
2024-02-05,G14,R1,18245,0,0
2024-02-12,G14,R1,17515,0,0
2024-02-19,G14,R1,18461,0,0
2024-02-26,G14,R1,17148,0,0
2024-03-04,G14,R1,16696,0,0
2024-03-11,G14,R1,17036,0,0
2024-03-18,G14,R1,18009,0,0
2024-03-25,G14,R1,17993,0,0
2024-04-01,G14,R1,17711,0,0
2024-04-08,G14,R1,17321,0,0
2024-04-15,G14,R1,18735,0,0
2024-04-22,G14,R1,17858,0,0
2024-04-29,G14,R1,17284,0,0
2024-05-06,G14,R1,18125,0,0
2024-05-13,G14,R1,16980,0,0
2024-05-20,G14,R1,16779,0,0
2024-05-27,G14,R1,15911,0,0
2024-06-03,G14,R1,17002,0,0
2024-06-10,G14,R1,16265,0,0
2024-06-17,G14,R1,15622,0,0
2024-06-24,G14,R1,15902,0,0
2024-07-01,G14,R1,14896,0,0
2024-07-08,G14,R1,16213,0,0
2024-07-15,G14,R1,16484,0,0
2024-07-22,G14,R1,15674,0,0
2024-07-29,G14,R1,14713,0,0
2024-08-05,G14,R1,15799,0,0
2024-08-12,G14,R1,17153,0,0
2024-08-19,G14,R1,15472,0,0
2024-08-26,G14,R1,15160,0,0
2024-09-02,G14,R1,16377,0,0
2024-09-09,G14,R1,14399,0,0
2024-09-16,G14,R1,16295,0,0
2024-09-23,G14,R1,15769,0,0
2024-09-30,G14,R1,14882,0,0
2024-10-07,G14,R1,14461,0,0
2024-10-14,G14,R1,14758,0,0
2024-10-21,G14,R1,17108,0,0
2024-10-28,G14,R1,18845,0,0
2024-11-04,G14,R1,15688,0,0
2024-11-11,G14,R1,15525,0,0
2024-11-18,G14,R1,17378,0,0
2024-11-25,G14,R1,17860,0,0
2024-12-02,G14,R1,17511,0,0
2024-12-09,G14,R1,15824,0,0
2024-12-16,G14,R1,17415,0,0
2024-12-23,G14,R1,16847,0,0
2024-12-30,G14,R1,16535,0,0
2025-01-06,G14,R1,18348,0,0
2025-01-13,G14,R1,18186,0,0
2025-01-20,G14,R1,18549,0,0
2025-01-27,G14,R1,18079,0,0
2025-02-03,G14,R1,19036,0,0
2025-02-10,G14,R1,18040,0,0
2025-02-17,G14,R1,19611,0,0
2025-02-24,G14,R1,18781,0,0
2025-03-03,G14,R1,18495,0,0
2025-03-10,G14,R1,21013,0,0
2025-03-17,G14,R1,19581,0,0
2025-03-24,G14,R1,19260,0,0
2025-03-31,G14,R1,19940,0,0
2025-04-07,G14,R1,19169,0,0
2025-04-14,G14,R1,18493,0,0
2025-04-21,G14,R1,18032,0,0
2025-04-28,G14,R1,17619,0,0
2025-05-05,G14,R1,18849,0,0
2025-05-12,G14,R1,18286,0,0
2025-05-19,G14,R1,17466,0,0
2025-05-26,G14,R1,18459,0,0
2025-06-02,G14,R1,18982,0,0
2025-06-09,G14,R1,17738,0,0
2025-06-16,G14,R1,18313,0,0
2025-06-23,G14,R1,18326,0,0
2025-06-30,G14,R1,17233,0,0
2025-07-07,G14,R1,16873,0,0
2025-07-14,G14,R1,16294,0,0
2025-07-21,G14,R1,16980,0,0
2025-07-28,G14,R1,16596,0,0
2025-08-04,G14,R1,16798,0,0
2025-08-11,G14,R1,16969,0,0
2025-08-18,G14,R1,16555,0,0
2025-08-25,G14,R1,16275,0,0
2025-09-01,G14,R1,17036,0,0
2025-09-08,G14,R1,17110,0,0
2025-09-15,G14,R1,17552,0,0
2025-09-22,G14,R1,16545,0,0
2025-09-29,G14,R1,16921,0,0
2025-10-06,G14,R1,15989,0,0
2025-10-13,G14,R1,16989,0,0
2025-10-20,G14,R1,16640,0,1
2025-10-27,G14,R1,18692,0,1
2025-11-03,G14,R1,17119,0,1
2025-11-10,G14,R1,16328,0,1
2025-11-17,G14,R1,18294,0,1
2025-11-24,G14,R1,18135,0,1
2025-12-01,G14,R1,16405,0,1
2025-12-08,G14,R1,18356,0,1
2025-12-15,G14,R1,19337,0,1
2025-12-22,G14,R1,18921,0,1
2024-01-01,G15,R2,25293,0,0
2024-01-08,G15,R2,23009,0,0
2024-01-15,G15,R2,27098,0,0
2024-01-22,G15,R2,25584,0,0
2024-01-29,G15,R2,24218,0,0
2024-02-05,G15,R2,23569,0,0
2024-02-12,G15,R2,25132,0,0
2024-02-19,G15,R2,24806,0,0
2024-02-26,G15,R2,25731,0,0
2024-03-04,G15,R2,23855,0,0
2024-03-11,G15,R2,24166,0,0
2024-03-18,G15,R2,24458,0,0
2024-03-25,G15,R2,24965,0,0
2024-04-01,G15,R2,25676,0,0
2024-04-08,G15,R2,25021,0,0
2024-04-15,G15,R2,25068,0,0
2024-04-22,G15,R2,25404,0,0
2024-04-29,G15,R2,25534,0,0
2024-05-06,G15,R2,25346,0,0
2024-05-13,G15,R2,23600,0,0
2024-05-20,G15,R2,21455,0,0
2024-05-27,G15,R2,22893,0,0
2024-06-03,G15,R2,23199,0,0
2024-06-10,G15,R2,22579,0,0
2024-06-17,G15,R2,21508,0,0
2024-06-24,G15,R2,21946,0,0
2024-07-01,G15,R2,21062,0,0
2024-07-08,G15,R2,21774,0,0
2024-07-15,G15,R2,24522,0,0
2024-07-22,G15,R2,21253,0,0
2024-07-29,G15,R2,21068,0,0
2024-08-05,G15,R2,21296,0,0
2024-08-12,G15,R2,22850,0,0
2024-08-19,G15,R2,21804,0,0
2024-08-26,G15,R2,21721,0,0
2024-09-02,G15,R2,20224,0,0
2024-09-09,G15,R2,19041,0,0
2024-09-16,G15,R2,20160,0,0
2024-09-23,G15,R2,21614,0,0
2024-09-30,G15,R2,21470,0,0
2024-10-07,G15,R2,20971,0,0
2024-10-14,G15,R2,23620,0,0
2024-10-21,G15,R2,23649,0,0
2024-10-28,G15,R2,22806,0,0
2024-11-04,G15,R2,22859,0,0
2024-11-11,G15,R2,22106,0,0
2024-11-18,G15,R2,24263,0,0
2024-11-25,G15,R2,22911,0,0
2024-12-02,G15,R2,25024,0,0
2024-12-09,G15,R2,25621,0,0
2024-12-16,G15,R2,22968,0,0
2024-12-23,G15,R2,23693,0,0
2024-12-30,G15,R2,26580,0,0
2025-01-06,G15,R2,25396,0,0
2025-01-13,G15,R2,25890,0,0
2025-01-20,G15,R2,26956,0,0
2025-01-27,G15,R2,26448,0,0
2025-02-03,G15,R2,26593,0,0
2025-02-10,G15,R2,25565,0,0
2025-02-17,G15,R2,28858,0,0
2025-02-24,G15,R2,26907,0,0
2025-03-03,G15,R2,26964,0,0
2025-03-10,G15,R2,26487,0,0
2025-03-17,G15,R2,25745,0,0
2025-03-24,G15,R2,23485,0,0
2025-03-31,G15,R2,28428,0,0
2025-04-07,G15,R2,26510,0,0
2025-04-14,G15,R2,25670,0,0
2025-04-21,G15,R2,25556,0,0
2025-04-28,G15,R2,25436,0,0
2025-05-05,G15,R2,25321,0,0
2025-05-12,G15,R2,27423,0,0
2025-05-19,G15,R2,26882,0,0
2025-05-26,G15,R2,26806,0,0
2025-06-02,G15,R2,26297,0,0
2025-06-09,G15,R2,25693,0,0
2025-06-16,G15,R2,25820,0,0
2025-06-23,G15,R2,23651,0,0
2025-06-30,G15,R2,23127,0,0
2025-07-07,G15,R2,23753,0,0
2025-07-14,G15,R2,23725,0,0
2025-07-21,G15,R2,24322,0,0
2025-07-28,G15,R2,23010,0,0
2025-08-04,G15,R2,21390,0,0
2025-08-11,G15,R2,23919,0,0
2025-08-18,G15,R2,23204,0,0
2025-08-25,G15,R2,22236,0,0
2025-09-01,G15,R2,23206,0,0
2025-09-08,G15,R2,22890,0,0
2025-09-15,G15,R2,22659,0,0
2025-09-22,G15,R2,22849,0,0
2025-09-29,G15,R2,23607,0,0
2025-10-06,G15,R2,23505,0,0
2025-10-13,G15,R2,26287,0,0
2025-10-20,G15,R2,25312,0,1
2025-10-27,G15,R2,25140,0,1
2025-11-03,G15,R2,23446,0,1
2025-11-10,G15,R2,27479,0,1
2025-11-17,G15,R2,26479,0,1
2025-11-24,G15,R2,22976,0,1
2025-12-01,G15,R2,23587,0,1
2025-12-08,G15,R2,26216,0,1
2025-12-15,G15,R2,24903,0,1
2025-12-22,G15,R2,24556,0,1
2024-01-01,G16,R4,33497,0,0
2024-01-08,G16,R4,33600,0,0
2024-01-15,G16,R4,32322,0,0
2024-01-22,G16,R4,33325,0,0
2024-01-29,G16,R4,34750,0,0
2024-02-05,G16,R4,32000,0,0
2024-02-12,G16,R4,34231,0,0
2024-02-19,G16,R4,33453,0,0
2024-02-26,G16,R4,32082,0,0
2024-03-04,G16,R4,29831,0,0
2024-03-11,G16,R4,32898,0,0
2024-03-18,G16,R4,31403,0,0
2024-03-25,G16,R4,30242,0,0
2024-04-01,G16,R4,34073,0,0
2024-04-08,G16,R4,31248,0,0
2024-04-15,G16,R4,34295,0,0
2024-04-22,G16,R4,32365,0,0
2024-04-29,G16,R4,31702,0,0
2024-05-06,G16,R4,32506,0,0
2024-05-13,G16,R4,32566,0,0
2024-05-20,G16,R4,28879,0,0
2024-05-27,G16,R4,27886,0,0
2024-06-03,G16,R4,27770,0,0
2024-06-10,G16,R4,30235,0,0
2024-06-17,G16,R4,27368,0,0
2024-06-24,G16,R4,25036,0,0
2024-07-01,G16,R4,28264,0,0
2024-07-08,G16,R4,27307,0,0
2024-07-15,G16,R4,27508,0,0
2024-07-22,G16,R4,28653,0,0
2024-07-29,G16,R4,26775,0,0
2024-08-05,G16,R4,27620,0,0
2024-08-12,G16,R4,26617,0,0
2024-08-19,G16,R4,25551,0,0
2024-08-26,G16,R4,26461,0,0
2024-09-02,G16,R4,27676,0,0
2024-09-09,G16,R4,26735,0,0
2024-09-16,G16,R4,26825,0,0
2024-09-23,G16,R4,28910,0,0
2024-09-30,G16,R4,27491,0,0
2024-10-07,G16,R4,27381,0,0
2024-10-14,G16,R4,27779,0,0
2024-10-21,G16,R4,30093,0,0
2024-10-28,G16,R4,30762,0,0
2024-11-04,G16,R4,31698,0,0
2024-11-11,G16,R4,28296,0,0
2024-11-18,G16,R4,30974,0,0
2024-11-25,G16,R4,33601,0,0
2024-12-02,G16,R4,30391,0,0
2024-12-09,G16,R4,30308,0,0
2024-12-16,G16,R4,30931,0,0
2024-12-23,G16,R4,29001,0,0
2024-12-30,G16,R4,31044,0,0
2025-01-06,G16,R4,32789,0,0
2025-01-13,G16,R4,32504,0,0
2025-01-20,G16,R4,32562,0,0
2025-01-27,G16,R4,35577,0,0
2025-02-03,G16,R4,34021,0,0
2025-02-10,G16,R4,35639,0,0
2025-02-17,G16,R4,32887,0,0
2025-02-24,G16,R4,34649,0,0
2025-03-03,G16,R4,37105,0,0
2025-03-10,G16,R4,35192,0,0
2025-03-17,G16,R4,33838,0,0
2025-03-24,G16,R4,31530,0,0
2025-03-31,G16,R4,35432,0,0
2025-04-07,G16,R4,34467,0,0
2025-04-14,G16,R4,33189,0,0
2025-04-21,G16,R4,32957,0,0
2025-04-28,G16,R4,33570,0,0
2025-05-05,G16,R4,31833,0,0
2025-05-12,G16,R4,29913,0,0
2025-05-19,G16,R4,32481,0,0
2025-05-26,G16,R4,33672,0,0
2025-06-02,G16,R4,32428,0,0
2025-06-09,G16,R4,30205,0,0
2025-06-16,G16,R4,29630,0,0
2025-06-23,G16,R4,28557,0,0
2025-06-30,G16,R4,28681,0,0
2025-07-07,G16,R4,30751,0,0
2025-07-14,G16,R4,29515,0,0
2025-07-21,G16,R4,29707,0,0
2025-07-28,G16,R4,28243,0,0
2025-08-04,G16,R4,29575,0,0
2025-08-11,G16,R4,27432,0,0
2025-08-18,G16,R4,26483,0,0
2025-08-25,G16,R4,27340,0,0
2025-09-01,G16,R4,26994,0,0
2025-09-08,G16,R4,27152,0,0
2025-09-15,G16,R4,28064,0,0
2025-09-22,G16,R4,30363,0,0
2025-09-29,G16,R4,29241,0,0
2025-10-06,G16,R4,28135,0,0
2025-10-13,G16,R4,29010,0,0
2025-10-20,G16,R4,29262,0,1
2025-10-27,G16,R4,29153,0,1
2025-11-03,G16,R4,29132,0,1
2025-11-10,G16,R4,28520,0,1
2025-11-17,G16,R4,31611,0,1
2025-11-24,G16,R4,29752,0,1
2025-12-01,G16,R4,31938,0,1
2025-12-08,G16,R4,31612,0,1
2025-12-15,G16,R4,33790,0,1
2025-12-22,G16,R4,33191,0,1
2024-01-01,G17,R3,12857,0,0
2024-01-08,G17,R3,13709,0,0
2024-01-15,G17,R3,13533,0,0
2024-01-22,G17,R3,13038,0,0
2024-01-29,G17,R3,13487,0,0
2024-02-05,G17,R3,13780,0,0
2024-02-12,G17,R3,12624,0,0
2024-02-19,G17,R3,13981,0,0
2024-02-26,G17,R3,12598,0,0
2024-03-04,G17,R3,12844,0,0
2024-03-11,G17,R3,13743,0,0
2024-03-18,G17,R3,12576,0,0
2024-03-25,G17,R3,14295,0,0
2024-04-01,G17,R3,13396,0,0
2024-04-08,G17,R3,13866,0,0
2024-04-15,G17,R3,14260,0,0
2024-04-22,G17,R3,14603,0,0
2024-04-29,G17,R3,13233,0,0
2024-05-06,G17,R3,13468,0,0
2024-05-13,G17,R3,13259,0,0
2024-05-20,G17,R3,12883,0,0
2024-05-27,G17,R3,12142,0,0
2024-06-03,G17,R3,12377,0,0
2024-06-10,G17,R3,12528,0,0
2024-06-17,G17,R3,11617,0,0
2024-06-24,G17,R3,12197,0,0
2024-07-01,G17,R3,12239,0,0
2024-07-08,G17,R3,11502,0,0
2024-07-15,G17,R3,12419,0,0
2024-07-22,G17,R3,12689,0,0
2024-07-29,G17,R3,12234,0,0
2024-08-05,G17,R3,11914,0,0
2024-08-12,G17,R3,11693,0,0
2024-08-19,G17,R3,12396,0,0
2024-08-26,G17,R3,14018,0,0
2024-09-02,G17,R3,12532,0,0
2024-09-09,G17,R3,10712,0,0
2024-09-16,G17,R3,11618,0,0
2024-09-23,G17,R3,11487,0,0
2024-09-30,G17,R3,11952,0,0
2024-10-07,G17,R3,12032,0,0
2024-10-14,G17,R3,12365,0,0
2024-10-21,G17,R3,12963,0,0
2024-10-28,G17,R3,14994,0,0
2024-11-04,G17,R3,12959,0,0
2024-11-11,G17,R3,12157,0,0
2024-11-18,G17,R3,12843,0,0
2024-11-25,G17,R3,13286,0,0
2024-12-02,G17,R3,13999,0,0
2024-12-09,G17,R3,13869,0,0
2024-12-16,G17,R3,14058,0,0
2024-12-23,G17,R3,12485,0,0
2024-12-30,G17,R3,12930,0,0
2025-01-06,G17,R3,13691,0,0
2025-01-13,G17,R3,13625,0,0
2025-01-20,G17,R3,13121,0,0
2025-01-27,G17,R3,13692,0,0
2025-02-03,G17,R3,12915,0,0
2025-02-10,G17,R3,14026,0,0
2025-02-17,G17,R3,14865,0,0
2025-02-24,G17,R3,14318,0,0
2025-03-03,G17,R3,14446,0,0
2025-03-10,G17,R3,15183,0,0
2025-03-17,G17,R3,14196,0,0
2025-03-24,G17,R3,14226,0,0
2025-03-31,G17,R3,14729,0,0
2025-04-07,G17,R3,13320,0,0
2025-04-14,G17,R3,14130,0,0
2025-04-21,G17,R3,14057,0,0
2025-04-28,G17,R3,12815,0,0
2025-05-05,G17,R3,14231,0,0
2025-05-12,G17,R3,13375,0,0
2025-05-19,G17,R3,13481,0,0
2025-05-26,G17,R3,14061,0,0
2025-06-02,G17,R3,13346,0,0
2025-06-09,G17,R3,13774,0,0
2025-06-16,G17,R3,13704,0,0
2025-06-23,G17,R3,12433,0,0
2025-06-30,G17,R3,13470,0,0
2025-07-07,G17,R3,14013,0,0
2025-07-14,G17,R3,13120,0,0
2025-07-21,G17,R3,13548,0,0
2025-07-28,G17,R3,12570,0,0
2025-08-04,G17,R3,11842,0,0
2025-08-11,G17,R3,13552,0,0
2025-08-18,G17,R3,12503,0,0
2025-08-25,G17,R3,12603,0,0
2025-09-01,G17,R3,13314,0,0
2025-09-08,G17,R3,12969,0,0
2025-09-15,G17,R3,12809,0,0
2025-09-22,G17,R3,13031,0,0
2025-09-29,G17,R3,13146,0,0
2025-10-06,G17,R3,11543,0,0
2025-10-13,G17,R3,11600,0,0
2025-10-20,G17,R3,13601,0,1
2025-10-27,G17,R3,13803,0,1
2025-11-03,G17,R3,13878,0,1
2025-11-10,G17,R3,13427,0,1
2025-11-17,G17,R3,13111,0,1
2025-11-24,G17,R3,12673,0,1
2025-12-01,G17,R3,13341,0,1
2025-12-08,G17,R3,15700,0,1
2025-12-15,G17,R3,14187,0,1
2025-12-22,G17,R3,14824,0,1
2024-01-01,G18,R1,66800,0,0
2024-01-08,G18,R1,61273,0,0
2024-01-15,G18,R1,63551,0,0
2024-01-22,G18,R1,59931,0,0
2024-01-29,G18,R1,58087,0,0
2024-02-05,G18,R1,56063,0,0
2024-02-12,G18,R1,58009,0,0
2024-02-19,G18,R1,62408,0,0
2024-02-26,G18,R1,54223,0,0
2024-03-04,G18,R1,62608,0,0
2024-03-11,G18,R1,57620,0,0
2024-03-18,G18,R1,60043,0,0
2024-03-25,G18,R1,61516,0,0
2024-04-01,G18,R1,67969,0,0
2024-04-08,G18,R1,61494,0,0
2024-04-15,G18,R1,62736,0,0
2024-04-22,G18,R1,63794,0,0
2024-04-29,G18,R1,58558,0,0
2024-05-06,G18,R1,65462,0,0
2024-05-13,G18,R1,62781,0,0
2024-05-20,G18,R1,54634,0,0
2024-05-27,G18,R1,53265,0,0
2024-06-03,G18,R1,63812,0,0
2024-06-10,G18,R1,56735,0,0
2024-06-17,G18,R1,54888,0,0
2024-06-24,G18,R1,54426,0,0
2024-07-01,G18,R1,56625,0,0
2024-07-08,G18,R1,50336,0,0
2024-07-15,G18,R1,59759,0,0
2024-07-22,G18,R1,51837,0,0
2024-07-29,G18,R1,53888,0,0
2024-08-05,G18,R1,55214,0,0
2024-08-12,G18,R1,56644,0,0
2024-08-19,G18,R1,55710,0,0
2024-08-26,G18,R1,57866,0,0
2024-09-02,G18,R1,54141,0,0
2024-09-09,G18,R1,51879,0,0
2024-09-16,G18,R1,53365,0,0
2024-09-23,G18,R1,56962,0,0
2024-09-30,G18,R1,51702,0,0
2024-10-07,G18,R1,52054,0,0
2024-10-14,G18,R1,59274,0,0
2024-10-21,G18,R1,65115,0,0
2024-10-28,G18,R1,66163,0,0
2024-11-04,G18,R1,58314,0,0
2024-11-11,G18,R1,57191,0,0
2024-11-18,G18,R1,58519,0,0
2024-11-25,G18,R1,64659,0,0
2024-12-02,G18,R1,64270,0,0
2024-12-09,G18,R1,62151,0,0
2024-12-16,G18,R1,58382,0,0
2024-12-23,G18,R1,56639,0,0
2024-12-30,G18,R1,58750,0,0
2025-01-06,G18,R1,62704,0,0
2025-01-13,G18,R1,65739,0,0
2025-01-20,G18,R1,70006,0,0
2025-01-27,G18,R1,64892,0,0
2025-02-03,G18,R1,66721,0,0
2025-02-10,G18,R1,64871,0,0
2025-02-17,G18,R1,67316,0,0
2025-02-24,G18,R1,66401,0,0
2025-03-03,G18,R1,65056,0,0
2025-03-10,G18,R1,74422,0,0
2025-03-17,G18,R1,69307,0,0
2025-03-24,G18,R1,67590,0,0
2025-03-31,G18,R1,65364,0,0
2025-04-07,G18,R1,67245,0,0
2025-04-14,G18,R1,64513,0,0
2025-04-21,G18,R1,65966,0,0
2025-04-28,G18,R1,63411,0,0
2025-05-05,G18,R1,66036,0,0
2025-05-12,G18,R1,63896,0,0
2025-05-19,G18,R1,60875,0,0
2025-05-26,G18,R1,62633,0,0
2025-06-02,G18,R1,68916,0,0
2025-06-09,G18,R1,62243,0,0
2025-06-16,G18,R1,62498,0,0
2025-06-23,G18,R1,59893,0,0
2025-06-30,G18,R1,62367,0,0
2025-07-07,G18,R1,62735,0,0
2025-07-14,G18,R1,63532,0,0
2025-07-21,G18,R1,57102,0,0
2025-07-28,G18,R1,59680,0,0
2025-08-04,G18,R1,60034,0,0
2025-08-11,G18,R1,60258,0,0
2025-08-18,G18,R1,61885,0,0
2025-08-25,G18,R1,61287,0,0
2025-09-01,G18,R1,59080,0,0
2025-09-08,G18,R1,55827,0,0
2025-09-15,G18,R1,55493,0,0
2025-09-22,G18,R1,59360,0,0
2025-09-29,G18,R1,59941,0,0
2025-10-06,G18,R1,63198,0,0
2025-10-13,G18,R1,62895,0,0
2025-10-20,G18,R1,57602,0,1
2025-10-27,G18,R1,59515,0,1
2025-11-03,G18,R1,58451,0,1
2025-11-10,G18,R1,57764,0,1
2025-11-17,G18,R1,62663,0,1
2025-11-24,G18,R1,68479,0,1
2025-12-01,G18,R1,62344,0,1
2025-12-08,G18,R1,66354,0,1
2025-12-15,G18,R1,67673,0,1
2025-12-22,G18,R1,66972,0,1
2024-01-01,G19,R3,55590,0,0
2024-01-08,G19,R3,59174,0,0
2024-01-15,G19,R3,64450,0,0
2024-01-22,G19,R3,63614,0,0
2024-01-29,G19,R3,60671,0,0
2024-02-05,G19,R3,63194,0,0
2024-02-12,G19,R3,61936,0,0
2024-02-19,G19,R3,58724,0,0
2024-02-26,G19,R3,57771,0,0
2024-03-04,G19,R3,55884,0,0
2024-03-11,G19,R3,57562,0,0
2024-03-18,G19,R3,65199,0,0
2024-03-25,G19,R3,60926,0,0
2024-04-01,G19,R3,63957,0,0
2024-04-08,G19,R3,64295,0,0
2024-04-15,G19,R3,62937,0,0
2024-04-22,G19,R3,55947,0,0
2024-04-29,G19,R3,59582,0,0
2024-05-06,G19,R3,61201,0,0
2024-05-13,G19,R3,64029,0,0
2024-05-20,G19,R3,56831,0,0
2024-05-27,G19,R3,54778,0,0
2024-06-03,G19,R3,57103,0,0
2024-06-10,G19,R3,57992,0,0
2024-06-17,G19,R3,53120,0,0
2024-06-24,G19,R3,55162,0,0
2024-07-01,G19,R3,54086,0,0
2024-07-08,G19,R3,58114,0,0
2024-07-15,G19,R3,60266,0,0
2024-07-22,G19,R3,53483,0,0
2024-07-29,G19,R3,58031,0,0
2024-08-05,G19,R3,54403,0,0
2024-08-12,G19,R3,57460,0,0
2024-08-19,G19,R3,59712,0,0
2024-08-26,G19,R3,56236,0,0
2024-09-02,G19,R3,49754,0,0
2024-09-09,G19,R3,53688,0,0
2024-09-16,G19,R3,54464,0,0
2024-09-23,G19,R3,54138,0,0
2024-09-30,G19,R3,57759,0,0
2024-10-07,G19,R3,55646,0,0
2024-10-14,G19,R3,61662,0,0
2024-10-21,G19,R3,59190,0,0
2024-10-28,G19,R3,60597,0,0
2024-11-04,G19,R3,56416,0,0
2024-11-11,G19,R3,55733,0,0
2024-11-18,G19,R3,63925,0,0
2024-11-25,G19,R3,62595,0,0
2024-12-02,G19,R3,62121,0,0
2024-12-09,G19,R3,64212,0,0
2024-12-16,G19,R3,54507,0,0
2024-12-23,G19,R3,56425,0,0
2024-12-30,G19,R3,56997,0,0
2025-01-06,G19,R3,60652,0,0
2025-01-13,G19,R3,58536,0,0
2025-01-20,G19,R3,67543,0,0
2025-01-27,G19,R3,62951,0,0
2025-02-03,G19,R3,71084,0,0
2025-02-10,G19,R3,65579,0,0
2025-02-17,G19,R3,62414,0,0
2025-02-24,G19,R3,63797,0,0
2025-03-03,G19,R3,67285,0,0
2025-03-10,G19,R3,69625,0,0
2025-03-17,G19,R3,63462,0,0
2025-03-24,G19,R3,64715,0,0
2025-03-31,G19,R3,68313,0,0
2025-04-07,G19,R3,59131,0,0
2025-04-14,G19,R3,67550,0,0
2025-04-21,G19,R3,64938,0,0
2025-04-28,G19,R3,64288,0,0
2025-05-05,G19,R3,63751,0,0
2025-05-12,G19,R3,59961,0,0
2025-05-19,G19,R3,65841,0,0
2025-05-26,G19,R3,69245,0,0
2025-06-02,G19,R3,60337,0,0
2025-06-09,G19,R3,63570,0,0
2025-06-16,G19,R3,60275,0,0
2025-06-23,G19,R3,61282,0,0
2025-06-30,G19,R3,58603,0,0
2025-07-07,G19,R3,65207,0,0
2025-07-14,G19,R3,61901,0,0
2025-07-21,G19,R3,58488,0,0
2025-07-28,G19,R3,60131,0,0
2025-08-04,G19,R3,56002,0,0
2025-08-11,G19,R3,58488,0,0
2025-08-18,G19,R3,60303,0,0
2025-08-25,G19,R3,60578,0,0
2025-09-01,G19,R3,53591,0,0
2025-09-08,G19,R3,55473,0,0
2025-09-15,G19,R3,55465,0,0
2025-09-22,G19,R3,56027,0,0
2025-09-29,G19,R3,54542,0,0
2025-10-06,G19,R3,61869,0,0
2025-10-13,G19,R3,59644,0,0
2025-10-20,G19,R3,56525,0,1
2025-10-27,G19,R3,60436,0,1
2025-11-03,G19,R3,60010,0,1
2025-11-10,G19,R3,61985,0,1
2025-11-17,G19,R3,58909,0,1
2025-11-24,G19,R3,59662,0,1
2025-12-01,G19,R3,58126,0,1
2025-12-08,G19,R3,62301,0,1
2025-12-15,G19,R3,63919,0,1
2025-12-22,G19,R3,67495,0,1
2024-01-01,G20,R4,12656,1,0
2024-01-08,G20,R4,12603,1,0
2024-01-15,G20,R4,12160,1,0
2024-01-22,G20,R4,11695,1,0
2024-01-29,G20,R4,12929,1,0
2024-02-05,G20,R4,12487,1,0
2024-02-12,G20,R4,12143,1,0
2024-02-19,G20,R4,12113,1,0
2024-02-26,G20,R4,11064,1,0
2024-03-04,G20,R4,11625,1,0
2024-03-11,G20,R4,13007,1,0
2024-03-18,G20,R4,12735,1,0
2024-03-25,G20,R4,12268,1,0
2024-04-01,G20,R4,12449,1,0
2024-04-08,G20,R4,12261,1,0
2024-04-15,G20,R4,12952,1,0
2024-04-22,G20,R4,13206,1,0
2024-04-29,G20,R4,12129,1,0
2024-05-06,G20,R4,13433,1,0
2024-05-13,G20,R4,11882,1,0
2024-05-20,G20,R4,10654,1,0
2024-05-27,G20,R4,11353,1,0
2024-06-03,G20,R4,11472,1,0
2024-06-10,G20,R4,11056,1,0
2024-06-17,G20,R4,11055,1,0
2024-06-24,G20,R4,10337,1,0
2024-07-01,G20,R4,10753,1,0
2024-07-08,G20,R4,10797,1,0
2024-07-15,G20,R4,10771,1,0
2024-07-22,G20,R4,10963,1,0
2024-07-29,G20,R4,9825,1,0
2024-08-05,G20,R4,10481,1,0
2024-08-12,G20,R4,10613,1,0
2024-08-19,G20,R4,10476,1,0
2024-08-26,G20,R4,10390,1,0
2024-09-02,G20,R4,11349,1,0
2024-09-09,G20,R4,10465,1,0
2024-09-16,G20,R4,10635,1,0
2024-09-23,G20,R4,10188,1,0
2024-09-30,G20,R4,10418,1,0
2024-10-07,G20,R4,11258,1,0
2024-10-14,G20,R4,10570,1,0
2024-10-21,G20,R4,11729,1,0
2024-10-28,G20,R4,11454,1,0
2024-11-04,G20,R4,10899,1,0
2024-11-11,G20,R4,11222,1,0
2024-11-18,G20,R4,11982,1,0
2024-11-25,G20,R4,11971,1,0
2024-12-02,G20,R4,13564,1,0
2024-12-09,G20,R4,12334,1,0
2024-12-16,G20,R4,11598,1,0
2024-12-23,G20,R4,12666,1,0
2024-12-30,G20,R4,12261,1,0
2025-01-06,G20,R4,12642,1,0
2025-01-13,G20,R4,12864,1,0
2025-01-20,G20,R4,14197,1,0
2025-01-27,G20,R4,15126,1,0
2025-02-03,G20,R4,13876,1,0
2025-02-10,G20,R4,13955,1,0
2025-02-17,G20,R4,13114,1,0
2025-02-24,G20,R4,14448,1,0
2025-03-03,G20,R4,15812,1,0
2025-03-10,G20,R4,14268,1,0
2025-03-17,G20,R4,13181,1,0
2025-03-24,G20,R4,13152,1,0
2025-03-31,G20,R4,14035,1,0
2025-04-07,G20,R4,13383,1,0
2025-04-14,G20,R4,12620,1,0
2025-04-21,G20,R4,12799,1,0
2025-04-28,G20,R4,11981,1,0
2025-05-05,G20,R4,11935,1,0
2025-05-12,G20,R4,13039,1,0
2025-05-19,G20,R4,13556,1,0
2025-05-26,G20,R4,12571,1,0
2025-06-02,G20,R4,12948,1,0
2025-06-09,G20,R4,12342,1,0
2025-06-16,G20,R4,14277,1,0
2025-06-23,G20,R4,12083,1,0
2025-06-30,G20,R4,11147,1,0
2025-07-07,G20,R4,11602,1,0
2025-07-14,G20,R4,11011,1,0
2025-07-21,G20,R4,12200,1,0
2025-07-28,G20,R4,11374,1,0
2025-08-04,G20,R4,11524,1,0
2025-08-11,G20,R4,11371,1,0
2025-08-18,G20,R4,11196,1,0
2025-08-25,G20,R4,11473,1,0
2025-09-01,G20,R4,10334,1,0
2025-09-08,G20,R4,11167,1,0
2025-09-15,G20,R4,10667,1,0
2025-09-22,G20,R4,11736,1,0
2025-09-29,G20,R4,11430,1,0
2025-10-06,G20,R4,11945,1,0
2025-10-13,G20,R4,11372,1,0
2025-10-20,G20,R4,12724,1,1
2025-10-27,G20,R4,12335,1,1
2025-11-03,G20,R4,12029,1,1
2025-11-10,G20,R4,12356,1,1
2025-11-17,G20,R4,13611,1,1
2025-11-24,G20,R4,12742,1,1
2025-12-01,G20,R4,12142,1,1
2025-12-08,G20,R4,13136,1,1
2025-12-15,G20,R4,13800,1,1
2025-12-22,G20,R4,13884,1,1
2024-01-01,G21,R2,14051,1,0
2024-01-08,G21,R2,13993,1,0
2024-01-15,G21,R2,13743,1,0
2024-01-22,G21,R2,14525,1,0
2024-01-29,G21,R2,13396,1,0
2024-02-05,G21,R2,13343,1,0
2024-02-12,G21,R2,13185,1,0
2024-02-19,G21,R2,14827,1,0
2024-02-26,G21,R2,13559,1,0
2024-03-04,G21,R2,13558,1,0
2024-03-11,G21,R2,13351,1,0
2024-03-18,G21,R2,14271,1,0
2024-03-25,G21,R2,15020,1,0
2024-04-01,G21,R2,14737,1,0
2024-04-08,G21,R2,13315,1,0
2024-04-15,G21,R2,15464,1,0
2024-04-22,G21,R2,13072,1,0
2024-04-29,G21,R2,14852,1,0
2024-05-06,G21,R2,13987,1,0
2024-05-13,G21,R2,13227,1,0
2024-05-20,G21,R2,12926,1,0
2024-05-27,G21,R2,13215,1,0
2024-06-03,G21,R2,13063,1,0
2024-06-10,G21,R2,13215,1,0
2024-06-17,G21,R2,12074,1,0
2024-06-24,G21,R2,13073,1,0
2024-07-01,G21,R2,13053,1,0
2024-07-08,G21,R2,12735,1,0
2024-07-15,G21,R2,12451,1,0
2024-07-22,G21,R2,12354,1,0
2024-07-29,G21,R2,13149,1,0
2024-08-05,G21,R2,11586,1,0
2024-08-12,G21,R2,11989,1,0
2024-08-19,G21,R2,11970,1,0
2024-08-26,G21,R2,12813,1,0
2024-09-02,G21,R2,12424,1,0
2024-09-09,G21,R2,11402,1,0
2024-09-16,G21,R2,11678,1,0
2024-09-23,G21,R2,11850,1,0
2024-09-30,G21,R2,11936,1,0
2024-10-07,G21,R2,12063,1,0
2024-10-14,G21,R2,12852,1,0
2024-10-21,G21,R2,14350,1,0
2024-10-28,G21,R2,14263,1,0
2024-11-04,G21,R2,12432,1,0
2024-11-11,G21,R2,12593,1,0
2024-11-18,G21,R2,12938,1,0
2024-11-25,G21,R2,13990,1,0
2024-12-02,G21,R2,12554,1,0
2024-12-09,G21,R2,14798,1,0
2024-12-16,G21,R2,12822,1,0
2024-12-23,G21,R2,13993,1,0
2024-12-30,G21,R2,13553,1,0
2025-01-06,G21,R2,14470,1,0
2025-01-13,G21,R2,14438,1,0
2025-01-20,G21,R2,14082,1,0
2025-01-27,G21,R2,14437,1,0
2025-02-03,G21,R2,15980,1,0
2025-02-10,G21,R2,14651,1,0
2025-02-17,G21,R2,15440,1,0
2025-02-24,G21,R2,16084,1,0
2025-03-03,G21,R2,15689,1,0
2025-03-10,G21,R2,15417,1,0
2025-03-17,G21,R2,15056,1,0
2025-03-24,G21,R2,14508,1,0
2025-03-31,G21,R2,16009,1,0
2025-04-07,G21,R2,14870,1,0
2025-04-14,G21,R2,14731,1,0
2025-04-21,G21,R2,14895,1,0
2025-04-28,G21,R2,15536,1,0
2025-05-05,G21,R2,14082,1,0
2025-05-12,G21,R2,14129,1,0
2025-05-19,G21,R2,15353,1,0
2025-05-26,G21,R2,14143,1,0
2025-06-02,G21,R2,14542,1,0
2025-06-09,G21,R2,14309,1,0
2025-06-16,G21,R2,13279,1,0
2025-06-23,G21,R2,13623,1,0
2025-06-30,G21,R2,13289,1,0
2025-07-07,G21,R2,14213,1,0
2025-07-14,G21,R2,12228,1,0
2025-07-21,G21,R2,13385,1,0
2025-07-28,G21,R2,13645,1,0
2025-08-04,G21,R2,13076,1,0
2025-08-11,G21,R2,12904,1,0
2025-08-18,G21,R2,12529,1,0
2025-08-25,G21,R2,13369,1,0
2025-09-01,G21,R2,12144,1,0
2025-09-08,G21,R2,12575,1,0
2025-09-15,G21,R2,13106,1,0
2025-09-22,G21,R2,12284,1,0
2025-09-29,G21,R2,13018,1,0
2025-10-06,G21,R2,13748,1,0
2025-10-13,G21,R2,13644,1,0
2025-10-20,G21,R2,15282,1,1
2025-10-27,G21,R2,14450,1,1
2025-11-03,G21,R2,15273,1,1
2025-11-10,G21,R2,15700,1,1
2025-11-17,G21,R2,16559,1,1
2025-11-24,G21,R2,14493,1,1
2025-12-01,G21,R2,14040,1,1
2025-12-08,G21,R2,15071,1,1
2025-12-15,G21,R2,15680,1,1
2025-12-22,G21,R2,15646,1,1
2024-01-01,G22,R4,36132,1,0
2024-01-08,G22,R4,35889,1,0
2024-01-15,G22,R4,35401,1,0
2024-01-22,G22,R4,35986,1,0
2024-01-29,G22,R4,36793,1,0
2024-02-05,G22,R4,33902,1,0
2024-02-12,G22,R4,37410,1,0
2024-02-19,G22,R4,38257,1,0
2024-02-26,G22,R4,34871,1,0
2024-03-04,G22,R4,37374,1,0
2024-03-11,G22,R4,36095,1,0
2024-03-18,G22,R4,38471,1,0
2024-03-25,G22,R4,36324,1,0
2024-04-01,G22,R4,37820,1,0
2024-04-08,G22,R4,36561,1,0
2024-04-15,G22,R4,38105,1,0
2024-04-22,G22,R4,35341,1,0
2024-04-29,G22,R4,35037,1,0
2024-05-06,G22,R4,36401,1,0
2024-05-13,G22,R4,36842,1,0
2024-05-20,G22,R4,34851,1,0
2024-05-27,G22,R4,30991,1,0
2024-06-03,G22,R4,31257,1,0
2024-06-10,G22,R4,33040,1,0
2024-06-17,G22,R4,32234,1,0
2024-06-24,G22,R4,33449,1,0
2024-07-01,G22,R4,30868,1,0
2024-07-08,G22,R4,28008,1,0
2024-07-15,G22,R4,30805,1,0
2024-07-22,G22,R4,32441,1,0
2024-07-29,G22,R4,29700,1,0
2024-08-05,G22,R4,28431,1,0
2024-08-12,G22,R4,30806,1,0
2024-08-19,G22,R4,29672,1,0
2024-08-26,G22,R4,30205,1,0
2024-09-02,G22,R4,30079,1,0
2024-09-09,G22,R4,27299,1,0
2024-09-16,G22,R4,29912,1,0
2024-09-23,G22,R4,29382,1,0
2024-09-30,G22,R4,30545,1,0
2024-10-07,G22,R4,29069,1,0
2024-10-14,G22,R4,31184,1,0
2024-10-21,G22,R4,31951,1,0
2024-10-28,G22,R4,32740,1,0
2024-11-04,G22,R4,29319,1,0
2024-11-11,G22,R4,30737,1,0
2024-11-18,G22,R4,33131,1,0
2024-11-25,G22,R4,35537,1,0
2024-12-02,G22,R4,39541,1,0
2024-12-09,G22,R4,35025,1,0
2024-12-16,G22,R4,34105,1,0
2024-12-23,G22,R4,35415,1,0
2024-12-30,G22,R4,30663,1,0
2025-01-06,G22,R4,39484,1,0
2025-01-13,G22,R4,36769,1,0
2025-01-20,G22,R4,36719,1,0
2025-01-27,G22,R4,40294,1,0
2025-02-03,G22,R4,39148,1,0
2025-02-10,G22,R4,38300,1,0
2025-02-17,G22,R4,39900,1,0
2025-02-24,G22,R4,40552,1,0
2025-03-03,G22,R4,39170,1,0
2025-03-10,G22,R4,39759,1,0
2025-03-17,G22,R4,36162,1,0
2025-03-24,G22,R4,38569,1,0
2025-03-31,G22,R4,39340,1,0
2025-04-07,G22,R4,36728,1,0
2025-04-14,G22,R4,35035,1,0
2025-04-21,G22,R4,36502,1,0
2025-04-28,G22,R4,36415,1,0
2025-05-05,G22,R4,37937,1,0
2025-05-12,G22,R4,36913,1,0
2025-05-19,G22,R4,35726,1,0
2025-05-26,G22,R4,32464,1,0
2025-06-02,G22,R4,36149,1,0
2025-06-09,G22,R4,35340,1,0
2025-06-16,G22,R4,34764,1,0
2025-06-23,G22,R4,34110,1,0
2025-06-30,G22,R4,33361,1,0
2025-07-07,G22,R4,33891,1,0
2025-07-14,G22,R4,33039,1,0
2025-07-21,G22,R4,34198,1,0
2025-07-28,G22,R4,31483,1,0
2025-08-04,G22,R4,30781,1,0
2025-08-11,G22,R4,30360,1,0
2025-08-18,G22,R4,30049,1,0
2025-08-25,G22,R4,31174,1,0
2025-09-01,G22,R4,30160,1,0
2025-09-08,G22,R4,30024,1,0
2025-09-15,G22,R4,34257,1,0
2025-09-22,G22,R4,31886,1,0
2025-09-29,G22,R4,30535,1,0
2025-10-06,G22,R4,32904,1,0
2025-10-13,G22,R4,32896,1,0
2025-10-20,G22,R4,33063,1,1
2025-10-27,G22,R4,33640,1,1
2025-11-03,G22,R4,34447,1,1
2025-11-10,G22,R4,33629,1,1
2025-11-17,G22,R4,35541,1,1
2025-11-24,G22,R4,32688,1,1
2025-12-01,G22,R4,34804,1,1
2025-12-08,G22,R4,35835,1,1
2025-12-15,G22,R4,35135,1,1
2025-12-22,G22,R4,38297,1,1
2024-01-01,G23,R2,51350,0,0
2024-01-08,G23,R2,43915,0,0
2024-01-15,G23,R2,48983,0,0
2024-01-22,G23,R2,43906,0,0
2024-01-29,G23,R2,52731,0,0
2024-02-05,G23,R2,44416,0,0
2024-02-12,G23,R2,50567,0,0
2024-02-19,G23,R2,47268,0,0
2024-02-26,G23,R2,48042,0,0
2024-03-04,G23,R2,49988,0,0
2024-03-11,G23,R2,48840,0,0
2024-03-18,G23,R2,45835,0,0
2024-03-25,G23,R2,52049,0,0
2024-04-01,G23,R2,49686,0,0
2024-04-08,G23,R2,47905,0,0
2024-04-15,G23,R2,49930,0,0
2024-04-22,G23,R2,50441,0,0
2024-04-29,G23,R2,50398,0,0
2024-05-06,G23,R2,52173,0,0
2024-05-13,G23,R2,47845,0,0
2024-05-20,G23,R2,45258,0,0
2024-05-27,G23,R2,43357,0,0
2024-06-03,G23,R2,43408,0,0
2024-06-10,G23,R2,41053,0,0
2024-06-17,G23,R2,42203,0,0
2024-06-24,G23,R2,42175,0,0
2024-07-01,G23,R2,41848,0,0
2024-07-08,G23,R2,45156,0,0
2024-07-15,G23,R2,45880,0,0
2024-07-22,G23,R2,47491,0,0
2024-07-29,G23,R2,43660,0,0
2024-08-05,G23,R2,38793,0,0
2024-08-12,G23,R2,42843,0,0
2024-08-19,G23,R2,43018,0,0
2024-08-26,G23,R2,45929,0,0
2024-09-02,G23,R2,42676,0,0
2024-09-09,G23,R2,41267,0,0
2024-09-16,G23,R2,40511,0,0
2024-09-23,G23,R2,42888,0,0
2024-09-30,G23,R2,45553,0,0
2024-10-07,G23,R2,42347,0,0
2024-10-14,G23,R2,47118,0,0
2024-10-21,G23,R2,46821,0,0
2024-10-28,G23,R2,45525,0,0
2024-11-04,G23,R2,41262,0,0
2024-11-11,G23,R2,44067,0,0
2024-11-18,G23,R2,45254,0,0
2024-11-25,G23,R2,47429,0,0
2024-12-02,G23,R2,49038,0,0
2024-12-09,G23,R2,47770,0,0
2024-12-16,G23,R2,47894,0,0
2024-12-23,G23,R2,45011,0,0
2024-12-30,G23,R2,49238,0,0
2025-01-06,G23,R2,44707,0,0
2025-01-13,G23,R2,48119,0,0
2025-01-20,G23,R2,50145,0,0
2025-01-27,G23,R2,52871,0,0
2025-02-03,G23,R2,53933,0,0
2025-02-10,G23,R2,50286,0,0
2025-02-17,G23,R2,53892,0,0
2025-02-24,G23,R2,54094,0,0
2025-03-03,G23,R2,52553,0,0
2025-03-10,G23,R2,53638,0,0
2025-03-17,G23,R2,51967,0,0
2025-03-24,G23,R2,48652,0,0
2025-03-31,G23,R2,52971,0,0
2025-04-07,G23,R2,52817,0,0
2025-04-14,G23,R2,52861,0,0
2025-04-21,G23,R2,53080,0,0
2025-04-28,G23,R2,48628,0,0
2025-05-05,G23,R2,48084,0,0
2025-05-12,G23,R2,53210,0,0
2025-05-19,G23,R2,54496,0,0
2025-05-26,G23,R2,49704,0,0
2025-06-02,G23,R2,46582,0,0
2025-06-09,G23,R2,49137,0,0
2025-06-16,G23,R2,47037,0,0
2025-06-23,G23,R2,48365,0,0
2025-06-30,G23,R2,52496,0,0
2025-07-07,G23,R2,47503,0,0
2025-07-14,G23,R2,45692,0,0
2025-07-21,G23,R2,45175,0,0
2025-07-28,G23,R2,43407,0,0
2025-08-04,G23,R2,47539,0,0
2025-08-11,G23,R2,47472,0,0
2025-08-18,G23,R2,46997,0,0
2025-08-25,G23,R2,47949,0,0
2025-09-01,G23,R2,42253,0,0
2025-09-08,G23,R2,44121,0,0
2025-09-15,G23,R2,44223,0,0
2025-09-22,G23,R2,47754,0,0
2025-09-29,G23,R2,45874,0,0
2025-10-06,G23,R2,46007,0,0
2025-10-13,G23,R2,49625,0,0
2025-10-20,G23,R2,53585,0,1
2025-10-27,G23,R2,45887,0,1
2025-11-03,G23,R2,48323,0,1
2025-11-10,G23,R2,54052,0,1
2025-11-17,G23,R2,48155,0,1
2025-11-24,G23,R2,49286,0,1
2025-12-01,G23,R2,49388,0,1
2025-12-08,G23,R2,48463,0,1
2025-12-15,G23,R2,47791,0,1
2025-12-22,G23,R2,50432,0,1
2024-01-01,G24,R3,36162,0,0
2024-01-08,G24,R3,37063,0,0
2024-01-15,G24,R3,40765,0,0
2024-01-22,G24,R3,39971,0,0
2024-01-29,G24,R3,38229,0,0
2024-02-05,G24,R3,37563,0,0
2024-02-12,G24,R3,38450,0,0
2024-02-19,G24,R3,37346,0,0
2024-02-26,G24,R3,35348,0,0
2024-03-04,G24,R3,39065,0,0
2024-03-11,G24,R3,39109,0,0
2024-03-18,G24,R3,37198,0,0
2024-03-25,G24,R3,38113,0,0
2024-04-01,G24,R3,43329,0,0
2024-04-08,G24,R3,37407,0,0
2024-04-15,G24,R3,37919,0,0
2024-04-22,G24,R3,38623,0,0
2024-04-29,G24,R3,36953,0,0
2024-05-06,G24,R3,38740,0,0
2024-05-13,G24,R3,39869,0,0
2024-05-20,G24,R3,35721,0,0
2024-05-27,G24,R3,31318,0,0
2024-06-03,G24,R3,34340,0,0
2024-06-10,G24,R3,36093,0,0
2024-06-17,G24,R3,34046,0,0
2024-06-24,G24,R3,34472,0,0
2024-07-01,G24,R3,33692,0,0
2024-07-08,G24,R3,34627,0,0
2024-07-15,G24,R3,38477,0,0
2024-07-22,G24,R3,35614,0,0
2024-07-29,G24,R3,34598,0,0
2024-08-05,G24,R3,31361,0,0
2024-08-12,G24,R3,36126,0,0
2024-08-19,G24,R3,34195,0,0
2024-08-26,G24,R3,33788,0,0
2024-09-02,G24,R3,35194,0,0
2024-09-09,G24,R3,33054,0,0
2024-09-16,G24,R3,32863,0,0
2024-09-23,G24,R3,34499,0,0
2024-09-30,G24,R3,37252,0,0
2024-10-07,G24,R3,30045,0,0
2024-10-14,G24,R3,34571,0,0
2024-10-21,G24,R3,36733,0,0
2024-10-28,G24,R3,35776,0,0
2024-11-04,G24,R3,37113,0,0
2024-11-11,G24,R3,37422,0,0
2024-11-18,G24,R3,38912,0,0
2024-11-25,G24,R3,39415,0,0
2024-12-02,G24,R3,38741,0,0
2024-12-09,G24,R3,39212,0,0
2024-12-16,G24,R3,36695,0,0
2024-12-23,G24,R3,39783,0,0
2024-12-30,G24,R3,39813,0,0
2025-01-06,G24,R3,37746,0,0
2025-01-13,G24,R3,39657,0,0
2025-01-20,G24,R3,39504,0,0
2025-01-27,G24,R3,41207,0,0
2025-02-03,G24,R3,40808,0,0
2025-02-10,G24,R3,41674,0,0
2025-02-17,G24,R3,40064,0,0
2025-02-24,G24,R3,41824,0,0
2025-03-03,G24,R3,42853,0,0
2025-03-10,G24,R3,42623,0,0
2025-03-17,G24,R3,41395,0,0
2025-03-24,G24,R3,43612,0,0
2025-03-31,G24,R3,38789,0,0
2025-04-07,G24,R3,40211,0,0
2025-04-14,G24,R3,40148,0,0
2025-04-21,G24,R3,42353,0,0
2025-04-28,G24,R3,40897,0,0
2025-05-05,G24,R3,39469,0,0
2025-05-12,G24,R3,37265,0,0
2025-05-19,G24,R3,36629,0,0
2025-05-26,G24,R3,35783,0,0
2025-06-02,G24,R3,37012,0,0
2025-06-09,G24,R3,38600,0,0
2025-06-16,G24,R3,38211,0,0
2025-06-23,G24,R3,40500,0,0
2025-06-30,G24,R3,40479,0,0
2025-07-07,G24,R3,35985,0,0
2025-07-14,G24,R3,37795,0,0
2025-07-21,G24,R3,37907,0,0
2025-07-28,G24,R3,38020,0,0
2025-08-04,G24,R3,37692,0,0
2025-08-11,G24,R3,37800,0,0
2025-08-18,G24,R3,34502,0,0
2025-08-25,G24,R3,37778,0,0
2025-09-01,G24,R3,38425,0,0
2025-09-08,G24,R3,34343,0,0
2025-09-15,G24,R3,34890,0,0
2025-09-22,G24,R3,37185,0,0
2025-09-29,G24,R3,36007,0,0
2025-10-06,G24,R3,36220,0,0
2025-10-13,G24,R3,37445,0,0
2025-10-20,G24,R3,35865,0,1
2025-10-27,G24,R3,35921,0,1
2025-11-03,G24,R3,40422,0,1
2025-11-10,G24,R3,37965,0,1
2025-11-17,G24,R3,39636,0,1
2025-11-24,G24,R3,37081,0,1
2025-12-01,G24,R3,35057,0,1
2025-12-08,G24,R3,37326,0,1
2025-12-15,G24,R3,43984,0,1
2025-12-22,G24,R3,36576,0,1
2024-01-01,G25,R1,29493,0,0
2024-01-08,G25,R1,27368,0,0
2024-01-15,G25,R1,28168,0,0
2024-01-22,G25,R1,26876,0,0
2024-01-29,G25,R1,27532,0,0
2024-02-05,G25,R1,25654,0,0
2024-02-12,G25,R1,27817,0,0
2024-02-19,G25,R1,28296,0,0
2024-02-26,G25,R1,27775,0,0
2024-03-04,G25,R1,28498,0,0
2024-03-11,G25,R1,27098,0,0
2024-03-18,G25,R1,28415,0,0
2024-03-25,G25,R1,28011,0,0
2024-04-01,G25,R1,32096,0,0
2024-04-08,G25,R1,28542,0,0
2024-04-15,G25,R1,28782,0,0
2024-04-22,G25,R1,29261,0,0
2024-04-29,G25,R1,28744,0,0
2024-05-06,G25,R1,28842,0,0
2024-05-13,G25,R1,27411,0,0
2024-05-20,G25,R1,26260,0,0
2024-05-27,G25,R1,27729,0,0
2024-06-03,G25,R1,29004,0,0
2024-06-10,G25,R1,26671,0,0
2024-06-17,G25,R1,24571,0,0
2024-06-24,G25,R1,25739,0,0
2024-07-01,G25,R1,23139,0,0
2024-07-08,G25,R1,25282,0,0
2024-07-15,G25,R1,27431,0,0
2024-07-22,G25,R1,27100,0,0
2024-07-29,G25,R1,27572,0,0
2024-08-05,G25,R1,23816,0,0
2024-08-12,G25,R1,25631,0,0
2024-08-19,G25,R1,26789,0,0
2024-08-26,G25,R1,27469,0,0
2024-09-02,G25,R1,25011,0,0
2024-09-09,G25,R1,23401,0,0
2024-09-16,G25,R1,23383,0,0
2024-09-23,G25,R1,23467,0,0
2024-09-30,G25,R1,26248,0,0
2024-10-07,G25,R1,25426,0,0
2024-10-14,G25,R1,25694,0,0
2024-10-21,G25,R1,27269,0,0
2024-10-28,G25,R1,30323,0,0
2024-11-04,G25,R1,26926,0,0
2024-11-11,G25,R1,25302,0,0
2024-11-18,G25,R1,27306,0,0
2024-11-25,G25,R1,27693,0,0
2024-12-02,G25,R1,28418,0,0
2024-12-09,G25,R1,28587,0,0
2024-12-16,G25,R1,27769,0,0
2024-12-23,G25,R1,26079,0,0
2024-12-30,G25,R1,31069,0,0
2025-01-06,G25,R1,30788,0,0
2025-01-13,G25,R1,28373,0,0
2025-01-20,G25,R1,33395,0,0
2025-01-27,G25,R1,28845,0,0
2025-02-03,G25,R1,29087,0,0
2025-02-10,G25,R1,29937,0,0
2025-02-17,G25,R1,30736,0,0
2025-02-24,G25,R1,32298,0,0
2025-03-03,G25,R1,30004,0,0
2025-03-10,G25,R1,31037,0,0
2025-03-17,G25,R1,30792,0,0
2025-03-24,G25,R1,31351,0,0
2025-03-31,G25,R1,31010,0,0
2025-04-07,G25,R1,27384,0,0
2025-04-14,G25,R1,29871,0,0
2025-04-21,G25,R1,30921,0,0
2025-04-28,G25,R1,27714,0,0
2025-05-05,G25,R1,30269,0,0
2025-05-12,G25,R1,30404,0,0
2025-05-19,G25,R1,28279,0,0
2025-05-26,G25,R1,28414,0,0
2025-06-02,G25,R1,28674,0,0
2025-06-09,G25,R1,28883,0,0
2025-06-16,G25,R1,27888,0,0
2025-06-23,G25,R1,26194,0,0
2025-06-30,G25,R1,28609,0,0
2025-07-07,G25,R1,25359,0,0
2025-07-14,G25,R1,25403,0,0
2025-07-21,G25,R1,25347,0,0
2025-07-28,G25,R1,26092,0,0
2025-08-04,G25,R1,25710,0,0
2025-08-11,G25,R1,28194,0,0
2025-08-18,G25,R1,26065,0,0
2025-08-25,G25,R1,27168,0,0
2025-09-01,G25,R1,26519,0,0
2025-09-08,G25,R1,25799,0,0
2025-09-15,G25,R1,25328,0,0
2025-09-22,G25,R1,24599,0,0
2025-09-29,G25,R1,25607,0,0
2025-10-06,G25,R1,26066,0,0
2025-10-13,G25,R1,24800,0,0
2025-10-20,G25,R1,28262,0,1
2025-10-27,G25,R1,28248,0,1
2025-11-03,G25,R1,27084,0,1
2025-11-10,G25,R1,26030,0,1
2025-11-17,G25,R1,28728,0,1
2025-11-24,G25,R1,27425,0,1
2025-12-01,G25,R1,27674,0,1
2025-12-08,G25,R1,29723,0,1
2025-12-15,G25,R1,29257,0,1
2025-12-22,G25,R1,29742,0,1
2024-01-01,G26,R3,15080,0,0
2024-01-08,G26,R3,15692,0,0
2024-01-15,G26,R3,17420,0,0
2024-01-22,G26,R3,15218,0,0
2024-01-29,G26,R3,16068,0,0
2024-02-05,G26,R3,15905,0,0
2024-02-12,G26,R3,16016,0,0
2024-02-19,G26,R3,17601,0,0
2024-02-26,G26,R3,15767,0,0
2024-03-04,G26,R3,16694,0,0
2024-03-11,G26,R3,15341,0,0
2024-03-18,G26,R3,16143,0,0
2024-03-25,G26,R3,16635,0,0
2024-04-01,G26,R3,17199,0,0
2024-04-08,G26,R3,16484,0,0
2024-04-15,G26,R3,16965,0,0
2024-04-22,G26,R3,15134,0,0
2024-04-29,G26,R3,16265,0,0
2024-05-06,G26,R3,14999,0,0
2024-05-13,G26,R3,15768,0,0
2024-05-20,G26,R3,15662,0,0
2024-05-27,G26,R3,15265,0,0
2024-06-03,G26,R3,14173,0,0
2024-06-10,G26,R3,14663,0,0
2024-06-17,G26,R3,13962,0,0
2024-06-24,G26,R3,14802,0,0
2024-07-01,G26,R3,15465,0,0
2024-07-08,G26,R3,14176,0,0
2024-07-15,G26,R3,14915,0,0
2024-07-22,G26,R3,15063,0,0
2024-07-29,G26,R3,13223,0,0
2024-08-05,G26,R3,15458,0,0
2024-08-12,G26,R3,14059,0,0
2024-08-19,G26,R3,15727,0,0
2024-08-26,G26,R3,14391,0,0
2024-09-02,G26,R3,14621,0,0
2024-09-09,G26,R3,13741,0,0
2024-09-16,G26,R3,15198,0,0
2024-09-23,G26,R3,14777,0,0
2024-09-30,G26,R3,13836,0,0
2024-10-07,G26,R3,15355,0,0
2024-10-14,G26,R3,14804,0,0
2024-10-21,G26,R3,16532,0,0
2024-10-28,G26,R3,17160,0,0
2024-11-04,G26,R3,15500,0,0
2024-11-11,G26,R3,16356,0,0
2024-11-18,G26,R3,14853,0,0
2024-11-25,G26,R3,17704,0,0
2024-12-02,G26,R3,16850,0,0
2024-12-09,G26,R3,16294,0,0
2024-12-16,G26,R3,15641,0,0
2024-12-23,G26,R3,15075,0,0
2024-12-30,G26,R3,15936,0,0
2025-01-06,G26,R3,16346,0,0
2025-01-13,G26,R3,15629,0,0
2025-01-20,G26,R3,18581,0,0
2025-01-27,G26,R3,16398,0,0
2025-02-03,G26,R3,16670,0,0
2025-02-10,G26,R3,16685,0,0
2025-02-17,G26,R3,16693,0,0
2025-02-24,G26,R3,15756,0,0
2025-03-03,G26,R3,18822,0,0
2025-03-10,G26,R3,17312,0,0
2025-03-17,G26,R3,16751,0,0
2025-03-24,G26,R3,17583,0,0
2025-03-31,G26,R3,16619,0,0
2025-04-07,G26,R3,17080,0,0
2025-04-14,G26,R3,16902,0,0
2025-04-21,G26,R3,17021,0,0
2025-04-28,G26,R3,17381,0,0
2025-05-05,G26,R3,16922,0,0
2025-05-12,G26,R3,16130,0,0
2025-05-19,G26,R3,15104,0,0
2025-05-26,G26,R3,16798,0,0
2025-06-02,G26,R3,15703,0,0
2025-06-09,G26,R3,17351,0,0
2025-06-16,G26,R3,16558,0,0
2025-06-23,G26,R3,16496,0,0
2025-06-30,G26,R3,16010,0,0
2025-07-07,G26,R3,15400,0,0
2025-07-14,G26,R3,14124,0,0
2025-07-21,G26,R3,16690,0,0
2025-07-28,G26,R3,14336,0,0
2025-08-04,G26,R3,14649,0,0
2025-08-11,G26,R3,15909,0,0
2025-08-18,G26,R3,15303,0,0
2025-08-25,G26,R3,15226,0,0
2025-09-01,G26,R3,15123,0,0
2025-09-08,G26,R3,15477,0,0
2025-09-15,G26,R3,14690,0,0
2025-09-22,G26,R3,15286,0,0
2025-09-29,G26,R3,14523,0,0
2025-10-06,G26,R3,14981,0,0
2025-10-13,G26,R3,15559,0,0
2025-10-20,G26,R3,16364,0,1
2025-10-27,G26,R3,15759,0,1
2025-11-03,G26,R3,15885,0,1
2025-11-10,G26,R3,15725,0,1
2025-11-17,G26,R3,15338,0,1
2025-11-24,G26,R3,16645,0,1
2025-12-01,G26,R3,15865,0,1
2025-12-08,G26,R3,16825,0,1
2025-12-15,G26,R3,17504,0,1
2025-12-22,G26,R3,18524,0,1
2024-01-01,G27,R2,5383,0,0
2024-01-08,G27,R2,5367,0,0
2024-01-15,G27,R2,5423,0,0
2024-01-22,G27,R2,5784,0,0
2024-01-29,G27,R2,5184,0,0
2024-02-05,G27,R2,5826,0,0
2024-02-12,G27,R2,5571,0,0
2024-02-19,G27,R2,5560,0,0
2024-02-26,G27,R2,5221,0,0
2024-03-04,G27,R2,5110,0,0
2024-03-11,G27,R2,5347,0,0
2024-03-18,G27,R2,5359,0,0
2024-03-25,G27,R2,5513,0,0
2024-04-01,G27,R2,5812,0,0
2024-04-08,G27,R2,5052,0,0
2024-04-15,G27,R2,5705,0,0
2024-04-22,G27,R2,5387,0,0
2024-04-29,G27,R2,5693,0,0
2024-05-06,G27,R2,5857,0,0
2024-05-13,G27,R2,5357,0,0
2024-05-20,G27,R2,4897,0,0
2024-05-27,G27,R2,4959,0,0
2024-06-03,G27,R2,5078,0,0
2024-06-10,G27,R2,4902,0,0
2024-06-17,G27,R2,5311,0,0
2024-06-24,G27,R2,4617,0,0
2024-07-01,G27,R2,5030,0,0
2024-07-08,G27,R2,4876,0,0
2024-07-15,G27,R2,4877,0,0
2024-07-22,G27,R2,4815,0,0
2024-07-29,G27,R2,4684,0,0
2024-08-05,G27,R2,4485,0,0
2024-08-12,G27,R2,4658,0,0
2024-08-19,G27,R2,5269,0,0
2024-08-26,G27,R2,4895,0,0
2024-09-02,G27,R2,4674,0,0
2024-09-09,G27,R2,4482,0,0
2024-09-16,G27,R2,4476,0,0
2024-09-23,G27,R2,4686,0,0
2024-09-30,G27,R2,4634,0,0
2024-10-07,G27,R2,4638,0,0
2024-10-14,G27,R2,5180,0,0
2024-10-21,G27,R2,5493,0,0
2024-10-28,G27,R2,5363,0,0
2024-11-04,G27,R2,4682,0,0
2024-11-11,G27,R2,4304,0,0
2024-11-18,G27,R2,5065,0,0
2024-11-25,G27,R2,5050,0,0
2024-12-02,G27,R2,5079,0,0
2024-12-09,G27,R2,5378,0,0
2024-12-16,G27,R2,5242,0,0
2024-12-23,G27,R2,5020,0,0
2024-12-30,G27,R2,5305,0,0
2025-01-06,G27,R2,5413,0,0
2025-01-13,G27,R2,5526,0,0
2025-01-20,G27,R2,5526,0,0
2025-01-27,G27,R2,5436,0,0
2025-02-03,G27,R2,5830,0,0
2025-02-10,G27,R2,5417,0,0
2025-02-17,G27,R2,6079,0,0
2025-02-24,G27,R2,5896,0,0
2025-03-03,G27,R2,6058,0,0
2025-03-10,G27,R2,5953,0,0
2025-03-17,G27,R2,5777,0,0
2025-03-24,G27,R2,5791,0,0
2025-03-31,G27,R2,5847,0,0
2025-04-07,G27,R2,5840,0,0
2025-04-14,G27,R2,5375,0,0
2025-04-21,G27,R2,5624,0,0
2025-04-28,G27,R2,5837,0,0
2025-05-05,G27,R2,5621,0,0
2025-05-12,G27,R2,5599,0,0
2025-05-19,G27,R2,5877,0,0
2025-05-26,G27,R2,5697,0,0
2025-06-02,G27,R2,5677,0,0
2025-06-09,G27,R2,5486,0,0
2025-06-16,G27,R2,5290,0,0
2025-06-23,G27,R2,5366,0,0
2025-06-30,G27,R2,5783,0,0
2025-07-07,G27,R2,5783,0,0
2025-07-14,G27,R2,4892,0,0
2025-07-21,G27,R2,5041,0,0
2025-07-28,G27,R2,5179,0,0
2025-08-04,G27,R2,5236,0,0
2025-08-11,G27,R2,4934,0,0
2025-08-18,G27,R2,4885,0,0
2025-08-25,G27,R2,4837,0,0
2025-09-01,G27,R2,4986,0,0
2025-09-08,G27,R2,4768,0,0
2025-09-15,G27,R2,4991,0,0
2025-09-22,G27,R2,4738,0,0
2025-09-29,G27,R2,5192,0,0
2025-10-06,G27,R2,4905,0,0
2025-10-13,G27,R2,5419,0,0
2025-10-20,G27,R2,5360,0,1
2025-10-27,G27,R2,5012,0,1
2025-11-03,G27,R2,5047,0,1
2025-11-10,G27,R2,5544,0,1
2025-11-17,G27,R2,4975,0,1
2025-11-24,G27,R2,5261,0,1
2025-12-01,G27,R2,5662,0,1
2025-12-08,G27,R2,5509,0,1
2025-12-15,G27,R2,5210,0,1
2025-12-22,G27,R2,5741,0,1
2024-01-01,G28,R4,19024,0,0
2024-01-08,G28,R4,20251,0,0
2024-01-15,G28,R4,20356,0,0
2024-01-22,G28,R4,20111,0,0
2024-01-29,G28,R4,19685,0,0
2024-02-05,G28,R4,18045,0,0
2024-02-12,G28,R4,21093,0,0
2024-02-19,G28,R4,19160,0,0
2024-02-26,G28,R4,21012,0,0
2024-03-04,G28,R4,18679,0,0
2024-03-11,G28,R4,18947,0,0
2024-03-18,G28,R4,19370,0,0
2024-03-25,G28,R4,20599,0,0
2024-04-01,G28,R4,21488,0,0
2024-04-08,G28,R4,20584,0,0
2024-04-15,G28,R4,20818,0,0
2024-04-22,G28,R4,20169,0,0
2024-04-29,G28,R4,20697,0,0
2024-05-06,G28,R4,20517,0,0
2024-05-13,G28,R4,21009,0,0
2024-05-20,G28,R4,18139,0,0
2024-05-27,G28,R4,16318,0,0
2024-06-03,G28,R4,18070,0,0
2024-06-10,G28,R4,16735,0,0
2024-06-17,G28,R4,16571,0,0
2024-06-24,G28,R4,17227,0,0
2024-07-01,G28,R4,17411,0,0
2024-07-08,G28,R4,16824,0,0
2024-07-15,G28,R4,16348,0,0
2024-07-22,G28,R4,16211,0,0
2024-07-29,G28,R4,15461,0,0
2024-08-05,G28,R4,16044,0,0
2024-08-12,G28,R4,16687,0,0
2024-08-19,G28,R4,16489,0,0
2024-08-26,G28,R4,16834,0,0
2024-09-02,G28,R4,17373,0,0
2024-09-09,G28,R4,15909,0,0
2024-09-16,G28,R4,15747,0,0
2024-09-23,G28,R4,15865,0,0
2024-09-30,G28,R4,17616,0,0
2024-10-07,G28,R4,18357,0,0
2024-10-14,G28,R4,16864,0,0
2024-10-21,G28,R4,18221,0,0
2024-10-28,G28,R4,17458,0,0
2024-11-04,G28,R4,17133,0,0
2024-11-11,G28,R4,17567,0,0
2024-11-18,G28,R4,17853,0,0
2024-11-25,G28,R4,19283,0,0
2024-12-02,G28,R4,19063,0,0
2024-12-09,G28,R4,19008,0,0
2024-12-16,G28,R4,20228,0,0
2024-12-23,G28,R4,20192,0,0
2024-12-30,G28,R4,19020,0,0
2025-01-06,G28,R4,20905,0,0
2025-01-13,G28,R4,21099,0,0
2025-01-20,G28,R4,21523,0,0
2025-01-27,G28,R4,23165,0,0
2025-02-03,G28,R4,22297,0,0
2025-02-10,G28,R4,19760,0,0
2025-02-17,G28,R4,20687,0,0
2025-02-24,G28,R4,21490,0,0
2025-03-03,G28,R4,21711,0,0
2025-03-10,G28,R4,21948,0,0
2025-03-17,G28,R4,20687,0,0
2025-03-24,G28,R4,20659,0,0
2025-03-31,G28,R4,22407,0,0
2025-04-07,G28,R4,20364,0,0
2025-04-14,G28,R4,20928,0,0
2025-04-21,G28,R4,18822,0,0
2025-04-28,G28,R4,19412,0,0
2025-05-05,G28,R4,20052,0,0
2025-05-12,G28,R4,20184,0,0
2025-05-19,G28,R4,19093,0,0
2025-05-26,G28,R4,19406,0,0
2025-06-02,G28,R4,19954,0,0
2025-06-09,G28,R4,18476,0,0
2025-06-16,G28,R4,19123,0,0
2025-06-23,G28,R4,20307,0,0
2025-06-30,G28,R4,19156,0,0
2025-07-07,G28,R4,19013,0,0
2025-07-14,G28,R4,18733,0,0
2025-07-21,G28,R4,17859,0,0
2025-07-28,G28,R4,18498,0,0
2025-08-04,G28,R4,17551,0,0
2025-08-11,G28,R4,17967,0,0
2025-08-18,G28,R4,16735,0,0
2025-08-25,G28,R4,16678,0,0
2025-09-01,G28,R4,16561,0,0
2025-09-08,G28,R4,17723,0,0
2025-09-15,G28,R4,18263,0,0
2025-09-22,G28,R4,18073,0,0
2025-09-29,G28,R4,17165,0,0
2025-10-06,G28,R4,16935,0,0
2025-10-13,G28,R4,19194,0,0
2025-10-20,G28,R4,18855,0,1
2025-10-27,G28,R4,17857,0,1
2025-11-03,G28,R4,17549,0,1
2025-11-10,G28,R4,18533,0,1
2025-11-17,G28,R4,19369,0,1
2025-11-24,G28,R4,18951,0,1
2025-12-01,G28,R4,18617,0,1
2025-12-08,G28,R4,18976,0,1
2025-12-15,G28,R4,20110,0,1
2025-12-22,G28,R4,20775,0,1
2024-01-01,G29,R4,8083,0,0
2024-01-08,G29,R4,7755,0,0
2024-01-15,G29,R4,8087,0,0
2024-01-22,G29,R4,7566,0,0
2024-01-29,G29,R4,8320,0,0
2024-02-05,G29,R4,8685,0,0
2024-02-12,G29,R4,7836,0,0
2024-02-19,G29,R4,8200,0,0
2024-02-26,G29,R4,8066,0,0
2024-03-04,G29,R4,8164,0,0
2024-03-11,G29,R4,8365,0,0
2024-03-18,G29,R4,8198,0,0
2024-03-25,G29,R4,8211,0,0
2024-04-01,G29,R4,8208,0,0
2024-04-08,G29,R4,8159,0,0
2024-04-15,G29,R4,8286,0,0
2024-04-22,G29,R4,7892,0,0
2024-04-29,G29,R4,7941,0,0
2024-05-06,G29,R4,7803,0,0
2024-05-13,G29,R4,8006,0,0
2024-05-20,G29,R4,6857,0,0
2024-05-27,G29,R4,7296,0,0
2024-06-03,G29,R4,6975,0,0
2024-06-10,G29,R4,6895,0,0
2024-06-17,G29,R4,6237,0,0
2024-06-24,G29,R4,6603,0,0
2024-07-01,G29,R4,6286,0,0
2024-07-08,G29,R4,6295,0,0
2024-07-15,G29,R4,6900,0,0
2024-07-22,G29,R4,6749,0,0
2024-07-29,G29,R4,6131,0,0
2024-08-05,G29,R4,6606,0,0
2024-08-12,G29,R4,6814,0,0
2024-08-19,G29,R4,6607,0,0
2024-08-26,G29,R4,7070,0,0
2024-09-02,G29,R4,6567,0,0
2024-09-09,G29,R4,6364,0,0
2024-09-16,G29,R4,6471,0,0
2024-09-23,G29,R4,7072,0,0
2024-09-30,G29,R4,6903,0,0
2024-10-07,G29,R4,6621,0,0
2024-10-14,G29,R4,6632,0,0
2024-10-21,G29,R4,7621,0,0
2024-10-28,G29,R4,7668,0,0
2024-11-04,G29,R4,6888,0,0
2024-11-11,G29,R4,7221,0,0
2024-11-18,G29,R4,7111,0,0
2024-11-25,G29,R4,7731,0,0
2024-12-02,G29,R4,8140,0,0
2024-12-09,G29,R4,7945,0,0
2024-12-16,G29,R4,7652,0,0
2024-12-23,G29,R4,7916,0,0
2024-12-30,G29,R4,7618,0,0
2025-01-06,G29,R4,8079,0,0
2025-01-13,G29,R4,8313,0,0
2025-01-20,G29,R4,8141,0,0
2025-01-27,G29,R4,8858,0,0
2025-02-03,G29,R4,8599,0,0
2025-02-10,G29,R4,7807,0,0
2025-02-17,G29,R4,7832,0,0
2025-02-24,G29,R4,8069,0,0
2025-03-03,G29,R4,9207,0,0
2025-03-10,G29,R4,8126,0,0
2025-03-17,G29,R4,8237,0,0
2025-03-24,G29,R4,8113,0,0
2025-03-31,G29,R4,8940,0,0
2025-04-07,G29,R4,7935,0,0
2025-04-14,G29,R4,7751,0,0
2025-04-21,G29,R4,8182,0,0
2025-04-28,G29,R4,7984,0,0
2025-05-05,G29,R4,7097,0,0
2025-05-12,G29,R4,7487,0,0
2025-05-19,G29,R4,7860,0,0
2025-05-26,G29,R4,7922,0,0
2025-06-02,G29,R4,8052,0,0
2025-06-09,G29,R4,7842,0,0
2025-06-16,G29,R4,8124,0,0
2025-06-23,G29,R4,7168,0,0
2025-06-30,G29,R4,7033,0,0
2025-07-07,G29,R4,7113,0,0
2025-07-14,G29,R4,7245,0,0
2025-07-21,G29,R4,7107,0,0
2025-07-28,G29,R4,6620,0,0
2025-08-04,G29,R4,7206,0,0
2025-08-11,G29,R4,6812,0,0
2025-08-18,G29,R4,7181,0,0
2025-08-25,G29,R4,7246,0,0
2025-09-01,G29,R4,6971,0,0
2025-09-08,G29,R4,6716,0,0
2025-09-15,G29,R4,6963,0,0
2025-09-22,G29,R4,6864,0,0
2025-09-29,G29,R4,7170,0,0
2025-10-06,G29,R4,7632,0,0
2025-10-13,G29,R4,7288,0,0
2025-10-20,G29,R4,7055,0,1
2025-10-27,G29,R4,7318,0,1
2025-11-03,G29,R4,7547,0,1
2025-11-10,G29,R4,6916,0,1
2025-11-17,G29,R4,7343,0,1
2025-11-24,G29,R4,7456,0,1
2025-12-01,G29,R4,7830,0,1
2025-12-08,G29,R4,8839,0,1
2025-12-15,G29,R4,8246,0,1
2025-12-22,G29,R4,7985,0,1
2024-01-01,G30,R4,16282,0,0
2024-01-08,G30,R4,17521,0,0
2024-01-15,G30,R4,17994,0,0
2024-01-22,G30,R4,15975,0,0
2024-01-29,G30,R4,17500,0,0
2024-02-05,G30,R4,18020,0,0
2024-02-12,G30,R4,16006,0,0
2024-02-19,G30,R4,16821,0,0
2024-02-26,G30,R4,16233,0,0
2024-03-04,G30,R4,16536,0,0
2024-03-11,G30,R4,16686,0,0
2024-03-18,G30,R4,17297,0,0
2024-03-25,G30,R4,17993,0,0
2024-04-01,G30,R4,17709,0,0
2024-04-08,G30,R4,15660,0,0
2024-04-15,G30,R4,18007,0,0
2024-04-22,G30,R4,17578,0,0
2024-04-29,G30,R4,17863,0,0
2024-05-06,G30,R4,17848,0,0
2024-05-13,G30,R4,16050,0,0
2024-05-20,G30,R4,14146,0,0
2024-05-27,G30,R4,15816,0,0
2024-06-03,G30,R4,15975,0,0
2024-06-10,G30,R4,15168,0,0
2024-06-17,G30,R4,14075,0,0
2024-06-24,G30,R4,13490,0,0
2024-07-01,G30,R4,13743,0,0
2024-07-08,G30,R4,13805,0,0
2024-07-15,G30,R4,14860,0,0
2024-07-22,G30,R4,14063,0,0
2024-07-29,G30,R4,13720,0,0
2024-08-05,G30,R4,13990,0,0
2024-08-12,G30,R4,14075,0,0
2024-08-19,G30,R4,14283,0,0
2024-08-26,G30,R4,13406,0,0
2024-09-02,G30,R4,15131,0,0
2024-09-09,G30,R4,13498,0,0
2024-09-16,G30,R4,13413,0,0
2024-09-23,G30,R4,13662,0,0
2024-09-30,G30,R4,13719,0,0
2024-10-07,G30,R4,14942,0,0
2024-10-14,G30,R4,14959,0,0
2024-10-21,G30,R4,15803,0,0
2024-10-28,G30,R4,15575,0,0
2024-11-04,G30,R4,14500,0,0
2024-11-11,G30,R4,14924,0,0
2024-11-18,G30,R4,16235,0,0
2024-11-25,G30,R4,15907,0,0
2024-12-02,G30,R4,16599,0,0
2024-12-09,G30,R4,16880,0,0
2024-12-16,G30,R4,16331,0,0
2024-12-23,G30,R4,16199,0,0
2024-12-30,G30,R4,17232,0,0
2025-01-06,G30,R4,16849,0,0
2025-01-13,G30,R4,16037,0,0
2025-01-20,G30,R4,17078,0,0
2025-01-27,G30,R4,18924,0,0
2025-02-03,G30,R4,18317,0,0
2025-02-10,G30,R4,17764,0,0
2025-02-17,G30,R4,18663,0,0
2025-02-24,G30,R4,18001,0,0
2025-03-03,G30,R4,18457,0,0
2025-03-10,G30,R4,18795,0,0
2025-03-17,G30,R4,17791,0,0
2025-03-24,G30,R4,18079,0,0
2025-03-31,G30,R4,18251,0,0
2025-04-07,G30,R4,17979,0,0
2025-04-14,G30,R4,17891,0,0
2025-04-21,G30,R4,18513,0,0
2025-04-28,G30,R4,17646,0,0
2025-05-05,G30,R4,16035,0,0
2025-05-12,G30,R4,16613,0,0
2025-05-19,G30,R4,16078,0,0
2025-05-26,G30,R4,15739,0,0
2025-06-02,G30,R4,16720,0,0
2025-06-09,G30,R4,16050,0,0
2025-06-16,G30,R4,16791,0,0
2025-06-23,G30,R4,14469,0,0
2025-06-30,G30,R4,15964,0,0
2025-07-07,G30,R4,15462,0,0
2025-07-14,G30,R4,15347,0,0
2025-07-21,G30,R4,15354,0,0
2025-07-28,G30,R4,14584,0,0
2025-08-04,G30,R4,14524,0,0
2025-08-11,G30,R4,15513,0,0
2025-08-18,G30,R4,15727,0,0
2025-08-25,G30,R4,15538,0,0
2025-09-01,G30,R4,14567,0,0
2025-09-08,G30,R4,13838,0,0
2025-09-15,G30,R4,13859,0,0
2025-09-22,G30,R4,15673,0,0
2025-09-29,G30,R4,16278,0,0
2025-10-06,G30,R4,15169,0,0
2025-10-13,G30,R4,15470,0,0
2025-10-20,G30,R4,14821,0,1
2025-10-27,G30,R4,15443,0,1
2025-11-03,G30,R4,16934,0,1
2025-11-10,G30,R4,15741,0,1
2025-11-17,G30,R4,16990,0,1
2025-11-24,G30,R4,16258,0,1
2025-12-01,G30,R4,15929,0,1
2025-12-08,G30,R4,16134,0,1
2025-12-15,G30,R4,16700,0,1
2025-12-22,G30,R4,16787,0,1
2024-01-01,G31,R4,7788,1,0
2024-01-08,G31,R4,8438,1,0
2024-01-15,G31,R4,8197,1,0
2024-01-22,G31,R4,8367,1,0
2024-01-29,G31,R4,7906,1,0
2024-02-05,G31,R4,9182,1,0
2024-02-12,G31,R4,8876,1,0
2024-02-19,G31,R4,8351,1,0
2024-02-26,G31,R4,7790,1,0
2024-03-04,G31,R4,7399,1,0
2024-03-11,G31,R4,8198,1,0
2024-03-18,G31,R4,7894,1,0
2024-03-25,G31,R4,8079,1,0
2024-04-01,G31,R4,8500,1,0
2024-04-08,G31,R4,8077,1,0
2024-04-15,G31,R4,8577,1,0
2024-04-22,G31,R4,8343,1,0
2024-04-29,G31,R4,7721,1,0
2024-05-06,G31,R4,8325,1,0
2024-05-13,G31,R4,7940,1,0
2024-05-20,G31,R4,7137,1,0
2024-05-27,G31,R4,6955,1,0
2024-06-03,G31,R4,7292,1,0
2024-06-10,G31,R4,7316,1,0
2024-06-17,G31,R4,7073,1,0
2024-06-24,G31,R4,7124,1,0
2024-07-01,G31,R4,7089,1,0
2024-07-08,G31,R4,6717,1,0
2024-07-15,G31,R4,7714,1,0
2024-07-22,G31,R4,6364,1,0
2024-07-29,G31,R4,5972,1,0
2024-08-05,G31,R4,6627,1,0
2024-08-12,G31,R4,6613,1,0
2024-08-19,G31,R4,6499,1,0
2024-08-26,G31,R4,6781,1,0
2024-09-02,G31,R4,6746,1,0
2024-09-09,G31,R4,6548,1,0
2024-09-16,G31,R4,6724,1,0
2024-09-23,G31,R4,6632,1,0
2024-09-30,G31,R4,7142,1,0
2024-10-07,G31,R4,6316,1,0
2024-10-14,G31,R4,6687,1,0
2024-10-21,G31,R4,7049,1,0
2024-10-28,G31,R4,7463,1,0
2024-11-04,G31,R4,6967,1,0
2024-11-11,G31,R4,6965,1,0
2024-11-18,G31,R4,7759,1,0
2024-11-25,G31,R4,7203,1,0
2024-12-02,G31,R4,7717,1,0
2024-12-09,G31,R4,7782,1,0
2024-12-16,G31,R4,7536,1,0
2024-12-23,G31,R4,7575,1,0
2024-12-30,G31,R4,7332,1,0
2025-01-06,G31,R4,7887,1,0
2025-01-13,G31,R4,8024,1,0
2025-01-20,G31,R4,8494,1,0
2025-01-27,G31,R4,8172,1,0
2025-02-03,G31,R4,8829,1,0
2025-02-10,G31,R4,8896,1,0
2025-02-17,G31,R4,8806,1,0
2025-02-24,G31,R4,9157,1,0
2025-03-03,G31,R4,9178,1,0
2025-03-10,G31,R4,8886,1,0
2025-03-17,G31,R4,7823,1,0
2025-03-24,G31,R4,8718,1,0
2025-03-31,G31,R4,8520,1,0
2025-04-07,G31,R4,8475,1,0
2025-04-14,G31,R4,7732,1,0
2025-04-21,G31,R4,8898,1,0
2025-04-28,G31,R4,8297,1,0
2025-05-05,G31,R4,7740,1,0
2025-05-12,G31,R4,8305,1,0
2025-05-19,G31,R4,7899,1,0
2025-05-26,G31,R4,7787,1,0
2025-06-02,G31,R4,8713,1,0
2025-06-09,G31,R4,8490,1,0
2025-06-16,G31,R4,7932,1,0
2025-06-23,G31,R4,7994,1,0
2025-06-30,G31,R4,7412,1,0
2025-07-07,G31,R4,7335,1,0
2025-07-14,G31,R4,7063,1,0
2025-07-21,G31,R4,7567,1,0
2025-07-28,G31,R4,6538,1,0
2025-08-04,G31,R4,7456,1,0
2025-08-11,G31,R4,7312,1,0
2025-08-18,G31,R4,6857,1,0
2025-08-25,G31,R4,6987,1,0
2025-09-01,G31,R4,6982,1,0
2025-09-08,G31,R4,7256,1,0
2025-09-15,G31,R4,7023,1,0
2025-09-22,G31,R4,7547,1,0
2025-09-29,G31,R4,6692,1,0
2025-10-06,G31,R4,7493,1,0
2025-10-13,G31,R4,6579,1,0
2025-10-20,G31,R4,7583,1,1
2025-10-27,G31,R4,7967,1,1
2025-11-03,G31,R4,8452,1,1
2025-11-10,G31,R4,7798,1,1
2025-11-17,G31,R4,8396,1,1
2025-11-24,G31,R4,8542,1,1
2025-12-01,G31,R4,7817,1,1
2025-12-08,G31,R4,8356,1,1
2025-12-15,G31,R4,8377,1,1
2025-12-22,G31,R4,8689,1,1
2024-01-01,G32,R1,21041,1,0
2024-01-08,G32,R1,21856,1,0
2024-01-15,G32,R1,20589,1,0
2024-01-22,G32,R1,21523,1,0
2024-01-29,G32,R1,20778,1,0
2024-02-05,G32,R1,21572,1,0
2024-02-12,G32,R1,21863,1,0
2024-02-19,G32,R1,21819,1,0
2024-02-26,G32,R1,20819,1,0
2024-03-04,G32,R1,21218,1,0
2024-03-11,G32,R1,23521,1,0
2024-03-18,G32,R1,21532,1,0
2024-03-25,G32,R1,23199,1,0
2024-04-01,G32,R1,23736,1,0
2024-04-08,G32,R1,21955,1,0
2024-04-15,G32,R1,23256,1,0
2024-04-22,G32,R1,22439,1,0
2024-04-29,G32,R1,20867,1,0
2024-05-06,G32,R1,22642,1,0
2024-05-13,G32,R1,22346,1,0
2024-05-20,G32,R1,20145,1,0
2024-05-27,G32,R1,19786,1,0
2024-06-03,G32,R1,20637,1,0
2024-06-10,G32,R1,21381,1,0
2024-06-17,G32,R1,20330,1,0
2024-06-24,G32,R1,18446,1,0
2024-07-01,G32,R1,20115,1,0
2024-07-08,G32,R1,19704,1,0
2024-07-15,G32,R1,20848,1,0
2024-07-22,G32,R1,19943,1,0
2024-07-29,G32,R1,18885,1,0
2024-08-05,G32,R1,19138,1,0
2024-08-12,G32,R1,18430,1,0
2024-08-19,G32,R1,21211,1,0
2024-08-26,G32,R1,20551,1,0
2024-09-02,G32,R1,20000,1,0
2024-09-09,G32,R1,18138,1,0
2024-09-16,G32,R1,19557,1,0
2024-09-23,G32,R1,19331,1,0
2024-09-30,G32,R1,18683,1,0
2024-10-07,G32,R1,19895,1,0
2024-10-14,G32,R1,20335,1,0
2024-10-21,G32,R1,22090,1,0
2024-10-28,G32,R1,24884,1,0
2024-11-04,G32,R1,19864,1,0
2024-11-11,G32,R1,20833,1,0
2024-11-18,G32,R1,21257,1,0
2024-11-25,G32,R1,22685,1,0
2024-12-02,G32,R1,22972,1,0
2024-12-09,G32,R1,20522,1,0
2024-12-16,G32,R1,21896,1,0
2024-12-23,G32,R1,20083,1,0
2024-12-30,G32,R1,20895,1,0
2025-01-06,G32,R1,22416,1,0
2025-01-13,G32,R1,22145,1,0
2025-01-20,G32,R1,23333,1,0
2025-01-27,G32,R1,23376,1,0
2025-02-03,G32,R1,21955,1,0
2025-02-10,G32,R1,22305,1,0
2025-02-17,G32,R1,23964,1,0
2025-02-24,G32,R1,21908,1,0
2025-03-03,G32,R1,25159,1,0
2025-03-10,G32,R1,25448,1,0
2025-03-17,G32,R1,23314,1,0
2025-03-24,G32,R1,23863,1,0
2025-03-31,G32,R1,24304,1,0
2025-04-07,G32,R1,24013,1,0
2025-04-14,G32,R1,24942,1,0
2025-04-21,G32,R1,21530,1,0
2025-04-28,G32,R1,23118,1,0
2025-05-05,G32,R1,23307,1,0
2025-05-12,G32,R1,23291,1,0
2025-05-19,G32,R1,22910,1,0
2025-05-26,G32,R1,22174,1,0
2025-06-02,G32,R1,21913,1,0
2025-06-09,G32,R1,21971,1,0
2025-06-16,G32,R1,22830,1,0
2025-06-23,G32,R1,21036,1,0
2025-06-30,G32,R1,21649,1,0
2025-07-07,G32,R1,21726,1,0
2025-07-14,G32,R1,21405,1,0
2025-07-21,G32,R1,21392,1,0
2025-07-28,G32,R1,21016,1,0
2025-08-04,G32,R1,20593,1,0
2025-08-11,G32,R1,19617,1,0
2025-08-18,G32,R1,19750,1,0
2025-08-25,G32,R1,22686,1,0
2025-09-01,G32,R1,19704,1,0
2025-09-08,G32,R1,23340,1,0
2025-09-15,G32,R1,21829,1,0
2025-09-22,G32,R1,19837,1,0
2025-09-29,G32,R1,22087,1,0
2025-10-06,G32,R1,19584,1,0
2025-10-13,G32,R1,21310,1,0
2025-10-20,G32,R1,22723,1,1
2025-10-27,G32,R1,24060,1,1
2025-11-03,G32,R1,22281,1,1
2025-11-10,G32,R1,23233,1,1
2025-11-17,G32,R1,24070,1,1
2025-11-24,G32,R1,25218,1,1
2025-12-01,G32,R1,22115,1,1
2025-12-08,G32,R1,25038,1,1
2025-12-15,G32,R1,24636,1,1
2025-12-22,G32,R1,24035,1,1
2024-01-01,G33,R2,61138,0,0
2024-01-08,G33,R2,58800,0,0
2024-01-15,G33,R2,59669,0,0
2024-01-22,G33,R2,60509,0,0
2024-01-29,G33,R2,59021,0,0
2024-02-05,G33,R2,53231,0,0
2024-02-12,G33,R2,58859,0,0
2024-02-19,G33,R2,60581,0,0
2024-02-26,G33,R2,61192,0,0
2024-03-04,G33,R2,57051,0,0
2024-03-11,G33,R2,60932,0,0
2024-03-18,G33,R2,56791,0,0
2024-03-25,G33,R2,62829,0,0
2024-04-01,G33,R2,62392,0,0
2024-04-08,G33,R2,55820,0,0
2024-04-15,G33,R2,60960,0,0
2024-04-22,G33,R2,61372,0,0
2024-04-29,G33,R2,65704,0,0
2024-05-06,G33,R2,59796,0,0
2024-05-13,G33,R2,65392,0,0
2024-05-20,G33,R2,53538,0,0
2024-05-27,G33,R2,53555,0,0
2024-06-03,G33,R2,52432,0,0
2024-06-10,G33,R2,49810,0,0
2024-06-17,G33,R2,48255,0,0
2024-06-24,G33,R2,49852,0,0
2024-07-01,G33,R2,55066,0,0
2024-07-08,G33,R2,48817,0,0
2024-07-15,G33,R2,59078,0,0
2024-07-22,G33,R2,53405,0,0
2024-07-29,G33,R2,51986,0,0
2024-08-05,G33,R2,49499,0,0
2024-08-12,G33,R2,51840,0,0
2024-08-19,G33,R2,49882,0,0
2024-08-26,G33,R2,50553,0,0
2024-09-02,G33,R2,49882,0,0
2024-09-09,G33,R2,43467,0,0
2024-09-16,G33,R2,50965,0,0
2024-09-23,G33,R2,53636,0,0
2024-09-30,G33,R2,53580,0,0
2024-10-07,G33,R2,47775,0,0
2024-10-14,G33,R2,58583,0,0
2024-10-21,G33,R2,54065,0,0
2024-10-28,G33,R2,57296,0,0
2024-11-04,G33,R2,54874,0,0
2024-11-11,G33,R2,51837,0,0
2024-11-18,G33,R2,55346,0,0
2024-11-25,G33,R2,55953,0,0
2024-12-02,G33,R2,60811,0,0
2024-12-09,G33,R2,59550,0,0
2024-12-16,G33,R2,56091,0,0
2024-12-23,G33,R2,52218,0,0
2024-12-30,G33,R2,59649,0,0
2025-01-06,G33,R2,57917,0,0
2025-01-13,G33,R2,60182,0,0
2025-01-20,G33,R2,60697,0,0
2025-01-27,G33,R2,61927,0,0
2025-02-03,G33,R2,59759,0,0
2025-02-10,G33,R2,62255,0,0
2025-02-17,G33,R2,62334,0,0
2025-02-24,G33,R2,65759,0,0
2025-03-03,G33,R2,65871,0,0
2025-03-10,G33,R2,62818,0,0
2025-03-17,G33,R2,58925,0,0
2025-03-24,G33,R2,63627,0,0
2025-03-31,G33,R2,63837,0,0
2025-04-07,G33,R2,66985,0,0
2025-04-14,G33,R2,57278,0,0
2025-04-21,G33,R2,62253,0,0
2025-04-28,G33,R2,64923,0,0
2025-05-05,G33,R2,60921,0,0
2025-05-12,G33,R2,58650,0,0
2025-05-19,G33,R2,61863,0,0
2025-05-26,G33,R2,59326,0,0
2025-06-02,G33,R2,56016,0,0
2025-06-09,G33,R2,58069,0,0
2025-06-16,G33,R2,58007,0,0
2025-06-23,G33,R2,56064,0,0
2025-06-30,G33,R2,59876,0,0
2025-07-07,G33,R2,55170,0,0
2025-07-14,G33,R2,51056,0,0
2025-07-21,G33,R2,54300,0,0
2025-07-28,G33,R2,54559,0,0
2025-08-04,G33,R2,48832,0,0
2025-08-11,G33,R2,51215,0,0
2025-08-18,G33,R2,51904,0,0
2025-08-25,G33,R2,53202,0,0
2025-09-01,G33,R2,53471,0,0
2025-09-08,G33,R2,48554,0,0
2025-09-15,G33,R2,51747,0,0
2025-09-22,G33,R2,53606,0,0
2025-09-29,G33,R2,56229,0,0
2025-10-06,G33,R2,57265,0,0
2025-10-13,G33,R2,56682,0,0
2025-10-20,G33,R2,59289,0,1
2025-10-27,G33,R2,60980,0,1
2025-11-03,G33,R2,55651,0,1
2025-11-10,G33,R2,58123,0,1
2025-11-17,G33,R2,54571,0,1
2025-11-24,G33,R2,59146,0,1
2025-12-01,G33,R2,53046,0,1
2025-12-08,G33,R2,60775,0,1
2025-12-15,G33,R2,55554,0,1
2025-12-22,G33,R2,59704,0,1
2024-01-01,G34,R3,14742,0,0
2024-01-08,G34,R3,14901,0,0
2024-01-15,G34,R3,14813,0,0
2024-01-22,G34,R3,15438,0,0
2024-01-29,G34,R3,14893,0,0
2024-02-05,G34,R3,15230,0,0
2024-02-12,G34,R3,15405,0,0
2024-02-19,G34,R3,14026,0,0
2024-02-26,G34,R3,14028,0,0
2024-03-04,G34,R3,13818,0,0
2024-03-11,G34,R3,14316,0,0
2024-03-18,G34,R3,15376,0,0
2024-03-25,G34,R3,15400,0,0
2024-04-01,G34,R3,15327,0,0
2024-04-08,G34,R3,15128,0,0
2024-04-15,G34,R3,15300,0,0
2024-04-22,G34,R3,15492,0,0
2024-04-29,G34,R3,14017,0,0
2024-05-06,G34,R3,14725,0,0
2024-05-13,G34,R3,14548,0,0
2024-05-20,G34,R3,13232,0,0
2024-05-27,G34,R3,13036,0,0
2024-06-03,G34,R3,13159,0,0
2024-06-10,G34,R3,14925,0,0
2024-06-17,G34,R3,15221,0,0
2024-06-24,G34,R3,13455,0,0
2024-07-01,G34,R3,13506,0,0
2024-07-08,G34,R3,13954,0,0
2024-07-15,G34,R3,13911,0,0
2024-07-22,G34,R3,13581,0,0
2024-07-29,G34,R3,13451,0,0
2024-08-05,G34,R3,13584,0,0
2024-08-12,G34,R3,14222,0,0
2024-08-19,G34,R3,14849,0,0
2024-08-26,G34,R3,13085,0,0
2024-09-02,G34,R3,13665,0,0
2024-09-09,G34,R3,12125,0,0
2024-09-16,G34,R3,13334,0,0
2024-09-23,G34,R3,14285,0,0
2024-09-30,G34,R3,12921,0,0
2024-10-07,G34,R3,15022,0,0
2024-10-14,G34,R3,13180,0,0
2024-10-21,G34,R3,14153,0,0
2024-10-28,G34,R3,14782,0,0
2024-11-04,G34,R3,13846,0,0
2024-11-11,G34,R3,13714,0,0
2024-11-18,G34,R3,13707,0,0
2024-11-25,G34,R3,15802,0,0
2024-12-02,G34,R3,15655,0,0
2024-12-09,G34,R3,15114,0,0
2024-12-16,G34,R3,13929,0,0
2024-12-23,G34,R3,13837,0,0
2024-12-30,G34,R3,15568,0,0
2025-01-06,G34,R3,15375,0,0
2025-01-13,G34,R3,14940,0,0
2025-01-20,G34,R3,16003,0,0
2025-01-27,G34,R3,15539,0,0
2025-02-03,G34,R3,15129,0,0
2025-02-10,G34,R3,15205,0,0
2025-02-17,G34,R3,15679,0,0
2025-02-24,G34,R3,15144,0,0
2025-03-03,G34,R3,16699,0,0
2025-03-10,G34,R3,16560,0,0
2025-03-17,G34,R3,15315,0,0
2025-03-24,G34,R3,15921,0,0
2025-03-31,G34,R3,15624,0,0
2025-04-07,G34,R3,15327,0,0
2025-04-14,G34,R3,15882,0,0
2025-04-21,G34,R3,15989,0,0
2025-04-28,G34,R3,15202,0,0
2025-05-05,G34,R3,14899,0,0
2025-05-12,G34,R3,15122,0,0
2025-05-19,G34,R3,14766,0,0
2025-05-26,G34,R3,15190,0,0
2025-06-02,G34,R3,16679,0,0
2025-06-09,G34,R3,15042,0,0
2025-06-16,G34,R3,15827,0,0
2025-06-23,G34,R3,13853,0,0
2025-06-30,G34,R3,16139,0,0
2025-07-07,G34,R3,13997,0,0
2025-07-14,G34,R3,14229,0,0
2025-07-21,G34,R3,14015,0,0
2025-07-28,G34,R3,12942,0,0
2025-08-04,G34,R3,14077,0,0
2025-08-11,G34,R3,14178,0,0
2025-08-18,G34,R3,14849,0,0
2025-08-25,G34,R3,14097,0,0
2025-09-01,G34,R3,14580,0,0
2025-09-08,G34,R3,13450,0,0
2025-09-15,G34,R3,14663,0,0
2025-09-22,G34,R3,13431,0,0
2025-09-29,G34,R3,14741,0,0
2025-10-06,G34,R3,14557,0,0
2025-10-13,G34,R3,14889,0,0
2025-10-20,G34,R3,14749,0,1
2025-10-27,G34,R3,13504,0,1
2025-11-03,G34,R3,14457,0,1
2025-11-10,G34,R3,14971,0,1
2025-11-17,G34,R3,13342,0,1
2025-11-24,G34,R3,13661,0,1
2025-12-01,G34,R3,15942,0,1
2025-12-08,G34,R3,16631,0,1
2025-12-15,G34,R3,16626,0,1
2025-12-22,G34,R3,17243,0,1
2024-01-01,G35,R3,16481,0,0
2024-01-08,G35,R3,17538,0,0
2024-01-15,G35,R3,17987,0,0
2024-01-22,G35,R3,18923,0,0
2024-01-29,G35,R3,19082,0,0
2024-02-05,G35,R3,16723,0,0
2024-02-12,G35,R3,18270,0,0
2024-02-19,G35,R3,18381,0,0
2024-02-26,G35,R3,17629,0,0
2024-03-04,G35,R3,17744,0,0
2024-03-11,G35,R3,18486,0,0
2024-03-18,G35,R3,16367,0,0
2024-03-25,G35,R3,18124,0,0
2024-04-01,G35,R3,19480,0,0
2024-04-08,G35,R3,19088,0,0
2024-04-15,G35,R3,17372,0,0
2024-04-22,G35,R3,18752,0,0
2024-04-29,G35,R3,17531,0,0
2024-05-06,G35,R3,18144,0,0
2024-05-13,G35,R3,17568,0,0
2024-05-20,G35,R3,15974,0,0
2024-05-27,G35,R3,15071,0,0
2024-06-03,G35,R3,16332,0,0
2024-06-10,G35,R3,15694,0,0
2024-06-17,G35,R3,16877,0,0
2024-06-24,G35,R3,16778,0,0
2024-07-01,G35,R3,16111,0,0
2024-07-08,G35,R3,16480,0,0
2024-07-15,G35,R3,17251,0,0
2024-07-22,G35,R3,17324,0,0
2024-07-29,G35,R3,17499,0,0
2024-08-05,G35,R3,15526,0,0
2024-08-12,G35,R3,15098,0,0
2024-08-19,G35,R3,16210,0,0
2024-08-26,G35,R3,17308,0,0
2024-09-02,G35,R3,16677,0,0
2024-09-09,G35,R3,15378,0,0
2024-09-16,G35,R3,15252,0,0
2024-09-23,G35,R3,15180,0,0
2024-09-30,G35,R3,15969,0,0
2024-10-07,G35,R3,14783,0,0
2024-10-14,G35,R3,17144,0,0
2024-10-21,G35,R3,17460,0,0
2024-10-28,G35,R3,17742,0,0
2024-11-04,G35,R3,16906,0,0
2024-11-11,G35,R3,16322,0,0
2024-11-18,G35,R3,17607,0,0
2024-11-25,G35,R3,17535,0,0
2024-12-02,G35,R3,17782,0,0
2024-12-09,G35,R3,18661,0,0
2024-12-16,G35,R3,17869,0,0
2024-12-23,G35,R3,17426,0,0
2024-12-30,G35,R3,16842,0,0
2025-01-06,G35,R3,17706,0,0
2025-01-13,G35,R3,18088,0,0
2025-01-20,G35,R3,19122,0,0
2025-01-27,G35,R3,16874,0,0
2025-02-03,G35,R3,16914,0,0
2025-02-10,G35,R3,18744,0,0
2025-02-17,G35,R3,19679,0,0
2025-02-24,G35,R3,20031,0,0
2025-03-03,G35,R3,18655,0,0
2025-03-10,G35,R3,20155,0,0
2025-03-17,G35,R3,18181,0,0
2025-03-24,G35,R3,17379,0,0
2025-03-31,G35,R3,18833,0,0
2025-04-07,G35,R3,20253,0,0
2025-04-14,G35,R3,18968,0,0
2025-04-21,G35,R3,18228,0,0
2025-04-28,G35,R3,18525,0,0
2025-05-05,G35,R3,17829,0,0
2025-05-12,G35,R3,17632,0,0
2025-05-19,G35,R3,17619,0,0
2025-05-26,G35,R3,18813,0,0
2025-06-02,G35,R3,18701,0,0
2025-06-09,G35,R3,18345,0,0
2025-06-16,G35,R3,18493,0,0
2025-06-23,G35,R3,16688,0,0
2025-06-30,G35,R3,18063,0,0
2025-07-07,G35,R3,17451,0,0
2025-07-14,G35,R3,16774,0,0
2025-07-21,G35,R3,16920,0,0
2025-07-28,G35,R3,16736,0,0
2025-08-04,G35,R3,17087,0,0
2025-08-11,G35,R3,17360,0,0
2025-08-18,G35,R3,17017,0,0
2025-08-25,G35,R3,16221,0,0
2025-09-01,G35,R3,18299,0,0
2025-09-08,G35,R3,15353,0,0
2025-09-15,G35,R3,16900,0,0
2025-09-22,G35,R3,17364,0,0
2025-09-29,G35,R3,15141,0,0
2025-10-06,G35,R3,17805,0,0
2025-10-13,G35,R3,17135,0,0
2025-10-20,G35,R3,17001,0,1
2025-10-27,G35,R3,17298,0,1
2025-11-03,G35,R3,20200,0,1
2025-11-10,G35,R3,16248,0,1
2025-11-17,G35,R3,17369,0,1
2025-11-24,G35,R3,18457,0,1
2025-12-01,G35,R3,17595,0,1
2025-12-08,G35,R3,17869,0,1
2025-12-15,G35,R3,18251,0,1
2025-12-22,G35,R3,19407,0,1
2024-01-01,G36,R2,18199,0,0
2024-01-08,G36,R2,17272,0,0
2024-01-15,G36,R2,18194,0,0
2024-01-22,G36,R2,17733,0,0
2024-01-29,G36,R2,17048,0,0
2024-02-05,G36,R2,16327,0,0
2024-02-12,G36,R2,18660,0,0
2024-02-19,G36,R2,17803,0,0
2024-02-26,G36,R2,17029,0,0
2024-03-04,G36,R2,18750,0,0
2024-03-11,G36,R2,17196,0,0
2024-03-18,G36,R2,18375,0,0
2024-03-25,G36,R2,17923,0,0
2024-04-01,G36,R2,17536,0,0
2024-04-08,G36,R2,16698,0,0
2024-04-15,G36,R2,17929,0,0
2024-04-22,G36,R2,18059,0,0
2024-04-29,G36,R2,17765,0,0
2024-05-06,G36,R2,18409,0,0
2024-05-13,G36,R2,16730,0,0
2024-05-20,G36,R2,16720,0,0
2024-05-27,G36,R2,16785,0,0
2024-06-03,G36,R2,15861,0,0
2024-06-10,G36,R2,15102,0,0
2024-06-17,G36,R2,15575,0,0
2024-06-24,G36,R2,14707,0,0
2024-07-01,G36,R2,16516,0,0
2024-07-08,G36,R2,15949,0,0
2024-07-15,G36,R2,16464,0,0
2024-07-22,G36,R2,15152,0,0
2024-07-29,G36,R2,15305,0,0
2024-08-05,G36,R2,16244,0,0
2024-08-12,G36,R2,15602,0,0
2024-08-19,G36,R2,15066,0,0
2024-08-26,G36,R2,14827,0,0
2024-09-02,G36,R2,14359,0,0
2024-09-09,G36,R2,13481,0,0
2024-09-16,G36,R2,14995,0,0
2024-09-23,G36,R2,15800,0,0
2024-09-30,G36,R2,16392,0,0
2024-10-07,G36,R2,15043,0,0
2024-10-14,G36,R2,15247,0,0
2024-10-21,G36,R2,16192,0,0
2024-10-28,G36,R2,16296,0,0
2024-11-04,G36,R2,15901,0,0
2024-11-11,G36,R2,16352,0,0
2024-11-18,G36,R2,16719,0,0
2024-11-25,G36,R2,16896,0,0
2024-12-02,G36,R2,16462,0,0
2024-12-09,G36,R2,16857,0,0
2024-12-16,G36,R2,15801,0,0
2024-12-23,G36,R2,15691,0,0
2024-12-30,G36,R2,16933,0,0
2025-01-06,G36,R2,17805,0,0
2025-01-13,G36,R2,16450,0,0
2025-01-20,G36,R2,18957,0,0
2025-01-27,G36,R2,19522,0,0
2025-02-03,G36,R2,19213,0,0
2025-02-10,G36,R2,18087,0,0
2025-02-17,G36,R2,17469,0,0
2025-02-24,G36,R2,19180,0,0
2025-03-03,G36,R2,19637,0,0
2025-03-10,G36,R2,20223,0,0
2025-03-17,G36,R2,19194,0,0
2025-03-24,G36,R2,19685,0,0
2025-03-31,G36,R2,20311,0,0
2025-04-07,G36,R2,18829,0,0
2025-04-14,G36,R2,18145,0,0
2025-04-21,G36,R2,18968,0,0
2025-04-28,G36,R2,19057,0,0
2025-05-05,G36,R2,18415,0,0
2025-05-12,G36,R2,16515,0,0
2025-05-19,G36,R2,17026,0,0
2025-05-26,G36,R2,17951,0,0
2025-06-02,G36,R2,17664,0,0
2025-06-09,G36,R2,16528,0,0
2025-06-16,G36,R2,16975,0,0
2025-06-23,G36,R2,17546,0,0
2025-06-30,G36,R2,17980,0,0
2025-07-07,G36,R2,18939,0,0
2025-07-14,G36,R2,16560,0,0
2025-07-21,G36,R2,16921,0,0
2025-07-28,G36,R2,17785,0,0
2025-08-04,G36,R2,16149,0,0
2025-08-11,G36,R2,15648,0,0
2025-08-18,G36,R2,15853,0,0
2025-08-25,G36,R2,16761,0,0
2025-09-01,G36,R2,15658,0,0
2025-09-08,G36,R2,15635,0,0
2025-09-15,G36,R2,15529,0,0
2025-09-22,G36,R2,15665,0,0
2025-09-29,G36,R2,15748,0,0
2025-10-06,G36,R2,16068,0,0
2025-10-13,G36,R2,15729,0,0
2025-10-20,G36,R2,17270,0,1
2025-10-27,G36,R2,17619,0,1
2025-11-03,G36,R2,17662,0,1
2025-11-10,G36,R2,19195,0,1
2025-11-17,G36,R2,18363,0,1
2025-11-24,G36,R2,17639,0,1
2025-12-01,G36,R2,17679,0,1
2025-12-08,G36,R2,18380,0,1
2025-12-15,G36,R2,15557,0,1
2025-12-22,G36,R2,18591,0,1
2024-01-01,G37,R3,47092,0,0
2024-01-08,G37,R3,47305,0,0
2024-01-15,G37,R3,47392,0,0
2024-01-22,G37,R3,46135,0,0
2024-01-29,G37,R3,44322,0,0
2024-02-05,G37,R3,46267,0,0
2024-02-12,G37,R3,44287,0,0
2024-02-19,G37,R3,41502,0,0
2024-02-26,G37,R3,46313,0,0
2024-03-04,G37,R3,42018,0,0
2024-03-11,G37,R3,49642,0,0
2024-03-18,G37,R3,44296,0,0
2024-03-25,G37,R3,47259,0,0
2024-04-01,G37,R3,47398,0,0
2024-04-08,G37,R3,46944,0,0
2024-04-15,G37,R3,44720,0,0
2024-04-22,G37,R3,47630,0,0
2024-04-29,G37,R3,44743,0,0
2024-05-06,G37,R3,44879,0,0
2024-05-13,G37,R3,45508,0,0
2024-05-20,G37,R3,43056,0,0
2024-05-27,G37,R3,44561,0,0
2024-06-03,G37,R3,44105,0,0
2024-06-10,G37,R3,41705,0,0
2024-06-17,G37,R3,40442,0,0
2024-06-24,G37,R3,41506,0,0
2024-07-01,G37,R3,40568,0,0
2024-07-08,G37,R3,41845,0,0
2024-07-15,G37,R3,46670,0,0
2024-07-22,G37,R3,42158,0,0
2024-07-29,G37,R3,41322,0,0
2024-08-05,G37,R3,42289,0,0
2024-08-12,G37,R3,43381,0,0
2024-08-19,G37,R3,45246,0,0
2024-08-26,G37,R3,43858,0,0
2024-09-02,G37,R3,43339,0,0
2024-09-09,G37,R3,38525,0,0
2024-09-16,G37,R3,41942,0,0
2024-09-23,G37,R3,39789,0,0
2024-09-30,G37,R3,40346,0,0
2024-10-07,G37,R3,41327,0,0
2024-10-14,G37,R3,43103,0,0
2024-10-21,G37,R3,48436,0,0
2024-10-28,G37,R3,43152,0,0
2024-11-04,G37,R3,44468,0,0
2024-11-11,G37,R3,42794,0,0
2024-11-18,G37,R3,46137,0,0
2024-11-25,G37,R3,47490,0,0
2024-12-02,G37,R3,49137,0,0
2024-12-09,G37,R3,46478,0,0
2024-12-16,G37,R3,45575,0,0
2024-12-23,G37,R3,45026,0,0
2024-12-30,G37,R3,43735,0,0
2025-01-06,G37,R3,41948,0,0
2025-01-13,G37,R3,45810,0,0
2025-01-20,G37,R3,46373,0,0
2025-01-27,G37,R3,48937,0,0
2025-02-03,G37,R3,48981,0,0
2025-02-10,G37,R3,49654,0,0
2025-02-17,G37,R3,44369,0,0
2025-02-24,G37,R3,47358,0,0
2025-03-03,G37,R3,48996,0,0
2025-03-10,G37,R3,50145,0,0
2025-03-17,G37,R3,53089,0,0
2025-03-24,G37,R3,47236,0,0
2025-03-31,G37,R3,48309,0,0
2025-04-07,G37,R3,50172,0,0
2025-04-14,G37,R3,48038,0,0
2025-04-21,G37,R3,49285,0,0
2025-04-28,G37,R3,45674,0,0
2025-05-05,G37,R3,46457,0,0
2025-05-12,G37,R3,50570,0,0
2025-05-19,G37,R3,43867,0,0
2025-05-26,G37,R3,48150,0,0
2025-06-02,G37,R3,47559,0,0
2025-06-09,G37,R3,49562,0,0
2025-06-16,G37,R3,45634,0,0
2025-06-23,G37,R3,45680,0,0
2025-06-30,G37,R3,46068,0,0
2025-07-07,G37,R3,46881,0,0
2025-07-14,G37,R3,46289,0,0
2025-07-21,G37,R3,42087,0,0
2025-07-28,G37,R3,45172,0,0
2025-08-04,G37,R3,42206,0,0
2025-08-11,G37,R3,42491,0,0
2025-08-18,G37,R3,42343,0,0
2025-08-25,G37,R3,47267,0,0
2025-09-01,G37,R3,39552,0,0
2025-09-08,G37,R3,43975,0,0
2025-09-15,G37,R3,43427,0,0
2025-09-22,G37,R3,44507,0,0
2025-09-29,G37,R3,40744,0,0
2025-10-06,G37,R3,44627,0,0
2025-10-13,G37,R3,44698,0,0
2025-10-20,G37,R3,43823,0,1
2025-10-27,G37,R3,46658,0,1
2025-11-03,G37,R3,42108,0,1
2025-11-10,G37,R3,45262,0,1
2025-11-17,G37,R3,45456,0,1
2025-11-24,G37,R3,49617,0,1
2025-12-01,G37,R3,46448,0,1
2025-12-08,G37,R3,45313,0,1
2025-12-15,G37,R3,47434,0,1
2025-12-22,G37,R3,50237,0,1
2024-01-01,G38,R2,25115,0,0
2024-01-08,G38,R2,24571,0,0
2024-01-15,G38,R2,27442,0,0
2024-01-22,G38,R2,26860,0,0
2024-01-29,G38,R2,26635,0,0
2024-02-05,G38,R2,24394,0,0
2024-02-12,G38,R2,23606,0,0
2024-02-19,G38,R2,24861,0,0
2024-02-26,G38,R2,24048,0,0
2024-03-04,G38,R2,24301,0,0
2024-03-11,G38,R2,25471,0,0
2024-03-18,G38,R2,25165,0,0
2024-03-25,G38,R2,26235,0,0
2024-04-01,G38,R2,25019,0,0
2024-04-08,G38,R2,25685,0,0
2024-04-15,G38,R2,25968,0,0
2024-04-22,G38,R2,26101,0,0
2024-04-29,G38,R2,27870,0,0
2024-05-06,G38,R2,26976,0,0
2024-05-13,G38,R2,24100,0,0
2024-05-20,G38,R2,21878,0,0
2024-05-27,G38,R2,24371,0,0
2024-06-03,G38,R2,23998,0,0
2024-06-10,G38,R2,23049,0,0
2024-06-17,G38,R2,23274,0,0
2024-06-24,G38,R2,22341,0,0
2024-07-01,G38,R2,23467,0,0
2024-07-08,G38,R2,22937,0,0
2024-07-15,G38,R2,22908,0,0
2024-07-22,G38,R2,22518,0,0
2024-07-29,G38,R2,22800,0,0
2024-08-05,G38,R2,21796,0,0
2024-08-12,G38,R2,25247,0,0
2024-08-19,G38,R2,22348,0,0
2024-08-26,G38,R2,22133,0,0
2024-09-02,G38,R2,21925,0,0
2024-09-09,G38,R2,19577,0,0
2024-09-16,G38,R2,19630,0,0
2024-09-23,G38,R2,23152,0,0
2024-09-30,G38,R2,22728,0,0
2024-10-07,G38,R2,22802,0,0
2024-10-14,G38,R2,23987,0,0
2024-10-21,G38,R2,24201,0,0
2024-10-28,G38,R2,25498,0,0
2024-11-04,G38,R2,25521,0,0
2024-11-11,G38,R2,22227,0,0
2024-11-18,G38,R2,24841,0,0
2024-11-25,G38,R2,23639,0,0
2024-12-02,G38,R2,25632,0,0
2024-12-09,G38,R2,23674,0,0
2024-12-16,G38,R2,25607,0,0
2024-12-23,G38,R2,24053,0,0
2024-12-30,G38,R2,26524,0,0
2025-01-06,G38,R2,26369,0,0
2025-01-13,G38,R2,25364,0,0
2025-01-20,G38,R2,27020,0,0
2025-01-27,G38,R2,27368,0,0
2025-02-03,G38,R2,28164,0,0
2025-02-10,G38,R2,26738,0,0
2025-02-17,G38,R2,26932,0,0
2025-02-24,G38,R2,28107,0,0
2025-03-03,G38,R2,28577,0,0
2025-03-10,G38,R2,30249,0,0
2025-03-17,G38,R2,28545,0,0
2025-03-24,G38,R2,26445,0,0
2025-03-31,G38,R2,28960,0,0
2025-04-07,G38,R2,27600,0,0
2025-04-14,G38,R2,26452,0,0
2025-04-21,G38,R2,26767,0,0
2025-04-28,G38,R2,26506,0,0
2025-05-05,G38,R2,25145,0,0
2025-05-12,G38,R2,25652,0,0
2025-05-19,G38,R2,28130,0,0
2025-05-26,G38,R2,27132,0,0
2025-06-02,G38,R2,25883,0,0
2025-06-09,G38,R2,23841,0,0
2025-06-16,G38,R2,26460,0,0
2025-06-23,G38,R2,26630,0,0
2025-06-30,G38,R2,25648,0,0
2025-07-07,G38,R2,24082,0,0
2025-07-14,G38,R2,26297,0,0
2025-07-21,G38,R2,25411,0,0
2025-07-28,G38,R2,25218,0,0
2025-08-04,G38,R2,22894,0,0
2025-08-11,G38,R2,21215,0,0
2025-08-18,G38,R2,24168,0,0
2025-08-25,G38,R2,24261,0,0
2025-09-01,G38,R2,21762,0,0
2025-09-08,G38,R2,23962,0,0
2025-09-15,G38,R2,21787,0,0
2025-09-22,G38,R2,25430,0,0
2025-09-29,G38,R2,23114,0,0
2025-10-06,G38,R2,22737,0,0
2025-10-13,G38,R2,24859,0,0
2025-10-20,G38,R2,26132,0,1
2025-10-27,G38,R2,24626,0,1
2025-11-03,G38,R2,26281,0,1
2025-11-10,G38,R2,26001,0,1
2025-11-17,G38,R2,24258,0,1
2025-11-24,G38,R2,25245,0,1
2025-12-01,G38,R2,23463,0,1
2025-12-08,G38,R2,26924,0,1
2025-12-15,G38,R2,26425,0,1
2025-12-22,G38,R2,24080,0,1
2024-01-01,G39,R3,16816,0,0
2024-01-08,G39,R3,19147,0,0
2024-01-15,G39,R3,19045,0,0
2024-01-22,G39,R3,17291,0,0
2024-01-29,G39,R3,18606,0,0
2024-02-05,G39,R3,18421,0,0
2024-02-12,G39,R3,18031,0,0
2024-02-19,G39,R3,18005,0,0
2024-02-26,G39,R3,17011,0,0
2024-03-04,G39,R3,18369,0,0
2024-03-11,G39,R3,16637,0,0
2024-03-18,G39,R3,19511,0,0
2024-03-25,G39,R3,18062,0,0
2024-04-01,G39,R3,19732,0,0
2024-04-08,G39,R3,18374,0,0
2024-04-15,G39,R3,18165,0,0
2024-04-22,G39,R3,18273,0,0
2024-04-29,G39,R3,17339,0,0
2024-05-06,G39,R3,17872,0,0
2024-05-13,G39,R3,18083,0,0
2024-05-20,G39,R3,16484,0,0
2024-05-27,G39,R3,15501,0,0
2024-06-03,G39,R3,15477,0,0
2024-06-10,G39,R3,16252,0,0
2024-06-17,G39,R3,16449,0,0
2024-06-24,G39,R3,16155,0,0
2024-07-01,G39,R3,16576,0,0
2024-07-08,G39,R3,15515,0,0
2024-07-15,G39,R3,15935,0,0
2024-07-22,G39,R3,17835,0,0
2024-07-29,G39,R3,15880,0,0
2024-08-05,G39,R3,16056,0,0
2024-08-12,G39,R3,15824,0,0
2024-08-19,G39,R3,17002,0,0
2024-08-26,G39,R3,15763,0,0
2024-09-02,G39,R3,15881,0,0
2024-09-09,G39,R3,15130,0,0
2024-09-16,G39,R3,16489,0,0
2024-09-23,G39,R3,16161,0,0
2024-09-30,G39,R3,16358,0,0
2024-10-07,G39,R3,16605,0,0
2024-10-14,G39,R3,16905,0,0
2024-10-21,G39,R3,16876,0,0
2024-10-28,G39,R3,17182,0,0
2024-11-04,G39,R3,18515,0,0
2024-11-11,G39,R3,17028,0,0
2024-11-18,G39,R3,17138,0,0
2024-11-25,G39,R3,19250,0,0
2024-12-02,G39,R3,19014,0,0
2024-12-09,G39,R3,18634,0,0
2024-12-16,G39,R3,17359,0,0
2024-12-23,G39,R3,16932,0,0
2024-12-30,G39,R3,16770,0,0
2025-01-06,G39,R3,17436,0,0
2025-01-13,G39,R3,17387,0,0
2025-01-20,G39,R3,18615,0,0
2025-01-27,G39,R3,19238,0,0
2025-02-03,G39,R3,18363,0,0
2025-02-10,G39,R3,16998,0,0
2025-02-17,G39,R3,19654,0,0
2025-02-24,G39,R3,17968,0,0
2025-03-03,G39,R3,20031,0,0
2025-03-10,G39,R3,19069,0,0
2025-03-17,G39,R3,18513,0,0
2025-03-24,G39,R3,19743,0,0
2025-03-31,G39,R3,19232,0,0
2025-04-07,G39,R3,19287,0,0
2025-04-14,G39,R3,19000,0,0
2025-04-21,G39,R3,18548,0,0
2025-04-28,G39,R3,18474,0,0
2025-05-05,G39,R3,19388,0,0
2025-05-12,G39,R3,18558,0,0
2025-05-19,G39,R3,17896,0,0
2025-05-26,G39,R3,18132,0,0
2025-06-02,G39,R3,19374,0,0
2025-06-09,G39,R3,18860,0,0
2025-06-16,G39,R3,18776,0,0
2025-06-23,G39,R3,17721,0,0
2025-06-30,G39,R3,17618,0,0
2025-07-07,G39,R3,18607,0,0
2025-07-14,G39,R3,17739,0,0
2025-07-21,G39,R3,18561,0,0
2025-07-28,G39,R3,17501,0,0
2025-08-04,G39,R3,16260,0,0
2025-08-11,G39,R3,17934,0,0
2025-08-18,G39,R3,18006,0,0
2025-08-25,G39,R3,17485,0,0
2025-09-01,G39,R3,16675,0,0
2025-09-08,G39,R3,17047,0,0
2025-09-15,G39,R3,16620,0,0
2025-09-22,G39,R3,18623,0,0
2025-09-29,G39,R3,18391,0,0
2025-10-06,G39,R3,17489,0,0
2025-10-13,G39,R3,17284,0,0
2025-10-20,G39,R3,17651,0,1
2025-10-27,G39,R3,17837,0,1
2025-11-03,G39,R3,17866,0,1
2025-11-10,G39,R3,16481,0,1
2025-11-17,G39,R3,16287,0,1
2025-11-24,G39,R3,18053,0,1
2025-12-01,G39,R3,17617,0,1
2025-12-08,G39,R3,19536,0,1
2025-12-15,G39,R3,19752,0,1
2025-12-22,G39,R3,18005,0,1
2024-01-01,G40,R2,13338,0,0
2024-01-08,G40,R2,13033,0,0
2024-01-15,G40,R2,13043,0,0
2024-01-22,G40,R2,13209,0,0
2024-01-29,G40,R2,13434,0,0
2024-02-05,G40,R2,12862,0,0
2024-02-12,G40,R2,13961,0,0
2024-02-19,G40,R2,13012,0,0
2024-02-26,G40,R2,12668,0,0
2024-03-04,G40,R2,12421,0,0
2024-03-11,G40,R2,13365,0,0
2024-03-18,G40,R2,12877,0,0
2024-03-25,G40,R2,13655,0,0
2024-04-01,G40,R2,14144,0,0
2024-04-08,G40,R2,13691,0,0
2024-04-15,G40,R2,13653,0,0
2024-04-22,G40,R2,13512,0,0
2024-04-29,G40,R2,13685,0,0
2024-05-06,G40,R2,13848,0,0
2024-05-13,G40,R2,13035,0,0
2024-05-20,G40,R2,11732,0,0
2024-05-27,G40,R2,11943,0,0
2024-06-03,G40,R2,11781,0,0
2024-06-10,G40,R2,12894,0,0
2024-06-17,G40,R2,12173,0,0
2024-06-24,G40,R2,11848,0,0
2024-07-01,G40,R2,12027,0,0
2024-07-08,G40,R2,11331,0,0
2024-07-15,G40,R2,12158,0,0
2024-07-22,G40,R2,12512,0,0
2024-07-29,G40,R2,11470,0,0
2024-08-05,G40,R2,11007,0,0
2024-08-12,G40,R2,12280,0,0
2024-08-19,G40,R2,11631,0,0
2024-08-26,G40,R2,12213,0,0
2024-09-02,G40,R2,11170,0,0
2024-09-09,G40,R2,11116,0,0
2024-09-16,G40,R2,11400,0,0
2024-09-23,G40,R2,12138,0,0
2024-09-30,G40,R2,11387,0,0
2024-10-07,G40,R2,12553,0,0
2024-10-14,G40,R2,13301,0,0
2024-10-21,G40,R2,11967,0,0
2024-10-28,G40,R2,14029,0,0
2024-11-04,G40,R2,12299,0,0
2024-11-11,G40,R2,11619,0,0
2024-11-18,G40,R2,13150,0,0
2024-11-25,G40,R2,13143,0,0
2024-12-02,G40,R2,13798,0,0
2024-12-09,G40,R2,13845,0,0
2024-12-16,G40,R2,12218,0,0
2024-12-23,G40,R2,12498,0,0
2024-12-30,G40,R2,13544,0,0
2025-01-06,G40,R2,13053,0,0
2025-01-13,G40,R2,13832,0,0
2025-01-20,G40,R2,14937,0,0
2025-01-27,G40,R2,15054,0,0
2025-02-03,G40,R2,14673,0,0
2025-02-10,G40,R2,14294,0,0
2025-02-17,G40,R2,13882,0,0
2025-02-24,G40,R2,14869,0,0
2025-03-03,G40,R2,15690,0,0
2025-03-10,G40,R2,15862,0,0
2025-03-17,G40,R2,14869,0,0
2025-03-24,G40,R2,14807,0,0
2025-03-31,G40,R2,13978,0,0
2025-04-07,G40,R2,14351,0,0
2025-04-14,G40,R2,14289,0,0
2025-04-21,G40,R2,14443,0,0
2025-04-28,G40,R2,14960,0,0
2025-05-05,G40,R2,13817,0,0
2025-05-12,G40,R2,15244,0,0
2025-05-19,G40,R2,14452,0,0
2025-05-26,G40,R2,13791,0,0
2025-06-02,G40,R2,13442,0,0
2025-06-09,G40,R2,14959,0,0
2025-06-16,G40,R2,12775,0,0
2025-06-23,G40,R2,13281,0,0
2025-06-30,G40,R2,13485,0,0
2025-07-07,G40,R2,13820,0,0
2025-07-14,G40,R2,13474,0,0
2025-07-21,G40,R2,13136,0,0
2025-07-28,G40,R2,12825,0,0
2025-08-04,G40,R2,12440,0,0
2025-08-11,G40,R2,13047,0,0
2025-08-18,G40,R2,13124,0,0
2025-08-25,G40,R2,12829,0,0
2025-09-01,G40,R2,12701,0,0
2025-09-08,G40,R2,12900,0,0
2025-09-15,G40,R2,13707,0,0
2025-09-22,G40,R2,13236,0,0
2025-09-29,G40,R2,13106,0,0
2025-10-06,G40,R2,14291,0,0
2025-10-13,G40,R2,13856,0,0
2025-10-20,G40,R2,14945,0,1
2025-10-27,G40,R2,13022,0,1
2025-11-03,G40,R2,13454,0,1
2025-11-10,G40,R2,13461,0,1
2025-11-17,G40,R2,14551,0,1
2025-11-24,G40,R2,13714,0,1
2025-12-01,G40,R2,13716,0,1
2025-12-08,G40,R2,14848,0,1
2025-12-15,G40,R2,13473,0,1
2025-12-22,G40,R2,13643,0,1
