customer_id,acquisition_channel,first_date,channel_social,channel_referral,true_lambda,true_mu,true_mean_spend,true_alive_at_cal_end,true_alive_at_end
1,search,2024-06-10,0,0,0.150398,0.014537,32.439,1,1
2,social,2024-06-06,1,0,0.032248,0.016569,19.1572,1,0
3,social,2024-02-15,1,0,0.078576,0.014435,99.3682,1,1
4,search,2024-05-10,0,0,0.524372,0.107818,27.0789,0,0
5,search,2024-03-30,0,0,0.058924,0.015055,53.2265,1,1
6,social,2024-01-22,1,0,0.079875,0.04196,26.2103,0,0
7,referral,2024-02-20,0,1,0.607137,0.006665,29.9592,1,1
8,search,2024-05-15,0,0,0.052199,0.049342,23.3831,0,0
9,social,2024-03-14,1,0,0.021973,0.009236,40.8498,1,1
10,search,2024-03-23,0,0,0.027216,0.015917,17.2251,0,0
11,referral,2024-01-25,0,1,0.836425,0.002611,18.8267,1,1
12,referral,2024-05-24,0,1,0.381194,0.003179,12.2267,1,0
13,social,2024-04-05,1,0,0.042787,0.072175,17.7405,0,0
14,social,2024-04-07,1,0,0.055629,0.48288,32.5696,0,0
15,social,2024-06-14,1,0,0.003968,0.022817,24.2634,0,0
16,referral,2024-01-20,0,1,0.914052,0.001265,24.9485,1,1
17,search,2024-03-17,0,0,0.0123,0.011856,135.1343,0,0
18,search,2024-03-23,0,0,0.173226,0.224489,38.6823,0,0
19,search,2024-05-21,0,0,0.116513,0.083317,78.5388,0,0
20,search,2024-01-25,0,0,0.253431,0.002644,16.3644,1,1
21,social,2024-01-02,1,0,0.031703,0.151426,27.1019,0,0
22,search,2024-05-21,0,0,0.370416,0.197565,29.5885,0,0
23,social,2024-04-20,1,0,0.039989,0.029975,24.0638,0,0
24,search,2024-03-25,0,0,0.184084,0.00726,13.6859,1,1
25,search,2024-02-17,0,0,0.012211,0.000364,25.2482,1,1
26,search,2024-06-15,0,0,0.012889,0.001834,22.1909,1,1
27,search,2024-06-15,0,0,0.083501,0.018463,10.6722,0,0
28,social,2024-01-28,1,0,0.080852,0.001324,27.0956,1,1
29,search,2024-02-18,0,0,0.040242,0.010399,26.9267,1,1
30,search,2024-03-11,0,0,0.067414,0.003851,16.7845,1,1
31,search,2024-04-26,0,0,0.036098,0.024644,21.3426,0,0
32,referral,2024-01-30,0,1,0.007664,0.047769,18.9715,0,0
33,social,2024-03-03,1,0,0.137243,0.057165,16.2244,0,0
34,social,2024-01-16,1,0,0.21494,0.018519,44.8772,0,0
35,search,2024-01-05,0,0,0.046159,0.013144,24.2997,1,1
36,referral,2024-02-06,0,1,0.078004,0.04861,16.023,0,0
37,social,2024-01-18,1,0,0.044324,0.002341,31.6908,1,1
38,search,2024-01-06,0,0,0.219293,0.005152,31.7075,1,1
39,referral,2024-02-29,0,1,0.917606,0.017704,31.6287,1,1
40,search,2024-02-08,0,0,0.072756,0.004826,9.0554,1,1
41,social,2024-03-17,1,0,0.102269,0.000184,25.3783,1,1
42,search,2024-04-14,0,0,0.179051,0.010525,41.7888,0,0
43,search,2024-06-28,0,0,0.589162,0.156729,28.4052,0,0
44,social,2024-03-21,1,0,0.029262,0.014316,41.1987,0,0
45,search,2024-06-12,0,0,0.533706,0.05566,36.6627,0,0
46,social,2024-01-05,1,0,0.009305,0.134411,11.0312,0,0
47,social,2024-01-30,1,0,0.060447,0.031646,16.6567,0,0
48,search,2024-02-01,0,0,0.005913,0.00178,61.977,1,1
49,social,2024-05-21,1,0,0.019753,0.027634,39.1436,0,0
50,social,2024-01-07,1,0,0.006855,0.015761,20.3527,0,0
51,social,2024-03-11,1,0,0.182356,0.046551,21.4728,1,0
52,search,2024-05-08,0,0,0.201949,0.059499,65.6036,0,0
53,search,2024-02-13,0,0,0.119463,0.185435,17.3167,0,0
54,social,2024-02-19,1,0,0.134857,0.000987,31.897,1,1
55,social,2024-03-25,1,0,0.028438,0.297502,11.9641,0,0
56,social,2024-05-31,1,0,0.137233,0.017342,17.5963,1,0
57,social,2024-02-23,1,0,0.018155,0.021293,15.5709,1,1
58,search,2024-03-11,0,0,0.067402,0.004666,25.0676,1,0
59,search,2024-06-13,0,0,0.092805,0.016856,33.9879,1,1
60,social,2024-05-02,1,0,0.007125,0.225589,27.2813,0,0
61,social,2024-03-03,1,0,0.203392,0.07522,27.163,0,0
62,search,2024-05-04,0,0,0.286889,0.015336,17.5502,1,0
63,social,2024-03-03,1,0,0.002655,0.098746,49.7124,0,0
64,search,2024-05-24,0,0,0.18493,2e-06,25.9348,1,1
65,referral,2024-01-17,0,1,0.162916,0.018767,22.4546,1,0
66,referral,2024-04-13,0,1,0.014783,0.138423,17.7507,0,0
67,search,2024-05-07,0,0,0.026475,0.000406,20.9273,1,1
68,search,2024-03-04,0,0,0.063572,0.059155,17.843,0,0
69,social,2024-03-23,1,0,0.081478,0.005274,26.8772,1,0
70,search,2024-01-14,0,0,0.59616,0.015279,79.3828,0,0
71,social,2024-02-02,1,0,0.018185,0.073748,19.0489,0,0
72,search,2024-01-09,0,0,0.040124,0.008035,22.1654,0,0
73,social,2024-06-06,1,0,0.023406,0.172438,21.0324,0,0
74,referral,2024-04-02,0,1,0.032126,0.044437,19.6216,1,0
75,referral,2024-01-29,0,1,0.043315,0.028473,11.5598,0,0
76,social,2024-06-03,1,0,0.06887,0.059414,42.2143,0,0
77,search,2024-03-06,0,0,0.199318,4e-05,22.8653,1,1
78,referral,2024-02-14,0,1,0.009932,0.009831,34.1294,1,0
79,search,2024-06-02,0,0,0.071486,0.058814,38.414,0,0
80,search,2024-06-01,0,0,0.108667,0.062217,32.4394,0,0
81,search,2024-06-22,0,0,0.305465,0.093531,15.7844,0,0
82,social,2024-03-04,1,0,0.182287,0.190164,33.8277,0,0
83,social,2024-05-15,1,0,0.483699,0.201576,25.8244,0,0
84,search,2024-06-25,0,0,0.020085,0.034364,47.7425,0,0
85,search,2024-04-17,0,0,0.185329,0.008775,21.384,0,0
86,social,2024-06-03,1,0,0.006001,0.010573,35.0378,1,0
87,social,2024-06-11,1,0,0.00294,0.089655,26.9796,0,0
88,social,2024-01-17,1,0,0.000145,0.156344,24.8505,0,0
89,social,2024-06-01,1,0,0.009842,0.006565,72.5916,1,1
90,referral,2024-04-30,0,1,0.105726,0.002357,27.0918,1,1
91,referral,2024-04-25,0,1,0.34804,0.002124,16.1347,1,1
92,search,2024-06-14,0,0,0.268089,0.020801,14.6128,1,1
93,referral,2024-06-27,0,1,0.029668,0.004257,22.5529,1,1
94,social,2024-02-27,1,0,0.058315,0.020082,23.399,1,0
95,social,2024-03-10,1,0,0.003183,0.009187,19.5612,1,0
96,social,2024-04-04,1,0,0.22514,0.036329,42.3881,0,0
97,social,2024-01-08,1,0,0.060609,0.044599,13.051,0,0
98,referral,2024-05-27,0,1,0.078519,0.001619,55.2059,1,1
99,search,2024-01-14,0,0,0.014031,0.000322,94.8845,1,1
100,social,2024-04-11,1,0,0.194743,0.087349,27.3374,0,0
101,referral,2024-06-22,0,1,0.05105,0.001576,18.8643,1,1
102,search,2024-05-22,0,0,0.04755,0.011743,17.3225,0,0
103,social,2024-03-21,1,0,0.031425,0.000732,40.0243,1,1
104,search,2024-01-26,0,0,0.010074,0.00127,22.515,1,1
105,social,2024-02-22,1,0,0.009619,0.002025,102.5212,1,1
106,search,2024-06-17,0,0,0.024422,0.007913,16.4672,1,1
107,social,2024-02-21,1,0,0.008371,0.714743,20.6344,0,0
108,referral,2024-01-23,0,1,0.123525,0.006355,11.9364,1,1
109,social,2024-04-21,1,0,0.000118,0.013902,26.2502,1,0
110,search,2024-02-26,0,0,0.207462,0.002756,16.3248,1,1
111,social,2024-01-21,1,0,0.105815,0.105257,20.3682,0,0
112,search,2024-05-05,0,0,0.488802,0.058816,16.5871,0,0
113,social,2024-05-01,1,0,0.077959,0.037864,24.785,0,0
114,search,2024-03-03,0,0,0.077651,0.181061,13.9527,0,0
115,search,2024-04-16,0,0,0.023775,0.000481,28.3077,1,1
116,search,2024-06-17,0,0,0.100243,0.014953,23.6816,0,0
117,search,2024-03-01,0,0,0.676463,0.071505,12.3963,0,0
118,social,2024-02-28,1,0,0.005951,0.023556,14.2368,0,0
119,search,2024-05-31,0,0,0.000596,0.062483,44.7667,1,0
120,social,2024-02-19,1,0,0.032829,0.023614,22.564,0,0
121,social,2024-04-07,1,0,0.093153,0.033657,21.9132,0,0
122,referral,2024-05-27,0,1,0.293585,0.127549,36.1648,0,0
123,search,2024-04-03,0,0,0.356558,0.004719,9.7729,1,1
124,search,2024-05-03,0,0,0.089242,0.040537,22.1512,1,0
125,search,2024-05-13,0,0,0.089178,2.4e-05,39.3759,1,1
126,search,2024-02-22,0,0,0.703049,0.035358,11.1824,0,0
127,social,2024-02-28,1,0,0.009603,0.00171,53.8014,1,0
128,referral,2024-01-12,0,1,0.315148,0.064617,31.3584,0,0
129,social,2024-03-01,1,0,0.010718,0.0508,16.6783,0,0
130,social,2024-03-16,1,0,0.034607,0.067926,26.6564,0,0
131,referral,2024-01-31,0,1,0.092048,0.014878,26.4718,0,0
132,social,2024-03-04,1,0,0.02535,0.105651,13.5237,0,0
133,social,2024-06-21,1,0,0.018538,0.099564,34.0448,0,0
134,referral,2024-06-09,0,1,0.742868,0.020029,17.7795,1,0
135,search,2024-04-15,0,0,0.005553,0.007029,20.7598,0,0
136,social,2024-06-13,1,0,0.008395,0.351641,12.8995,0,0
137,social,2024-02-26,1,0,0.001339,0.024167,44.8457,0,0
138,referral,2024-04-08,0,1,0.011217,7.9e-05,35.5133,1,1
139,search,2024-05-02,0,0,0.077787,0.0,10.018,1,1
140,social,2024-06-24,1,0,0.053284,0.046572,114.3365,0,0
141,social,2024-03-08,1,0,0.102867,0.000109,20.255,1,1
142,search,2024-02-29,0,0,0.003617,0.021106,19.0939,1,0
143,search,2024-04-02,0,0,0.01383,0.044294,25.1643,0,0
144,search,2024-04-22,0,0,0.372255,0.010648,20.8956,0,0
145,referral,2024-03-10,0,1,0.551493,0.000242,21.0168,1,1
146,search,2024-02-23,0,0,0.24244,0.000143,35.6402,1,1
147,search,2024-01-22,0,0,0.941167,0.002362,22.5802,0,0
148,search,2024-01-10,0,0,0.125227,0.038306,23.7486,0,0
149,search,2024-01-17,0,0,0.080642,6e-06,43.9231,1,1
150,search,2024-01-18,0,0,0.100115,0.017684,49.2347,0,0
151,referral,2024-03-13,0,1,0.08668,0.036824,72.6952,0,0
152,search,2024-01-03,0,0,0.385169,0.004092,26.1113,0,0
153,social,2024-05-26,1,0,0.10389,0.071428,48.1682,0,0
154,search,2024-01-18,0,0,0.091746,0.046828,24.7172,0,0
155,social,2024-06-29,1,0,0.028705,0.164116,16.4492,0,0
156,search,2024-06-30,0,0,0.117176,0.000937,50.143,1,1
157,social,2024-06-22,1,0,0.035856,0.163522,34.7361,0,0
158,search,2024-01-16,0,0,0.140039,0.027772,28.4592,1,0
159,search,2024-01-19,0,0,0.100884,0.029742,16.7811,0,0
160,social,2024-06-08,1,0,0.040639,0.015491,36.7751,0,0
161,social,2024-06-16,1,0,0.019594,0.000255,75.115,1,1
162,search,2024-06-12,0,0,0.287191,0.012578,97.3122,1,1
163,search,2024-06-17,0,0,0.457269,0.003468,17.5725,0,0
164,social,2024-04-06,1,0,0.226436,0.003522,65.1642,1,1
165,search,2024-02-28,0,0,0.002482,0.063735,26.6293,0,0
166,search,2024-04-04,0,0,0.127086,0.023774,42.7045,1,1
167,referral,2024-02-04,0,1,0.059592,0.00792,11.2679,1,1
168,search,2024-05-06,0,0,0.053149,0.006227,41.5313,0,0
169,search,2024-06-21,0,0,0.053723,0.039992,12.8388,0,0
170,social,2024-02-15,1,0,0.114913,0.028576,35.652,0,0
171,search,2024-04-12,0,0,0.168656,0.004299,22.9199,1,1
172,search,2024-02-22,0,0,0.146746,0.00874,20.0624,1,1
173,social,2024-03-08,1,0,0.046835,0.082177,19.1885,0,0
174,referral,2024-01-02,0,1,0.122849,0.003295,25.1487,1,1
175,referral,2024-01-08,0,1,0.233671,0.015703,40.5763,1,0
176,search,2024-02-01,0,0,0.356168,0.036054,20.6684,0,0
177,referral,2024-02-04,0,1,0.128549,0.053347,17.2913,1,0
178,search,2024-04-10,0,0,0.028743,0.007389,15.0929,1,1
179,referral,2024-03-15,0,1,0.111053,0.200817,23.2029,0,0
180,search,2024-02-25,0,0,0.127572,0.044781,26.0186,1,0
181,social,2024-04-04,1,0,0.002867,0.016867,21.0394,0,0
182,social,2024-05-31,1,0,0.246048,0.025889,26.9351,1,0
183,referral,2024-02-14,0,1,0.62284,0.010287,29.2373,1,1
184,referral,2024-05-27,0,1,0.186777,0.118033,39.784,0,0
185,search,2024-03-09,0,0,0.274462,0.057909,16.309,0,0
186,social,2024-03-13,1,0,0.368831,0.024522,46.9049,0,0
187,social,2024-05-17,1,0,0.035988,0.108067,33.2098,0,0
188,search,2024-05-10,0,0,0.151465,0.041912,30.1802,1,1
189,social,2024-05-28,1,0,0.244235,0.076622,17.9648,0,0
190,search,2024-05-30,0,0,0.199462,0.02735,8.7734,1,0
191,search,2024-05-29,0,0,0.019407,0.030931,14.7415,1,0
192,social,2024-05-22,1,0,0.014718,0.05813,23.3612,0,0
193,social,2024-04-12,1,0,0.09426,0.322114,19.1896,0,0
194,social,2024-06-21,1,0,0.137035,0.064938,19.0131,0,0
195,social,2024-03-18,1,0,0.059861,0.011125,38.5767,1,1
196,social,2024-02-08,1,0,0.970642,0.390537,14.4313,0,0
197,referral,2024-01-25,0,1,0.365955,0.015176,18.6237,0,0
198,search,2024-04-18,0,0,0.15579,0.015388,22.3099,0,0
199,search,2024-03-12,0,0,0.074155,0.016967,21.7246,0,0
200,search,2024-03-26,0,0,0.066362,0.025563,21.7731,0,0
201,social,2024-02-18,1,0,0.04094,0.00496,25.2097,1,1
202,social,2024-01-01,1,0,0.078323,0.045893,32.1667,0,0
203,search,2024-06-23,0,0,0.263399,0.023508,17.4291,1,0
204,social,2024-05-10,1,0,0.148902,0.165273,14.1852,0,0
205,social,2024-02-05,1,0,0.014538,0.000577,27.7826,1,1
206,social,2024-01-16,1,0,0.06607,0.020804,62.8151,0,0
207,search,2024-01-22,0,0,0.067074,0.001158,15.5605,1,1
208,search,2024-02-03,0,0,0.026386,0.106774,18.5604,0,0
209,referral,2024-04-24,0,1,0.027839,0.001331,11.8927,1,1
210,referral,2024-05-16,0,1,0.072079,0.019493,14.795,0,0
211,search,2024-02-18,0,0,0.094791,0.087831,29.8352,0,0
212,social,2024-06-18,1,0,0.127739,0.061823,27.7617,0,0
213,search,2024-04-08,0,0,0.155069,0.024559,7.9735,1,1
214,search,2024-05-12,0,0,0.087262,0.013434,35.5701,1,1
215,search,2024-06-09,0,0,0.619785,0.067531,68.1465,0,0
216,search,2024-06-09,0,0,0.022044,0.193906,36.3583,0,0
217,search,2024-05-14,0,0,0.018123,0.000579,25.8354,1,1
218,referral,2024-04-03,0,1,0.038442,0.036885,12.4799,0,0
219,social,2024-01-10,1,0,0.003594,0.199844,27.4348,0,0
220,search,2024-03-29,0,0,0.137427,0.009601,39.6292,1,1
221,search,2024-03-20,0,0,0.1172,0.185415,15.5706,0,0
222,social,2024-02-21,1,0,0.044649,0.002072,11.5594,1,0
223,social,2024-03-08,1,0,0.051214,0.152839,28.0211,0,0
224,social,2024-01-13,1,0,0.154242,0.029868,15.6514,0,0
225,search,2024-05-03,0,0,0.048495,0.007648,9.1251,1,1
226,search,2024-01-31,0,0,0.149479,3.3e-05,37.5546,1,1
227,social,2024-06-20,1,0,0.110402,0.391649,20.996,0,0
228,referral,2024-02-10,0,1,0.010843,0.028991,56.2935,0,0
229,social,2024-03-15,1,0,0.005974,0.008593,24.1145,0,0
230,referral,2024-06-07,0,1,0.390692,0.000482,44.0292,1,1
231,search,2024-06-22,0,0,0.007934,0.012076,26.6728,1,1
232,search,2024-01-01,0,0,0.112432,0.11908,18.6722,0,0
233,referral,2024-05-14,0,1,0.499011,0.011257,21.3439,1,1
234,social,2024-03-17,1,0,0.114404,0.073489,17.8655,0,0
235,social,2024-04-29,1,0,0.164056,0.002278,29.986,1,1
236,search,2024-06-25,0,0,0.68156,0.009683,14.3281,1,1
237,search,2024-06-20,0,0,0.068411,0.02914,17.544,1,1
238,social,2024-06-14,1,0,0.117904,0.040341,16.5426,0,0
239,search,2024-03-19,0,0,0.510488,0.00024,22.5954,1,1
240,search,2024-01-21,0,0,0.037692,0.008681,36.8351,1,0
241,social,2024-01-16,1,0,0.030617,0.026736,41.4646,0,0
242,referral,2024-05-15,0,1,0.529214,0.004603,8.6186,0,0
243,referral,2024-03-16,0,1,0.381987,0.000662,20.3633,1,1
244,social,2024-06-07,1,0,0.208552,0.053301,9.3773,0,0
245,search,2024-04-02,0,0,0.011926,0.015328,42.9155,0,0
246,search,2024-02-04,0,0,0.07988,0.026334,26.7847,1,0
247,social,2024-04-11,1,0,0.171744,0.310463,14.2261,0,0
248,search,2024-02-15,0,0,0.249729,0.100113,11.5167,0,0
249,search,2024-04-06,0,0,0.12386,0.273191,18.9606,0,0
250,search,2024-05-04,0,0,0.014194,0.00459,17.3796,1,0
251,referral,2024-05-20,0,1,0.040355,0.007911,24.8916,1,1
252,search,2024-05-17,0,0,0.057995,0.114711,31.8822,0,0
253,search,2024-05-24,0,0,0.103016,0.007592,47.8607,1,0
254,referral,2024-06-08,0,1,0.002412,0.011955,11.5671,1,0
255,social,2024-04-04,1,0,0.032503,0.005756,43.4592,1,1
256,social,2024-03-13,1,0,0.045075,0.031123,20.7404,0,0
257,search,2024-05-29,0,0,0.088073,0.01247,15.5307,1,1
258,referral,2024-01-09,0,1,0.313043,0.039951,31.0831,0,0
259,referral,2024-04-25,0,1,0.044211,0.064669,19.6258,0,0
260,social,2024-06-26,1,0,0.359985,0.142892,14.4989,0,0
261,referral,2024-03-22,0,1,0.01996,0.058932,38.6589,0,0
262,social,2024-02-17,1,0,0.184371,4.3e-05,26.6538,1,1
263,search,2024-05-24,0,0,0.196149,0.000536,38.1861,1,1
264,social,2024-05-20,1,0,0.122122,0.320525,44.0134,0,0
265,social,2024-03-10,1,0,0.090733,0.002498,26.9699,1,1
266,search,2024-06-16,0,0,0.057272,0.034935,37.5258,1,0
267,social,2024-04-07,1,0,0.001615,0.325716,35.2547,0,0
268,search,2024-04-08,0,0,0.102332,0.134959,20.686,0,0
269,referral,2024-04-01,0,1,0.090764,0.034803,37.0672,0,0
270,social,2024-04-05,1,0,0.18167,0.079114,23.5134,0,0
271,search,2024-05-13,0,0,0.174874,0.031421,46.2485,0,0
272,referral,2024-02-13,0,1,0.090702,0.033172,19.0551,0,0
273,referral,2024-03-24,0,1,0.077383,0.126986,33.8035,0,0
274,social,2024-01-12,1,0,0.041879,0.164328,17.4955,0,0
275,search,2024-06-09,0,0,0.170974,0.076301,17.6328,0,0
276,social,2024-01-21,1,0,0.186425,0.026845,36.5723,0,0
277,search,2024-03-27,0,0,0.196264,0.034074,8.0098,1,0
278,search,2024-05-11,0,0,0.031718,0.062994,15.1437,0,0
279,search,2024-03-25,0,0,0.014244,0.147098,15.6721,0,0
280,search,2024-02-06,0,0,0.017007,0.009939,14.4592,1,1
281,social,2024-01-16,1,0,0.012355,0.235702,14.5145,0,0
282,search,2024-03-31,0,0,0.166884,0.00131,19.8508,1,1
283,search,2024-01-11,0,0,0.04467,0.038502,31.5821,1,0
284,social,2024-04-04,1,0,0.022425,0.022058,43.7962,1,0
285,referral,2024-02-26,0,1,0.16781,0.003506,28.0097,1,1
286,referral,2024-06-17,0,1,0.013101,0.011649,33.6364,1,0
287,social,2024-02-27,1,0,0.010193,0.011059,16.8438,1,1
288,referral,2024-04-08,0,1,0.0008,0.007658,21.1517,1,0
289,social,2024-04-26,1,0,0.00136,0.126753,61.9446,0,0
290,social,2024-04-22,1,0,0.279653,0.177677,18.8122,0,0
291,search,2024-02-19,0,0,0.415866,5.4e-05,16.482,1,1
292,search,2024-05-27,0,0,0.051764,0.156982,13.5196,0,0
293,referral,2024-01-27,0,1,0.06868,0.05559,21.9845,0,0
294,search,2024-02-24,0,0,0.068248,0.250047,16.7781,0,0
295,social,2024-02-22,1,0,0.006432,9e-05,11.2362,1,1
296,social,2024-05-05,1,0,0.006031,0.002803,48.3635,1,1
297,search,2024-03-23,0,0,0.117829,0.038131,19.0434,0,0
298,search,2024-01-18,0,0,0.03558,0.008642,32.0243,1,1
299,social,2024-05-15,1,0,0.352642,0.259871,154.2767,0,0
300,social,2024-01-13,1,0,0.063141,0.237441,54.541,0,0
301,social,2024-02-09,1,0,0.505618,0.030491,21.8506,0,0
302,search,2024-06-25,0,0,0.101005,0.224379,49.3282,0,0
303,search,2024-06-27,0,0,0.410407,0.029202,14.7966,0,0
304,social,2024-02-27,1,0,0.399167,0.130255,29.4575,0,0
305,search,2024-02-29,0,0,0.014674,0.080834,58.9104,0,0
306,search,2024-03-24,0,0,0.226076,0.050321,37.0048,0,0
307,social,2024-05-11,1,0,0.080758,0.05634,20.3371,0,0
308,search,2024-01-28,0,0,0.161756,0.018942,14.3761,1,0
309,social,2024-05-27,1,0,0.200855,0.001756,27.3426,1,1
310,search,2024-02-25,0,0,0.06489,0.101567,52.4498,0,0
311,search,2024-06-13,0,0,0.004417,0.008622,13.2831,1,0
312,referral,2024-06-13,0,1,0.132594,0.0,13.6898,1,1
313,social,2024-01-02,1,0,0.120662,0.353015,38.1824,0,0
314,referral,2024-06-18,0,1,1.256847,0.003915,68.5576,1,1
315,referral,2024-01-12,0,1,0.225527,0.014009,38.5087,0,0
316,search,2024-04-23,0,0,0.178553,0.034545,17.2863,0,0
317,search,2024-06-11,0,0,0.132541,0.091,24.2383,0,0
318,social,2024-02-07,1,0,0.414249,0.280603,45.4697,0,0
319,search,2024-01-04,0,0,0.233882,0.455456,15.1632,0,0
320,search,2024-06-22,0,0,0.334656,0.023725,11.4324,0,0
321,referral,2024-03-11,0,1,0.549224,0.009471,42.5154,1,0
322,referral,2024-05-22,0,1,0.145995,0.024739,51.8361,0,0
323,search,2024-04-01,0,0,0.038732,5.9e-05,35.3102,1,1
324,social,2024-01-18,1,0,0.028025,0.00195,17.918,1,1
325,social,2024-03-22,1,0,0.158805,0.069983,43.1611,0,0
326,social,2024-05-04,1,0,0.189101,0.000312,27.2952,1,1
327,search,2024-02-11,0,0,0.239924,0.002871,18.2163,1,0
328,social,2024-03-16,1,0,0.029251,0.017959,51.2038,0,0
329,referral,2024-04-01,0,1,0.05898,0.000299,15.1941,1,1
330,referral,2024-01-07,0,1,0.043927,8.8e-05,27.2138,1,1
331,search,2024-04-12,0,0,0.123543,0.025687,31.5644,1,1
332,referral,2024-02-14,0,1,0.524756,0.15212,15.0301,0,0
333,search,2024-06-23,0,0,0.287624,0.031855,17.7178,1,0
334,social,2024-04-09,1,0,0.094622,0.196491,32.4849,0,0
335,social,2024-04-18,1,0,0.089417,0.230184,24.2111,0,0
336,search,2024-04-14,0,0,0.055565,0.049896,13.7425,0,0
337,referral,2024-05-17,0,1,0.057259,0.036291,21.9437,1,0
338,social,2024-06-24,1,0,0.018218,0.031902,13.3942,1,0
339,referral,2024-03-28,0,1,0.918456,0.001603,43.8391,1,1
340,referral,2024-03-25,0,1,0.113193,0.167048,20.4004,0,0
341,referral,2024-05-17,0,1,0.55763,0.003624,17.2214,1,1
342,referral,2024-03-03,0,1,0.274328,0.00022,26.5188,1,1
343,search,2024-02-28,0,0,0.083898,0.00635,27.837,1,1
344,social,2024-06-10,1,0,0.405611,0.235347,52.995,0,0
345,social,2024-06-28,1,0,0.008569,0.049223,21.1183,0,0
346,social,2024-04-03,1,0,0.204938,0.00282,27.7677,1,1
347,social,2024-06-03,1,0,0.06666,0.092262,13.7158,0,0
348,search,2024-04-09,0,0,0.049261,0.071611,53.8366,0,0
349,search,2024-04-29,0,0,0.12772,0.00937,10.8212,1,1
350,social,2024-02-05,1,0,0.013404,0.019865,19.4874,0,0
351,search,2024-01-05,0,0,0.059143,0.011088,21.7268,1,0
352,social,2024-05-22,1,0,0.010177,0.200847,26.1753,0,0
353,search,2024-04-06,0,0,0.309912,0.002452,23.2569,1,1
354,search,2024-05-22,0,0,0.144336,0.038292,27.873,0,0
355,search,2024-04-17,0,0,0.073856,0.000401,17.1908,1,1
356,social,2024-04-11,1,0,0.081743,0.002776,37.553,1,1
357,search,2024-01-07,0,0,0.085242,0.113444,50.4595,0,0
358,social,2024-03-08,1,0,0.07696,0.279362,28.7189,0,0
359,search,2024-06-14,0,0,0.647522,0.065694,27.4767,0,0
360,social,2024-04-15,1,0,0.250114,0.165965,88.7628,0,0
361,social,2024-05-20,1,0,0.082739,0.021922,26.5633,1,1
362,search,2024-05-29,0,0,0.009264,0.100973,37.3188,0,0
363,social,2024-04-09,1,0,0.021238,9e-06,30.4096,1,1
364,social,2024-05-03,1,0,0.156155,2.4e-05,16.0457,1,1
365,referral,2024-06-10,0,1,0.07152,0.052953,16.255,0,0
366,search,2024-06-11,0,0,0.18775,0.004105,32.1577,1,1
367,referral,2024-01-24,0,1,0.532745,0.031235,26.635,0,0
368,search,2024-03-20,0,0,0.01343,6e-05,25.1861,1,1
369,referral,2024-06-20,0,1,0.272599,0.05029,24.7927,1,0
370,search,2024-04-28,0,0,0.072323,0.047759,17.9905,0,0
371,search,2024-02-01,0,0,0.23191,0.151573,27.6161,0,0
372,search,2024-04-14,0,0,0.661692,0.004765,43.5923,1,1
373,referral,2024-01-07,0,1,0.187447,0.038681,12.7795,0,0
374,social,2024-04-28,1,0,0.15918,0.246591,16.8523,0,0
375,referral,2024-02-02,0,1,0.031228,0.000124,23.341,1,1
376,search,2024-03-30,0,0,0.150108,0.089685,22.779,0,0
377,referral,2024-04-28,0,1,0.362823,0.033415,60.4605,0,0
378,search,2024-04-11,0,0,0.3129,1e-05,208.1722,1,1
379,search,2024-04-24,0,0,0.489438,0.00421,39.2863,1,1
380,social,2024-03-16,1,0,0.040473,0.006676,24.1903,1,1
381,search,2024-01-16,0,0,0.116882,0.004714,17.7161,1,1
382,social,2024-04-07,1,0,0.091808,0.084449,25.3294,0,0
383,social,2024-01-19,1,0,0.014705,0.12113,41.5639,0,0
384,search,2024-02-20,0,0,0.03627,0.001277,145.8995,1,1
385,search,2024-05-12,0,0,0.348303,0.033147,25.8624,0,0
386,search,2024-06-12,0,0,0.260604,0.019101,20.0631,0,0
387,search,2024-03-07,0,0,0.315523,0.004622,57.809,1,1
388,referral,2024-02-29,0,1,0.37486,0.05675,35.0512,0,0
389,social,2024-03-23,1,0,0.108402,0.058792,17.4519,0,0
390,search,2024-06-07,0,0,0.197495,0.099872,9.7163,1,0
391,social,2024-06-22,1,0,0.004358,0.026476,21.2338,1,0
392,search,2024-05-29,0,0,0.266213,0.010031,13.9623,1,0
393,social,2024-04-13,1,0,0.135169,0.01427,40.4594,1,0
394,search,2024-05-09,0,0,0.163597,0.00095,32.0582,1,1
395,social,2024-01-05,1,0,0.057047,0.002386,15.2852,1,1
396,social,2024-04-22,1,0,0.001879,0.04305,150.8758,1,0
397,search,2024-01-07,0,0,0.01371,0.016945,49.0316,0,0
398,referral,2024-05-25,0,1,0.152242,2e-06,15.56,1,1
399,social,2024-05-27,1,0,0.090183,0.113537,17.5739,0,0
400,social,2024-05-14,1,0,0.204122,0.209959,24.9734,0,0
401,search,2024-02-12,0,0,0.000185,0.087248,75.1533,0,0
402,search,2024-04-07,0,0,0.192202,0.052505,16.8553,0,0
403,search,2024-04-22,0,0,0.133197,0.03945,22.6951,0,0
404,search,2024-01-06,0,0,0.019441,0.002789,19.1331,1,0
405,search,2024-04-02,0,0,0.195617,0.00186,36.299,1,1
406,social,2024-03-23,1,0,0.146311,0.271921,33.6954,0,0
407,search,2024-02-18,0,0,0.084471,0.023944,36.3145,1,0
408,social,2024-03-01,1,0,0.078772,0.028944,33.7083,0,0
409,search,2024-04-15,0,0,0.254375,0.010824,33.0983,1,1
410,social,2024-06-26,1,0,0.090155,0.4178,16.065,0,0
411,search,2024-02-24,0,0,0.354572,0.038086,19.6073,0,0
412,referral,2024-03-05,0,1,0.027698,0.003716,18.0657,1,1
413,referral,2024-01-10,0,1,0.238497,0.003343,46.8907,1,1
414,social,2024-05-01,1,0,0.126632,0.00114,40.8999,1,1
415,search,2024-03-30,0,0,0.012491,0.016517,23.4776,1,1
416,search,2024-02-18,0,0,0.049718,0.023866,16.8204,0,0
417,social,2024-06-14,1,0,0.338328,0.01364,47.4979,1,1
418,social,2024-06-25,1,0,0.263711,0.047987,13.245,0,0
419,search,2024-06-05,0,0,0.275516,0.039273,19.0949,1,0
420,social,2024-06-26,1,0,0.286808,0.230788,39.8407,0,0
421,search,2024-02-18,0,0,0.002351,0.030244,28.1853,0,0
422,social,2024-04-13,1,0,0.174428,0.034792,26.863,0,0
423,social,2024-06-04,1,0,0.137565,0.102107,17.5055,0,0
424,referral,2024-06-29,0,1,0.011465,0.059581,20.9796,0,0
425,search,2024-03-02,0,0,0.126928,0.071531,16.4142,0,0
426,search,2024-03-11,0,0,0.065127,0.000806,14.5839,1,1
427,search,2024-05-16,0,0,0.394712,0.034222,33.0759,1,0
428,search,2024-01-05,0,0,0.080662,0.006194,28.3526,1,1
429,referral,2024-02-27,0,1,0.08582,0.007944,11.1865,1,1
430,referral,2024-06-17,0,1,0.187665,0.08866,29.3842,0,0
431,social,2024-01-28,1,0,0.256645,0.245991,59.4648,0,0
432,search,2024-02-17,0,0,0.170146,0.000568,26.9621,1,1
433,search,2024-06-28,0,0,0.145246,0.007434,15.2331,1,1
434,referral,2024-04-10,0,1,0.054064,0.00207,22.8723,1,1
435,search,2024-04-17,0,0,0.048274,0.02936,21.0326,0,0
436,search,2024-06-17,0,0,0.347514,1.7e-05,29.4,1,1
437,social,2024-04-20,1,0,0.065519,2.3e-05,40.1262,1,1
438,search,2024-02-13,0,0,0.168697,0.00589,24.4255,1,0
439,search,2024-05-10,0,0,0.000307,0.117956,44.4082,0,0
440,search,2024-04-07,0,0,0.00464,0.003979,14.2429,1,1
441,social,2024-04-23,1,0,0.116457,0.007395,27.2117,0,0
442,social,2024-04-09,1,0,0.015273,0.157847,32.0997,0,0
443,referral,2024-02-27,0,1,0.712518,0.012304,16.0051,1,0
444,social,2024-04-09,1,0,0.049917,0.018902,26.6622,0,0
445,search,2024-06-29,0,0,0.42877,0.007841,15.2178,1,1
446,search,2024-04-23,0,0,0.071566,0.003695,56.9681,1,1
447,social,2024-05-09,1,0,0.02822,0.028008,51.409,0,0
448,search,2024-03-18,0,0,0.001026,0.005324,25.769,0,0
449,social,2024-01-18,1,0,0.00403,0.002306,19.7936,0,0
450,social,2024-03-23,1,0,0.075728,9.6e-05,39.8617,1,1
451,referral,2024-01-25,0,1,0.449311,0.019399,34.214,1,1
452,search,2024-05-03,0,0,0.02637,0.1752,14.5056,0,0
453,search,2024-06-20,0,0,0.002931,0.036641,13.0946,1,0
454,social,2024-06-20,1,0,0.009512,0.024016,45.3645,0,0
455,search,2024-04-19,0,0,0.049389,0.004127,16.4929,1,1
456,search,2024-06-16,0,0,0.249724,0.185918,98.2622,0,0
457,referral,2024-03-05,0,1,0.676463,0.014132,30.1863,1,0
458,social,2024-03-04,1,0,0.088477,0.011022,26.5176,0,0
459,search,2024-05-03,0,0,0.008413,0.009741,14.1141,1,1
460,search,2024-02-25,0,0,1.655651,0.001534,57.8199,1,1
461,referral,2024-05-06,0,1,0.048815,0.001617,24.8133,1,1
462,social,2024-04-02,1,0,0.013534,0.104984,37.2151,0,0
463,referral,2024-04-25,0,1,0.642822,0.003891,41.624,1,1
464,social,2024-05-27,1,0,0.171547,0.000119,19.6862,1,1
465,search,2024-01-17,0,0,0.202996,0.00089,30.2015,1,1
466,search,2024-05-16,0,0,0.069795,0.006345,16.0459,1,1
467,search,2024-05-30,0,0,0.144944,0.065762,75.1385,0,0
468,social,2024-01-25,1,0,0.065219,0.120335,19.0947,0,0
469,search,2024-06-01,0,0,0.479298,0.101452,19.0518,0,0
470,search,2024-06-21,0,0,0.062679,0.002327,17.9056,1,1
471,search,2024-04-08,0,0,0.060714,0.113783,14.1405,0,0
472,social,2024-03-19,1,0,0.117227,0.60954,24.4881,0,0
473,search,2024-06-13,0,0,0.08305,0.112418,22.3261,0,0
474,referral,2024-02-19,0,1,0.024501,0.032249,12.7368,0,0
475,search,2024-06-21,0,0,0.00731,0.000182,11.5514,1,1
476,referral,2024-04-20,0,1,0.024502,0.017684,24.537,1,1
477,referral,2024-06-08,0,1,0.052407,0.112148,15.5995,0,0
478,referral,2024-03-10,0,1,1.260085,0.016389,21.365,0,0
479,search,2024-02-23,0,0,0.056012,0.021723,38.1131,0,0
480,referral,2024-05-15,0,1,0.294224,0.003361,19.5908,1,0
481,search,2024-04-23,0,0,0.010563,0.019574,68.9546,0,0
482,search,2024-05-18,0,0,0.08939,0.001765,31.9407,1,1
483,search,2024-03-20,0,0,0.123406,0.025561,17.1131,0,0
484,social,2024-06-05,1,0,0.081725,0.005469,40.3302,1,1
485,search,2024-05-17,0,0,0.013797,0.119113,38.1098,0,0
486,referral,2024-05-25,0,1,0.252713,1e-05,55.1365,1,1
487,search,2024-03-22,0,0,0.313864,0.004097,35.6119,1,1
488,social,2024-06-30,1,0,0.079418,0.028354,12.6513,1,0
489,referral,2024-01-01,0,1,0.080501,0.002145,29.4019,1,1
490,search,2024-02-12,0,0,0.30443,0.024157,19.7315,1,1
491,social,2024-03-20,1,0,0.065594,0.015636,46.6635,1,0
492,social,2024-04-11,1,0,0.004288,0.260844,28.7209,0,0
493,social,2024-01-30,1,0,0.030112,0.115861,10.1342,0,0
494,social,2024-03-19,1,0,0.049799,0.011264,35.7778,0,0
495,referral,2024-06-19,0,1,0.543024,0.005326,20.8168,1,1
496,social,2024-05-27,1,0,0.032668,0.004741,15.831,1,1
497,social,2024-01-08,1,0,0.004755,0.055823,16.8383,0,0
498,search,2024-05-06,0,0,0.540532,0.013291,32.0335,1,1
499,search,2024-02-02,0,0,0.056387,0.142685,26.0859,0,0
500,search,2024-03-29,0,0,0.090666,0.012125,19.2691,1,0
501,referral,2024-02-19,0,1,0.000641,0.012813,23.5701,1,1
502,search,2024-05-10,0,0,0.046479,0.028972,13.1446,0,0
503,referral,2024-03-25,0,1,0.486346,0.000421,10.0942,1,1
504,search,2024-03-26,0,0,0.106538,0.00665,29.9865,1,0
505,search,2024-04-14,0,0,0.861299,0.011154,19.1516,1,1
506,search,2024-06-18,0,0,0.127486,0.01135,19.9015,1,1
507,search,2024-04-27,0,0,0.230222,0.006919,36.7162,0,0
508,search,2024-03-23,0,0,0.153004,0.002919,17.4055,1,1
509,search,2024-05-23,0,0,0.593196,0.136351,23.2256,0,0
510,social,2024-03-03,1,0,0.009727,0.343221,10.3465,0,0
511,search,2024-01-07,0,0,0.089643,0.027411,37.3955,1,1
512,social,2024-03-30,1,0,0.044597,0.002725,41.3348,0,0
513,referral,2024-03-22,0,1,0.017761,0.036756,13.8066,1,0
514,search,2024-03-20,0,0,0.043185,0.006952,23.4425,1,0
515,social,2024-04-17,1,0,0.031132,0.086945,37.3038,0,0
516,referral,2024-03-28,0,1,0.060215,0.001818,26.3861,1,1
517,social,2024-02-15,1,0,0.274912,0.334435,43.8161,0,0
518,social,2024-05-12,1,0,0.023432,0.030451,40.9737,0,0
519,social,2024-06-22,1,0,0.022395,0.055097,13.4868,0,0
520,search,2024-03-21,0,0,0.012554,0.023051,66.6425,1,1
521,social,2024-01-23,1,0,0.013013,0.001267,11.651,1,1
522,referral,2024-04-01,0,1,0.005058,0.01255,52.3295,0,0
523,referral,2024-06-30,0,1,0.012729,0.00105,12.5794,1,1
524,social,2024-01-14,1,0,0.049364,0.021118,17.9013,0,0
525,search,2024-02-17,0,0,0.030099,0.023723,19.8343,0,0
526,social,2024-05-18,1,0,0.223826,0.00139,16.2871,1,1
527,referral,2024-02-18,0,1,0.130686,0.025744,43.4441,1,0
528,referral,2024-06-24,0,1,0.051125,0.012662,37.5627,0,0
529,search,2024-04-17,0,0,0.003025,0.090978,20.8372,0,0
530,referral,2024-05-07,0,1,0.454536,0.040036,51.4676,1,0
531,social,2024-06-11,1,0,0.160116,0.967397,16.7359,0,0
532,referral,2024-06-07,0,1,0.164114,0.001123,27.882,1,1
533,search,2024-06-11,0,0,0.167389,0.032415,22.2326,0,0
534,referral,2024-02-28,0,1,0.203382,0.068818,27.1241,0,0
535,social,2024-03-10,1,0,0.138179,0.010665,24.6481,1,1
536,search,2024-06-14,0,0,0.077197,0.026298,42.5648,1,1
537,social,2024-03-18,1,0,0.321996,0.494513,41.5808,0,0
538,search,2024-01-17,0,0,0.054212,0.01288,20.3236,0,0
539,social,2024-03-13,1,0,0.002196,0.048258,36.2691,0,0
540,social,2024-06-28,1,0,0.001465,0.001442,25.0924,1,1
541,social,2024-02-05,1,0,0.02836,0.151582,13.8259,0,0
542,referral,2024-06-12,0,1,0.514602,0.008945,26.9759,1,1
543,social,2024-03-18,1,0,0.190556,0.0,21.9533,1,1
544,search,2024-06-30,0,0,0.073825,0.063408,22.1321,0,0
545,social,2024-01-18,1,0,0.205889,0.278204,31.1637,0,0
546,social,2024-03-05,1,0,0.140318,0.00806,61.8302,0,0
547,search,2024-01-21,0,0,0.026959,0.068945,30.4827,0,0
548,search,2024-01-07,0,0,0.485246,0.010678,15.0758,1,0
549,social,2024-04-22,1,0,0.309621,0.002768,15.8306,1,1
550,referral,2024-05-21,0,1,1.069754,0.008172,25.054,1,1
551,referral,2024-04-16,0,1,0.76597,0.003178,30.6587,1,1
552,search,2024-01-25,0,0,0.341238,0.037041,22.4607,1,0
553,search,2024-03-06,0,0,0.349286,0.199198,34.5828,0,0
554,referral,2024-05-16,0,1,0.061004,0.011284,11.5612,1,1
555,social,2024-02-05,1,0,0.437115,0.000932,30.9932,1,1
556,referral,2024-03-09,0,1,0.004656,0.060352,21.7072,0,0
557,social,2024-06-11,1,0,0.011468,0.04254,30.4733,1,0
558,search,2024-01-28,0,0,0.057436,0.118667,207.052,0,0
559,social,2024-01-07,1,0,0.009227,0.018929,18.536,0,0
560,social,2024-02-27,1,0,0.542196,0.085869,18.9459,0,0
561,referral,2024-05-11,0,1,0.32543,0.000335,20.3012,1,1
562,search,2024-01-18,0,0,0.585167,0.00926,54.7158,0,0
563,search,2024-02-25,0,0,0.006614,0.01924,32.9854,1,0
564,social,2024-03-31,1,0,0.016121,0.025946,16.1406,0,0
565,search,2024-03-28,0,0,0.092606,0.035925,17.2632,0,0
566,social,2024-02-20,1,0,0.028976,0.042378,22.3905,0,0
567,referral,2024-05-26,0,1,0.367473,1e-06,17.1598,1,1
568,social,2024-02-16,1,0,0.202148,0.005812,28.1689,0,0
569,social,2024-06-27,1,0,0.126695,0.145113,16.2155,0,0
570,referral,2024-01-01,0,1,0.031922,0.073172,92.0208,0,0
571,social,2024-05-24,1,0,0.510368,0.004232,22.0571,1,1
572,referral,2024-05-18,0,1,0.156503,0.032523,14.9848,1,0
573,social,2024-01-11,1,0,0.176546,0.310863,15.0016,0,0
574,social,2024-05-24,1,0,0.290776,0.009864,58.937,1,1
575,search,2024-04-14,0,0,0.031709,1e-06,34.5122,1,1
576,search,2024-04-10,0,0,0.090294,0.029629,72.9677,0,0
577,social,2024-05-12,1,0,0.017236,0.094155,26.7119,0,0
578,search,2024-04-15,0,0,0.28472,0.005354,13.9745,1,1
579,search,2024-05-07,0,0,0.105072,0.001735,20.1451,1,0
580,social,2024-05-16,1,0,0.060767,0.095641,18.7752,0,0
581,social,2024-02-06,1,0,0.065255,0.104845,23.1749,0,0
582,search,2024-06-25,0,0,0.026043,0.031946,47.922,0,0
583,search,2024-02-02,0,0,0.268875,0.024771,63.3098,1,0
584,social,2024-05-31,1,0,0.000941,0.020176,15.9246,1,0
585,search,2024-05-21,0,0,0.121693,0.00278,19.8443,1,1
586,social,2024-04-10,1,0,0.000214,0.057134,31.3488,0,0
587,search,2024-03-07,0,0,0.05174,0.085368,15.8346,0,0
588,referral,2024-06-20,0,1,0.001177,0.000433,31.2888,1,1
589,search,2024-03-03,0,0,0.008786,0.021038,38.0015,0,0
590,search,2024-04-30,0,0,0.011434,0.012143,9.9683,0,0
591,search,2024-05-18,0,0,0.466769,0.044512,16.4806,1,0
592,social,2024-03-06,1,0,0.068524,0.187126,15.5174,0,0
593,referral,2024-04-20,0,1,0.064726,0.001057,110.214,1,1
594,search,2024-05-08,0,0,0.212506,0.050023,11.2537,0,0
595,search,2024-04-12,0,0,0.133858,0.02654,31.1044,1,0
596,search,2024-05-06,0,0,0.054667,0.077026,24.3845,0,0
597,social,2024-05-01,1,0,0.015509,2.4e-05,19.3403,1,1
598,search,2024-06-23,0,0,0.056022,0.003972,16.85,1,1
599,referral,2024-01-01,0,1,0.391359,0.020637,10.6355,1,1
600,search,2024-04-04,0,0,0.25694,0.413484,35.1916,0,0
601,social,2024-04-24,1,0,0.101689,0.035193,18.8097,0,0
602,social,2024-03-24,1,0,0.096451,0.077364,12.0352,0,0
603,social,2024-01-31,1,0,0.12032,0.193672,28.4345,0,0
604,search,2024-01-04,0,0,0.13369,0.035345,13.3677,0,0
605,referral,2024-04-10,0,1,0.150123,0.000315,14.8624,1,1
606,social,2024-04-08,1,0,0.043822,0.173301,21.5326,0,0
607,referral,2024-03-14,0,1,0.101568,0.054726,16.7042,0,0
608,search,2024-02-19,0,0,0.025444,4e-05,23.2771,1,1
609,social,2024-06-13,1,0,0.131529,0.036585,37.724,0,0
610,social,2024-05-22,1,0,0.203427,0.02572,25.5744,0,0
611,referral,2024-03-10,0,1,0.26231,0.011299,16.3126,0,0
612,search,2024-06-13,0,0,0.197067,0.115961,22.1998,0,0
613,referral,2024-02-05,0,1,0.326835,0.059217,39.2347,0,0
614,social,2024-06-10,1,0,0.04187,0.026878,145.7396,0,0
615,referral,2024-02-20,0,1,0.011312,0.003308,51.8521,1,1
616,social,2024-01-17,1,0,0.024181,0.609733,27.1172,0,0
617,social,2024-02-05,1,0,0.004239,0.075374,22.6946,0,0
618,social,2024-04-23,1,0,0.136589,0.061284,54.8853,0,0
619,search,2024-01-09,0,0,0.40297,0.007103,51.4526,0,0
620,search,2024-04-30,0,0,0.178709,0.001572,43.0747,1,1
621,social,2024-03-17,1,0,0.015753,0.033639,19.2316,1,1
622,referral,2024-02-17,0,1,0.220233,0.003929,21.5616,1,1
623,referral,2024-03-13,0,1,0.314516,5.7e-05,14.4694,1,1
624,search,2024-04-04,0,0,0.044603,0.011962,40.2327,0,0
625,social,2024-05-20,1,0,0.009199,0.010162,28.6914,0,0
626,social,2024-04-18,1,0,0.088892,0.06407,11.2835,0,0
627,search,2024-04-08,0,0,0.036539,0.000266,23.4216,1,1
628,social,2024-02-18,1,0,0.491992,0.022916,52.0859,1,1
629,referral,2024-05-15,0,1,0.03888,0.000988,16.5847,1,1
630,search,2024-03-17,0,0,0.276575,0.007805,27.1094,0,0
631,search,2024-03-27,0,0,0.038317,0.004825,10.0242,1,1
632,social,2024-06-02,1,0,0.021528,0.02163,30.9139,0,0
633,referral,2024-02-11,0,1,0.025843,0.035505,19.5701,1,0
634,social,2024-02-05,1,0,0.184505,0.092359,171.6505,0,0
635,referral,2024-01-25,0,1,0.438502,0.015584,19.2228,1,1
636,referral,2024-06-30,0,1,0.121489,0.03804,38.5796,0,0
637,social,2024-04-27,1,0,0.016872,0.000199,11.3681,1,1
638,social,2024-04-26,1,0,0.008531,0.046042,30.2555,0,0
639,search,2024-01-28,0,0,0.120699,0.059019,27.6738,0,0
640,search,2024-06-30,0,0,0.207753,8.7e-05,22.717,1,1
641,referral,2024-05-17,0,1,0.110859,0.005718,13.4311,1,0
642,search,2024-04-10,0,0,0.127332,1.7e-05,27.0926,1,1
643,search,2024-03-17,0,0,0.047155,0.006228,11.57,0,0
644,search,2024-05-20,0,0,0.020603,0.016403,58.4183,0,0
645,search,2024-03-21,0,0,0.004776,0.165214,34.2866,0,0
646,social,2024-05-31,1,0,0.012659,0.117044,22.6604,0,0
647,referral,2024-03-15,0,1,0.411867,0.112127,14.2733,0,0
648,search,2024-02-24,0,0,0.351307,0.003995,19.6468,0,0
649,social,2024-01-24,1,0,0.031218,0.029412,40.3124,0,0
650,search,2024-06-14,0,0,0.12026,0.118402,19.101,0,0
651,referral,2024-06-03,0,1,0.156659,0.023776,17.0363,0,0
652,referral,2024-01-21,0,1,0.094192,0.000385,75.1404,1,1
653,social,2024-02-02,1,0,0.031676,0.030265,25.6815,0,0
654,social,2024-05-18,1,0,0.002344,0.061088,19.7837,0,0
655,referral,2024-03-04,0,1,0.156235,0.054853,13.5205,0,0
656,search,2024-04-01,0,0,0.286514,0.035788,24.4567,0,0
657,referral,2024-02-29,0,1,0.541231,0.006871,13.6652,1,0
658,referral,2024-06-20,0,1,0.027449,0.000485,14.3131,1,1
659,referral,2024-06-02,0,1,0.027136,0.149673,19.3006,0,0
660,referral,2024-04-05,0,1,0.24186,0.000445,19.1677,1,1
661,social,2024-05-14,1,0,0.190335,0.033461,24.0141,0,0
662,social,2024-05-14,1,0,0.310302,0.005301,17.9077,1,1
663,social,2024-03-17,1,0,0.123101,0.01984,31.3033,0,0
664,search,2024-03-07,0,0,0.051553,0.052077,13.0222,0,0
665,referral,2024-02-02,0,1,0.053809,0.000452,12.5504,1,1
666,search,2024-03-03,0,0,0.025282,0.069408,22.4005,0,0
667,search,2024-01-26,0,0,0.069085,0.241034,56.3484,0,0
668,referral,2024-05-08,0,1,0.113976,0.002146,41.3819,1,1
669,referral,2024-04-11,0,1,0.041738,0.029641,10.3694,0,0
670,search,2024-02-11,0,0,0.031697,0.067723,38.673,1,0
671,referral,2024-06-10,0,1,0.037399,0.029048,53.7401,0,0
672,referral,2024-02-23,0,1,0.160354,0.00356,19.1079,1,1
673,social,2024-01-02,1,0,0.384835,0.09931,27.3432,0,0
674,social,2024-04-08,1,0,0.208852,0.00749,30.3644,1,1
675,search,2024-05-22,0,0,0.108412,0.000733,17.2698,1,1
676,search,2024-05-20,0,0,0.05053,0.061448,37.2782,0,0
677,search,2024-03-25,0,0,0.140557,0.010768,40.6848,0,0
678,search,2024-04-26,0,0,0.006526,0.063635,16.8937,0,0
679,search,2024-02-06,0,0,0.39158,0.153484,14.5646,0,0
680,search,2024-02-05,0,0,0.074921,0.012994,22.9021,0,0
681,search,2024-02-14,0,0,0.163201,0.135966,27.0412,0,0
682,social,2024-06-14,1,0,0.031854,0.058466,16.7371,0,0
683,social,2024-01-12,1,0,0.021644,9.3e-05,29.1006,1,1
684,social,2024-03-21,1,0,0.04102,0.022264,31.1432,1,1
685,social,2024-02-07,1,0,0.123187,0.03059,15.3199,0,0
686,social,2024-01-26,1,0,0.001754,0.239337,13.2291,0,0
687,referral,2024-05-12,0,1,0.045149,0.001311,33.2643,1,0
688,search,2024-05-15,0,0,0.299505,0.021127,84.9052,1,0
689,social,2024-03-17,1,0,0.071794,0.010598,36.1115,1,0
690,referral,2024-05-18,0,1,0.339879,0.005484,40.8486,1,1
691,search,2024-03-25,0,0,0.512681,0.003425,18.3161,0,0
692,social,2024-01-09,1,0,0.005956,0.00935,11.5406,1,1
693,social,2024-03-21,1,0,0.296265,1e-06,22.7099,1,1
694,search,2024-05-25,0,0,0.224495,0.078729,25.9198,0,0
695,social,2024-02-18,1,0,0.067579,0.002699,14.02,1,1
696,referral,2024-03-22,0,1,0.04823,0.065959,15.3879,0,0
697,social,2024-06-23,1,0,0.171069,3.6e-05,42.9008,1,1
698,social,2024-02-27,1,0,0.012861,0.003589,28.6304,1,1
699,social,2024-04-02,1,0,0.018146,0.037289,7.3243,0,0
700,social,2024-04-28,1,0,0.019668,0.004235,29.0728,0,0
701,search,2024-01-27,0,0,0.162152,0.014285,54.9841,1,0
702,search,2024-04-01,0,0,0.129262,8.6e-05,25.2195,1,1
703,referral,2024-03-30,0,1,0.199098,0.008049,17.0268,1,1
704,social,2024-05-07,1,0,0.041579,0.018538,17.8094,0,0
705,search,2024-05-01,0,0,0.094839,0.094414,18.8693,0,0
706,search,2024-06-25,0,0,0.009209,0.074116,43.5087,0,0
707,search,2024-06-28,0,0,0.368654,0.007636,27.2204,1,1
708,social,2024-02-02,1,0,0.299063,0.08612,23.3919,0,0
709,social,2024-05-24,1,0,0.016179,0.313798,17.1337,0,0
710,search,2024-02-18,0,0,0.13381,0.000328,86.1653,1,1
711,search,2024-05-29,0,0,0.556554,0.00119,40.497,1,1
712,referral,2024-05-15,0,1,0.049716,0.043859,42.2633,1,0
713,search,2024-06-19,0,0,0.32972,0.02553,26.3759,0,0
714,referral,2024-05-12,0,1,0.184355,0.018851,36.7481,1,1
715,search,2024-01-31,0,0,0.132653,0.02032,20.1843,1,0
716,social,2024-01-24,1,0,0.000396,0.199647,22.6163,0,0
717,social,2024-05-30,1,0,0.037504,4e-05,36.4367,1,1
718,social,2024-02-26,1,0,0.386991,0.002266,40.611,1,0
719,social,2024-05-19,1,0,0.150912,0.053499,26.4997,0,0
720,search,2024-04-16,0,0,0.217795,0.005504,14.1214,1,1
721,referral,2024-06-27,0,1,0.012353,0.000769,21.5248,0,0
722,social,2024-06-14,1,0,0.121075,0.003513,18.0071,1,1
723,referral,2024-04-08,0,1,0.461065,0.000326,11.9584,1,1
724,referral,2024-05-23,0,1,0.094867,0.025118,34.7048,1,1
725,social,2024-01-17,1,0,0.062375,0.071736,17.9539,0,0
726,referral,2024-06-25,0,1,0.10777,0.00086,20.1266,1,1
727,referral,2024-02-23,0,1,0.120155,0.102996,27.2218,0,0
728,social,2024-03-24,1,0,0.05117,0.18688,23.1835,0,0
729,social,2024-06-03,1,0,0.166176,0.080694,22.3589,0,0
730,social,2024-05-25,1,0,0.017757,4.4e-05,24.5912,1,1
731,social,2024-01-09,1,0,0.004965,0.008014,10.672,0,0
732,social,2024-06-13,1,0,0.048197,0.06804,21.5305,1,0
733,social,2024-04-26,1,0,0.270146,0.018059,16.532,0,0
734,search,2024-03-20,0,0,0.492619,0.111603,64.3951,0,0
735,search,2024-01-30,0,0,0.088947,0.001132,20.2949,1,1
736,search,2024-06-17,0,0,0.132327,0.001175,28.8306,1,1
737,search,2024-06-11,0,0,0.22015,0.082267,19.873,0,0
738,social,2024-03-10,1,0,0.079056,0.001703,17.7241,1,1
739,referral,2024-03-26,0,1,0.11885,0.000134,19.7311,1,1
740,search,2024-03-22,0,0,0.549923,0.022443,17.8077,0,0
741,referral,2024-03-22,0,1,0.36748,0.009414,20.7561,1,1
742,search,2024-02-18,0,0,0.08016,0.020631,14.6899,0,0
743,social,2024-01-14,1,0,0.003279,0.019885,24.2701,1,1
744,search,2024-01-15,0,0,0.027252,0.033093,11.5819,0,0
745,social,2024-06-29,1,0,0.118958,5e-06,29.5573,1,1
746,social,2024-04-14,1,0,0.062106,0.054817,20.2622,1,0
747,referral,2024-04-28,0,1,0.11313,0.089508,69.0368,0,0
748,search,2024-05-28,0,0,0.009796,0.061336,21.603,0,0
749,social,2024-04-23,1,0,0.083961,0.017996,42.2204,1,1
750,referral,2024-06-03,0,1,0.351915,0.006999,13.3705,1,1
751,social,2024-05-21,1,0,0.010965,0.002179,25.8832,0,0
752,search,2024-06-09,0,0,0.299938,0.000477,33.1955,1,1
753,referral,2024-01-06,0,1,0.055337,0.066119,22.4575,0,0
754,search,2024-01-17,0,0,0.281812,0.00438,115.3671,1,1
755,search,2024-04-27,0,0,0.565116,0.002989,29.6125,1,1
756,search,2024-05-31,0,0,0.035632,0.059263,36.9981,0,0
757,social,2024-01-17,1,0,0.177853,0.00356,25.0686,1,1
758,referral,2024-05-13,0,1,0.283466,0.038254,31.8793,0,0
759,referral,2024-03-05,0,1,0.17752,0.000309,99.9976,1,1
760,social,2024-06-11,1,0,0.030333,0.173699,22.2593,0,0
761,referral,2024-04-28,0,1,0.001429,0.001336,28.7812,1,1
762,referral,2024-01-21,0,1,0.038949,0.052243,19.0165,0,0
763,social,2024-04-30,1,0,0.116653,0.001789,26.2991,1,1
764,social,2024-03-17,1,0,0.061752,0.000621,16.2068,1,1
765,referral,2024-06-30,0,1,0.120197,0.003256,32.0404,1,0
766,social,2024-02-14,1,0,0.186952,0.078921,30.0039,0,0
767,search,2024-04-27,0,0,0.388535,0.00056,26.7863,1,1
768,referral,2024-01-20,0,1,0.037854,0.002729,14.1114,1,1
769,search,2024-05-01,0,0,0.130303,0.101712,27.9599,0,0
770,social,2024-04-27,1,0,0.054938,0.154533,19.6339,0,0
771,referral,2024-04-21,0,1,0.863922,0.03039,15.7298,0,0
772,social,2024-04-29,1,0,0.026174,0.014354,18.7648,1,1
773,social,2024-04-22,1,0,0.105504,0.002181,28.1828,1,1
774,social,2024-06-01,1,0,0.142291,0.001913,66.4063,1,1
775,search,2024-02-27,0,0,0.120825,0.032996,18.1611,0,0
776,social,2024-06-27,1,0,0.23604,0.089854,74.2412,0,0
777,social,2024-02-11,1,0,0.297447,0.109135,15.9851,0,0
778,social,2024-02-25,1,0,0.059977,0.007781,26.5619,0,0
779,social,2024-01-30,1,0,0.019408,0.04655,26.1947,0,0
780,referral,2024-01-21,0,1,0.072151,0.002653,38.3534,1,1
781,social,2024-05-26,1,0,0.200345,0.033346,15.5483,1,0
782,social,2024-04-02,1,0,0.16257,0.024557,13.4117,0,0
783,referral,2024-03-29,0,1,0.589568,0.000556,19.4251,1,1
784,social,2024-06-26,1,0,0.07499,0.001062,38.7652,1,1
785,search,2024-05-28,0,0,0.354472,1e-06,29.4297,1,1
786,social,2024-06-23,1,0,0.19827,0.008194,24.8981,1,1
787,referral,2024-01-23,0,1,0.114864,0.027865,25.8289,0,0
788,referral,2024-02-22,0,1,0.668373,0.002556,23.0742,1,1
789,search,2024-01-14,0,0,0.148776,0.01954,16.4279,0,0
790,social,2024-02-18,1,0,0.049895,0.069775,32.197,0,0
791,search,2024-03-12,0,0,0.031746,0.041125,12.6842,0,0
792,social,2024-04-01,1,0,0.123195,0.006657,19.1012,1,0
793,social,2024-02-01,1,0,0.001534,0.116385,47.4819,0,0
794,search,2024-06-03,0,0,0.052566,0.062755,83.1041,0,0
795,referral,2024-04-30,0,1,0.199949,0.135739,13.3498,0,0
796,social,2024-05-25,1,0,0.031046,0.01682,30.1441,0,0
797,search,2024-05-25,0,0,0.122037,0.057548,20.3644,1,0
798,social,2024-02-22,1,0,0.726548,0.113951,36.2073,0,0
799,search,2024-05-10,0,0,0.160819,0.018257,19.2867,0,0
800,search,2024-03-15,0,0,0.306898,0.053905,20.6119,0,0
801,social,2024-05-15,1,0,0.108052,0.004398,19.9463,1,0
802,social,2024-02-21,1,0,0.164183,0.000202,71.0531,1,1
803,social,2024-03-03,1,0,0.009082,0.001919,68.2076,1,1
804,search,2024-06-28,0,0,0.021963,0.001072,21.862,1,1
805,search,2024-04-11,0,0,0.008626,6e-05,13.6858,1,1
806,search,2024-01-02,0,0,0.038246,0.006214,14.6609,1,1
807,social,2024-05-30,1,0,0.019477,0.001691,9.1949,1,1
808,referral,2024-03-06,0,1,0.016475,0.010171,13.6885,1,1
809,referral,2024-01-19,0,1,0.128032,0.000562,53.761,1,1
810,referral,2024-06-22,0,1,0.071096,0.070653,22.3175,0,0
811,search,2024-05-21,0,0,0.129574,0.11994,5.6712,0,0
812,referral,2024-04-28,0,1,0.132874,0.003856,8.8322,1,0
813,referral,2024-01-06,0,1,0.0261,0.021195,17.4635,1,1
814,search,2024-01-26,0,0,0.036929,0.043679,27.4769,0,0
815,search,2024-02-24,0,0,0.232926,0.055628,9.5612,0,0
816,search,2024-01-06,0,0,0.166071,0.103517,48.2386,0,0
817,social,2024-01-14,1,0,0.088763,0.324363,23.0234,0,0
818,referral,2024-06-16,0,1,0.071903,0.044866,80.8724,0,0
819,search,2024-04-24,0,0,0.323596,0.12339,18.8557,0,0
820,referral,2024-04-29,0,1,0.04485,0.010625,45.6349,0,0
821,search,2024-06-19,0,0,0.002313,0.040065,27.4642,0,0
822,social,2024-06-22,1,0,0.013185,0.011305,12.2427,1,1
823,search,2024-05-10,0,0,0.065181,0.000123,11.0776,1,1
824,social,2024-06-05,1,0,0.087139,0.013848,39.5383,1,0
825,search,2024-03-09,0,0,0.360739,0.005967,10.8777,0,0
826,social,2024-01-29,1,0,0.054342,0.011831,30.8503,1,0
827,search,2024-03-16,0,0,0.039409,0.02318,28.9488,1,1
828,social,2024-03-06,1,0,0.070761,0.037036,37.4501,1,0
829,referral,2024-04-04,0,1,0.165977,0.001535,16.1493,1,1
830,search,2024-04-21,0,0,0.153089,0.006039,8.0431,1,1
831,referral,2024-02-25,0,1,0.825454,0.015274,16.1769,1,1
832,social,2024-02-24,1,0,0.026683,0.011796,10.038,0,0
833,search,2024-06-09,0,0,0.018627,0.037873,35.6282,0,0
834,search,2024-03-09,0,0,0.04653,0.029364,81.2097,1,0
835,search,2024-03-30,0,0,0.08039,0.021346,24.2569,0,0
836,search,2024-06-22,0,0,0.027558,0.05473,12.5876,1,0
837,referral,2024-01-21,0,1,0.155081,0.000459,39.4632,1,1
838,search,2024-05-05,0,0,0.415736,0.04107,17.7834,1,0
839,social,2024-05-09,1,0,0.155722,0.164383,34.066,0,0
840,social,2024-06-15,1,0,0.027517,0.093208,27.9819,0,0
841,social,2024-04-07,1,0,0.004516,0.355744,33.8084,0,0
842,social,2024-02-26,1,0,0.296944,0.016049,19.2141,0,0
843,search,2024-05-27,0,0,0.201923,0.011025,31.7969,1,1
844,search,2024-06-11,0,0,0.085263,0.01078,12.0517,0,0
845,social,2024-01-06,1,0,0.237011,0.162621,49.0046,0,0
846,referral,2024-02-27,0,1,0.161156,0.014695,9.2234,1,0
847,social,2024-06-25,1,0,0.153161,0.109578,28.332,0,0
848,search,2024-04-27,0,0,0.03217,0.091154,18.3713,0,0
849,referral,2024-05-14,0,1,0.36015,0.070381,22.6785,0,0
850,search,2024-05-07,0,0,0.102016,0.015448,19.9204,0,0
851,social,2024-01-07,1,0,0.109183,0.003642,22.8551,1,1
852,referral,2024-02-09,0,1,0.139408,4e-06,19.5565,1,1
853,search,2024-04-03,0,0,0.006032,0.177296,14.6192,0,0
854,search,2024-04-09,0,0,0.047736,0.074229,21.2565,0,0
855,search,2024-04-01,0,0,0.514803,0.007068,17.5286,1,1
856,social,2024-06-21,1,0,0.137518,0.044849,84.3942,1,0
857,referral,2024-03-22,0,1,0.146476,0.000988,145.6153,0,0
858,social,2024-05-18,1,0,0.031181,0.112339,11.8725,0,0
859,search,2024-05-01,0,0,0.196596,0.006115,15.3163,1,1
860,search,2024-02-14,0,0,0.142812,0.015717,42.0477,0,0
861,social,2024-05-04,1,0,0.266207,0.156323,14.4155,0,0
862,social,2024-02-01,1,0,1.086153,0.319011,39.714,0,0
863,search,2024-03-14,0,0,0.018949,0.020643,24.3982,1,1
864,social,2024-01-03,1,0,0.014393,0.008017,61.3991,1,1
865,social,2024-01-15,1,0,0.05427,0.142095,19.2979,0,0
866,search,2024-06-06,0,0,0.328548,0.001472,33.9006,1,1
867,social,2024-01-12,1,0,0.157163,0.006513,15.1589,1,0
868,search,2024-01-22,0,0,0.205451,0.026967,24.057,0,0
869,search,2024-01-16,0,0,0.018356,0.006456,20.9765,1,0
870,social,2024-01-12,1,0,0.091792,0.00659,34.2523,1,1
871,social,2024-04-07,1,0,0.021798,0.110885,31.2024,0,0
872,social,2024-02-15,1,0,0.004694,0.002042,12.4096,1,1
873,social,2024-06-08,1,0,0.285733,0.261325,33.7408,0,0
874,search,2024-01-02,0,0,0.004765,0.084648,22.1286,0,0
875,social,2024-05-20,1,0,0.67881,0.076449,34.4405,0,0
876,social,2024-02-20,1,0,0.028541,0.001044,23.6958,1,1
877,search,2024-03-31,0,0,0.175548,9.8e-05,29.2074,1,1
878,social,2024-01-07,1,0,0.009609,0.065006,31.8475,0,0
879,search,2024-05-16,0,0,0.042059,0.007884,39.3244,1,0
880,social,2024-03-10,1,0,0.116931,0.004248,44.6408,1,1
881,social,2024-06-08,1,0,0.367227,0.093896,15.4788,0,0
882,social,2024-05-21,1,0,0.513028,0.082886,15.6381,0,0
883,referral,2024-06-11,0,1,0.015854,0.002433,45.8135,1,1
884,social,2024-05-23,1,0,0.046676,0.001265,17.4212,1,1
885,search,2024-01-31,0,0,0.001101,0.005091,22.1206,1,0
886,search,2024-04-23,0,0,0.41456,0.018033,29.0738,0,0
887,search,2024-04-26,0,0,0.055499,0.006097,21.4458,1,1
888,search,2024-02-03,0,0,0.281589,0.019923,23.804,1,0
889,social,2024-03-15,1,0,0.060568,0.005336,13.3443,1,0
890,social,2024-06-23,1,0,0.134982,0.001184,28.812,1,1
891,social,2024-01-23,1,0,0.283641,0.040975,27.3851,0,0
892,social,2024-04-12,1,0,0.001289,0.003252,30.7878,1,0
893,search,2024-06-23,0,0,0.371456,0.003211,27.5382,1,1
894,referral,2024-01-14,0,1,1.251247,0.031985,31.8812,1,0
895,social,2024-05-20,1,0,0.04564,0.010448,14.8506,1,1
896,social,2024-05-01,1,0,0.003154,0.148597,12.5752,0,0
897,referral,2024-06-15,0,1,0.099104,0.045045,43.0731,0,0
898,social,2024-06-27,1,0,0.109458,0.002268,25.2492,1,1
899,social,2024-04-10,1,0,0.093083,0.030873,84.8408,0,0
900,social,2024-06-17,1,0,0.029769,0.015991,20.4062,1,1
901,social,2024-04-07,1,0,0.023005,0.196723,30.5855,0,0
902,referral,2024-02-29,0,1,0.651865,0.000117,11.1596,1,1
903,search,2024-05-14,0,0,0.001991,0.010048,46.8762,0,0
904,search,2024-01-25,0,0,0.113466,6e-06,19.1668,1,1
905,search,2024-02-08,0,0,0.113775,0.086046,12.4534,1,0
906,referral,2024-06-17,0,1,0.023159,0.060311,26.4866,0,0
907,search,2024-03-06,0,0,0.117139,0.028269,14.3019,1,1
908,referral,2024-04-02,0,1,0.287063,0.028855,30.155,0,0
909,search,2024-02-08,0,0,0.164568,0.029137,36.0412,1,1
910,referral,2024-06-10,0,1,0.732857,0.014773,32.6603,1,1
911,search,2024-01-16,0,0,0.168679,0.207382,27.6431,0,0
912,search,2024-05-17,0,0,0.207414,0.034596,25.3702,0,0
913,social,2024-05-21,1,0,0.11411,0.080808,20.9004,0,0
914,search,2024-05-09,0,0,0.160902,0.004663,13.3454,1,1
915,search,2024-05-02,0,0,0.036922,3e-06,32.6955,1,1
916,search,2024-06-15,0,0,0.048461,0.000461,32.027,1,1
917,search,2024-03-17,0,0,0.599355,0.053073,16.3513,0,0
918,referral,2024-06-14,0,1,0.295339,0.00391,33.2247,1,1
919,social,2024-02-29,1,0,0.067861,0.052806,66.2273,0,0
920,social,2024-06-30,1,0,0.142385,0.137447,29.201,0,0
921,search,2024-01-07,0,0,0.101332,0.006307,11.1608,1,0
922,social,2024-02-16,1,0,0.110966,0.326063,26.1263,0,0
923,referral,2024-04-08,0,1,0.711784,0.061795,28.0623,0,0
924,referral,2024-05-29,0,1,0.118651,0.001349,14.3275,1,1
925,social,2024-05-30,1,0,0.015698,0.063977,20.4213,0,0
926,social,2024-01-07,1,0,0.344071,0.065809,17.4756,0,0
927,search,2024-02-05,0,0,0.127696,0.00633,19.7345,1,1
928,search,2024-06-13,0,0,0.15282,0.00077,18.4681,1,1
929,social,2024-01-22,1,0,0.340072,0.011502,15.6678,0,0
930,search,2024-04-29,0,0,0.236942,0.050301,27.0921,0,0
931,search,2024-04-20,0,0,0.425065,0.048949,42.9102,0,0
932,social,2024-04-24,1,0,0.014027,0.003998,16.2881,1,1
933,search,2024-02-22,0,0,0.009284,0.013926,31.2834,1,0
934,referral,2024-01-20,0,1,0.001722,0.02915,12.9176,0,0
935,search,2024-05-05,0,0,0.287715,0.146571,15.0385,0,0
936,social,2024-03-06,1,0,0.045874,0.359121,15.0498,0,0
937,social,2024-06-19,1,0,0.094216,0.024626,23.1202,1,0
938,social,2024-01-31,1,0,0.042036,0.059897,38.2155,0,0
939,search,2024-02-06,0,0,0.04564,0.003882,11.0283,1,0
940,search,2024-06-18,0,0,0.009781,0.056322,46.9774,0,0
941,social,2024-01-26,1,0,0.222984,0.065155,12.0573,0,0
942,referral,2024-04-26,0,1,0.09869,0.000385,27.694,1,1
943,social,2024-05-25,1,0,0.009406,0.009606,9.1806,1,1
944,search,2024-01-13,0,0,0.02217,0.024996,25.9405,1,0
945,search,2024-05-12,0,0,0.157123,0.003319,36.6929,1,0
946,search,2024-03-12,0,0,0.002879,0.002388,66.9883,1,1
947,search,2024-03-18,0,0,0.153126,0.051618,119.7796,0,0
948,search,2024-01-13,0,0,0.051959,0.004087,13.3713,1,1
949,referral,2024-01-03,0,1,0.00605,0.079252,24.1523,1,0
950,search,2024-05-09,0,0,0.335384,0.009042,20.1002,0,0
951,social,2024-06-29,1,0,0.497019,0.072972,23.9832,0,0
952,search,2024-05-07,0,0,0.014867,0.096992,16.5511,0,0
953,search,2024-06-29,0,0,0.03202,0.011229,27.1224,0,0
954,social,2024-01-05,1,0,0.022376,0.025742,88.734,1,0
955,search,2024-02-27,0,0,0.254761,0.291722,20.8978,0,0
956,search,2024-03-12,0,0,0.12191,0.088615,30.68,0,0
957,social,2024-04-30,1,0,0.010669,0.006614,20.5366,1,1
958,referral,2024-01-13,0,1,0.055273,0.016357,8.7483,1,0
959,search,2024-06-15,0,0,0.031477,0.005081,19.6005,1,1
960,search,2024-05-01,0,0,0.157908,0.001388,16.759,1,0
961,social,2024-05-19,1,0,0.032783,0.000602,21.7941,1,1
962,social,2024-03-11,1,0,0.126176,0.073939,22.5105,0,0
963,search,2024-03-16,0,0,0.189365,0.093244,22.4216,0,0
964,search,2024-02-13,0,0,0.270988,0.032415,45.2807,0,0
965,referral,2024-01-19,0,1,0.295904,4.4e-05,16.3287,1,1
966,social,2024-01-26,1,0,0.109101,0.194767,15.9794,0,0
967,social,2024-06-05,1,0,0.162377,0.165409,19.5671,0,0
968,search,2024-05-24,0,0,0.185826,0.228993,14.2119,0,0
969,referral,2024-03-10,0,1,0.296681,0.010901,26.3359,1,0
970,search,2024-06-30,0,0,0.056959,0.030004,26.3198,1,0
971,search,2024-02-03,0,0,0.000107,0.116597,79.8884,0,0
972,social,2024-02-11,1,0,0.200845,2.6e-05,146.1204,1,1
973,referral,2024-01-02,0,1,0.054281,0.004608,22.1617,0,0
974,search,2024-06-08,0,0,0.074892,0.00602,16.3643,1,1
975,social,2024-04-02,1,0,0.193838,0.096047,35.7218,0,0
976,search,2024-04-04,0,0,0.092767,0.003222,16.074,1,1
977,referral,2024-03-19,0,1,0.392471,0.027683,22.1727,0,0
978,search,2024-04-30,0,0,0.023398,0.009012,20.7322,1,1
979,search,2024-04-04,0,0,0.006389,0.008484,34.3453,1,1
980,social,2024-05-28,1,0,0.254935,0.004257,25.1392,1,1
981,referral,2024-04-07,0,1,0.114717,0.003998,34.9069,1,1
982,social,2024-01-26,1,0,0.139161,0.086222,35.2665,0,0
983,social,2024-02-21,1,0,0.097628,0.000181,27.1656,1,1
984,search,2024-01-18,0,0,0.460404,0.003853,110.8875,1,1
985,search,2024-02-13,0,0,0.10329,0.076364,14.7125,0,0
986,social,2024-02-19,1,0,0.154007,0.059618,51.4411,0,0
987,search,2024-04-15,0,0,0.095094,0.076871,18.9659,0,0
988,referral,2024-05-26,0,1,0.217842,0.001355,20.9636,1,1
989,referral,2024-03-06,0,1,0.073917,0.000468,22.6089,0,0
990,social,2024-02-04,1,0,0.044367,0.074514,88.0548,0,0
991,search,2024-01-31,0,0,0.082828,0.003826,7.5976,1,1
992,referral,2024-05-24,0,1,0.13716,0.006101,17.9855,1,1
993,social,2024-04-08,1,0,0.010782,0.033209,30.8216,0,0
994,social,2024-04-24,1,0,0.045684,0.002001,32.7672,1,1
995,search,2024-04-12,0,0,0.267321,0.029666,38.7005,0,0
996,social,2024-04-20,1,0,0.039262,0.209691,30.2661,0,0
997,referral,2024-03-17,0,1,0.032844,0.006777,37.0223,1,1
998,search,2024-01-16,0,0,0.07631,0.061341,21.7822,0,0
999,search,2024-05-20,0,0,0.174365,0.163466,19.9988,0,0
1000,search,2024-05-08,0,0,0.043312,0.06735,36.8913,0,0
1001,referral,2024-05-28,0,1,0.171216,0.071511,23.8886,0,0
1002,search,2024-04-16,0,0,0.189897,0.003464,15.0177,1,1
1003,social,2024-03-15,1,0,0.022222,0.080847,42.2959,0,0
1004,social,2024-05-14,1,0,0.047667,0.101177,27.6177,0,0
1005,social,2024-05-24,1,0,0.002536,0.158014,29.2124,0,0
1006,search,2024-03-03,0,0,0.134529,0.099092,14.7062,0,0
1007,referral,2024-01-04,0,1,0.067022,0.042141,39.9615,0,0
1008,search,2024-04-27,0,0,0.010744,0.020779,19.9089,0,0
1009,referral,2024-06-05,0,1,0.107419,0.007322,80.5036,0,0
1010,search,2024-01-03,0,0,0.043286,0.011481,35.0149,0,0
1011,social,2024-02-03,1,0,0.053245,0.120707,20.5391,0,0
1012,search,2024-03-28,0,0,0.365836,0.056189,82.8689,1,0
1013,search,2024-05-14,0,0,0.019396,0.073764,18.1087,0,0
1014,referral,2024-02-27,0,1,0.019951,0.009429,16.2944,1,0
1015,search,2024-06-12,0,0,0.064081,0.009036,37.6158,1,1
1016,social,2024-06-20,1,0,0.079564,0.009044,45.3841,1,1
1017,social,2024-02-02,1,0,0.011679,0.27025,17.9539,0,0
1018,search,2024-05-23,0,0,0.073021,0.078923,18.8768,0,0
1019,social,2024-04-30,1,0,0.176817,0.013383,21.6792,1,0
1020,referral,2024-06-29,0,1,0.047504,0.000908,45.3171,1,1
1021,search,2024-02-06,0,0,0.004412,0.007203,61.3634,0,0
1022,referral,2024-03-17,0,1,0.080708,0.000553,24.1333,1,1
1023,search,2024-03-15,0,0,0.239822,0.097153,45.1563,0,0
1024,social,2024-02-21,1,0,0.542609,0.14045,24.6903,0,0
1025,search,2024-06-07,0,0,0.018962,0.005869,29.8939,1,1
1026,search,2024-04-21,0,0,0.205742,0.039055,22.6356,0,0
1027,social,2024-05-23,1,0,0.030352,0.022694,37.5128,1,1
1028,search,2024-04-25,0,0,0.138851,0.008059,46.5421,1,0
1029,referral,2024-05-02,0,1,0.116915,0.001126,27.714,1,1
1030,social,2024-02-21,1,0,0.038445,0.083552,32.8355,0,0
1031,search,2024-04-19,0,0,0.377529,0.008792,19.6034,0,0
1032,social,2024-04-11,1,0,0.058124,0.004711,14.2434,1,0
1033,search,2024-06-10,0,0,0.029191,0.039017,80.9219,0,0
1034,social,2024-01-18,1,0,0.083081,0.06059,12.1818,0,0
1035,referral,2024-06-07,0,1,0.092312,0.003174,17.8634,1,1
1036,referral,2024-06-19,0,1,0.023598,0.016732,14.5012,1,1
1037,search,2024-03-16,0,0,0.002657,0.111791,61.3892,0,0
1038,search,2024-01-15,0,0,0.219959,0.020594,27.5201,1,0
1039,social,2024-02-26,1,0,0.162863,0.021024,24.8656,1,1
1040,search,2024-06-20,0,0,0.013476,0.033286,54.067,0,0
1041,referral,2024-03-15,0,1,0.162506,0.002264,22.4953,1,1
1042,social,2024-04-07,1,0,0.037534,0.142719,28.4101,0,0
1043,social,2024-01-26,1,0,0.031427,0.080036,31.7054,0,0
1044,social,2024-05-07,1,0,0.111503,0.299856,57.0195,0,0
1045,referral,2024-04-10,0,1,0.073203,0.000285,36.1195,1,1
1046,social,2024-04-18,1,0,0.030035,0.004574,24.2324,1,1
1047,social,2024-05-08,1,0,0.063003,0.357964,13.5876,0,0
1048,search,2024-01-26,0,0,0.028886,0.191025,14.6983,0,0
1049,referral,2024-05-08,0,1,0.011888,0.000218,25.9019,1,1
1050,referral,2024-05-05,0,1,0.125511,0.01111,23.994,1,0
1051,search,2024-01-18,0,0,0.258333,0.036359,40.9576,0,0
1052,search,2024-04-22,0,0,0.683204,0.000742,22.712,1,0
1053,referral,2024-06-15,0,1,0.001559,0.072505,44.1516,0,0
1054,social,2024-02-13,1,0,0.234436,0.005196,31.7893,1,1
1055,search,2024-02-17,0,0,0.451663,0.072756,18.7707,0,0
1056,search,2024-05-19,0,0,0.25488,0.129199,26.4684,0,0
1057,social,2024-03-16,1,0,0.06764,6.1e-05,37.6082,1,1
1058,social,2024-06-25,1,0,0.032861,0.000435,41.6386,1,1
1059,search,2024-06-11,0,0,0.078438,0.150692,12.5432,0,0
1060,search,2024-03-20,0,0,0.134551,0.014893,16.4786,1,0
1061,referral,2024-01-06,0,1,0.29818,0.051537,31.1709,0,0
1062,referral,2024-05-26,0,1,0.054374,0.009296,31.542,1,0
1063,social,2024-05-31,1,0,0.263705,0.019101,20.9278,1,0
1064,referral,2024-02-04,0,1,0.001379,8e-05,24.3316,1,1
1065,social,2024-02-10,1,0,0.001863,0.001444,27.556,1,1
1066,referral,2024-03-05,0,1,0.26016,0.090291,20.1343,0,0
1067,search,2024-05-25,0,0,0.028044,0.00011,26.6314,1,1
1068,search,2024-06-15,0,0,0.188088,0.00028,65.1067,1,1
1069,search,2024-05-07,0,0,0.13633,0.009,27.353,0,0
1070,social,2024-03-01,1,0,0.06434,0.014129,13.5457,1,1
1071,search,2024-06-15,0,0,0.866161,0.000976,24.8012,1,1
1072,referral,2024-04-18,0,1,0.404749,0.019561,26.0005,1,0
1073,search,2024-04-16,0,0,0.075263,0.081693,33.5105,0,0
1074,referral,2024-01-19,0,1,0.050902,0.122204,22.7133,0,0
1075,search,2024-03-11,0,0,0.108281,0.287277,23.6731,0,0
1076,search,2024-06-13,0,0,0.440742,0.046426,17.6131,0,0
1077,search,2024-02-21,0,0,0.183368,0.038745,21.8701,0,0
1078,search,2024-04-16,0,0,0.096818,3.9e-05,29.0399,1,1
1079,search,2024-05-11,0,0,0.340659,8.8e-05,14.1507,1,1
1080,search,2024-02-01,0,0,0.325928,0.000808,20.675,1,1
1081,referral,2024-03-06,0,1,0.805275,0.00974,18.4313,1,0
1082,search,2024-04-24,0,0,0.111394,0.080305,45.5093,0,0
1083,social,2024-04-02,1,0,0.117172,0.056813,37.337,0,0
1084,search,2024-06-24,0,0,0.024843,0.006628,12.0089,1,0
1085,search,2024-06-30,0,0,0.075614,0.032725,22.1099,0,0
1086,social,2024-02-12,1,0,0.601598,0.024303,69.3526,0,0
1087,search,2024-03-15,0,0,0.05163,0.003673,39.6016,1,1
1088,search,2024-02-14,0,0,0.063366,0.220356,15.4162,0,0
1089,search,2024-03-10,0,0,0.029512,0.019703,13.2094,0,0
1090,social,2024-01-18,1,0,0.133371,0.094005,14.1741,0,0
1091,referral,2024-02-12,0,1,0.386615,0.031345,20.9462,0,0
1092,search,2024-02-23,0,0,0.026032,0.031561,30.9707,0,0
1093,search,2024-02-23,0,0,0.036979,0.006449,26.7113,0,0
1094,search,2024-05-13,0,0,0.121214,0.027265,18.6734,0,0
1095,search,2024-02-17,0,0,0.15496,1.1e-05,8.4316,1,1
1096,search,2024-05-20,0,0,0.127149,0.032514,23.8522,0,0
1097,referral,2024-02-13,0,1,0.230108,0.01894,34.1809,1,0
1098,search,2024-02-06,0,0,0.025854,0.324759,76.1104,0,0
1099,referral,2024-06-05,0,1,0.192225,0.027315,47.5184,0,0
1100,search,2024-06-20,0,0,0.161738,0.043873,21.0809,0,0
1101,social,2024-05-20,1,0,0.211033,0.081704,33.4261,0,0
1102,social,2024-03-27,1,0,0.133238,0.121945,16.315,0,0
1103,search,2024-05-04,0,0,0.00343,0.077197,21.9313,0,0
1104,referral,2024-06-21,0,1,0.112707,4.2e-05,11.7481,1,1
1105,social,2024-01-07,1,0,0.054436,0.004823,13.1247,1,0
1106,social,2024-06-22,1,0,0.110471,0.461648,23.2049,0,0
1107,search,2024-03-08,0,0,0.081343,0.000483,50.9919,1,1
1108,search,2024-03-07,0,0,0.06475,0.039823,23.4623,0,0
1109,social,2024-04-15,1,0,0.206447,0.017281,13.1079,0,0
1110,search,2024-04-18,0,0,0.148365,0.001027,16.4751,1,1
1111,referral,2024-02-26,0,1,0.027066,0.059786,51.8426,0,0
1112,referral,2024-01-24,0,1,0.025513,8e-06,38.7739,1,1
1113,social,2024-06-12,1,0,0.077121,0.003199,25.1347,1,0
1114,social,2024-06-21,1,0,0.253642,0.119741,43.221,0,0
1115,social,2024-05-09,1,0,0.351262,0.086501,33.1949,0,0
1116,search,2024-06-09,0,0,0.392745,0.169989,31.9478,0,0
1117,search,2024-01-17,0,0,0.00132,0.078716,11.273,0,0
1118,search,2024-02-13,0,0,0.431515,5.9e-05,47.6543,1,1
1119,social,2024-06-30,1,0,0.06759,0.147612,27.111,0,0
1120,social,2024-06-07,1,0,0.144415,0.000201,41.005,1,1
1121,social,2024-06-21,1,0,0.292742,0.01296,32.3356,0,0
1122,search,2024-02-27,0,0,0.039494,0.002157,30.9173,1,1
1123,referral,2024-02-26,0,1,0.257099,0.141906,42.3231,0,0
1124,search,2024-05-12,0,0,0.041635,0.090242,25.9695,0,0
1125,search,2024-02-27,0,0,0.010296,0.1361,30.86,0,0
1126,search,2024-04-29,0,0,0.025865,0.025558,27.7491,0,0
1127,social,2024-02-14,1,0,0.022549,0.172369,17.7726,0,0
1128,referral,2024-02-13,0,1,0.771993,4e-06,55.3994,1,1
1129,social,2024-04-26,1,0,0.070241,0.545597,18.0779,0,0
1130,social,2024-04-18,1,0,0.1047,0.053,64.2722,0,0
1131,referral,2024-02-13,0,1,0.44877,0.033974,17.0254,0,0
1132,referral,2024-05-27,0,1,0.431626,0.00055,43.0726,1,1
1133,social,2024-04-04,1,0,0.013014,0.010541,20.1996,1,1
1134,social,2024-06-21,1,0,0.325426,0.001452,18.8718,1,1
1135,referral,2024-03-08,0,1,0.154799,0.003038,27.914,0,0
1136,search,2024-05-27,0,0,0.495514,0.002488,23.368,0,0
1137,social,2024-06-18,1,0,0.070861,0.007942,51.8643,1,1
1138,social,2024-06-20,1,0,0.008652,0.010558,44.8719,1,1
1139,social,2024-04-13,1,0,0.134881,0.045842,21.425,0,0
1140,search,2024-02-09,0,0,0.092605,0.021564,33.0228,0,0
1141,search,2024-04-24,0,0,0.079627,0.000706,17.4235,1,1
1142,referral,2024-03-12,0,1,0.296616,0.007686,35.7723,0,0
1143,referral,2024-04-07,0,1,1.119933,0.000105,47.3888,1,1
1144,search,2024-05-20,0,0,0.259402,0.14644,14.4965,0,0
1145,social,2024-06-23,1,0,0.029062,0.001435,17.078,1,1
1146,social,2024-05-31,1,0,0.189872,0.145636,12.395,0,0
1147,social,2024-05-21,1,0,0.074079,0.03249,21.1245,0,0
1148,search,2024-03-16,0,0,0.017066,0.009269,22.7894,1,0
1149,search,2024-01-22,0,0,0.194438,4.5e-05,38.2607,1,1
1150,social,2024-03-19,1,0,0.171618,0.126527,22.1404,0,0
1151,social,2024-02-15,1,0,0.053671,0.176944,27.64,0,0
1152,social,2024-01-25,1,0,0.002108,0.022537,20.2199,0,0
1153,social,2024-01-15,1,0,0.344071,0.087772,29.2501,0,0
1154,referral,2024-05-08,0,1,0.166282,0.029216,22.4062,0,0
1155,social,2024-05-26,1,0,0.04152,0.007251,31.4707,1,0
1156,search,2024-01-30,0,0,0.171837,0.10273,9.9588,0,0
1157,search,2024-01-18,0,0,0.4067,0.05183,44.0168,0,0
1158,social,2024-04-19,1,0,0.006093,0.246598,16.1842,0,0
1159,search,2024-06-04,0,0,0.241958,0.022362,13.5389,0,0
1160,social,2024-05-09,1,0,0.452078,0.015119,57.1631,1,1
1161,search,2024-01-11,0,0,0.088871,0.013054,11.8764,1,1
1162,search,2024-04-06,0,0,0.017602,0.002406,28.9703,1,1
1163,search,2024-04-23,0,0,0.284448,0.00954,41.1033,1,1
1164,search,2024-03-16,0,0,0.132264,0.000135,82.4079,1,1
1165,search,2024-05-23,0,0,0.009655,0.009266,40.3764,0,0
1166,referral,2024-02-12,0,1,0.012712,0.00055,44.1491,1,1
1167,search,2024-01-21,0,0,0.035658,0.0164,13.2995,1,1
1168,referral,2024-05-30,0,1,0.01211,0.003453,7.9126,1,1
1169,search,2024-05-06,0,0,0.557983,0.076915,22.7836,0,0
1170,social,2024-05-13,1,0,0.021705,0.035648,21.1444,0,0
1171,social,2024-04-17,1,0,0.002348,0.000194,28.332,1,1
1172,social,2024-03-20,1,0,0.131547,0.216264,39.2233,0,0
1173,referral,2024-03-03,0,1,0.035679,0.024455,23.3211,1,0
1174,search,2024-03-28,0,0,0.048413,0.077647,18.4511,0,0
1175,social,2024-03-06,1,0,0.066683,0.000783,29.9263,1,1
1176,search,2024-05-01,0,0,0.21607,0.088589,60.1063,0,0
1177,social,2024-05-07,1,0,0.068552,0.007311,20.0124,1,0
1178,social,2024-02-12,1,0,0.034632,0.023097,83.111,0,0
1179,search,2024-05-22,0,0,0.186783,1e-05,27.8568,1,1
1180,search,2024-01-19,0,0,0.052149,0.00251,13.6052,0,0
1181,search,2024-04-24,0,0,0.017985,0.003637,30.4766,1,1
1182,social,2024-01-25,1,0,0.037705,0.005355,23.5879,1,0
1183,search,2024-04-01,0,0,0.014413,0.052799,16.7991,0,0
1184,social,2024-05-31,1,0,0.107653,0.011564,16.0873,1,0
1185,social,2024-06-08,1,0,0.148159,0.196867,35.7867,0,0
1186,search,2024-06-01,0,0,0.342654,1.5e-05,26.7746,1,1
1187,referral,2024-06-19,0,1,0.075927,0.000219,21.5816,1,1
1188,social,2024-03-22,1,0,0.450808,7.1e-05,25.8199,1,1
1189,social,2024-04-04,1,0,0.180388,0.021835,20.6154,0,0
1190,search,2024-01-17,0,0,0.169969,0.018022,9.7039,0,0
1191,search,2024-03-04,0,0,0.068326,0.022609,62.7365,1,1
1192,search,2024-05-28,0,0,0.209922,0.006745,13.0614,0,0
1193,social,2024-06-21,1,0,0.246583,0.022273,50.7031,0,0
1194,search,2024-05-05,0,0,0.114335,0.051007,51.3654,0,0
1195,search,2024-03-16,0,0,0.122686,0.033348,22.2374,0,0
1196,social,2024-05-01,1,0,0.072622,0.096395,30.2003,0,0
1197,search,2024-05-18,0,0,0.004427,0.041283,22.1407,0,0
1198,search,2024-05-11,0,0,0.6367,0.018921,24.272,1,0
1199,search,2024-04-29,0,0,0.03188,0.000772,26.1474,1,0
1200,search,2024-05-04,0,0,0.030184,0.031236,12.6942,1,0
1201,search,2024-05-16,0,0,0.249011,0.029132,16.3715,0,0
1202,social,2024-01-20,1,0,0.004793,0.03958,17.5085,0,0
1203,referral,2024-06-12,0,1,0.030457,0.005171,20.3477,1,1
1204,social,2024-03-02,1,0,0.001185,0.005243,13.5996,1,1
1205,search,2024-06-25,0,0,0.011299,0.003353,14.0326,0,0
1206,social,2024-03-12,1,0,0.176276,9.3e-05,38.1427,1,1
1207,search,2024-03-03,0,0,0.037109,0.003415,9.4674,1,1
1208,social,2024-06-13,1,0,0.119318,0.107209,24.1586,0,0
1209,search,2024-03-15,0,0,0.025872,0.000736,17.9519,1,1
1210,social,2024-02-13,1,0,0.102755,0.071289,45.3044,0,0
1211,referral,2024-01-02,0,1,0.260631,0.047941,33.2906,0,0
1212,referral,2024-04-24,0,1,0.015722,0.002032,50.0298,1,1
1213,social,2024-04-21,1,0,0.096174,0.26539,15.0988,0,0
1214,search,2024-01-02,0,0,0.000373,0.032797,18.418,0,0
1215,search,2024-01-24,0,0,0.190118,0.020861,24.7249,1,1
1216,search,2024-02-29,0,0,0.674475,0.013363,17.2721,1,0
1217,search,2024-01-15,0,0,0.20706,0.143743,23.0007,0,0
1218,search,2024-03-15,0,0,0.109463,0.047836,56.127,0,0
1219,referral,2024-04-03,0,1,0.206228,0.000347,37.1676,1,1
1220,search,2024-04-05,0,0,0.019818,0.003477,63.4417,1,1
1221,search,2024-05-03,0,0,0.079001,0.112412,24.5054,0,0
1222,referral,2024-06-28,0,1,0.013095,0.003199,17.1078,1,1
1223,social,2024-03-23,1,0,0.248645,0.036569,101.7829,1,0
1224,search,2024-01-03,0,0,0.161311,0.092386,112.6621,0,0
1225,social,2024-06-08,1,0,0.216268,0.044944,50.3658,0,0
1226,social,2024-04-24,1,0,0.008998,0.02411,31.2032,0,0
1227,social,2024-04-15,1,0,0.063961,0.021729,35.7592,0,0
1228,search,2024-06-17,0,0,0.003678,0.000117,46.1584,1,1
1229,social,2024-06-20,1,0,0.256727,0.034163,7.6047,1,0
1230,search,2024-05-14,0,0,0.032087,0.241931,37.0411,0,0
1231,social,2024-01-28,1,0,0.144316,0.458016,42.1303,0,0
1232,referral,2024-03-08,0,1,0.038339,0.000956,15.4778,1,1
1233,search,2024-01-17,0,0,0.115034,0.015855,13.7794,0,0
1234,social,2024-05-13,1,0,0.032919,0.515215,35.3445,0,0
1235,search,2024-05-23,0,0,0.0381,0.198873,14.8153,0,0
1236,search,2024-05-09,0,0,0.004843,0.06452,31.4446,0,0
1237,social,2024-01-23,1,0,0.041058,0.230028,8.7336,0,0
1238,search,2024-03-03,0,0,0.194751,0.041201,21.5261,0,0
1239,search,2024-01-17,0,0,0.038575,0.000556,25.7496,1,1
1240,social,2024-02-19,1,0,0.136691,0.171988,48.9565,0,0
1241,social,2024-02-17,1,0,0.163069,0.051285,23.0546,0,0
1242,referral,2024-04-24,0,1,0.126128,0.051149,50.2172,0,0
1243,referral,2024-03-05,0,1,0.069413,0.00999,14.2999,0,0
1244,social,2024-05-11,1,0,0.088023,0.099081,28.4856,0,0
1245,referral,2024-01-07,0,1,0.114612,0.002916,33.4383,1,1
1246,referral,2024-03-05,0,1,0.826389,0.002765,41.3673,1,0
1247,social,2024-01-06,1,0,0.374014,0.011008,13.5976,0,0
1248,search,2024-06-10,0,0,0.230401,0.000354,23.7746,1,1
1249,search,2024-06-12,0,0,0.02213,0.002801,32.9856,1,1
1250,social,2024-04-14,1,0,0.085453,0.138078,35.6233,0,0
1251,social,2024-05-23,1,0,0.02146,0.034143,31.3766,1,0
1252,search,2024-03-17,0,0,0.011594,0.040831,64.7988,0,0
1253,referral,2024-03-30,0,1,0.218914,0.009827,38.4556,0,0
1254,social,2024-04-26,1,0,0.020737,0.092598,30.461,0,0
1255,search,2024-03-19,0,0,0.000313,0.03552,13.3842,1,0
1256,referral,2024-03-28,0,1,0.173479,0.055587,15.3044,0,0
1257,social,2024-01-22,1,0,0.068009,0.068429,25.6927,0,0
1258,search,2024-02-17,0,0,0.124192,0.084812,60.4484,0,0
1259,social,2024-05-07,1,0,0.088336,0.129642,18.8017,0,0
1260,social,2024-06-10,1,0,0.031176,0.072032,38.7773,0,0
1261,referral,2024-02-12,0,1,0.437241,0.000395,28.2851,1,1
1262,social,2024-02-05,1,0,0.195554,0.42273,25.7669,0,0
1263,search,2024-03-25,0,0,0.038888,0.07065,15.6442,0,0
1264,search,2024-04-27,0,0,0.240174,0.006917,134.7885,0,0
1265,search,2024-02-24,0,0,0.161028,0.000547,46.3717,1,1
1266,search,2024-06-21,0,0,0.184575,0.079343,22.6932,0,0
1267,referral,2024-04-16,0,1,0.660257,0.060305,15.7402,0,0
1268,search,2024-01-09,0,0,0.116095,0.034118,94.4201,0,0
1269,referral,2024-04-11,0,1,0.146734,0.084956,35.987,0,0
1270,search,2024-02-17,0,0,0.030717,0.200044,15.5574,0,0
1271,social,2024-04-13,1,0,0.054949,0.090997,23.1695,0,0
1272,search,2024-06-21,0,0,0.030717,0.001372,17.9311,1,1
1273,search,2024-06-09,0,0,0.168225,0.13811,17.6408,0,0
1274,search,2024-01-25,0,0,0.213032,0.000745,13.9982,1,1
1275,referral,2024-06-22,0,1,0.0506,0.004062,34.5184,1,1
1276,social,2024-04-01,1,0,0.260034,0.034686,8.1568,0,0
1277,search,2024-04-15,0,0,0.006215,0.002035,23.9956,1,1
1278,search,2024-06-24,0,0,0.066174,0.000253,18.4589,1,1
1279,search,2024-05-01,0,0,0.00306,0.05279,59.0203,0,0
1280,social,2024-01-28,1,0,0.367846,0.008416,85.566,1,0
1281,referral,2024-06-20,0,1,0.290983,0.017038,19.8694,1,1
1282,social,2024-01-13,1,0,0.195574,0.014307,25.1748,0,0
1283,social,2024-02-10,1,0,0.056164,0.023512,26.8483,0,0
1284,search,2024-02-20,0,0,0.014167,0.033015,17.6546,1,1
1285,social,2024-06-21,1,0,0.043244,0.000199,18.7872,1,1
1286,social,2024-01-27,1,0,0.020027,0.022692,23.531,0,0
1287,social,2024-02-12,1,0,0.032187,0.036384,39.2391,0,0
1288,search,2024-01-01,0,0,0.102479,0.264038,27.802,0,0
1289,social,2024-01-02,1,0,0.1159,0.105776,14.8958,0,0
1290,search,2024-03-29,0,0,0.384988,0.017063,38.7304,0,0
1291,search,2024-06-24,0,0,0.302912,0.017001,12.2612,1,0
1292,search,2024-03-27,0,0,0.28182,0.011722,23.5533,1,1
1293,search,2024-03-18,0,0,0.453059,0.045697,29.2823,0,0
1294,search,2024-06-27,0,0,0.247914,0.211065,54.6329,0,0
1295,social,2024-02-12,1,0,0.001105,0.057454,29.6761,0,0
1296,social,2024-06-16,1,0,0.417122,0.003245,80.5767,0,0
1297,search,2024-05-24,0,0,0.022999,0.031946,26.9193,1,0
1298,social,2024-01-01,1,0,0.105977,0.001785,23.0341,1,1
1299,social,2024-02-18,1,0,0.000825,0.000999,76.9902,1,1
1300,referral,2024-03-21,0,1,0.903675,0.047199,20.3788,0,0
1301,referral,2024-06-02,0,1,0.010796,0.045122,16.9758,1,0
1302,referral,2024-02-05,0,1,0.07786,0.002069,23.2995,1,1
1303,referral,2024-01-10,0,1,0.153841,0.014334,22.7915,0,0
1304,referral,2024-03-09,0,1,0.434195,0.004853,39.4445,1,1
1305,referral,2024-02-14,0,1,0.027257,0.01337,60.8431,1,1
1306,referral,2024-03-04,0,1,0.125351,0.011278,37.3578,0,0
1307,search,2024-04-16,0,0,0.09647,0.012082,10.6277,0,0
1308,search,2024-04-06,0,0,0.175552,0.000375,10.8617,1,1
1309,referral,2024-04-30,0,1,0.105666,0.068383,11.1946,0,0
1310,search,2024-01-21,0,0,0.122036,0.026569,27.5657,0,0
1311,referral,2024-03-28,0,1,0.807201,0.063614,9.1697,0,0
1312,referral,2024-06-20,0,1,0.186531,0.029625,12.8502,0,0
1313,social,2024-02-13,1,0,0.006431,0.070284,84.7061,0,0
1314,search,2024-04-08,0,0,0.099043,5.4e-05,57.8973,1,1
1315,social,2024-06-07,1,0,0.060093,0.134346,46.8234,0,0
1316,referral,2024-02-03,0,1,0.226174,0.039696,10.5431,0,0
1317,search,2024-06-16,0,0,0.018029,0.152184,30.3407,0,0
1318,referral,2024-03-18,0,1,0.39607,0.011826,50.2153,1,1
1319,social,2024-01-12,1,0,0.002226,0.000621,35.832,1,1
1320,referral,2024-06-01,0,1,0.27714,0.053328,26.813,0,0
1321,search,2024-02-15,0,0,0.085088,0.031549,33.9178,0,0
1322,referral,2024-03-17,0,1,0.110036,0.033667,34.9564,0,0
1323,search,2024-05-02,0,0,0.299983,0.245654,27.0375,0,0
1324,social,2024-04-06,1,0,0.150159,0.000114,14.7628,1,1
1325,referral,2024-05-23,0,1,0.054187,0.003345,16.4094,1,1
1326,social,2024-06-04,1,0,0.013283,0.058243,13.9431,0,0
1327,search,2024-05-17,0,0,0.576903,0.005892,48.7534,1,1
1328,referral,2024-01-29,0,1,0.145594,0.131244,20.0468,0,0
1329,social,2024-02-11,1,0,0.184669,0.302088,24.8232,0,0
1330,search,2024-06-22,0,0,0.271124,0.00195,41.4542,1,1
1331,referral,2024-02-04,0,1,0.549987,0.000953,18.5138,1,1
1332,referral,2024-06-23,0,1,0.12131,0.011035,28.4735,0,0
1333,referral,2024-03-17,0,1,0.252975,0.005151,37.4824,0,0
1334,social,2024-02-16,1,0,0.252236,0.011619,15.2109,0,0
1335,search,2024-03-04,0,0,0.349307,0.153818,35.9336,0,0
1336,social,2024-02-25,1,0,0.174889,0.080033,24.1346,0,0
1337,social,2024-03-17,1,0,0.045236,0.072709,13.8029,0,0
1338,social,2024-04-23,1,0,0.037886,0.02464,25.7334,0,0
1339,search,2024-04-18,0,0,0.047462,0.015145,27.479,1,1
1340,search,2024-06-13,0,0,0.000753,0.017677,42.3474,1,0
1341,search,2024-03-30,0,0,0.36357,0.005838,58.563,1,0
1342,search,2024-02-11,0,0,0.000133,0.015597,14.006,0,0
1343,search,2024-02-05,0,0,0.092464,0.015423,32.0042,0,0
1344,search,2024-03-17,0,0,0.166058,0.001281,41.1661,1,1
1345,social,2024-01-16,1,0,0.004592,0.002252,19.3353,1,1
1346,social,2024-06-27,1,0,0.000947,0.025034,145.4326,1,0
1347,social,2024-06-26,1,0,0.084451,0.014683,13.6537,1,0
1348,search,2024-06-25,0,0,0.244438,0.105108,78.8809,0,0
1349,search,2024-01-29,0,0,0.180121,0.006303,22.7891,1,1
1350,search,2024-05-08,0,0,0.02224,0.004653,20.9962,1,1
1351,search,2024-03-14,0,0,0.020661,0.049686,21.1311,0,0
1352,search,2024-03-22,0,0,0.007124,8.3e-05,30.6137,1,1
1353,search,2024-01-13,0,0,0.186219,0.024497,26.3461,0,0
1354,search,2024-02-25,0,0,0.053017,0.013979,25.3677,0,0
1355,search,2024-03-02,0,0,0.191172,0.001011,13.2355,1,1
1356,social,2024-06-22,1,0,0.051091,0.000489,107.836,1,1
1357,search,2024-06-08,0,0,0.248625,0.008615,10.727,0,0
1358,search,2024-04-02,0,0,0.135144,0.101532,18.404,0,0
1359,social,2024-03-21,1,0,0.200107,0.096215,31.9386,0,0
1360,social,2024-06-09,1,0,0.08036,0.014014,51.2516,1,1
1361,social,2024-01-30,1,0,0.101405,0.02488,17.3593,0,0
1362,social,2024-05-28,1,0,0.023299,0.046329,21.5141,0,0
1363,search,2024-05-05,0,0,0.148968,5.1e-05,62.7965,1,1
1364,referral,2024-03-22,0,1,0.052137,0.005191,19.1668,1,1
1365,social,2024-03-14,1,0,0.000245,0.098855,17.0983,0,0
1366,referral,2024-01-22,0,1,0.342006,0.029654,12.9139,0,0
1367,search,2024-05-24,0,0,0.247267,0.122226,28.8229,0,0
1368,search,2024-03-18,0,0,0.091901,0.019414,10.8002,0,0
1369,referral,2024-05-23,0,1,0.022839,0.026042,13.9032,0,0
1370,search,2024-05-22,0,0,0.012716,0.000523,46.0668,1,1
1371,referral,2024-06-23,0,1,0.111634,0.001625,27.3276,1,1
1372,social,2024-06-27,1,0,0.029458,0.035931,27.47,0,0
1373,search,2024-02-19,0,0,0.042393,0.04333,19.4476,0,0
1374,social,2024-03-23,1,0,9.8e-05,0.11449,40.8988,0,0
1375,search,2024-01-06,0,0,0.161599,0.031774,29.437,0,0
1376,referral,2024-06-06,0,1,0.005789,0.001164,23.834,1,1
1377,social,2024-05-12,1,0,0.247502,0.113795,66.5292,0,0
1378,social,2024-02-17,1,0,0.083603,0.228168,90.3816,0,0
1379,search,2024-05-13,0,0,0.134728,0.008321,25.1895,1,1
1380,search,2024-06-13,0,0,0.289896,0.026041,12.5106,1,0
1381,search,2024-03-28,0,0,0.417319,0.000609,22.5765,1,1
1382,social,2024-02-23,1,0,0.022329,0.049447,60.1256,0,0
1383,referral,2024-03-27,0,1,0.042711,0.020174,32.2723,0,0
1384,search,2024-03-12,0,0,0.202282,0.005077,15.0994,1,1
1385,social,2024-05-07,1,0,0.093017,0.000996,28.625,1,1
1386,referral,2024-05-13,0,1,0.048527,0.047468,25.3776,1,0
1387,search,2024-01-12,0,0,0.12893,0.044672,26.7472,1,0
1388,social,2024-06-05,1,0,0.448016,0.001403,30.2396,1,1
1389,referral,2024-06-23,0,1,0.121315,0.014853,42.2241,1,0
1390,social,2024-02-07,1,0,0.05601,0.243283,17.0817,0,0
1391,search,2024-01-13,0,0,0.017503,0.014322,78.8675,1,1
1392,social,2024-04-07,1,0,0.048932,0.257676,13.0633,0,0
1393,search,2024-01-21,0,0,0.002872,0.008559,14.0189,1,1
1394,search,2024-04-07,0,0,0.316138,0.052683,21.1327,0,0
1395,referral,2024-02-09,0,1,0.294664,0.010786,68.8835,0,0
1396,social,2024-06-09,1,0,0.018511,0.016899,43.7199,0,0
1397,search,2024-03-22,0,0,0.000581,0.026707,41.168,0,0
1398,social,2024-04-14,1,0,0.009251,0.320851,51.1598,0,0
1399,social,2024-05-14,1,0,0.011882,0.013689,16.6236,1,1
1400,referral,2024-02-24,0,1,0.106812,0.015402,12.5183,1,1
1401,social,2024-06-22,1,0,0.4248,0.010184,28.0081,0,0
1402,referral,2024-01-23,0,1,0.035544,0.000623,23.1154,1,1
1403,social,2024-02-26,1,0,0.160391,0.03996,37.5361,0,0
1404,search,2024-03-27,0,0,0.004208,0.089799,30.3961,0,0
1405,social,2024-01-20,1,0,0.02992,0.021287,51.2845,0,0
1406,search,2024-01-11,0,0,0.713131,0.023874,30.9957,1,0
1407,search,2024-04-04,0,0,0.047943,0.001665,56.1538,1,1
1408,search,2024-06-07,0,0,0.033364,0.037313,19.4533,1,0
1409,social,2024-03-06,1,0,0.521884,0.279673,21.7768,0,0
1410,search,2024-03-28,0,0,0.012469,0.053658,9.95,0,0
1411,search,2024-03-08,0,0,0.006694,0.017776,16.872,0,0
1412,referral,2024-04-07,0,1,0.232103,0.037807,12.0508,0,0
1413,search,2024-05-18,0,0,0.781981,0.060191,21.5825,0,0
1414,social,2024-02-16,1,0,0.012944,0.019317,28.305,1,0
1415,social,2024-06-20,1,0,0.106769,0.034269,27.4158,0,0
1416,search,2024-05-31,0,0,0.38023,0.001583,51.4117,1,1
1417,social,2024-02-11,1,0,0.111718,0.143616,30.6235,0,0
1418,search,2024-05-20,0,0,0.059102,0.035699,80.7141,1,1
1419,referral,2024-01-26,0,1,0.652082,0.122217,68.8266,0,0
1420,search,2024-01-30,0,0,0.140005,0.172342,19.0127,0,0
1421,search,2024-05-18,0,0,0.194028,0.001675,58.5294,1,1
1422,social,2024-06-19,1,0,0.4558,0.208862,63.8339,0,0
1423,social,2024-04-12,1,0,0.037594,0.206115,14.7749,0,0
1424,referral,2024-03-10,0,1,0.035751,0.075309,44.1582,0,0
1425,social,2024-01-08,1,0,0.012389,0.145061,29.3915,0,0
1426,referral,2024-01-28,0,1,0.167504,0.005961,10.8559,1,0
1427,social,2024-01-04,1,0,0.193342,0.032202,36.8168,1,0
1428,referral,2024-01-19,0,1,0.19593,0.056452,26.24,0,0
1429,referral,2024-02-26,0,1,0.150233,0.006355,18.257,0,0
1430,referral,2024-05-08,0,1,0.028154,0.004221,26.9169,1,1
1431,search,2024-01-21,0,0,0.147093,0.018893,42.5043,1,0
1432,referral,2024-02-15,0,1,0.406601,0.021689,20.3064,0,0
1433,social,2024-04-21,1,0,0.051919,0.513167,18.0343,0,0
1434,search,2024-05-07,0,0,0.004768,0.000459,11.3617,1,1
1435,search,2024-03-27,0,0,0.470354,0.085517,24.8176,0,0
1436,search,2024-05-15,0,0,0.061102,0.0,26.9449,1,1
1437,social,2024-06-24,1,0,0.180939,0.127411,22.4213,0,0
1438,search,2024-01-02,0,0,0.659283,0.000486,33.8522,1,1
1439,search,2024-04-13,0,0,0.082479,0.009082,144.8412,1,1
1440,search,2024-06-03,0,0,0.127892,0.050865,30.6871,0,0
1441,search,2024-03-15,0,0,0.004438,0.011083,36.9273,0,0
1442,search,2024-05-25,0,0,0.001362,0.018262,20.2478,1,0
1443,search,2024-01-06,0,0,0.035285,0.027732,25.172,1,1
1444,referral,2024-03-16,0,1,0.338281,0.000604,19.8193,1,1
1445,social,2024-04-15,1,0,0.068887,0.150136,18.148,0,0
1446,social,2024-05-13,1,0,0.085863,0.077194,21.0288,0,0
1447,referral,2024-06-29,0,1,0.078391,0.009596,24.838,1,1
1448,social,2024-04-01,1,0,0.070002,0.054331,25.6577,0,0
1449,referral,2024-01-27,0,1,0.002472,0.039597,30.7908,0,0
1450,social,2024-04-11,1,0,0.029079,0.000914,22.8197,1,1
1451,search,2024-02-14,0,0,0.056542,0.000999,23.4872,1,1
1452,social,2024-01-31,1,0,0.036201,0.005293,18.2432,0,0
1453,search,2024-06-13,0,0,0.041309,0.017615,15.6324,1,0
1454,search,2024-04-01,0,0,0.002023,0.030247,17.3279,0,0
1455,search,2024-05-11,0,0,0.360721,0.001452,24.8763,1,1
1456,referral,2024-02-02,0,1,1.144875,0.039935,32.2546,0,0
1457,search,2024-04-27,0,0,0.127913,0.164352,45.616,0,0
1458,referral,2024-05-29,0,1,0.61115,0.023126,47.3491,0,0
1459,search,2024-01-14,0,0,0.046642,0.006059,14.6041,1,1
1460,search,2024-01-27,0,0,0.014941,0.008734,19.453,0,0
1461,social,2024-05-21,1,0,0.203385,0.007771,14.0808,1,1
1462,search,2024-04-06,0,0,0.001749,0.115608,35.1243,0,0
1463,social,2024-03-17,1,0,0.048695,0.297305,16.7285,0,0
1464,search,2024-05-27,0,0,0.053744,0.020697,32.1666,1,1
1465,social,2024-02-25,1,0,0.065604,0.103856,68.8433,0,0
1466,search,2024-06-16,0,0,0.064446,0.433561,20.6265,0,0
1467,search,2024-05-29,0,0,0.361355,0.062181,10.3857,0,0
1468,search,2024-04-23,0,0,0.14328,0.040242,18.8759,1,0
1469,referral,2024-06-20,0,1,0.603482,0.036507,22.3584,0,0
1470,search,2024-03-18,0,0,0.606282,0.070184,23.5727,0,0
1471,social,2024-01-14,1,0,0.089206,0.164718,31.1692,0,0
1472,search,2024-03-28,0,0,0.001537,0.000948,18.2397,1,1
1473,search,2024-06-27,0,0,0.128467,0.00214,20.2597,0,0
1474,search,2024-06-15,0,0,0.028775,0.00057,21.1726,1,1
1475,social,2024-05-06,1,0,0.08791,0.014105,29.0075,1,0
1476,social,2024-06-01,1,0,0.205404,0.026671,21.7872,0,0
1477,referral,2024-03-18,0,1,0.111318,0.050343,21.9981,0,0
1478,referral,2024-04-02,0,1,0.05287,0.002836,24.9718,1,1
1479,referral,2024-06-10,0,1,0.075978,0.014183,28.5233,1,0
1480,search,2024-06-16,0,0,0.569464,0.001366,39.9869,1,0
1481,social,2024-06-09,1,0,0.059741,0.101139,24.0386,0,0
1482,search,2024-02-21,0,0,0.057153,0.026625,26.6154,0,0
1483,referral,2024-03-24,0,1,0.183484,0.000439,43.9783,1,1
1484,search,2024-01-15,0,0,0.00738,0.142751,40.6431,0,0
1485,search,2024-05-13,0,0,0.014402,0.162731,30.1259,0,0
1486,search,2024-06-27,0,0,0.235875,0.031071,34.0472,1,0
1487,search,2024-05-19,0,0,0.341843,0.104414,14.5137,0,0
1488,referral,2024-06-04,0,1,0.209128,0.006484,39.9693,1,1
1489,social,2024-02-27,1,0,0.024514,0.042864,28.8212,0,0
1490,social,2024-04-14,1,0,0.024785,0.047674,33.671,0,0
1491,social,2024-04-07,1,0,0.013678,0.026872,10.9919,0,0
1492,social,2024-01-08,1,0,0.018525,0.035253,26.2867,0,0
1493,referral,2024-06-13,0,1,0.103293,0.138121,43.9543,0,0
1494,referral,2024-05-02,0,1,0.059584,0.037162,47.1221,0,0
1495,search,2024-01-11,0,0,0.131342,0.005115,27.1533,1,1
1496,social,2024-04-29,1,0,0.105252,0.017404,19.1207,0,0
1497,search,2024-03-01,0,0,0.004022,0.013397,23.4095,0,0
1498,search,2024-01-28,0,0,0.264122,0.043683,66.9252,0,0
1499,search,2024-06-05,0,0,0.028304,0.005134,26.2306,1,0
1500,social,2024-02-10,1,0,0.267826,9.8e-05,14.9657,1,1
1501,search,2024-04-10,0,0,0.001895,0.030805,93.9326,1,0
1502,social,2024-02-21,1,0,0.034802,0.166103,25.8368,0,0
1503,social,2024-05-07,1,0,0.054011,0.174538,15.5053,0,0
1504,referral,2024-06-16,0,1,0.132434,0.07024,20.5561,0,0
1505,referral,2024-05-10,0,1,0.014587,0.058982,50.862,1,0
1506,search,2024-01-14,0,0,0.001346,0.010858,33.7226,0,0
1507,social,2024-01-13,1,0,0.129314,0.120654,30.7148,0,0
1508,search,2024-01-15,0,0,0.044009,0.015885,22.7236,0,0
1509,social,2024-02-19,1,0,0.154155,0.030692,33.2305,1,1
1510,search,2024-02-19,0,0,1.43685,0.001482,136.0663,1,1
1511,search,2024-05-07,0,0,0.018175,0.019437,18.4074,1,0
1512,referral,2024-03-24,0,1,0.310533,0.001758,20.9625,1,1
1513,referral,2024-03-09,0,1,0.196388,0.007647,58.6897,1,1
1514,social,2024-03-11,1,0,0.053132,0.247388,21.7135,0,0
1515,search,2024-06-28,0,0,0.493831,0.003032,23.7383,1,1
1516,search,2024-03-07,0,0,0.125797,0.018114,17.0203,1,1
1517,search,2024-02-04,0,0,0.591965,0.042995,32.2963,0,0
1518,search,2024-04-24,0,0,0.061351,0.201627,32.6882,0,0
1519,search,2024-04-04,0,0,0.236631,0.004371,16.3188,1,1
1520,search,2024-03-03,0,0,0.172826,0.111031,24.6068,0,0
1521,search,2024-01-20,0,0,0.084884,0.006151,97.5824,1,1
1522,search,2024-04-13,0,0,0.629084,0.02581,26.2643,1,0
1523,referral,2024-05-03,0,1,0.121068,0.017856,62.2728,0,0
1524,social,2024-04-03,1,0,0.04994,0.13976,67.4974,0,0
1525,social,2024-04-06,1,0,0.007691,0.066646,14.4957,0,0
1526,social,2024-03-11,1,0,0.122721,0.00258,24.9399,0,0
1527,search,2024-03-01,0,0,0.045575,0.003202,17.2361,1,1
1528,social,2024-02-03,1,0,0.141653,0.306469,14.1796,0,0
1529,referral,2024-04-29,0,1,0.310629,0.000931,9.8808,1,1
1530,referral,2024-01-25,0,1,0.528977,0.023587,13.4927,0,0
1531,search,2024-06-16,0,0,0.075718,0.006128,61.1743,1,1
1532,referral,2024-02-23,0,1,0.421056,0.168575,24.6415,0,0
1533,social,2024-06-28,1,0,0.05846,0.025804,33.7836,0,0
1534,search,2024-06-11,0,0,0.207388,0.000898,24.5018,1,1
1535,social,2024-02-28,1,0,0.219615,0.49264,12.4919,0,0
1536,search,2024-06-27,0,0,0.014264,0.010729,32.8148,1,0
1537,search,2024-01-14,0,0,0.454069,0.042695,18.445,0,0
1538,social,2024-01-20,1,0,0.087745,0.166232,27.6179,0,0
1539,social,2024-02-12,1,0,0.064425,0.077781,77.2829,0,0
1540,search,2024-06-16,0,0,0.696753,0.013182,31.5824,1,0
1541,search,2024-06-28,0,0,0.155225,0.047039,26.6727,0,0
1542,search,2024-02-24,0,0,0.141568,0.13061,30.5459,0,0
1543,search,2024-05-14,0,0,0.056317,0.082706,34.873,0,0
1544,social,2024-02-11,1,0,0.032166,0.013227,31.3627,0,0
1545,search,2024-02-13,0,0,0.049054,0.002228,19.4929,1,0
1546,social,2024-01-18,1,0,0.148146,0.124751,51.2681,0,0
1547,referral,2024-03-13,0,1,0.369684,0.006569,16.5808,0,0
1548,referral,2024-02-05,0,1,0.128142,0.011694,34.4384,0,0
1549,search,2024-03-18,0,0,0.028297,0.049215,53.7564,0,0
1550,search,2024-01-21,0,0,0.151477,0.001518,15.8701,1,1
1551,search,2024-06-19,0,0,0.130099,0.191786,21.8813,0,0
1552,search,2024-02-24,0,0,0.044164,0.030686,18.9766,1,1
1553,search,2024-02-04,0,0,0.216533,0.033265,24.3923,0,0
1554,social,2024-06-26,1,0,0.177621,0.00758,12.7369,0,0
1555,social,2024-03-09,1,0,0.120577,0.017921,36.1748,1,0
1556,search,2024-06-14,0,0,0.047405,0.084073,30.9963,0,0
1557,search,2024-05-30,0,0,0.199137,0.023899,19.6085,1,0
1558,search,2024-05-25,0,0,0.082768,0.004485,44.6919,1,1
1559,social,2024-03-20,1,0,0.087289,0.121333,41.9351,0,0
1560,search,2024-05-17,0,0,0.691127,0.038069,26.0766,1,0
1561,search,2024-02-23,0,0,0.002594,0.255931,20.4952,0,0
1562,social,2024-03-27,1,0,0.000657,0.073628,33.74,0,0
1563,search,2024-02-08,0,0,0.088638,0.00036,22.6401,1,1
1564,social,2024-02-22,1,0,0.053037,0.000537,13.8799,1,1
1565,search,2024-05-03,0,0,0.483285,0.010162,16.7577,1,1
1566,social,2024-03-17,1,0,0.074458,0.274863,39.2049,0,0
1567,search,2024-06-15,0,0,0.095903,0.089669,29.7147,0,0
1568,search,2024-04-21,0,0,0.014822,0.096598,19.5995,0,0
1569,social,2024-04-03,1,0,0.117224,0.109809,72.9929,0,0
1570,search,2024-04-04,0,0,0.005931,0.005264,21.6792,1,1
1571,social,2024-03-04,1,0,0.068777,0.009871,33.1507,1,1
1572,referral,2024-04-08,0,1,0.118982,0.023606,21.9695,0,0
1573,search,2024-02-29,0,0,0.050641,0.003527,12.8756,0,0
1574,social,2024-02-28,1,0,0.078087,0.045415,21.2439,0,0
1575,social,2024-01-29,1,0,0.060099,0.007618,26.1589,1,0
1576,search,2024-01-29,0,0,0.042798,0.023087,48.3509,1,0
1577,social,2024-05-04,1,0,0.018414,0.400734,11.5972,0,0
1578,search,2024-04-22,0,0,0.115066,0.005714,17.1555,0,0
1579,search,2024-02-05,0,0,0.013185,0.003005,14.2684,1,1
1580,search,2024-05-09,0,0,0.007383,0.182399,16.6986,0,0
1581,social,2024-03-17,1,0,0.000248,0.094913,39.3644,0,0
1582,social,2024-06-29,1,0,0.064703,0.016999,29.5083,1,0
1583,social,2024-05-09,1,0,0.127961,0.007608,22.2817,1,1
1584,referral,2024-06-04,0,1,0.238769,0.014593,40.5956,0,0
1585,referral,2024-05-17,0,1,0.040809,0.014914,18.1587,1,0
1586,search,2024-04-25,0,0,0.164835,1.3e-05,19.1536,1,1
1587,social,2024-03-17,1,0,0.042754,0.383483,14.3535,0,0
1588,search,2024-04-09,0,0,0.139892,0.01184,17.7438,0,0
1589,search,2024-03-20,0,0,0.343153,0.086724,24.2002,0,0
1590,referral,2024-01-31,0,1,0.378935,0.131577,17.4652,0,0
1591,social,2024-04-22,1,0,0.191359,0.098427,26.718,0,0
1592,search,2024-04-20,0,0,0.152692,0.186325,24.9525,0,0
1593,search,2024-02-04,0,0,0.323222,0.039448,23.996,0,0
1594,social,2024-01-06,1,0,0.023104,0.003481,29.8386,1,1
1595,referral,2024-01-30,0,1,0.302039,0.000921,20.4063,1,1
1596,social,2024-03-03,1,0,0.014372,0.005695,20.5481,1,1
1597,social,2024-01-31,1,0,0.012125,0.00855,27.9122,1,0
1598,search,2024-01-18,0,0,0.044832,0.027827,27.5197,0,0
1599,search,2024-01-25,0,0,0.293692,0.16114,16.8736,0,0
1600,social,2024-06-28,1,0,0.018823,0.030079,13.5724,1,1
1601,social,2024-05-03,1,0,0.081085,0.007718,19.9748,1,0
1602,search,2024-05-19,0,0,0.004853,0.042055,9.2529,0,0
1603,search,2024-03-06,0,0,0.272863,0.001552,21.7136,1,1
1604,referral,2024-02-16,0,1,0.14719,0.002927,18.7983,1,1
1605,search,2024-01-29,0,0,0.034819,0.097575,58.483,0,0
1606,social,2024-05-30,1,0,0.115379,0.005641,18.0027,1,1
1607,search,2024-02-22,0,0,0.013282,0.009405,11.2669,0,0
1608,referral,2024-03-13,0,1,0.028413,0.001812,47.7496,1,1
1609,search,2024-02-28,0,0,0.041384,0.021505,42.3664,0,0
1610,social,2024-03-02,1,0,0.031694,0.057346,18.4338,0,0
1611,referral,2024-06-09,0,1,0.534594,0.013872,22.349,1,1
1612,social,2024-04-27,1,0,0.039094,0.05091,55.4966,0,0
1613,search,2024-06-06,0,0,0.012885,0.014477,52.05,1,1
1614,referral,2024-02-14,0,1,0.048586,0.018469,18.467,0,0
1615,referral,2024-03-26,0,1,0.028321,0.065791,23.5248,0,0
1616,social,2024-01-11,1,0,0.088138,0.010364,44.9491,1,0
1617,search,2024-05-20,0,0,0.010366,4.4e-05,53.4899,1,1
1618,social,2024-04-03,1,0,0.018715,0.115087,29.099,0,0
1619,referral,2024-04-19,0,1,0.085295,0.002939,10.5141,1,0
1620,social,2024-06-07,1,0,6e-06,0.357079,25.0038,0,0
1621,search,2024-01-07,0,0,0.209891,0.000855,17.3221,1,1
1622,referral,2024-02-14,0,1,0.018689,0.014493,9.2445,1,0
1623,search,2024-05-23,0,0,0.461552,0.021419,30.3724,1,1
1624,search,2024-03-25,0,0,0.021889,0.004142,17.3398,1,1
1625,referral,2024-01-13,0,1,0.026927,0.06182,17.8773,0,0
1626,social,2024-01-12,1,0,0.073132,0.6088,38.2571,0,0
1627,search,2024-05-25,0,0,0.122458,0.080935,25.8328,0,0
1628,social,2024-06-27,1,0,0.19319,0.016867,16.6223,0,0
1629,referral,2024-02-10,0,1,0.009514,0.00569,32.964,1,1
1630,referral,2024-01-23,0,1,0.003755,0.019008,40.1979,0,0
1631,search,2024-05-06,0,0,0.112225,0.021437,10.8275,0,0
1632,search,2024-05-16,0,0,0.262998,0.003325,17.7435,1,1
1633,search,2024-02-01,0,0,0.179416,0.003428,27.8897,1,1
1634,search,2024-03-06,0,0,0.117568,0.012092,13.6208,1,1
1635,search,2024-05-18,0,0,0.063664,0.133121,27.4834,0,0
1636,search,2024-01-16,0,0,0.046892,0.012011,26.687,0,0
1637,social,2024-02-23,1,0,0.126454,0.023469,31.9396,0,0
1638,social,2024-06-13,1,0,0.116375,0.000477,13.8161,1,1
1639,search,2024-01-24,0,0,0.032868,0.024372,23.0807,0,0
1640,referral,2024-01-20,0,1,0.1105,0.001708,19.7076,1,1
1641,search,2024-05-20,0,0,0.291627,0.008509,17.6121,1,1
1642,search,2024-01-13,0,0,0.191499,0.034429,43.0046,0,0
1643,social,2024-02-17,1,0,0.026359,0.462393,16.3562,0,0
1644,search,2024-03-09,0,0,0.032925,0.000274,18.157,1,1
1645,search,2024-06-27,0,0,0.480709,0.034348,17.0893,0,0
1646,social,2024-01-29,1,0,0.166453,0.017138,24.9453,1,1
1647,search,2024-03-24,0,0,0.034305,0.004707,17.4988,1,1
1648,social,2024-05-07,1,0,0.281443,0.004359,10.8192,1,1
1649,search,2024-01-25,0,0,0.235522,0.001298,22.6811,1,1
1650,referral,2024-06-15,0,1,0.283766,0.026409,52.8583,0,0
1651,search,2024-06-02,0,0,0.236666,0.023063,24.6907,0,0
1652,referral,2024-02-01,0,1,0.059702,0.012683,20.2866,0,0
1653,social,2024-05-23,1,0,0.036544,0.436346,16.2442,0,0
1654,referral,2024-05-20,0,1,0.080312,0.024457,25.9418,0,0
1655,search,2024-05-24,0,0,0.017004,0.026097,57.21,0,0
1656,search,2024-04-01,0,0,0.462824,0.040544,37.2973,1,0
1657,search,2024-04-29,0,0,0.229196,0.000751,82.4464,1,1
1658,referral,2024-01-20,0,1,0.398333,0.031186,28.8945,1,0
1659,search,2024-04-24,0,0,0.075105,0.118675,29.3627,0,0
1660,search,2024-03-20,0,0,0.11262,0.053286,17.9577,0,0
1661,social,2024-04-09,1,0,0.00803,0.017149,25.31,1,0
1662,referral,2024-04-13,0,1,0.247413,0.104684,12.3874,0,0
1663,social,2024-02-03,1,0,0.142034,0.142068,20.6464,0,0
1664,search,2024-02-21,0,0,0.355603,0.061852,19.2728,0,0
1665,search,2024-02-14,0,0,0.628524,0.013154,14.6068,1,0
1666,social,2024-01-22,1,0,0.169715,0.008964,21.0259,1,1
1667,social,2024-02-04,1,0,0.085666,0.000973,21.0436,1,1
1668,search,2024-04-14,0,0,0.229815,0.018905,24.9293,1,0
1669,search,2024-02-15,0,0,0.108393,0.000351,34.3103,1,1
1670,search,2024-06-02,0,0,0.055477,0.011593,15.0728,1,1
1671,search,2024-01-14,0,0,0.673085,0.002862,38.0705,1,1
1672,social,2024-03-06,1,0,0.020873,0.001679,26.8131,1,0
1673,referral,2024-06-08,0,1,0.059947,0.002943,21.0389,1,1
1674,search,2024-01-12,0,0,0.110896,0.038876,13.9465,0,0
1675,social,2024-04-22,1,0,0.263647,0.003091,30.069,1,1
1676,search,2024-04-21,0,0,0.476316,6.4e-05,43.2075,1,1
1677,search,2024-06-05,0,0,0.319089,0.065589,22.5969,0,0
1678,social,2024-06-20,1,0,0.264071,0.000362,11.8608,0,0
1679,search,2024-02-16,0,0,0.22945,0.005822,14.9942,1,0
1680,search,2024-06-26,0,0,0.671248,0.001991,25.5434,1,1
1681,referral,2024-01-07,0,1,0.077444,0.003901,34.8142,0,0
1682,search,2024-06-02,0,0,0.018786,0.036898,11.8835,0,0
1683,referral,2024-03-04,0,1,0.008649,0.018312,29.3378,0,0
1684,search,2024-01-19,0,0,0.238798,0.075151,39.4032,0,0
1685,search,2024-04-06,0,0,0.065747,0.131414,21.1793,0,0
1686,social,2024-03-31,1,0,0.085058,0.201439,30.1782,0,0
1687,referral,2024-02-05,0,1,0.315356,0.01295,119.1409,0,0
1688,social,2024-04-03,1,0,0.037305,0.245386,14.2834,0,0
1689,search,2024-06-21,0,0,0.063487,1.6e-05,35.8948,1,1
1690,search,2024-01-27,0,0,0.19377,0.03546,14.7786,0,0
1691,search,2024-03-24,0,0,0.029977,0.201699,16.1547,0,0
1692,search,2024-01-14,0,0,0.02278,0.006253,28.3459,1,1
1693,search,2024-02-23,0,0,0.221339,0.017808,13.2806,0,0
1694,search,2024-04-24,0,0,0.319597,0.04155,19.8493,0,0
1695,social,2024-01-20,1,0,0.027988,0.019184,13.7201,0,0
1696,search,2024-01-13,0,0,0.160908,0.061887,14.2832,0,0
1697,referral,2024-05-17,0,1,0.105655,0.016644,37.1897,1,1
1698,social,2024-06-10,1,0,0.000504,0.034395,17.0433,0,0
1699,search,2024-03-10,0,0,0.394789,0.063118,26.1717,0,0
1700,social,2024-03-26,1,0,0.117471,0.093848,37.6591,0,0
1701,search,2024-06-07,0,0,0.002116,0.188143,27.4944,0,0
1702,search,2024-01-21,0,0,0.033334,0.066117,27.8644,0,0
1703,search,2024-05-09,0,0,0.021746,0.004754,31.1605,1,0
1704,search,2024-03-08,0,0,0.020323,0.302712,18.4984,0,0
1705,referral,2024-05-27,0,1,0.009267,0.00475,17.7874,1,1
1706,search,2024-04-30,0,0,0.087828,0.253145,39.8208,0,0
1707,social,2024-01-02,1,0,0.020606,0.00242,40.6919,0,0
1708,search,2024-02-12,0,0,0.431758,0.010353,31.1354,1,0
1709,social,2024-06-18,1,0,0.022624,0.013754,54.2122,1,1
1710,referral,2024-02-10,0,1,0.386713,0.082486,62.0611,0,0
1711,search,2024-06-05,0,0,0.734289,0.017729,29.791,1,0
1712,search,2024-03-05,0,0,0.522869,0.293968,27.514,0,0
1713,social,2024-03-30,1,0,0.059496,0.221212,12.3308,0,0
1714,search,2024-02-03,0,0,0.034542,0.001078,20.4659,1,1
1715,social,2024-02-06,1,0,0.058477,0.000296,33.7997,1,1
1716,referral,2024-01-05,0,1,1.004564,0.034206,22.8933,0,0
1717,referral,2024-06-02,0,1,0.027894,0.050764,18.1331,0,0
1718,social,2024-06-27,1,0,0.407181,0.188559,72.3849,0,0
1719,search,2024-03-13,0,0,0.044792,0.002657,23.3062,1,1
1720,search,2024-05-01,0,0,0.067426,0.038527,20.9062,0,0
1721,referral,2024-06-19,0,1,0.059163,0.038189,32.5157,0,0
1722,social,2024-06-02,1,0,0.465059,0.048911,33.4653,1,0
1723,social,2024-04-05,1,0,0.006904,0.020071,32.5496,0,0
1724,social,2024-04-29,1,0,0.26714,0.159199,41.0548,0,0
1725,search,2024-05-16,0,0,0.314771,0.07868,16.6802,0,0
1726,social,2024-02-12,1,0,0.162026,0.006377,22.2077,0,0
1727,social,2024-04-26,1,0,0.005168,0.102958,41.3807,0,0
1728,search,2024-04-28,0,0,0.184807,0.027324,29.3389,0,0
1729,search,2024-03-03,0,0,0.041313,0.093018,34.9303,0,0
1730,social,2024-03-31,1,0,0.365863,0.120335,45.5103,0,0
1731,search,2024-05-14,0,0,0.258606,0.038143,24.6882,0,0
1732,search,2024-02-13,0,0,0.178108,0.055557,25.5237,0,0
1733,search,2024-05-13,0,0,0.014469,0.07223,18.7092,0,0
1734,social,2024-03-16,1,0,0.010548,0.007827,43.0829,1,1
1735,search,2024-05-16,0,0,0.038161,0.198093,22.6522,0,0
1736,social,2024-03-10,1,0,0.097806,0.002586,9.6181,1,1
1737,search,2024-01-30,0,0,0.179777,0.003361,53.0556,0,0
1738,search,2024-06-28,0,0,0.236749,0.001898,38.6803,1,1
1739,search,2024-02-03,0,0,0.262095,0.011357,21.0321,1,1
1740,search,2024-06-05,0,0,0.031737,0.027175,18.5828,0,0
1741,referral,2024-02-20,0,1,0.18853,0.005536,44.9248,0,0
1742,social,2024-02-12,1,0,0.123566,0.000185,10.9936,1,1
1743,social,2024-02-25,1,0,0.196514,0.010459,78.038,1,1
1744,referral,2024-01-07,0,1,0.23418,0.117035,17.3391,0,0
1745,search,2024-04-22,0,0,0.524452,8e-06,36.4291,1,1
1746,social,2024-04-20,1,0,0.20041,0.175623,21.2219,0,0
1747,social,2024-02-15,1,0,0.014922,0.026425,9.6154,1,1
1748,social,2024-01-04,1,0,0.036747,0.195877,40.4714,0,0
1749,referral,2024-01-20,0,1,0.154708,0.000108,99.98,1,1
1750,search,2024-06-18,0,0,0.186362,0.05286,31.5001,1,0
1751,search,2024-01-19,0,0,0.48041,0.080661,34.1532,0,0
1752,referral,2024-06-29,0,1,0.127792,0.003168,20.195,1,1
1753,search,2024-05-22,0,0,0.4198,0.000721,26.0897,1,1
1754,referral,2024-03-25,0,1,0.069488,0.001245,18.7457,1,1
1755,social,2024-05-28,1,0,0.023384,0.017732,12.1798,1,1
1756,search,2024-01-24,0,0,0.472465,0.020747,9.6272,1,1
1757,referral,2024-06-28,0,1,0.123091,0.049368,32.0796,1,0
1758,social,2024-04-29,1,0,0.060121,0.040131,23.1025,0,0
1759,search,2024-03-10,0,0,0.278091,8e-06,34.0541,1,1
1760,search,2024-06-08,0,0,0.028406,0.000112,17.372,1,1
1761,search,2024-01-16,0,0,0.014646,0.003877,24.2864,1,1
1762,referral,2024-04-18,0,1,0.113397,0.017477,30.932,1,0
1763,referral,2024-04-09,0,1,0.008645,0.006989,28.7483,1,1
1764,search,2024-05-26,0,0,0.016714,0.181485,28.6376,0,0
1765,search,2024-01-15,0,0,0.037966,0.017088,9.9839,1,0
1766,referral,2024-05-18,0,1,0.106246,0.025638,15.8961,0,0
1767,search,2024-01-01,0,0,0.115314,0.000648,96.6275,1,1
1768,search,2024-01-22,0,0,0.249932,0.045896,19.194,0,0
1769,search,2024-05-06,0,0,0.121534,0.026072,40.028,1,0
1770,referral,2024-04-18,0,1,0.138111,0.056664,25.9741,0,0
1771,social,2024-01-24,1,0,0.082252,0.022307,40.0006,0,0
1772,search,2024-03-02,0,0,0.424332,0.029045,13.323,0,0
1773,search,2024-02-08,0,0,0.48748,0.148582,25.2036,0,0
1774,search,2024-06-21,0,0,0.125285,0.035663,37.4586,0,0
1775,social,2024-04-11,1,0,0.022779,0.045125,22.2365,0,0
1776,search,2024-05-18,0,0,0.0452,0.099616,14.5111,0,0
1777,social,2024-01-18,1,0,0.046809,0.013368,31.5408,0,0
1778,referral,2024-01-19,0,1,0.159724,0.067594,28.7464,0,0
1779,social,2024-06-18,1,0,0.14958,0.295588,16.8727,0,0
1780,search,2024-02-29,0,0,0.03392,0.021032,38.3639,0,0
1781,search,2024-02-16,0,0,0.009819,0.001726,20.1308,1,1
1782,search,2024-03-20,0,0,0.131682,0.192375,18.4986,0,0
1783,social,2024-02-20,1,0,0.002213,8e-06,14.9959,1,1
1784,search,2024-06-25,0,0,0.032749,0.011293,28.4355,1,1
1785,search,2024-03-08,0,0,0.216362,0.16388,12.3194,0,0
1786,social,2024-05-15,1,0,0.341074,0.017605,16.3642,1,0
1787,social,2024-06-18,1,0,0.023845,0.13189,13.4144,0,0
1788,social,2024-05-31,1,0,0.009607,0.083758,29.5082,0,0
1789,search,2024-03-27,0,0,0.017275,0.045058,11.3575,0,0
1790,search,2024-02-03,0,0,0.040922,0.004355,35.2042,1,1
1791,social,2024-01-16,1,0,0.069443,0.031728,27.3614,0,0
1792,search,2024-04-13,0,0,0.101996,0.001598,21.7529,1,1
1793,search,2024-02-07,0,0,0.033752,0.000263,23.7151,1,1
1794,referral,2024-05-12,0,1,0.390531,0.026088,15.1057,1,0
1795,referral,2024-05-09,0,1,0.067571,3e-06,9.8084,1,1
1796,social,2024-02-24,1,0,0.032386,0.165889,21.9164,0,0
1797,referral,2024-03-02,0,1,0.016711,0.001752,18.382,1,1
1798,social,2024-06-21,1,0,0.013365,0.049259,9.7995,0,0
1799,search,2024-01-25,0,0,0.458603,0.051366,17.1064,0,0
1800,referral,2024-02-12,0,1,0.122746,0.09568,23.435,0,0
1801,social,2024-05-20,1,0,0.187844,0.031513,27.2216,0,0
1802,search,2024-06-04,0,0,0.045271,0.016323,77.5481,0,0
1803,referral,2024-06-19,0,1,0.297512,0.009104,21.3941,1,0
1804,referral,2024-05-23,0,1,0.0121,0.003939,20.4302,1,0
1805,search,2024-04-13,0,0,0.113296,0.066202,26.5548,0,0
1806,search,2024-06-20,0,0,0.095274,0.012291,24.1768,0,0
1807,search,2024-01-05,0,0,0.027047,0.252277,12.6275,0,0
1808,social,2024-05-28,1,0,0.048244,0.103091,40.5225,0,0
1809,search,2024-02-11,0,0,0.842113,0.07648,76.1992,0,0
1810,search,2024-04-30,0,0,0.182993,0.005096,106.801,1,1
1811,referral,2024-05-06,0,1,0.664563,0.018743,12.4635,1,1
1812,social,2024-04-23,1,0,0.075156,0.198713,28.584,0,0
1813,referral,2024-04-04,0,1,0.199097,0.073609,28.7028,0,0
1814,social,2024-02-04,1,0,0.128555,0.001439,37.9892,1,1
1815,search,2024-06-15,0,0,0.049082,0.008794,20.0099,0,0
1816,referral,2024-01-17,0,1,0.228043,0.017811,46.5969,1,0
1817,search,2024-01-09,0,0,0.002597,0.004371,24.3722,1,1
1818,referral,2024-03-16,0,1,0.026583,0.023826,19.8035,0,0
1819,search,2024-05-17,0,0,0.197514,0.009198,72.4083,1,1
1820,search,2024-03-15,0,0,0.103546,0.002481,14.9214,1,1
1821,social,2024-06-22,1,0,0.187457,0.000659,37.2906,1,0
1822,search,2024-02-28,0,0,0.68422,0.04835,15.7442,0,0
1823,search,2024-04-15,0,0,0.004451,0.027174,93.6394,0,0
1824,search,2024-03-16,0,0,0.035246,0.052817,19.7106,1,0
1825,search,2024-01-24,0,0,0.074285,0.005581,26.182,1,1
1826,social,2024-03-06,1,0,0.066728,0.000139,29.9464,1,1
1827,social,2024-06-24,1,0,0.049587,2.6e-05,15.9121,1,1
1828,search,2024-02-02,0,0,0.034509,0.001283,20.3655,1,1
1829,search,2024-01-23,0,0,0.025868,0.003199,54.5607,1,1
1830,search,2024-05-05,0,0,0.028302,0.107084,28.1019,0,0
1831,search,2024-04-07,0,0,0.025838,0.000741,24.7543,1,1
1832,social,2024-02-17,1,0,0.00956,0.040903,61.891,0,0
1833,social,2024-05-17,1,0,0.038207,0.054553,11.8413,0,0
1834,search,2024-03-23,0,0,0.336336,0.029917,37.2979,0,0
1835,search,2024-03-20,0,0,0.013624,0.013579,15.9673,1,1
1836,social,2024-05-28,1,0,0.000458,0.04034,17.8912,0,0
1837,social,2024-06-27,1,0,0.046593,0.004284,14.701,1,1
1838,social,2024-01-20,1,0,0.104266,0.293879,30.3143,0,0
1839,social,2024-01-16,1,0,0.049449,0.022852,52.3841,0,0
1840,search,2024-06-07,0,0,0.036519,0.008275,20.0043,1,1
1841,search,2024-02-11,0,0,0.04301,0.037155,36.001,0,0
1842,search,2024-06-23,0,0,0.004169,0.058795,21.7472,0,0
1843,social,2024-01-18,1,0,0.033374,0.096233,27.3595,0,0
1844,search,2024-04-15,0,0,0.198745,0.050342,33.8405,0,0
1845,social,2024-05-01,1,0,0.004527,0.09043,67.0706,0,0
1846,referral,2024-04-09,0,1,0.035971,0.004658,11.2762,0,0
1847,search,2024-02-14,0,0,0.063678,0.022535,47.8244,1,0
1848,search,2024-02-26,0,0,0.036353,0.234159,31.3074,0,0
1849,social,2024-05-30,1,0,0.090511,0.001222,23.8016,1,1
1850,social,2024-01-04,1,0,0.052105,0.087162,26.6129,0,0
1851,social,2024-01-14,1,0,0.245152,0.295083,69.2349,0,0
1852,search,2024-04-25,0,0,0.117636,0.105,36.5344,0,0
1853,social,2024-03-06,1,0,0.363062,0.092911,27.189,0,0
1854,search,2024-01-02,0,0,0.184464,0.05549,13.8026,0,0
1855,search,2024-05-09,0,0,0.007431,4.2e-05,11.3634,1,1
1856,social,2024-06-26,1,0,0.153611,0.016967,19.3417,0,0
1857,social,2024-01-30,1,0,0.374632,0.148669,18.1182,0,0
1858,referral,2024-01-21,0,1,0.33156,0.029398,24.4056,0,0
1859,search,2024-06-30,0,0,0.281617,0.02229,14.0447,0,0
1860,search,2024-05-21,0,0,0.146593,0.001183,18.8994,1,1
1861,search,2024-01-17,0,0,0.387178,0.091039,25.8584,0,0
1862,social,2024-01-03,1,0,0.639863,0.071341,30.2993,0,0
1863,social,2024-01-14,1,0,0.753622,0.006072,9.4916,0,0
1864,search,2024-06-17,0,0,0.063401,0.000125,21.5648,1,1
1865,referral,2024-02-04,0,1,0.127381,7.5e-05,42.4118,1,1
1866,referral,2024-01-03,0,1,0.289104,0.049532,21.074,0,0
1867,referral,2024-03-12,0,1,0.556453,0.006932,45.1414,1,0
1868,social,2024-03-16,1,0,0.337212,0.233146,26.5653,0,0
1869,search,2024-01-30,0,0,0.015977,5.5e-05,30.2811,1,1
1870,social,2024-01-19,1,0,0.014843,0.185345,23.3575,0,0
1871,referral,2024-04-16,0,1,0.11342,0.00449,71.5715,1,1
1872,social,2024-03-27,1,0,0.110424,6.7e-05,25.8277,1,1
1873,search,2024-06-16,0,0,0.000968,0.03592,29.1573,1,0
1874,referral,2024-05-25,0,1,0.327897,0.021508,25.052,0,0
1875,social,2024-04-27,1,0,0.234833,0.007049,57.1234,1,1
1876,search,2024-02-24,0,0,0.093116,0.006504,17.5286,0,0
1877,search,2024-04-14,0,0,0.031781,0.00025,24.7258,1,1
1878,referral,2024-02-18,0,1,0.175331,0.08154,21.6261,0,0
1879,social,2024-03-25,1,0,0.074667,0.000105,28.6251,1,1
1880,social,2024-04-01,1,0,0.030777,0.069192,18.1265,0,0
1881,search,2024-05-08,0,0,0.068873,0.271096,62.519,0,0
1882,search,2024-05-22,0,0,0.101005,0.005978,28.3941,1,1
1883,social,2024-04-27,1,0,0.050296,0.143379,24.5596,0,0
1884,search,2024-05-02,0,0,0.132708,0.009108,35.7315,1,0
1885,search,2024-06-15,0,0,0.118853,0.001185,12.1167,1,1
1886,social,2024-05-17,1,0,0.089952,0.030889,15.5463,1,0
1887,social,2024-03-04,1,0,0.0791,0.042279,19.5416,0,0
1888,search,2024-05-20,0,0,0.199839,0.044179,19.8622,0,0
1889,search,2024-05-27,0,0,0.170337,0.008387,65.1095,1,1
1890,referral,2024-05-31,0,1,0.024984,0.059977,27.771,1,0
1891,social,2024-03-12,1,0,0.059125,0.072172,22.026,0,0
1892,search,2024-04-07,0,0,0.284595,0.023477,23.0233,0,0
1893,social,2024-01-14,1,0,0.396105,0.020721,21.6813,1,0
1894,search,2024-04-11,0,0,0.204757,0.003396,54.3378,0,0
1895,social,2024-05-01,1,0,0.031948,0.069113,28.8629,1,0
1896,referral,2024-05-05,0,1,0.141205,0.010089,45.0413,1,1
1897,search,2024-04-04,0,0,0.474005,0.000804,18.1957,1,1
1898,social,2024-04-16,1,0,0.05634,0.073058,45.3951,1,0
1899,social,2024-03-01,1,0,0.009602,0.0288,14.8136,0,0
1900,referral,2024-03-02,0,1,0.070957,0.214449,18.904,0,0
1901,social,2024-01-16,1,0,0.064396,0.166896,22.1136,0,0
1902,social,2024-03-01,1,0,0.054861,0.459962,25.7759,0,0
1903,referral,2024-04-06,0,1,0.445885,0.002118,34.4927,1,1
1904,search,2024-01-01,0,0,0.391622,0.000184,12.6526,1,1
1905,social,2024-06-21,1,0,0.05249,0.283716,23.9446,0,0
1906,social,2024-06-19,1,0,0.168953,0.522485,22.9389,0,0
1907,search,2024-02-16,0,0,0.168522,0.001466,17.586,1,1
1908,social,2024-04-02,1,0,0.052563,0.061374,18.2923,0,0
1909,search,2024-02-29,0,0,0.061596,4e-06,40.8106,1,1
1910,search,2024-01-15,0,0,0.416872,4e-06,32.6548,1,1
1911,search,2024-04-14,0,0,0.205712,2e-06,9.2018,1,1
1912,search,2024-06-12,0,0,0.119617,0.016982,20.3924,1,1
1913,social,2024-03-06,1,0,0.153146,0.21093,31.2539,0,0
1914,referral,2024-05-01,0,1,0.078223,0.022286,37.9554,0,0
1915,search,2024-02-03,0,0,0.229821,0.000127,38.9885,1,1
1916,referral,2024-06-25,0,1,0.021132,0.028094,45.7182,1,0
1917,search,2024-05-10,0,0,0.043349,0.0002,32.7101,1,1
1918,search,2024-01-29,0,0,0.280874,0.048776,12.1948,0,0
1919,search,2024-04-26,0,0,0.008793,0.000313,26.216,1,1
1920,search,2024-03-12,0,0,0.015343,0.023379,21.3762,0,0
1921,referral,2024-06-06,0,1,0.052099,0.093421,30.916,0,0
1922,social,2024-02-13,1,0,0.002788,0.041428,22.0439,0,0
1923,search,2024-05-24,0,0,0.418899,0.017681,11.0981,1,0
1924,search,2024-03-06,0,0,0.188065,0.066904,20.7313,0,0
1925,social,2024-05-20,1,0,0.372093,0.002796,76.7185,1,0
1926,social,2024-02-08,1,0,0.009049,0.00296,20.5474,1,1
1927,social,2024-01-09,1,0,0.052465,0.033464,19.5453,0,0
1928,search,2024-01-30,0,0,0.090573,0.090803,54.3545,0,0
1929,social,2024-02-02,1,0,0.040307,0.004663,36.7454,1,0
1930,search,2024-04-23,0,0,0.237684,0.025633,21.178,1,0
1931,search,2024-03-16,0,0,0.425591,0.005076,54.0736,0,0
1932,search,2024-01-17,0,0,0.055747,0.000184,35.6238,0,0
1933,social,2024-05-12,1,0,0.141016,0.074842,15.4544,0,0
1934,social,2024-03-03,1,0,0.015126,0.006198,14.387,1,1
1935,search,2024-06-26,0,0,0.119535,0.000421,19.1369,1,1
1936,social,2024-03-21,1,0,0.035863,0.019698,58.3629,1,0
1937,search,2024-06-24,0,0,0.091471,0.00044,35.0658,1,1
1938,social,2024-06-26,1,0,0.312074,0.058706,18.1983,0,0
1939,social,2024-04-21,1,0,0.024625,6e-05,24.8993,1,1
1940,social,2024-04-15,1,0,0.273161,0.667963,38.6492,0,0
1941,search,2024-03-23,0,0,0.10338,0.002439,19.0922,1,1
1942,search,2024-02-22,0,0,0.235087,0.020965,19.0888,1,0
1943,search,2024-02-28,0,0,0.186292,0.02163,54.4501,1,0
1944,social,2024-02-22,1,0,0.267564,0.004982,14.8374,1,1
1945,search,2024-06-30,0,0,0.023452,0.223967,18.553,0,0
1946,social,2024-05-30,1,0,0.035603,0.061152,74.4189,1,0
1947,search,2024-01-22,0,0,0.061749,0.001236,27.008,1,1
1948,search,2024-05-21,0,0,0.129629,0.001044,11.6898,1,1
1949,referral,2024-04-23,0,1,0.138829,0.001353,41.8446,1,1
1950,social,2024-04-11,1,0,0.095167,0.067766,29.9343,0,0
1951,search,2024-02-25,0,0,0.232387,0.018213,31.3956,0,0
1952,referral,2024-04-29,0,1,0.276905,0.012356,11.5927,1,0
1953,referral,2024-04-15,0,1,0.085237,0.006995,13.5578,1,0
1954,social,2024-04-05,1,0,0.076471,0.009067,18.6017,1,0
1955,search,2024-03-19,0,0,0.866222,0.007363,20.847,1,1
1956,search,2024-06-29,0,0,0.160844,0.13385,21.6014,0,0
1957,search,2024-05-20,0,0,0.010156,0.012873,58.5934,1,0
1958,social,2024-06-28,1,0,0.039154,0.012808,49.8277,0,0
1959,search,2024-01-29,0,0,0.08384,0.026269,25.5363,1,0
1960,social,2024-06-09,1,0,0.035392,0.0656,31.1859,1,0
1961,referral,2024-01-03,0,1,0.000282,0.041318,27.3303,0,0
1962,social,2024-04-23,1,0,0.12667,0.044741,31.7503,0,0
1963,search,2024-05-13,0,0,0.313567,0.001221,19.6709,1,1
1964,search,2024-01-20,0,0,0.078063,0.033441,19.7069,0,0
1965,search,2024-04-16,0,0,0.164684,0.012143,15.4362,1,1
1966,social,2024-04-21,1,0,0.009159,0.097724,30.4147,1,0
1967,search,2024-03-11,0,0,0.867673,0.068897,36.9385,0,0
1968,search,2024-05-07,0,0,0.047842,0.051623,13.8286,0,0
1969,search,2024-01-28,0,0,0.053829,4.1e-05,37.6084,1,1
1970,social,2024-03-13,1,0,0.035998,0.081775,18.9723,0,0
1971,social,2024-02-11,1,0,0.034305,0.017595,14.3496,0,0
1972,social,2024-05-04,1,0,0.051322,0.199983,25.401,0,0
1973,search,2024-06-15,0,0,0.071484,0.044054,20.6126,0,0
1974,social,2024-01-09,1,0,0.080005,0.007865,47.7196,0,0
1975,referral,2024-03-14,0,1,0.133946,0.002955,27.7494,1,1
1976,referral,2024-03-10,0,1,0.586829,0.006104,26.5745,0,0
1977,referral,2024-04-04,0,1,0.901541,0.000661,29.6457,1,1
1978,referral,2024-01-07,0,1,0.111911,0.003554,13.5563,1,1
1979,social,2024-01-24,1,0,0.143921,0.016231,42.1896,0,0
1980,search,2024-04-07,0,0,0.02666,0.002152,19.4617,1,1
1981,referral,2024-01-02,0,1,0.791813,0.147324,40.2837,0,0
1982,search,2024-02-06,0,0,0.022924,0.051047,29.8426,0,0
1983,search,2024-06-29,0,0,0.442083,0.005503,9.088,1,1
1984,referral,2024-01-23,0,1,0.060681,0.005127,20.6161,1,0
1985,referral,2024-01-03,0,1,0.144475,0.002933,18.3578,1,1
1986,search,2024-05-25,0,0,0.003396,0.003412,27.8735,1,1
1987,referral,2024-05-07,0,1,0.380264,0.040606,32.8359,0,0
1988,search,2024-05-28,0,0,0.036997,0.137854,19.465,0,0
1989,search,2024-04-14,0,0,0.026958,0.004236,38.5182,1,1
1990,search,2024-05-27,0,0,0.151827,0.327008,36.6538,0,0
1991,social,2024-03-11,1,0,0.010752,0.159795,57.4883,0,0
1992,search,2024-04-20,0,0,0.122219,0.000442,68.453,1,1
1993,social,2024-05-19,1,0,0.361928,0.035014,54.4178,0,0
1994,search,2024-02-26,0,0,0.05094,0.119462,33.3745,0,0
1995,search,2024-04-17,0,0,1.5689,0.004574,25.7222,0,0
1996,social,2024-01-05,1,0,0.065428,0.576057,39.9018,0,0
1997,social,2024-03-10,1,0,0.149852,0.028989,20.4817,0,0
1998,search,2024-02-12,0,0,0.021469,0.013235,32.7699,0,0
1999,search,2024-06-30,0,0,0.006465,0.121602,21.3038,0,0
2000,referral,2024-06-21,0,1,0.019031,0.001462,11.5675,1,1
2001,social,2024-06-16,1,0,0.039768,0.202607,57.6059,0,0
2002,referral,2024-03-21,0,1,0.105858,3e-06,32.7013,1,1
2003,search,2024-04-13,0,0,0.026331,0.013787,12.7852,1,0
2004,referral,2024-05-04,0,1,0.001548,0.014375,21.4685,1,0
2005,referral,2024-02-17,0,1,0.056573,0.02557,31.1251,0,0
2006,referral,2024-04-19,0,1,0.098963,0.000494,23.7761,1,1
2007,search,2024-06-12,0,0,0.086462,0.000349,28.5916,1,1
2008,social,2024-05-30,1,0,0.003516,0.082667,21.3407,0,0
2009,social,2024-03-22,1,0,0.151793,0.067541,20.8427,0,0
2010,referral,2024-04-23,0,1,0.270913,0.004818,41.6326,1,0
2011,search,2024-05-08,0,0,0.01275,0.004997,13.3878,1,1
2012,social,2024-05-06,1,0,0.141712,0.220891,45.5282,0,0
2013,search,2024-05-13,0,0,0.090858,0.046248,14.3184,0,0
2014,search,2024-03-30,0,0,0.645953,0.00194,30.6672,1,1
2015,search,2024-02-21,0,0,0.004369,0.001043,16.4379,1,1
2016,search,2024-01-06,0,0,0.102687,0.00325,52.5926,1,1
2017,search,2024-03-26,0,0,0.103659,0.00039,29.7134,1,1
2018,social,2024-04-20,1,0,0.175883,0.129556,28.42,0,0
2019,social,2024-03-04,1,0,0.029272,0.14813,35.2225,0,0
2020,referral,2024-04-23,0,1,0.949872,7.8e-05,37.0029,1,1
2021,referral,2024-01-03,0,1,0.025624,0.008593,32.2235,1,1
2022,search,2024-06-09,0,0,0.174211,0.00775,7.3145,1,1
2023,social,2024-06-02,1,0,0.00915,0.378459,20.0604,0,0
2024,search,2024-05-03,0,0,0.329847,0.003693,20.5146,1,0
2025,social,2024-03-01,1,0,0.699519,0.049466,24.0328,1,0
2026,search,2024-04-08,0,0,0.022268,0.034821,23.4281,0,0
2027,search,2024-03-23,0,0,0.044794,0.018235,83.6055,0,0
2028,referral,2024-04-14,0,1,0.352353,0.000439,19.6979,1,1
2029,social,2024-06-22,1,0,0.389754,0.003093,23.6595,1,1
2030,search,2024-04-03,0,0,0.731191,0.048793,43.5556,0,0
2031,social,2024-05-14,1,0,0.029017,0.186018,18.8503,0,0
2032,search,2024-05-20,0,0,0.188191,0.007444,27.1126,1,1
2033,social,2024-01-12,1,0,0.030044,0.093735,21.3802,0,0
2034,social,2024-05-07,1,0,0.015989,0.058118,18.2004,0,0
2035,search,2024-01-07,0,0,0.126466,0.082714,36.4733,0,0
2036,search,2024-04-17,0,0,0.149287,0.047073,31.6192,0,0
2037,search,2024-03-31,0,0,0.143902,0.008042,20.6705,1,0
2038,social,2024-03-13,1,0,0.053339,0.053877,20.2853,0,0
2039,search,2024-01-30,0,0,0.964693,0.004559,11.7375,1,1
2040,social,2024-05-18,1,0,0.014808,0.002318,28.1601,1,1
2041,social,2024-01-09,1,0,0.174412,0.096446,40.4452,0,0
2042,search,2024-04-06,0,0,0.211144,0.003664,47.2145,1,1
2043,search,2024-06-10,0,0,0.020827,0.013386,12.3972,1,1
2044,search,2024-02-15,0,0,0.185799,0.022765,20.462,0,0
2045,social,2024-05-08,1,0,0.011562,0.378685,14.9147,0,0
2046,social,2024-03-02,1,0,0.198991,0.00726,13.1015,0,0
2047,social,2024-01-02,1,0,0.57062,0.136175,29.6215,0,0
2048,social,2024-01-15,1,0,0.113512,0.237149,33.8222,0,0
2049,referral,2024-04-25,0,1,0.592733,0.018098,13.6914,0,0
2050,referral,2024-01-23,0,1,0.005834,0.141717,44.731,0,0
2051,search,2024-06-01,0,0,0.083003,0.076174,36.1033,0,0
2052,social,2024-06-11,1,0,0.382117,0.211543,58.8816,0,0
2053,social,2024-04-09,1,0,0.07822,0.093363,16.1895,0,0
2054,social,2024-05-21,1,0,0.146207,0.019019,20.3394,1,0
2055,search,2024-02-02,0,0,0.213802,0.035469,32.1458,1,0
2056,search,2024-02-11,0,0,0.161238,0.001193,79.0035,1,1
2057,social,2024-06-24,1,0,0.014101,0.012723,21.2574,1,0
2058,search,2024-01-05,0,0,0.550101,0.225799,30.4659,0,0
2059,social,2024-02-05,1,0,0.2413,0.412941,49.7329,0,0
2060,referral,2024-01-11,0,1,0.202572,0.007121,19.7241,1,1
2061,social,2024-06-06,1,0,0.162509,0.194597,12.9053,0,0
2062,search,2024-02-05,0,0,0.127224,0.041327,52.9001,0,0
2063,referral,2024-03-09,0,1,0.207311,0.019317,30.0379,0,0
2064,social,2024-05-30,1,0,0.067108,0.000224,17.2892,1,1
2065,social,2024-03-17,1,0,0.006888,0.144166,25.7089,0,0
2066,search,2024-01-23,0,0,0.002789,0.029945,32.8782,0,0
2067,referral,2024-05-24,0,1,0.480565,0.000707,45.9796,1,1
2068,social,2024-01-31,1,0,0.014326,0.190355,19.1044,0,0
2069,search,2024-02-02,0,0,0.121441,0.024861,14.6614,0,0
2070,search,2024-05-12,0,0,0.145819,0.007459,81.5099,1,1
2071,search,2024-05-01,0,0,0.1053,0.006362,74.9303,1,0
2072,search,2024-06-01,0,0,0.08961,0.00216,31.8115,1,1
2073,search,2024-05-31,0,0,0.13184,0.010453,21.7961,1,1
2074,search,2024-06-04,0,0,0.25453,0.121173,30.4263,0,0
2075,referral,2024-01-28,0,1,0.015477,0.058,19.9417,0,0
2076,social,2024-06-24,1,0,0.007722,0.185486,54.5561,0,0
2077,search,2024-03-12,0,0,0.359688,0.053327,20.4852,0,0
2078,social,2024-04-25,1,0,0.433995,0.004877,27.8485,1,1
2079,referral,2024-01-15,0,1,0.074192,0.015116,26.6884,0,0
2080,search,2024-05-10,0,0,0.310292,0.052731,12.2152,0,0
2081,search,2024-05-28,0,0,0.233568,0.001358,61.0517,1,1
2082,search,2024-06-17,0,0,0.186197,0.01892,32.4051,0,0
2083,search,2024-03-11,0,0,0.016055,0.033492,27.7856,1,0
2084,search,2024-06-20,0,0,0.013062,0.000243,9.778,0,0
2085,social,2024-02-13,1,0,0.069582,0.040782,27.6242,0,0
2086,social,2024-01-02,1,0,0.05341,0.010064,74.3792,1,1
2087,social,2024-05-09,1,0,0.049571,0.022063,21.149,1,0
2088,social,2024-05-14,1,0,0.070382,0.023438,18.1434,1,0
2089,search,2024-05-20,0,0,0.002296,0.104444,42.4584,0,0
2090,social,2024-04-30,1,0,0.089361,0.002429,28.62,0,0
2091,referral,2024-02-07,0,1,0.54773,0.042328,52.2316,0,0
2092,social,2024-06-04,1,0,0.131609,0.162364,27.7248,0,0
2093,social,2024-04-03,1,0,0.612082,0.201607,17.4071,0,0
2094,social,2024-02-09,1,0,0.259155,0.018019,56.6139,1,0
2095,search,2024-03-11,0,0,0.223102,2e-06,14.4881,1,1
2096,referral,2024-05-15,0,1,0.03419,0.00019,19.2643,1,1
2097,search,2024-04-17,0,0,0.005787,0.052158,36.7545,1,0
2098,search,2024-06-11,0,0,0.006282,0.025985,22.6697,0,0
2099,social,2024-03-20,1,0,0.096619,0.014353,22.981,0,0
2100,search,2024-01-12,0,0,0.003458,0.012817,20.7469,1,1
2101,search,2024-06-23,0,0,0.013684,0.050673,55.6916,0,0
2102,social,2024-02-15,1,0,0.00029,4e-06,24.3011,1,1
2103,search,2024-03-08,0,0,0.064202,0.204775,42.8562,0,0
2104,referral,2024-03-27,0,1,0.372234,0.0515,16.2173,0,0
2105,search,2024-04-17,0,0,0.114944,0.332883,20.7858,0,0
2106,social,2024-06-08,1,0,0.306504,0.043182,18.8188,0,0
2107,social,2024-03-21,1,0,0.063097,0.079657,28.8436,0,0
2108,search,2024-06-13,0,0,0.067473,0.000917,24.2496,1,1
2109,referral,2024-03-01,0,1,0.188744,0.03199,24.8558,0,0
2110,social,2024-03-04,1,0,0.066055,0.253884,19.1522,0,0
2111,social,2024-04-30,1,0,0.033402,0.005143,36.8038,1,1
2112,social,2024-06-22,1,0,0.040568,0.039726,18.1532,0,0
2113,social,2024-01-18,1,0,0.070978,0.552083,28.2003,0,0
2114,search,2024-06-08,0,0,0.01795,0.121986,18.6543,0,0
2115,referral,2024-05-21,0,1,0.011799,0.044909,19.0256,0,0
2116,search,2024-02-26,0,0,0.082815,0.048487,15.34,0,0
2117,search,2024-05-05,0,0,0.870191,0.000664,33.2448,1,1
2118,search,2024-06-18,0,0,0.017096,0.021761,20.822,0,0
2119,search,2024-06-02,0,0,0.081732,0.015335,47.1011,0,0
2120,referral,2024-01-25,0,1,0.303531,0.176216,47.5796,0,0
2121,search,2024-01-30,0,0,0.095365,0.040682,61.0815,0,0
2122,search,2024-02-21,0,0,0.019723,0.022791,15.3637,0,0
2123,referral,2024-02-21,0,1,0.388587,0.000404,43.8335,1,1
2124,referral,2024-04-20,0,1,0.351909,0.001763,24.897,1,1
2125,social,2024-05-03,1,0,0.281825,0.353527,10.5129,0,0
2126,referral,2024-01-23,0,1,0.050729,0.00745,26.8085,0,0
2127,search,2024-01-20,0,0,0.472099,0.026138,28.2647,1,1
2128,social,2024-03-23,1,0,0.218826,0.113438,23.3138,0,0
2129,search,2024-05-18,0,0,0.014135,0.000326,7.7554,1,1
2130,search,2024-05-22,0,0,0.097051,0.000942,37.0068,1,1
2131,referral,2024-02-18,0,1,0.208459,0.034072,19.0467,0,0
2132,referral,2024-01-21,0,1,0.038788,0.003292,23.2557,1,0
2133,social,2024-06-09,1,0,0.045845,0.308668,37.963,0,0
2134,search,2024-05-10,0,0,0.151778,0.162192,23.8314,0,0
2135,referral,2024-06-06,0,1,1.386901,0.000262,16.9088,1,1
2136,search,2024-06-09,0,0,0.169371,0.006488,54.3678,1,1
2137,social,2024-02-09,1,0,0.002288,0.021117,34.6025,0,0
2138,search,2024-06-13,0,0,0.077061,0.174363,30.091,0,0
2139,social,2024-05-13,1,0,0.017745,0.102543,28.8767,1,0
2140,search,2024-05-22,0,0,0.024065,0.03331,26.1891,1,0
2141,search,2024-03-26,0,0,0.02756,0.123,38.9955,0,0
2142,search,2024-05-03,0,0,0.223277,0.062047,23.2233,1,0
2143,social,2024-03-26,1,0,0.017341,0.027063,35.1143,0,0
2144,social,2024-05-23,1,0,0.055228,0.029079,22.8491,1,1
2145,referral,2024-05-16,0,1,0.016085,0.000622,117.3287,1,1
2146,referral,2024-01-23,0,1,0.668158,0.000365,54.3265,1,1
2147,search,2024-05-20,0,0,0.150083,0.118757,14.8333,0,0
2148,referral,2024-04-12,0,1,0.40228,0.017505,21.6154,0,0
2149,referral,2024-01-02,0,1,0.068237,0.020286,21.2794,1,0
2150,search,2024-06-23,0,0,0.198397,0.014766,16.5481,0,0
2151,social,2024-05-01,1,0,0.083052,0.003631,41.9918,1,1
2152,search,2024-06-23,0,0,0.264175,0.004669,72.2938,1,1
2153,search,2024-03-20,0,0,1.380968,0.002524,22.8194,1,1
2154,search,2024-04-18,0,0,0.036255,0.087535,34.585,0,0
2155,social,2024-04-28,1,0,0.027678,0.611612,16.0237,0,0
2156,search,2024-04-21,0,0,0.192084,0.104845,21.5653,0,0
2157,referral,2024-03-19,0,1,0.292418,0.008396,37.6444,1,0
2158,referral,2024-04-18,0,1,0.132833,0.097707,26.6702,0,0
2159,search,2024-02-20,0,0,0.021335,0.028418,33.9633,0,0
2160,referral,2024-03-21,0,1,1.057107,0.000907,15.2046,1,1
2161,social,2024-06-14,1,0,0.026684,0.050659,30.1188,0,0
2162,search,2024-02-22,0,0,0.016069,0.000127,28.3444,1,1
2163,social,2024-06-14,1,0,0.077925,0.140123,29.4497,0,0
2164,search,2024-02-14,0,0,0.004418,0.069062,31.8947,0,0
2165,social,2024-02-29,1,0,0.080097,0.040225,65.8428,0,0
2166,referral,2024-03-26,0,1,0.102797,0.005047,86.6878,1,1
2167,search,2024-05-21,0,0,0.11909,0.000168,18.318,1,1
2168,search,2024-02-09,0,0,0.008543,0.035831,15.0177,1,0
2169,search,2024-01-29,0,0,5.3e-05,0.000724,36.0377,1,1
2170,search,2024-02-12,0,0,0.268559,0.044882,41.6892,0,0
2171,search,2024-03-22,0,0,0.001005,0.004882,49.8509,0,0
2172,social,2024-01-16,1,0,0.057961,0.158148,10.2659,0,0
2173,search,2024-03-31,0,0,0.0052,0.014694,32.5751,0,0
2174,social,2024-03-22,1,0,0.17472,0.065263,33.2125,0,0
2175,search,2024-02-09,0,0,0.043116,0.000286,10.0387,0,0
2176,search,2024-04-18,0,0,0.103054,0.009567,78.8921,1,1
2177,social,2024-05-22,1,0,0.116195,0.002077,20.0191,1,1
2178,referral,2024-04-04,0,1,0.068156,0.037405,23.7553,0,0
2179,social,2024-01-17,1,0,0.000637,0.303492,29.3322,0,0
2180,search,2024-01-27,0,0,0.131459,0.01065,36.5396,1,1
2181,social,2024-06-15,1,0,0.124932,0.015501,47.2605,0,0
2182,search,2024-05-31,0,0,0.151416,0.014523,13.5077,0,0
2183,search,2024-06-10,0,0,0.193956,0.082052,19.7354,0,0
2184,search,2024-05-03,0,0,0.218651,0.068759,21.8796,0,0
2185,search,2024-06-27,0,0,0.0426,0.001986,28.2369,1,1
2186,social,2024-04-23,1,0,0.039578,0.011017,11.102,1,1
2187,social,2024-03-08,1,0,0.026251,0.010882,24.8719,1,1
2188,referral,2024-02-06,0,1,0.000431,0.020355,17.2523,0,0
2189,search,2024-06-10,0,0,0.184715,0.393651,43.5035,0,0
2190,social,2024-05-13,1,0,0.008533,0.124663,24.9829,0,0
2191,social,2024-04-04,1,0,0.149087,0.02869,22.1198,0,0
2192,referral,2024-05-08,0,1,0.066822,0.016905,12.7191,1,1
2193,referral,2024-05-15,0,1,0.084089,0.00548,37.9639,1,1
2194,social,2024-03-19,1,0,0.000921,0.214775,35.6387,0,0
2195,search,2024-05-06,0,0,0.20134,0.062336,18.124,0,0
2196,referral,2024-05-05,0,1,0.333214,0.093497,14.5904,0,0
2197,search,2024-01-26,0,0,0.022296,0.02863,22.3936,0,0
2198,social,2024-02-15,1,0,0.173844,0.001167,63.9952,1,1
2199,referral,2024-04-10,0,1,0.205965,0.028395,11.3994,0,0
2200,referral,2024-04-13,0,1,0.155828,0.003648,29.0485,0,0
2201,search,2024-04-18,0,0,0.498817,0.004624,21.2534,1,0
2202,social,2024-03-15,1,0,0.216355,0.115701,24.5533,0,0
2203,search,2024-05-13,0,0,0.086545,0.036007,11.391,0,0
2204,search,2024-03-29,0,0,0.443793,0.004244,13.8177,1,1
2205,social,2024-04-22,1,0,0.059628,0.000543,32.0589,1,1
2206,search,2024-03-29,0,0,0.000308,0.007202,15.1561,1,0
2207,social,2024-04-21,1,0,0.141943,0.013519,13.8478,1,0
2208,search,2024-03-14,0,0,0.160068,0.019062,30.7366,1,0
2209,search,2024-01-02,0,0,0.030934,0.005671,10.1439,0,0
2210,referral,2024-02-13,0,1,0.061551,0.017222,25.0289,0,0
2211,referral,2024-01-23,0,1,0.308689,0.004711,109.093,1,1
2212,search,2024-03-21,0,0,0.12058,0.005115,25.8105,1,1
2213,social,2024-03-18,1,0,0.10395,0.007974,16.8126,0,0
2214,search,2024-05-14,0,0,0.027113,0.013722,30.8259,0,0
2215,search,2024-04-27,0,0,0.075997,0.015357,36.798,1,0
2216,search,2024-04-21,0,0,0.326175,0.008764,21.2045,0,0
2217,social,2024-05-23,1,0,0.01572,0.040763,37.2105,0,0
2218,social,2024-04-17,1,0,0.022268,0.007114,20.0824,1,0
2219,search,2024-02-14,0,0,0.235453,0.006557,36.0276,1,1
2220,search,2024-03-21,0,0,0.00036,0.000226,14.9345,1,1
2221,search,2024-04-09,0,0,0.192232,0.007191,25.1455,1,0
2222,search,2024-06-11,0,0,0.006866,0.000172,24.1404,1,1
2223,referral,2024-03-11,0,1,0.063684,0.004603,10.2596,1,1
2224,search,2024-02-10,0,0,0.402137,0.075861,21.7941,0,0
2225,search,2024-01-13,0,0,0.026606,0.106731,25.0776,0,0
2226,referral,2024-05-13,0,1,0.351849,0.032573,40.9495,0,0
2227,referral,2024-05-07,0,1,0.876185,0.015709,21.1375,0,0
2228,search,2024-03-18,0,0,0.045339,0.345429,24.6228,0,0
2229,search,2024-01-08,0,0,0.862782,0.030435,37.76,0,0
2230,search,2024-01-02,0,0,0.011726,0.00642,14.5201,1,1
2231,social,2024-05-12,1,0,0.060863,0.360633,31.9011,0,0
2232,search,2024-03-12,0,0,0.325468,0.012203,15.2203,1,1
2233,search,2024-02-22,0,0,0.024338,0.032308,21.4575,0,0
2234,referral,2024-04-24,0,1,1.170366,0.069623,47.9395,0,0
2235,search,2024-01-02,0,0,0.214705,0.003772,29.9776,1,0
2236,search,2024-06-26,0,0,0.062636,0.100964,37.3408,0,0
2237,search,2024-06-28,0,0,0.014527,0.067805,35.454,0,0
2238,search,2024-06-05,0,0,0.043358,0.01084,35.4866,1,1
2239,search,2024-01-16,0,0,0.212845,0.009784,27.9039,1,0
2240,referral,2024-05-26,0,1,0.064595,0.040706,24.5678,0,0
2241,referral,2024-06-30,0,1,0.032292,0.003982,41.7795,1,1
2242,referral,2024-06-24,0,1,0.05711,0.00051,25.6461,1,1
2243,search,2024-05-07,0,0,0.241697,0.040716,30.135,0,0
2244,referral,2024-04-17,0,1,0.063462,0.061363,15.8268,0,0
2245,referral,2024-05-03,0,1,0.285878,0.064975,23.6694,0,0
2246,search,2024-01-03,0,0,0.132404,0.13908,32.7912,0,0
2247,social,2024-05-28,1,0,0.134008,0.055419,20.4545,0,0
2248,social,2024-02-13,1,0,0.031988,0.012164,80.0828,0,0
2249,search,2024-03-25,0,0,0.09104,0.121056,21.825,0,0
2250,social,2024-05-29,1,0,0.198603,0.022103,15.2029,1,0
2251,social,2024-01-03,1,0,0.525389,0.222005,19.8015,0,0
2252,search,2024-03-07,0,0,0.387741,0.008034,8.7896,0,0
2253,social,2024-03-11,1,0,0.036076,0.05693,33.9709,0,0
2254,social,2024-05-27,1,0,0.000602,0.301227,32.8042,0,0
2255,search,2024-06-04,0,0,0.022443,0.027648,71.8619,1,0
2256,search,2024-03-05,0,0,0.066189,0.207463,31.2974,0,0
2257,search,2024-01-20,0,0,0.210036,0.008353,96.1963,1,1
2258,search,2024-02-10,0,0,0.228993,0.047723,23.5943,1,1
2259,search,2024-01-28,0,0,0.045627,0.002667,57.8673,1,1
2260,search,2024-03-06,0,0,0.0243,0.021112,19.7038,0,0
2261,search,2024-04-03,0,0,0.196915,0.112838,37.7703,0,0
2262,search,2024-02-04,0,0,0.015328,0.203649,25.3152,0,0
2263,social,2024-01-17,1,0,0.093414,0.009535,28.3531,1,0
2264,referral,2024-01-27,0,1,0.126816,0.004017,68.4677,1,0
2265,search,2024-04-19,0,0,0.196058,0.104955,26.9409,0,0
2266,search,2024-03-23,0,0,0.093384,0.03407,23.5037,0,0
2267,referral,2024-06-05,0,1,0.35425,0.044712,11.4634,1,0
2268,search,2024-06-26,0,0,0.043579,0.026626,31.3921,1,0
2269,social,2024-02-05,1,0,0.198498,0.072689,39.4672,0,0
2270,social,2024-06-19,1,0,0.011995,0.050897,10.631,0,0
2271,social,2024-04-09,1,0,0.003881,0.035708,52.402,0,0
2272,referral,2024-05-18,0,1,0.166456,0.02788,15.2182,0,0
2273,search,2024-01-13,0,0,0.177815,0.036674,32.4194,0,0
2274,search,2024-05-16,0,0,0.15825,0.051963,12.0076,0,0
2275,referral,2024-05-11,0,1,0.548912,0.067987,15.5862,0,0
2276,social,2024-04-27,1,0,0.10895,0.004699,24.8928,1,1
2277,search,2024-03-17,0,0,0.008273,0.077246,46.2315,0,0
2278,referral,2024-05-12,0,1,0.071729,0.070954,57.5887,0,0
2279,referral,2024-03-30,0,1,0.45046,0.088525,25.0323,0,0
2280,referral,2024-03-04,0,1,0.093159,0.009338,57.3802,0,0
2281,search,2024-02-21,0,0,0.184821,0.01337,31.2439,0,0
2282,search,2024-06-08,0,0,0.015634,0.001365,20.9038,1,1
2283,referral,2024-04-02,0,1,0.376396,0.000126,10.9533,1,1
2284,search,2024-05-22,0,0,0.186192,0.020997,45.1035,0,0
2285,social,2024-06-05,1,0,0.038943,0.040398,39.9485,0,0
2286,referral,2024-05-22,0,1,0.163699,0.015741,28.3745,0,0
2287,social,2024-05-08,1,0,0.45033,0.165121,37.5865,0,0
2288,search,2024-03-20,0,0,0.130945,0.001003,54.1774,1,0
2289,social,2024-04-02,1,0,0.223281,0.029843,12.6522,0,0
2290,referral,2024-03-15,0,1,0.276162,0.060163,12.1293,0,0
2291,search,2024-02-24,0,0,0.129229,0.015455,17.1885,0,0
2292,search,2024-06-07,0,0,0.094548,0.073713,25.8716,0,0
2293,social,2024-03-09,1,0,0.298571,0.001414,69.2522,1,1
2294,search,2024-06-18,0,0,0.357886,0.005769,29.4479,1,0
2295,search,2024-06-15,0,0,0.380357,0.09241,17.8207,0,0
2296,search,2024-06-09,0,0,0.091415,0.000414,19.2057,1,1
2297,referral,2024-05-14,0,1,0.043142,1e-06,17.2676,1,1
2298,social,2024-04-09,1,0,0.106062,0.010995,14.9907,1,0
2299,referral,2024-02-12,0,1,0.22312,0.01494,51.8386,1,0
2300,search,2024-01-29,0,0,0.165063,0.002403,9.3737,1,1
2301,search,2024-05-17,0,0,0.066389,0.092497,27.1957,0,0
2302,referral,2024-04-16,0,1,0.191419,0.044635,24.7924,0,0
2303,social,2024-05-11,1,0,0.034838,0.0272,37.4911,0,0
2304,referral,2024-02-11,0,1,0.001086,0.001389,17.0244,1,1
2305,search,2024-05-31,0,0,0.101602,0.171298,48.8042,0,0
2306,search,2024-06-08,0,0,0.000647,0.008021,37.1467,0,0
2307,social,2024-05-04,1,0,0.093755,0.01898,25.3953,0,0
2308,search,2024-06-20,0,0,0.019219,0.092411,45.0173,0,0
2309,search,2024-01-22,0,0,0.035362,0.003135,47.2804,1,1
2310,search,2024-04-16,0,0,0.022508,0.005168,50.4771,1,1
2311,social,2024-04-17,1,0,0.026136,0.004303,57.3977,1,1
2312,social,2024-04-29,1,0,0.038552,0.007252,25.2702,1,0
2313,social,2024-01-11,1,0,0.254782,0.013602,21.4144,1,1
2314,social,2024-01-28,1,0,0.463704,0.361471,51.2772,0,0
2315,referral,2024-04-06,0,1,0.217479,0.026877,30.5053,1,0
2316,referral,2024-02-13,0,1,0.456811,0.017928,16.3849,0,0
2317,social,2024-01-10,1,0,0.034945,0.058905,22.6588,0,0
2318,social,2024-06-11,1,0,0.028922,0.349377,13.6588,0,0
2319,search,2024-05-23,0,0,0.042791,0.126976,25.4614,0,0
2320,social,2024-05-26,1,0,0.168677,0.019527,12.2456,1,0
2321,social,2024-02-29,1,0,0.02353,0.034979,25.0545,0,0
2322,search,2024-05-22,0,0,0.273918,0.000734,41.7966,1,1
2323,search,2024-06-19,0,0,0.216433,0.108776,50.3793,0,0
2324,search,2024-01-13,0,0,0.164815,0.028526,28.0513,0,0
2325,search,2024-05-01,0,0,0.057042,0.020822,27.542,1,1
2326,social,2024-01-31,1,0,0.007399,0.01157,15.7135,1,1
2327,search,2024-06-01,0,0,0.031316,0.041943,36.3457,0,0
2328,referral,2024-05-03,0,1,0.027432,0.006116,32.917,1,1
2329,search,2024-05-02,0,0,0.35911,0.019574,25.1492,0,0
2330,search,2024-05-07,0,0,0.098628,0.204928,52.0932,0,0
2331,social,2024-03-17,1,0,0.05798,0.08141,16.4166,0,0
2332,social,2024-03-10,1,0,0.043427,0.031474,34.3349,0,0
2333,referral,2024-01-02,0,1,0.012231,0.13578,10.1361,0,0
2334,referral,2024-02-28,0,1,0.295163,0.129952,12.8141,0,0
2335,referral,2024-04-29,0,1,0.046445,0.002836,50.4459,1,0
2336,social,2024-04-17,1,0,0.034999,0.008907,26.9818,1,1
2337,social,2024-06-14,1,0,0.163575,0.401999,38.6289,0,0
2338,search,2024-01-18,0,0,0.072164,0.026834,31.1272,0,0
2339,social,2024-06-07,1,0,0.13298,0.04388,14.3941,0,0
2340,search,2024-03-05,0,0,0.306556,0.022109,18.5371,1,1
2341,search,2024-06-21,0,0,0.199747,0.321003,40.7114,0,0
2342,social,2024-04-03,1,0,0.028974,0.024387,32.7679,0,0
2343,search,2024-04-22,0,0,0.00657,0.005016,14.9971,1,1
2344,social,2024-02-12,1,0,0.000714,0.028498,39.2392,0,0
2345,referral,2024-03-10,0,1,0.037224,0.009348,49.3034,1,1
2346,search,2024-01-09,0,0,0.142849,0.024593,15.8102,0,0
2347,social,2024-05-12,1,0,0.009493,0.003321,34.0419,1,0
2348,search,2024-04-08,0,0,0.043883,0.156433,28.8716,0,0
2349,search,2024-06-30,0,0,0.098038,0.011508,15.546,1,1
2350,search,2024-02-10,0,0,0.169397,0.012656,33.4507,1,1
2351,search,2024-01-06,0,0,0.242469,5.6e-05,19.6269,1,1
2352,search,2024-03-17,0,0,0.041199,0.001016,12.3198,1,1
2353,social,2024-02-03,1,0,0.137356,0.168525,24.4286,0,0
2354,social,2024-01-28,1,0,0.055096,0.045895,39.9726,0,0
2355,social,2024-06-05,1,0,0.002736,0.048858,15.8807,0,0
2356,referral,2024-04-20,0,1,0.128489,0.001103,13.3755,1,1
2357,referral,2024-05-28,0,1,0.014483,0.037042,16.0988,1,0
2358,social,2024-02-19,1,0,0.015667,0.068712,20.0653,0,0
2359,social,2024-06-02,1,0,0.003409,0.001061,32.1354,1,1
2360,social,2024-02-08,1,0,0.215443,0.03004,11.6308,0,0
2361,search,2024-03-19,0,0,0.043911,0.001445,44.4875,1,1
2362,social,2024-06-27,1,0,0.090722,0.015995,50.9077,1,1
2363,social,2024-01-18,1,0,0.033468,0.150481,18.4012,0,0
2364,referral,2024-01-25,0,1,0.333677,0.037445,28.2066,0,0
2365,search,2024-05-16,0,0,0.00612,0.019876,12.2114,0,0
2366,referral,2024-06-18,0,1,0.435913,0.002668,9.2517,1,1
2367,search,2024-03-11,0,0,0.081047,8.8e-05,15.7338,1,1
2368,search,2024-03-24,0,0,0.964905,0.018591,15.2606,0,0
2369,social,2024-04-15,1,0,0.041451,0.041639,46.1763,0,0
2370,search,2024-04-23,0,0,0.124728,0.019308,12.7555,0,0
2371,social,2024-04-07,1,0,0.287127,0.109002,48.3941,1,0
2372,search,2024-06-07,0,0,0.033438,0.01062,20.2493,1,0
2373,search,2024-01-07,0,0,0.183194,0.002184,32.0294,1,0
2374,referral,2024-03-20,0,1,0.007928,0.016151,11.6835,0,0
2375,referral,2024-04-09,0,1,0.032985,3.7e-05,75.0154,1,1
2376,search,2024-04-16,0,0,0.032309,0.042581,22.7352,1,0
2377,search,2024-01-31,0,0,0.046138,0.008189,18.0019,0,0
2378,social,2024-01-11,1,0,0.037953,0.475348,9.6257,0,0
2379,social,2024-02-11,1,0,0.517623,0.654238,23.2516,0,0
2380,social,2024-06-28,1,0,0.143026,0.000428,31.5155,1,1
2381,referral,2024-01-19,0,1,0.369492,0.035502,47.7407,1,0
2382,referral,2024-01-01,0,1,0.001661,0.004151,20.7418,1,1
2383,social,2024-03-03,1,0,0.011226,0.033412,28.5805,0,0
2384,social,2024-06-19,1,0,0.101268,0.091873,15.1317,0,0
2385,search,2024-02-27,0,0,0.155641,0.002188,42.2792,1,1
2386,referral,2024-03-27,0,1,0.059205,0.017321,23.5601,1,0
2387,search,2024-04-25,0,0,0.025491,0.093419,22.7341,0,0
2388,search,2024-05-23,0,0,0.133571,0.005528,24.6038,1,1
2389,social,2024-01-05,1,0,8.7e-05,0.653505,20.3737,0,0
2390,search,2024-05-01,0,0,0.623624,0.057588,50.649,0,0
2391,referral,2024-05-22,0,1,0.017569,0.001423,22.992,1,1
2392,social,2024-05-07,1,0,0.116284,0.028329,24.2951,0,0
2393,referral,2024-03-12,0,1,0.013891,0.015997,16.352,1,1
2394,search,2024-05-13,0,0,0.036704,0.030936,13.9452,1,0
2395,social,2024-06-08,1,0,0.006827,0.274355,18.3869,0,0
2396,search,2024-02-10,0,0,0.074203,0.294083,24.0344,0,0
2397,search,2024-05-05,0,0,0.214958,0.08794,37.3354,0,0
2398,social,2024-04-19,1,0,0.129333,0.159067,22.0108,0,0
2399,referral,2024-04-06,0,1,0.611676,0.029642,11.4674,0,0
2400,social,2024-02-11,1,0,0.050303,9.2e-05,23.2309,1,1
2401,social,2024-05-31,1,0,0.095641,0.063371,32.97,0,0
2402,referral,2024-01-09,0,1,0.834042,0.130212,14.7775,0,0
2403,search,2024-06-02,0,0,0.101593,0.08567,37.8846,0,0
2404,referral,2024-02-25,0,1,0.298013,0.107681,26.5179,0,0
2405,social,2024-02-01,1,0,0.024641,0.004491,10.6194,1,1
2406,social,2024-02-29,1,0,0.228285,0.01483,40.6299,0,0
2407,search,2024-05-17,0,0,0.265157,0.000112,11.7915,1,1
2408,referral,2024-06-26,0,1,0.116456,0.001228,39.6868,1,1
2409,referral,2024-05-19,0,1,0.116202,0.003429,28.6562,0,0
2410,search,2024-02-09,0,0,0.003068,0.063738,25.162,0,0
2411,search,2024-01-23,0,0,0.227685,0.010101,28.895,1,1
2412,social,2024-01-06,1,0,0.364432,0.034434,17.9348,0,0
2413,social,2024-06-05,1,0,0.050506,0.036353,15.5356,0,0
2414,search,2024-06-10,0,0,0.264711,0.053999,19.3624,0,0
2415,referral,2024-05-11,0,1,0.06496,0.013128,54.2608,1,0
2416,social,2024-03-31,1,0,0.027495,7e-06,22.3707,1,1
2417,search,2024-06-22,0,0,0.038942,0.061149,82.7684,0,0
2418,search,2024-01-17,0,0,0.193306,0.00343,34.9924,1,1
2419,social,2024-04-05,1,0,0.088897,0.085394,29.0061,0,0
2420,search,2024-02-10,0,0,0.308162,0.097391,23.5721,0,0
2421,social,2024-04-25,1,0,0.021279,0.041369,29.8544,1,1
2422,search,2024-06-26,0,0,0.2477,0.050767,25.7656,0,0
2423,search,2024-01-27,0,0,0.047762,0.051937,17.3823,0,0
2424,referral,2024-02-03,0,1,0.070692,0.001387,23.3066,1,1
2425,search,2024-03-12,0,0,0.534649,0.000141,42.1373,1,1
2426,social,2024-03-10,1,0,0.403073,0.188362,36.266,0,0
2427,social,2024-05-28,1,0,0.005226,0.006985,21.5057,1,1
2428,social,2024-06-12,1,0,0.076872,0.026155,20.671,0,0
2429,search,2024-05-19,0,0,0.017378,0.025795,20.1885,0,0
2430,referral,2024-06-25,0,1,0.074944,0.023135,13.8961,1,0
2431,search,2024-03-08,0,0,0.006461,0.370596,26.9167,0,0
2432,search,2024-06-27,0,0,0.266004,0.113593,28.8878,0,0
2433,search,2024-01-16,0,0,0.091565,0.002214,23.8555,1,1
2434,social,2024-01-14,1,0,0.135117,0.085931,22.324,0,0
2435,social,2024-02-13,1,0,0.161453,0.021161,28.9723,0,0
2436,social,2024-01-07,1,0,0.174247,0.032881,18.5177,1,0
2437,referral,2024-06-15,0,1,0.116764,0.001261,27.169,1,1
2438,search,2024-06-06,0,0,0.013161,0.030267,16.0501,1,0
2439,search,2024-02-21,0,0,0.048757,0.031292,43.9691,0,0
2440,search,2024-05-28,0,0,0.281463,0.000108,36.4321,1,1
2441,search,2024-06-08,0,0,0.096309,0.089944,33.083,0,0
2442,social,2024-02-18,1,0,0.014106,0.028625,43.4183,1,0
2443,social,2024-03-01,1,0,0.026267,0.111899,29.5305,0,0
2444,social,2024-02-10,1,0,0.199777,0.445594,21.5242,0,0
2445,search,2024-03-22,0,0,0.047577,1e-06,30.6621,1,1
2446,social,2024-01-06,1,0,0.093136,0.102392,61.7461,0,0
2447,social,2024-05-28,1,0,0.081408,0.028921,18.85,0,0
2448,search,2024-04-24,0,0,0.07378,0.119759,24.2173,0,0
2449,social,2024-06-30,1,0,0.547768,0.000659,31.0524,1,1
2450,search,2024-03-25,0,0,0.228183,0.027768,27.0887,0,0
2451,social,2024-04-19,1,0,0.248154,0.1414,19.6829,0,0
2452,social,2024-06-12,1,0,0.010104,0.115174,47.4993,0,0
2453,social,2024-02-17,1,0,0.425643,0.001513,16.0856,1,1
2454,social,2024-03-14,1,0,0.057331,0.000114,20.7387,1,1
2455,search,2024-02-26,0,0,0.081047,0.099432,18.1966,0,0
2456,referral,2024-04-08,0,1,0.186498,0.044702,27.4572,0,0
2457,search,2024-05-09,0,0,0.067029,0.137065,17.1085,0,0
2458,search,2024-03-31,0,0,0.292605,0.000471,33.3587,1,1
2459,search,2024-06-28,0,0,0.05828,0.066411,25.3873,0,0
2460,search,2024-03-11,0,0,0.166884,0.111229,53.2997,0,0
2461,social,2024-03-04,1,0,0.17002,0.062157,18.4999,0,0
2462,search,2024-03-13,0,0,0.13087,7.1e-05,18.3577,1,1
2463,social,2024-03-10,1,0,0.044604,0.102132,30.6688,1,0
2464,social,2024-04-02,1,0,0.145981,0.02858,17.1157,1,0
2465,search,2024-03-31,0,0,0.107083,0.02321,16.0378,1,0
2466,search,2024-06-22,0,0,0.014742,0.020469,28.6306,0,0
2467,social,2024-04-02,1,0,0.009065,4e-05,20.7712,1,1
2468,search,2024-06-28,0,0,0.776624,0.006031,38.0496,1,0
2469,search,2024-03-08,0,0,0.015115,0.275122,15.5612,0,0
2470,social,2024-03-11,1,0,0.009978,0.005723,18.1159,0,0
2471,search,2024-01-18,0,0,0.127051,0.096463,28.4943,0,0
2472,social,2024-04-29,1,0,0.074863,0.046119,30.9282,0,0
2473,search,2024-05-02,0,0,0.266972,0.002971,35.4693,1,1
2474,referral,2024-05-30,0,1,0.355222,0.000562,35.6699,1,1
2475,referral,2024-02-20,0,1,0.050288,0.000489,28.7893,1,1
2476,social,2024-01-13,1,0,0.185518,0.213611,13.129,0,0
2477,search,2024-02-01,0,0,0.128418,0.020298,69.6253,0,0
2478,social,2024-04-13,1,0,0.019714,0.197146,22.9308,0,0
2479,social,2024-06-18,1,0,0.004099,0.000557,33.3578,1,1
2480,search,2024-06-11,0,0,0.275742,0.057631,77.1959,0,0
2481,social,2024-01-18,1,0,0.079729,0.03201,21.9131,0,0
2482,search,2024-04-20,0,0,0.028048,0.001905,23.2852,1,1
2483,social,2024-05-30,1,0,0.415769,0.024659,27.8429,1,1
2484,search,2024-04-22,0,0,0.062912,0.053174,56.4758,0,0
2485,search,2024-02-03,0,0,0.143836,0.004809,68.287,1,1
2486,search,2024-04-13,0,0,0.137694,0.059317,52.8535,0,0
2487,search,2024-04-28,0,0,0.004692,8.6e-05,22.431,1,1
2488,search,2024-03-07,0,0,0.362032,0.100225,23.4835,0,0
2489,search,2024-02-11,0,0,0.340722,0.005976,52.1261,1,1
2490,search,2024-02-14,0,0,0.028086,0.000275,12.7777,1,1
2491,referral,2024-05-09,0,1,0.439612,0.041761,12.1122,1,1
2492,search,2024-04-28,0,0,0.176714,0.162074,26.3994,0,0
2493,search,2024-05-05,0,0,0.001678,0.068116,17.0806,0,0
2494,referral,2024-04-08,0,1,0.409015,0.088292,26.7928,0,0
2495,search,2024-06-09,0,0,0.144965,0.005101,10.2762,1,0
2496,referral,2024-05-19,0,1,0.261851,2e-06,22.3875,1,1
2497,search,2024-01-29,0,0,0.056441,0.039156,16.4753,0,0
2498,referral,2024-01-28,0,1,0.440338,9e-06,53.5094,1,1
2499,search,2024-02-20,0,0,0.133565,0.055456,14.2791,0,0
2500,social,2024-05-31,1,0,0.102963,0.016904,15.3034,1,0
2501,search,2024-06-18,0,0,1.547679,0.039503,18.8006,0,0
2502,search,2024-02-03,0,0,0.003077,0.021829,22.8135,0,0
2503,search,2024-06-21,0,0,0.166263,0.063762,29.3286,0,0
2504,search,2024-01-17,0,0,0.078569,0.201728,20.7742,0,0
2505,social,2024-05-19,1,0,0.038539,0.004461,24.0064,1,1
2506,social,2024-04-16,1,0,0.000302,0.391383,50.0794,0,0
2507,social,2024-02-06,1,0,0.003673,0.001524,19.0876,1,1
2508,search,2024-04-24,0,0,0.558353,0.010418,24.9665,0,0
2509,search,2024-01-03,0,0,0.143575,0.011691,40.4822,0,0
2510,social,2024-03-27,1,0,0.026673,0.039631,25.8602,0,0
2511,search,2024-02-14,0,0,0.322687,0.042878,22.0534,0,0
2512,referral,2024-01-25,0,1,0.149323,0.005811,24.6318,0,0
2513,social,2024-02-26,1,0,0.155642,0.27063,45.1483,0,0
2514,social,2024-03-20,1,0,0.068774,0.175599,30.2271,0,0
2515,search,2024-05-20,0,0,0.245447,0.000709,23.9819,1,1
2516,social,2024-06-03,1,0,0.110503,0.037407,27.0231,1,0
2517,search,2024-03-18,0,0,0.086265,0.002188,74.494,1,1
2518,referral,2024-01-08,0,1,0.125918,0.018007,29.5581,0,0
2519,search,2024-02-25,0,0,0.822833,0.076061,19.5484,0,0
2520,social,2024-02-13,1,0,0.201092,0.000514,33.1225,1,1
2521,search,2024-01-30,0,0,0.081752,0.005463,27.9373,1,1
2522,search,2024-02-24,0,0,0.028546,0.003384,58.8873,0,0
2523,search,2024-02-28,0,0,0.230393,0.104693,32.8521,0,0
2524,social,2024-01-14,1,0,0.035938,0.010369,25.3351,0,0
2525,referral,2024-04-10,0,1,0.092073,0.018678,16.9482,1,0
2526,search,2024-05-05,0,0,0.168813,0.025952,15.498,1,0
2527,social,2024-01-21,1,0,0.024201,0.058442,17.5469,0,0
2528,search,2024-04-02,0,0,0.20384,0.041355,30.361,0,0
2529,search,2024-04-09,0,0,0.081259,2e-06,28.0728,1,1
2530,search,2024-04-09,0,0,0.054622,0.033809,24.7235,1,0
2531,search,2024-01-31,0,0,0.112912,0.003106,29.0095,1,1
2532,search,2024-03-29,0,0,0.022089,0.002757,72.2799,1,1
2533,social,2024-01-25,1,0,0.085389,0.009965,32.6315,0,0
2534,social,2024-04-11,1,0,0.001941,0.124989,40.2669,0,0
2535,social,2024-01-20,1,0,0.088666,0.629615,14.7827,0,0
2536,social,2024-04-22,1,0,0.098035,0.01995,31.8759,1,1
2537,search,2024-03-29,0,0,0.219807,0.000389,17.5887,1,1
2538,referral,2024-01-10,0,1,0.222374,0.018825,35.6166,0,0
2539,social,2024-01-22,1,0,0.009623,0.018583,15.2534,0,0
2540,referral,2024-04-30,0,1,0.069104,2e-06,104.4885,1,1
2541,social,2024-04-19,1,0,0.385302,0.056937,39.3692,0,0
2542,social,2024-06-06,1,0,0.025406,0.007746,17.6031,1,1
2543,social,2024-05-18,1,0,0.021991,0.068728,21.1866,0,0
2544,referral,2024-02-04,0,1,0.036735,0.001125,16.5643,1,1
2545,social,2024-03-01,1,0,0.01107,0.213862,53.1897,0,0
2546,social,2024-02-08,1,0,0.060408,0.025836,21.4765,0,0
2547,search,2024-06-27,0,0,0.224877,0.035606,18.092,0,0
2548,search,2024-01-14,0,0,0.253344,0.003537,39.333,1,1
2549,social,2024-06-05,1,0,0.19559,0.058176,43.4598,0,0
2550,search,2024-01-24,0,0,0.058321,0.024729,29.0177,1,1
2551,social,2024-06-20,1,0,0.267974,0.070554,68.8468,0,0
2552,social,2024-02-10,1,0,0.083005,0.020937,84.2574,0,0
2553,search,2024-05-30,0,0,0.204565,0.002707,52.2322,0,0
2554,search,2024-03-04,0,0,0.231551,0.093844,23.3201,0,0
2555,social,2024-03-02,1,0,0.079704,0.155827,13.0232,0,0
2556,search,2024-03-06,0,0,0.083144,0.00743,31.9963,1,1
2557,search,2024-02-20,0,0,0.043666,0.020222,18.9494,0,0
2558,referral,2024-01-17,0,1,0.111931,0.071503,37.604,0,0
2559,social,2024-02-16,1,0,0.000815,0.315114,36.1226,0,0
2560,social,2024-05-24,1,0,0.150253,0.481935,27.5201,0,0
2561,social,2024-06-22,1,0,0.123675,0.033055,14.5955,1,1
2562,search,2024-03-17,0,0,0.145582,0.118667,41.8432,0,0
2563,social,2024-05-30,1,0,0.117762,0.003061,12.9107,1,0
2564,social,2024-04-19,1,0,0.245039,0.016675,12.7065,1,0
2565,search,2024-03-09,0,0,0.515374,0.035949,14.8815,0,0
2566,search,2024-03-14,0,0,0.268714,0.04036,15.0828,0,0
2567,social,2024-03-12,1,0,0.034995,0.000363,14.198,1,1
2568,search,2024-03-16,0,0,0.207782,0.000749,15.0168,1,1
2569,social,2024-04-19,1,0,0.15732,0.052218,32.9803,0,0
2570,referral,2024-01-26,0,1,0.623899,0.006758,21.5789,1,1
2571,referral,2024-02-17,0,1,0.043751,0.002263,23.3563,1,1
2572,social,2024-03-22,1,0,0.114844,0.080579,23.425,0,0
2573,search,2024-05-05,0,0,0.029964,0.000514,30.1606,1,1
2574,search,2024-03-24,0,0,0.072875,0.005485,24.4694,1,1
2575,social,2024-02-26,1,0,0.085526,0.047354,21.7584,0,0
2576,search,2024-02-25,0,0,0.025738,0.020933,33.2393,1,0
2577,search,2024-02-16,0,0,0.240996,0.003119,16.9361,0,0
2578,social,2024-04-12,1,0,0.046188,0.011423,36.9424,1,0
2579,search,2024-06-26,0,0,0.098719,0.0,41.1664,1,1
2580,social,2024-01-12,1,0,0.132671,0.076406,12.3583,0,0
2581,social,2024-01-04,1,0,0.115398,0.013404,33.323,0,0
2582,search,2024-05-10,0,0,0.00341,0.007035,17.0634,0,0
2583,social,2024-01-15,1,0,0.052423,0.003978,12.5145,1,1
2584,social,2024-01-23,1,0,0.155219,0.126355,26.2577,0,0
2585,search,2024-02-06,0,0,0.459357,0.004962,19.0372,1,1
2586,search,2024-03-28,0,0,0.178204,0.012707,23.7364,1,0
2587,search,2024-04-14,0,0,0.164491,0.008698,19.8434,0,0
2588,referral,2024-02-22,0,1,0.137798,0.064878,18.5967,0,0
2589,search,2024-05-27,0,0,0.446233,0.00625,49.4647,0,0
2590,search,2024-03-26,0,0,0.257718,0.021928,16.2265,0,0
2591,search,2024-03-12,0,0,0.066421,0.000324,21.6762,1,1
2592,search,2024-01-22,0,0,0.441127,0.000266,17.4582,1,1
2593,referral,2024-02-04,0,1,0.281059,0.020307,11.894,0,0
2594,search,2024-05-11,0,0,0.035596,0.042768,10.8331,1,0
2595,social,2024-01-31,1,0,0.01517,0.005921,10.6497,0,0
2596,referral,2024-01-22,0,1,0.596187,0.002178,40.2386,0,0
2597,search,2024-01-04,0,0,0.934015,0.006338,27.372,0,0
2598,social,2024-05-08,1,0,0.001334,0.231216,66.7851,0,0
2599,search,2024-03-01,0,0,0.172046,0.01031,14.3259,1,1
2600,search,2024-03-10,0,0,0.124503,0.005835,32.054,1,0
2601,search,2024-03-05,0,0,0.339158,0.001662,15.4784,1,1
2602,social,2024-01-30,1,0,0.002596,0.040953,33.2759,0,0
2603,social,2024-03-13,1,0,0.489878,0.005602,17.6963,1,1
2604,referral,2024-01-02,0,1,0.056121,0.025954,19.8124,0,0
2605,social,2024-03-23,1,0,0.110272,0.161674,43.4806,0,0
2606,social,2024-03-09,1,0,0.120282,4.2e-05,40.5792,1,1
2607,search,2024-06-30,0,0,0.007097,0.163501,15.5525,0,0
2608,social,2024-05-10,1,0,0.182584,0.003845,29.1043,0,0
2609,search,2024-04-08,0,0,0.163498,0.016131,64.0707,1,1
2610,social,2024-03-25,1,0,0.023894,0.224235,27.1747,0,0
2611,search,2024-06-30,0,0,0.218341,0.091553,22.3664,0,0
2612,search,2024-02-28,0,0,0.033496,0.015003,34.9415,1,1
2613,referral,2024-03-17,0,1,0.214475,0.001385,14.1664,1,1
2614,search,2024-05-19,0,0,0.561801,0.307668,18.6592,0,0
2615,search,2024-01-21,0,0,0.032716,0.004294,54.2472,0,0
2616,search,2024-02-01,0,0,0.014884,0.003533,42.2822,0,0
2617,search,2024-03-06,0,0,0.007851,0.005498,25.8339,1,1
2618,social,2024-06-13,1,0,0.105512,0.000422,20.2108,1,1
2619,search,2024-05-19,0,0,0.527927,0.000216,17.2248,1,1
2620,social,2024-01-17,1,0,0.066079,0.000245,23.8262,1,1
2621,search,2024-01-01,0,0,0.041101,0.034065,24.1434,0,0
2622,search,2024-05-09,0,0,0.355344,0.000115,61.109,1,1
2623,search,2024-03-21,0,0,0.238922,0.002384,35.186,0,0
2624,search,2024-04-22,0,0,0.000607,0.051375,16.9944,1,0
2625,social,2024-05-06,1,0,0.025982,0.004199,43.5515,1,1
2626,search,2024-02-24,0,0,0.212836,0.006222,50.209,0,0
2627,search,2024-04-23,0,0,0.018964,0.000428,20.4521,1,1
2628,search,2024-05-11,0,0,0.05645,0.02365,23.7386,0,0
2629,search,2024-04-17,0,0,0.009308,0.0128,34.3228,1,1
2630,search,2024-04-09,0,0,0.014753,0.040236,32.4574,1,0
2631,social,2024-01-10,1,0,0.025928,0.075406,31.4296,0,0
2632,referral,2024-05-27,0,1,0.051646,0.007645,27.9832,1,1
2633,social,2024-04-25,1,0,0.029183,0.013339,46.4178,0,0
2634,social,2024-03-24,1,0,0.154997,0.18122,22.4389,0,0
2635,search,2024-05-01,0,0,0.095737,0.000229,80.9333,1,1
2636,search,2024-04-08,0,0,0.252026,0.051129,13.2237,0,0
2637,referral,2024-01-01,0,1,0.158639,0.015426,35.4021,0,0
2638,search,2024-04-24,0,0,0.038504,0.0854,34.1096,0,0
2639,social,2024-02-11,1,0,0.072487,0.041465,30.2529,0,0
2640,referral,2024-01-13,0,1,0.109186,0.000642,43.4049,1,1
2641,social,2024-03-01,1,0,0.092084,0.231728,25.633,0,0
2642,social,2024-01-23,1,0,0.074907,0.104437,54.1154,0,0
2643,social,2024-06-06,1,0,0.036786,0.00201,58.7496,1,1
2644,search,2024-01-25,0,0,0.071036,0.006557,17.0469,1,0
2645,social,2024-01-09,1,0,0.186979,0.012816,11.106,1,1
2646,search,2024-05-01,0,0,0.016509,0.087646,37.2907,0,0
2647,search,2024-02-09,0,0,0.031105,0.015263,20.6034,1,1
2648,search,2024-06-02,0,0,0.388636,0.021943,39.4776,0,0
2649,social,2024-05-15,1,0,0.092651,9.6e-05,25.8259,1,1
2650,social,2024-02-22,1,0,0.017096,0.036434,28.8099,0,0
2651,social,2024-06-14,1,0,0.40851,0.001327,21.8607,1,1
2652,search,2024-05-10,0,0,0.189063,0.000213,20.4004,1,1
2653,social,2024-03-12,1,0,0.174468,0.000476,22.0865,1,1
2654,social,2024-02-15,1,0,0.103595,0.108058,36.1245,0,0
2655,search,2024-01-04,0,0,0.137639,0.048913,11.9663,0,0
2656,social,2024-04-11,1,0,0.045051,0.000718,43.7333,1,1
2657,search,2024-06-11,0,0,0.017284,0.013897,54.1775,1,1
2658,social,2024-05-22,1,0,0.103225,0.038243,14.9261,0,0
2659,referral,2024-02-01,0,1,0.164063,0.188938,11.2191,0,0
2660,social,2024-04-26,1,0,0.138862,0.005299,18.6215,1,1
2661,social,2024-04-09,1,0,0.000227,0.296159,23.125,0,0
2662,search,2024-05-29,0,0,0.065009,0.072292,12.5752,0,0
2663,search,2024-04-27,0,0,0.232441,0.002167,14.7619,1,1
2664,search,2024-01-11,0,0,0.043684,0.020537,12.9681,0,0
2665,social,2024-01-15,1,0,0.20969,0.005328,21.6958,0,0
2666,search,2024-03-19,0,0,0.52246,0.00726,21.9442,1,0
2667,search,2024-06-20,0,0,0.026121,0.018476,16.0363,1,1
2668,referral,2024-06-08,0,1,2.5e-05,0.003161,31.5179,1,1
2669,search,2024-02-05,0,0,0.077974,0.002574,28.9004,1,1
2670,search,2024-02-25,0,0,0.095893,0.030102,23.9049,1,0
2671,search,2024-06-22,0,0,0.011425,0.038182,20.2035,0,0
2672,social,2024-06-04,1,0,0.041984,0.020861,32.3269,1,0
2673,social,2024-04-05,1,0,0.040966,0.043269,26.805,0,0
2674,social,2024-02-15,1,0,0.000132,0.403492,13.8159,0,0
2675,search,2024-02-21,0,0,0.246995,0.021409,12.8218,1,0
2676,referral,2024-04-06,0,1,0.039336,0.021167,6.9835,0,0
2677,search,2024-03-18,0,0,0.254378,0.041362,28.2874,1,0
2678,search,2024-04-14,0,0,0.01395,0.012456,17.5628,0,0
2679,social,2024-04-24,1,0,0.166899,0.081539,13.2863,0,0
2680,referral,2024-03-19,0,1,0.058282,0.016781,28.9832,1,0
2681,search,2024-01-20,0,0,0.081947,0.002132,56.4091,1,1
2682,search,2024-04-25,0,0,0.196638,0.0282,78.1761,1,1
2683,search,2024-01-09,0,0,0.025408,0.095798,45.5868,0,0
2684,referral,2024-01-06,0,1,0.104405,0.01739,26.8156,0,0
2685,social,2024-01-17,1,0,0.13835,0.522006,47.6824,0,0
2686,social,2024-02-05,1,0,0.130562,0.001471,62.9373,1,0
2687,referral,2024-02-05,0,1,0.142023,0.064877,33.3959,0,0
2688,social,2024-05-11,1,0,0.018735,0.071257,23.7653,0,0
2689,social,2024-04-15,1,0,0.050587,0.040278,38.7352,1,0
2690,search,2024-02-03,0,0,0.157013,0.084453,108.6775,1,0
2691,search,2024-03-30,0,0,0.03914,0.073001,27.2911,0,0
2692,search,2024-03-26,0,0,0.146201,7.5e-05,31.0928,1,1
2693,search,2024-04-11,0,0,0.06746,0.207736,19.861,0,0
2694,referral,2024-04-21,0,1,0.003912,0.000632,20.7478,1,1
2695,social,2024-05-11,1,0,0.045614,0.02778,46.2926,0,0
2696,social,2024-06-12,1,0,0.241847,0.004564,56.8543,1,1
2697,social,2024-06-07,1,0,0.015374,0.001703,31.2997,1,1
2698,social,2024-04-27,1,0,0.895378,0.007608,27.7552,1,1
2699,social,2024-06-21,1,0,0.068691,0.001843,30.9902,1,1
2700,search,2024-03-20,0,0,0.388406,0.039164,89.0167,0,0
2701,referral,2024-01-02,0,1,0.067844,0.098611,15.1127,0,0
2702,search,2024-06-18,0,0,0.317028,0.152275,43.4642,0,0
2703,search,2024-01-05,0,0,0.586108,0.064708,25.0911,0,0
2704,social,2024-02-29,1,0,0.104758,0.045539,14.4714,0,0
2705,search,2024-01-26,0,0,0.014949,0.000498,49.4165,1,1
2706,search,2024-06-17,0,0,0.002345,0.048672,17.9161,0,0
2707,referral,2024-03-01,0,1,0.309185,0.022276,22.3573,0,0
2708,search,2024-02-17,0,0,0.00354,0.001324,38.8988,1,1
2709,search,2024-05-20,0,0,0.038245,0.024333,18.2414,0,0
2710,social,2024-03-24,1,0,0.055149,0.131207,21.7946,0,0
2711,search,2024-03-05,0,0,0.074056,0.004519,36.4999,1,0
2712,search,2024-04-12,0,0,0.121065,0.000175,21.7122,1,1
2713,referral,2024-05-11,0,1,0.002113,0.007277,133.436,1,1
2714,search,2024-05-21,0,0,0.00681,0.011045,41.8567,1,1
2715,referral,2024-04-24,0,1,0.190602,0.056156,22.8568,1,0
2716,referral,2024-05-07,0,1,0.272202,0.002581,46.0289,1,0
2717,referral,2024-02-23,0,1,0.20362,0.090484,25.2331,0,0
2718,search,2024-01-24,0,0,0.132643,0.013203,22.7454,0,0
2719,search,2024-03-23,0,0,0.006335,0.158541,35.0691,0,0
2720,search,2024-01-18,0,0,0.020744,0.084913,26.6759,0,0
2721,social,2024-06-08,1,0,0.000386,0.006682,78.3524,1,1
2722,social,2024-04-30,1,0,0.030956,0.080428,36.4772,0,0
2723,referral,2024-06-17,0,1,0.147649,0.00092,25.1405,1,1
2724,search,2024-01-03,0,0,0.035349,0.005167,39.3979,1,1
2725,social,2024-01-13,1,0,0.086796,0.171084,15.5069,0,0
2726,social,2024-01-23,1,0,0.04065,0.052329,18.7208,0,0
2727,social,2024-04-03,1,0,0.330128,0.015052,28.8295,1,1
2728,search,2024-03-02,0,0,0.474503,0.010622,63.1201,1,1
2729,search,2024-03-26,0,0,0.049947,0.000492,17.922,1,1
2730,search,2024-05-27,0,0,0.044523,0.094259,43.3062,0,0
2731,search,2024-01-05,0,0,0.152706,0.032369,26.1702,1,0
2732,search,2024-02-20,0,0,0.034877,0.004878,21.1225,1,0
2733,referral,2024-04-25,0,1,0.299723,0.02662,31.0079,1,0
2734,search,2024-03-12,0,0,0.00296,0.079632,30.8891,0,0
2735,referral,2024-04-15,0,1,0.497238,0.063848,27.5499,0,0
2736,search,2024-04-23,0,0,0.485676,0.005534,31.045,1,1
2737,search,2024-04-23,0,0,0.089514,0.054875,23.8029,0,0
2738,search,2024-06-08,0,0,0.010737,0.027617,32.3807,1,1
2739,search,2024-05-20,0,0,0.041441,0.004486,17.6342,1,1
2740,social,2024-06-01,1,0,0.057735,0.060117,19.3026,0,0
2741,search,2024-06-15,0,0,0.12942,0.009323,12.5699,1,1
2742,referral,2024-04-25,0,1,0.018482,0.001694,20.6322,1,1
2743,social,2024-04-04,1,0,0.014906,0.002481,12.4909,1,1
2744,search,2024-05-30,0,0,0.11679,0.134213,17.0317,0,0
2745,search,2024-03-24,0,0,0.009441,0.001264,14.6519,1,1
2746,search,2024-02-02,0,0,0.018875,0.006123,15.9398,0,0
2747,social,2024-06-18,1,0,0.031196,0.079369,21.5906,0,0
2748,social,2024-02-22,1,0,0.095171,0.000548,14.0286,1,1
2749,social,2024-06-04,1,0,0.063699,0.035759,45.4529,0,0
2750,search,2024-04-09,0,0,0.180361,0.000449,55.0541,1,1
2751,referral,2024-06-16,0,1,0.077813,0.026572,25.1437,0,0
2752,referral,2024-01-28,0,1,0.006097,0.204982,45.5523,0,0
2753,social,2024-02-14,1,0,0.310835,0.010917,43.0305,1,1
2754,search,2024-03-31,0,0,0.00816,0.046471,55.6054,0,0
2755,search,2024-02-15,0,0,0.043552,0.008114,13.6557,1,0
2756,search,2024-06-24,0,0,0.011005,0.00041,53.4994,1,1
2757,search,2024-01-18,0,0,0.05463,0.148084,24.0533,0,0
2758,search,2024-03-27,0,0,0.284638,3.2e-05,16.243,1,1
2759,search,2024-02-11,0,0,0.01003,0.07048,12.6251,0,0
2760,search,2024-01-14,0,0,0.110714,0.156262,24.4925,0,0
2761,referral,2024-02-26,0,1,0.242903,0.011283,15.8957,1,1
2762,referral,2024-05-12,0,1,0.114671,1.7e-05,15.9892,1,1
2763,social,2024-02-11,1,0,0.027713,0.00156,18.3314,1,1
2764,search,2024-03-29,0,0,0.005576,0.030575,21.1123,1,0
2765,social,2024-02-21,1,0,0.141239,0.100274,16.7381,0,0
2766,referral,2024-04-09,0,1,0.182773,0.005352,76.3203,1,0
2767,search,2024-06-29,0,0,0.045605,0.021031,39.5408,1,1
2768,search,2024-05-11,0,0,0.005003,4e-06,19.2351,1,1
2769,search,2024-03-29,0,0,0.072292,0.011438,12.3115,1,1
2770,search,2024-02-01,0,0,0.148957,0.003333,22.1427,1,1
2771,referral,2024-03-01,0,1,0.251512,8.6e-05,16.9363,1,1
2772,referral,2024-01-31,0,1,0.215735,0.002117,21.3109,1,1
2773,search,2024-02-01,0,0,0.56877,1e-06,18.1152,1,1
2774,social,2024-05-03,1,0,0.127566,0.011614,31.0707,1,1
2775,search,2024-05-07,0,0,0.243704,0.025148,25.0425,1,0
2776,social,2024-03-04,1,0,0.09595,0.088278,17.2705,0,0
2777,referral,2024-01-14,0,1,0.157683,0.019511,25.7922,0,0
2778,social,2024-04-16,1,0,0.048784,0.001442,19.563,1,1
2779,social,2024-06-04,1,0,0.026302,0.025982,25.0541,1,0
2780,search,2024-06-15,0,0,0.011229,0.003527,24.6219,1,0
2781,referral,2024-03-29,0,1,0.038577,0.001365,29.015,1,1
2782,referral,2024-01-23,0,1,0.071986,1.8e-05,21.5745,1,1
2783,social,2024-06-15,1,0,0.073735,0.138702,36.5007,0,0
2784,referral,2024-05-21,0,1,0.544907,0.026475,17.4824,1,1
2785,search,2024-05-09,0,0,0.29906,0.00595,26.1097,1,1
2786,search,2024-05-06,0,0,0.005163,0.133178,26.9245,0,0
2787,referral,2024-01-12,0,1,0.036411,0.002158,25.4947,1,0
2788,search,2024-05-23,0,0,0.044235,0.035799,8.6771,1,0
2789,social,2024-05-08,1,0,0.307021,0.005842,17.5541,1,1
2790,search,2024-02-04,0,0,0.131791,0.069973,166.9349,0,0
2791,search,2024-02-18,0,0,0.110051,0.046717,43.0234,0,0
2792,search,2024-02-09,0,0,0.115107,0.096246,28.9817,0,0
2793,social,2024-02-09,1,0,0.034502,0.091499,19.8434,0,0
2794,social,2024-03-12,1,0,0.079101,0.014557,18.3361,1,1
2795,search,2024-03-11,0,0,0.064197,0.007515,43.7282,1,0
2796,search,2024-06-21,0,0,0.156661,0.097452,16.2321,0,0
2797,referral,2024-06-28,0,1,0.196329,0.082131,19.1913,0,0
2798,referral,2024-01-13,0,1,0.065212,0.021601,34.2527,0,0
2799,search,2024-04-19,0,0,0.00938,0.017662,36.6218,1,0
2800,referral,2024-02-01,0,1,0.013231,0.00542,67.5937,1,1
2801,social,2024-03-25,1,0,0.098854,0.093882,21.3376,0,0
2802,search,2024-01-01,0,0,0.029582,0.006237,21.1403,0,0
2803,social,2024-01-17,1,0,0.143851,0.002543,18.8826,1,1
2804,search,2024-02-27,0,0,0.071515,0.045053,19.5543,0,0
2805,search,2024-05-16,0,0,0.142066,0.005669,33.5116,1,1
2806,search,2024-02-10,0,0,0.025867,0.121769,46.4817,0,0
2807,social,2024-05-12,1,0,0.247639,0.131616,76.3464,0,0
2808,social,2024-04-27,1,0,0.106193,0.034457,16.8267,0,0
2809,referral,2024-06-02,0,1,0.943479,9.5e-05,21.7443,1,1
2810,referral,2024-03-30,0,1,0.040055,0.015484,31.3835,1,1
2811,search,2024-02-24,0,0,0.072828,0.014913,29.5251,1,0
2812,referral,2024-03-13,0,1,0.477749,0.078472,44.444,0,0
2813,search,2024-01-23,0,0,0.259577,0.038497,36.88,0,0
2814,search,2024-02-07,0,0,0.030903,0.128692,68.2007,0,0
2815,search,2024-05-30,0,0,0.098092,0.004304,22.8135,1,0
2816,search,2024-02-08,0,0,0.042585,0.00129,18.3594,1,1
2817,referral,2024-02-21,0,1,0.415035,0.0152,32.1248,0,0
2818,search,2024-03-25,0,0,0.605978,0.015344,57.7499,0,0
2819,search,2024-02-18,0,0,0.029072,0.022371,18.1484,0,0
2820,social,2024-02-07,1,0,0.124201,0.102797,17.1601,0,0
2821,referral,2024-03-03,0,1,0.251769,0.03231,17.8977,1,1
2822,search,2024-02-16,0,0,0.205256,0.007383,45.6683,1,1
2823,referral,2024-03-08,0,1,0.207269,0.001249,16.3638,1,1
2824,social,2024-04-11,1,0,0.015908,0.054923,59.5867,0,0
2825,social,2024-01-05,1,0,0.418731,0.002891,38.1408,1,1
2826,social,2024-04-18,1,0,0.027013,0.011138,38.0055,0,0
2827,social,2024-02-27,1,0,0.087489,0.038642,14.667,1,0
2828,social,2024-05-14,1,0,0.117734,0.00354,37.6464,1,1
2829,search,2024-04-06,0,0,0.086314,0.022825,24.3599,1,0
2830,social,2024-04-14,1,0,0.229003,0.033907,33.7143,0,0
2831,search,2024-01-06,0,0,0.23473,2.3e-05,31.8879,1,1
2832,search,2024-04-30,0,0,0.19362,0.013733,20.8229,1,0
2833,referral,2024-03-13,0,1,0.138957,1.7e-05,24.6938,1,1
2834,social,2024-05-14,1,0,0.032746,0.121253,14.7818,0,0
2835,social,2024-01-04,1,0,0.292669,0.083747,46.5531,0,0
2836,search,2024-01-19,0,0,0.036634,0.096875,42.3105,0,0
2837,social,2024-05-16,1,0,0.333101,0.028206,28.9526,1,0
2838,search,2024-01-14,0,0,0.072973,0.001358,43.5433,1,1
2839,search,2024-06-01,0,0,0.041282,0.017241,31.0591,1,0
2840,referral,2024-04-17,0,1,0.220724,0.000397,30.9943,1,1
2841,social,2024-03-06,1,0,0.264974,0.064131,56.7091,0,0
2842,search,2024-01-09,0,0,0.190813,0.002442,71.3959,1,1
2843,social,2024-04-06,1,0,0.036981,0.023731,34.05,0,0
2844,search,2024-01-10,0,0,9e-06,0.077696,39.0949,0,0
2845,social,2024-03-18,1,0,0.044526,0.017746,13.746,1,1
2846,search,2024-01-31,0,0,0.045006,0.046546,15.5837,0,0
2847,referral,2024-03-04,0,1,1.392652,0.037059,19.3636,0,0
2848,referral,2024-05-11,0,1,0.044808,0.000489,11.1751,1,1
2849,social,2024-05-29,1,0,0.034274,0.002881,22.3976,1,1
2850,search,2024-02-27,0,0,0.08412,0.022681,216.7004,1,0
2851,search,2024-05-24,0,0,0.045875,0.002552,23.6415,1,1
2852,search,2024-01-01,0,0,0.002528,0.014858,18.9761,0,0
2853,search,2024-01-07,0,0,0.188415,0.000101,13.2661,1,1
2854,search,2024-04-10,0,0,0.024785,0.17677,35.8895,0,0
2855,social,2024-01-21,1,0,0.094697,0.001146,22.0975,1,0
2856,search,2024-02-15,0,0,0.21433,0.00173,23.6404,1,1
2857,search,2024-06-08,0,0,0.120454,0.015659,56.8111,1,1
2858,referral,2024-02-19,0,1,0.012999,0.000202,34.0234,1,1
2859,search,2024-01-31,0,0,0.064626,0.058993,27.6092,0,0
2860,referral,2024-05-01,0,1,0.028302,0.023784,55.2086,1,0
2861,search,2024-06-29,0,0,0.006381,0.018463,18.0568,1,0
2862,search,2024-03-26,0,0,0.006606,0.000728,14.7913,1,1
2863,social,2024-06-21,1,0,0.266921,0.080353,51.2755,0,0
2864,social,2024-01-08,1,0,0.203367,0.139353,21.0212,0,0
2865,referral,2024-04-20,0,1,0.580041,7.2e-05,21.6861,1,1
2866,search,2024-03-11,0,0,0.218037,0.00847,29.6223,1,0
2867,social,2024-06-02,1,0,0.118745,0.010562,42.2318,0,0
2868,search,2024-03-08,0,0,0.050438,0.00464,15.3463,1,1
2869,search,2024-01-11,0,0,0.651466,0.156825,20.3371,0,0
2870,search,2024-05-24,0,0,0.009177,0.028239,16.1254,1,0
2871,search,2024-03-09,0,0,0.01149,0.057552,17.6254,0,0
2872,search,2024-01-21,0,0,0.034507,0.00445,38.8862,1,0
2873,search,2024-03-16,0,0,0.017612,0.020018,25.6071,1,0
2874,social,2024-04-13,1,0,0.361727,0.044127,10.7916,0,0
2875,search,2024-02-11,0,0,0.052345,0.091498,79.4586,0,0
2876,search,2024-01-05,0,0,0.049862,0.090436,15.9502,0,0
2877,search,2024-06-23,0,0,0.182207,0.085752,45.6645,0,0
2878,referral,2024-06-12,0,1,0.103717,3.8e-05,20.1241,1,1
2879,search,2024-05-22,0,0,0.112006,0.012604,49.0966,1,0
2880,search,2024-02-08,0,0,0.15625,0.004119,80.3251,1,1
2881,search,2024-05-20,0,0,0.12776,0.017049,61.5205,1,1
2882,social,2024-05-22,1,0,0.064948,0.002652,18.4498,1,1
2883,search,2024-05-26,0,0,0.288031,0.013857,8.9324,1,1
2884,social,2024-05-10,1,0,0.092485,0.019579,23.8728,0,0
2885,social,2024-04-26,1,0,0.001795,0.000208,26.4012,1,1
2886,search,2024-06-08,0,0,0.211547,0.006221,22.8315,1,1
2887,referral,2024-02-07,0,1,0.347546,0.001064,45.5333,1,1
2888,referral,2024-03-09,0,1,0.055194,0.011544,14.3511,1,1
2889,search,2024-02-11,0,0,0.061304,0.009171,15.4133,1,0
2890,search,2024-03-19,0,0,0.466003,0.089063,55.9385,0,0
2891,social,2024-06-12,1,0,0.417961,0.13367,59.089,0,0
2892,search,2024-05-31,0,0,0.047387,0.257809,42.0964,0,0
2893,referral,2024-03-15,0,1,0.093021,0.05143,17.7018,0,0
2894,referral,2024-03-01,0,1,0.241,0.043936,22.2009,0,0
2895,social,2024-04-02,1,0,0.14841,0.012654,24.0164,1,1
2896,social,2024-01-27,1,0,0.079169,0.019188,30.2561,0,0
2897,search,2024-01-27,0,0,0.055571,0.008641,25.4902,1,1
2898,social,2024-04-22,1,0,0.144157,0.015953,53.8433,0,0
2899,search,2024-06-04,0,0,0.086693,0.114354,45.922,0,0
2900,search,2024-02-21,0,0,0.274176,0.07608,14.5675,0,0
2901,referral,2024-04-14,0,1,0.342515,0.041395,42.674,1,0
2902,search,2024-03-02,0,0,0.191458,0.005317,24.7245,1,0
2903,referral,2024-01-08,0,1,0.059833,0.009675,25.8841,0,0
2904,search,2024-04-04,0,0,0.168951,0.117751,19.7319,0,0
2905,referral,2024-02-21,0,1,0.47159,0.031128,20.8199,0,0
2906,search,2024-03-23,0,0,0.07025,0.035118,34.9365,0,0
2907,search,2024-05-30,0,0,0.024652,0.091578,17.0735,0,0
2908,search,2024-05-13,0,0,0.388623,0.021549,20.2269,1,1
2909,social,2024-06-24,1,0,0.023996,0.037467,28.6541,1,0
2910,search,2024-06-19,0,0,0.001313,0.007992,22.9655,1,1
2911,search,2024-06-26,0,0,0.053873,0.084347,21.0299,1,0
2912,social,2024-06-01,1,0,0.029089,0.164712,9.8863,0,0
2913,social,2024-04-11,1,0,0.401843,0.329266,13.7374,0,0
2914,search,2024-03-07,0,0,0.269112,0.018618,16.5567,0,0
2915,social,2024-02-20,1,0,0.017397,0.109382,12.472,0,0
2916,social,2024-05-08,1,0,0.020887,0.015049,14.7552,1,1
2917,referral,2024-06-15,0,1,0.00547,0.096241,26.5872,0,0
2918,referral,2024-02-16,0,1,0.054073,0.124184,13.5833,0,0
2919,search,2024-03-30,0,0,0.040769,0.02066,16.8932,1,0
2920,social,2024-04-02,1,0,0.211247,0.037521,21.4912,0,0
2921,search,2024-06-28,0,0,0.19942,0.005711,12.9465,1,1
2922,search,2024-02-02,0,0,0.046405,0.015466,50.5214,1,1
2923,social,2024-01-12,1,0,0.218381,0.257098,50.1627,0,0
2924,social,2024-06-12,1,0,0.087326,0.181398,19.2784,0,0
2925,search,2024-04-10,0,0,0.286777,0.092913,24.6918,0,0
2926,referral,2024-02-23,0,1,0.150815,0.00486,11.746,1,1
2927,referral,2024-01-07,0,1,0.301891,0.062851,24.5002,0,0
2928,search,2024-03-02,0,0,0.596522,0.033305,16.7091,0,0
2929,search,2024-05-21,0,0,0.087994,0.001197,17.7741,1,0
2930,search,2024-06-12,0,0,0.272991,0.141377,28.7908,0,0
2931,social,2024-04-04,1,0,0.006576,0.133549,21.425,0,0
2932,search,2024-04-13,0,0,0.115758,8.4e-05,25.698,1,1
2933,referral,2024-03-08,0,1,0.01565,0.077406,25.9133,0,0
2934,search,2024-05-17,0,0,0.210479,0.010202,16.0231,1,1
2935,search,2024-02-26,0,0,0.206407,0.064317,16.5459,0,0
2936,referral,2024-06-06,0,1,0.528127,0.019016,21.5095,0,0
2937,referral,2024-06-07,0,1,0.005207,0.000233,15.1553,1,1
2938,search,2024-01-12,0,0,0.096396,0.058648,29.9282,0,0
2939,search,2024-03-01,0,0,0.284099,0.204525,107.9325,0,0
2940,social,2024-04-14,1,0,0.196915,0.010576,15.0006,1,1
2941,social,2024-05-28,1,0,0.334865,0.000685,23.7138,1,1
2942,referral,2024-06-18,0,1,0.386372,0.006014,20.3773,1,1
2943,social,2024-02-11,1,0,0.408059,0.173432,19.0235,0,0
2944,search,2024-01-02,0,0,0.223609,0.0035,10.6308,1,1
2945,search,2024-03-09,0,0,0.080424,0.000129,13.9758,1,1
2946,search,2024-04-02,0,0,0.057699,0.001003,23.0739,1,1
2947,search,2024-01-07,0,0,0.016487,0.067505,21.6788,0,0
2948,search,2024-02-06,0,0,0.06397,0.043764,29.5885,0,0
2949,social,2024-06-12,1,0,0.042346,0.005662,14.9257,1,1
2950,referral,2024-03-27,0,1,0.281384,0.02444,14.8513,0,0
2951,referral,2024-05-24,0,1,0.021183,0.003085,11.9391,1,1
2952,search,2024-03-03,0,0,0.432865,0.024933,8.294,1,1
2953,social,2024-04-05,1,0,0.023569,0.387962,23.0309,0,0
2954,search,2024-02-10,0,0,0.015492,0.096853,18.8983,0,0
2955,referral,2024-05-02,0,1,0.761897,0.010172,60.7992,1,1
2956,search,2024-02-28,0,0,0.251108,0.021942,29.5172,0,0
2957,social,2024-01-26,1,0,0.108207,0.00146,14.4049,1,1
2958,search,2024-04-03,0,0,0.027278,0.000143,19.3686,1,1
2959,social,2024-01-19,1,0,0.025271,0.030619,12.8882,0,0
2960,referral,2024-02-24,0,1,0.043592,0.014701,45.3388,0,0
2961,referral,2024-01-07,0,1,0.002643,0.025874,38.2018,0,0
2962,search,2024-02-12,0,0,0.254431,0.028928,17.2477,0,0
2963,search,2024-02-23,0,0,0.168225,0.119109,40.0201,0,0
2964,social,2024-01-23,1,0,0.042531,0.030663,29.4408,0,0
2965,social,2024-02-13,1,0,0.112508,0.075361,36.595,0,0
2966,referral,2024-02-01,0,1,0.226018,0.090808,25.7675,0,0
2967,social,2024-04-18,1,0,0.085409,0.016056,19.7017,0,0
2968,referral,2024-05-07,0,1,0.020946,0.230474,19.7232,0,0
2969,social,2024-02-19,1,0,0.087083,0.016483,15.5281,1,1
2970,search,2024-06-16,0,0,0.031866,0.010201,43.0884,1,0
2971,referral,2024-01-11,0,1,0.104822,0.008926,21.948,0,0
2972,search,2024-05-05,0,0,0.085288,0.000664,11.8471,1,1
2973,social,2024-01-06,1,0,0.029558,0.003436,16.5936,1,0
2974,social,2024-05-31,1,0,0.070786,0.06195,40.8484,0,0
2975,social,2024-03-03,1,0,0.297924,0.122523,29.4286,0,0
2976,social,2024-01-31,1,0,0.400241,0.239901,26.4913,0,0
2977,social,2024-04-10,1,0,0.170123,0.011655,46.8996,1,1
2978,search,2024-05-04,0,0,0.196338,0.000563,22.5063,1,1
2979,referral,2024-05-14,0,1,0.113781,0.001508,16.3242,1,0
2980,social,2024-06-26,1,0,0.098956,0.000302,41.511,1,1
2981,search,2024-06-16,0,0,0.072257,0.046403,27.4662,0,0
2982,social,2024-06-22,1,0,0.177048,0.261004,58.5651,0,0
2983,search,2024-03-04,0,0,0.06871,0.000542,42.4819,1,1
2984,social,2024-01-03,1,0,0.090399,0.000676,29.2786,1,1
2985,social,2024-04-14,1,0,0.381976,0.048777,29.3275,0,0
2986,search,2024-01-29,0,0,0.026315,0.005308,19.355,0,0
2987,search,2024-03-01,0,0,0.028331,0.005293,37.7021,0,0
2988,search,2024-03-06,0,0,0.23419,0.289354,20.942,0,0
2989,social,2024-06-05,1,0,0.006736,0.006156,13.2882,1,1
2990,search,2024-01-14,0,0,0.298192,0.006847,22.6393,1,1
2991,search,2024-02-24,0,0,0.031082,0.015178,26.6894,0,0
2992,search,2024-06-26,0,0,0.230443,0.019664,102.7032,1,1
2993,social,2024-04-21,1,0,0.03647,0.029398,27.0979,0,0
2994,referral,2024-01-12,0,1,0.086944,0.089709,15.381,0,0
2995,social,2024-06-05,1,0,0.514376,0.014229,23.1578,1,1
2996,referral,2024-03-27,0,1,0.905721,8.1e-05,16.288,1,1
2997,social,2024-02-08,1,0,0.118828,0.059861,39.7987,0,0
2998,referral,2024-06-25,0,1,0.126959,0.000637,18.3448,1,1
2999,social,2024-02-18,1,0,0.015472,0.009614,199.0213,1,1
3000,referral,2024-06-22,0,1,0.032177,0.00182,31.4838,1,1
3001,search,2024-01-19,0,0,0.064809,0.025405,22.2891,0,0
3002,social,2024-04-08,1,0,0.179575,0.212563,47.101,0,0
3003,search,2024-06-21,0,0,0.025798,0.10963,46.2402,0,0
3004,search,2024-02-28,0,0,0.029151,0.243015,19.2556,0,0
3005,social,2024-05-04,1,0,0.117536,0.046555,23.9217,0,0
3006,search,2024-04-11,0,0,1.6e-05,0.019591,24.8601,0,0
3007,referral,2024-03-12,0,1,0.902084,0.044464,8.1731,1,0
3008,search,2024-02-11,0,0,0.138807,0.027319,30.5912,0,0
3009,search,2024-05-05,0,0,0.08854,0.047788,28.6719,1,0
3010,search,2024-01-16,0,0,0.009942,0.078513,24.2679,0,0
3011,search,2024-06-25,0,0,0.135597,5e-06,15.1628,1,1
3012,search,2024-05-05,0,0,0.431608,0.002535,37.7747,1,1
3013,search,2024-06-06,0,0,0.032422,0.161591,25.4424,0,0
3014,search,2024-01-26,0,0,0.037998,0.001673,51.9879,1,1
3015,social,2024-01-07,1,0,0.226645,0.011498,26.407,1,1
3016,search,2024-02-08,0,0,0.1715,0.012827,11.7365,1,1
3017,search,2024-01-03,0,0,0.423491,4e-06,42.7733,1,1
3018,social,2024-06-20,1,0,0.358965,0.237081,12.5758,0,0
3019,social,2024-06-09,1,0,0.016466,0.08846,31.7516,0,0
3020,social,2024-01-06,1,0,0.079001,0.155918,14.0729,0,0
3021,search,2024-04-24,0,0,0.092849,0.140152,44.8422,0,0
3022,search,2024-05-16,0,0,0.025563,0.023316,16.8854,0,0
3023,search,2024-04-24,0,0,0.052398,0.008131,21.9834,1,0
3024,referral,2024-02-12,0,1,0.955272,2e-06,20.856,1,1
3025,search,2024-06-12,0,0,0.269383,0.108507,14.1825,0,0
3026,referral,2024-04-17,0,1,0.018386,0.009732,19.0444,0,0
3027,search,2024-05-29,0,0,0.310137,0.004625,15.2445,1,1
3028,referral,2024-02-14,0,1,0.00238,0.044661,19.9101,0,0
3029,referral,2024-06-19,0,1,0.023359,0.026033,14.5674,1,1
3030,social,2024-03-30,1,0,0.086297,2.2e-05,20.1707,1,1
3031,referral,2024-03-13,0,1,0.005831,0.067742,13.834,0,0
3032,referral,2024-04-08,0,1,0.097608,0.002528,13.5135,1,1
3033,search,2024-04-15,0,0,0.037872,0.005606,11.9976,1,1
3034,search,2024-06-05,0,0,0.096339,0.169296,84.0902,0,0
3035,referral,2024-03-04,0,1,0.049793,0.025787,20.1308,0,0
3036,social,2024-01-20,1,0,0.028801,0.042837,18.7762,0,0
3037,referral,2024-03-14,0,1,0.523975,0.001624,19.9739,1,1
3038,search,2024-05-10,0,0,0.115473,0.015344,24.7154,1,0
3039,social,2024-03-27,1,0,0.088785,0.002914,20.3142,0,0
3040,social,2024-04-24,1,0,0.209194,0.06248,27.2959,0,0
3041,social,2024-04-04,1,0,0.17201,0.004099,14.6134,1,1
3042,referral,2024-05-04,0,1,0.081037,0.021853,22.839,0,0
3043,referral,2024-05-19,0,1,0.026173,0.005649,40.7488,1,0
3044,referral,2024-06-19,0,1,0.44028,0.001652,34.195,1,1
3045,search,2024-05-17,0,0,0.089291,0.021545,13.0592,1,0
3046,search,2024-05-14,0,0,0.073363,0.022541,19.6358,0,0
3047,search,2024-06-04,0,0,0.08397,0.091901,70.6486,0,0
3048,search,2024-04-05,0,0,0.414589,0.061571,29.221,0,0
3049,social,2024-01-28,1,0,0.051089,0.0422,34.9558,0,0
3050,search,2024-01-10,0,0,0.181759,0.058379,10.3117,0,0
3051,search,2024-03-07,0,0,0.022819,0.024629,30.3213,0,0
3052,referral,2024-03-28,0,1,0.267879,0.016139,32.5756,1,0
3053,search,2024-06-16,0,0,0.16476,0.005488,17.1532,1,0
3054,referral,2024-06-22,0,1,0.119973,0.019264,9.9416,1,1
3055,social,2024-04-13,1,0,0.06157,0.083654,13.7609,0,0
3056,search,2024-05-26,0,0,0.049516,0.010834,27.3073,1,1
3057,search,2024-05-27,0,0,0.008946,0.00056,21.1965,1,1
3058,social,2024-03-18,1,0,0.184216,0.120436,28.2138,0,0
3059,search,2024-05-22,0,0,0.084387,0.221174,36.6221,0,0
3060,referral,2024-04-21,0,1,0.00776,0.024225,19.1147,0,0
3061,referral,2024-02-11,0,1,0.141099,0.033792,43.1366,0,0
3062,social,2024-05-27,1,0,0.000429,0.188927,11.5383,0,0
3063,social,2024-06-24,1,0,0.033155,0.07911,13.0772,0,0
3064,search,2024-05-27,0,0,0.099577,0.007602,26.9219,1,0
3065,social,2024-03-12,1,0,0.036723,0.003838,28.763,1,1
3066,social,2024-02-05,1,0,0.278234,0.042697,20.6982,0,0
3067,search,2024-04-25,0,0,0.051303,0.002775,15.1997,1,1
3068,search,2024-01-30,0,0,0.011266,0.019843,14.2931,0,0
3069,referral,2024-04-11,0,1,0.044958,0.0009,41.16,1,1
3070,search,2024-04-24,0,0,0.010799,0.002162,23.949,1,1
3071,search,2024-06-26,0,0,0.522718,0.122073,27.842,0,0
3072,search,2024-06-19,0,0,0.234293,0.046329,25.1295,0,0
3073,search,2024-02-13,0,0,0.372268,1.2e-05,20.6829,1,1
3074,search,2024-01-13,0,0,0.029271,0.082873,11.7656,0,0
3075,referral,2024-04-13,0,1,0.013274,0.021405,26.2474,0,0
3076,search,2024-04-08,0,0,0.180531,0.020646,53.2733,1,0
3077,social,2024-06-17,1,0,0.005076,0.118905,20.1268,0,0
3078,search,2024-06-21,0,0,0.042971,0.006416,30.3681,1,1
3079,search,2024-01-19,0,0,0.035428,0.047269,16.0757,0,0
3080,search,2024-03-29,0,0,0.055986,0.032291,14.6781,1,0
3081,search,2024-06-25,0,0,0.085139,0.00519,16.7255,1,1
3082,social,2024-01-30,1,0,0.284394,0.242206,18.0884,0,0
3083,referral,2024-01-20,0,1,0.049433,0.006215,21.4222,0,0
3084,search,2024-03-17,0,0,0.354645,0.022291,11.1526,1,0
3085,social,2024-01-09,1,0,0.037505,0.004582,8.7701,1,1
3086,search,2024-01-15,0,0,0.352567,0.105971,12.6545,0,0
3087,social,2024-04-30,1,0,0.004882,0.423165,33.1539,0,0
3088,referral,2024-06-01,0,1,0.148329,0.077641,16.3433,0,0
3089,search,2024-02-18,0,0,0.024078,0.046187,15.4757,0,0
3090,social,2024-03-24,1,0,0.00185,0.103068,86.2983,0,0
3091,referral,2024-04-19,0,1,0.143815,0.020796,63.3626,0,0
3092,social,2024-05-02,1,0,0.143952,0.193107,51.754,0,0
3093,search,2024-06-04,0,0,0.197326,0.010661,8.3222,0,0
3094,search,2024-02-13,0,0,0.311408,0.000791,27.1156,1,1
3095,social,2024-02-26,1,0,0.182441,0.09929,10.8151,0,0
3096,social,2024-05-15,1,0,0.056032,0.168256,14.1179,0,0
3097,search,2024-05-14,0,0,0.384876,0.137707,15.8625,0,0
3098,search,2024-03-05,0,0,0.062017,0.042854,31.7355,0,0
3099,search,2024-03-20,0,0,0.051876,0.028086,20.5413,1,1
3100,search,2024-05-06,0,0,0.540346,0.000448,19.7707,1,1
3101,social,2024-01-27,1,0,0.21691,0.080974,20.5761,0,0
3102,referral,2024-03-13,0,1,0.069489,0.010265,25.7142,1,1
3103,referral,2024-06-26,0,1,0.049485,0.004523,46.4357,1,0
3104,search,2024-06-08,0,0,0.01472,0.015439,17.8738,1,0
3105,referral,2024-04-12,0,1,0.001041,0.082906,28.1593,0,0
3106,search,2024-05-08,0,0,0.516372,0.00103,35.9236,1,1
3107,search,2024-02-03,0,0,0.25537,0.015513,14.0576,0,0
3108,social,2024-01-17,1,0,0.035963,0.00383,10.6186,1,1
3109,search,2024-06-21,0,0,0.095821,0.005761,12.6572,0,0
3110,search,2024-05-18,0,0,0.219997,0.046921,14.2631,1,0
3111,referral,2024-02-09,0,1,0.097384,0.017704,29.552,0,0
3112,social,2024-02-23,1,0,0.029094,0.002222,33.1796,1,1
3113,referral,2024-03-30,0,1,0.043359,0.026013,34.4001,0,0
3114,social,2024-02-06,1,0,0.019035,0.01936,26.4908,0,0
3115,referral,2024-03-19,0,1,0.0019,0.008772,30.2747,1,1
3116,social,2024-04-14,1,0,0.183897,0.002439,38.4487,1,1
3117,social,2024-06-06,1,0,0.123378,0.004493,18.2644,1,0
3118,referral,2024-03-20,0,1,0.256575,0.002808,22.6628,1,1
3119,referral,2024-02-15,0,1,0.007375,0.030211,35.0123,0,0
3120,search,2024-03-11,0,0,0.399577,0.001435,63.5548,1,1
3121,search,2024-06-26,0,0,0.100739,0.048032,53.8288,1,0
3122,social,2024-01-03,1,0,0.006656,0.073122,16.8112,0,0
3123,social,2024-02-12,1,0,0.066287,0.010961,17.6557,1,1
3124,search,2024-05-28,0,0,0.099954,0.0059,91.8674,1,0
3125,referral,2024-06-07,0,1,0.029842,0.031822,20.3251,0,0
3126,social,2024-01-27,1,0,0.005176,0.461725,28.4628,0,0
3127,search,2024-04-13,0,0,0.195661,0.042218,24.1278,0,0
3128,social,2024-01-12,1,0,0.032312,0.013305,39.991,0,0
3129,referral,2024-01-16,0,1,0.267326,0.015432,18.5676,1,1
3130,search,2024-03-27,0,0,0.005958,0.230664,27.3945,0,0
3131,social,2024-05-05,1,0,0.026631,0.000172,29.2172,1,1
3132,search,2024-01-16,0,0,0.313546,0.007166,15.3902,1,0
3133,social,2024-05-08,1,0,0.171762,0.000132,74.6148,1,1
3134,social,2024-05-03,1,0,0.118042,0.06106,29.4433,0,0
3135,search,2024-05-31,0,0,0.083272,0.01178,17.557,1,0
3136,search,2024-03-13,0,0,0.040315,0.019704,33.4296,1,1
3137,search,2024-02-27,0,0,0.022348,0.016455,24.013,0,0
3138,search,2024-02-21,0,0,0.032118,0.013757,12.8499,0,0
3139,search,2024-01-09,0,0,0.001113,0.007375,26.7767,0,0
3140,social,2024-01-27,1,0,0.003613,0.080009,25.4968,0,0
3141,social,2024-05-28,1,0,0.38832,0.007922,31.3809,1,0
3142,search,2024-06-10,0,0,0.007984,0.133956,19.9723,0,0
3143,social,2024-03-05,1,0,0.074126,0.122575,18.0552,0,0
3144,social,2024-05-28,1,0,0.028854,0.053975,15.4956,1,0
3145,social,2024-03-01,1,0,0.040593,0.284292,39.4275,0,0
3146,social,2024-01-24,1,0,0.068802,0.009572,18.9404,1,1
3147,search,2024-03-05,0,0,0.346864,0.036326,17.405,0,0
3148,social,2024-06-16,1,0,0.00633,0.00313,14.7113,1,1
3149,search,2024-05-25,0,0,0.097444,0.07404,55.4475,0,0
3150,referral,2024-06-03,0,1,0.073458,0.000469,43.7201,1,1
3151,referral,2024-06-17,0,1,0.019742,0.002211,20.4118,1,1
3152,search,2024-01-29,0,0,0.007245,0.033359,17.8599,0,0
3153,social,2024-02-18,1,0,0.04933,0.015132,21.5122,1,0
3154,search,2024-06-01,0,0,0.01659,0.005259,25.463,1,1
3155,social,2024-03-10,1,0,0.042221,0.194373,33.2981,0,0
3156,referral,2024-04-30,0,1,0.3179,0.009003,17.6515,1,1
3157,social,2024-06-09,1,0,0.121718,0.11556,25.5384,0,0
3158,social,2024-02-26,1,0,0.056022,0.054849,19.1487,0,0
3159,search,2024-03-06,0,0,0.11378,5e-06,10.9478,1,1
3160,referral,2024-03-21,0,1,0.548907,0.022185,20.3479,1,0
3161,search,2024-04-30,0,0,0.238385,0.02204,21.1908,0,0
3162,search,2024-05-09,0,0,0.082585,0.06396,25.9813,0,0
3163,social,2024-03-23,1,0,0.182437,0.025772,38.0629,1,0
3164,social,2024-01-09,1,0,0.101413,0.012,15.3961,0,0
3165,search,2024-02-21,0,0,0.028829,0.005654,16.1802,0,0
3166,search,2024-02-17,0,0,0.103951,0.046152,21.4676,0,0
3167,social,2024-06-26,1,0,0.210228,0.112184,22.6189,0,0
3168,search,2024-04-02,0,0,0.021714,0.007227,30.7675,1,1
3169,social,2024-01-02,1,0,0.142268,0.000123,22.3424,1,1
3170,social,2024-01-26,1,0,0.209027,0.014425,12.2178,1,0
3171,search,2024-01-29,0,0,0.298083,0.203711,49.2897,0,0
3172,search,2024-05-28,0,0,0.029432,0.099457,20.033,0,0
3173,social,2024-01-16,1,0,0.011388,0.000131,40.0995,1,1
3174,search,2024-01-31,0,0,0.043236,0.039296,47.0684,0,0
3175,search,2024-03-15,0,0,0.112319,0.001367,28.7834,1,1
3176,referral,2024-01-16,0,1,0.263533,0.040507,26.2321,0,0
3177,social,2024-03-03,1,0,0.043568,0.0007,11.385,1,1
3178,search,2024-06-06,0,0,0.027957,0.000171,33.7857,1,1
3179,search,2024-05-05,0,0,0.050461,0.157338,47.242,0,0
3180,social,2024-01-28,1,0,0.004245,0.010588,14.1513,1,0
3181,social,2024-05-15,1,0,0.001839,0.01137,46.9644,1,1
3182,search,2024-05-24,0,0,0.026094,0.012842,23.8449,1,1
3183,search,2024-03-16,0,0,0.050235,0.0059,22.8906,1,1
3184,search,2024-04-13,0,0,0.078916,0.145511,18.9543,0,0
3185,referral,2024-03-15,0,1,0.00058,0.002368,27.9678,1,0
3186,social,2024-03-29,1,0,0.391164,0.052313,17.2907,0,0
3187,referral,2024-04-06,0,1,0.202442,0.008789,54.5783,1,1
3188,social,2024-03-30,1,0,0.186299,0.000974,26.0903,1,1
3189,referral,2024-06-03,0,1,0.395219,0.027874,18.15,0,0
3190,referral,2024-05-30,0,1,0.035721,0.036568,19.3501,1,0
3191,social,2024-04-26,1,0,0.036978,0.004887,10.2419,1,1
3192,search,2024-06-11,0,0,0.003375,0.008485,14.7277,1,1
3193,search,2024-01-01,0,0,0.057849,0.062498,12.2497,0,0
3194,social,2024-04-16,1,0,0.040147,0.229646,39.253,0,0
3195,referral,2024-06-02,0,1,0.074622,0.166505,14.8604,0,0
3196,search,2024-05-31,0,0,0.498652,4.1e-05,35.2063,1,1
3197,social,2024-06-06,1,0,0.301674,0.416246,53.0443,0,0
3198,search,2024-06-19,0,0,0.080671,0.263647,15.8586,0,0
3199,social,2024-01-07,1,0,0.000884,0.098618,18.2982,0,0
3200,search,2024-05-31,0,0,0.770441,0.095255,41.4523,0,0
3201,search,2024-06-13,0,0,0.026068,0.000277,36.3504,1,1
3202,referral,2024-04-15,0,1,0.611598,0.000753,14.2698,1,1
3203,social,2024-04-04,1,0,0.006517,0.02267,22.0925,0,0
3204,social,2024-01-17,1,0,0.028304,0.379394,34.2152,0,0
3205,search,2024-01-14,0,0,0.047914,0.010753,26.5495,0,0
3206,referral,2024-02-15,0,1,0.072568,0.013887,26.5368,1,1
3207,search,2024-04-15,0,0,0.156381,3.4e-05,52.4836,1,1
3208,search,2024-03-07,0,0,0.33834,0.000437,18.6681,1,1
3209,search,2024-01-29,0,0,0.135247,0.014247,26.3346,1,0
3210,search,2024-01-10,0,0,0.489062,0.152889,34.7471,0,0
3211,social,2024-05-24,1,0,0.091883,0.120178,22.7766,0,0
3212,referral,2024-04-02,0,1,0.083579,0.053825,24.1218,0,0
3213,social,2024-05-18,1,0,0.00985,0.167624,26.0432,0,0
3214,search,2024-02-14,0,0,0.004769,0.025252,10.4715,0,0
3215,search,2024-06-15,0,0,0.477328,0.054623,33.5306,1,0
3216,social,2024-03-17,1,0,0.149031,0.080365,10.0119,0,0
3217,search,2024-01-14,0,0,0.003229,0.000136,28.9419,1,1
3218,social,2024-02-04,1,0,0.002813,4.3e-05,47.6795,1,1
3219,search,2024-01-13,0,0,0.074968,0.026016,31.7875,0,0
3220,social,2024-03-25,1,0,0.013927,0.012858,16.1947,1,1
3221,social,2024-01-15,1,0,0.115926,0.111258,31.6856,0,0
3222,search,2024-02-25,0,0,0.118106,0.001295,19.0939,1,1
3223,search,2024-05-20,0,0,0.031961,0.035019,14.511,0,0
3224,social,2024-04-07,1,0,0.016624,0.000581,60.2418,1,1
3225,social,2024-02-29,1,0,0.050694,0.002684,37.7335,1,1
3226,search,2024-02-01,0,0,0.005299,0.206626,13.0294,0,0
3227,search,2024-01-05,0,0,0.033632,0.088598,20.1043,0,0
3228,social,2024-06-22,1,0,0.027943,0.032714,16.4709,0,0
3229,search,2024-03-19,0,0,0.07523,0.040992,20.9453,0,0
3230,social,2024-03-20,1,0,0.011926,0.157035,14.794,0,0
3231,search,2024-03-20,0,0,0.258998,0.044613,46.8522,0,0
3232,social,2024-01-16,1,0,0.401654,0.022007,22.4241,0,0
3233,referral,2024-05-11,0,1,0.009678,0.006225,72.651,1,1
3234,search,2024-03-16,0,0,0.000462,0.129803,12.1057,0,0
3235,referral,2024-04-08,0,1,0.061588,0.000427,29.0161,1,1
3236,referral,2024-01-25,0,1,0.180809,0.031474,48.0432,1,0
3237,social,2024-02-26,1,0,0.007483,0.096118,48.292,0,0
3238,search,2024-04-18,0,0,0.03514,0.019156,9.1401,1,0
3239,referral,2024-01-21,0,1,0.014064,0.064466,68.5365,0,0
3240,social,2024-02-04,1,0,0.091607,0.000193,34.7304,1,1
3241,search,2024-02-28,0,0,0.026276,0.001606,11.7406,1,1
3242,search,2024-06-11,0,0,0.050069,0.019556,34.2708,1,1
3243,search,2024-03-04,0,0,0.118912,0.121509,78.7042,0,0
3244,search,2024-01-06,0,0,0.317097,0.135606,17.818,0,0
3245,search,2024-02-24,0,0,0.354623,0.014895,27.0221,1,0
3246,search,2024-04-09,0,0,0.443996,0.003872,15.2957,1,1
3247,social,2024-06-17,1,0,0.008121,0.037492,34.0319,0,0
3248,social,2024-03-02,1,0,0.062679,0.059152,14.3602,0,0
3249,search,2024-05-11,0,0,0.282674,0.00365,17.6274,1,0
3250,social,2024-02-20,1,0,0.082881,0.161267,21.4681,0,0
3251,search,2024-02-01,0,0,0.042751,0.040857,45.0939,0,0
3252,search,2024-06-15,0,0,0.000186,0.003947,51.6388,1,1
3253,search,2024-05-26,0,0,0.316813,0.265111,16.3852,0,0
3254,search,2024-01-28,0,0,0.062415,0.035847,15.7474,0,0
3255,social,2024-05-15,1,0,0.133576,0.031394,33.9862,0,0
3256,social,2024-06-10,1,0,0.081612,0.000111,13.8001,1,1
3257,social,2024-06-17,1,0,0.013326,0.011163,29.7294,0,0
3258,social,2024-03-26,1,0,0.079996,0.026026,16.5072,0,0
3259,referral,2024-06-15,0,1,0.05634,0.00229,17.5474,1,1
3260,referral,2024-05-10,0,1,1.043693,0.000329,26.9935,1,1
3261,search,2024-04-08,0,0,0.033709,0.000113,24.7106,1,1
3262,social,2024-02-07,1,0,0.141463,0.04786,52.3168,1,0
3263,search,2024-02-09,0,0,0.100242,0.012801,18.4005,1,0
3264,social,2024-05-09,1,0,0.008775,6e-06,22.4099,1,1
3265,search,2024-03-30,0,0,0.042859,0.001244,28.1626,1,0
3266,search,2024-04-21,0,0,0.524964,0.022097,11.4735,0,0
3267,referral,2024-06-18,0,1,0.030335,0.019212,16.9136,0,0
3268,search,2024-02-17,0,0,0.169892,0.046886,11.8542,0,0
3269,social,2024-05-08,1,0,0.039765,0.351206,36.6525,0,0
3270,social,2024-06-23,1,0,0.004357,0.183168,30.0793,0,0
3271,social,2024-01-14,1,0,0.046619,0.008735,30.1266,1,0
3272,referral,2024-05-14,0,1,0.27186,0.021068,18.3226,1,1
3273,search,2024-05-28,0,0,0.364967,0.012138,13.5872,0,0
3274,search,2024-05-30,0,0,0.017564,0.058255,75.2909,1,0
3275,search,2024-02-13,0,0,0.046245,0.026587,23.4956,1,0
3276,social,2024-01-09,1,0,0.574504,0.074991,59.1812,0,0
3277,social,2024-01-20,1,0,0.051277,0.116276,61.5074,0,0
3278,search,2024-04-29,0,0,0.076295,0.004123,21.0393,1,1
3279,search,2024-01-13,0,0,0.013681,0.000804,17.1617,1,1
3280,social,2024-04-15,1,0,0.007226,0.044947,79.8975,0,0
3281,referral,2024-05-01,0,1,0.07869,0.005116,61.1491,1,1
3282,search,2024-03-07,0,0,0.121317,0.039151,22.2059,0,0
3283,search,2024-04-16,0,0,0.04895,0.0186,14.3348,1,0
3284,referral,2024-01-27,0,1,0.130364,0.000595,16.4517,1,1
3285,referral,2024-02-11,0,1,0.024562,0.152813,50.6485,0,0
3286,social,2024-02-14,1,0,0.092814,0.018358,18.1072,0,0
3287,social,2024-05-17,1,0,0.009456,0.000411,19.768,1,1
3288,search,2024-06-15,0,0,0.416194,0.006417,19.0259,1,1
3289,social,2024-01-07,1,0,0.042636,0.001462,33.7092,1,1
3290,search,2024-02-05,0,0,0.162878,0.001019,43.1367,1,1
3291,search,2024-01-08,0,0,0.847099,0.002626,11.9974,1,1
3292,social,2024-01-11,1,0,0.508628,0.262367,22.5073,0,0
3293,referral,2024-03-13,0,1,0.258138,0.000432,26.2277,1,0
3294,referral,2024-01-20,0,1,0.128126,0.031602,73.704,1,0
3295,social,2024-04-24,1,0,0.145774,0.173322,30.4615,0,0
3296,social,2024-03-11,1,0,0.062643,0.139853,17.0008,0,0
3297,referral,2024-01-17,0,1,0.004667,0.00271,38.9858,1,1
3298,referral,2024-01-13,0,1,0.329731,0.015586,24.6313,1,0
3299,social,2024-05-02,1,0,0.00402,0.045981,25.4728,1,0
3300,search,2024-01-07,0,0,0.04055,0.04513,13.1019,1,0
3301,search,2024-06-05,0,0,0.008833,0.004579,37.5441,0,0
3302,search,2024-01-17,0,0,0.151918,0.004891,14.1803,1,1
3303,search,2024-06-18,0,0,0.067481,0.016439,58.7148,1,0
3304,search,2024-04-09,0,0,0.308449,0.007999,16.6554,1,1
3305,social,2024-05-19,1,0,0.254964,0.082834,97.3502,0,0
3306,search,2024-06-09,0,0,0.057355,0.037835,29.2295,1,0
3307,search,2024-03-07,0,0,0.361982,0.169971,17.319,0,0
3308,social,2024-06-21,1,0,0.031179,0.075056,29.4124,0,0
3309,search,2024-02-25,0,0,0.037532,0.02593,25.9015,0,0
3310,referral,2024-01-20,0,1,0.004405,2.4e-05,18.0018,1,1
3311,search,2024-01-19,0,0,0.08604,0.00121,29.515,1,1
3312,search,2024-04-07,0,0,0.066358,0.000228,24.4614,1,1
3313,referral,2024-02-26,0,1,0.178189,0.016306,21.1139,1,0
3314,search,2024-05-13,0,0,0.04359,0.002583,11.6799,1,1
3315,search,2024-06-02,0,0,0.025918,0.009282,34.8669,1,1
3316,referral,2024-01-08,0,1,0.167152,0.034168,13.3158,0,0
3317,referral,2024-03-02,0,1,0.059911,0.002917,39.6761,1,1
3318,search,2024-06-08,0,0,0.134289,0.051313,9.2891,0,0
3319,referral,2024-04-07,0,1,0.025221,0.001971,21.3619,1,1
3320,search,2024-06-19,0,0,0.227498,0.018336,25.2059,1,1
3321,referral,2024-01-05,0,1,0.093334,0.004459,68.8749,1,1
3322,referral,2024-02-23,0,1,0.041139,0.063655,49.2162,0,0
3323,search,2024-02-12,0,0,0.98249,0.030405,23.2384,0,0
3324,social,2024-06-23,1,0,0.933389,0.022438,33.2815,0,0
3325,search,2024-01-20,0,0,0.084063,0.013374,15.8933,0,0
3326,social,2024-04-08,1,0,0.212614,0.073246,38.8112,0,0
3327,search,2024-04-17,0,0,0.508194,0.029779,27.015,1,1
3328,search,2024-02-29,0,0,0.124943,0.016826,63.3761,0,0
3329,search,2024-04-03,0,0,0.085578,0.036397,12.8922,0,0
3330,search,2024-01-28,0,0,0.477082,0.027824,9.791,0,0
3331,referral,2024-02-24,0,1,0.421888,0.011988,19.3659,0,0
3332,search,2024-05-14,0,0,0.570427,0.005792,18.4483,1,1
3333,search,2024-06-29,0,0,0.77349,0.002042,32.6717,1,0
3334,search,2024-03-21,0,0,0.026816,0.003053,46.3672,1,1
3335,social,2024-02-05,1,0,0.039313,0.169803,20.3593,0,0
3336,social,2024-02-18,1,0,0.068236,0.234372,32.5577,0,0
3337,search,2024-06-02,0,0,0.056831,0.011065,24.0096,0,0
3338,search,2024-05-12,0,0,0.005342,0.008113,12.9332,0,0
3339,social,2024-03-26,1,0,0.0028,0.009317,17.3186,0,0
3340,social,2024-04-23,1,0,0.113573,0.132773,33.2818,0,0
3341,search,2024-05-30,0,0,0.031615,0.005747,41.816,1,1
3342,social,2024-05-27,1,0,0.011413,0.001563,17.7385,1,1
3343,social,2024-05-30,1,0,0.000314,0.025857,38.9318,0,0
3344,search,2024-03-06,0,0,0.302044,0.211599,19.2282,0,0
3345,social,2024-02-28,1,0,0.083015,0.040767,73.9325,0,0
3346,social,2024-02-25,1,0,0.178001,0.006096,8.9542,1,1
3347,social,2024-05-13,1,0,0.076569,0.027711,43.2154,0,0
3348,social,2024-01-24,1,0,0.159176,0.005021,48.6048,0,0
3349,referral,2024-05-15,0,1,0.037075,0.016073,24.485,0,0
3350,search,2024-06-01,0,0,0.085358,0.006687,36.2193,1,1
3351,referral,2024-03-31,0,1,0.276102,0.002196,19.8584,1,1
3352,social,2024-05-12,1,0,0.067963,0.267264,39.0633,0,0
3353,search,2024-04-03,0,0,0.207126,0.024448,35.6653,1,1
3354,social,2024-01-18,1,0,0.02574,0.1185,41.0623,0,0
3355,referral,2024-06-09,0,1,0.012395,0.025924,14.9113,0,0
3356,social,2024-01-10,1,0,0.122859,0.001076,34.1392,1,1
3357,referral,2024-03-04,0,1,0.095281,0.13528,13.1529,0,0
3358,search,2024-03-03,0,0,0.44776,0.00033,26.7007,1,1
3359,search,2024-01-23,0,0,0.147349,0.282849,9.0832,0,0
3360,social,2024-02-06,1,0,0.168605,0.001459,12.6737,1,1
3361,social,2024-03-31,1,0,0.158452,0.008058,14.9961,1,0
3362,search,2024-03-07,0,0,0.051568,0.212464,26.276,0,0
3363,referral,2024-02-18,0,1,0.073936,0.036652,37.5588,0,0
3364,referral,2024-04-11,0,1,0.005853,0.008102,11.4477,1,1
3365,social,2024-02-14,1,0,0.01994,0.165239,30.7744,0,0
3366,search,2024-03-11,0,0,0.001522,0.002084,16.9412,0,0
3367,search,2024-04-15,0,0,0.004325,0.007414,16.6524,1,1
3368,referral,2024-02-27,0,1,0.016908,0.060419,21.7811,0,0
3369,referral,2024-06-07,0,1,0.217494,0.023373,12.2173,1,0
3370,social,2024-04-06,1,0,0.091652,0.044739,39.1694,0,0
3371,search,2024-01-02,0,0,0.154001,0.019295,16.2172,1,1
3372,search,2024-05-19,0,0,0.033238,0.009259,30.2992,1,1
3373,search,2024-06-05,0,0,0.244171,0.054183,66.6278,0,0
3374,search,2024-04-29,0,0,0.03087,0.000797,47.7272,1,1
3375,referral,2024-05-02,0,1,0.004823,0.014272,27.593,1,1
3376,search,2024-05-15,0,0,0.106582,0.043293,26.5272,0,0
3377,search,2024-05-08,0,0,0.023311,0.183526,19.8423,0,0
3378,search,2024-06-25,0,0,0.341713,0.004172,11.7802,1,1
3379,social,2024-04-12,1,0,0.06341,0.075287,43.7471,0,0
3380,social,2024-05-17,1,0,0.203789,0.033188,17.7815,1,0
3381,search,2024-02-10,0,0,0.437708,0.222154,24.8327,0,0
3382,search,2024-02-16,0,0,0.623922,0.161617,16.7602,0,0
3383,search,2024-01-19,0,0,0.16344,0.010805,34.6734,1,0
3384,social,2024-06-22,1,0,0.093169,0.109689,19.8438,1,0
3385,search,2024-05-02,0,0,0.062265,0.00987,18.1572,1,0
3386,referral,2024-04-30,0,1,0.443366,0.010747,73.0517,1,1
3387,referral,2024-05-13,0,1,0.058646,0.008674,16.5884,1,1
3388,search,2024-05-11,0,0,0.084791,0.010587,15.8544,0,0
3389,social,2024-04-08,1,0,0.119863,0.273661,65.1282,0,0
3390,search,2024-06-10,0,0,0.256777,0.126069,27.8081,1,0
3391,search,2024-03-20,0,0,0.021316,0.00184,27.1995,1,1
3392,search,2024-06-16,0,0,0.077004,0.064918,23.4509,0,0
3393,social,2024-01-09,1,0,0.016128,0.004304,14.6265,1,1
3394,search,2024-03-16,0,0,0.112616,0.010881,15.6781,1,1
3395,referral,2024-03-09,0,1,0.029639,0.000418,22.2757,1,1
3396,social,2024-01-26,1,0,0.040201,0.007498,28.4396,0,0
3397,referral,2024-04-19,0,1,0.051314,3.8e-05,24.2078,1,1
3398,referral,2024-04-28,0,1,0.759702,0.048758,25.6567,0,0
3399,search,2024-04-22,0,0,0.178853,0.01762,10.7107,0,0
3400,referral,2024-05-25,0,1,0.110019,0.064206,27.0601,0,0
3401,social,2024-01-07,1,0,0.080405,0.001879,14.926,1,1
3402,search,2024-02-10,0,0,0.064974,0.000294,20.8107,1,1
3403,social,2024-05-28,1,0,0.430308,0.108394,33.4182,0,0
3404,search,2024-02-24,0,0,0.000169,0.152127,23.3316,0,0
3405,search,2024-03-07,0,0,0.029706,0.060015,18.6713,0,0
3406,social,2024-01-14,1,0,0.117009,0.02514,43.6019,0,0
3407,social,2024-02-12,1,0,0.047416,0.015736,28.0238,0,0
3408,search,2024-03-26,0,0,0.116757,0.062718,36.2521,0,0
3409,social,2024-01-01,1,0,0.008206,0.037438,41.5693,0,0
3410,search,2024-06-30,0,0,0.040204,0.0892,20.1704,0,0
3411,social,2024-04-13,1,0,0.001092,0.179971,16.9792,0,0
3412,search,2024-01-25,0,0,0.123549,0.003608,42.0171,1,0
3413,search,2024-01-21,0,0,0.042903,0.059042,19.6391,0,0
3414,referral,2024-06-03,0,1,0.202716,0.000403,14.8502,1,1
3415,referral,2024-05-14,0,1,0.152751,4e-06,11.3269,1,1
3416,search,2024-04-20,0,0,0.198632,0.001507,14.6226,1,1
3417,search,2024-03-23,0,0,0.59666,0.019949,19.1571,0,0
3418,search,2024-03-14,0,0,0.034877,0.00729,32.8922,1,1
3419,social,2024-02-22,1,0,0.221648,0.034351,28.1834,0,0
3420,social,2024-05-27,1,0,0.010616,0.031511,15.1647,0,0
3421,search,2024-06-05,0,0,0.127377,0.001625,129.8864,1,1
3422,referral,2024-06-29,0,1,0.076071,0.002074,31.3735,1,1
3423,social,2024-01-29,1,0,0.08027,0.052402,28.6637,0,0
3424,referral,2024-06-21,0,1,0.521415,0.001622,84.8458,1,1
3425,referral,2024-02-07,0,1,0.427916,0.049696,15.1285,0,0
3426,social,2024-05-03,1,0,0.035718,0.231396,69.0333,0,0
3427,search,2024-06-22,0,0,0.124908,0.003497,16.0032,1,0
3428,social,2024-02-25,1,0,0.049906,0.003491,59.0718,1,0
3429,search,2024-02-13,0,0,0.347676,0.000617,13.6677,1,1
3430,social,2024-06-30,1,0,0.19534,0.232731,41.4529,0,0
3431,search,2024-04-15,0,0,0.35217,0.002362,104.1215,1,1
3432,search,2024-05-08,0,0,0.148341,0.108159,42.0681,0,0
3433,search,2024-06-16,0,0,0.232256,0.016803,24.3579,1,0
3434,search,2024-06-22,0,0,0.018958,0.060335,17.0363,1,0
3435,referral,2024-01-15,0,1,0.288266,0.003099,35.9618,1,1
3436,search,2024-01-29,0,0,0.115467,0.065794,29.5727,0,0
3437,search,2024-03-25,0,0,0.029933,0.193356,13.7679,0,0
3438,search,2024-05-07,0,0,0.274461,0.108224,30.1238,0,0
3439,social,2024-04-05,1,0,0.026212,0.147398,46.6645,0,0
3440,referral,2024-06-25,0,1,0.023655,0.03051,12.5243,0,0
3441,search,2024-05-18,0,0,0.199425,0.045469,19.7855,1,0
3442,search,2024-01-09,0,0,0.001016,0.162419,25.7517,0,0
3443,search,2024-01-06,0,0,0.452778,0.164596,41.3011,0,0
3444,referral,2024-03-30,0,1,0.21605,0.010423,46.5365,0,0
3445,search,2024-06-08,0,0,0.021371,0.000293,10.1815,1,1
3446,search,2024-01-04,0,0,0.045909,0.039104,16.546,0,0
3447,search,2024-05-08,0,0,0.172707,0.006051,35.6475,0,0
3448,social,2024-02-13,1,0,0.28589,0.228344,23.9413,0,0
3449,search,2024-03-21,0,0,0.062336,0.062583,28.0367,0,0
3450,referral,2024-02-20,0,1,0.013114,0.001049,24.5347,1,1
3451,social,2024-04-04,1,0,0.047227,0.065364,18.6274,0,0
3452,social,2024-04-24,1,0,0.172841,0.029807,29.5717,0,0
3453,search,2024-05-11,0,0,0.102355,0.001273,21.4607,1,1
3454,social,2024-04-07,1,0,0.126892,0.098306,10.3339,0,0
3455,referral,2024-01-04,0,1,0.037009,0.000224,22.2238,1,1
3456,referral,2024-04-22,0,1,0.082759,0.013121,26.6313,1,1
3457,search,2024-01-29,0,0,0.074003,0.026181,17.6618,1,0
3458,search,2024-03-15,0,0,0.001365,0.125042,64.0051,0,0
3459,social,2024-01-30,1,0,0.04275,0.118599,53.4748,0,0
3460,search,2024-04-14,0,0,0.406576,0.000316,22.8337,1,1
3461,search,2024-05-02,0,0,0.412218,0.447562,26.4849,0,0
3462,search,2024-02-19,0,0,0.050197,0.142952,38.2695,0,0
3463,search,2024-03-07,0,0,0.131147,0.002054,20.122,1,1
3464,social,2024-03-24,1,0,0.13469,0.110811,22.3357,0,0
3465,search,2024-02-15,0,0,0.210497,0.110214,11.1468,0,0
3466,search,2024-06-13,0,0,0.269964,0.004746,45.546,1,1
3467,search,2024-02-07,0,0,0.406575,0.258935,21.2492,0,0
3468,social,2024-03-18,1,0,0.063612,0.011716,33.5937,0,0
3469,search,2024-05-16,0,0,0.000402,0.022491,25.1174,0,0
3470,search,2024-06-30,0,0,0.011295,0.004168,18.4024,1,1
3471,referral,2024-02-01,0,1,0.218989,0.216394,21.7094,0,0
3472,social,2024-05-20,1,0,0.0195,0.055603,21.5216,0,0
3473,search,2024-05-01,0,0,0.06693,0.057663,13.1806,0,0
3474,search,2024-06-14,0,0,0.374079,0.060653,21.4233,0,0
3475,referral,2024-03-12,0,1,0.143678,0.059551,33.0731,1,0
3476,search,2024-04-27,0,0,0.47565,0.002411,27.4364,1,1
3477,referral,2024-05-04,0,1,0.140785,0.078246,24.155,0,0
3478,social,2024-06-05,1,0,0.006181,0.025236,21.6247,0,0
3479,social,2024-03-15,1,0,0.166868,3e-06,47.502,1,1
3480,search,2024-04-02,0,0,0.146786,0.00057,26.3287,1,1
3481,search,2024-06-23,0,0,0.000159,0.042494,24.3819,0,0
3482,search,2024-03-22,0,0,0.208108,0.132411,48.0811,0,0
3483,social,2024-03-24,1,0,0.107107,0.334581,27.6308,0,0
3484,referral,2024-02-27,0,1,0.206272,0.017713,47.5226,1,0
3485,search,2024-04-24,0,0,0.101144,0.015648,10.9552,1,0
3486,search,2024-06-04,0,0,0.088367,0.099973,12.8212,0,0
3487,social,2024-01-06,1,0,0.003772,0.157794,18.7933,0,0
3488,social,2024-02-16,1,0,0.009794,0.113624,19.5801,0,0
3489,social,2024-02-16,1,0,0.282786,0.00282,24.6064,1,1
3490,search,2024-06-11,0,0,0.156169,0.066677,29.776,0,0
3491,referral,2024-03-31,0,1,0.300574,0.02254,17.9607,1,1
3492,referral,2024-06-01,0,1,0.095695,0.044201,26.2979,0,0
3493,social,2024-05-15,1,0,0.176474,0.026557,35.1488,1,1
3494,search,2024-05-21,0,0,0.063282,0.074361,22.4958,0,0
3495,social,2024-03-24,1,0,0.081219,0.035339,14.7866,1,0
3496,social,2024-02-10,1,0,0.048361,0.010049,19.5844,1,1
3497,referral,2024-01-07,0,1,0.1994,0.112784,17.16,0,0
3498,social,2024-06-18,1,0,0.032366,0.020601,26.5209,1,0
3499,social,2024-06-22,1,0,0.229806,0.310086,40.0644,0,0
3500,social,2024-04-16,1,0,0.180604,0.007328,19.5927,0,0
3501,search,2024-06-08,0,0,0.061404,0.119863,20.3456,0,0
3502,referral,2024-04-07,0,1,0.086695,0.036124,21.6336,0,0
3503,social,2024-05-26,1,0,0.003931,0.43581,31.2503,0,0
3504,social,2024-05-24,1,0,0.009813,0.312593,18.6388,0,0
3505,social,2024-02-19,1,0,0.04003,0.084094,20.476,0,0
3506,search,2024-01-07,0,0,0.144472,0.018515,33.9067,0,0
3507,social,2024-04-08,1,0,0.033364,0.077329,8.0395,0,0
3508,search,2024-03-29,0,0,0.735968,0.303292,16.3283,0,0
3509,search,2024-01-17,0,0,0.583646,1.5e-05,44.2537,1,1
3510,search,2024-03-30,0,0,0.010225,0.00039,22.2846,1,1
3511,social,2024-06-09,1,0,0.010231,0.001342,23.8375,1,1
3512,social,2024-01-27,1,0,0.119369,0.116804,16.1618,0,0
3513,referral,2024-04-13,0,1,0.030023,0.063512,21.3083,0,0
3514,search,2024-05-30,0,0,0.152096,0.014883,30.7113,1,1
3515,social,2024-02-28,1,0,0.076111,9.9e-05,18.6937,1,1
3516,search,2024-03-15,0,0,0.204033,0.318418,16.9075,0,0
3517,social,2024-04-03,1,0,0.036732,0.05686,12.2609,0,0
3518,social,2024-01-07,1,0,0.222374,0.039416,12.6336,0,0
3519,search,2024-02-08,0,0,0.08437,0.056394,13.994,0,0
3520,search,2024-02-19,0,0,0.150086,0.002508,20.2707,0,0
3521,social,2024-02-09,1,0,0.046293,0.012439,69.9542,0,0
3522,social,2024-06-22,1,0,0.053466,0.01492,31.8179,1,1
3523,referral,2024-02-13,0,1,0.215173,0.02399,22.7814,0,0
3524,search,2024-02-13,0,0,0.304139,0.011001,40.5286,1,1
3525,search,2024-03-25,0,0,0.197749,0.008401,38.585,0,0
3526,social,2024-04-02,1,0,0.01858,0.076799,14.1813,0,0
3527,search,2024-04-09,0,0,0.004752,0.07549,36.0478,0,0
3528,social,2024-01-22,1,0,0.164489,0.005073,27.0179,1,1
3529,referral,2024-03-25,0,1,0.326611,0.020151,47.8894,0,0
3530,social,2024-01-17,1,0,0.452706,0.339032,23.5346,0,0
3531,referral,2024-02-13,0,1,0.258844,0.07661,31.2274,0,0
3532,search,2024-05-28,0,0,0.017479,7.9e-05,16.2357,1,1
3533,social,2024-04-29,1,0,0.104966,0.003243,21.9736,1,1
3534,social,2024-05-04,1,0,0.093483,0.066722,22.4,0,0
3535,social,2024-02-09,1,0,0.100556,0.138902,55.3538,0,0
3536,search,2024-04-27,0,0,0.51159,0.002627,25.05,1,1
3537,search,2024-03-27,0,0,0.033348,0.001654,27.2746,1,0
3538,social,2024-06-28,1,0,0.083646,0.054831,35.7404,0,0
3539,search,2024-04-15,0,0,0.122575,0.008123,98.5909,1,1
3540,social,2024-05-11,1,0,0.601751,0.125612,19.9657,0,0
3541,social,2024-03-23,1,0,0.154369,0.026428,38.0624,0,0
3542,referral,2024-02-03,0,1,0.044532,0.035246,46.0261,0,0
3543,referral,2024-01-22,0,1,0.068135,2.1e-05,10.7318,1,1
3544,social,2024-04-13,1,0,0.128025,0.125469,11.9952,0,0
3545,referral,2024-02-02,0,1,0.03021,0.000168,20.2461,1,1
3546,social,2024-05-07,1,0,0.036066,0.500699,24.3792,0,0
3547,social,2024-04-03,1,0,0.093344,0.207054,25.399,0,0
3548,search,2024-03-20,0,0,0.361746,0.026267,9.4188,0,0
3549,social,2024-02-04,1,0,0.054431,0.000593,10.5668,1,1
3550,search,2024-06-27,0,0,0.024484,0.067537,28.2454,0,0
3551,search,2024-04-02,0,0,0.289169,0.044942,15.762,0,0
3552,social,2024-06-21,1,0,0.054772,0.08527,40.761,0,0
3553,social,2024-01-09,1,0,0.214002,0.19618,37.6387,0,0
3554,search,2024-04-12,0,0,0.130092,0.026309,16.4389,1,0
3555,referral,2024-04-09,0,1,0.031369,0.039111,25.3291,0,0
3556,social,2024-02-29,1,0,0.035484,0.039625,31.4196,0,0
3557,search,2024-04-07,0,0,0.003681,0.001381,54.1421,1,1
3558,social,2024-05-01,1,0,0.046472,0.073655,38.9431,0,0
3559,search,2024-04-12,0,0,0.016758,0.058075,32.2064,0,0
3560,social,2024-03-27,1,0,0.061831,0.120072,42.1638,0,0
3561,search,2024-01-03,0,0,0.003045,0.040718,24.1204,1,0
3562,search,2024-02-14,0,0,0.068435,0.003733,21.8649,1,1
3563,search,2024-02-03,0,0,0.022965,0.052917,36.1334,0,0
3564,social,2024-03-30,1,0,0.443391,0.049618,52.0346,0,0
3565,social,2024-06-16,1,0,0.041569,0.063683,30.8236,1,0
3566,search,2024-05-26,0,0,0.10105,0.004448,17.4009,1,0
3567,social,2024-05-22,1,0,0.233961,0.000284,20.1917,1,1
3568,social,2024-04-30,1,0,0.001004,0.002118,49.8686,1,1
3569,search,2024-06-01,0,0,0.34992,0.107391,11.1301,0,0
3570,social,2024-04-20,1,0,0.014556,0.000715,21.2228,1,1
3571,social,2024-06-09,1,0,0.06303,0.013114,19.3102,1,0
3572,referral,2024-02-08,0,1,0.088983,0.094277,10.3638,0,0
3573,search,2024-02-14,0,0,0.044097,0.051369,29.6642,0,0
3574,referral,2024-06-04,0,1,0.013243,0.096753,58.1326,0,0
3575,search,2024-06-28,0,0,0.046647,4.4e-05,30.0367,1,1
3576,search,2024-02-17,0,0,0.246424,0.008271,16.4323,1,1
3577,social,2024-02-10,1,0,0.106385,0.204659,27.8996,0,0
3578,search,2024-02-10,0,0,0.060193,0.003177,16.6024,1,1
3579,social,2024-02-29,1,0,0.085014,0.035549,24.6538,0,0
3580,search,2024-05-14,0,0,0.015667,0.018272,20.9285,0,0
3581,referral,2024-03-16,0,1,0.025867,0.007841,10.8593,0,0
3582,social,2024-05-15,1,0,0.154002,0.087741,50.1411,0,0
3583,social,2024-06-16,1,0,0.002082,0.034675,27.2928,0,0
3584,social,2024-02-01,1,0,0.102698,0.010857,34.6684,1,0
3585,search,2024-04-04,0,0,0.074297,0.011623,43.8882,0,0
3586,social,2024-05-28,1,0,0.029847,0.008514,15.9747,1,0
3587,referral,2024-05-01,0,1,0.240545,0.011178,26.4773,0,0
3588,social,2024-05-10,1,0,0.156524,0.000265,21.9618,1,1
3589,search,2024-04-03,0,0,0.035266,0.064786,8.8281,1,0
3590,search,2024-03-05,0,0,0.188119,0.015214,51.3222,1,1
3591,social,2024-04-07,1,0,0.025729,0.354579,30.0096,0,0
3592,social,2024-01-30,1,0,0.134872,0.002919,10.624,1,1
3593,social,2024-01-03,1,0,0.002152,0.198243,37.6776,0,0
3594,search,2024-02-05,0,0,0.029107,0.032352,27.6414,1,0
3595,search,2024-01-16,0,0,0.104417,0.002262,9.4886,1,1
3596,search,2024-03-22,0,0,0.427738,0.027901,18.2562,0,0
3597,search,2024-01-13,0,0,0.169795,0.04278,8.5401,0,0
3598,referral,2024-03-07,0,1,0.64139,0.003353,15.359,1,1
3599,referral,2024-05-17,0,1,0.068524,0.035336,31.6589,0,0
3600,search,2024-01-29,0,0,0.009538,3.9e-05,17.0487,1,1
3601,social,2024-05-27,1,0,6.9e-05,0.306971,9.6038,0,0
3602,search,2024-04-03,0,0,0.02483,0.149727,23.9413,0,0
3603,search,2024-03-28,0,0,0.003185,0.006227,19.3798,1,0
3604,social,2024-02-26,1,0,0.105133,0.034263,19.9117,0,0
3605,search,2024-03-28,0,0,0.016442,0.078754,41.1802,0,0
3606,social,2024-05-24,1,0,0.022807,0.047034,42.8912,0,0
3607,social,2024-02-25,1,0,0.029318,0.553226,22.5334,0,0
3608,search,2024-05-31,0,0,0.012293,0.014607,27.9993,1,0
3609,search,2024-01-29,0,0,0.440385,0.011545,57.1406,1,0
3610,social,2024-05-23,1,0,0.04829,0.007849,41.1604,1,0
3611,social,2024-04-25,1,0,0.06591,0.058956,15.3223,1,0
3612,referral,2024-01-06,0,1,0.270923,0.064293,17.9414,1,0
3613,search,2024-01-15,0,0,0.179584,0.06069,28.7774,0,0
3614,referral,2024-01-19,0,1,0.437768,0.099693,14.6736,0,0
3615,search,2024-04-21,0,0,0.059727,0.021043,17.6014,1,1
3616,social,2024-03-29,1,0,0.057805,0.034471,23.8006,1,1
3617,search,2024-03-25,0,0,0.16459,0.03677,9.4732,0,0
3618,referral,2024-03-06,0,1,0.170596,0.038974,33.7972,0,0
3619,search,2024-04-09,0,0,0.034464,0.000518,52.7922,1,0
3620,search,2024-04-21,0,0,0.123427,0.074308,15.5763,0,0
3621,social,2024-04-05,1,0,0.082255,0.000273,28.9225,0,0
3622,social,2024-04-13,1,0,0.030223,0.114328,12.7169,0,0
3623,referral,2024-04-20,0,1,0.010873,0.000191,42.4038,1,1
3624,referral,2024-04-13,0,1,0.076419,0.007429,19.2366,1,1
3625,social,2024-06-19,1,0,0.10528,0.13327,51.2488,0,0
3626,referral,2024-02-21,0,1,0.367848,0.005617,65.3648,1,1
3627,search,2024-02-01,0,0,0.139088,0.002097,11.7002,1,1
3628,search,2024-02-04,0,0,0.242914,0.001792,28.4319,1,1
3629,search,2024-04-03,0,0,0.017528,0.00014,34.7058,1,1
3630,social,2024-03-16,1,0,0.167847,0.110319,18.3162,0,0
3631,social,2024-04-26,1,0,0.289866,0.002195,26.8925,1,1
3632,social,2024-01-22,1,0,0.069738,0.013465,29.7155,1,1
3633,search,2024-03-16,0,0,0.069171,0.079379,22.7545,0,0
3634,referral,2024-05-20,0,1,0.172502,0.005247,19.1135,1,1
3635,social,2024-02-19,1,0,0.041879,0.530789,23.6903,0,0
3636,search,2024-01-21,0,0,0.029653,0.091006,28.6572,0,0
3637,search,2024-01-01,0,0,0.198361,0.024386,23.41,0,0
3638,social,2024-03-17,1,0,0.097642,0.000113,22.8255,1,1
3639,social,2024-02-01,1,0,0.03331,0.003743,38.2423,0,0
3640,social,2024-03-07,1,0,0.133752,0.003498,26.525,1,0
3641,search,2024-02-08,0,0,0.009376,0.006099,16.6432,0,0
3642,search,2024-02-07,0,0,0.104775,0.001848,14.0127,1,1
3643,search,2024-01-28,0,0,0.173768,0.000137,12.4867,1,1
3644,search,2024-02-29,0,0,0.012868,0.365638,37.0009,0,0
3645,social,2024-05-17,1,0,0.000108,0.049045,54.3284,1,0
3646,referral,2024-05-08,0,1,0.041481,0.003479,24.7254,1,1
3647,search,2024-03-08,0,0,0.137949,0.000787,34.1143,1,1
3648,search,2024-03-24,0,0,0.264406,0.01656,165.39,1,1
3649,referral,2024-05-15,0,1,0.817123,0.005385,12.3251,1,1
3650,referral,2024-03-04,0,1,0.445599,0.079948,11.0877,0,0
3651,search,2024-02-21,0,0,0.129327,0.012409,45.8755,1,0
3652,social,2024-05-29,1,0,0.086772,0.199475,39.8968,0,0
3653,search,2024-05-13,0,0,0.033239,0.092721,15.8365,0,0
3654,social,2024-03-23,1,0,0.115516,0.000106,52.7023,1,1
3655,search,2024-04-28,0,0,0.032803,0.003104,30.55,1,1
3656,social,2024-01-03,1,0,0.091613,0.002206,33.3497,0,0
3657,search,2024-01-16,0,0,0.053615,0.204361,37.7414,0,0
3658,social,2024-04-01,1,0,0.019349,0.091253,27.3198,0,0
3659,social,2024-03-14,1,0,0.234287,0.12958,11.411,0,0
3660,referral,2024-06-18,0,1,0.048839,0.016496,13.3528,1,1
3661,social,2024-06-21,1,0,0.008503,0.348169,11.2673,0,0
3662,social,2024-04-01,1,0,0.070481,0.003304,16.3117,1,1
3663,search,2024-01-28,0,0,0.214783,0.012065,25.1305,1,0
3664,search,2024-01-09,0,0,0.026206,0.000966,25.2467,1,1
3665,social,2024-03-24,1,0,0.014139,0.114445,32.6279,0,0
3666,search,2024-05-15,0,0,0.158108,0.007055,34.4897,1,1
3667,social,2024-05-14,1,0,0.12688,0.017638,17.313,1,1
3668,referral,2024-04-17,0,1,0.864466,0.017606,24.6501,0,0
3669,search,2024-04-16,0,0,0.01671,0.003141,31.3166,1,1
3670,social,2024-01-25,1,0,0.113754,0.607398,24.3848,0,0
3671,search,2024-01-07,0,0,0.233363,0.001404,151.6951,0,0
3672,search,2024-04-23,0,0,0.294946,0.058719,16.4179,0,0
3673,search,2024-01-18,0,0,0.243492,0.025564,94.404,1,0
3674,referral,2024-05-03,0,1,0.097916,0.012877,30.2194,1,1
3675,referral,2024-04-23,0,1,0.051792,0.000116,15.8802,1,1
3676,search,2024-05-30,0,0,0.053815,0.006277,73.1818,1,0
3677,social,2024-06-01,1,0,0.024516,0.088919,24.7258,0,0
3678,search,2024-03-18,0,0,0.440462,0.012427,42.5338,1,0
3679,social,2024-03-01,1,0,0.017292,0.017921,18.8016,0,0
3680,search,2024-06-13,0,0,0.035113,0.006778,11.3571,1,1
3681,referral,2024-06-26,0,1,0.425178,0.139026,19.7285,0,0
3682,social,2024-03-30,1,0,0.073029,0.109726,24.2567,0,0
3683,social,2024-02-18,1,0,0.034199,0.102628,58.8668,0,0
3684,social,2024-05-11,1,0,0.20295,0.093795,25.3751,0,0
3685,referral,2024-02-11,0,1,0.484186,0.062496,45.6869,0,0
3686,social,2024-06-03,1,0,0.009101,0.001243,18.3357,1,1
3687,social,2024-03-02,1,0,0.025235,0.053227,51.5868,0,0
3688,search,2024-06-22,0,0,0.275213,0.197579,18.268,0,0
3689,social,2024-03-16,1,0,0.317482,0.059467,13.8279,0,0
3690,search,2024-05-20,0,0,0.105034,0.050625,9.0984,0,0
3691,social,2024-06-15,1,0,0.093355,0.003685,87.6712,1,0
3692,search,2024-06-15,0,0,0.03856,0.019895,87.6911,1,0
3693,search,2024-01-12,0,0,0.345792,0.002199,14.4151,1,1
3694,search,2024-02-03,0,0,0.048698,0.217936,79.0536,0,0
3695,search,2024-02-04,0,0,0.299477,0.007451,32.3304,0,0
3696,referral,2024-02-23,0,1,0.052305,0.010112,60.5401,1,1
3697,social,2024-01-18,1,0,0.101645,0.025117,33.2079,1,0
3698,search,2024-04-03,0,0,0.08898,0.068102,14.5315,0,0
3699,referral,2024-05-03,0,1,0.135903,0.041342,30.4059,0,0
3700,referral,2024-05-14,0,1,0.572924,0.07157,64.3444,1,0
3701,social,2024-03-07,1,0,0.010547,0.056362,13.8682,0,0
3702,search,2024-03-08,0,0,0.072568,0.085131,15.8888,0,0
3703,search,2024-01-04,0,0,0.209845,0.083059,21.1736,0,0
3704,referral,2024-05-21,0,1,0.677144,0.010391,40.5,1,1
3705,social,2024-06-16,1,0,0.014242,0.072247,14.8775,0,0
3706,search,2024-01-21,0,0,0.036807,0.000121,27.5506,1,1
3707,social,2024-01-26,1,0,0.052342,0.067116,28.9691,0,0
3708,social,2024-04-26,1,0,0.020983,0.006465,39.7637,1,1
3709,search,2024-02-16,0,0,0.027043,0.232568,17.2269,0,0
3710,social,2024-02-03,1,0,0.054849,0.082651,16.9082,1,0
3711,referral,2024-01-04,0,1,0.231485,0.026849,29.4023,0,0
3712,search,2024-03-29,0,0,0.080383,0.021195,20.1253,0,0
3713,social,2024-03-24,1,0,0.080787,0.000616,9.3288,1,1
3714,referral,2024-06-26,0,1,0.226255,0.077811,12.6457,0,0
3715,social,2024-06-25,1,0,0.009194,0.088925,31.9952,0,0
3716,social,2024-02-16,1,0,0.0609,0.008534,14.52,1,1
3717,search,2024-05-02,0,0,0.059553,0.225031,16.7552,0,0
3718,social,2024-04-14,1,0,0.013522,0.050786,28.1969,0,0
3719,social,2024-05-11,1,0,0.00241,0.013771,33.3387,0,0
3720,social,2024-06-29,1,0,0.209064,0.493023,27.3479,0,0
3721,social,2024-01-13,1,0,0.061919,0.000654,24.4991,1,1
3722,social,2024-05-09,1,0,0.065272,0.021994,19.8379,1,0
3723,referral,2024-05-13,0,1,0.004776,0.160149,27.8961,0,0
3724,search,2024-01-01,0,0,0.065635,0.005692,27.0859,1,1
3725,social,2024-01-09,1,0,0.056485,0.039616,120.8807,0,0
3726,referral,2024-03-05,0,1,0.004913,0.000495,44.5787,1,1
3727,search,2024-04-02,0,0,0.09157,0.000203,38.5357,1,1
3728,social,2024-06-12,1,0,0.091918,0.051246,21.0194,1,0
3729,search,2024-03-22,0,0,0.139882,0.157968,14.823,0,0
3730,search,2024-01-07,0,0,0.117608,0.097808,34.5819,0,0
3731,search,2024-03-01,0,0,0.14692,0.021889,24.9777,1,0
3732,referral,2024-01-31,0,1,0.039504,0.007549,12.4603,1,1
3733,social,2024-03-17,1,0,0.047693,0.001037,40.0372,1,1
3734,social,2024-06-05,1,0,0.023413,0.117888,59.9576,0,0
3735,search,2024-05-12,0,0,0.033808,0.000852,23.5324,1,1
3736,search,2024-06-18,0,0,0.132969,0.134512,14.4973,0,0
3737,search,2024-02-15,0,0,0.22847,0.058516,22.2409,0,0
3738,referral,2024-02-21,0,1,0.060679,0.027953,23.8838,1,0
3739,search,2024-06-27,0,0,0.406766,0.000103,33.2988,1,1
3740,social,2024-01-02,1,0,0.167214,0.384342,19.0488,0,0
3741,search,2024-06-21,0,0,0.046249,0.012027,10.2799,1,0
3742,social,2024-01-04,1,0,0.017804,0.003896,57.8772,1,1
3743,referral,2024-06-26,0,1,0.001084,0.239445,85.4774,0,0
3744,search,2024-05-13,0,0,0.135486,1.1e-05,57.7505,1,1
3745,social,2024-05-26,1,0,0.144134,0.409776,22.0952,0,0
3746,search,2024-03-12,0,0,0.040115,0.027316,18.5025,1,0
3747,referral,2024-02-29,0,1,0.264231,0.007782,30.3451,0,0
3748,referral,2024-01-19,0,1,0.092977,0.010039,47.4405,0,0
3749,social,2024-06-23,1,0,0.025888,0.034312,14.1509,0,0
3750,search,2024-02-15,0,0,0.016556,0.001039,94.8827,1,0
3751,social,2024-05-30,1,0,0.030519,0.077701,34.0563,0,0
3752,referral,2024-02-23,0,1,0.63156,0.019573,20.2344,0,0
3753,social,2024-03-05,1,0,0.041405,0.572993,24.9618,0,0
3754,referral,2024-06-21,0,1,0.107228,0.003424,37.1839,1,1
3755,referral,2024-02-16,0,1,0.147199,0.195636,18.9498,0,0
3756,search,2024-05-30,0,0,0.002693,0.072472,22.2951,0,0
3757,social,2024-02-28,1,0,0.157806,0.001049,23.0301,1,1
3758,search,2024-04-10,0,0,0.027874,0.049458,36.6548,0,0
3759,search,2024-06-28,0,0,0.387184,0.000225,18.1939,1,1
3760,search,2024-05-08,0,0,0.378876,0.016767,39.1337,1,0
3761,referral,2024-03-31,0,1,0.840042,0.089348,21.8259,0,0
3762,referral,2024-06-17,0,1,0.207405,0.012964,53.8349,1,1
3763,referral,2024-05-24,0,1,0.607527,0.013164,22.6959,1,0
3764,search,2024-04-08,0,0,0.319144,0.026199,67.3852,0,0
3765,search,2024-04-01,0,0,0.026211,0.192184,30.9855,0,0
3766,search,2024-03-23,0,0,0.126733,0.134875,63.4132,0,0
3767,search,2024-05-28,0,0,0.033728,0.070657,36.6316,0,0
3768,referral,2024-02-11,0,1,0.011774,0.006567,39.2803,1,1
3769,social,2024-06-11,1,0,0.106471,0.231536,37.5876,0,0
3770,social,2024-01-20,1,0,0.071823,0.175782,35.9792,0,0
3771,referral,2024-02-17,0,1,0.14366,0.017715,12.1134,1,1
3772,search,2024-01-12,0,0,0.387388,0.056864,53.0813,0,0
3773,referral,2024-01-07,0,1,0.366892,0.000327,30.3434,1,1
3774,referral,2024-04-10,0,1,0.13103,0.05451,27.0837,0,0
3775,social,2024-01-24,1,0,0.044181,0.014517,22.4271,1,0
3776,social,2024-05-16,1,0,0.081833,0.236117,13.2536,0,0
3777,social,2024-02-15,1,0,0.076718,0.609881,25.9702,0,0
3778,search,2024-04-03,0,0,0.057989,0.034249,23.0119,0,0
3779,search,2024-02-19,0,0,0.154733,0.003237,15.1038,1,1
3780,search,2024-04-26,0,0,0.16705,0.062204,19.7379,0,0
3781,referral,2024-01-10,0,1,0.043106,0.001116,21.0141,0,0
3782,social,2024-05-30,1,0,0.009814,0.034943,27.8011,1,0
3783,social,2024-06-18,1,0,0.111962,0.03137,18.3621,0,0
3784,search,2024-05-04,0,0,0.066196,0.002577,91.2808,1,1
3785,referral,2024-05-13,0,1,0.033312,0.109521,15.2123,0,0
3786,search,2024-06-18,0,0,0.186234,0.018839,17.7795,1,1
3787,search,2024-03-24,0,0,0.088806,0.003422,14.034,0,0
3788,search,2024-04-11,0,0,0.057487,0.002747,31.1619,1,1
3789,search,2024-01-17,0,0,0.057571,0.026902,15.5156,0,0
3790,social,2024-04-05,1,0,0.10896,0.098204,41.5254,0,0
3791,social,2024-03-06,1,0,0.267071,0.022377,23.8982,0,0
3792,search,2024-01-20,0,0,0.033076,0.010688,14.3333,1,0
3793,search,2024-06-02,0,0,0.006265,0.185645,29.932,0,0
3794,search,2024-05-10,0,0,0.264443,0.079638,60.2989,0,0
3795,social,2024-01-18,1,0,0.019226,0.170921,29.7891,0,0
3796,social,2024-06-29,1,0,0.067542,0.037329,17.9882,0,0
3797,search,2024-02-24,0,0,0.086519,0.019669,20.425,1,0
3798,social,2024-02-05,1,0,0.311147,0.127578,13.9647,0,0
3799,social,2024-02-13,1,0,0.219629,0.144868,69.0787,0,0
3800,search,2024-02-06,0,0,0.69826,0.21932,43.1577,0,0
3801,social,2024-06-10,1,0,0.153021,0.024,46.7617,1,1
3802,search,2024-03-27,0,0,0.099775,0.002188,42.8129,1,1
3803,social,2024-04-09,1,0,0.188482,0.005379,22.1311,1,1
3804,social,2024-06-08,1,0,0.081748,0.028225,41.0594,0,0
3805,social,2024-05-22,1,0,0.340697,0.354119,41.0692,0,0
3806,search,2024-06-16,0,0,0.166057,0.075895,66.779,0,0
3807,referral,2024-02-24,0,1,0.155773,0.004055,17.4397,1,1
3808,search,2024-06-02,0,0,0.004196,0.000218,27.4258,1,1
3809,search,2024-03-31,0,0,0.205549,0.000167,14.7334,1,1
3810,referral,2024-01-10,0,1,0.138661,0.015148,31.7029,1,1
3811,search,2024-02-15,0,0,0.141025,0.022508,39.486,0,0
3812,referral,2024-03-26,0,1,0.349503,0.019078,16.8926,1,0
3813,search,2024-06-12,0,0,0.007597,0.053929,15.8407,0,0
3814,referral,2024-02-09,0,1,0.283861,0.010972,87.5017,0,0
3815,search,2024-02-02,0,0,0.055332,0.007512,85.7007,1,1
3816,referral,2024-06-17,0,1,0.062759,0.011442,39.8114,1,0
3817,search,2024-06-03,0,0,0.482003,0.043802,24.3281,1,0
3818,social,2024-04-04,1,0,0.038707,0.24004,20.5051,0,0
3819,social,2024-03-05,1,0,0.038403,0.03903,14.5659,0,0
3820,search,2024-01-30,0,0,0.37861,0.049451,26.0922,0,0
3821,search,2024-03-18,0,0,0.165545,0.062846,13.8433,0,0
3822,search,2024-05-31,0,0,0.060016,0.048369,15.88,0,0
3823,social,2024-06-13,1,0,0.026064,0.032082,28.8022,1,0
3824,search,2024-04-08,0,0,0.461037,0.003883,76.595,1,1
3825,search,2024-05-21,0,0,0.539127,0.007987,20.3879,1,0
3826,social,2024-05-28,1,0,0.011729,1.3e-05,49.4535,1,1
3827,social,2024-05-23,1,0,0.207453,0.000708,18.075,1,1
3828,social,2024-05-17,1,0,0.086095,0.012612,21.1776,1,0
3829,search,2024-04-07,0,0,0.013493,0.035918,22.3645,0,0
3830,social,2024-01-02,1,0,0.048022,5.1e-05,46.913,1,1
3831,social,2024-03-16,1,0,0.290789,0.019957,65.7653,1,0
3832,social,2024-04-11,1,0,0.02216,0.020473,26.5496,0,0
3833,social,2024-02-05,1,0,0.381661,0.328193,38.1985,0,0
3834,search,2024-02-28,0,0,0.063755,0.03976,27.1863,0,0
3835,social,2024-06-16,1,0,0.061105,0.015867,20.3818,1,0
3836,search,2024-02-02,0,0,0.00069,0.001504,37.0485,1,1
3837,search,2024-04-29,0,0,0.06026,0.00048,32.4744,1,1
3838,social,2024-02-12,1,0,0.050073,0.080912,26.346,0,0
3839,search,2024-04-22,0,0,0.038525,0.000127,16.5537,1,1
3840,search,2024-05-19,0,0,0.079915,0.060558,15.5856,0,0
3841,search,2024-06-19,0,0,0.387664,0.10074,11.4184,0,0
3842,search,2024-06-17,0,0,0.095428,0.12069,26.1702,0,0
3843,social,2024-06-14,1,0,0.179773,0.075436,42.3858,0,0
3844,search,2024-06-18,0,0,0.143942,0.016655,15.3056,1,1
3845,social,2024-03-20,1,0,0.349475,0.090674,33.8344,0,0
3846,referral,2024-05-20,0,1,0.169148,0.078742,17.0801,0,0
3847,search,2024-05-23,0,0,0.195157,0.015516,13.8513,1,1
3848,search,2024-04-27,0,0,0.089136,0.002403,17.2854,1,1
3849,social,2024-04-24,1,0,0.055962,0.009418,21.104,0,0
3850,search,2024-01-07,0,0,0.092322,0.000349,28.0045,1,1
3851,social,2024-01-10,1,0,0.016009,0.044818,40.6641,0,0
3852,search,2024-04-03,0,0,0.133501,0.063628,18.3993,0,0
3853,referral,2024-03-08,0,1,0.113695,0.000512,10.6471,1,1
3854,referral,2024-03-18,0,1,0.096783,0.00456,81.9399,1,1
3855,search,2024-05-18,0,0,0.414827,0.007236,29.6806,0,0
3856,search,2024-05-10,0,0,0.111412,0.019831,45.8219,1,0
3857,social,2024-05-24,1,0,0.092635,0.082401,41.2174,1,0
3858,social,2024-03-29,1,0,0.319925,0.02221,21.6725,0,0
3859,referral,2024-01-14,0,1,0.282998,0.000529,42.4649,1,1
3860,referral,2024-01-27,0,1,0.66872,0.004725,46.8912,1,1
3861,referral,2024-05-17,0,1,0.573313,0.027505,19.8734,1,1
3862,social,2024-04-17,1,0,0.002923,0.013153,19.7302,1,0
3863,social,2024-03-08,1,0,0.050676,0.125652,12.8976,0,0
3864,search,2024-01-14,0,0,0.07621,0.012518,27.6345,0,0
3865,referral,2024-06-23,0,1,0.147126,0.001515,14.7172,1,1
3866,search,2024-02-03,0,0,0.101297,0.007456,14.0551,1,1
3867,social,2024-02-23,1,0,0.098221,0.301375,22.9999,0,0
3868,search,2024-02-20,0,0,0.028201,3.6e-05,31.511,1,1
3869,referral,2024-02-12,0,1,0.20448,0.001739,28.6066,1,1
3870,social,2024-06-19,1,0,0.013775,0.21858,97.6753,0,0
3871,social,2024-02-22,1,0,0.106451,0.100369,36.1511,0,0
3872,social,2024-01-08,1,0,0.067909,0.114431,35.2262,0,0
3873,search,2024-01-29,0,0,0.010582,0.002105,37.2946,1,1
3874,social,2024-06-28,1,0,0.004292,0.054825,18.3822,0,0
3875,search,2024-03-31,0,0,0.084559,0.038504,25.0229,0,0
3876,social,2024-06-02,1,0,0.002059,0.00718,22.0344,1,1
3877,social,2024-02-22,1,0,0.061268,0.205091,21.8744,0,0
3878,search,2024-06-18,0,0,0.026231,0.034556,28.8712,1,0
3879,search,2024-06-12,0,0,0.019701,0.011286,14.2348,0,0
3880,social,2024-05-13,1,0,0.078239,0.505812,71.2714,0,0
3881,search,2024-06-24,0,0,0.120171,0.034277,21.9167,0,0
3882,search,2024-03-28,0,0,0.082331,0.055392,19.6668,0,0
3883,social,2024-06-13,1,0,0.076183,0.037252,16.0384,1,0
3884,referral,2024-05-24,0,1,0.099318,0.040327,13.4224,0,0
3885,social,2024-06-18,1,0,0.110268,0.05162,92.1319,0,0
3886,social,2024-06-30,1,0,0.073389,0.000189,42.7587,1,1
3887,social,2024-04-27,1,0,0.163422,0.002763,19.7703,1,1
3888,referral,2024-05-19,0,1,0.065998,0.005038,18.2894,1,0
3889,referral,2024-01-23,0,1,0.095287,0.021681,37.1095,0,0
3890,social,2024-01-06,1,0,0.000208,0.117243,48.0839,0,0
3891,social,2024-05-10,1,0,0.047553,0.142822,19.1618,0,0
3892,search,2024-03-20,0,0,0.184638,0.000894,20.008,1,1
3893,social,2024-05-08,1,0,0.003207,0.124934,43.2852,0,0
3894,social,2024-06-16,1,0,0.071318,0.024724,32.196,0,0
3895,social,2024-01-12,1,0,0.18655,0.09522,12.6032,0,0
3896,referral,2024-03-02,0,1,0.283062,0.004087,50.0394,1,1
3897,referral,2024-02-25,0,1,0.075006,0.000432,55.7035,1,1
3898,search,2024-01-10,0,0,0.021541,0.002625,20.1587,1,1
3899,social,2024-01-24,1,0,0.004499,0.148175,23.9843,0,0
3900,social,2024-04-14,1,0,0.012979,0.178908,22.2497,0,0
3901,search,2024-02-04,0,0,0.046522,0.060504,40.1479,0,0
3902,referral,2024-01-01,0,1,0.16733,3.4e-05,65.9238,1,1
3903,referral,2024-04-02,0,1,0.680049,0.01362,24.9898,0,0
3904,search,2024-03-24,0,0,0.03326,0.001464,9.101,1,1
3905,search,2024-06-07,0,0,0.155791,0.009536,26.7582,0,0
3906,referral,2024-02-15,0,1,0.141437,0.011843,85.635,1,1
3907,search,2024-06-20,0,0,0.040855,0.020931,9.4287,1,0
3908,search,2024-04-16,0,0,0.019887,0.029446,31.5909,0,0
3909,search,2024-05-04,0,0,0.196071,0.038093,48.9134,1,0
3910,referral,2024-02-25,0,1,0.202269,3.6e-05,15.674,1,1
3911,search,2024-06-02,0,0,0.050123,0.174631,68.0614,0,0
3912,social,2024-04-09,1,0,0.074871,0.001334,25.3318,1,1
3913,search,2024-05-08,0,0,0.338387,0.069589,33.8411,1,0
3914,search,2024-05-14,0,0,0.372583,7.3e-05,21.0719,1,1
3915,social,2024-05-21,1,0,0.02537,0.056701,20.1238,1,0
3916,social,2024-01-15,1,0,0.082018,0.026005,33.0646,1,0
3917,search,2024-01-03,0,0,0.018954,0.003967,19.7076,1,1
3918,search,2024-02-15,0,0,0.063838,0.007258,27.9147,1,1
3919,search,2024-03-06,0,0,0.10832,0.071198,31.4501,0,0
3920,social,2024-01-17,1,0,0.012173,0.211142,56.9059,0,0
3921,social,2024-05-27,1,0,0.044799,0.094469,21.3939,0,0
3922,social,2024-06-25,1,0,0.053856,0.054244,24.181,1,0
3923,search,2024-04-14,0,0,0.144278,0.0036,21.0162,1,0
3924,social,2024-01-24,1,0,0.008474,0.058087,14.9164,0,0
3925,search,2024-02-12,0,0,0.670474,0.060531,16.1412,0,0
3926,search,2024-06-20,0,0,0.114741,0.030118,20.469,0,0
3927,search,2024-03-11,0,0,0.168522,0.024325,25.9705,1,0
3928,search,2024-01-03,0,0,0.461688,0.005641,16.277,0,0
3929,search,2024-04-05,0,0,0.005963,0.000132,28.5268,1,1
3930,search,2024-03-29,0,0,0.419283,0.08966,43.5861,0,0
3931,search,2024-01-13,0,0,0.047283,0.045246,29.0813,0,0
3932,referral,2024-05-06,0,1,0.124661,1.3e-05,23.1926,1,1
3933,referral,2024-05-16,0,1,0.093511,0.012139,25.6707,1,0
3934,social,2024-01-16,1,0,0.018802,0.127089,13.3817,0,0
3935,search,2024-06-08,0,0,0.002792,0.011337,43.5682,1,0
3936,search,2024-02-01,0,0,0.762517,0.010531,23.3688,0,0
3937,social,2024-03-18,1,0,0.091285,0.128753,30.8769,0,0
3938,search,2024-05-10,0,0,0.422272,0.169611,38.5568,0,0
3939,search,2024-04-11,0,0,0.288473,0.00327,11.0376,1,1
3940,search,2024-02-12,0,0,0.436377,0.059933,36.3766,0,0
3941,search,2024-04-10,0,0,0.0921,0.001064,34.704,1,1
3942,search,2024-01-22,0,0,0.207097,0.019307,35.8503,0,0
3943,referral,2024-02-02,0,1,0.029356,1.2e-05,35.6458,1,1
3944,search,2024-05-05,0,0,0.199212,0.215179,78.8528,0,0
3945,social,2024-06-06,1,0,0.022794,0.003295,17.1415,1,1
3946,social,2024-01-05,1,0,0.038765,0.013383,17.0929,0,0
3947,social,2024-06-02,1,0,0.169212,0.034639,30.6348,1,0
3948,search,2024-03-13,0,0,0.02941,0.089606,25.9718,0,0
3949,search,2024-04-20,0,0,0.09132,0.058748,31.7149,0,0
3950,social,2024-01-31,1,0,0.118976,0.00255,19.6149,1,1
3951,search,2024-05-03,0,0,0.012703,0.000246,18.2704,1,1
3952,search,2024-03-25,0,0,0.496549,0.055632,40.6198,0,0
3953,social,2024-05-02,1,0,0.014698,0.57747,21.3494,0,0
3954,referral,2024-06-09,0,1,0.260379,0.001712,15.149,1,0
3955,social,2024-05-13,1,0,0.045532,0.004679,28.3111,1,1
3956,search,2024-02-24,0,0,0.012683,0.030404,21.0321,0,0
3957,referral,2024-04-24,0,1,0.078124,0.09164,15.7495,0,0
3958,referral,2024-03-13,0,1,0.565569,0.004502,46.8089,1,1
3959,social,2024-06-26,1,0,0.097076,0.003461,42.9851,1,1
3960,search,2024-03-01,0,0,0.0316,0.003071,33.823,1,1
3961,search,2024-05-05,0,0,0.14468,0.012405,26.5856,0,0
3962,social,2024-03-16,1,0,0.029347,0.00059,20.244,1,1
3963,search,2024-05-02,0,0,0.152828,0.006435,52.3127,1,0
3964,search,2024-03-19,0,0,0.098869,0.000342,15.2711,1,1
3965,social,2024-04-07,1,0,0.156712,0.155341,31.9514,0,0
3966,social,2024-06-23,1,0,0.054415,0.050693,40.998,0,0
3967,referral,2024-02-29,0,1,1.255219,0.004615,35.9385,0,0
3968,search,2024-05-20,0,0,0.038061,0.110748,43.2202,0,0
3969,social,2024-02-04,1,0,0.003502,0.371393,41.2643,0,0
3970,social,2024-06-08,1,0,0.137979,0.371837,75.5154,0,0
3971,social,2024-03-17,1,0,0.059559,0.022167,117.1688,1,0
3972,social,2024-05-06,1,0,0.131697,0.013743,19.8374,1,0
3973,social,2024-05-02,1,0,0.150598,0.007795,16.8595,1,0
3974,referral,2024-02-12,0,1,0.27029,0.042065,32.6666,0,0
3975,search,2024-01-11,0,0,0.188988,0.029342,17.7907,1,1
3976,search,2024-06-06,0,0,0.003567,0.000178,22.7029,1,1
3977,search,2024-01-23,0,0,0.285406,0.036014,23.7832,0,0
3978,search,2024-03-02,0,0,0.015572,0.024794,18.9738,1,0
3979,social,2024-01-01,1,0,0.058115,0.019455,23.6086,1,1
3980,search,2024-06-16,0,0,0.046605,0.023064,19.4998,1,1
3981,social,2024-04-28,1,0,0.303719,0.019016,27.8063,1,1
3982,social,2024-02-06,1,0,0.020959,0.131295,29.7604,0,0
3983,search,2024-05-31,0,0,0.05428,0.010547,17.8871,1,1
3984,social,2024-06-16,1,0,0.001263,0.296894,16.0765,0,0
3985,social,2024-03-09,1,0,0.025769,0.022204,48.7255,0,0
3986,search,2024-02-06,0,0,0.096338,0.001972,16.3204,1,1
3987,search,2024-02-05,0,0,0.04629,0.016565,29.4371,0,0
3988,referral,2024-05-26,0,1,0.046146,0.002355,33.0396,1,1
3989,social,2024-04-13,1,0,0.076343,0.026255,16.8193,0,0
3990,search,2024-06-15,0,0,0.041684,0.006442,26.0373,0,0
3991,search,2024-05-15,0,0,0.080714,0.012581,20.071,1,1
3992,search,2024-04-14,0,0,0.586174,0.008705,24.7728,0,0
3993,search,2024-06-01,0,0,0.302025,0.056582,8.8927,0,0
3994,social,2024-05-03,1,0,0.026107,0.028985,59.4219,0,0
3995,search,2024-05-07,0,0,0.189304,0.101949,39.6907,0,0
3996,social,2024-01-07,1,0,0.045545,6e-05,27.0557,1,1
3997,search,2024-05-03,0,0,0.031825,0.025364,22.3395,1,0
3998,social,2024-03-13,1,0,0.053933,0.142963,22.5562,0,0
3999,search,2024-01-01,0,0,0.119054,0.031098,28.6603,0,0
4000,search,2024-03-20,0,0,0.098985,0.148295,10.1119,0,0
4001,referral,2024-01-12,0,1,0.008796,0.032472,19.662,0,0
4002,search,2024-06-27,0,0,0.072661,0.046151,27.4019,1,1
4003,referral,2024-02-07,0,1,0.442286,0.055386,21.726,0,0
4004,search,2024-04-26,0,0,0.127344,0.005155,25.1636,1,1
4005,social,2024-03-21,1,0,0.014322,0.011826,32.7053,1,1
4006,referral,2024-01-25,0,1,0.174775,0.00182,30.2365,0,0
4007,social,2024-01-03,1,0,0.457604,0.083661,15.536,0,0
4008,social,2024-04-10,1,0,0.01249,0.002802,16.9825,1,1
4009,social,2024-01-31,1,0,0.114013,0.065031,18.2163,1,0
4010,search,2024-01-12,0,0,0.015902,0.284874,16.8775,0,0
4011,social,2024-02-20,1,0,0.031966,0.052457,50.5207,0,0
4012,referral,2024-06-12,0,1,0.910816,0.020877,40.3926,1,0
4013,referral,2024-06-13,0,1,0.422661,0.000283,13.5978,1,1
4014,social,2024-03-13,1,0,0.045937,0.14411,23.9626,0,0
4015,search,2024-02-05,0,0,0.188866,0.152239,21.6497,0,0
4016,search,2024-05-26,0,0,0.580897,0.019243,68.955,0,0
4017,search,2024-03-30,0,0,0.01114,0.00024,37.3629,1,1
4018,social,2024-04-12,1,0,0.392669,0.000312,15.698,1,1
4019,search,2024-01-25,0,0,0.536706,0.294106,17.7677,0,0
4020,social,2024-04-23,1,0,0.02194,0.295827,22.5042,0,0
4021,social,2024-03-14,1,0,0.126502,0.262114,14.5454,0,0
4022,social,2024-06-17,1,0,0.03728,0.008003,21.6259,1,0
4023,social,2024-04-13,1,0,0.004085,0.052622,47.3247,0,0
4024,referral,2024-02-25,0,1,0.666837,0.105664,14.5097,0,0
4025,referral,2024-03-04,0,1,0.442718,0.001189,21.1124,1,1
4026,search,2024-02-01,0,0,0.013997,0.058926,23.3665,0,0
4027,referral,2024-03-29,0,1,0.106328,0.019285,65.6961,0,0
4028,referral,2024-02-04,0,1,0.002789,0.029633,27.1156,0,0
4029,search,2024-01-26,0,0,0.042296,0.008271,42.7414,1,0
4030,search,2024-05-31,0,0,0.051572,0.010974,38.6257,1,0
4031,search,2024-02-03,0,0,0.039641,0.01531,33.3731,0,0
4032,search,2024-02-05,0,0,0.006975,0.029443,14.8765,0,0
4033,social,2024-05-22,1,0,0.001174,0.049637,14.5436,0,0
4034,social,2024-01-08,1,0,0.005471,0.014311,28.547,0,0
4035,search,2024-05-31,0,0,0.081786,0.313152,18.7355,0,0
4036,search,2024-01-17,0,0,0.062817,0.000985,40.372,1,1
4037,search,2024-01-18,0,0,0.060441,0.148782,19.2036,0,0
4038,social,2024-06-13,1,0,0.020705,0.190193,39.0045,0,0
4039,social,2024-05-13,1,0,0.019055,0.01049,63.9538,0,0
4040,search,2024-03-08,0,0,0.030179,0.169022,23.3023,0,0
4041,social,2024-03-18,1,0,0.333712,0.124866,22.0797,0,0
4042,search,2024-01-23,0,0,0.115586,0.162634,22.1394,0,0
4043,social,2024-06-09,1,0,0.104555,0.523853,15.0465,0,0
4044,search,2024-01-23,0,0,0.095447,0.009999,17.5037,1,0
4045,social,2024-05-22,1,0,0.345556,0.022916,18.6499,1,0
4046,search,2024-05-26,0,0,0.001534,0.085444,22.4309,0,0
4047,social,2024-01-05,1,0,0.066388,0.057439,45.694,0,0
4048,referral,2024-04-25,0,1,0.355535,0.054493,16.3268,0,0
4049,search,2024-05-28,0,0,0.233977,0.036773,29.5236,1,1
4050,social,2024-03-21,1,0,0.072146,0.058418,84.0272,0,0
4051,search,2024-01-19,0,0,0.146798,0.031734,21.0346,0,0
4052,search,2024-02-06,0,0,0.361713,0.001399,13.594,1,0
4053,search,2024-05-22,0,0,0.164043,0.390448,37.094,0,0
4054,social,2024-02-04,1,0,0.14153,0.072752,13.4608,0,0
4055,referral,2024-05-12,0,1,0.373151,0.006197,120.871,0,0
4056,search,2024-03-04,0,0,0.038044,0.023282,95.0677,1,1
4057,search,2024-04-18,0,0,0.251357,0.077197,42.0264,0,0
4058,social,2024-06-24,1,0,0.063474,0.02228,23.3408,1,0
4059,search,2024-01-11,0,0,0.12633,1.7e-05,17.4596,1,1
4060,referral,2024-02-03,0,1,0.169625,0.000229,108.4635,1,1
4061,social,2024-05-06,1,0,0.014881,0.000741,30.4983,1,1
4062,social,2024-02-24,1,0,0.018359,0.042885,22.5968,0,0
4063,social,2024-02-19,1,0,0.015814,0.042914,24.2727,0,0
4064,social,2024-04-08,1,0,0.139125,0.202219,32.9135,0,0
4065,social,2024-01-09,1,0,0.080134,0.043728,46.7929,0,0
4066,referral,2024-04-11,0,1,0.087751,0.000533,53.114,1,1
4067,referral,2024-01-19,0,1,0.041533,0.006754,22.9812,0,0
4068,social,2024-02-28,1,0,0.008527,0.046902,34.0481,0,0
4069,social,2024-02-24,1,0,0.026154,0.038298,16.4194,0,0
4070,social,2024-04-03,1,0,0.002664,0.172379,15.47,0,0
4071,referral,2024-04-19,0,1,0.001674,0.003456,45.3722,1,1
4072,search,2024-05-23,0,0,0.374319,0.009052,12.2769,0,0
4073,social,2024-06-10,1,0,0.09059,0.059765,25.8944,0,0
4074,referral,2024-05-18,0,1,0.152849,0.000303,12.0915,1,1
4075,search,2024-05-04,0,0,0.042578,0.038644,38.2654,0,0
4076,search,2024-05-04,0,0,0.151967,0.065247,9.5559,0,0
4077,search,2024-02-27,0,0,0.030917,0.142975,11.0163,0,0
4078,referral,2024-06-17,0,1,0.059937,0.000946,9.2025,1,1
4079,search,2024-05-14,0,0,0.191822,0.0011,22.9651,1,1
4080,search,2024-01-06,0,0,0.639631,0.047732,9.8222,0,0
4081,search,2024-06-24,0,0,0.242716,0.174676,14.8427,0,0
4082,referral,2024-01-31,0,1,0.260208,0.00411,46.6085,1,1
4083,social,2024-02-28,1,0,0.141568,0.003662,57.1927,1,0
4084,social,2024-01-22,1,0,0.03509,0.035868,36.2906,1,0
4085,social,2024-01-06,1,0,0.089523,0.014796,28.7821,0,0
4086,social,2024-02-09,1,0,0.346742,0.007171,55.613,0,0
4087,referral,2024-04-30,0,1,0.136656,0.070646,18.1695,0,0
4088,search,2024-05-15,0,0,0.146093,0.110439,12.6408,0,0
4089,referral,2024-04-02,0,1,0.11301,0.011504,32.2812,0,0
4090,search,2024-06-23,0,0,0.148378,0.034123,26.8059,1,0
4091,search,2024-06-08,0,0,0.718894,5.6e-05,21.577,1,1
4092,referral,2024-03-10,0,1,0.12773,0.005837,16.0929,1,0
4093,search,2024-02-06,0,0,0.025163,0.027893,32.1094,0,0
4094,search,2024-06-16,0,0,0.51816,0.002235,18.4586,1,1
4095,search,2024-05-09,0,0,0.025103,0.048119,20.1117,0,0
4096,referral,2024-05-20,0,1,0.167128,0.013419,28.3415,1,1
4097,referral,2024-01-28,0,1,0.029144,0.068169,18.0213,0,0
4098,social,2024-01-05,1,0,0.015031,0.003733,22.1943,1,1
4099,referral,2024-02-28,0,1,0.006621,0.001927,22.7879,1,1
4100,referral,2024-01-22,0,1,0.089645,0.094217,26.5442,0,0
4101,search,2024-06-28,0,0,0.152508,0.069727,19.711,1,0
4102,social,2024-01-26,1,0,0.020771,0.056901,14.2575,0,0
4103,social,2024-02-15,1,0,0.196535,0.140562,21.6524,0,0
4104,referral,2024-06-07,0,1,0.085604,0.005884,29.0958,1,1
4105,social,2024-02-27,1,0,0.016021,0.042997,15.85,0,0
4106,search,2024-02-19,0,0,0.188165,0.09775,24.696,0,0
4107,social,2024-03-07,1,0,0.116395,0.15282,38.3981,0,0
4108,social,2024-03-17,1,0,0.083004,0.400757,17.5448,0,0
4109,search,2024-01-02,0,0,0.150504,0.131835,34.6375,0,0
4110,search,2024-02-14,0,0,0.355247,0.01189,22.0554,0,0
4111,social,2024-03-29,1,0,0.050686,0.011042,23.673,1,0
4112,referral,2024-03-13,0,1,0.081435,0.005529,12.2357,0,0
4113,search,2024-01-21,0,0,0.316579,0.001068,62.5886,1,1
4114,social,2024-02-23,1,0,0.071969,0.065849,23.1195,0,0
4115,social,2024-01-28,1,0,0.048756,0.087581,28.2918,0,0
4116,social,2024-01-28,1,0,0.233037,0.016605,39.7795,0,0
4117,search,2024-06-26,0,0,0.174288,0.161166,27.4928,0,0
4118,search,2024-03-31,0,0,0.007768,0.009465,43.9542,1,0
4119,referral,2024-04-14,0,1,0.575297,0.005476,21.2312,0,0
4120,search,2024-05-12,0,0,0.039881,0.012481,16.5285,1,0
4121,referral,2024-03-20,0,1,0.142574,0.005514,15.7495,1,1
4122,search,2024-06-29,0,0,0.263892,0.000344,44.3697,0,0
4123,search,2024-01-04,0,0,0.079952,0.225323,20.639,0,0
4124,search,2024-01-27,0,0,0.013824,0.002571,14.8287,0,0
4125,search,2024-02-23,0,0,0.018442,0.034347,19.8962,0,0
4126,social,2024-02-28,1,0,0.468675,0.001622,15.4007,1,1
4127,social,2024-01-23,1,0,0.256195,0.003949,26.717,1,0
4128,search,2024-02-19,0,0,0.260075,0.045838,25.9465,0,0
4129,search,2024-06-21,0,0,0.108916,0.004382,29.233,1,1
4130,social,2024-06-07,1,0,0.097743,0.001559,33.0996,1,1
4131,referral,2024-01-05,0,1,0.114566,0.023938,28.9757,0,0
4132,search,2024-02-11,0,0,0.141162,0.082116,10.6966,0,0
4133,social,2024-04-10,1,0,0.051429,0.001033,20.0998,0,0
4134,social,2024-02-27,1,0,0.040777,0.058426,10.6955,1,0
4135,search,2024-02-02,0,0,0.04236,0.019843,15.3666,1,1
4136,search,2024-04-04,0,0,0.095825,0.059835,25.8542,0,0
4137,social,2024-01-28,1,0,0.013929,0.011699,13.1238,0,0
4138,referral,2024-01-19,0,1,0.175135,0.091571,34.8718,0,0
4139,social,2024-01-04,1,0,0.021099,0.084812,20.1441,0,0
4140,social,2024-06-29,1,0,0.103707,0.14161,17.9823,0,0
4141,social,2024-02-14,1,0,0.179824,0.070017,42.9468,0,0
4142,search,2024-03-11,0,0,0.180896,0.027544,33.2955,1,0
4143,social,2024-06-06,1,0,0.123734,0.030563,75.2584,1,0
4144,search,2024-04-17,0,0,0.108588,0.00472,23.3136,1,1
4145,search,2024-02-04,0,0,0.116806,0.006945,11.5235,0,0
4146,search,2024-02-25,0,0,0.010342,0.063055,18.7675,0,0
4147,social,2024-06-06,1,0,0.038954,0.117334,15.6411,0,0
4148,search,2024-01-13,0,0,0.042092,0.059664,13.8476,0,0
4149,referral,2024-05-24,0,1,0.3816,0.000266,15.8173,1,1
4150,search,2024-04-25,0,0,0.001354,3.3e-05,37.4354,1,1
4151,social,2024-04-27,1,0,0.103329,0.006489,35.516,1,1
4152,social,2024-04-28,1,0,0.099407,0.013343,59.9976,0,0
4153,search,2024-03-24,0,0,0.318996,0.026348,55.5859,0,0
4154,social,2024-05-29,1,0,0.014195,0.076232,63.9444,0,0
4155,search,2024-05-24,0,0,0.209946,0.012371,13.4944,1,0
4156,search,2024-03-05,0,0,0.221675,0.016621,29.6401,1,0
4157,social,2024-01-21,1,0,0.090031,0.03072,33.6327,0,0
4158,social,2024-04-22,1,0,0.106192,8.5e-05,17.5021,1,1
4159,social,2024-06-16,1,0,0.09004,0.045575,38.1872,0,0
4160,referral,2024-05-17,0,1,0.155645,0.025443,12.5159,0,0
4161,social,2024-02-08,1,0,0.082077,0.395466,20.2331,0,0
4162,social,2024-05-11,1,0,0.095724,0.172172,32.4571,0,0
4163,social,2024-06-23,1,0,0.068777,0.070562,26.8412,0,0
4164,social,2024-06-09,1,0,0.049019,0.040548,34.8629,0,0
4165,social,2024-04-27,1,0,0.373764,0.01453,20.4573,1,0
4166,social,2024-01-21,1,0,0.021107,0.070158,11.7953,0,0
4167,referral,2024-05-24,0,1,0.00097,0.001752,27.2702,1,1
4168,social,2024-04-30,1,0,0.057275,0.008933,18.059,1,1
4169,referral,2024-05-17,0,1,0.068803,0.002357,28.6537,1,1
4170,social,2024-01-19,1,0,0.257714,0.009395,24.8427,0,0
4171,social,2024-06-06,1,0,0.028234,0.002692,14.1555,1,1
4172,search,2024-04-07,0,0,0.032969,0.242221,15.0106,0,0
4173,referral,2024-04-04,0,1,0.333312,0.061233,17.9526,1,0
4174,referral,2024-01-17,0,1,0.079749,0.093514,30.5159,0,0
4175,search,2024-06-26,0,0,0.074071,0.020757,12.6871,1,1
4176,search,2024-03-06,0,0,0.05593,0.091344,59.097,0,0
4177,search,2024-03-08,0,0,0.180444,0.098876,20.0641,0,0
4178,search,2024-04-18,0,0,0.159106,0.29208,28.4918,0,0
4179,search,2024-03-27,0,0,0.534355,0.140729,20.4189,0,0
4180,search,2024-03-21,0,0,0.279557,0.016453,13.2522,0,0
4181,search,2024-01-21,0,0,1.049117,0.076176,31.3231,0,0
4182,social,2024-01-11,1,0,0.173494,0.000151,10.887,1,1
4183,search,2024-01-01,0,0,0.116252,0.020333,31.1803,0,0
4184,social,2024-03-21,1,0,0.34444,0.285351,13.6589,0,0
4185,referral,2024-03-09,0,1,0.012198,0.002699,16.2697,1,1
4186,search,2024-05-21,0,0,0.036233,0.000165,26.0495,1,1
4187,search,2024-05-21,0,0,0.393938,0.002618,14.7347,1,1
4188,social,2024-01-15,1,0,0.07402,0.009436,23.8857,1,0
4189,search,2024-04-07,0,0,0.100948,0.004113,27.142,1,1
4190,social,2024-05-04,1,0,0.004561,0.030061,20.2398,1,1
4191,social,2024-04-15,1,0,0.247351,0.122687,31.9028,0,0
4192,search,2024-03-05,0,0,0.22035,0.004759,21.5948,1,1
4193,social,2024-05-28,1,0,0.024356,0.004289,40.3767,1,1
4194,social,2024-01-14,1,0,0.403865,0.11506,19.5567,0,0
4195,social,2024-02-01,1,0,0.026281,0.015729,26.268,1,0
4196,referral,2024-04-02,0,1,0.552997,0.020052,28.0658,0,0
4197,search,2024-02-22,0,0,0.093537,0.090093,20.2346,0,0
4198,referral,2024-01-15,0,1,0.081448,0.003899,37.451,1,1
4199,social,2024-06-27,1,0,0.005309,0.004119,70.3195,1,1
4200,search,2024-05-23,0,0,0.001189,0.0,17.7727,1,1
4201,referral,2024-05-05,0,1,0.16525,0.009306,11.9632,0,0
4202,social,2024-02-10,1,0,0.06379,0.130596,30.9431,0,0
4203,search,2024-04-16,0,0,0.086847,0.035411,21.3901,0,0
4204,referral,2024-04-03,0,1,0.16023,0.118963,17.8453,0,0
4205,social,2024-03-30,1,0,0.07694,0.004234,53.1758,1,1
4206,search,2024-02-18,0,0,0.261932,0.010265,14.6779,1,1
4207,social,2024-03-13,1,0,0.089965,0.007453,26.1424,1,1
4208,social,2024-05-05,1,0,0.028523,0.267472,21.6426,0,0
4209,social,2024-01-31,1,0,0.259586,0.232568,22.8185,0,0
4210,referral,2024-01-25,0,1,0.235398,0.196752,30.5299,0,0
4211,referral,2024-05-02,0,1,0.189325,0.000443,20.3993,1,1
4212,search,2024-06-21,0,0,0.255177,0.004228,25.0486,1,1
4213,social,2024-06-06,1,0,0.217947,0.019643,43.2277,1,0
4214,search,2024-01-28,0,0,0.046845,0.007307,36.8959,0,0
4215,social,2024-03-12,1,0,0.192476,0.057764,20.402,0,0
4216,search,2024-04-25,0,0,0.08808,0.017844,95.9025,0,0
4217,search,2024-02-15,0,0,0.106768,0.007859,27.1433,1,1
4218,referral,2024-03-03,0,1,0.683975,0.0,15.9304,1,1
4219,social,2024-02-09,1,0,0.045382,0.401763,8.6328,0,0
4220,search,2024-04-13,0,0,0.234278,0.173658,38.6852,0,0
4221,social,2024-01-16,1,0,0.026709,0.791016,23.0931,0,0
4222,social,2024-06-01,1,0,0.01429,0.026422,14.5895,0,0
4223,referral,2024-04-04,0,1,0.007772,0.030301,21.6959,0,0
4224,search,2024-01-30,0,0,0.664731,0.090956,32.3974,0,0
4225,search,2024-03-03,0,0,0.123281,0.016181,45.6699,0,0
4226,search,2024-01-06,0,0,0.015005,0.13134,22.5008,0,0
4227,search,2024-04-05,0,0,0.060666,0.009069,39.4258,1,0
4228,search,2024-06-23,0,0,0.148918,0.097868,16.2473,0,0
4229,social,2024-05-07,1,0,0.002203,0.02251,23.4627,0,0
4230,search,2024-01-01,0,0,0.016504,0.003923,12.9644,1,1
4231,search,2024-01-02,0,0,0.715982,0.002421,20.5055,1,1
4232,search,2024-05-09,0,0,0.230192,0.117697,27.6529,0,0
4233,social,2024-05-25,1,0,0.441746,0.007702,27.9662,1,1
4234,social,2024-04-14,1,0,0.188148,0.320633,36.529,0,0
4235,search,2024-04-15,0,0,0.319973,0.103414,19.0526,0,0
4236,search,2024-05-15,0,0,0.313123,0.001929,18.8345,1,1
4237,social,2024-04-01,1,0,0.008109,0.010285,43.6833,1,1
4238,referral,2024-01-25,0,1,0.072303,0.039861,35.9521,0,0
4239,search,2024-06-19,0,0,0.217122,0.035062,51.169,0,0
4240,social,2024-05-31,1,0,0.001007,0.048066,19.5123,0,0
4241,referral,2024-04-25,0,1,0.464829,0.02541,25.7017,0,0
4242,social,2024-05-25,1,0,0.012344,0.122988,30.7665,0,0
4243,referral,2024-06-17,0,1,0.597344,0.004882,26.6748,1,1
4244,referral,2024-03-18,0,1,0.008997,0.005457,10.6938,1,1
4245,social,2024-01-31,1,0,0.113801,0.031635,25.5155,0,0
4246,referral,2024-01-30,0,1,0.089877,0.002102,52.6526,1,1
4247,search,2024-06-22,0,0,0.081032,0.026098,19.8908,1,0
4248,social,2024-01-23,1,0,0.054369,2.4e-05,61.4001,1,1
4249,social,2024-04-26,1,0,0.041509,0.016995,18.604,0,0
4250,social,2024-01-06,1,0,8.4e-05,0.264967,14.5507,0,0
4251,search,2024-06-08,0,0,0.295752,0.183089,12.9356,0,0
4252,referral,2024-02-04,0,1,0.363957,0.034976,27.4818,1,0
4253,search,2024-02-02,0,0,0.47552,0.001702,32.3527,1,0
4254,search,2024-06-16,0,0,0.006347,0.020842,33.4472,0,0
4255,social,2024-03-16,1,0,0.033633,0.075844,20.9696,0,0
4256,referral,2024-05-04,0,1,0.474904,0.010231,37.9657,0,0
4257,search,2024-01-24,0,0,0.067286,0.140519,36.0791,0,0
4258,social,2024-03-27,1,0,0.053346,0.0023,15.7368,1,1
4259,social,2024-05-19,1,0,0.700177,0.003823,22.7064,1,1
4260,referral,2024-03-06,0,1,0.27978,0.037966,47.835,0,0
4261,search,2024-03-28,0,0,0.018024,0.000501,16.363,1,0
4262,social,2024-01-13,1,0,0.035936,0.239816,25.632,0,0
4263,social,2024-02-26,1,0,0.134401,0.267387,22.4416,0,0
4264,referral,2024-05-08,0,1,0.20748,0.006056,27.9797,1,1
4265,social,2024-04-19,1,0,0.028702,0.032339,31.0901,0,0
4266,search,2024-03-20,0,0,0.293101,0.00386,23.4069,1,1
4267,referral,2024-04-13,0,1,0.029547,0.042447,10.8483,1,0
4268,referral,2024-03-17,0,1,0.339462,0.0168,23.9908,1,0
4269,search,2024-06-14,0,0,0.307648,0.027045,17.5336,1,1
4270,search,2024-02-26,0,0,0.110748,0.001368,24.1242,1,1
4271,search,2024-04-04,0,0,0.052582,0.170132,17.9008,0,0
4272,social,2024-05-15,1,0,0.134942,0.000267,29.7471,1,1
4273,search,2024-01-26,0,0,0.724248,0.010646,25.5587,0,0
4274,referral,2024-02-23,0,1,0.037506,0.052549,20.2221,0,0
4275,search,2024-04-18,0,0,0.170595,0.026471,31.1999,1,0
4276,social,2024-02-25,1,0,0.006611,0.013868,84.1217,1,1
4277,social,2024-06-22,1,0,0.001215,0.018062,25.4823,0,0
4278,referral,2024-03-06,0,1,0.851536,0.050603,9.9202,1,0
4279,referral,2024-06-03,0,1,0.160121,0.044087,21.505,0,0
4280,social,2024-01-19,1,0,0.054462,0.049548,54.982,0,0
4281,search,2024-04-07,0,0,0.277468,8e-06,21.1964,1,1
4282,search,2024-06-15,0,0,0.208858,0.231295,19.3911,0,0
4283,social,2024-03-29,1,0,0.115985,0.160763,15.0305,0,0
4284,search,2024-05-13,0,0,0.198814,0.07763,18.1494,0,0
4285,search,2024-05-31,0,0,0.141501,0.008036,21.6729,1,1
4286,search,2024-05-30,0,0,0.027761,0.101072,48.9588,0,0
4287,social,2024-02-06,1,0,0.198992,0.164799,32.9165,0,0
4288,search,2024-01-19,0,0,0.042739,0.008649,25.3762,1,0
4289,social,2024-03-26,1,0,0.144134,0.055827,29.3306,0,0
4290,search,2024-04-16,0,0,0.322229,0.038817,11.2481,0,0
4291,search,2024-03-07,0,0,0.170404,0.043279,29.2975,0,0
4292,social,2024-01-03,1,0,0.111985,0.003861,10.4848,0,0
4293,social,2024-03-03,1,0,0.045936,0.11333,26.61,0,0
4294,referral,2024-01-13,0,1,0.197509,0.019855,50.5222,0,0
4295,social,2024-06-11,1,0,0.044469,0.001741,27.3965,1,1
4296,referral,2024-01-17,0,1,0.29977,0.077634,27.4767,0,0
4297,social,2024-04-02,1,0,0.090847,0.018207,30.397,1,1
4298,search,2024-03-26,0,0,0.033983,8.3e-05,20.693,1,1
4299,social,2024-03-21,1,0,0.032659,0.143353,15.9828,0,0
4300,social,2024-05-31,1,0,0.022397,0.049642,19.0255,0,0
4301,social,2024-06-13,1,0,0.116092,0.011965,16.0429,0,0
4302,search,2024-05-02,0,0,0.071947,0.012749,19.8753,1,0
4303,social,2024-01-07,1,0,0.028859,0.032906,16.6174,0,0
4304,referral,2024-03-07,0,1,0.265397,7.2e-05,50.1535,1,1
4305,social,2024-03-10,1,0,0.072441,0.214455,34.9944,0,0
4306,social,2024-04-12,1,0,0.283031,0.136288,13.2035,0,0
4307,search,2024-06-11,0,0,0.082404,0.045987,33.165,0,0
4308,search,2024-06-14,0,0,0.01213,0.002747,13.0105,1,1
4309,referral,2024-05-21,0,1,0.178908,0.026945,44.0952,1,1
4310,search,2024-02-05,0,0,0.05592,0.010089,64.3355,1,0
4311,social,2024-04-03,1,0,0.141701,0.017838,78.932,1,1
4312,search,2024-02-29,0,0,0.177999,0.000304,20.9784,1,1
4313,social,2024-05-16,1,0,0.024315,0.010066,47.0281,1,1
4314,social,2024-06-10,1,0,0.055819,0.071725,15.6422,0,0
4315,social,2024-06-18,1,0,0.029661,0.004462,18.1736,1,1
4316,search,2024-03-01,0,0,0.244839,0.028002,19.4554,0,0
4317,social,2024-06-22,1,0,0.076254,0.019783,14.1371,0,0
4318,search,2024-02-26,0,0,0.057386,0.037093,25.1286,0,0
4319,referral,2024-05-30,0,1,0.121509,0.021411,19.1035,0,0
4320,search,2024-02-13,0,0,0.158904,0.013822,24.6214,0,0
4321,search,2024-02-22,0,0,0.021206,0.00469,31.7766,1,1
4322,social,2024-04-05,1,0,0.001574,0.115427,14.341,0,0
4323,social,2024-04-08,1,0,0.054798,0.05681,22.2096,0,0
4324,social,2024-05-10,1,0,0.102144,2e-06,49.5406,1,1
4325,referral,2024-06-29,0,1,0.008552,6.9e-05,23.1372,1,1
4326,search,2024-01-19,0,0,0.25595,0.086349,24.7376,0,0
4327,referral,2024-01-07,0,1,0.024898,0.000274,28.5529,1,1
4328,search,2024-01-08,0,0,0.037376,0.033204,29.2929,0,0
4329,social,2024-06-24,1,0,0.198075,0.010232,17.0139,1,0
4330,social,2024-06-01,1,0,0.033944,0.777257,24.0164,0,0
4331,social,2024-03-29,1,0,0.315556,0.00066,18.7828,1,1
4332,search,2024-05-18,0,0,0.088194,0.022155,44.6066,0,0
4333,referral,2024-06-29,0,1,0.058671,0.010553,12.7769,0,0
4334,search,2024-01-28,0,0,0.250528,0.013274,20.833,1,0
4335,social,2024-02-29,1,0,0.024287,0.025702,14.6856,0,0
4336,search,2024-06-19,0,0,0.084363,6.4e-05,20.3517,1,1
4337,search,2024-06-05,0,0,0.575528,0.114675,20.2411,0,0
4338,search,2024-02-20,0,0,0.072748,0.008572,24.2807,1,1
4339,social,2024-06-01,1,0,0.290186,0.035471,16.4465,0,0
4340,search,2024-02-24,0,0,0.122504,0.000888,25.752,1,1
4341,social,2024-03-08,1,0,0.037552,9.7e-05,21.2137,1,1
4342,social,2024-05-06,1,0,0.039482,0.007647,21.6255,0,0
4343,social,2024-01-10,1,0,0.019215,0.111248,30.7515,0,0
4344,search,2024-06-15,0,0,0.112718,0.008976,5.2904,0,0
4345,search,2024-04-06,0,0,0.398392,0.034545,31.7514,0,0
4346,search,2024-04-17,0,0,0.043912,0.002241,30.0019,1,0
4347,referral,2024-02-02,0,1,0.575767,0.000113,11.4358,1,1
4348,search,2024-05-11,0,0,0.43948,0.002035,21.7117,1,1
4349,social,2024-03-22,1,0,0.066467,0.028255,48.9192,1,0
4350,search,2024-04-06,0,0,0.019828,6.3e-05,21.6766,1,1
4351,search,2024-02-08,0,0,0.211294,0.000253,31.3167,1,1
4352,social,2024-03-26,1,0,0.088409,0.010179,27.3,1,1
4353,social,2024-06-05,1,0,0.007388,0.033775,67.1565,0,0
4354,search,2024-06-15,0,0,0.022197,0.049085,15.1654,0,0
4355,referral,2024-05-05,0,1,0.322073,0.043616,18.8678,0,0
4356,referral,2024-02-12,0,1,0.127853,0.000302,19.7281,1,1
4357,search,2024-05-18,0,0,0.096407,0.008665,22.6422,0,0
4358,referral,2024-06-22,0,1,0.007338,0.018048,42.9953,0,0
4359,search,2024-01-23,0,0,0.001723,0.000821,20.7163,1,1
4360,search,2024-03-11,0,0,0.019103,0.00637,38.9956,0,0
4361,social,2024-02-01,1,0,0.02041,0.046806,9.4276,0,0
4362,search,2024-06-01,0,0,0.238788,0.002693,15.6918,1,1
4363,social,2024-05-22,1,0,0.085786,0.006385,30.0944,1,1
4364,social,2024-06-01,1,0,0.072632,0.044972,35.2309,0,0
4365,referral,2024-04-20,0,1,0.338533,0.004737,20.7511,1,1
4366,search,2024-04-21,0,0,0.220896,0.168742,32.2957,0,0
4367,referral,2024-01-24,0,1,0.050722,0.046312,45.9213,0,0
4368,referral,2024-01-12,0,1,0.152156,0.005011,74.5434,0,0
4369,social,2024-02-08,1,0,0.040818,0.317645,35.6737,0,0
4370,social,2024-06-08,1,0,0.184306,0.029782,55.697,0,0
4371,social,2024-04-09,1,0,0.107252,0.07577,21.5757,0,0
4372,search,2024-04-17,0,0,0.159829,0.001483,25.4383,1,0
4373,search,2024-01-05,0,0,0.004979,0.015763,14.9519,0,0
4374,social,2024-01-04,1,0,0.041854,0.044186,28.4232,0,0
4375,search,2024-03-07,0,0,0.024894,0.001926,15.0162,1,1
4376,search,2024-01-23,0,0,0.196249,0.000717,20.9519,1,1
4377,search,2024-03-04,0,0,0.004458,3.9e-05,23.792,1,1
4378,social,2024-06-14,1,0,0.003979,0.194375,33.9977,0,0
4379,search,2024-02-04,0,0,0.095422,0.068928,13.7476,1,0
4380,social,2024-06-27,1,0,0.036836,0.125973,85.5113,0,0
4381,search,2024-04-20,0,0,0.109739,0.068216,20.3661,0,0
4382,search,2024-01-26,0,0,0.416763,0.146177,58.1077,0,0
4383,search,2024-04-28,0,0,0.088936,0.148923,37.3059,0,0
4384,referral,2024-06-01,0,1,0.830899,0.001752,13.7443,1,1
4385,social,2024-05-06,1,0,0.413925,0.073977,27.2845,0,0
4386,referral,2024-02-08,0,1,0.23117,0.02155,24.6161,1,0
4387,search,2024-03-08,0,0,0.000292,0.035192,42.3905,0,0
4388,search,2024-06-16,0,0,0.177057,0.020169,29.7351,0,0
4389,social,2024-04-30,1,0,0.112998,0.01041,20.2313,1,1
4390,search,2024-02-26,0,0,0.171779,0.164604,51.2772,0,0
4391,search,2024-04-06,0,0,0.20706,0.0667,37.0285,0,0
4392,search,2024-05-27,0,0,0.024522,0.000304,47.4731,1,1
4393,social,2024-03-28,1,0,0.270894,0.383741,39.077,0,0
4394,search,2024-02-03,0,0,0.240215,0.018248,38.5237,1,0
4395,referral,2024-02-14,0,1,0.062447,0.005716,25.7439,1,1
4396,social,2024-06-14,1,0,0.29945,0.111665,19.1679,0,0
4397,referral,2024-05-11,0,1,0.129111,0.005444,40.2335,1,1
4398,social,2024-04-21,1,0,0.024072,0.002501,46.7764,1,1
4399,search,2024-01-20,0,0,0.144976,0.101121,9.6863,0,0
4400,referral,2024-02-23,0,1,0.168266,0.06451,31.2054,0,0
4401,social,2024-04-16,1,0,0.13445,0.004356,18.118,1,1
4402,referral,2024-04-17,0,1,0.052777,0.013478,11.5224,1,0
4403,social,2024-01-20,1,0,0.050457,0.009283,15.8867,0,0
4404,search,2024-06-28,0,0,0.077813,0.034044,27.7442,0,0
4405,referral,2024-01-05,0,1,0.059415,0.00164,14.3305,1,1
4406,search,2024-03-08,0,0,0.145182,0.057608,63.3511,0,0
4407,search,2024-06-16,0,0,0.007332,0.090544,18.055,0,0
4408,search,2024-06-04,0,0,0.01925,0.000199,20.4979,1,1
4409,search,2024-01-16,0,0,0.023336,0.006181,19.667,0,0
4410,social,2024-04-21,1,0,0.093858,0.045193,37.8954,0,0
4411,social,2024-04-01,1,0,0.019327,0.115794,32.2825,0,0
4412,referral,2024-01-03,0,1,0.013613,0.073223,17.4684,0,0
4413,referral,2024-03-24,0,1,0.055884,0.191467,13.33,0,0
4414,social,2024-04-15,1,0,0.039784,0.010633,24.904,1,0
4415,referral,2024-03-01,0,1,0.107645,0.021434,26.2157,1,0
4416,referral,2024-05-14,0,1,0.008354,0.019574,31.7422,1,0
4417,social,2024-02-12,1,0,0.137756,0.130797,26.7761,0,0
4418,search,2024-04-15,0,0,0.17427,0.000525,35.6269,1,1
4419,search,2024-03-07,0,0,0.043111,0.004715,15.5442,1,0
4420,search,2024-06-07,0,0,0.1459,0.001127,19.5467,0,0
4421,social,2024-02-18,1,0,0.018496,0.15209,24.1446,0,0
4422,referral,2024-03-07,0,1,0.142148,0.035071,14.5997,0,0
4423,social,2024-06-05,1,0,0.066007,0.052512,29.3638,0,0
4424,social,2024-05-08,1,0,0.086749,0.019552,30.8379,0,0
4425,referral,2024-01-17,0,1,0.039216,0.01017,35.892,1,0
4426,social,2024-06-19,1,0,0.146386,0.05702,30.5879,0,0
4427,social,2024-01-23,1,0,0.359573,0.00106,50.9657,1,1
4428,referral,2024-02-10,0,1,0.681891,0.014858,31.0783,0,0
4429,social,2024-03-28,1,0,0.035959,0.107834,19.5669,0,0
4430,referral,2024-01-24,0,1,0.018784,0.009099,34.4235,1,0
4431,referral,2024-01-11,0,1,0.151408,0.00037,61.0393,1,1
4432,search,2024-04-13,0,0,0.270947,0.252107,19.6384,0,0
4433,referral,2024-01-08,0,1,0.071969,0.045298,25.5378,0,0
4434,social,2024-06-03,1,0,0.086159,0.000595,26.984,1,1
4435,search,2024-05-12,0,0,0.283837,0.081076,8.9771,0,0
4436,social,2024-02-08,1,0,0.243237,0.035817,16.2002,0,0
4437,search,2024-05-06,0,0,0.128218,0.028313,23.3969,1,0
4438,social,2024-06-18,1,0,0.061229,0.070342,35.2536,0,0
4439,social,2024-04-15,1,0,0.099851,0.354377,16.6416,0,0
4440,social,2024-05-06,1,0,0.002285,0.044876,66.1218,0,0
4441,search,2024-02-05,0,0,0.152939,0.041545,32.8742,0,0
4442,search,2024-05-07,0,0,0.200797,0.034138,11.6064,1,1
4443,social,2024-05-02,1,0,0.459889,0.031368,26.8092,0,0
4444,social,2024-06-09,1,0,0.032571,0.023077,17.5924,0,0
4445,search,2024-05-17,0,0,0.017278,0.026813,16.3338,1,1
4446,search,2024-06-23,0,0,0.017848,0.251868,16.2259,0,0
4447,social,2024-05-18,1,0,0.000568,0.048778,11.8697,0,0
4448,referral,2024-02-04,0,1,0.030759,0.000216,14.3715,1,1
4449,social,2024-04-15,1,0,0.038177,0.004037,19.8774,1,1
4450,social,2024-06-09,1,0,0.333847,0.083607,28.0231,1,0
4451,social,2024-03-18,1,0,0.182886,0.070452,20.0311,0,0
4452,search,2024-04-19,0,0,0.071363,0.017631,35.0411,0,0
4453,search,2024-02-27,0,0,0.931856,0.000622,21.2693,1,1
4454,search,2024-06-22,0,0,0.284621,0.019026,18.4457,1,1
4455,social,2024-04-06,1,0,0.006919,0.04265,18.4146,0,0
4456,social,2024-01-14,1,0,0.053122,0.189109,51.5822,0,0
4457,social,2024-06-01,1,0,0.006704,0.001529,37.0321,1,1
4458,social,2024-06-02,1,0,0.355193,0.016388,12.4853,1,0
4459,search,2024-03-22,0,0,0.285633,0.032356,13.7027,0,0
4460,search,2024-02-13,0,0,0.041245,0.004091,20.6114,0,0
4461,referral,2024-01-16,0,1,0.010206,2.9e-05,22.9235,1,1
4462,referral,2024-01-30,0,1,0.069143,0.004781,13.9491,1,1
4463,search,2024-03-11,0,0,0.064393,4e-06,10.4666,1,1
4464,search,2024-06-22,0,0,0.382676,0.004893,17.0048,1,1
4465,social,2024-04-30,1,0,0.063528,0.010448,66.8322,1,1
4466,search,2024-01-01,0,0,0.056788,0.012465,29.7799,1,1
4467,search,2024-02-12,0,0,0.017225,0.025704,24.3523,0,0
4468,referral,2024-04-12,0,1,0.001376,0.024194,52.7576,0,0
4469,search,2024-02-18,0,0,0.155913,0.004884,22.9741,1,1
4470,social,2024-05-23,1,0,0.074045,0.037957,15.6906,0,0
4471,search,2024-05-09,0,0,0.097236,0.000213,47.4937,1,1
4472,referral,2024-02-23,0,1,0.033653,0.000196,22.4529,1,1
4473,referral,2024-05-14,0,1,0.066656,0.074033,23.0554,0,0
4474,social,2024-02-18,1,0,0.032353,0.013546,20.9629,0,0
4475,referral,2024-05-20,0,1,0.040279,0.001095,11.6768,1,1
4476,referral,2024-03-07,0,1,0.15143,0.059909,41.8516,0,0
4477,social,2024-04-08,1,0,0.009347,0.044025,27.0141,0,0
4478,social,2024-04-11,1,0,0.006949,0.045996,13.4982,0,0
4479,referral,2024-01-23,0,1,0.132244,0.004736,40.2064,0,0
4480,social,2024-05-05,1,0,0.008516,0.072655,15.8925,0,0
4481,social,2024-05-10,1,0,0.008856,0.053784,22.1356,0,0
4482,social,2024-01-28,1,0,0.017966,0.055536,15.8115,0,0
4483,social,2024-04-08,1,0,0.144857,0.000216,15.1987,1,1
4484,social,2024-03-11,1,0,0.125855,0.034254,23.2476,0,0
4485,search,2024-03-01,0,0,0.12802,0.038951,40.9593,0,0
4486,social,2024-03-16,1,0,0.030966,0.027303,22.9405,1,0
4487,search,2024-04-29,0,0,0.021807,0.000351,16.4737,1,1
4488,search,2024-05-27,0,0,0.099488,0.029698,31.1345,0,0
4489,social,2024-04-15,1,0,0.260345,0.044946,17.4853,0,0
4490,social,2024-06-16,1,0,0.038911,0.332209,22.7548,0,0
4491,referral,2024-04-10,0,1,0.415103,0.004073,21.1699,1,1
4492,social,2024-05-27,1,0,0.241806,0.000568,17.0879,1,1
4493,search,2024-06-19,0,0,0.268648,0.046818,27.1092,1,0
4494,social,2024-03-24,1,0,0.218278,0.061065,31.9173,1,0
4495,search,2024-06-04,0,0,0.16528,0.045114,11.0212,0,0
4496,search,2024-05-29,0,0,0.250333,0.055989,13.9293,1,0
4497,social,2024-06-27,1,0,0.113848,9.2e-05,29.9689,1,1
4498,referral,2024-02-27,0,1,0.175341,0.062124,13.5029,0,0
4499,social,2024-05-01,1,0,0.036791,0.063255,38.4752,0,0
4500,search,2024-06-02,0,0,0.347051,0.019324,38.8449,0,0
4501,referral,2024-03-31,0,1,0.0811,0.010939,19.6649,0,0
4502,search,2024-03-23,0,0,0.06842,0.088478,44.3908,0,0
4503,search,2024-03-07,0,0,0.22314,0.094324,21.1957,0,0
4504,social,2024-03-30,1,0,0.272583,0.073935,7.9488,0,0
4505,social,2024-05-08,1,0,0.71875,0.230086,36.1176,0,0
4506,search,2024-01-29,0,0,0.238735,0.012491,34.2756,0,0
4507,social,2024-04-25,1,0,0.126759,0.218282,12.7364,0,0
4508,social,2024-02-09,1,0,0.041047,0.137003,14.4509,0,0
4509,referral,2024-03-14,0,1,0.058092,0.165472,32.4824,0,0
4510,social,2024-04-22,1,0,0.025661,0.008274,26.6651,1,0
4511,search,2024-03-04,0,0,0.001361,0.022613,23.1342,1,0
4512,search,2024-04-16,0,0,0.097254,0.00197,15.5749,1,1
4513,search,2024-02-03,0,0,0.053577,0.012291,26.7898,0,0
4514,search,2024-03-22,0,0,0.224217,0.066245,19.4733,0,0
4515,search,2024-06-25,0,0,0.285581,0.131858,22.3159,0,0
4516,search,2024-05-19,0,0,0.019709,0.008705,185.9876,1,1
4517,social,2024-02-05,1,0,0.101763,0.015187,30.3834,0,0
4518,referral,2024-06-30,0,1,0.257821,0.084128,9.609,0,0
4519,referral,2024-03-03,0,1,0.178052,0.007385,41.3704,1,1
4520,search,2024-04-27,0,0,0.015504,0.001807,14.7894,1,1
4521,search,2024-03-25,0,0,0.095844,0.006351,19.8751,1,1
4522,search,2024-02-12,0,0,0.109432,0.047423,14.6073,0,0
4523,referral,2024-06-17,0,1,0.349025,0.008454,24.403,1,0
4524,social,2024-04-13,1,0,0.19332,0.073311,19.671,0,0
4525,referral,2024-04-30,0,1,0.123293,0.004846,43.0096,1,1
4526,referral,2024-02-20,0,1,0.079871,0.007947,15.2685,1,1
4527,social,2024-05-11,1,0,0.037481,0.043082,27.2387,0,0
4528,social,2024-05-23,1,0,0.036034,0.236014,58.3596,0,0
4529,search,2024-01-03,0,0,0.017119,0.02802,31.138,0,0
4530,referral,2024-02-01,0,1,0.061276,0.00094,30.7477,1,1
4531,social,2024-01-01,1,0,0.139527,0.041147,20.9506,0,0
4532,search,2024-03-31,0,0,0.121571,0.004135,40.8041,0,0
4533,social,2024-03-11,1,0,0.023527,0.421546,24.4371,0,0
4534,search,2024-04-02,0,0,1.311054,0.02706,39.7933,0,0
4535,search,2024-06-01,0,0,0.009494,0.049297,22.6317,0,0
4536,referral,2024-04-06,0,1,0.221274,0.037065,45.0567,0,0
4537,social,2024-06-17,1,0,0.068865,0.026703,27.4227,1,0
4538,referral,2024-05-13,0,1,0.027494,0.002183,34.4166,1,1
4539,search,2024-02-21,0,0,0.066566,0.028804,16.4859,0,0
4540,referral,2024-02-09,0,1,0.283309,0.003703,49.195,1,1
4541,search,2024-01-06,0,0,0.013912,0.032982,38.4789,0,0
4542,search,2024-04-21,0,0,0.172705,0.034184,28.553,1,1
4543,referral,2024-05-01,0,1,0.00034,0.000448,39.1175,1,1
4544,search,2024-03-04,0,0,0.040835,0.066744,16.2877,0,0
4545,search,2024-03-04,0,0,0.047394,0.000726,19.5104,1,1
4546,search,2024-05-26,0,0,0.180459,0.005351,13.981,0,0
4547,referral,2024-06-01,0,1,0.068096,0.019274,34.172,1,0
4548,social,2024-04-27,1,0,0.044612,0.055114,11.3185,0,0
4549,referral,2024-04-04,0,1,0.001307,0.005092,30.8841,0,0
4550,social,2024-06-26,1,0,0.062029,7.9e-05,16.3669,1,1
4551,referral,2024-03-23,0,1,0.141865,0.092635,39.5069,0,0
4552,referral,2024-02-19,0,1,0.13482,0.095037,13.2337,0,0
4553,social,2024-05-30,1,0,0.010909,0.005895,15.243,1,1
4554,referral,2024-01-09,0,1,0.043105,0.010389,36.8624,1,0
4555,referral,2024-05-08,0,1,0.13719,0.135242,12.233,0,0
4556,search,2024-04-27,0,0,0.154214,0.04646,25.6456,0,0
4557,social,2024-02-24,1,0,0.069989,0.321332,56.6649,0,0
4558,social,2024-02-14,1,0,0.286827,0.095253,15.9985,0,0
4559,search,2024-01-22,0,0,0.169512,0.04208,18.514,0,0
4560,search,2024-02-17,0,0,0.047869,0.011268,17.4107,1,1
4561,search,2024-01-10,0,0,0.243276,0.04081,22.2195,0,0
4562,social,2024-06-18,1,0,0.309487,0.523408,32.3581,0,0
4563,search,2024-04-12,0,0,0.061149,0.001282,17.0997,1,1
4564,referral,2024-01-28,0,1,0.021632,0.004288,11.8085,1,0
4565,search,2024-01-19,0,0,0.041952,0.052395,23.1046,0,0
4566,search,2024-04-13,0,0,0.210024,0.043142,29.2352,0,0
4567,referral,2024-05-02,0,1,0.058271,0.025626,12.5298,0,0
4568,search,2024-02-01,0,0,0.001361,0.080952,15.6172,0,0
4569,search,2024-01-03,0,0,0.004925,0.009943,19.4228,0,0
4570,search,2024-04-12,0,0,0.035276,0.127474,24.509,0,0
4571,social,2024-04-12,1,0,0.031466,0.072308,23.0929,0,0
4572,social,2024-01-13,1,0,0.039291,0.052636,27.5606,1,0
4573,search,2024-04-09,0,0,0.080156,7.5e-05,20.8413,1,1
4574,referral,2024-06-01,0,1,0.145154,0.001943,33.727,1,1
4575,search,2024-03-31,0,0,0.308187,1e-06,18.246,1,1
4576,social,2024-05-13,1,0,0.003085,0.021357,24.6284,1,1
4577,search,2024-01-22,0,0,0.161773,0.007373,25.1002,1,1
4578,social,2024-04-08,1,0,0.004038,0.012142,39.383,0,0
4579,referral,2024-05-09,0,1,0.203531,0.024486,21.5076,0,0
4580,search,2024-04-28,0,0,0.041171,0.109136,40.0104,0,0
4581,social,2024-06-19,1,0,0.021553,0.098406,30.4881,0,0
4582,social,2024-06-22,1,0,0.098159,0.009042,49.5782,0,0
4583,referral,2024-01-12,0,1,0.024528,0.017445,23.1143,0,0
4584,social,2024-01-04,1,0,0.123724,0.007887,22.6959,0,0
4585,social,2024-05-28,1,0,0.06337,0.003429,16.0763,1,1
4586,search,2024-04-09,0,0,0.142535,0.024701,22.8777,1,0
4587,search,2024-03-27,0,0,0.367814,0.079926,20.6613,1,0
4588,search,2024-02-02,0,0,0.418327,0.00035,20.123,1,1
4589,search,2024-03-14,0,0,0.511586,0.002326,32.3849,0,0
4590,social,2024-01-25,1,0,0.048906,0.548853,19.6816,0,0
4591,referral,2024-03-20,0,1,0.013329,0.05261,26.3956,0,0
4592,referral,2024-05-02,0,1,0.594977,0.000821,13.7271,1,1
4593,search,2024-06-10,0,0,0.062794,0.116717,46.8975,0,0
4594,social,2024-02-05,1,0,0.017998,9.5e-05,67.521,1,1
4595,referral,2024-02-07,0,1,0.363414,0.005023,20.1484,1,0
4596,search,2024-01-11,0,0,0.000175,0.048543,19.7784,0,0
4597,social,2024-04-28,1,0,0.147698,0.004415,48.0888,1,1
4598,search,2024-06-04,0,0,0.018915,0.003475,17.8827,1,1
4599,referral,2024-03-02,0,1,0.315749,0.001259,21.7735,1,1
4600,social,2024-02-28,1,0,0.176386,0.001575,19.9842,1,1
4601,social,2024-05-05,1,0,0.0195,0.021477,13.0157,0,0
4602,referral,2024-03-11,0,1,0.207218,0.006342,32.555,1,1
4603,search,2024-02-17,0,0,0.003394,0.156967,32.3973,0,0
4604,search,2024-06-21,0,0,0.050873,0.022473,16.513,1,0
4605,referral,2024-05-15,0,1,0.539825,0.00021,14.9478,1,1
4606,social,2024-05-29,1,0,0.063093,0.056191,24.8936,1,0
4607,social,2024-04-12,1,0,0.025267,0.275441,23.4304,0,0
4608,search,2024-02-13,0,0,0.019361,0.005659,32.1402,1,1
4609,referral,2024-06-18,0,1,0.618586,0.018932,10.4958,1,0
4610,referral,2024-04-19,0,1,0.164718,0.00459,27.1743,1,1
4611,social,2024-03-11,1,0,0.025606,0.02271,27.895,0,0
4612,search,2024-04-18,0,0,0.283921,0.000236,16.5613,1,1
4613,search,2024-06-22,0,0,0.01139,0.010596,18.9103,1,0
4614,referral,2024-06-15,0,1,0.260659,0.011614,16.3832,1,1
4615,search,2024-01-09,0,0,0.263495,0.021722,18.7414,1,0
4616,social,2024-05-24,1,0,0.083247,8.2e-05,27.5548,1,1
4617,social,2024-01-05,1,0,0.018387,0.019775,26.6441,0,0
4618,search,2024-03-26,0,0,0.140414,0.004048,47.6029,0,0
4619,search,2024-03-07,0,0,0.002438,1.6e-05,26.753,1,1
4620,social,2024-06-16,1,0,0.015964,0.008013,20.2474,1,0
4621,social,2024-03-15,1,0,0.08293,0.000739,14.1801,1,1
4622,social,2024-03-20,1,0,0.233413,0.102579,54.7166,0,0
4623,social,2024-03-01,1,0,0.096229,0.047734,72.3333,0,0
4624,search,2024-03-01,0,0,0.338586,0.000652,14.4092,1,1
4625,search,2024-05-04,0,0,0.211982,0.001761,10.7892,1,1
4626,search,2024-03-20,0,0,0.073758,0.000306,14.954,1,1
4627,search,2024-03-08,0,0,0.27879,0.050519,28.752,0,0
4628,search,2024-02-09,0,0,0.01327,0.001985,25.92,1,1
4629,search,2024-05-25,0,0,0.037547,0.00532,24.8464,1,0
4630,referral,2024-03-30,0,1,0.225419,2e-06,57.5945,1,1
4631,search,2024-06-19,0,0,0.182686,0.06613,20.535,0,0
4632,search,2024-04-30,0,0,0.288505,0.053399,13.118,0,0
4633,referral,2024-06-29,0,1,0.598269,0.032838,32.8062,1,0
4634,search,2024-01-21,0,0,0.122151,0.057466,20.7831,1,0
4635,search,2024-02-27,0,0,0.665211,0.00121,36.9087,1,1
4636,search,2024-06-30,0,0,0.209125,0.003265,20.145,1,1
4637,referral,2024-06-15,0,1,0.11569,0.005623,28.3943,0,0
4638,search,2024-01-04,0,0,0.01549,0.000835,17.2523,0,0
4639,search,2024-05-20,0,0,0.662378,0.000209,14.0989,1,1
4640,social,2024-02-10,1,0,0.124609,0.103283,11.9344,0,0
4641,social,2024-03-28,1,0,0.002061,0.280698,33.0249,0,0
4642,search,2024-01-08,0,0,0.15606,0.009017,11.7092,1,1
4643,search,2024-02-20,0,0,0.37771,0.005719,28.8955,0,0
4644,search,2024-06-30,0,0,0.232521,0.007647,31.9357,1,1
4645,social,2024-02-06,1,0,0.027807,0.02062,36.8476,1,0
4646,social,2024-05-17,1,0,0.703295,0.021809,15.9944,1,1
4647,social,2024-03-09,1,0,0.025989,0.036027,16.3091,1,0
4648,search,2024-02-02,0,0,0.081603,0.001973,48.3455,0,0
4649,search,2024-01-21,0,0,0.056697,0.00286,73.7361,1,1
4650,social,2024-03-30,1,0,0.001254,0.005535,85.1465,1,1
4651,referral,2024-03-13,0,1,0.017346,0.017256,56.8342,1,1
4652,referral,2024-04-16,0,1,0.27469,6.7e-05,86.3375,1,1
4653,social,2024-04-15,1,0,0.012525,0.241379,42.0608,0,0
4654,referral,2024-06-15,0,1,0.083393,0.102328,19.9701,0,0
4655,referral,2024-02-21,0,1,0.089168,0.062553,41.2257,0,0
4656,referral,2024-02-03,0,1,0.059419,0.004528,24.734,1,0
4657,search,2024-06-12,0,0,0.163415,0.090592,34.2638,0,0
4658,search,2024-04-10,0,0,0.019146,0.038417,43.3824,0,0
4659,social,2024-05-16,1,0,0.069383,0.036244,18.6142,0,0
4660,social,2024-04-05,1,0,0.075064,0.073794,14.3956,0,0
4661,social,2024-06-17,1,0,0.007809,0.563367,36.524,0,0
4662,search,2024-03-09,0,0,0.068513,0.01301,41.047,1,1
4663,referral,2024-01-07,0,1,0.015097,0.006696,30.5646,1,0
4664,search,2024-04-09,0,0,0.191607,0.075374,20.672,0,0
4665,search,2024-03-02,0,0,0.130792,0.212175,27.5124,0,0
4666,search,2024-06-16,0,0,0.159505,0.031084,18.6697,1,0
4667,social,2024-03-12,1,0,0.112042,8e-06,26.267,1,1
4668,search,2024-05-07,0,0,0.078361,0.002803,6.0419,1,1
4669,social,2024-01-23,1,0,0.010409,0.005882,11.396,1,1
4670,search,2024-04-06,0,0,0.051403,0.002872,74.6751,1,1
4671,search,2024-01-04,0,0,0.047006,0.332498,19.0872,0,0
4672,search,2024-02-06,0,0,0.099174,0.00966,17.8856,0,0
4673,search,2024-03-19,0,0,0.095741,0.089664,43.1775,0,0
4674,search,2024-02-09,0,0,0.038603,0.005723,17.3543,1,1
4675,social,2024-06-21,1,0,0.157188,0.000235,26.6716,1,1
4676,social,2024-04-15,1,0,0.011538,0.023106,33.5971,1,0
4677,search,2024-05-30,0,0,0.038042,0.057931,10.7954,0,0
4678,search,2024-04-01,0,0,0.022848,0.00654,15.4901,1,1
4679,referral,2024-06-04,0,1,0.310977,1.3e-05,28.1641,1,1
4680,social,2024-06-08,1,0,0.02007,0.025411,32.8703,0,0
4681,search,2024-03-31,0,0,0.091256,0.019566,29.0225,1,1
4682,social,2024-04-28,1,0,0.099099,0.018581,14.7909,0,0
4683,search,2024-06-03,0,0,0.322249,0.217,26.6626,0,0
4684,social,2024-02-25,1,0,0.153008,0.021172,34.3929,0,0
4685,search,2024-03-29,0,0,0.328515,0.178041,12.425,0,0
4686,referral,2024-05-27,0,1,0.054094,0.015976,31.7789,0,0
4687,search,2024-02-24,0,0,0.083771,0.000951,20.9943,1,1
4688,search,2024-03-04,0,0,0.453213,0.020682,25.9117,0,0
4689,search,2024-01-04,0,0,0.470735,0.064035,18.6089,0,0
4690,social,2024-03-25,1,0,0.214402,0.042558,14.1713,0,0
4691,social,2024-05-29,1,0,0.042796,0.011171,19.858,0,0
4692,search,2024-02-04,0,0,0.463713,0.019761,18.2729,0,0
4693,social,2024-03-20,1,0,0.004073,0.032418,23.7793,1,0
4694,social,2024-03-10,1,0,0.05161,0.109328,33.0062,0,0
4695,social,2024-01-16,1,0,0.253904,0.059482,24.5515,0,0
4696,social,2024-01-14,1,0,0.003651,0.009776,21.3351,1,0
4697,social,2024-01-14,1,0,0.352457,0.090555,18.4811,0,0
4698,social,2024-06-24,1,0,0.14405,0.278498,17.8422,0,0
4699,search,2024-04-19,0,0,0.314801,0.037185,12.2128,0,0
4700,referral,2024-02-28,0,1,0.040233,0.081295,22.3149,0,0
4701,social,2024-05-14,1,0,0.113319,0.357352,42.3275,0,0
4702,search,2024-03-10,0,0,0.207416,0.054541,16.4106,0,0
4703,social,2024-01-13,1,0,0.196603,4.6e-05,48.3254,1,1
4704,social,2024-04-05,1,0,0.016774,0.002093,26.3784,1,1
4705,social,2024-03-29,1,0,0.031343,0.208472,64.7022,0,0
4706,search,2024-02-10,0,0,0.039407,0.01805,42.798,0,0
4707,search,2024-04-05,0,0,0.254376,0.199542,12.242,0,0
4708,social,2024-03-28,1,0,0.065694,0.032424,18.4624,1,0
4709,search,2024-01-19,0,0,0.284516,0.035648,20.0025,0,0
4710,social,2024-06-30,1,0,0.000704,0.529726,25.5784,0,0
4711,referral,2024-06-04,0,1,0.178667,0.020996,22.5504,1,0
4712,search,2024-04-12,0,0,0.055659,0.018097,33.4469,0,0
4713,search,2024-04-16,0,0,0.16906,0.290836,23.3438,0,0
4714,search,2024-03-24,0,0,0.072575,0.065513,39.554,0,0
4715,referral,2024-06-20,0,1,0.006818,0.000715,24.0749,1,1
4716,search,2024-01-17,0,0,0.000375,0.064635,49.731,0,0
4717,referral,2024-04-07,0,1,0.662298,0.000792,10.4045,1,1
4718,search,2024-02-03,0,0,0.290718,0.057069,27.133,0,0
4719,social,2024-05-10,1,0,0.081498,0.005404,15.0726,1,1
4720,social,2024-01-14,1,0,0.11028,0.003347,14.7734,1,1
4721,social,2024-06-13,1,0,0.05488,0.049304,16.4873,0,0
4722,search,2024-02-22,0,0,0.240341,0.075994,27.1734,0,0
4723,social,2024-05-20,1,0,0.111901,0.128659,19.5793,1,0
4724,social,2024-03-14,1,0,0.138146,0.165081,37.4182,0,0
4725,search,2024-02-11,0,0,0.066514,0.035345,48.0715,1,0
4726,search,2024-05-08,0,0,0.285324,0.005106,17.9305,1,1
4727,social,2024-01-09,1,0,0.018202,0.156189,29.1015,0,0
4728,search,2024-06-09,0,0,0.01642,0.026464,96.0549,0,0
4729,social,2024-04-21,1,0,0.013249,0.109264,39.549,0,0
4730,social,2024-03-26,1,0,0.004015,0.018554,31.6964,0,0
4731,social,2024-05-08,1,0,0.061965,0.01655,21.679,0,0
4732,search,2024-03-27,0,0,0.044698,0.260897,25.6331,0,0
4733,search,2024-03-07,0,0,0.03625,0.197995,24.2031,0,0
4734,search,2024-01-31,0,0,0.039739,0.0642,22.8144,0,0
4735,search,2024-02-14,0,0,1.003636,0.30909,22.1622,0,0
4736,social,2024-06-20,1,0,0.031638,0.150556,12.7721,0,0
4737,search,2024-04-12,0,0,0.001409,0.008448,32.8896,1,1
4738,search,2024-03-06,0,0,0.59847,0.003545,16.7509,1,1
4739,search,2024-01-14,0,0,0.126266,0.001997,49.5074,1,1
4740,social,2024-02-12,1,0,0.131986,0.332043,45.6459,0,0
4741,search,2024-05-26,0,0,0.027631,0.037772,9.7883,0,0
4742,referral,2024-01-27,0,1,0.020869,0.005352,136.4977,0,0
4743,search,2024-02-13,0,0,0.933812,0.004109,51.0513,1,1
4744,social,2024-05-07,1,0,0.280695,1.4e-05,24.0587,1,1
4745,social,2024-05-29,1,0,0.245557,0.014224,30.5938,1,0
4746,search,2024-04-06,0,0,0.061608,1.6e-05,95.8963,1,1
4747,search,2024-01-29,0,0,0.19108,0.006427,20.1275,1,1
4748,search,2024-02-15,0,0,0.021372,0.000653,16.0488,1,1
4749,social,2024-03-17,1,0,0.011437,0.004874,17.8998,0,0
4750,referral,2024-04-15,0,1,0.019531,0.02078,21.0955,0,0
4751,referral,2024-04-14,0,1,0.334988,0.004205,48.904,1,1
4752,search,2024-02-12,0,0,0.049283,0.002013,24.5552,1,1
4753,social,2024-05-28,1,0,0.002281,0.164821,10.083,0,0
4754,social,2024-06-08,1,0,0.118902,0.002967,39.3992,1,1
4755,social,2024-04-05,1,0,0.087398,0.051302,46.6578,0,0
4756,social,2024-01-24,1,0,0.07207,0.034489,13.3632,0,0
4757,search,2024-03-18,0,0,0.038173,0.096958,40.9829,0,0
4758,social,2024-03-23,1,0,0.190551,0.010433,21.8959,1,0
4759,search,2024-02-08,0,0,0.018813,0.005687,19.4265,0,0
4760,search,2024-05-29,0,0,0.341828,0.005271,29.6649,1,1
4761,search,2024-06-18,0,0,0.164748,0.004481,31.1345,1,1
4762,search,2024-02-06,0,0,0.446651,0.022137,30.0659,1,1
4763,social,2024-05-24,1,0,3.3e-05,0.001712,20.5754,1,1
4764,referral,2024-06-03,0,1,0.153191,0.001596,20.1567,1,1
4765,referral,2024-06-02,0,1,0.135672,0.002676,20.0228,1,1
4766,search,2024-06-03,0,0,0.040981,0.00742,17.1013,1,0
4767,search,2024-06-09,0,0,0.201207,0.000812,13.7448,1,1
4768,social,2024-03-03,1,0,0.116892,0.105041,15.771,0,0
4769,social,2024-05-22,1,0,0.00342,0.171974,13.0269,0,0
4770,social,2024-03-16,1,0,0.100246,0.017561,33.6756,0,0
4771,search,2024-05-05,0,0,0.053701,0.0018,20.9179,1,1
4772,social,2024-02-12,1,0,0.104447,0.05221,27.7497,0,0
4773,referral,2024-01-17,0,1,0.466382,0.019319,24.9671,0,0
4774,search,2024-02-20,0,0,0.105333,4.3e-05,34.909,1,1
4775,referral,2024-01-19,0,1,0.049395,0.001287,19.0806,1,1
4776,search,2024-03-25,0,0,0.129849,0.002709,35.5092,1,1
4777,social,2024-05-11,1,0,0.107277,0.038932,32.9373,0,0
4778,referral,2024-03-21,0,1,0.001875,0.000524,14.7277,1,1
4779,referral,2024-05-19,0,1,0.100377,0.030362,33.4234,1,0
4780,search,2024-01-28,0,0,0.194234,0.010278,28.4675,1,1
4781,referral,2024-04-30,0,1,0.042232,0.040729,20.017,0,0
4782,social,2024-05-31,1,0,0.003239,0.000729,21.5276,1,1
4783,search,2024-04-20,0,0,0.194524,0.095575,55.0384,0,0
4784,search,2024-05-07,0,0,0.296428,0.036624,14.9801,0,0
4785,social,2024-04-05,1,0,0.24147,0.028321,40.7989,0,0
4786,search,2024-02-12,0,0,0.163403,0.258698,31.1361,0,0
4787,search,2024-03-02,0,0,0.007395,0.166762,25.6315,0,0
4788,referral,2024-05-13,0,1,0.147409,0.011562,36.7202,1,0
4789,search,2024-01-02,0,0,0.24322,0.066581,19.4886,0,0
4790,referral,2024-01-17,0,1,0.02043,0.004095,27.9352,0,0
4791,social,2024-03-29,1,0,0.047421,0.087356,67.5792,0,0
4792,search,2024-01-18,0,0,0.048684,0.00313,24.6219,1,1
4793,referral,2024-02-11,0,1,0.114061,3e-06,26.8675,1,1
4794,search,2024-05-02,0,0,0.088523,0.394212,18.1871,0,0
4795,search,2024-05-16,0,0,0.050475,0.000238,13.9706,1,1
4796,referral,2024-05-15,0,1,0.461822,7.6e-05,22.2512,1,1
4797,search,2024-03-26,0,0,0.214776,0.153392,19.6262,0,0
4798,social,2024-03-05,1,0,0.061509,0.126407,19.977,0,0
4799,social,2024-01-10,1,0,0.273146,0.007569,32.8799,1,1
4800,social,2024-04-14,1,0,0.01321,0.000144,53.7954,1,1
4801,search,2024-02-13,0,0,0.043967,0.005813,45.5025,1,1
4802,search,2024-05-27,0,0,0.125521,0.002453,15.4125,1,0
4803,social,2024-06-05,1,0,0.022855,0.012876,26.7383,1,0
4804,social,2024-04-18,1,0,0.032402,0.161148,17.635,0,0
4805,social,2024-04-08,1,0,0.152997,0.139928,15.4448,0,0
4806,social,2024-06-27,1,0,0.001261,0.302003,16.129,0,0
4807,social,2024-06-30,1,0,0.048534,5.2e-05,36.9289,1,1
4808,referral,2024-01-06,0,1,0.147387,0.013084,15.9314,0,0
4809,search,2024-02-09,0,0,0.011908,0.255699,26.2246,0,0
4810,search,2024-05-15,0,0,0.284226,0.162146,38.0923,0,0
4811,referral,2024-04-09,0,1,0.140285,0.037627,11.4054,0,0
4812,social,2024-03-17,1,0,0.013762,0.065418,16.7709,0,0
4813,social,2024-06-16,1,0,0.046701,0.017905,28.2538,0,0
4814,search,2024-03-18,0,0,0.119507,0.1699,19.464,0,0
4815,social,2024-06-23,1,0,0.000595,0.007215,18.0316,1,1
4816,social,2024-05-08,1,0,0.047267,0.003771,13.3025,1,1
4817,social,2024-05-04,1,0,0.270121,0.002045,16.1555,1,0
4818,social,2024-06-27,1,0,0.020687,0.037357,8.0613,1,0
4819,search,2024-01-24,0,0,0.101344,0.041672,22.3923,0,0
4820,search,2024-02-17,0,0,0.017229,0.183879,15.6702,0,0
4821,social,2024-03-06,1,0,0.108284,0.049831,17.6936,0,0
4822,search,2024-01-13,0,0,0.001602,0.171182,14.8777,0,0
4823,referral,2024-05-12,0,1,0.101092,0.016687,28.8323,1,1
4824,social,2024-06-01,1,0,0.020935,0.016683,37.1783,1,1
4825,search,2024-06-02,0,0,0.124918,0.175505,24.8889,0,0
4826,search,2024-02-15,0,0,0.020473,0.014191,51.8727,1,1
4827,referral,2024-02-22,0,1,0.627466,0.038202,12.3216,0,0
4828,search,2024-03-06,0,0,0.477608,0.030036,29.8543,1,1
4829,referral,2024-02-04,0,1,0.026502,0.017324,17.4312,1,1
4830,social,2024-02-15,1,0,0.034096,0.015254,74.6863,1,0
4831,referral,2024-03-25,0,1,0.151985,0.032683,28.4486,1,0
4832,social,2024-01-07,1,0,0.003716,0.336061,15.7368,0,0
4833,search,2024-05-27,0,0,0.579997,0.026032,10.6962,0,0
4834,social,2024-01-20,1,0,0.336388,0.783969,40.1348,0,0
4835,social,2024-03-15,1,0,0.072075,0.006377,9.0493,1,1
4836,search,2024-01-14,0,0,0.191987,0.086743,9.2899,0,0
4837,search,2024-01-19,0,0,0.3239,0.035287,29.8582,0,0
4838,search,2024-01-03,0,0,0.055489,0.031522,12.3761,0,0
4839,referral,2024-04-06,0,1,0.012211,0.008508,13.4802,1,0
4840,search,2024-01-31,0,0,0.079359,0.019545,33.4923,0,0
4841,search,2024-06-02,0,0,0.068857,0.000121,26.9263,1,1
4842,referral,2024-05-01,0,1,0.436364,0.008345,22.9339,1,1
4843,referral,2024-06-28,0,1,0.142056,0.088243,71.5062,0,0
4844,social,2024-03-27,1,0,0.099513,0.190577,32.3945,0,0
4845,search,2024-03-27,0,0,0.047406,0.004708,26.4587,1,1
4846,social,2024-01-06,1,0,0.107817,0.000672,29.8037,1,1
4847,referral,2024-06-05,0,1,0.114253,0.026961,18.5658,0,0
4848,social,2024-06-05,1,0,0.046192,0.001639,22.5297,1,1
4849,referral,2024-06-18,0,1,0.255517,0.116305,48.6767,0,0
4850,search,2024-06-23,0,0,0.100812,0.00147,22.21,1,1
4851,referral,2024-03-25,0,1,0.090839,0.013689,35.5863,0,0
4852,search,2024-06-11,0,0,0.191852,0.050977,12.5769,0,0
4853,social,2024-04-02,1,0,0.444175,0.061907,28.52,0,0
4854,referral,2024-02-19,0,1,0.011029,0.026626,34.3735,1,1
4855,referral,2024-05-12,0,1,0.474227,0.006026,53.132,1,1
4856,social,2024-02-21,1,0,0.036951,0.079394,10.2323,1,0
4857,social,2024-02-02,1,0,0.280881,0.204755,28.8226,0,0
4858,social,2024-04-23,1,0,0.069134,0.474332,10.4186,0,0
4859,social,2024-05-30,1,0,0.103397,0.486092,23.8005,0,0
4860,search,2024-05-16,0,0,0.037813,0.021558,36.3084,1,0
4861,social,2024-01-06,1,0,0.000462,0.050148,189.3193,0,0
4862,social,2024-04-26,1,0,0.082551,0.000863,16.8635,1,1
4863,social,2024-06-17,1,0,0.006634,0.003157,34.91,1,1
4864,search,2024-03-03,0,0,0.005084,0.02743,21.3018,0,0
4865,search,2024-03-26,0,0,0.039149,0.005487,116.1424,1,0
4866,social,2024-06-16,1,0,0.064974,0.00802,26.9208,1,1
4867,social,2024-02-21,1,0,0.131113,0.000532,54.5014,1,1
4868,search,2024-05-13,0,0,0.209409,0.161912,30.3587,0,0
4869,referral,2024-03-17,0,1,0.013013,0.003227,46.7275,1,1
4870,social,2024-05-09,1,0,0.283844,0.190774,73.5111,0,0
4871,social,2024-03-16,1,0,0.435495,0.023255,33.1275,0,0
4872,search,2024-03-20,0,0,0.525613,0.03205,11.2922,0,0
4873,referral,2024-04-02,0,1,0.001003,0.008963,27.0653,1,0
4874,search,2024-02-12,0,0,0.000906,0.02675,18.5951,0,0
4875,search,2024-04-14,0,0,0.337975,0.001646,23.1417,1,1
4876,search,2024-05-07,0,0,0.048135,0.003128,51.7544,1,1
4877,social,2024-01-10,1,0,0.136361,0.204406,42.0922,0,0
4878,social,2024-01-12,1,0,0.15341,0.087359,47.0979,0,0
4879,referral,2024-06-15,0,1,0.10446,0.012607,19.5473,1,1
4880,search,2024-02-17,0,0,0.02995,0.024855,24.4483,0,0
4881,referral,2024-05-19,0,1,0.328296,0.014559,12.8288,0,0
4882,search,2024-01-04,0,0,0.128832,0.113113,14.1842,1,0
4883,referral,2024-04-05,0,1,0.008176,0.073443,35.8964,0,0
4884,search,2024-01-20,0,0,0.513324,0.195198,44.304,0,0
4885,social,2024-01-12,1,0,0.006445,0.012931,41.2167,0,0
4886,social,2024-06-07,1,0,0.439681,0.24225,23.1113,0,0
4887,search,2024-01-03,0,0,0.260523,0.001596,35.072,1,1
4888,referral,2024-06-03,0,1,0.176166,0.002251,33.1333,1,1
4889,search,2024-05-17,0,0,0.048044,0.170596,17.5484,0,0
4890,referral,2024-02-01,0,1,0.425151,0.038296,11.0756,0,0
4891,search,2024-02-17,0,0,0.183862,0.049549,16.665,0,0
4892,search,2024-02-14,0,0,0.001283,0.012368,21.2622,0,0
4893,social,2024-04-10,1,0,0.000355,0.033464,16.5735,0,0
4894,search,2024-03-08,0,0,0.136303,0.245325,23.9935,0,0
4895,social,2024-06-11,1,0,0.000131,0.621417,28.0687,0,0
4896,search,2024-01-06,0,0,0.165269,2e-06,51.5065,1,1
4897,social,2024-06-13,1,0,0.013089,0.018723,28.9515,0,0
4898,social,2024-02-21,1,0,0.093634,0.000186,17.8372,1,1
4899,social,2024-06-14,1,0,0.178947,0.059961,56.6268,1,0
4900,referral,2024-01-05,0,1,0.003116,0.026376,19.3903,0,0
4901,referral,2024-02-23,0,1,0.043832,0.007066,23.54,1,1
4902,search,2024-02-22,0,0,0.133556,0.080566,19.9765,1,0
4903,search,2024-06-26,0,0,0.728089,0.002041,9.9782,1,1
4904,referral,2024-02-08,0,1,0.018226,0.001228,40.9258,1,1
4905,social,2024-02-23,1,0,0.093185,0.002788,27.9183,1,1
4906,social,2024-06-09,1,0,0.156524,0.001029,24.0063,1,1
4907,social,2024-01-25,1,0,0.28494,0.249822,58.6345,0,0
4908,search,2024-02-13,0,0,0.343648,0.117804,17.7713,0,0
4909,social,2024-05-09,1,0,0.024095,0.430429,28.6475,0,0
4910,social,2024-02-24,1,0,0.240756,0.142192,53.8974,0,0
4911,social,2024-06-18,1,0,0.085942,0.001826,26.766,1,1
4912,search,2024-04-05,0,0,0.014824,0.028963,20.862,0,0
4913,search,2024-05-23,0,0,0.293767,0.017007,18.5418,0,0
4914,social,2024-04-16,1,0,0.041114,0.076075,21.0335,0,0
4915,social,2024-03-14,1,0,0.045136,0.007676,61.7543,1,0
4916,referral,2024-04-02,0,1,0.10114,0.027721,29.5229,1,0
4917,search,2024-04-14,0,0,0.217536,0.010595,67.2889,1,1
4918,social,2024-03-16,1,0,0.028462,0.000959,72.9845,1,1
4919,search,2024-04-20,0,0,0.064897,0.016196,18.2663,1,1
4920,search,2024-02-17,0,0,0.061624,0.002026,39.482,1,1
4921,search,2024-04-17,0,0,0.106622,0.053303,35.8875,1,0
4922,referral,2024-02-05,0,1,0.518632,0.105662,15.4758,0,0
4923,search,2024-05-10,0,0,0.062412,0.062336,14.1527,0,0
4924,search,2024-04-19,0,0,0.19133,0.192751,55.2169,0,0
4925,search,2024-04-07,0,0,0.04399,0.040564,15.7993,0,0
4926,search,2024-05-16,0,0,0.163594,0.134075,19.6837,0,0
4927,social,2024-01-09,1,0,0.034819,0.002702,32.5785,1,1
4928,referral,2024-02-15,0,1,0.007541,0.006651,19.0877,1,0
4929,social,2024-03-01,1,0,0.222028,0.163163,23.7379,0,0
4930,referral,2024-06-23,0,1,0.097446,0.048911,31.6235,0,0
4931,search,2024-06-09,0,0,0.170057,0.008357,18.0862,1,1
4932,search,2024-06-29,0,0,0.040166,0.028166,26.3917,1,0
4933,search,2024-03-13,0,0,0.003334,4.3e-05,17.5764,1,1
4934,social,2024-01-12,1,0,0.037725,0.065379,49.2222,0,0
4935,search,2024-05-15,0,0,0.020653,0.015496,24.9282,1,1
4936,search,2024-03-16,0,0,0.186767,0.010616,13.2421,1,1
4937,social,2024-06-22,1,0,0.028705,0.090036,24.8173,0,0
4938,referral,2024-06-26,0,1,0.143707,0.024075,20.9214,1,0
4939,search,2024-06-11,0,0,0.360106,0.118608,25.2485,0,0
4940,search,2024-03-17,0,0,0.085183,0.033102,20.0405,1,0
4941,search,2024-03-17,0,0,0.057901,0.185031,39.6308,0,0
4942,search,2024-05-26,0,0,0.021183,0.014667,13.4745,1,0
4943,search,2024-05-20,0,0,0.120498,0.010472,39.4759,1,0
4944,search,2024-02-09,0,0,0.016726,0.006174,27.8721,1,0
4945,referral,2024-03-31,0,1,0.074761,0.068894,12.5227,0,0
4946,referral,2024-02-21,0,1,0.486784,0.001778,23.4797,1,1
4947,social,2024-05-10,1,0,0.474162,0.082495,32.2944,0,0
4948,referral,2024-05-12,0,1,0.000953,0.070829,19.9351,0,0
4949,social,2024-02-28,1,0,0.021427,0.149521,29.699,0,0
4950,social,2024-03-03,1,0,0.024974,0.002402,33.5645,1,1
4951,referral,2024-06-06,0,1,0.026516,0.012025,24.4045,1,0
4952,referral,2024-03-12,0,1,0.233856,0.003698,22.519,1,1
4953,social,2024-03-04,1,0,0.07803,0.01899,30.7662,0,0
4954,search,2024-02-11,0,0,0.229037,0.003585,16.5795,1,1
4955,social,2024-02-22,1,0,0.245636,0.046135,20.7497,0,0
4956,search,2024-01-03,0,0,0.00095,0.003807,29.4837,1,0
4957,referral,2024-02-13,0,1,0.372131,0.021079,30.7453,0,0
4958,search,2024-05-07,0,0,0.198932,0.000748,21.4191,1,1
4959,social,2024-06-04,1,0,0.113343,0.033003,43.3065,1,0
4960,search,2024-03-31,0,0,0.088362,0.027518,19.1647,0,0
4961,social,2024-05-25,1,0,0.031162,0.003913,18.5729,1,1
4962,referral,2024-02-03,0,1,0.146383,0.001803,29.0005,1,0
4963,referral,2024-03-04,0,1,0.045259,0.000289,18.5495,1,1
4964,social,2024-06-17,1,0,0.131988,0.007652,28.2857,1,0
4965,referral,2024-03-05,0,1,0.302431,0.003101,11.2938,1,1
4966,social,2024-01-06,1,0,0.005737,0.19597,18.9845,0,0
4967,social,2024-04-14,1,0,0.162017,0.053795,20.4508,0,0
4968,social,2024-05-17,1,0,0.293537,0.157431,31.0476,0,0
4969,social,2024-05-24,1,0,0.094535,0.115504,38.1058,0,0
4970,search,2024-03-16,0,0,0.029065,0.000773,18.9478,1,1
4971,search,2024-03-21,0,0,0.187627,3.1e-05,25.6247,1,1
4972,search,2024-06-17,0,0,0.008747,0.000263,48.3622,1,1
4973,search,2024-04-23,0,0,0.096207,0.111008,20.0858,0,0
4974,search,2024-05-27,0,0,0.33215,0.059964,23.9395,0,0
4975,social,2024-06-14,1,0,0.239454,0.017116,16.0075,1,0
4976,referral,2024-01-20,0,1,0.521502,0.111931,47.5412,0,0
4977,search,2024-01-22,0,0,0.411381,0.013998,66.8278,1,0
4978,social,2024-06-25,1,0,0.013287,0.595996,19.8946,0,0
4979,referral,2024-05-29,0,1,0.416033,0.011646,44.3531,1,1
4980,social,2024-02-23,1,0,0.097669,0.074613,40.7606,0,0
4981,referral,2024-02-13,0,1,0.233278,2.9e-05,34.2395,1,1
4982,referral,2024-01-06,0,1,0.065412,0.04025,98.3222,0,0
4983,search,2024-03-16,0,0,0.180078,0.003495,28.2087,1,1
4984,social,2024-01-26,1,0,0.039625,0.028608,20.909,0,0
4985,referral,2024-02-01,0,1,0.151327,0.04456,23.6582,0,0
4986,social,2024-03-22,1,0,0.138289,0.000139,19.8389,1,1
4987,search,2024-01-23,0,0,0.217023,8.8e-05,29.6611,1,1
4988,social,2024-05-04,1,0,0.046305,0.078352,36.8726,0,0
4989,search,2024-03-31,0,0,0.128995,0.065756,17.2917,0,0
4990,search,2024-03-13,0,0,0.22133,0.52825,15.142,0,0
4991,social,2024-01-14,1,0,0.018142,0.05543,23.5529,0,0
4992,search,2024-03-31,0,0,0.034759,0.006051,43.3378,1,1
4993,social,2024-06-02,1,0,0.068536,0.144462,15.5014,0,0
4994,search,2024-02-02,0,0,0.132734,0.000328,30.2701,1,1
4995,social,2024-04-23,1,0,0.045751,0.000482,14.4343,1,1
4996,search,2024-06-13,0,0,0.309149,0.000642,48.6709,1,1
4997,search,2024-01-21,0,0,0.013355,0.017878,32.0177,0,0
4998,referral,2024-03-14,0,1,0.002876,0.00588,30.1509,0,0
4999,social,2024-05-07,1,0,0.381689,0.007222,43.1503,0,0
5000,referral,2024-02-21,0,1,0.066834,0.191179,48.8629,0,0
