customer_id,date,amount
1,2024-06-10,29.07
1,2024-08-16,34.48
1,2024-08-25,33.88
1,2024-10-02,30.59
1,2024-10-12,36.88
1,2024-11-15,34.03
1,2025-02-13,19.5
1,2025-05-29,16.58
1,2025-08-03,48.96
1,2025-08-28,7.46
1,2025-09-24,29.43
1,2025-10-12,28.36
2,2024-06-06,18.96
2,2024-08-23,22.94
3,2024-02-15,103.17
3,2024-05-31,154.96
3,2024-06-18,80.64
3,2024-07-05,80.12
3,2024-09-04,132.93
3,2024-10-25,151.42
3,2024-11-28,68.77
3,2025-02-18,108.3
3,2025-03-25,102.65
3,2025-06-27,45.73
3,2025-09-03,100.79
3,2025-12-23,79.2
4,2024-05-10,33.79
5,2024-03-30,47.09
5,2024-05-14,57.76
5,2024-07-01,35.53
5,2024-07-19,36.77
5,2024-12-14,51.37
5,2024-12-29,48.47
5,2025-03-17,70.29
5,2025-05-28,47.84
5,2025-12-10,78.51
6,2024-01-22,49.01
7,2024-02-20,20.19
7,2024-02-23,56.8
7,2024-02-29,27.41
7,2024-03-27,26.57
7,2024-04-01,27.26
7,2024-04-05,42.29
7,2024-04-09,25.48
7,2024-04-21,25.28
7,2024-04-22,31.45
7,2024-04-24,16.35
7,2024-05-01,43.39
7,2024-05-04,10.99
7,2024-05-18,12.32
7,2024-05-27,12.14
7,2024-05-27,28.99
7,2024-06-12,39.39
7,2024-06-22,18.18
7,2024-07-02,29.13
7,2024-07-03,24.54
7,2024-07-15,29.43
7,2024-08-02,23.51
7,2024-08-18,28.4
7,2024-08-26,9.71
7,2024-08-30,15.76
7,2024-09-20,34.88
7,2024-09-25,44.09
7,2024-09-30,24.96
7,2024-10-09,28.35
7,2024-10-10,29.0
7,2024-10-14,25.86
7,2024-11-03,35.34
7,2024-11-13,26.88
7,2024-12-10,23.64
7,2024-12-11,22.67
7,2024-12-21,19.79
7,2024-12-30,37.1
7,2025-01-02,22.49
7,2025-01-08,27.66
7,2025-01-09,17.79
7,2025-01-10,30.09
7,2025-01-18,43.22
7,2025-01-19,33.76
7,2025-01-20,55.5
7,2025-01-21,31.79
7,2025-01-22,14.11
7,2025-02-08,18.37
7,2025-02-10,28.55
7,2025-02-14,22.66
7,2025-03-31,62.99
7,2025-05-01,20.87
7,2025-05-09,44.92
7,2025-05-16,27.47
7,2025-07-03,14.63
7,2025-08-23,25.42
7,2025-08-26,23.58
7,2025-09-02,36.69
7,2025-09-15,35.72
7,2025-09-28,13.16
7,2025-10-12,19.83
7,2025-10-13,31.06
7,2025-10-15,35.13
7,2025-10-18,20.26
7,2025-11-11,15.73
7,2025-12-04,27.39
7,2025-12-09,17.96
7,2025-12-27,24.53
7,2025-12-27,21.64
8,2024-05-15,15.03
8,2024-09-04,39.13
9,2024-03-14,30.04
9,2024-08-05,32.1
9,2024-12-23,33.38
10,2024-03-23,15.1
11,2024-01-25,16.18
11,2024-02-05,23.83
11,2024-02-05,12.0
11,2024-02-12,10.39
11,2024-02-24,18.9
11,2024-04-01,14.65
11,2024-04-05,20.02
11,2024-04-19,17.55
11,2024-04-20,24.74
11,2024-05-14,7.17
11,2024-05-17,20.44
11,2024-05-20,23.79
11,2024-05-22,6.01
11,2024-06-02,15.62
11,2024-06-11,17.21
11,2024-06-18,27.28
11,2024-06-21,16.07
11,2024-07-24,13.98
11,2024-07-31,18.98
11,2024-08-04,18.23
11,2024-08-09,18.15
11,2024-08-13,17.85
11,2024-08-22,24.86
11,2024-08-23,19.7
11,2024-08-28,13.67
11,2024-09-01,29.85
11,2024-09-01,20.22
11,2024-10-01,13.96
11,2024-10-04,26.77
11,2024-10-21,15.7
11,2024-10-24,33.62
11,2024-10-29,23.29
11,2024-11-01,16.5
11,2024-11-11,13.41
11,2024-11-12,7.67
11,2024-11-16,11.07
11,2024-11-22,16.41
11,2024-12-01,21.03
11,2025-01-04,29.5
11,2025-01-19,13.49
11,2025-01-28,13.55
11,2025-02-11,38.27
11,2025-03-10,14.71
11,2025-03-20,30.19
11,2025-04-04,15.73
11,2025-04-08,9.84
11,2025-04-28,16.56
11,2025-05-09,10.48
11,2025-05-11,25.76
11,2025-05-13,22.95
11,2025-05-18,11.31
11,2025-06-14,12.88
11,2025-06-25,12.26
11,2025-06-26,29.91
11,2025-06-29,11.51
11,2025-07-01,17.11
11,2025-07-19,11.24
11,2025-07-19,24.93
11,2025-07-21,18.15
11,2025-07-26,20.79
11,2025-08-02,27.55
11,2025-08-10,10.88
11,2025-08-30,21.88
11,2025-09-01,6.79
11,2025-09-01,15.99
11,2025-09-15,17.14
11,2025-09-16,9.97
11,2025-09-17,18.74
11,2025-09-24,24.31
11,2025-09-24,30.15
11,2025-09-30,26.81
11,2025-10-09,26.03
11,2025-10-27,10.93
11,2025-10-30,25.29
11,2025-11-01,19.04
11,2025-11-03,48.86
11,2025-11-11,17.42
11,2025-11-13,26.77
11,2025-11-23,15.53
11,2025-12-10,24.83
11,2025-12-19,18.39
11,2025-12-20,14.88
11,2025-12-21,13.87
11,2025-12-26,28.62
12,2024-05-24,13.8
12,2024-05-31,12.49
12,2024-06-05,9.89
12,2024-06-07,22.48
12,2024-06-07,14.84
12,2024-07-10,7.41
12,2024-07-11,3.33
12,2024-07-21,9.31
12,2024-08-11,9.44
12,2024-08-12,4.88
12,2024-08-24,16.78
12,2024-08-30,14.04
12,2024-09-01,10.65
12,2024-09-05,13.76
12,2024-09-19,9.28
12,2024-10-03,12.71
12,2024-10-14,15.3
12,2024-12-21,10.03
12,2025-01-15,19.26
12,2025-02-15,12.77
12,2025-02-17,18.29
12,2025-03-21,5.35
12,2025-04-09,5.63
12,2025-04-28,7.14
12,2025-05-29,11.65
12,2025-06-06,7.9
12,2025-06-09,13.91
12,2025-06-16,17.46
13,2024-04-05,12.55
13,2024-07-20,10.52
14,2024-04-07,26.41
14,2024-04-17,38.89
15,2024-06-14,48.27
16,2024-01-20,20.75
16,2024-01-30,33.52
16,2024-01-31,29.52
16,2024-02-04,24.96
16,2024-02-11,20.69
16,2024-02-12,20.78
16,2024-02-13,15.0
16,2024-02-23,13.8
16,2024-02-27,29.23
16,2024-03-16,11.66
16,2024-04-07,28.67
16,2024-04-14,21.38
16,2024-04-28,30.46
16,2024-06-07,31.12
16,2024-06-09,21.26
16,2024-06-09,26.98
16,2024-06-18,29.69
16,2024-06-25,15.9
16,2024-07-07,29.77
16,2024-07-18,32.74
16,2024-07-18,22.06
16,2024-08-08,39.81
16,2024-08-12,20.76
16,2024-08-26,24.6
16,2024-08-29,13.58
16,2024-09-02,22.22
16,2024-09-07,9.55
16,2024-09-08,20.94
16,2024-09-28,9.95
16,2024-10-01,46.74
16,2024-10-08,35.6
16,2024-10-11,14.28
16,2024-10-11,52.6
16,2024-10-18,29.39
16,2024-10-27,23.2
16,2024-10-31,13.43
16,2024-11-06,19.74
16,2024-11-08,9.88
16,2024-11-14,36.58
16,2024-12-01,17.77
16,2024-12-02,16.56
16,2024-12-05,29.62
16,2024-12-07,25.67
16,2024-12-11,26.44
16,2024-12-21,19.27
16,2024-12-28,30.48
16,2025-01-01,23.58
16,2025-01-15,17.71
16,2025-01-18,29.27
16,2025-02-13,35.7
16,2025-02-23,27.61
16,2025-02-23,23.68
16,2025-03-04,15.33
16,2025-04-11,17.13
16,2025-04-17,29.44
16,2025-04-24,31.87
16,2025-05-02,14.68
16,2025-05-15,12.4
16,2025-06-03,22.27
16,2025-06-13,19.47
16,2025-06-18,16.1
16,2025-06-19,22.39
16,2025-06-20,19.03
16,2025-06-28,31.88
16,2025-07-17,15.07
16,2025-07-19,18.53
16,2025-07-23,22.06
16,2025-08-03,22.76
16,2025-08-15,24.12
16,2025-08-23,38.99
16,2025-08-25,10.16
16,2025-08-30,27.01
16,2025-09-04,24.51
16,2025-09-07,6.96
16,2025-09-14,28.04
16,2025-09-20,11.83
16,2025-09-23,25.46
16,2025-09-24,34.29
16,2025-09-29,15.12
16,2025-10-09,11.77
16,2025-10-17,30.49
16,2025-10-23,26.1
16,2025-11-15,24.12
16,2025-11-25,18.32
16,2025-12-02,19.72
16,2025-12-08,20.59
16,2025-12-09,30.19
16,2025-12-27,27.29
17,2024-03-17,104.51
18,2024-03-23,42.61
19,2024-05-21,115.38
19,2024-07-09,81.85
20,2024-01-25,13.42
20,2024-02-08,24.0
20,2024-03-01,18.19
20,2024-03-21,18.39
20,2024-04-11,14.8
20,2024-05-08,16.22
20,2024-05-16,6.94
20,2024-05-25,19.33
20,2024-06-19,19.97
20,2024-06-19,23.43
20,2024-06-28,9.69
20,2024-07-17,21.06
20,2024-08-16,18.76
20,2024-10-19,12.93
20,2024-11-06,8.83
20,2025-04-10,13.0
20,2025-05-08,10.3
20,2025-05-24,12.61
20,2025-06-25,9.13
20,2025-07-01,19.11
20,2025-07-15,9.09
20,2025-08-24,10.03
20,2025-11-23,16.34
20,2025-11-27,9.53
21,2024-01-02,17.13
22,2024-05-21,14.24
22,2024-05-29,9.11
23,2024-04-20,9.68
24,2024-03-25,17.65
24,2024-08-15,18.98
24,2024-09-01,16.8
24,2024-10-14,22.48
24,2024-11-05,12.31
24,2024-12-16,14.42
24,2025-01-01,9.84
24,2025-06-09,31.91
24,2025-06-15,22.06
24,2025-07-09,13.57
24,2025-07-10,12.24
24,2025-07-23,13.09
24,2025-07-24,13.73
24,2025-09-06,13.19
24,2025-09-11,15.68
24,2025-09-25,19.63
24,2025-09-26,14.3
24,2025-09-29,5.49
24,2025-09-30,8.25
24,2025-11-05,9.33
24,2025-11-17,14.68
25,2024-02-17,21.36
26,2024-06-15,25.38
26,2024-11-21,19.33
26,2025-08-02,18.05
26,2025-12-04,8.93
27,2024-06-15,10.41
27,2024-06-23,10.95
28,2024-01-28,21.02
28,2024-05-27,33.58
28,2024-09-16,25.29
28,2025-02-22,19.39
28,2025-04-14,33.27
28,2025-04-21,30.89
29,2024-02-18,9.61
29,2024-04-24,38.5
29,2024-08-27,36.09
29,2024-10-07,56.96
29,2024-12-23,22.13
29,2025-02-14,12.37
29,2025-03-24,18.65
29,2025-09-04,43.69
30,2024-03-11,10.74
30,2024-04-12,17.46
30,2024-08-01,15.61
30,2024-11-21,18.1
30,2025-02-09,8.74
30,2025-04-06,29.12
30,2025-09-13,16.24
31,2024-04-26,24.28
32,2024-01-30,18.87
33,2024-03-03,8.23
33,2024-06-07,11.76
33,2024-06-14,12.34
33,2024-07-09,15.69
33,2024-08-05,10.28
33,2024-08-27,7.96
34,2024-01-16,24.86
34,2024-06-21,43.96
34,2024-09-12,30.22
34,2024-09-30,42.02
35,2024-01-05,19.82
35,2024-08-11,39.87
35,2024-08-25,27.9
35,2024-08-30,35.32
35,2024-10-03,15.05
35,2025-02-23,31.0
35,2025-06-03,12.87
36,2024-02-06,19.9
36,2024-03-16,6.62
37,2024-01-18,33.4
37,2024-02-20,24.68
37,2024-03-02,33.28
37,2024-03-22,39.22
37,2024-11-08,18.86
37,2025-03-23,36.56
37,2025-05-17,40.65
37,2025-07-07,24.97
37,2025-07-30,50.57
37,2025-09-27,42.11
38,2024-01-06,18.58
38,2024-02-27,34.28
38,2024-03-11,47.35
38,2024-03-17,23.68
38,2024-07-24,17.76
38,2024-08-31,56.75
38,2024-08-31,28.16
38,2024-10-10,39.3
38,2024-11-02,28.06
38,2024-11-14,57.9
38,2025-02-20,31.62
38,2025-05-09,35.38
38,2025-05-28,8.99
38,2025-08-30,34.88
38,2025-08-31,28.17
38,2025-10-29,22.67
38,2025-11-16,30.12
39,2024-02-29,34.24
39,2024-03-05,58.05
39,2024-03-24,23.29
39,2024-03-29,28.71
39,2024-04-16,23.64
39,2024-04-23,40.06
39,2024-05-05,9.61
39,2024-05-05,9.44
39,2024-06-08,37.44
39,2024-06-10,49.15
39,2024-06-12,31.25
39,2024-06-21,14.33
39,2024-07-04,25.06
39,2024-07-12,33.63
39,2024-07-12,38.42
39,2024-07-22,36.58
39,2024-08-07,25.99
39,2024-08-07,43.54
39,2024-08-08,28.55
39,2024-08-16,15.15
39,2024-08-29,54.49
39,2024-09-04,42.51
39,2024-09-08,46.95
39,2024-09-11,34.5
39,2024-09-17,39.3
39,2024-10-06,16.66
39,2024-10-24,27.71
39,2024-11-17,28.44
39,2024-11-29,12.01
39,2024-11-29,45.34
39,2024-12-01,31.68
39,2024-12-06,33.86
39,2024-12-23,25.44
39,2024-12-26,36.52
39,2024-12-29,21.99
39,2024-12-31,19.67
39,2025-01-06,14.69
39,2025-02-16,32.73
39,2025-02-21,30.67
39,2025-02-24,28.67
39,2025-02-24,63.24
39,2025-02-24,12.68
39,2025-02-28,28.51
39,2025-03-17,53.96
39,2025-03-22,33.65
39,2025-03-22,36.18
39,2025-03-24,43.93
39,2025-04-03,29.32
39,2025-04-06,13.56
39,2025-04-09,19.02
39,2025-04-14,50.91
39,2025-05-06,40.19
39,2025-05-06,40.75
39,2025-05-07,28.38
39,2025-05-12,29.08
39,2025-05-31,16.92
39,2025-06-01,25.51
39,2025-06-03,50.98
39,2025-06-13,32.84
39,2025-06-28,13.39
39,2025-07-01,14.31
39,2025-07-04,25.73
39,2025-07-14,29.24
39,2025-07-16,24.62
39,2025-08-01,16.28
39,2025-08-16,31.49
39,2025-08-22,12.09
39,2025-09-04,29.06
39,2025-09-11,35.52
39,2025-09-21,31.26
39,2025-10-04,18.1
39,2025-10-05,15.87
39,2025-10-15,12.95
39,2025-10-16,46.55
39,2025-11-02,21.33
39,2025-11-04,33.51
39,2025-11-05,44.4
39,2025-11-05,31.38
39,2025-11-12,51.51
39,2025-11-17,22.06
39,2025-12-13,21.1
39,2025-12-13,68.39
39,2025-12-13,41.58
39,2025-12-13,22.92
39,2025-12-15,22.84
39,2025-12-24,37.07
40,2024-02-08,5.53
40,2024-02-19,6.58
40,2024-03-24,6.02
40,2024-05-05,10.97
40,2024-05-28,7.36
40,2024-06-24,10.2
40,2024-06-27,10.73
40,2025-07-19,5.41
41,2024-03-17,34.38
41,2024-06-13,22.89
41,2025-01-04,45.54
41,2025-04-05,20.07
41,2025-04-09,7.36
41,2025-05-19,21.3
41,2025-07-13,28.58
41,2025-07-21,30.8
41,2025-10-30,16.05
42,2024-04-14,20.59
42,2024-04-27,33.51
42,2024-06-26,34.6
43,2024-06-28,48.99
43,2024-07-02,17.23
43,2024-07-07,22.26
44,2024-03-21,33.19
45,2024-06-12,17.93
46,2024-01-05,8.52
47,2024-01-30,8.11
48,2024-02-01,54.04
48,2024-06-08,69.51
49,2024-05-21,42.84
49,2024-06-17,39.29
50,2024-01-07,18.08
51,2024-03-11,22.88
51,2024-04-17,9.39
51,2024-08-04,22.61
51,2024-09-01,54.01
51,2024-09-15,16.32
51,2024-11-21,13.07
51,2024-11-27,31.11
51,2024-12-10,19.65
51,2024-12-13,22.47
51,2024-12-16,22.68
51,2025-01-27,20.81
51,2025-05-12,23.28
52,2024-05-08,46.32
52,2024-06-28,73.41
52,2024-07-26,81.33
52,2024-09-04,31.3
53,2024-02-13,8.15
54,2024-02-19,17.51
54,2024-02-27,32.02
54,2024-03-05,42.64
54,2024-04-26,27.43
54,2024-08-18,26.59
54,2024-11-15,24.74
54,2024-11-28,39.6
54,2024-12-15,20.79
54,2025-03-15,35.02
54,2025-04-06,37.09
54,2025-05-01,47.32
54,2025-05-24,30.65
54,2025-06-15,15.54
54,2025-08-26,41.72
54,2025-11-06,51.62
54,2025-11-13,40.87
55,2024-03-25,14.35
56,2024-05-31,21.88
56,2024-12-16,19.71
56,2024-12-23,24.72
56,2025-02-19,21.96
56,2025-03-07,20.97
56,2025-04-30,11.65
56,2025-05-12,21.93
56,2025-08-25,24.11
57,2024-02-23,21.87
57,2024-06-05,10.27
57,2024-11-29,2.83
57,2024-12-31,15.44
58,2024-03-11,30.84
58,2024-06-11,23.39
58,2024-07-16,10.11
58,2024-08-13,14.05
58,2024-09-10,19.02
58,2025-08-11,13.86
58,2025-08-30,38.52
59,2024-06-13,30.7
59,2024-09-10,32.33
59,2025-05-25,20.33
59,2025-05-27,27.95
59,2025-06-16,28.33
59,2025-08-18,55.01
59,2025-09-02,20.59
59,2025-09-25,60.49
59,2025-11-20,44.12
60,2024-05-02,24.55
61,2024-03-03,34.96
62,2024-05-04,18.64
62,2024-05-12,8.03
62,2024-06-06,8.64
62,2024-06-11,25.17
62,2024-06-25,16.89
62,2024-06-27,22.13
62,2024-07-30,14.08
62,2024-08-08,18.59
62,2024-08-15,19.22
62,2024-09-01,14.28
62,2024-11-26,10.28
62,2024-12-03,14.77
62,2024-12-29,15.19
62,2025-01-21,9.42
62,2025-02-27,16.0
63,2024-03-03,41.08
64,2024-05-24,47.05
64,2024-06-11,28.07
64,2024-08-14,11.73
64,2024-09-18,18.17
64,2024-10-12,30.09
64,2024-11-19,33.02
64,2024-12-28,28.16
64,2025-01-19,21.3
64,2025-02-08,22.51
64,2025-04-10,24.72
64,2025-04-20,22.75
64,2025-05-06,12.96
64,2025-06-30,27.64
64,2025-07-14,14.84
64,2025-08-01,20.78
64,2025-09-09,24.75
64,2025-10-30,25.99
64,2025-12-14,27.79
65,2024-01-17,36.35
65,2024-03-01,7.73
65,2024-04-15,29.65
65,2024-06-21,17.98
65,2024-08-01,29.22
65,2024-08-08,11.59
65,2024-09-22,17.83
65,2025-02-12,22.56
65,2025-04-29,13.83
66,2024-04-13,16.15
67,2024-05-07,26.31
67,2025-12-12,9.91
68,2024-03-04,28.23
68,2024-05-02,18.06
68,2024-09-10,17.43
69,2024-03-23,21.66
69,2024-03-29,11.48
69,2024-05-21,31.03
69,2024-09-29,17.95
69,2024-11-04,25.65
69,2024-11-06,27.57
69,2024-11-15,45.79
69,2025-01-19,29.09
69,2025-03-08,21.66
69,2025-04-07,13.43
70,2024-01-14,99.63
70,2024-01-23,144.78
70,2024-02-06,67.65
70,2024-02-28,61.2
70,2024-03-15,71.19
70,2024-03-20,78.76
70,2024-03-21,70.29
70,2024-03-21,52.01
70,2024-03-22,61.53
70,2024-03-25,81.47
71,2024-02-02,17.18
72,2024-01-09,27.5
72,2024-02-28,28.09
72,2024-04-06,16.88
72,2024-08-25,15.67
73,2024-06-06,25.93
74,2024-04-02,20.33
74,2024-06-04,24.64
75,2024-01-29,21.63
75,2024-04-08,5.5
76,2024-06-03,24.02
76,2024-06-05,26.61
76,2024-07-20,6.87
76,2024-12-15,34.92
77,2024-03-06,54.65
77,2024-06-13,16.01
77,2024-06-18,10.49
77,2024-07-13,38.43
77,2024-07-31,18.98
77,2024-08-03,16.24
77,2024-08-30,16.31
77,2024-10-21,11.48
77,2024-10-24,28.38
77,2024-11-09,16.82
77,2024-11-20,11.4
77,2025-02-01,21.35
77,2025-02-07,18.19
77,2025-02-28,27.18
77,2025-03-15,18.5
77,2025-05-22,28.65
77,2025-06-10,18.94
77,2025-06-26,21.46
77,2025-07-27,37.82
77,2025-07-27,27.72
77,2025-08-22,16.23
77,2025-11-17,14.09
77,2025-11-25,35.33
77,2025-12-20,19.63
78,2024-02-14,47.47
78,2025-04-21,44.78
79,2024-06-02,16.39
80,2024-06-01,29.03
80,2024-06-20,27.28
80,2024-08-01,22.02
81,2024-06-22,15.28
81,2024-07-06,23.95
81,2024-08-27,7.36
81,2024-09-23,16.48
81,2024-09-25,5.95
82,2024-03-04,42.99
82,2024-03-10,49.68
83,2024-05-15,17.82
83,2024-05-23,16.04
83,2024-05-27,40.48
84,2024-06-25,48.53
85,2024-04-17,29.38
85,2024-08-07,22.66
85,2024-08-20,12.52
86,2024-06-03,33.24
86,2024-07-05,18.0
87,2024-06-11,31.71
88,2024-01-17,11.7
89,2024-06-01,103.99
90,2024-04-30,23.89
90,2024-05-01,39.54
90,2024-07-08,34.39
90,2024-08-01,52.3
90,2024-09-02,20.09
90,2024-09-11,10.8
90,2025-02-07,37.19
90,2025-02-27,17.73
90,2025-12-28,9.69
91,2024-04-25,19.01
91,2024-05-23,13.39
91,2024-07-08,25.44
91,2024-07-25,21.92
91,2024-08-26,20.76
91,2024-09-03,8.28
91,2024-09-29,17.04
91,2024-10-12,13.52
91,2024-10-19,16.66
91,2025-01-30,11.74
91,2025-02-01,22.61
91,2025-03-19,16.35
91,2025-04-12,8.79
91,2025-05-06,12.87
91,2025-05-23,9.14
91,2025-07-23,12.2
91,2025-08-23,15.85
91,2025-09-02,16.79
91,2025-09-08,29.35
91,2025-09-08,12.65
91,2025-09-14,22.9
91,2025-09-26,16.37
91,2025-11-01,15.45
92,2024-06-14,25.23
92,2024-09-28,5.35
92,2024-10-03,11.46
92,2024-12-18,13.43
92,2025-01-03,26.59
92,2025-02-24,13.77
92,2025-03-11,14.13
92,2025-04-15,15.99
92,2025-05-09,18.58
92,2025-08-19,7.09
92,2025-08-22,19.28
92,2025-08-31,25.11
92,2025-09-23,12.63
92,2025-09-26,6.04
92,2025-11-21,25.27
92,2025-11-29,9.44
93,2024-06-27,13.69
93,2025-01-16,21.05
93,2025-02-02,24.28
93,2025-02-08,14.91
93,2025-05-28,25.55
94,2024-02-27,18.44
94,2024-04-08,26.6
94,2024-05-11,7.68
94,2024-11-13,49.94
94,2025-01-21,19.19
94,2025-02-15,28.82
94,2025-02-19,23.75
95,2024-03-10,42.56
96,2024-04-04,23.62
96,2024-04-10,39.55
96,2024-06-23,15.29
96,2024-08-18,18.55
96,2024-09-09,55.98
97,2024-01-08,17.55
97,2024-02-09,12.72
97,2024-02-16,19.54
98,2024-05-27,21.67
98,2024-09-30,52.06
98,2024-12-11,83.94
98,2025-01-03,102.08
98,2025-04-21,26.05
98,2025-06-26,44.92
98,2025-09-27,50.31
98,2025-12-07,59.35
98,2025-12-14,121.52
99,2024-01-14,46.4
100,2024-04-11,32.82
100,2024-06-12,34.93
100,2024-07-18,25.27
100,2024-08-08,24.39
101,2024-06-22,10.75
101,2025-01-04,24.98
101,2025-11-07,26.52
102,2024-05-22,26.23
103,2024-03-21,24.02
104,2024-01-26,9.76
104,2025-03-18,25.44
104,2025-03-29,24.86
104,2025-07-29,26.42
105,2024-02-22,67.67
106,2024-06-17,16.41
106,2024-10-15,29.03
106,2025-01-25,11.06
106,2025-05-21,9.32
106,2025-06-03,20.3
106,2025-11-18,17.4
107,2024-02-21,24.36
108,2024-01-23,13.37
108,2024-03-20,21.23
108,2024-03-26,6.09
108,2024-03-30,10.88
108,2024-04-17,9.0
108,2024-04-17,18.47
108,2024-05-20,7.03
108,2024-06-23,19.86
108,2024-07-27,12.33
108,2024-09-05,8.17
108,2024-11-04,11.17
108,2024-11-24,9.38
108,2025-04-04,8.7
108,2025-06-20,5.6
108,2025-07-30,18.23
108,2025-08-26,10.76
108,2025-11-03,22.6
108,2025-11-06,8.44
109,2024-04-21,26.08
110,2024-02-26,24.87
110,2024-05-29,9.02
110,2024-06-20,7.89
110,2024-07-06,7.0
110,2024-11-10,16.6
110,2024-11-14,17.68
110,2025-01-04,10.91
110,2025-01-10,18.75
110,2025-01-13,16.89
110,2025-02-07,18.67
110,2025-02-20,9.27
110,2025-03-31,13.82
110,2025-06-15,21.04
110,2025-08-10,8.85
110,2025-08-22,12.93
110,2025-09-20,14.45
111,2024-01-21,21.65
111,2024-01-22,16.55
112,2024-05-05,10.12
112,2024-05-05,24.15
112,2024-05-08,8.32
112,2024-06-06,27.62
112,2024-06-27,17.63
113,2024-05-01,15.23
113,2024-06-18,40.61
113,2024-09-17,29.43
114,2024-03-03,13.81
115,2024-04-16,25.0
116,2024-06-17,25.29
117,2024-03-01,10.58
117,2024-03-11,8.08
117,2024-03-29,6.96
117,2024-03-30,6.16
117,2024-04-03,14.66
117,2024-04-03,15.82
117,2024-04-03,7.1
117,2024-04-07,9.98
117,2024-04-07,13.54
117,2024-04-12,13.76
117,2024-04-17,9.83
117,2024-04-19,13.63
118,2024-02-28,4.2
119,2024-05-31,49.38
120,2024-02-19,10.82
120,2024-03-19,32.52
121,2024-04-07,33.25
122,2024-05-27,33.41
122,2024-06-03,56.24
123,2024-04-03,3.16
123,2024-04-08,12.28
123,2024-04-11,6.3
123,2024-04-26,7.12
123,2024-05-14,6.62
123,2024-05-26,9.61
123,2024-06-01,12.7
123,2024-06-01,15.2
123,2024-06-08,10.8
123,2024-07-05,10.71
123,2024-07-11,10.52
123,2024-08-16,9.26
123,2024-08-19,9.85
123,2024-08-31,7.43
123,2024-09-09,9.33
123,2024-09-13,17.25
123,2024-09-27,11.15
123,2024-10-02,8.65
123,2024-10-14,12.14
123,2024-11-03,9.85
123,2024-11-24,16.32
123,2024-12-12,12.68
123,2024-12-21,9.75
123,2025-01-23,6.44
123,2025-01-23,9.53
123,2025-02-07,6.25
123,2025-02-12,7.99
123,2025-02-17,3.77
123,2025-03-19,18.52
123,2025-03-24,5.7
123,2025-03-24,8.38
123,2025-03-27,12.17
123,2025-06-19,9.15
123,2025-07-12,13.63
123,2025-07-17,7.91
123,2025-08-12,6.34
123,2025-09-23,13.49
123,2025-10-12,18.52
123,2025-10-26,14.49
123,2025-10-29,12.36
123,2025-12-19,2.92
124,2024-05-03,15.39
124,2024-06-18,10.17
124,2024-07-08,42.25
124,2024-11-08,29.19
124,2025-01-10,14.95
125,2024-05-13,30.98
125,2024-05-15,22.56
125,2024-08-20,22.18
125,2024-11-24,23.68
125,2025-01-15,57.01
125,2025-05-24,22.12
125,2025-05-26,22.68
126,2024-02-22,19.35
126,2024-03-01,9.95
126,2024-04-20,17.3
126,2024-05-09,9.48
126,2024-05-16,10.46
126,2024-05-21,14.88
126,2024-05-24,12.78
126,2024-05-29,15.09
127,2024-02-28,115.52
128,2024-01-12,34.08
128,2024-01-12,14.85
129,2024-03-01,11.23
130,2024-03-16,25.51
131,2024-01-31,40.12
131,2024-02-05,26.54
131,2024-04-07,9.93
131,2024-04-26,15.27
131,2024-05-01,14.65
132,2024-03-04,30.97
133,2024-06-21,42.62
134,2024-06-09,4.95
134,2024-06-15,21.04
134,2024-06-15,13.14
134,2024-06-21,17.07
134,2024-06-29,25.57
134,2024-07-17,17.19
134,2024-07-20,17.05
134,2024-08-15,22.45
134,2024-08-30,29.04
134,2024-10-09,8.04
134,2024-10-18,16.96
134,2024-11-05,23.78
134,2024-11-05,21.98
134,2024-11-10,15.32
134,2024-11-17,24.15
134,2024-12-06,23.04
134,2024-12-07,22.37
134,2024-12-17,20.68
134,2025-01-01,11.24
134,2025-01-21,15.94
134,2025-02-11,16.89
134,2025-02-16,8.41
135,2024-04-15,13.39
136,2024-06-13,11.07
137,2024-02-26,52.59
138,2024-04-08,23.11
138,2024-11-29,19.96
139,2024-05-02,21.47
139,2024-10-04,14.72
139,2024-10-13,15.73
139,2025-02-05,5.65
139,2025-04-04,9.15
139,2025-05-10,9.84
139,2025-12-08,5.5
140,2024-06-24,136.78
141,2024-03-08,17.0
141,2024-04-02,14.25
141,2024-05-08,23.14
141,2024-06-23,10.41
141,2024-08-30,12.88
141,2024-11-12,35.06
141,2025-01-09,22.42
141,2025-03-20,17.14
141,2025-03-24,19.35
141,2025-05-30,18.84
141,2025-06-16,18.4
141,2025-11-22,10.24
142,2024-02-29,30.02
143,2024-04-02,23.17
143,2024-09-20,17.0
144,2024-04-22,18.47
145,2024-03-10,23.25
145,2024-03-25,10.22
145,2024-04-22,22.83
145,2024-04-30,25.96
145,2024-05-08,35.17
145,2024-05-21,29.98
145,2024-05-29,15.01
145,2024-05-29,20.73
145,2024-06-17,10.55
145,2024-07-11,10.8
145,2024-07-13,23.55
145,2024-07-14,13.81
145,2024-08-08,16.08
145,2024-08-09,14.68
145,2024-09-09,20.29
145,2024-10-25,23.67
145,2024-10-27,14.33
145,2024-11-09,13.09
145,2024-11-11,24.8
145,2024-11-25,12.48
145,2024-12-02,32.24
145,2024-12-20,19.71
145,2025-01-01,28.43
145,2025-01-19,12.69
145,2025-02-05,14.35
145,2025-02-25,18.25
145,2025-03-03,21.88
145,2025-03-06,10.8
145,2025-03-08,9.51
145,2025-03-28,28.6
145,2025-03-31,24.83
145,2025-04-15,18.72
145,2025-04-16,12.01
145,2025-05-17,12.05
145,2025-05-24,21.19
145,2025-06-04,13.14
145,2025-06-22,29.78
145,2025-06-29,29.66
145,2025-07-24,16.86
145,2025-08-01,15.39
145,2025-08-02,24.38
145,2025-08-29,21.6
145,2025-09-06,17.72
145,2025-09-13,10.44
145,2025-09-16,24.24
145,2025-09-29,29.5
145,2025-10-10,23.0
145,2025-10-13,17.4
145,2025-10-24,7.21
145,2025-11-20,39.54
145,2025-11-28,12.29
145,2025-12-20,18.37
146,2024-02-23,26.51
146,2024-02-23,41.93
146,2024-04-02,43.03
146,2024-04-05,50.91
146,2024-04-05,27.7
146,2024-04-18,38.3
146,2024-04-28,46.3
146,2024-06-16,24.17
146,2024-06-27,41.62
146,2024-07-30,21.32
146,2024-08-12,54.64
146,2024-08-15,38.72
146,2024-11-22,24.19
146,2024-12-05,21.34
146,2024-12-19,59.34
146,2025-01-18,15.99
146,2025-02-27,35.18
146,2025-03-15,27.87
146,2025-04-25,26.29
146,2025-05-15,23.61
146,2025-07-21,33.45
146,2025-08-26,39.5
146,2025-09-11,31.25
146,2025-11-05,40.85
147,2024-01-22,15.43
147,2024-01-30,16.29
147,2024-02-09,12.78
147,2024-02-12,26.66
147,2024-02-22,21.32
147,2024-02-27,15.99
147,2024-02-29,14.48
147,2024-03-01,37.69
148,2024-01-10,10.83
148,2024-02-27,24.34
148,2024-05-03,10.6
148,2024-05-24,30.53
148,2024-06-10,30.28
148,2024-07-15,32.07
148,2024-09-19,25.88
148,2024-10-20,16.77
148,2024-11-03,21.61
149,2024-01-17,17.2
149,2024-04-21,62.04
149,2024-05-01,49.99
149,2024-06-27,36.31
149,2024-09-26,29.26
149,2024-11-20,20.17
149,2024-12-14,49.73
149,2025-05-04,15.0
149,2025-06-16,42.04
149,2025-08-27,19.97
149,2025-09-21,47.47
150,2024-01-18,38.0
150,2024-04-08,43.56
150,2024-07-12,112.24
150,2024-08-18,43.06
151,2024-03-13,46.43
152,2024-01-03,29.53
152,2024-02-06,25.54
152,2024-02-25,19.3
152,2024-03-06,27.93
152,2024-03-23,16.48
152,2024-03-31,20.86
152,2024-04-21,16.52
152,2024-04-30,30.18
152,2024-05-11,36.12
152,2024-05-30,30.49
153,2024-05-26,79.65
154,2024-01-18,19.04
154,2024-02-29,25.53
155,2024-06-29,11.46
156,2024-06-30,39.73
156,2024-11-19,62.28
156,2024-12-25,64.84
156,2025-05-31,18.76
156,2025-06-16,23.14
156,2025-12-09,91.13
157,2024-06-22,37.85
158,2024-01-16,23.16
158,2024-01-27,23.47
158,2024-04-29,28.68
158,2024-10-08,54.29
158,2024-11-18,25.85
158,2024-11-18,49.33
158,2024-12-17,18.37
159,2024-01-19,13.96
159,2024-01-31,12.64
159,2024-02-02,11.29
159,2024-03-18,19.56
159,2024-04-17,6.57
160,2024-06-08,58.1
160,2024-08-04,24.9
160,2024-09-08,27.31
161,2024-06-16,112.93
161,2025-02-11,81.36
161,2025-09-13,99.85
161,2025-12-02,37.47
162,2024-06-12,103.64
162,2024-06-14,84.51
162,2024-07-05,110.35
162,2024-08-25,99.03
162,2024-08-29,108.67
162,2024-09-03,97.33
162,2024-09-03,25.38
162,2024-09-03,117.38
162,2024-09-07,52.85
162,2024-09-07,94.58
162,2024-11-04,67.37
162,2024-11-18,167.47
162,2025-01-16,85.09
162,2025-01-21,61.12
162,2025-03-05,91.18
162,2025-03-07,128.05
162,2025-03-10,105.66
162,2025-03-19,70.48
162,2025-03-21,72.26
162,2025-04-17,98.73
162,2025-04-30,108.09
162,2025-05-30,67.08
162,2025-06-11,92.69
162,2025-06-26,49.7
162,2025-07-20,85.44
162,2025-07-23,128.15
162,2025-09-19,186.2
162,2025-10-05,112.12
162,2025-10-11,72.97
162,2025-10-12,56.46
162,2025-10-29,76.62
163,2024-06-17,21.47
163,2024-06-20,15.58
163,2024-06-22,22.71
163,2024-07-06,13.23
163,2024-07-12,20.16
163,2024-07-27,9.02
163,2024-08-08,44.69
164,2024-04-06,52.78
164,2024-04-10,55.05
164,2024-06-04,88.97
164,2024-08-08,65.6
164,2024-08-11,66.86
164,2024-08-18,64.64
164,2024-09-13,56.07
164,2024-12-01,85.11
164,2024-12-30,52.68
164,2025-01-13,79.71
164,2025-04-10,47.81
164,2025-04-10,56.81
164,2025-04-13,65.89
164,2025-06-15,100.38
164,2025-08-04,76.82
164,2025-08-31,56.7
164,2025-11-01,25.8
164,2025-12-22,51.61
165,2024-02-28,23.96
166,2024-04-04,48.92
166,2024-05-04,16.94
166,2024-06-03,63.9
166,2024-06-13,44.95
166,2024-06-20,23.3
166,2024-12-21,28.58
166,2025-01-15,29.14
166,2025-02-04,11.42
166,2025-03-03,19.67
166,2025-04-27,36.49
166,2025-05-02,81.71
166,2025-07-13,34.67
166,2025-10-27,34.06
167,2024-02-04,15.57
167,2024-05-17,8.72
167,2024-09-05,12.84
167,2024-09-08,7.3
167,2025-01-24,11.46
167,2025-11-14,13.64
167,2025-12-14,12.78
168,2024-05-06,20.77
169,2024-06-21,20.09
170,2024-02-15,53.38
170,2024-03-01,21.55
171,2024-04-12,8.12
171,2024-05-22,24.63
171,2024-07-09,22.96
171,2024-08-21,20.34
171,2024-09-14,23.81
171,2024-09-22,22.29
171,2024-09-24,19.57
171,2024-11-10,20.77
171,2024-11-12,18.65
171,2024-12-06,12.15
171,2024-12-26,22.32
171,2025-05-03,19.01
171,2025-05-17,25.56
171,2025-08-15,30.8
171,2025-09-13,45.07
171,2025-11-04,25.8
172,2024-02-22,27.38
172,2024-03-05,34.55
172,2024-03-06,26.4
172,2024-04-20,22.4
172,2024-06-13,16.67
172,2024-08-13,21.95
172,2024-08-23,26.87
172,2024-10-13,16.72
172,2025-03-06,13.08
172,2025-04-07,16.56
172,2025-04-23,30.07
173,2024-03-08,30.94
173,2024-04-10,13.85
174,2024-01-02,44.06
174,2024-05-09,21.65
174,2024-08-12,8.6
174,2024-09-28,27.69
174,2024-10-10,16.2
174,2024-12-17,37.56
174,2024-12-30,17.31
174,2025-01-13,21.72
174,2025-05-20,18.24
174,2025-08-14,35.5
174,2025-09-20,32.04
174,2025-09-25,15.94
174,2025-11-28,23.01
174,2025-12-18,23.93
175,2024-01-08,51.81
175,2024-01-11,39.75
175,2024-03-12,30.9
175,2024-04-23,19.79
175,2024-04-29,41.38
175,2024-05-15,32.43
175,2024-07-08,19.22
175,2024-07-10,44.17
175,2024-07-18,37.0
175,2024-08-15,33.77
175,2024-08-26,47.52
175,2024-08-31,39.58
175,2024-10-12,35.06
175,2024-10-22,34.89
175,2024-12-03,50.43
176,2024-02-01,25.88
176,2024-02-10,10.67
176,2024-03-26,12.04
176,2024-04-03,11.94
176,2024-04-06,12.57
176,2024-04-07,21.69
176,2024-04-17,29.1
176,2024-05-13,15.66
176,2024-05-13,20.54
176,2024-05-25,23.17
176,2024-05-27,22.77
177,2024-02-04,14.07
177,2024-03-20,28.32
177,2024-03-30,23.39
177,2024-11-18,21.75
177,2024-12-18,14.48
177,2025-02-20,7.75
178,2024-04-10,25.49
178,2024-05-14,22.32
178,2024-10-16,22.78
178,2025-11-04,11.24
178,2025-12-26,22.11
179,2024-03-15,15.71
179,2024-04-15,21.23
180,2024-02-25,33.71
180,2024-02-28,30.52
180,2024-11-05,11.74
180,2025-01-31,37.96
180,2025-03-28,22.06
180,2025-04-09,24.08
180,2025-06-30,16.65
180,2025-07-27,9.3
181,2024-04-04,17.52
182,2024-05-31,29.83
182,2024-06-18,23.28
182,2024-07-23,19.92
182,2024-08-07,26.16
182,2024-10-07,21.19
182,2024-10-24,47.12
182,2025-01-24,23.26
182,2025-01-27,16.83
182,2025-03-01,38.42
182,2025-03-13,23.21
183,2024-02-14,25.0
183,2024-02-27,26.03
183,2024-03-26,22.6
183,2024-03-28,21.55
183,2024-03-28,55.4
183,2024-04-15,26.54
183,2024-04-23,32.23
183,2024-05-05,22.1
183,2024-05-14,50.57
183,2024-05-19,35.17
183,2024-05-24,50.5
183,2024-06-08,23.23
183,2024-07-22,41.01
183,2024-08-31,39.11
183,2024-09-08,22.26
183,2024-09-28,20.71
183,2024-09-29,25.31
183,2024-10-06,14.46
183,2024-10-17,48.8
183,2024-10-21,45.13
183,2024-10-25,21.08
183,2024-11-08,17.74
183,2024-11-08,19.83
183,2024-11-08,17.95
183,2024-11-24,26.09
183,2024-12-13,60.46
183,2024-12-27,14.36
183,2025-02-05,25.53
183,2025-02-28,34.39
183,2025-03-27,14.87
183,2025-03-29,10.62
183,2025-03-30,40.19
183,2025-04-07,43.14
183,2025-04-13,40.65
183,2025-04-19,28.6
183,2025-05-21,25.18
183,2025-05-26,11.97
183,2025-06-06,16.93
183,2025-06-19,39.06
183,2025-06-29,25.54
183,2025-07-24,34.88
183,2025-08-09,63.45
183,2025-08-10,35.11
183,2025-09-03,23.35
183,2025-09-26,16.99
183,2025-10-02,48.33
183,2025-11-10,25.96
183,2025-11-11,17.08
183,2025-11-13,48.04
183,2025-11-17,11.69
183,2025-11-25,28.93
183,2025-11-30,34.29
184,2024-05-27,25.85
184,2024-08-05,17.67
185,2024-03-09,14.87
185,2024-03-21,24.35
185,2024-04-18,19.06
186,2024-03-13,62.69
186,2024-04-23,51.29
186,2024-04-30,29.24
187,2024-05-17,43.2
188,2024-05-10,16.66
188,2024-06-06,24.29
188,2024-10-17,24.87
188,2024-12-08,41.86
188,2025-01-25,25.76
188,2025-02-26,33.54
188,2025-04-06,22.1
188,2025-06-05,18.34
188,2025-06-19,15.62
188,2025-08-01,12.24
188,2025-08-25,19.06
188,2025-10-16,22.07
188,2025-10-25,34.36
189,2024-05-28,14.42
189,2024-06-07,6.59
189,2024-06-25,21.91
189,2024-08-02,12.18
190,2024-05-30,7.06
190,2024-08-08,10.74
190,2024-09-16,12.77
190,2024-10-09,5.46
190,2024-11-30,9.42
190,2024-12-01,4.44
190,2025-01-24,8.24
190,2025-02-28,7.07
190,2025-03-09,6.68
190,2025-03-22,7.37
190,2025-04-19,6.73
190,2025-05-06,9.66
191,2024-05-29,13.52
192,2024-05-22,33.71
193,2024-04-12,13.03
194,2024-06-21,29.98
195,2024-03-18,31.93
195,2025-05-26,35.03
195,2025-05-29,56.9
196,2024-02-08,17.77
197,2024-01-25,25.39
197,2024-02-09,4.67
197,2024-02-17,18.07
197,2024-02-19,27.38
197,2024-03-05,10.98
197,2024-03-09,32.93
197,2024-03-23,13.73
197,2024-04-07,17.71
197,2024-05-11,13.37
197,2024-06-16,18.39
198,2024-04-18,32.88
199,2024-03-12,14.47
199,2024-04-27,38.53
200,2024-03-26,24.5
201,2024-02-18,46.27
201,2024-06-20,9.31
201,2024-08-07,28.99
201,2024-08-22,14.35
201,2025-09-13,22.4
201,2025-09-27,37.1
201,2025-11-19,20.74
202,2024-01-01,32.19
202,2024-03-27,15.35
202,2024-08-02,34.76
203,2024-06-23,11.22
203,2024-07-06,20.08
203,2024-08-20,12.37
203,2024-09-04,8.27
203,2024-09-08,42.35
203,2024-09-22,10.92
203,2024-10-27,23.12
203,2024-12-26,23.26
203,2025-01-25,17.42
203,2025-02-11,11.16
203,2025-04-03,7.66
203,2025-04-15,13.38
203,2025-04-23,21.15
203,2025-05-13,12.76
203,2025-05-29,12.53
204,2024-05-10,8.34
205,2024-02-05,23.01
205,2024-09-17,14.0
205,2024-11-26,18.63
205,2025-06-29,18.56
206,2024-01-16,56.61
206,2024-03-01,66.38
207,2024-01-22,9.42
207,2025-02-13,29.67
207,2025-03-10,8.74
207,2025-04-07,35.75
207,2025-08-14,13.01
208,2024-02-03,28.57
208,2024-02-08,23.24
209,2024-04-24,6.48
210,2024-05-16,9.01
211,2024-02-18,14.65
211,2024-06-25,32.83
212,2024-06-18,39.7
212,2024-07-28,27.63
213,2024-04-08,6.17
213,2024-05-13,5.22
213,2024-06-11,17.91
213,2024-07-02,8.12
213,2024-09-30,9.6
213,2024-10-24,5.06
213,2024-12-14,4.35
213,2024-12-20,7.21
213,2025-01-04,4.76
213,2025-03-23,5.32
213,2025-04-02,12.51
213,2025-04-14,11.61
213,2025-04-30,5.97
213,2025-06-09,9.94
213,2025-07-30,7.19
213,2025-08-23,11.42
213,2025-08-25,8.81
214,2024-05-12,47.53
214,2024-07-18,71.86
214,2024-10-28,39.13
214,2024-12-27,47.53
214,2025-01-10,41.59
214,2025-07-20,49.69
214,2025-11-18,35.12
215,2024-06-09,111.92
216,2024-06-09,7.98
217,2024-05-14,34.66
217,2024-10-16,36.92
217,2025-04-20,35.76
218,2024-04-03,13.72
218,2024-06-16,17.78
218,2024-08-24,13.47
218,2024-09-10,11.68
219,2024-01-10,18.65
220,2024-03-29,50.6
220,2024-04-11,46.47
220,2024-04-15,49.56
220,2024-04-28,50.36
220,2024-06-21,43.79
220,2024-09-15,25.58
220,2024-11-13,52.49
220,2024-12-26,26.95
220,2025-01-11,24.38
220,2025-02-01,52.26
220,2025-02-25,58.13
220,2025-07-17,23.34
220,2025-07-31,28.42
220,2025-08-17,37.89
220,2025-08-25,49.43
220,2025-09-10,16.06
221,2024-03-20,13.61
222,2024-02-21,5.9
222,2025-05-04,11.46
223,2024-03-08,33.11
223,2024-04-22,23.44
223,2024-04-24,25.97
223,2024-05-29,34.85
224,2024-01-13,11.48
225,2024-05-03,5.11
225,2025-01-06,8.02
225,2025-02-04,6.09
225,2025-03-21,11.53
225,2025-04-14,6.14
225,2025-06-25,9.62
225,2025-07-12,5.53
225,2025-11-05,11.21
225,2025-11-17,9.68
226,2024-01-31,51.26
226,2024-02-07,44.34
226,2024-03-03,52.27
226,2024-04-13,44.32
226,2024-04-29,59.85
226,2024-05-07,29.68
226,2024-06-15,25.62
226,2024-07-03,18.01
226,2024-08-09,46.49
226,2024-08-24,25.3
226,2024-09-15,25.11
226,2024-09-16,29.57
226,2024-09-22,21.21
226,2024-12-02,56.14
226,2024-12-23,39.63
226,2025-01-19,30.0
226,2025-02-13,16.05
226,2025-04-01,60.3
226,2025-04-26,46.55
226,2025-05-14,26.1
226,2025-05-16,49.75
226,2025-11-30,29.7
227,2024-06-20,21.7
227,2024-07-06,27.81
227,2024-07-24,21.05
227,2024-07-25,33.38
228,2024-02-10,30.6
228,2024-09-09,53.44
229,2024-03-15,28.81
230,2024-06-07,58.59
230,2024-07-04,68.02
230,2024-07-29,16.75
230,2024-08-01,30.28
230,2024-08-07,39.44
230,2024-11-14,18.46
230,2024-12-01,35.75
230,2024-12-22,34.97
230,2024-12-23,57.85
230,2025-05-06,95.95
230,2025-05-16,42.09
230,2025-07-11,31.26
230,2025-07-16,17.59
230,2025-08-06,49.11
230,2025-08-09,46.49
230,2025-08-25,51.84
230,2025-09-02,47.28
230,2025-09-05,25.13
230,2025-09-15,30.79
230,2025-10-07,44.45
230,2025-10-15,64.07
230,2025-10-20,47.01
230,2025-10-24,69.71
230,2025-11-06,38.4
230,2025-12-06,41.97
230,2025-12-16,37.77
231,2024-06-22,19.96
231,2025-12-06,15.13
231,2025-12-22,15.68
232,2024-01-01,9.43
233,2024-05-14,22.33
233,2024-05-23,24.62
233,2024-05-28,25.85
233,2024-06-06,40.65
233,2024-06-26,14.05
233,2024-07-03,11.6
233,2024-07-04,24.58
233,2024-07-26,8.91
233,2024-09-24,11.96
233,2024-10-16,26.2
233,2024-11-11,15.76
233,2024-11-27,12.55
233,2024-12-22,16.23
233,2025-01-15,41.87
233,2025-02-03,17.62
233,2025-02-26,21.62
233,2025-03-08,20.79
233,2025-03-09,18.51
233,2025-04-09,18.75
233,2025-04-11,25.1
233,2025-04-26,18.22
233,2025-05-16,23.84
233,2025-05-21,13.33
233,2025-05-23,33.97
233,2025-05-24,17.75
233,2025-05-30,13.8
233,2025-06-06,20.43
233,2025-06-10,7.33
233,2025-06-22,9.0
233,2025-06-26,15.41
233,2025-07-04,29.5
233,2025-07-05,24.13
233,2025-07-08,27.93
233,2025-07-11,36.94
233,2025-07-12,11.15
233,2025-07-20,28.66
233,2025-07-25,25.01
233,2025-08-02,28.5
233,2025-08-07,21.59
233,2025-08-16,8.86
233,2025-08-28,21.3
233,2025-09-04,52.43
233,2025-09-09,16.01
233,2025-09-10,25.01
233,2025-11-06,23.53
233,2025-11-17,12.29
233,2025-12-05,39.41
233,2025-12-07,23.44
233,2025-12-12,13.86
233,2025-12-23,24.77
233,2025-12-24,19.75
234,2024-03-17,12.84
234,2024-06-01,9.74
234,2024-07-14,15.78
234,2024-07-28,11.93
234,2024-08-08,22.96
235,2024-04-29,53.22
235,2024-05-20,29.24
235,2024-06-20,21.16
235,2024-06-28,13.25
235,2024-06-30,42.1
235,2024-11-10,34.34
235,2024-11-28,35.09
235,2025-01-24,23.33
235,2025-04-09,23.42
235,2025-06-18,40.42
235,2025-11-25,41.96
235,2025-12-02,26.35
236,2024-06-25,29.85
236,2024-07-15,8.96
236,2024-07-16,16.88
236,2024-08-07,6.49
236,2024-08-11,10.03
236,2024-08-18,8.56
236,2024-08-23,10.48
236,2024-09-14,12.27
236,2024-09-23,12.65
236,2024-10-17,8.53
236,2024-10-25,7.83
236,2024-11-15,8.44
236,2024-11-24,18.52
236,2024-12-01,16.18
236,2024-12-14,21.49
236,2025-01-03,21.12
236,2025-01-23,10.45
236,2025-01-31,9.16
236,2025-02-01,14.75
236,2025-02-10,20.87
236,2025-02-26,12.62
236,2025-02-28,9.73
236,2025-03-04,10.67
236,2025-03-13,6.75
236,2025-03-22,8.0
236,2025-04-13,15.19
236,2025-04-19,9.89
236,2025-04-23,11.34
236,2025-05-04,10.46
236,2025-05-07,11.66
236,2025-05-27,11.96
236,2025-07-02,15.74
236,2025-08-07,21.48
236,2025-09-02,20.17
236,2025-09-26,28.4
236,2025-10-02,30.49
236,2025-10-04,18.5
236,2025-10-07,12.92
236,2025-10-16,19.9
236,2025-10-23,9.42
236,2025-11-03,23.68
236,2025-11-08,16.38
236,2025-11-09,7.04
236,2025-11-22,14.89
236,2025-11-25,13.48
236,2025-11-28,22.43
236,2025-12-08,14.34
236,2025-12-19,15.14
237,2024-06-20,17.63
237,2024-07-05,9.16
237,2024-11-09,22.01
237,2024-12-16,13.63
237,2024-12-16,34.23
237,2025-04-17,7.91
237,2025-09-19,30.16
237,2025-09-19,9.79
237,2025-11-10,16.46
238,2024-06-14,12.45
238,2024-08-03,20.27
239,2024-03-19,24.56
239,2024-03-19,37.16
239,2024-05-05,24.32
239,2024-05-31,7.88
239,2024-06-10,23.43
239,2024-06-13,17.16
239,2024-07-15,25.07
239,2024-07-19,19.11
239,2024-08-07,13.35
239,2024-08-07,22.29
239,2024-08-13,13.11
239,2024-08-28,27.47
239,2024-09-17,34.74
239,2024-09-21,18.5
239,2024-09-22,16.97
239,2024-09-22,28.19
239,2024-09-27,16.94
239,2024-10-16,20.36
239,2024-10-18,20.93
239,2024-10-31,8.82
239,2024-11-18,21.16
239,2024-12-13,25.32
239,2024-12-24,40.38
239,2024-12-25,14.92
239,2024-12-26,14.23
239,2025-01-02,8.55
239,2025-01-14,27.0
239,2025-02-05,17.29
239,2025-02-19,13.47
239,2025-02-20,26.1
239,2025-02-24,16.85
239,2025-03-21,14.48
239,2025-04-02,25.78
239,2025-06-01,26.36
239,2025-06-06,14.96
239,2025-06-14,27.34
239,2025-06-23,46.13
239,2025-06-29,22.98
239,2025-07-07,45.27
239,2025-07-20,30.06
239,2025-08-07,10.52
239,2025-08-08,10.57
239,2025-08-14,12.89
239,2025-08-15,16.2
239,2025-08-20,22.0
239,2025-09-09,14.69
239,2025-09-12,17.47
239,2025-09-26,19.55
239,2025-10-02,18.53
239,2025-11-07,11.62
239,2025-11-08,19.78
239,2025-11-12,28.88
239,2025-11-25,34.72
239,2025-12-01,31.72
239,2025-12-05,11.44
239,2025-12-06,44.23
239,2025-12-27,28.4
240,2024-01-21,27.9
241,2024-01-16,15.43
241,2024-05-15,85.65
242,2024-05-15,8.77
243,2024-03-16,39.62
243,2024-03-31,23.15
243,2024-04-29,15.94
243,2024-06-11,24.86
243,2024-06-18,20.11
243,2024-07-07,12.12
243,2024-10-20,27.52
243,2024-12-03,25.52
243,2024-12-10,14.42
243,2024-12-21,5.68
243,2024-12-29,37.85
243,2025-01-13,26.06
243,2025-01-23,40.97
243,2025-02-04,28.91
243,2025-02-06,7.32
243,2025-02-25,23.6
243,2025-03-13,23.61
243,2025-04-06,21.34
243,2025-05-06,9.68
243,2025-05-19,14.09
243,2025-05-28,8.14
243,2025-06-08,9.05
243,2025-07-31,16.48
243,2025-08-21,34.79
243,2025-09-01,9.8
243,2025-09-07,16.67
243,2025-09-19,27.62
243,2025-09-21,21.73
243,2025-09-23,35.42
243,2025-10-22,12.5
243,2025-11-12,24.68
243,2025-11-28,24.86
243,2025-12-09,19.2
243,2025-12-13,15.15
244,2024-06-07,12.96
244,2024-06-07,16.73
244,2024-07-09,11.39
245,2024-04-02,22.17
246,2024-02-04,29.05
246,2024-05-14,27.35
247,2024-04-11,14.0
247,2024-07-07,15.72
247,2024-07-15,14.31
247,2024-08-17,8.81
248,2024-02-15,11.29
248,2024-02-23,11.75
249,2024-04-06,12.13
250,2024-05-04,10.79
250,2024-05-15,8.18
251,2024-05-20,21.45
251,2024-06-09,20.08
251,2024-09-25,24.27
251,2024-11-03,25.94
251,2025-03-09,14.64
251,2025-03-20,20.79
251,2025-07-18,13.7
251,2025-08-22,15.48
252,2024-05-17,38.94
253,2024-05-24,36.8
253,2024-07-29,70.74
253,2024-09-10,39.48
253,2025-04-12,21.01
253,2025-06-10,57.9
253,2025-08-13,42.76
254,2024-06-08,21.76
255,2024-04-04,48.29
255,2024-11-18,46.06
255,2025-12-24,33.64
256,2024-03-13,26.31
256,2024-03-27,13.47
257,2024-05-29,18.48
257,2024-10-24,5.87
257,2024-12-12,13.82
257,2025-04-05,24.73
257,2025-08-24,22.89
257,2025-10-31,28.31
257,2025-11-10,13.91
258,2024-01-09,30.63
258,2024-01-31,42.55
258,2024-03-08,23.07
258,2024-03-10,32.57
258,2024-03-12,35.7
259,2024-04-25,24.05
260,2024-06-26,14.8
261,2024-03-22,23.29
262,2024-02-17,27.81
262,2024-02-28,24.98
262,2024-04-29,23.1
262,2024-06-04,28.41
262,2024-07-14,31.32
262,2024-07-20,33.89
262,2024-08-27,8.44
262,2024-10-16,29.06
262,2024-12-08,42.81
262,2024-12-09,18.41
262,2025-01-18,13.89
262,2025-02-13,23.02
262,2025-06-04,33.87
262,2025-07-03,22.66
262,2025-08-26,15.72
262,2025-12-17,36.92
263,2024-05-24,35.25
263,2024-09-30,39.65
263,2024-10-03,56.56
263,2025-04-29,85.33
263,2025-05-05,31.93
263,2025-05-19,57.37
263,2025-09-05,32.47
263,2025-09-23,57.83
263,2025-09-26,78.22
264,2024-05-20,34.43
265,2024-03-10,31.43
265,2024-03-29,22.38
265,2024-10-05,28.03
265,2024-10-16,22.65
265,2024-11-26,19.57
265,2025-09-19,28.8
265,2025-09-29,21.66
266,2024-06-16,43.77
266,2024-10-10,19.24
266,2025-03-04,24.59
267,2024-04-07,38.74
268,2024-04-08,19.24
269,2024-04-01,52.69
270,2024-04-05,32.17
270,2024-05-20,35.67
270,2024-06-10,10.97
270,2024-06-26,52.84
270,2024-06-28,34.34
270,2024-07-02,21.72
271,2024-05-13,42.38
271,2024-05-15,43.06
271,2024-05-16,23.34
271,2024-06-03,33.68
272,2024-02-13,7.99
273,2024-03-24,50.91
273,2024-04-02,19.65
273,2024-05-08,40.97
274,2024-01-12,11.32
275,2024-06-09,23.66
275,2024-09-16,17.13
275,2024-09-21,16.46
275,2024-10-31,8.07
276,2024-01-21,34.23
276,2024-01-24,57.63
277,2024-03-27,4.49
277,2024-08-11,5.97
277,2024-08-28,8.17
277,2024-10-12,2.55
277,2024-11-02,4.43
277,2024-11-29,8.22
277,2024-12-03,3.02
277,2024-12-08,7.19
277,2024-12-16,8.01
277,2025-01-07,14.63
277,2025-02-05,7.37
278,2024-05-11,7.45
278,2024-07-23,9.11
279,2024-03-25,12.44
280,2024-02-06,14.04
280,2024-02-27,15.5
280,2024-05-31,20.44
280,2024-07-29,9.42
280,2025-01-19,6.51
280,2025-03-12,6.13
281,2024-01-16,8.84
282,2024-03-31,25.94
282,2024-04-10,14.61
282,2024-06-03,27.52
282,2024-06-29,12.9
282,2024-08-25,8.26
282,2024-09-12,14.65
282,2025-01-29,28.5
282,2025-04-12,30.42
282,2025-10-26,14.2
282,2025-11-01,18.11
282,2025-11-10,26.47
283,2024-01-11,10.4
283,2024-03-06,41.65
283,2025-01-05,24.22
283,2025-03-06,43.91
284,2024-04-04,54.58
285,2024-02-26,15.14
285,2024-03-06,57.33
285,2024-03-10,24.57
285,2024-03-19,14.9
285,2024-05-11,23.97
285,2024-06-28,24.88
285,2024-09-03,20.8
285,2024-09-15,29.84
285,2024-10-23,42.5
285,2024-11-29,28.53
285,2024-12-24,13.71
285,2025-01-01,24.47
285,2025-02-09,28.12
285,2025-02-13,12.84
285,2025-05-21,22.66
285,2025-07-02,18.97
285,2025-07-04,17.09
285,2025-08-05,39.81
285,2025-08-11,25.65
285,2025-09-16,34.41
285,2025-12-21,42.46
286,2024-06-17,12.93
286,2024-07-02,26.02
287,2024-02-27,19.58
287,2024-04-23,28.22
288,2024-04-08,14.68
289,2024-04-26,38.54
290,2024-04-22,20.18
290,2024-05-03,12.69
290,2024-05-15,18.79
290,2024-05-20,10.75
291,2024-02-19,10.86
291,2024-02-24,23.09
291,2024-03-26,10.17
291,2024-03-26,13.21
291,2024-03-30,23.32
291,2024-04-14,6.67
291,2024-04-26,8.13
291,2024-05-09,14.32
291,2024-06-14,12.36
291,2024-06-18,18.59
291,2024-07-07,13.81
291,2024-07-29,11.82
291,2024-08-01,12.47
291,2024-08-18,16.45
291,2024-09-09,16.47
291,2024-09-20,13.55
291,2024-09-27,14.34
291,2024-09-27,11.37
291,2024-10-21,10.88
291,2024-10-27,3.59
291,2024-11-10,10.21
291,2024-11-24,14.31
291,2024-12-06,12.25
291,2024-12-19,8.23
291,2025-01-12,21.74
291,2025-02-16,28.05
291,2025-02-22,15.91
291,2025-03-14,6.31
291,2025-03-17,12.81
291,2025-03-28,14.18
291,2025-03-31,10.61
291,2025-04-17,11.47
291,2025-04-20,15.62
291,2025-05-29,14.12
291,2025-05-30,26.83
291,2025-07-03,15.67
291,2025-07-06,12.4
291,2025-07-11,18.42
291,2025-07-13,18.03
291,2025-09-17,10.11
291,2025-10-02,12.89
291,2025-10-22,15.01
291,2025-10-26,33.22
291,2025-11-05,15.49
291,2025-11-21,14.42
292,2024-05-27,11.88
293,2024-01-27,22.92
294,2024-02-24,21.96
295,2024-02-22,13.96
295,2024-03-05,24.97
295,2024-06-16,9.15
295,2024-12-18,7.73
296,2024-05-05,50.31
296,2024-11-24,75.21
297,2024-03-23,12.28
297,2024-05-25,6.69
297,2024-06-21,16.12
298,2024-01-18,27.31
298,2024-09-18,11.84
298,2024-09-25,49.19
298,2025-07-11,53.98
298,2025-07-17,38.42
299,2024-05-15,103.73
300,2024-01-13,67.11
301,2024-02-09,45.56
301,2024-03-11,6.06
301,2024-03-21,14.13
301,2024-03-23,20.8
301,2024-03-27,8.38
301,2024-04-10,9.3
301,2024-06-01,5.45
301,2024-06-06,21.6
301,2024-06-07,11.72
301,2024-06-12,23.42
301,2024-07-11,14.69
301,2024-07-16,17.53
301,2024-07-21,17.72
301,2024-08-15,26.08
301,2024-09-21,41.69
301,2024-09-25,31.14
301,2024-10-02,15.83
301,2024-10-02,26.56
301,2024-11-11,27.69
301,2024-11-16,13.25
301,2024-12-20,37.4
302,2024-06-25,76.97
303,2024-06-27,13.68
303,2024-06-29,10.43
303,2024-07-08,5.55
303,2024-07-30,7.42
303,2024-08-02,12.07
303,2024-08-07,24.94
303,2024-11-01,12.12
304,2024-02-27,25.58
304,2024-02-27,34.75
304,2024-03-20,52.59
305,2024-02-29,31.95
306,2024-03-24,32.0
307,2024-05-11,24.89
307,2024-06-15,11.56
307,2024-10-20,25.61
308,2024-01-28,17.32
308,2024-03-13,11.5
308,2024-03-15,10.32
308,2024-04-07,20.09
308,2024-04-16,13.55
308,2024-10-02,13.92
308,2024-10-13,21.52
308,2024-10-16,5.58
308,2024-10-19,14.64
308,2024-11-10,8.99
309,2024-05-27,56.71
309,2024-06-12,22.35
309,2024-06-18,31.74
309,2024-07-07,8.0
309,2024-08-03,35.33
309,2024-08-23,21.09
309,2024-09-19,20.36
309,2024-09-21,16.7
309,2024-12-04,27.49
309,2024-12-10,17.91
309,2025-01-12,21.24
309,2025-01-27,15.28
309,2025-02-08,21.47
309,2025-03-07,18.9
309,2025-05-15,40.99
309,2025-05-31,22.56
309,2025-06-14,21.71
309,2025-07-20,36.26
309,2025-11-11,40.15
309,2025-11-13,25.72
309,2025-12-02,27.99
310,2024-02-25,53.81
311,2024-06-13,15.3
312,2024-06-13,16.73
312,2024-07-20,10.6
312,2024-09-08,24.73
312,2024-09-09,5.9
312,2024-09-21,9.41
312,2024-09-25,13.33
312,2024-10-15,7.85
312,2024-11-05,39.04
312,2024-12-28,13.36
312,2025-02-25,2.35
312,2025-07-21,15.32
312,2025-08-31,12.79
312,2025-11-10,12.48
312,2025-11-15,19.2
312,2025-11-18,18.22
312,2025-12-12,11.12
312,2025-12-27,10.67
313,2024-01-02,46.09
314,2024-06-18,29.94
314,2024-06-27,52.53
314,2024-06-28,93.84
314,2024-07-14,60.98
314,2024-07-16,71.1
314,2024-07-17,79.76
314,2024-08-01,90.26
314,2024-08-03,72.81
314,2024-08-04,65.29
314,2024-08-04,118.69
314,2024-08-22,94.18
314,2024-08-28,129.07
314,2024-09-06,78.57
314,2024-09-16,61.91
314,2024-09-19,140.65
314,2024-09-20,115.42
314,2024-09-22,35.56
314,2024-09-27,72.52
314,2024-09-28,69.76
314,2024-09-30,79.33
314,2024-10-01,106.3
314,2024-10-11,74.42
314,2024-10-18,77.36
314,2024-10-27,126.68
314,2024-10-30,46.09
314,2024-10-31,50.87
314,2024-11-11,35.05
314,2024-11-14,87.97
314,2024-11-24,24.96
314,2024-12-05,102.36
314,2024-12-06,122.06
314,2024-12-07,44.49
314,2024-12-10,50.21
314,2024-12-15,29.4
314,2024-12-16,105.92
314,2024-12-23,36.08
314,2024-12-30,97.21
314,2025-01-01,42.19
314,2025-01-03,126.36
314,2025-01-14,93.98
314,2025-01-16,46.25
314,2025-01-23,69.45
314,2025-01-24,41.7
314,2025-01-26,27.21
314,2025-01-28,72.92
314,2025-01-28,61.94
314,2025-02-08,100.1
314,2025-02-10,43.05
314,2025-02-10,74.32
314,2025-02-18,58.49
314,2025-02-23,55.21
314,2025-02-26,58.57
314,2025-03-03,87.68
314,2025-03-19,100.98
314,2025-03-28,103.9
314,2025-03-30,98.06
314,2025-04-15,40.6
314,2025-04-23,70.55
314,2025-05-04,45.86
314,2025-05-04,58.42
314,2025-05-16,63.14
314,2025-05-21,87.62
314,2025-05-28,47.53
314,2025-06-09,64.79
314,2025-06-16,106.04
314,2025-06-17,46.82
314,2025-06-28,97.57
314,2025-07-15,108.47
314,2025-07-18,73.24
314,2025-07-18,43.18
314,2025-07-24,66.25
314,2025-07-28,40.45
314,2025-07-31,39.71
314,2025-08-01,115.32
314,2025-08-04,121.82
314,2025-08-06,54.08
314,2025-08-08,99.27
314,2025-08-12,77.73
314,2025-08-13,21.51
314,2025-08-29,88.1
314,2025-09-03,106.24
314,2025-09-03,48.73
314,2025-09-05,29.5
314,2025-09-16,45.05
314,2025-09-22,87.32
314,2025-10-02,50.1
314,2025-10-18,72.54
314,2025-10-18,67.62
314,2025-10-22,58.53
314,2025-10-26,81.11
314,2025-10-29,119.67
314,2025-11-02,64.52
314,2025-11-03,67.05
314,2025-11-11,100.37
314,2025-11-17,68.73
314,2025-11-20,69.94
314,2025-12-03,95.31
314,2025-12-03,24.39
314,2025-12-08,66.41
314,2025-12-12,40.88
314,2025-12-21,73.94
314,2025-12-23,84.31
315,2024-01-12,26.83
315,2024-01-16,33.01
315,2024-02-11,24.96
316,2024-04-23,11.79
317,2024-06-11,15.08
318,2024-02-07,51.07
318,2024-02-19,47.7
318,2024-04-08,36.56
318,2024-04-10,43.39
319,2024-01-04,17.82
320,2024-06-22,16.41
320,2024-06-30,23.06
321,2024-03-11,32.3
321,2024-03-20,21.76
321,2024-03-23,50.73
321,2024-03-30,28.86
321,2024-04-20,80.0
321,2024-04-21,47.34
321,2024-05-15,19.08
321,2024-05-20,60.42
321,2024-05-26,44.39
321,2024-07-11,76.09
321,2024-07-20,55.57
321,2024-07-22,67.52
321,2024-08-12,30.19
321,2024-09-24,23.04
321,2024-09-27,48.64
321,2024-10-01,51.72
321,2024-10-26,39.54
321,2024-11-10,21.01
321,2024-11-13,59.22
321,2024-11-16,43.13
321,2024-11-17,16.49
321,2024-11-22,52.33
321,2024-11-29,56.7
321,2024-12-07,18.57
321,2024-12-11,35.2
321,2024-12-22,47.46
321,2024-12-25,44.7
321,2025-01-08,31.16
321,2025-01-26,33.84
321,2025-02-14,68.13
321,2025-02-27,29.17
321,2025-03-14,37.59
322,2024-05-22,66.18
323,2024-04-01,38.7
323,2024-08-20,23.86
323,2025-01-20,37.47
324,2024-01-18,27.45
324,2025-01-29,18.65
324,2025-06-20,11.64
324,2025-12-21,9.63
325,2024-03-22,50.33
325,2024-05-17,51.04
325,2024-06-30,57.77
326,2024-05-04,12.84
326,2024-05-22,27.36
326,2024-07-18,38.81
326,2024-09-01,21.6
326,2024-09-02,26.8
326,2024-09-16,14.49
326,2024-11-11,19.19
326,2024-11-26,28.25
326,2024-12-01,25.68
326,2024-12-21,43.19
326,2025-04-05,22.47
326,2025-04-18,20.71
326,2025-08-06,40.94
326,2025-08-26,31.78
326,2025-10-10,23.93
326,2025-11-30,37.72
327,2024-02-11,21.18
327,2024-02-13,13.59
327,2024-07-30,22.05
327,2024-08-27,13.04
327,2024-09-19,18.18
327,2024-11-02,16.72
327,2024-11-08,25.4
327,2024-11-12,27.59
327,2024-12-21,15.8
327,2025-02-10,19.08
327,2025-02-24,9.04
327,2025-02-26,8.56
327,2025-03-07,20.39
327,2025-03-30,10.96
327,2025-04-28,8.38
327,2025-05-16,31.33
327,2025-06-23,19.88
328,2024-03-16,31.57
328,2024-09-05,24.76
329,2024-04-01,10.5
329,2024-05-10,14.1
329,2024-05-29,12.08
329,2024-07-26,8.02
329,2024-09-08,13.14
329,2025-01-22,11.58
329,2025-05-08,12.9
329,2025-07-14,22.19
330,2024-01-07,24.95
330,2024-06-20,29.06
330,2024-08-09,27.68
330,2024-10-19,19.24
330,2025-02-06,21.44
331,2024-04-12,30.91
331,2024-04-27,30.36
331,2024-11-16,13.62
331,2025-02-19,20.24
331,2025-06-11,24.65
331,2025-10-23,17.11
332,2024-02-14,28.18
333,2024-06-23,27.74
333,2024-07-25,17.06
333,2024-07-29,14.88
333,2024-08-26,14.39
333,2024-09-04,24.89
333,2024-09-05,22.81
333,2024-09-09,27.67
333,2024-10-13,21.9
333,2024-10-22,8.68
333,2024-11-17,15.71
333,2024-12-22,12.46
333,2024-12-31,16.12
333,2025-04-13,20.9
333,2025-04-29,19.76
333,2025-05-10,19.25
333,2025-05-13,22.7
333,2025-05-28,15.25
333,2025-06-29,11.1
334,2024-04-09,23.33
335,2024-04-18,14.68
336,2024-04-14,27.18
336,2024-08-01,14.46
336,2024-08-30,10.22
336,2024-09-04,10.79
337,2024-05-17,19.92
337,2024-09-07,40.87
337,2024-12-18,14.78
338,2024-06-24,10.67
338,2024-10-29,17.97
339,2024-03-28,46.15
339,2024-04-07,37.18
339,2024-04-11,38.85
339,2024-04-12,63.21
339,2024-04-17,61.85
339,2024-05-12,41.87
339,2024-05-26,22.41
339,2024-06-11,45.69
339,2024-06-17,50.29
339,2024-06-30,40.23
339,2024-07-04,27.35
339,2024-07-04,44.03
339,2024-07-07,28.61
339,2024-07-09,49.83
339,2024-07-14,9.03
339,2024-07-15,42.2
339,2024-07-22,59.86
339,2024-07-24,43.39
339,2024-08-12,16.69
339,2024-09-14,27.07
339,2024-09-15,35.6
339,2024-09-17,23.24
339,2024-10-04,54.15
339,2024-10-09,70.53
339,2024-10-09,40.28
339,2024-10-09,30.26
339,2024-10-12,64.01
339,2024-10-24,45.29
339,2024-11-09,25.91
339,2024-11-19,33.02
339,2024-11-21,54.5
339,2024-11-29,50.5
339,2024-12-02,85.27
339,2024-12-29,46.42
339,2024-12-30,56.55
339,2025-01-08,28.03
339,2025-01-23,50.27
339,2025-02-02,50.45
339,2025-02-17,88.39
339,2025-02-21,19.1
339,2025-03-04,77.11
339,2025-03-19,27.36
339,2025-04-07,39.09
339,2025-04-12,35.41
339,2025-05-01,43.92
339,2025-05-03,64.66
339,2025-05-04,29.2
339,2025-05-05,63.82
339,2025-05-18,33.69
339,2025-05-22,47.19
339,2025-06-03,38.75
339,2025-06-09,37.2
339,2025-06-12,50.62
339,2025-06-14,81.52
339,2025-06-22,34.54
339,2025-06-26,58.38
339,2025-07-04,27.47
339,2025-07-05,41.31
339,2025-07-09,73.53
339,2025-07-13,27.06
339,2025-07-14,44.34
339,2025-07-18,45.23
339,2025-08-14,57.5
339,2025-08-16,66.21
339,2025-08-18,50.91
339,2025-08-25,40.86
339,2025-09-02,59.64
339,2025-09-06,61.97
339,2025-09-24,34.44
339,2025-09-26,23.89
339,2025-09-29,33.66
339,2025-10-27,42.95
339,2025-11-05,60.21
339,2025-11-07,72.86
339,2025-11-07,45.26
339,2025-11-09,30.29
339,2025-11-17,56.21
339,2025-11-23,107.12
339,2025-12-02,53.75
339,2025-12-03,31.82
339,2025-12-12,28.12
339,2025-12-27,45.32
340,2024-03-25,13.25
341,2024-05-17,16.15
341,2024-05-17,22.97
341,2024-05-20,21.97
341,2024-05-25,12.11
341,2024-06-13,25.88
341,2024-06-16,16.88
341,2024-06-18,15.67
341,2024-06-26,3.64
341,2024-07-31,17.01
341,2024-08-03,42.14
341,2024-08-04,11.3
341,2024-08-06,32.14
341,2024-08-09,17.0
341,2024-08-19,26.84
341,2024-08-30,14.06
341,2024-09-11,14.98
341,2024-09-13,11.97
341,2024-09-29,14.83
341,2024-10-10,12.85
341,2024-10-11,15.97
341,2024-11-03,8.78
341,2024-11-12,15.61
341,2024-11-14,25.16
341,2024-11-19,23.24
341,2024-11-22,39.05
341,2024-12-22,11.57
341,2024-12-22,12.88
341,2024-12-29,11.68
341,2024-12-31,29.27
341,2025-01-08,12.62
341,2025-02-08,21.18
341,2025-02-20,12.45
341,2025-04-11,17.05
341,2025-04-15,16.84
341,2025-04-18,13.1
341,2025-04-21,20.29
341,2025-05-10,33.86
341,2025-05-23,11.81
341,2025-06-05,8.94
341,2025-06-06,10.86
341,2025-07-01,15.27
341,2025-07-04,12.47
341,2025-07-12,14.73
341,2025-07-13,15.68
341,2025-07-22,10.91
341,2025-07-28,12.54
341,2025-07-30,16.23
341,2025-08-21,7.87
341,2025-08-23,13.33
341,2025-09-11,13.63
341,2025-10-02,15.82
341,2025-10-05,23.45
341,2025-10-10,17.51
341,2025-10-14,15.02
341,2025-10-28,15.61
341,2025-10-28,8.86
341,2025-12-14,13.37
341,2025-12-19,7.03
341,2025-12-22,18.93
341,2025-12-23,9.53
342,2024-03-03,34.79
342,2024-03-16,36.12
342,2024-03-22,26.43
342,2024-03-30,17.9
342,2024-03-31,25.16
342,2024-06-04,17.17
342,2024-06-19,8.74
342,2024-07-13,22.34
342,2024-08-03,22.88
342,2024-08-30,20.68
342,2025-01-07,15.93
342,2025-03-26,21.28
342,2025-04-22,16.17
342,2025-04-22,25.42
342,2025-05-16,19.07
342,2025-06-17,16.67
342,2025-09-10,32.25
342,2025-09-16,35.1
342,2025-10-04,26.04
343,2024-02-28,21.95
343,2024-03-08,10.77
343,2024-06-11,35.96
343,2024-09-22,59.11
343,2024-09-26,20.45
343,2024-11-22,29.02
343,2025-01-28,12.06
343,2025-05-08,27.99
343,2025-08-14,11.46
344,2024-06-10,46.77
345,2024-06-28,11.31
346,2024-04-03,39.76
346,2024-06-24,27.91
346,2024-06-25,35.18
346,2024-06-25,24.35
346,2024-07-06,14.13
346,2024-07-06,20.66
346,2024-07-08,16.53
346,2024-09-13,23.12
346,2025-03-03,21.82
346,2025-04-13,27.38
346,2025-06-21,39.52
346,2025-07-05,23.33
346,2025-08-21,24.3
346,2025-09-03,34.27
346,2025-09-18,25.36
346,2025-11-27,12.69
347,2024-06-03,15.52
347,2024-07-18,5.67
348,2024-04-09,74.41
349,2024-04-29,8.44
349,2024-06-10,9.79
349,2024-08-31,7.74
349,2024-09-09,7.1
349,2025-02-07,6.98
349,2025-02-19,7.1
349,2025-06-28,8.96
349,2025-07-23,19.27
349,2025-07-24,6.96
349,2025-08-12,13.13
349,2025-12-02,17.71
350,2024-02-05,17.23
351,2024-01-05,26.34
351,2024-02-01,8.89
351,2024-10-29,19.17
351,2025-04-25,25.12
352,2024-05-22,49.53
353,2024-04-06,24.26
353,2024-05-18,23.94
353,2024-07-19,16.01
353,2024-07-23,24.56
353,2024-08-09,44.36
353,2024-08-14,15.05
353,2024-08-15,35.23
353,2024-08-16,21.74
353,2024-09-11,18.99
353,2024-10-17,15.33
353,2024-11-01,11.7
353,2024-11-21,26.67
353,2024-11-23,17.59
353,2024-12-03,20.89
353,2024-12-16,18.99
353,2024-12-27,17.19
353,2025-01-15,16.55
353,2025-02-14,12.68
353,2025-03-05,25.55
353,2025-03-09,19.51
353,2025-04-02,24.11
353,2025-06-17,42.84
353,2025-07-06,22.93
353,2025-07-14,24.6
353,2025-08-29,20.76
353,2025-09-04,17.16
353,2025-10-10,14.72
353,2025-10-23,27.29
353,2025-10-26,36.99
354,2024-05-22,16.82
355,2024-04-17,48.15
355,2024-07-14,16.49
355,2024-11-27,17.24
355,2025-01-15,20.91
355,2025-02-06,15.52
356,2024-04-11,63.54
356,2024-05-25,76.17
356,2024-06-03,50.2
356,2024-10-01,21.14
356,2024-10-04,23.2
356,2024-10-17,51.77
356,2024-12-20,23.63
356,2025-04-24,51.46
356,2025-08-03,30.73
356,2025-10-10,30.5
357,2024-01-07,66.21
358,2024-03-08,16.36
359,2024-06-14,41.66
359,2024-06-30,18.91
359,2024-07-07,23.34
360,2024-04-15,46.48
361,2024-05-20,10.68
361,2024-07-23,22.87
361,2024-07-26,42.71
361,2024-10-11,30.0
361,2025-03-03,42.3
361,2025-05-11,28.72
361,2025-06-12,37.4
362,2024-05-29,26.89
363,2024-04-09,19.62
364,2024-05-03,26.29
364,2024-05-06,3.81
364,2024-07-05,15.4
364,2024-07-22,11.93
364,2024-10-01,9.63
364,2024-10-29,19.48
364,2025-01-23,13.79
364,2025-02-09,10.13
364,2025-02-12,20.96
364,2025-03-08,10.56
364,2025-03-09,10.32
364,2025-03-13,15.69
364,2025-07-25,26.49
364,2025-08-19,19.09
364,2025-10-09,7.57
364,2025-11-30,17.73
365,2024-06-10,30.82
365,2024-07-13,16.11
365,2024-07-22,25.23
366,2024-06-11,38.94
366,2024-06-28,32.72
366,2024-08-08,30.12
366,2024-08-27,37.95
366,2024-09-23,39.47
366,2024-10-24,35.26
366,2024-11-19,39.42
366,2024-12-13,34.03
366,2025-01-27,38.27
366,2025-04-23,22.01
366,2025-05-08,43.6
366,2025-05-26,16.59
366,2025-08-13,26.01
366,2025-09-16,57.88
366,2025-10-03,20.51
366,2025-11-09,22.77
366,2025-12-03,49.43
366,2025-12-14,14.62
366,2025-12-27,23.6
367,2024-01-24,11.97
367,2024-01-26,32.05
367,2024-02-11,23.88
367,2024-02-16,37.48
367,2024-03-12,12.58
367,2024-03-15,21.6
367,2024-03-21,21.0
367,2024-03-27,41.55
367,2024-03-29,19.34
367,2024-04-08,13.18
367,2024-04-18,27.61
367,2024-04-20,20.02
367,2024-06-12,23.78
367,2024-07-13,39.63
367,2024-07-17,7.45
367,2024-08-18,74.57
368,2024-03-20,10.24
368,2024-11-01,21.38
369,2024-06-20,35.04
369,2024-07-30,14.45
369,2024-08-01,19.08
369,2024-08-19,51.92
369,2024-08-25,23.66
369,2024-08-31,17.2
369,2024-11-11,20.63
369,2024-12-06,15.6
369,2024-12-10,18.98
369,2024-12-16,18.53
369,2024-12-20,21.77
369,2024-12-25,18.03
369,2025-01-21,14.7
370,2024-04-28,13.56
371,2024-02-01,19.81
371,2024-02-28,34.2
371,2024-03-06,13.8
371,2024-03-08,32.69
371,2024-03-29,24.69
372,2024-04-14,43.94
372,2024-04-17,35.75
372,2024-04-18,29.51
372,2024-04-21,42.67
372,2024-05-29,60.7
372,2024-06-23,48.5
372,2024-07-13,24.74
372,2024-07-23,26.08
372,2024-08-02,24.96
372,2024-08-09,79.13
372,2024-08-11,73.1
372,2024-08-28,46.87
372,2024-08-29,18.98
372,2024-09-06,59.24
372,2024-09-08,27.96
372,2024-09-18,47.38
372,2024-10-02,40.51
372,2024-10-20,44.83
372,2024-10-31,22.06
372,2024-11-09,32.61
372,2024-12-01,36.94
372,2024-12-01,30.76
372,2024-12-09,17.22
372,2024-12-16,45.49
372,2025-01-06,54.33
372,2025-01-11,83.74
372,2025-01-14,84.85
372,2025-01-16,15.45
372,2025-02-03,45.19
372,2025-02-07,39.84
372,2025-02-20,58.22
372,2025-02-25,28.78
372,2025-03-11,51.84
372,2025-05-07,46.57
372,2025-05-08,53.8
372,2025-05-15,45.43
372,2025-06-10,58.04
372,2025-06-12,36.23
372,2025-06-25,36.38
372,2025-07-05,62.52
372,2025-07-09,92.77
372,2025-07-16,25.99
372,2025-08-09,34.19
372,2025-08-11,39.25
372,2025-08-12,63.69
372,2025-08-14,45.41
372,2025-09-07,36.19
372,2025-09-09,29.98
372,2025-09-10,65.24
372,2025-09-11,26.43
372,2025-11-06,20.1
372,2025-11-10,43.26
372,2025-11-11,36.86
372,2025-12-25,55.03
373,2024-01-07,6.6
374,2024-04-28,20.35
375,2024-02-02,15.11
375,2024-05-16,15.08
375,2024-07-05,27.21
376,2024-03-30,19.98
377,2024-04-28,74.53
377,2024-04-29,32.17
377,2024-05-04,46.04
377,2024-05-05,76.66
377,2024-05-22,70.42
377,2024-06-13,64.56
377,2024-06-19,86.18
377,2024-07-08,46.97
377,2024-07-09,77.38
377,2024-07-19,62.93
377,2024-07-31,40.0
377,2024-08-05,75.14
378,2024-04-11,73.18
378,2024-06-05,312.44
378,2024-07-31,140.34
378,2024-08-14,224.14
378,2024-08-25,236.88
378,2024-10-08,167.08
378,2024-10-25,283.56
378,2024-11-01,153.47
378,2025-03-12,477.68
378,2025-05-05,213.43
378,2025-06-29,223.15
378,2025-08-04,74.41
378,2025-08-05,514.1
378,2025-09-10,228.0
378,2025-10-13,219.17
378,2025-11-22,236.04
379,2024-04-24,35.26
379,2024-05-27,25.39
379,2024-05-28,28.13
379,2024-06-02,54.78
379,2024-06-07,54.02
379,2024-08-30,32.01
379,2024-09-06,40.5
379,2024-10-04,31.36
379,2024-10-06,34.66
379,2024-10-15,34.66
379,2024-11-05,66.27
379,2024-11-16,62.4
379,2024-12-07,34.52
379,2024-12-08,47.27
379,2024-12-10,40.43
379,2024-12-24,42.33
379,2025-01-09,40.8
379,2025-02-18,19.65
379,2025-02-23,50.87
379,2025-02-24,63.85
379,2025-02-27,43.57
379,2025-04-04,34.02
379,2025-04-04,48.43
379,2025-05-10,68.91
379,2025-05-17,58.07
379,2025-05-30,27.56
379,2025-06-08,20.0
379,2025-06-30,36.57
379,2025-07-03,59.04
379,2025-07-08,24.22
379,2025-07-12,12.11
379,2025-07-14,44.0
379,2025-07-15,33.86
379,2025-09-17,40.02
379,2025-10-11,30.77
379,2025-11-11,31.73
379,2025-11-19,59.41
379,2025-12-05,26.14
380,2024-03-16,23.72
380,2024-12-26,38.38
380,2025-05-05,15.34
380,2025-05-26,35.81
380,2025-12-28,19.85
381,2024-01-16,21.02
381,2024-02-16,11.44
381,2024-03-23,30.55
381,2024-05-15,21.71
381,2024-06-20,15.98
381,2024-06-20,12.15
381,2024-06-25,31.39
381,2024-09-21,13.51
381,2024-12-30,17.89
381,2025-01-03,13.73
381,2025-04-20,26.12
381,2025-05-08,17.49
381,2025-05-24,27.51
381,2025-09-04,15.04
381,2025-10-18,17.48
381,2025-11-09,20.51
382,2024-04-07,22.49
383,2024-01-19,59.94
384,2024-02-20,197.83
384,2024-04-14,274.55
385,2024-05-12,14.59
386,2024-06-12,16.89
386,2024-07-18,39.16
386,2024-08-04,23.75
387,2024-03-07,45.45
387,2024-04-04,17.79
387,2024-04-08,74.96
387,2024-04-27,40.98
387,2024-05-05,41.36
387,2024-05-22,35.42
387,2024-05-24,44.12
387,2024-05-27,68.82
387,2024-06-26,38.87
387,2024-07-30,58.78
387,2024-08-17,75.85
387,2024-08-31,33.24
387,2024-09-13,59.34
387,2024-10-05,24.35
387,2024-10-11,48.97
387,2024-10-14,65.59
387,2024-11-03,37.72
387,2024-11-17,57.51
387,2024-11-23,44.05
387,2025-01-30,34.1
387,2025-03-10,64.75
387,2025-04-03,73.03
387,2025-04-16,70.3
387,2025-05-05,44.01
387,2025-05-21,57.17
387,2025-05-22,40.75
387,2025-06-05,86.32
387,2025-06-12,41.32
387,2025-06-13,36.76
387,2025-07-05,120.84
387,2025-09-24,54.24
387,2025-10-20,105.49
387,2025-11-10,18.38
387,2025-11-17,105.83
387,2025-11-18,63.1
387,2025-11-22,32.51
387,2025-12-02,38.1
387,2025-12-05,74.73
387,2025-12-11,83.25
387,2025-12-17,58.43
388,2024-02-29,36.97
388,2024-03-06,29.18
388,2024-03-28,55.88
389,2024-03-23,17.16
389,2024-03-24,30.05
390,2024-06-07,6.73
390,2024-07-26,7.92
390,2024-08-02,3.52
390,2024-08-03,8.2
390,2024-09-01,15.04
390,2024-10-06,16.78
390,2025-01-15,7.39
391,2024-06-22,15.13
392,2024-05-29,15.21
392,2024-07-27,15.31
392,2024-09-25,7.13
392,2024-10-02,16.83
392,2024-11-11,12.25
392,2024-11-18,19.43
392,2024-12-30,15.77
392,2025-01-19,10.48
392,2025-01-21,18.68
393,2024-04-13,39.49
393,2024-05-11,76.75
393,2024-11-12,14.86
393,2025-01-30,20.27
393,2025-01-30,40.89
393,2025-04-12,25.86
393,2025-05-24,23.37
393,2025-06-09,29.34
393,2025-06-18,38.76
393,2025-10-01,49.67
393,2025-10-18,51.79
394,2024-05-09,43.81
394,2024-07-24,32.64
394,2024-08-06,33.48
394,2024-08-26,36.78
394,2024-12-16,68.92
394,2025-01-30,19.19
394,2025-02-10,46.63
394,2025-07-01,12.55
394,2025-08-27,46.59
394,2025-09-13,14.97
394,2025-09-28,29.17
394,2025-11-02,15.56
394,2025-11-27,15.98
394,2025-12-08,39.95
395,2024-01-05,22.63
395,2025-06-23,17.66
396,2024-04-22,159.42
397,2024-01-07,43.71
398,2024-05-25,16.4
398,2024-08-30,16.56
398,2024-09-10,21.75
398,2024-10-03,13.22
398,2024-10-06,9.55
398,2024-10-15,17.63
398,2024-12-31,14.22
398,2025-01-14,23.33
398,2025-03-17,12.54
398,2025-05-17,14.19
398,2025-07-09,14.2
399,2024-05-27,19.83
399,2024-07-02,29.91
399,2024-07-11,21.09
399,2024-08-19,18.5
399,2024-11-06,15.49
400,2024-05-14,26.5
400,2024-05-26,18.43
400,2024-05-26,32.22
400,2024-06-01,26.22
400,2024-06-10,14.34
400,2024-07-03,18.54
401,2024-02-12,44.6
402,2024-04-07,12.64
402,2024-04-07,16.45
402,2024-04-18,12.62
402,2024-04-28,9.81
402,2024-04-30,18.64
403,2024-04-22,17.92
403,2024-05-26,27.89
404,2024-01-06,25.53
405,2024-04-02,67.93
405,2024-06-29,13.33
405,2024-08-01,61.04
405,2024-08-06,76.8
405,2024-08-14,34.05
405,2024-08-20,14.83
405,2024-09-09,22.36
405,2025-02-15,37.14
405,2025-04-17,38.38
405,2025-04-27,19.74
405,2025-05-14,40.97
405,2025-08-04,47.02
405,2025-08-10,49.24
405,2025-08-21,44.14
405,2025-09-16,20.52
405,2025-10-07,32.11
405,2025-11-05,105.08
405,2025-12-01,68.87
406,2024-03-23,19.86
407,2024-02-18,48.25
407,2024-03-03,17.92
407,2024-10-01,27.24
407,2024-10-08,19.87
407,2024-11-27,54.97
407,2025-09-19,22.94
408,2024-03-01,40.82
409,2024-04-15,43.07
409,2024-04-28,19.73
409,2024-05-31,38.27
409,2024-06-17,33.36
409,2024-08-22,52.59
409,2024-09-09,40.14
409,2024-09-18,29.42
409,2024-10-06,22.73
409,2024-10-16,11.22
409,2024-10-25,36.62
409,2024-11-01,28.57
409,2024-11-24,9.88
409,2024-12-30,11.79
409,2025-01-25,46.13
409,2025-02-04,30.2
409,2025-02-14,49.81
409,2025-03-24,28.9
409,2025-04-06,62.09
409,2025-04-07,29.17
409,2025-05-28,34.93
409,2025-06-09,19.6
409,2025-07-09,17.17
409,2025-07-09,21.36
409,2025-07-26,27.95
409,2025-08-04,11.61
409,2025-09-08,36.76
409,2025-10-11,18.39
409,2025-10-16,35.81
409,2025-10-16,31.32
409,2025-10-24,14.55
410,2024-06-26,17.33
410,2024-06-30,10.29
411,2024-02-24,31.77
411,2024-03-10,15.48
411,2024-03-18,14.89
411,2024-04-20,29.74
411,2024-06-11,24.51
411,2024-07-12,24.17
411,2024-08-02,28.15
411,2024-08-26,22.28
411,2024-09-11,28.45
411,2024-09-17,31.6
411,2024-09-22,14.27
411,2024-11-02,21.64
411,2024-11-04,17.2
411,2024-11-09,15.96
411,2024-11-25,13.65
412,2024-03-05,16.54
412,2024-05-14,12.9
412,2024-06-06,15.59
412,2024-09-07,25.7
413,2024-01-10,45.18
413,2024-01-23,57.52
413,2024-02-05,39.24
413,2024-03-07,35.82
413,2024-04-01,62.94
413,2024-05-02,41.95
413,2024-05-13,32.76
413,2024-05-14,46.8
413,2024-05-25,33.61
413,2024-06-13,69.6
413,2024-08-03,24.58
413,2024-08-07,42.99
413,2024-10-29,24.52
413,2024-11-15,63.07
413,2024-11-29,30.83
413,2025-01-15,62.73
413,2025-02-01,55.8
413,2025-04-05,31.17
413,2025-05-08,45.06
413,2025-05-09,27.57
413,2025-05-11,43.21
413,2025-05-18,46.8
413,2025-05-26,54.82
413,2025-06-03,87.61
413,2025-08-29,48.86
413,2025-10-12,26.12
413,2025-10-17,32.55
413,2025-12-13,41.27
413,2025-12-14,97.65
413,2025-12-20,77.91
414,2024-05-01,36.49
414,2024-05-13,60.2
414,2024-06-02,59.31
414,2024-07-27,25.64
414,2025-02-19,18.2
414,2025-03-09,20.13
414,2025-03-29,72.45
414,2025-06-16,36.39
414,2025-08-10,35.28
414,2025-08-11,35.9
414,2025-10-11,43.95
414,2025-10-20,27.6
414,2025-12-18,25.88
415,2024-03-30,7.96
416,2024-02-18,13.19
416,2024-03-08,13.28
417,2024-06-14,46.57
417,2024-06-18,35.19
417,2024-06-27,38.9
417,2024-07-10,48.78
417,2024-07-28,38.23
417,2024-08-17,58.22
417,2024-08-24,43.71
417,2024-09-08,25.44
417,2024-10-15,28.24
417,2024-11-08,67.19
417,2024-11-19,145.5
417,2024-12-29,45.06
417,2025-01-26,90.36
417,2025-02-18,44.94
417,2025-03-02,34.46
417,2025-03-26,48.88
417,2025-04-08,43.67
417,2025-04-15,52.84
417,2025-04-17,77.33
417,2025-06-04,46.34
417,2025-06-20,42.2
417,2025-06-24,41.75
417,2025-07-20,41.54
417,2025-07-21,46.55
417,2025-08-02,40.53
417,2025-08-18,36.8
417,2025-09-05,63.06
417,2025-09-13,90.67
417,2025-09-22,73.1
417,2025-09-27,27.26
417,2025-10-07,41.09
417,2025-10-23,24.48
417,2025-10-27,71.07
417,2025-12-05,73.64
417,2025-12-27,38.22
418,2024-06-25,8.36
418,2024-07-11,6.19
418,2024-07-26,16.94
419,2024-06-05,22.04
419,2024-06-20,22.92
419,2024-06-20,27.69
419,2024-07-05,11.94
419,2024-07-27,28.33
419,2024-09-15,34.77
419,2025-01-05,25.97
420,2024-06-26,31.94
420,2024-06-29,45.38
421,2024-02-18,22.02
422,2024-04-13,22.47
422,2024-06-19,17.08
423,2024-06-04,16.18
423,2024-07-04,13.68
423,2024-11-10,13.73
424,2024-06-29,16.05
425,2024-03-02,15.74
425,2024-03-17,21.45
425,2024-04-05,6.49
426,2024-03-11,7.34
426,2024-03-29,8.28
426,2025-03-11,21.22
426,2025-06-20,11.27
426,2025-09-17,21.11
426,2025-11-19,11.47
427,2024-05-16,25.45
427,2024-05-23,18.62
427,2024-05-26,25.79
427,2024-06-15,31.61
427,2024-07-07,49.98
427,2024-07-13,44.0
427,2024-07-16,17.46
427,2024-08-07,51.77
427,2024-08-07,37.9
427,2024-08-08,19.5
427,2024-09-21,68.75
427,2024-09-30,21.1
427,2024-12-18,41.07
427,2025-01-05,41.16
427,2025-03-07,25.71
427,2025-03-12,27.14
427,2025-03-17,35.36
427,2025-03-26,32.49
427,2025-04-13,41.75
427,2025-04-22,17.39
427,2025-04-30,35.74
427,2025-05-02,26.21
427,2025-05-23,36.6
427,2025-07-04,40.96
427,2025-07-15,35.04
427,2025-07-20,40.21
427,2025-07-20,22.25
427,2025-07-25,47.0
427,2025-08-20,44.97
427,2025-08-22,24.2
427,2025-08-31,42.16
427,2025-09-03,44.87
427,2025-09-08,28.62
428,2024-01-05,19.06
428,2024-06-28,46.91
428,2024-08-13,7.31
428,2024-08-23,59.78
428,2025-05-19,30.63
428,2025-08-16,15.08
428,2025-10-30,19.5
428,2025-11-12,26.66
429,2024-02-27,6.75
429,2024-09-17,10.16
429,2024-10-17,14.58
429,2024-11-10,19.69
429,2024-12-30,19.33
429,2025-02-07,13.45
429,2025-02-11,7.67
429,2025-04-04,16.94
429,2025-05-01,8.63
429,2025-05-05,7.03
429,2025-06-10,12.43
429,2025-09-19,18.23
430,2024-06-17,27.06
430,2024-06-26,19.57
430,2024-07-09,19.44
430,2024-07-16,29.99
430,2024-08-04,28.35
431,2024-01-28,112.47
432,2024-02-17,21.71
432,2024-02-17,15.8
432,2024-06-18,38.97
432,2024-06-28,43.91
432,2024-07-15,20.4
432,2024-07-18,22.91
432,2024-11-01,21.56
432,2025-02-23,13.07
432,2025-03-24,39.68
432,2025-03-27,26.36
432,2025-05-19,14.93
432,2025-08-27,31.72
432,2025-09-10,20.29
432,2025-11-20,26.97
432,2025-12-21,23.62
433,2024-06-28,7.41
433,2024-07-04,18.15
433,2024-09-18,21.74
433,2024-10-28,25.81
433,2025-02-26,8.85
433,2025-04-17,21.62
433,2025-06-11,15.09
433,2025-06-23,9.27
433,2025-07-03,17.22
433,2025-11-15,29.31
434,2024-04-10,29.95
434,2025-03-31,27.94
434,2025-05-08,29.13
434,2025-07-10,22.46
434,2025-11-03,34.29
434,2025-12-22,20.75
435,2024-04-17,23.14
436,2024-06-17,33.4
436,2024-08-07,28.43
436,2024-08-19,64.65
436,2024-09-15,15.97
436,2024-09-30,9.52
436,2024-10-08,54.89
436,2024-10-30,23.12
436,2025-01-16,79.39
436,2025-01-24,60.06
436,2025-02-08,77.58
436,2025-02-12,48.19
436,2025-02-15,48.67
436,2025-02-22,19.57
436,2025-03-20,41.26
436,2025-04-05,23.73
436,2025-05-03,16.7
436,2025-05-18,29.31
436,2025-05-31,37.74
436,2025-07-01,32.39
436,2025-07-16,61.29
436,2025-07-24,45.95
436,2025-07-31,29.47
436,2025-08-12,12.78
436,2025-08-17,34.55
436,2025-08-27,25.76
436,2025-08-31,29.09
436,2025-09-03,38.46
436,2025-10-22,40.26
436,2025-11-01,15.98
436,2025-11-20,25.27
436,2025-12-02,55.83
436,2025-12-07,32.11
437,2024-04-20,20.85
437,2024-07-26,30.18
437,2024-08-26,103.88
437,2024-10-14,35.09
437,2024-11-03,25.87
437,2024-12-04,69.88
437,2025-01-13,32.47
437,2025-09-17,55.85
437,2025-11-27,31.14
438,2024-02-13,20.6
438,2024-03-23,14.51
438,2024-04-11,17.06
438,2024-04-26,29.26
438,2024-06-12,19.74
438,2024-09-02,24.54
438,2024-09-11,39.06
438,2024-09-29,28.69
438,2024-11-23,19.31
438,2024-12-22,35.21
438,2024-12-29,11.17
438,2025-05-05,20.69
438,2025-08-04,20.51
438,2025-08-19,10.53
439,2024-05-10,62.02
440,2024-04-07,11.46
441,2024-04-23,42.78
441,2024-06-07,24.15
441,2024-06-28,24.34
441,2024-06-30,16.43
441,2024-11-13,20.61
441,2024-12-22,16.4
442,2024-04-09,36.36
443,2024-02-27,11.47
443,2024-02-28,11.23
443,2024-03-18,10.79
443,2024-03-21,26.79
443,2024-03-24,10.33
443,2024-03-24,25.53
443,2024-03-25,14.18
443,2024-03-28,17.4
443,2024-03-29,11.85
443,2024-03-30,18.19
443,2024-04-02,31.33
443,2024-04-14,9.79
443,2024-04-28,12.93
443,2024-05-04,26.13
443,2024-05-26,5.62
443,2024-05-29,17.85
443,2024-05-30,21.17
443,2024-06-01,13.81
443,2024-06-10,17.48
443,2024-06-11,15.06
443,2024-07-06,20.78
443,2024-07-07,16.58
443,2024-07-08,17.99
443,2024-07-12,10.62
443,2024-08-04,14.05
443,2024-08-14,26.97
443,2024-08-20,32.18
443,2024-09-05,19.54
443,2024-09-07,33.57
443,2024-09-11,10.21
443,2024-09-14,20.66
443,2024-09-17,13.8
443,2024-09-25,5.93
443,2024-10-04,14.15
443,2024-11-21,12.92
443,2024-11-22,17.66
443,2024-11-27,11.93
443,2024-11-30,22.44
443,2024-12-05,10.08
443,2024-12-23,22.07
443,2024-12-25,21.88
443,2025-01-18,16.04
443,2025-01-19,9.34
443,2025-01-24,11.37
443,2025-01-24,9.56
443,2025-01-24,20.7
443,2025-02-02,13.8
443,2025-02-09,13.68
443,2025-02-18,21.83
443,2025-02-26,28.31
443,2025-03-06,8.37
443,2025-03-07,9.02
443,2025-03-21,17.52
443,2025-03-23,31.4
443,2025-03-26,11.52
443,2025-04-04,10.95
443,2025-04-07,11.12
443,2025-04-11,20.09
443,2025-04-17,18.73
443,2025-04-22,13.1
443,2025-04-23,13.2
443,2025-04-29,12.62
443,2025-04-29,8.63
443,2025-05-01,19.67
443,2025-05-18,11.05
443,2025-05-22,11.85
444,2024-04-09,13.74
444,2024-04-23,11.12
445,2024-06-29,17.36
445,2024-07-05,11.75
445,2024-07-16,8.65
445,2024-07-20,12.72
445,2024-08-06,14.23
445,2024-08-30,10.04
445,2024-09-06,30.02
445,2024-09-10,14.23
445,2024-09-23,6.77
445,2024-10-03,26.72
445,2024-10-15,22.15
445,2024-11-18,12.29
445,2024-12-04,18.39
445,2025-02-16,20.83
445,2025-03-22,25.34
445,2025-04-12,10.08
445,2025-04-15,27.04
445,2025-04-19,11.75
445,2025-04-29,20.82
445,2025-05-31,13.89
445,2025-06-17,11.84
445,2025-08-14,17.0
445,2025-09-19,17.12
445,2025-10-02,9.61
445,2025-10-06,28.04
445,2025-10-25,20.64
445,2025-11-11,7.9
445,2025-11-16,25.7
445,2025-12-03,12.62
445,2025-12-18,23.52
446,2024-04-23,77.44
446,2024-08-11,44.68
446,2024-11-01,71.63
446,2025-04-07,54.0
446,2025-10-16,50.73
447,2024-05-09,108.1
448,2024-03-18,26.04
449,2024-01-18,8.98
450,2024-03-23,34.04
450,2024-04-16,12.95
450,2024-04-24,30.13
450,2024-08-31,28.41
450,2024-12-19,43.49
450,2025-05-11,38.82
450,2025-07-10,37.61
451,2024-01-25,44.26
451,2024-01-28,53.34
451,2024-02-02,35.31
451,2024-02-04,23.37
451,2024-02-11,35.67
451,2024-02-27,32.0
451,2024-02-29,53.97
451,2024-03-01,25.39
451,2024-03-13,37.58
451,2024-05-01,18.21
451,2024-05-02,40.78
451,2024-05-16,35.01
451,2024-05-17,35.36
451,2024-05-19,34.33
451,2024-06-19,67.4
451,2024-06-20,50.6
451,2024-06-21,30.04
451,2024-06-27,25.89
451,2024-07-14,43.05
451,2024-07-28,34.73
451,2024-08-18,7.67
451,2024-09-15,54.56
451,2024-09-23,62.0
451,2024-10-17,29.24
451,2024-10-26,40.88
451,2024-10-28,46.78
451,2024-12-10,44.56
451,2024-12-12,26.76
451,2024-12-13,49.43
451,2024-12-29,37.25
451,2025-01-09,30.48
451,2025-01-15,23.63
451,2025-01-18,32.59
451,2025-01-30,35.39
451,2025-03-04,37.79
451,2025-03-10,40.39
451,2025-03-22,42.77
451,2025-03-28,15.92
451,2025-04-20,50.18
451,2025-05-20,31.5
451,2025-05-27,41.3
451,2025-06-05,13.27
451,2025-06-19,45.67
451,2025-07-03,35.25
451,2025-07-09,10.6
451,2025-07-20,32.42
451,2025-08-16,30.83
451,2025-08-18,31.15
451,2025-08-21,28.41
451,2025-10-03,47.38
451,2025-10-16,27.16
451,2025-10-17,39.41
451,2025-11-10,33.09
451,2025-11-28,72.1
451,2025-12-07,19.46
451,2025-12-15,13.84
452,2024-05-03,19.46
453,2024-06-20,9.07
454,2024-06-20,36.97
455,2024-04-19,21.84
455,2024-06-24,16.84
455,2025-04-07,17.66
455,2025-09-30,12.71
455,2025-10-05,12.45
455,2025-11-10,15.44
455,2025-11-13,20.54
456,2024-06-16,63.02
457,2024-03-05,44.41
457,2024-03-07,12.53
457,2024-03-29,27.29
457,2024-04-21,17.6
457,2024-04-21,13.42
457,2024-05-04,34.3
457,2024-05-25,36.97
457,2024-05-28,20.9
457,2024-05-28,50.52
457,2024-06-04,34.21
457,2024-06-13,19.1
457,2024-06-16,30.01
457,2024-06-21,40.54
457,2024-06-24,32.38
457,2024-06-24,34.09
457,2024-07-05,37.14
457,2024-07-21,29.88
457,2024-07-28,19.05
457,2024-09-04,15.55
457,2024-09-12,14.7
457,2024-09-15,26.18
457,2024-10-03,38.78
457,2024-10-05,16.97
457,2024-10-08,41.15
457,2024-10-10,40.09
457,2024-10-12,10.36
457,2024-10-21,37.56
457,2024-10-28,21.37
457,2024-11-02,28.45
457,2024-11-08,11.77
457,2024-11-24,39.98
457,2024-12-09,82.92
457,2024-12-10,25.08
457,2024-12-20,50.53
457,2024-12-23,20.85
457,2024-12-24,22.59
457,2025-01-06,27.12
457,2025-01-11,36.53
457,2025-01-23,7.82
457,2025-02-04,28.97
457,2025-02-25,18.62
457,2025-03-21,37.54
457,2025-03-22,31.36
457,2025-03-25,34.34
457,2025-04-03,55.18
457,2025-04-04,50.87
457,2025-04-14,36.48
457,2025-05-12,17.95
457,2025-05-16,32.41
457,2025-05-16,16.98
457,2025-05-25,23.41
457,2025-05-28,45.28
457,2025-06-13,21.2
457,2025-06-15,34.48
457,2025-06-16,47.55
457,2025-06-20,39.29
457,2025-07-06,15.96
457,2025-07-11,19.53
457,2025-07-31,9.27
457,2025-08-11,27.85
457,2025-08-15,41.43
457,2025-08-15,29.32
457,2025-08-30,44.36
457,2025-09-01,20.16
457,2025-09-03,45.32
458,2024-03-04,32.1
458,2024-07-21,31.64
459,2024-05-03,11.44
460,2024-02-25,66.7
460,2024-02-29,60.45
460,2024-03-03,47.3
460,2024-03-06,61.58
460,2024-03-17,56.12
460,2024-03-21,47.93
460,2024-03-21,36.8
460,2024-03-22,40.97
460,2024-03-28,28.65
460,2024-03-30,89.65
460,2024-04-13,39.29
460,2024-04-17,58.87
460,2024-04-24,33.93
460,2024-04-27,37.65
460,2024-04-28,40.2
460,2024-05-01,73.96
460,2024-05-01,59.9
460,2024-05-03,65.57
460,2024-05-05,42.93
460,2024-05-13,67.98
460,2024-05-15,44.1
460,2024-05-17,68.23
460,2024-05-22,39.82
460,2024-05-25,57.75
460,2024-05-30,26.01
460,2024-05-31,55.1
460,2024-05-31,53.0
460,2024-06-01,68.77
460,2024-06-05,121.57
460,2024-06-10,58.58
460,2024-06-12,85.62
460,2024-06-14,63.42
460,2024-06-17,57.98
460,2024-06-17,68.06
460,2024-06-24,68.19
460,2024-07-04,37.7
460,2024-07-20,29.7
460,2024-07-25,64.49
460,2024-07-25,73.3
460,2024-07-26,69.41
460,2024-07-27,58.73
460,2024-08-01,13.1
460,2024-08-09,56.9
460,2024-08-09,88.44
460,2024-08-14,33.14
460,2024-08-17,40.36
460,2024-08-20,62.21
460,2024-08-23,120.45
460,2024-09-02,96.39
460,2024-09-05,65.56
460,2024-09-08,65.77
460,2024-09-11,130.13
460,2024-09-14,63.14
460,2024-09-14,96.14
460,2024-09-16,89.74
460,2024-09-30,63.05
460,2024-10-01,51.18
460,2024-10-07,60.69
460,2024-10-08,44.84
460,2024-10-09,50.91
460,2024-10-11,47.88
460,2024-10-20,59.34
460,2024-10-20,54.15
460,2024-10-23,58.62
460,2024-10-25,42.09
460,2024-11-02,37.54
460,2024-11-07,74.61
460,2024-11-12,60.13
460,2024-11-14,18.78
460,2024-11-14,99.75
460,2024-11-17,60.67
460,2024-11-20,63.41
460,2024-11-25,43.91
460,2024-11-25,53.28
460,2024-11-29,71.9
460,2024-12-01,36.91
460,2024-12-11,66.03
460,2024-12-11,83.3
460,2024-12-21,71.92
460,2024-12-31,62.82
460,2025-01-01,56.71
460,2025-01-02,72.18
460,2025-01-06,93.52
460,2025-01-09,59.09
460,2025-01-22,65.89
460,2025-02-02,44.02
460,2025-02-05,83.03
460,2025-02-08,47.38
460,2025-02-11,87.27
460,2025-02-15,38.47
460,2025-02-15,79.9
460,2025-02-17,80.37
460,2025-02-22,84.47
460,2025-02-25,35.32
460,2025-02-26,42.52
460,2025-02-27,105.38
460,2025-02-27,43.72
460,2025-03-08,88.69
460,2025-03-10,38.75
460,2025-03-23,52.05
460,2025-03-23,62.36
460,2025-03-26,115.35
460,2025-03-29,67.91
460,2025-04-10,76.77
460,2025-04-12,42.51
460,2025-04-13,53.85
460,2025-04-16,50.58
460,2025-04-17,33.02
460,2025-04-20,61.1
460,2025-04-25,49.86
460,2025-04-27,67.43
460,2025-05-05,30.17
460,2025-05-07,19.12
460,2025-05-08,73.69
460,2025-05-09,150.37
460,2025-05-14,70.26
460,2025-05-19,85.28
460,2025-05-28,88.87
460,2025-06-01,34.76
460,2025-06-05,70.0
460,2025-06-10,68.73
460,2025-06-13,70.16
460,2025-06-19,62.12
460,2025-07-22,44.53
460,2025-07-29,91.44
460,2025-08-03,69.93
460,2025-08-05,35.24
460,2025-08-09,52.91
460,2025-08-16,40.13
460,2025-08-23,80.6
460,2025-08-25,35.76
460,2025-08-28,80.69
460,2025-08-29,39.23
460,2025-09-08,63.5
460,2025-09-09,61.09
460,2025-09-10,58.57
460,2025-09-22,84.83
460,2025-09-23,51.79
460,2025-09-25,46.08
460,2025-10-03,67.09
460,2025-10-09,82.65
460,2025-10-09,41.37
460,2025-10-10,50.36
460,2025-10-11,42.33
460,2025-10-19,91.81
460,2025-10-26,59.64
460,2025-10-30,46.4
460,2025-11-07,80.73
460,2025-11-08,43.2
460,2025-11-09,26.58
460,2025-11-09,72.63
460,2025-11-10,71.02
460,2025-11-14,107.79
460,2025-11-20,41.59
460,2025-11-27,83.83
460,2025-12-01,60.92
460,2025-12-09,78.51
460,2025-12-14,48.79
460,2025-12-14,61.68
460,2025-12-16,57.46
460,2025-12-18,83.81
460,2025-12-19,69.21
460,2025-12-20,75.49
461,2024-05-06,10.2
461,2024-07-26,24.43
461,2024-08-20,25.39
461,2024-10-26,35.9
461,2024-10-31,24.71
462,2024-04-02,43.71
463,2024-04-25,87.64
463,2024-04-26,23.92
463,2024-05-07,26.37
463,2024-05-18,43.59
463,2024-06-06,28.86
463,2024-06-06,32.34
463,2024-06-13,39.85
463,2024-07-09,41.51
463,2024-07-17,85.42
463,2024-07-21,36.73
463,2024-08-07,48.35
463,2024-08-12,65.31
463,2024-08-29,46.49
463,2024-09-03,62.88
463,2024-09-06,38.24
463,2024-09-21,49.33
463,2024-09-25,43.72
463,2024-10-12,47.42
463,2024-10-21,31.74
463,2024-11-06,12.0
463,2024-11-18,71.49
463,2024-11-26,46.15
463,2024-12-25,55.29
463,2024-12-31,43.84
463,2025-01-17,42.95
463,2025-01-24,36.53
463,2025-01-31,49.64
463,2025-02-02,69.04
463,2025-02-07,56.27
463,2025-02-12,68.83
463,2025-03-01,45.84
463,2025-03-12,47.3
463,2025-03-14,45.55
463,2025-03-19,33.78
463,2025-04-06,30.67
463,2025-04-23,56.09
463,2025-05-03,37.19
463,2025-05-08,38.55
463,2025-05-13,45.4
463,2025-05-30,37.86
463,2025-06-05,27.46
463,2025-06-05,47.58
463,2025-06-07,21.82
463,2025-06-23,38.24
463,2025-07-26,16.6
463,2025-07-31,30.19
463,2025-08-08,35.13
463,2025-08-15,39.75
463,2025-08-23,77.57
463,2025-08-27,45.32
463,2025-09-05,29.84
463,2025-09-14,24.13
463,2025-09-19,12.88
463,2025-09-30,36.95
463,2025-10-02,24.23
463,2025-10-24,54.68
463,2025-10-27,41.9
463,2025-11-13,43.07
463,2025-11-30,39.17
463,2025-12-10,56.44
463,2025-12-17,69.21
464,2024-05-27,25.63
464,2024-10-19,42.52
464,2024-12-11,10.81
464,2025-01-24,14.74
464,2025-02-19,33.95
464,2025-02-25,13.19
464,2025-07-24,12.53
464,2025-11-06,26.09
465,2024-01-17,66.79
465,2024-02-06,13.46
465,2024-03-11,35.6
465,2024-03-12,23.61
465,2024-05-07,20.3
465,2024-07-03,22.99
465,2024-07-19,36.31
465,2024-10-14,39.15
465,2024-11-03,60.19
465,2024-11-12,21.54
465,2024-12-03,23.57
465,2024-12-20,44.66
465,2025-02-23,70.11
465,2025-04-07,9.42
465,2025-04-07,24.54
465,2025-04-29,25.75
465,2025-09-15,16.44
465,2025-09-30,34.13
466,2024-05-16,11.75
466,2024-07-03,13.81
466,2024-07-14,13.14
466,2024-07-22,9.54
466,2024-07-31,13.15
466,2025-01-25,19.26
466,2025-03-04,14.88
466,2025-05-04,12.6
466,2025-06-18,12.43
466,2025-08-21,7.65
466,2025-09-06,23.49
466,2025-11-21,16.45
466,2025-11-30,13.34
467,2024-05-30,66.83
467,2024-06-11,58.03
468,2024-01-25,14.27
468,2024-05-01,23.43
469,2024-06-01,8.32
469,2024-06-08,10.8
470,2024-06-21,19.07
470,2024-08-23,9.06
470,2025-06-30,19.54
471,2024-04-08,17.66
472,2024-03-19,29.89
473,2024-06-13,25.31
473,2024-06-26,22.52
474,2024-02-19,24.16
475,2024-06-21,14.41
476,2024-04-20,18.79
476,2024-09-25,18.41
476,2024-10-01,28.08
476,2025-02-26,24.09
476,2025-09-17,10.36
477,2024-06-08,7.28
477,2024-06-22,16.97
478,2024-03-10,11.5
478,2024-03-14,35.83
478,2024-03-22,29.25
478,2024-03-23,11.71
478,2024-03-26,31.09
478,2024-03-31,15.5
478,2024-04-01,11.26
478,2024-04-05,8.32
478,2024-04-14,27.43
478,2024-04-21,31.91
478,2024-04-25,31.23
478,2024-05-03,25.9
478,2024-05-05,29.27
478,2024-05-14,18.31
478,2024-06-01,15.65
478,2024-06-03,26.54
478,2024-06-05,3.79
478,2024-06-09,4.67
478,2024-06-11,22.66
478,2024-06-13,21.21
478,2024-06-15,14.3
478,2024-06-26,12.41
478,2024-06-28,27.96
479,2024-02-23,62.94
480,2024-05-15,20.95
480,2024-05-21,26.51
480,2024-06-03,18.33
480,2024-08-06,12.01
480,2024-08-11,12.45
480,2024-08-25,19.59
480,2024-09-12,29.48
480,2024-09-28,13.99
480,2024-10-07,28.93
480,2024-10-31,22.99
480,2024-11-09,19.44
480,2024-12-01,6.06
480,2024-12-28,16.42
481,2024-04-23,25.28
482,2024-05-18,49.51
482,2024-11-22,34.97
482,2025-05-13,32.85
482,2025-10-15,25.05
483,2024-03-20,47.74
483,2024-05-10,7.07
483,2024-07-05,13.28
484,2024-06-05,31.36
484,2024-07-22,24.8
484,2024-09-02,29.53
484,2024-11-02,31.57
484,2024-11-02,39.61
484,2024-12-03,39.75
484,2025-03-02,20.72
484,2025-03-14,22.58
484,2025-06-03,17.89
484,2025-06-28,19.49
484,2025-07-04,58.39
484,2025-08-18,17.61
484,2025-09-09,22.71
484,2025-11-14,38.82
485,2024-05-17,32.35
486,2024-05-25,44.25
486,2024-06-01,66.26
486,2024-07-04,25.43
486,2024-07-31,78.42
486,2024-08-25,79.42
486,2024-09-10,38.09
486,2024-10-27,55.94
486,2024-11-21,83.54
486,2025-01-01,51.97
486,2025-01-29,25.49
486,2025-03-21,86.6
486,2025-06-12,43.61
486,2025-07-01,50.94
486,2025-07-16,79.76
486,2025-10-15,76.32
486,2025-10-16,34.87
486,2025-10-16,30.2
486,2025-12-03,130.33
487,2024-03-22,34.6
487,2024-05-04,49.07
487,2024-05-07,39.55
487,2024-06-20,34.76
487,2024-07-30,45.53
487,2024-08-02,36.12
487,2024-08-05,46.7
487,2024-09-01,14.61
487,2024-09-02,36.74
487,2024-09-09,26.78
487,2024-09-16,24.7
487,2024-10-24,33.57
487,2024-12-12,52.07
487,2024-12-21,34.25
487,2025-02-15,39.09
487,2025-02-26,21.94
487,2025-03-05,43.3
487,2025-04-11,41.78
487,2025-07-14,66.9
487,2025-07-17,45.79
487,2025-07-29,34.76
487,2025-08-31,31.29
487,2025-09-05,23.93
487,2025-09-19,36.81
487,2025-09-29,42.47
487,2025-10-07,23.52
487,2025-10-18,40.07
487,2025-10-24,75.81
487,2025-11-10,41.25
487,2025-11-12,20.93
487,2025-11-16,30.32
487,2025-11-20,56.61
487,2025-11-22,39.49
488,2024-06-30,7.73
488,2024-09-27,15.27
488,2024-12-23,20.97
489,2024-01-01,36.28
489,2024-03-20,16.82
489,2024-05-24,15.92
489,2024-06-03,69.69
489,2025-02-08,77.32
489,2025-03-19,17.6
489,2025-06-25,26.69
489,2025-08-22,46.89
489,2025-09-22,31.98
489,2025-09-28,33.37
489,2025-10-11,45.74
490,2024-02-12,26.14
490,2024-02-25,25.62
490,2024-03-04,25.28
490,2024-03-06,45.03
490,2024-03-13,23.47
490,2024-05-09,26.82
490,2024-05-13,13.7
490,2024-05-16,8.74
490,2024-05-20,25.24
490,2024-07-04,10.17
490,2024-08-18,25.75
490,2024-08-22,33.18
490,2024-09-06,14.92
490,2024-10-26,15.69
490,2025-01-18,12.53
490,2025-01-19,20.95
490,2025-01-21,27.93
490,2025-02-24,14.54
490,2025-04-06,12.73
490,2025-04-09,22.44
490,2025-06-19,18.43
490,2025-08-25,19.11
490,2025-09-18,19.28
490,2025-10-06,23.88
490,2025-10-14,19.32
490,2025-11-10,31.18
490,2025-12-20,14.85
491,2024-03-20,22.64
491,2024-03-31,68.86
491,2024-06-24,36.59
491,2024-06-25,37.26
491,2024-07-23,25.93
491,2024-10-26,50.52
492,2024-04-11,13.42
493,2024-01-30,12.56
493,2024-02-29,10.78
494,2024-03-19,41.49
494,2024-04-12,56.09
494,2024-04-14,31.03
495,2024-06-19,29.67
495,2024-06-30,16.99
495,2024-07-20,15.69
495,2024-08-24,16.26
495,2024-09-12,18.03
495,2024-10-03,22.88
495,2024-10-30,31.41
495,2024-11-07,23.87
495,2024-11-08,11.56
495,2024-11-30,30.98
495,2024-12-10,30.89
495,2024-12-15,13.94
495,2025-02-14,29.82
495,2025-02-16,16.12
495,2025-02-17,45.33
495,2025-03-28,14.07
495,2025-04-22,18.01
495,2025-04-30,30.69
495,2025-05-16,12.82
495,2025-06-03,15.54
495,2025-06-12,35.32
495,2025-06-17,17.78
495,2025-06-23,13.97
495,2025-06-24,20.59
495,2025-07-01,6.02
495,2025-07-16,15.76
495,2025-08-20,12.76
495,2025-09-18,15.09
495,2025-09-20,22.6
495,2025-09-24,22.97
495,2025-11-01,26.5
495,2025-11-04,15.98
495,2025-11-06,13.04
495,2025-12-15,29.19
495,2025-12-23,7.18
495,2025-12-26,14.05
496,2024-05-27,14.85
497,2024-01-08,9.54
498,2024-05-06,32.03
498,2024-05-09,35.35
498,2024-06-17,58.98
498,2024-06-18,31.19
498,2024-06-23,58.59
498,2024-06-24,22.93
498,2024-06-27,39.36
498,2024-06-27,42.0
498,2024-07-02,23.4
498,2024-07-30,40.05
498,2024-08-20,21.35
498,2024-09-12,42.1
498,2024-10-12,20.24
498,2024-10-20,38.16
498,2024-10-23,21.31
498,2024-10-25,42.56
498,2024-10-27,17.19
498,2024-11-06,26.94
498,2024-12-15,21.39
498,2024-12-15,54.8
498,2025-01-08,11.82
498,2025-02-13,22.05
498,2025-02-28,26.09
498,2025-03-22,28.83
498,2025-04-11,12.1
498,2025-06-01,50.93
498,2025-06-09,38.49
498,2025-06-12,77.83
498,2025-06-23,30.78
498,2025-06-27,48.96
498,2025-07-13,41.2
498,2025-07-27,38.7
498,2025-07-29,19.34
498,2025-07-30,36.04
498,2025-08-03,35.92
498,2025-08-13,23.74
498,2025-08-22,42.79
498,2025-08-25,44.07
498,2025-08-28,45.83
498,2025-09-03,29.45
498,2025-09-04,36.45
498,2025-09-16,22.4
498,2025-09-17,47.02
498,2025-09-21,33.89
498,2025-09-28,27.93
498,2025-10-08,39.21
498,2025-10-31,28.88
498,2025-11-02,30.08
498,2025-11-03,11.29
498,2025-11-08,26.58
498,2025-11-17,26.17
498,2025-12-08,18.89
498,2025-12-26,37.15
499,2024-02-02,11.33
499,2024-02-08,15.03
500,2024-03-29,13.22
500,2024-09-15,14.84
500,2024-12-19,7.81
500,2025-04-02,17.95
500,2025-04-29,26.14
500,2025-05-25,15.62
500,2025-07-04,21.59
500,2025-07-06,12.91
501,2024-02-19,15.47
502,2024-05-10,13.1
503,2024-03-25,8.48
503,2024-03-26,9.6
503,2024-04-09,6.31
503,2024-04-19,20.1
503,2024-05-10,17.27
503,2024-06-10,10.67
503,2024-07-14,6.88
503,2024-07-28,3.73
503,2024-08-01,11.53
503,2024-08-05,7.12
503,2024-09-26,14.82
503,2024-10-25,9.01
503,2024-11-05,11.77
503,2024-11-10,7.7
503,2024-11-13,7.14
503,2024-12-27,12.6
503,2024-12-29,12.6
503,2025-01-17,10.47
503,2025-02-06,21.36
503,2025-02-07,18.62
503,2025-02-16,9.97
503,2025-03-06,18.93
503,2025-03-17,5.88
503,2025-03-20,4.51
503,2025-03-20,9.07
503,2025-06-10,9.24
503,2025-06-23,17.26
503,2025-06-25,5.32
503,2025-06-25,8.84
503,2025-08-19,4.76
503,2025-08-24,8.51
503,2025-09-02,5.95
503,2025-09-05,5.71
503,2025-09-25,12.24
503,2025-10-03,15.85
503,2025-11-20,5.72
503,2025-11-23,9.53
503,2025-12-16,8.73
503,2025-12-17,10.7
503,2025-12-28,9.11
504,2024-03-26,14.22
504,2024-04-21,27.03
504,2024-04-28,19.22
504,2024-07-05,34.58
504,2024-07-22,29.14
504,2024-09-07,23.5
505,2024-04-14,19.25
505,2024-04-18,6.93
505,2024-05-10,27.06
505,2024-06-07,11.02
505,2024-06-28,16.81
505,2024-06-30,19.16
505,2024-07-02,18.55
505,2024-07-10,11.25
505,2024-08-03,20.02
505,2024-08-07,8.67
505,2024-08-18,13.09
505,2024-08-22,37.03
505,2024-08-28,31.15
505,2024-09-10,15.7
505,2024-09-23,13.94
505,2024-10-11,13.52
505,2024-10-12,14.71
505,2024-10-14,18.29
505,2024-10-21,14.04
505,2024-10-25,20.8
505,2024-11-11,18.01
505,2024-11-14,15.26
505,2024-11-17,11.24
505,2024-11-19,15.73
505,2024-11-30,16.56
505,2024-12-09,27.74
505,2025-01-16,20.78
505,2025-01-22,28.58
505,2025-01-22,12.88
505,2025-01-29,30.17
505,2025-02-17,26.67
505,2025-02-21,3.41
505,2025-02-24,24.96
505,2025-02-26,11.4
505,2025-03-01,11.27
505,2025-03-12,22.56
505,2025-03-24,20.76
505,2025-04-09,23.56
505,2025-04-13,19.41
505,2025-04-16,14.82
505,2025-04-23,14.72
505,2025-04-23,24.74
505,2025-04-24,17.47
505,2025-04-30,10.7
505,2025-05-05,17.47
505,2025-05-10,23.66
505,2025-05-13,20.41
505,2025-05-29,34.35
505,2025-05-30,14.8
505,2025-06-08,23.74
505,2025-06-08,8.82
505,2025-07-07,7.36
505,2025-07-07,28.98
505,2025-07-13,18.84
505,2025-07-17,22.66
505,2025-07-23,14.93
505,2025-07-26,22.62
505,2025-08-11,15.0
505,2025-08-13,20.32
505,2025-08-18,9.16
505,2025-09-05,18.55
505,2025-09-15,25.17
505,2025-10-01,18.41
505,2025-10-31,24.21
505,2025-11-01,21.71
505,2025-11-02,44.58
505,2025-11-10,25.63
505,2025-11-19,27.78
505,2025-11-24,23.0
505,2025-11-26,56.57
505,2025-12-11,12.88
505,2025-12-13,12.24
505,2025-12-14,17.62
505,2025-12-19,15.51
505,2025-12-23,13.19
505,2025-12-28,15.3
506,2024-06-18,14.95
506,2024-08-19,26.88
506,2024-08-26,25.83
506,2024-11-24,21.83
506,2025-03-03,28.01
506,2025-06-06,18.07
507,2024-04-27,25.83
507,2024-05-01,20.8
507,2024-06-18,31.75
507,2024-06-30,37.36
507,2024-10-03,26.5
508,2024-03-23,13.5
508,2024-04-02,19.78
508,2024-05-14,30.5
508,2024-05-26,10.77
508,2024-08-24,18.42
508,2024-08-28,12.93
508,2024-09-08,7.26
508,2024-09-10,22.67
508,2024-10-30,6.57
508,2024-11-23,11.05
508,2025-01-12,11.6
508,2025-05-01,11.07
508,2025-05-05,6.5
508,2025-07-22,14.8
508,2025-07-24,3.95
508,2025-08-08,15.21
508,2025-12-12,22.16
508,2025-12-13,16.09
509,2024-05-23,22.02
509,2024-05-30,26.16
509,2024-06-02,11.26
509,2024-06-19,24.87
509,2024-07-30,25.95
509,2024-08-15,26.65
509,2024-08-30,20.54
509,2024-08-30,6.04
509,2024-09-02,27.34
509,2024-09-12,7.05
509,2024-09-24,11.04
509,2024-09-27,31.74
509,2024-10-11,43.12
509,2024-10-27,31.76
510,2024-03-03,6.48
511,2024-01-07,16.93
511,2024-01-12,28.83
511,2024-03-07,66.57
511,2024-04-15,41.44
511,2024-05-17,52.35
511,2024-05-29,42.46
511,2024-10-14,35.14
511,2025-02-24,27.13
511,2025-04-10,60.8
511,2025-07-26,41.97
511,2025-07-30,48.84
511,2025-09-28,26.84
512,2024-03-30,48.42
512,2024-07-14,36.17
513,2024-03-22,20.24
514,2024-03-20,50.61
515,2024-04-17,38.72
516,2024-03-28,64.64
516,2024-07-16,5.55
516,2024-10-05,29.35
516,2025-07-23,25.83
516,2025-11-10,11.95
516,2025-11-21,23.77
517,2024-02-15,54.91
517,2024-03-02,46.52
518,2024-05-12,32.02
519,2024-06-22,15.64
520,2024-03-21,79.75
521,2024-01-23,6.85
521,2024-05-23,8.4
521,2024-10-28,8.22
521,2025-12-24,14.66
522,2024-04-01,40.79
523,2024-06-30,16.37
523,2025-01-22,14.02
524,2024-01-14,13.79
524,2024-01-27,33.34
525,2024-02-17,15.32
525,2024-03-04,17.8
526,2024-05-18,13.39
526,2024-05-24,25.24
526,2024-06-10,10.01
526,2024-06-12,20.75
526,2024-06-15,33.0
526,2024-06-17,25.31
526,2024-07-18,14.58
526,2024-07-30,24.67
526,2024-08-12,15.84
526,2024-10-10,18.71
526,2024-11-13,21.81
526,2024-12-07,27.41
526,2024-12-12,5.62
526,2025-01-26,15.55
526,2025-03-14,27.13
526,2025-05-06,16.7
526,2025-05-28,21.61
526,2025-07-31,17.56
526,2025-10-12,18.75
526,2025-10-24,14.0
527,2024-02-18,43.28
527,2024-07-12,39.98
527,2024-07-26,29.35
527,2024-08-23,54.44
527,2024-11-20,27.48
528,2024-06-24,45.61
528,2024-07-08,41.6
528,2024-08-05,17.17
528,2024-10-28,44.29
529,2024-04-17,25.93
530,2024-05-07,74.82
530,2024-05-10,49.28
530,2024-05-13,62.95
530,2024-05-19,69.21
530,2024-06-03,46.86
530,2024-06-15,33.31
530,2024-07-26,93.14
530,2024-08-24,66.36
530,2024-08-27,112.41
530,2024-09-03,51.39
530,2024-10-15,46.82
530,2024-10-29,44.13
530,2024-12-21,37.69
530,2024-12-22,49.69
530,2025-01-01,56.45
530,2025-01-06,120.59
530,2025-01-07,63.9
530,2025-01-18,68.05
530,2025-03-10,62.43
530,2025-03-15,56.45
531,2024-06-11,13.49
532,2024-06-07,20.59
532,2024-08-09,47.97
532,2024-08-14,12.45
532,2024-10-03,26.39
532,2024-10-13,12.83
532,2024-11-06,50.22
532,2024-11-27,33.96
532,2024-12-13,22.0
532,2025-01-31,26.96
532,2025-02-15,40.69
532,2025-02-25,27.52
532,2025-04-03,18.99
532,2025-06-29,18.9
532,2025-07-11,17.68
532,2025-07-17,44.52
532,2025-08-09,35.02
533,2024-06-11,17.95
534,2024-02-28,16.36
535,2024-03-10,47.61
535,2024-04-14,15.06
535,2024-06-17,13.77
535,2024-10-09,12.2
535,2024-11-02,20.44
535,2024-11-07,30.17
535,2024-11-20,24.56
535,2024-12-14,32.93
535,2025-01-09,33.9
535,2025-04-24,29.3
535,2025-06-18,10.68
535,2025-07-09,17.65
535,2025-07-10,25.93
535,2025-07-23,41.49
535,2025-09-11,11.18
535,2025-12-04,24.78
535,2025-12-04,19.44
536,2024-06-14,32.76
536,2024-07-20,51.04
536,2024-12-08,12.85
536,2025-03-13,62.7
536,2025-06-26,68.59
536,2025-12-17,30.44
537,2024-03-18,40.48
538,2024-01-17,16.9
538,2024-04-13,12.02
538,2024-08-08,8.79
539,2024-03-13,34.42
540,2024-06-28,34.1
540,2024-07-23,23.5
541,2024-02-05,5.99
542,2024-06-12,7.28
542,2024-07-01,19.89
542,2024-07-22,17.0
542,2024-07-27,38.51
542,2024-07-29,20.44
542,2024-08-03,23.7
542,2024-09-10,26.85
542,2024-09-23,51.6
542,2024-09-26,14.03
542,2024-10-07,27.23
542,2024-10-17,21.81
542,2024-10-18,29.06
542,2024-10-23,42.18
542,2024-10-25,26.28
542,2024-11-01,35.42
542,2024-11-02,23.9
542,2024-11-12,33.23
542,2024-12-02,10.88
542,2024-12-23,36.48
542,2025-01-04,25.4
542,2025-01-10,17.3
542,2025-01-17,25.44
542,2025-02-05,31.97
542,2025-02-10,32.31
542,2025-02-11,21.05
542,2025-02-12,26.14
542,2025-02-15,26.33
542,2025-02-19,15.74
542,2025-03-19,28.51
542,2025-03-20,12.0
542,2025-03-22,12.45
542,2025-03-29,18.19
542,2025-04-03,26.06
542,2025-04-16,21.9
542,2025-04-23,23.06
542,2025-04-25,21.62
542,2025-06-02,40.34
542,2025-06-19,31.68
542,2025-06-19,36.43
542,2025-06-26,21.87
542,2025-07-02,51.21
542,2025-07-21,19.11
542,2025-08-18,44.16
542,2025-08-21,29.23
542,2025-09-01,35.87
542,2025-09-06,12.86
542,2025-09-10,18.51
542,2025-10-04,29.35
542,2025-10-18,36.72
542,2025-10-21,32.83
542,2025-11-29,26.99
542,2025-12-04,27.2
542,2025-12-16,22.01
542,2025-12-21,32.87
543,2024-03-18,24.21
543,2024-04-02,10.23
543,2024-05-02,19.91
543,2024-08-10,18.7
543,2024-08-23,20.5
543,2024-09-17,23.8
543,2024-10-21,32.3
543,2024-10-30,31.2
543,2024-11-17,16.78
543,2024-12-22,38.17
543,2025-02-05,14.4
543,2025-03-24,19.98
543,2025-04-13,27.75
543,2025-04-15,25.9
543,2025-06-28,19.12
543,2025-07-20,25.04
543,2025-08-12,21.43
543,2025-08-29,21.69
543,2025-09-02,8.8
543,2025-09-09,30.85
543,2025-10-26,34.12
543,2025-12-02,26.27
544,2024-06-30,18.2
545,2024-01-18,17.66
545,2024-01-20,33.46
546,2024-03-05,70.55
546,2024-03-09,26.9
546,2024-05-30,72.3
546,2024-06-24,67.27
546,2024-07-21,43.99
547,2024-01-21,28.46
548,2024-01-07,20.01
548,2024-01-08,9.9
548,2024-01-19,14.22
548,2024-01-28,7.85
548,2024-01-30,8.28
548,2024-02-29,15.89
548,2024-05-08,11.79
548,2024-05-20,14.96
548,2024-05-22,15.12
548,2024-06-01,24.38
548,2024-06-05,20.06
548,2024-06-26,21.54
548,2024-07-06,8.04
548,2024-07-29,17.0
548,2024-08-13,14.97
548,2024-08-21,19.73
548,2024-08-30,11.44
548,2024-09-12,12.88
548,2024-09-25,22.79
548,2024-10-01,24.95
548,2024-10-06,14.47
548,2024-10-16,27.06
548,2024-10-23,9.09
548,2024-11-06,21.97
548,2024-11-27,16.83
548,2024-12-04,22.93
548,2024-12-05,17.25
548,2024-12-17,17.75
548,2024-12-17,13.99
548,2025-01-15,10.61
548,2025-02-06,17.14
548,2025-02-20,20.62
548,2025-02-23,18.99
548,2025-03-01,25.36
549,2024-04-22,27.81
549,2024-05-27,34.33
549,2024-06-28,32.88
549,2024-07-11,18.17
549,2024-07-31,19.69
549,2024-08-12,11.21
549,2024-08-23,10.09
549,2024-08-30,33.51
549,2024-10-06,17.63
549,2024-10-18,17.86
549,2024-11-04,34.3
549,2024-11-22,14.58
549,2024-12-20,18.55
549,2024-12-28,9.0
549,2025-01-07,14.07
549,2025-02-21,17.63
549,2025-03-02,20.48
549,2025-03-24,16.67
549,2025-04-19,12.34
549,2025-07-05,3.6
549,2025-08-07,20.54
549,2025-09-11,17.74
549,2025-09-13,20.99
549,2025-10-31,13.81
549,2025-11-06,17.04
549,2025-11-11,33.4
549,2025-12-15,18.22
549,2025-12-20,16.21
550,2024-05-21,26.52
550,2024-05-22,49.09
550,2024-06-06,14.47
550,2024-06-06,33.48
550,2024-06-13,30.21
550,2024-06-24,44.33
550,2024-06-29,11.34
550,2024-06-30,44.35
550,2024-07-01,29.01
550,2024-07-04,13.37
550,2024-07-09,21.05
550,2024-07-13,35.28
550,2024-07-19,22.98
550,2024-07-28,17.88
550,2024-07-29,23.6
550,2024-07-29,25.47
550,2024-07-29,16.62
550,2024-07-29,29.17
550,2024-08-26,30.21
550,2024-08-26,24.94
550,2024-09-02,19.63
550,2024-09-12,29.88
550,2024-09-18,9.4
550,2024-09-25,16.65
550,2024-09-29,30.3
550,2024-10-08,15.22
550,2024-10-22,47.84
550,2024-10-25,26.37
550,2024-10-25,19.2
550,2024-10-26,18.2
550,2024-11-03,61.16
550,2024-11-06,28.71
550,2024-11-06,28.16
550,2024-11-10,44.3
550,2024-11-22,30.98
550,2024-11-24,34.16
550,2024-12-11,18.32
550,2024-12-23,25.12
550,2024-12-23,24.31
550,2025-01-06,27.08
550,2025-01-08,36.77
550,2025-01-11,21.73
550,2025-01-18,20.34
550,2025-01-25,29.84
550,2025-01-27,34.01
550,2025-01-29,28.31
550,2025-02-19,19.85
550,2025-02-22,20.61
550,2025-03-07,10.82
550,2025-03-16,32.14
550,2025-03-16,27.37
550,2025-03-23,16.06
550,2025-04-07,30.52
550,2025-04-18,13.7
550,2025-04-18,31.61
550,2025-04-26,31.15
550,2025-04-27,15.62
550,2025-05-04,42.57
550,2025-05-16,27.29
550,2025-05-23,31.9
550,2025-05-25,27.34
550,2025-05-27,28.14
550,2025-05-31,25.11
550,2025-06-12,34.37
550,2025-06-13,33.7
550,2025-06-27,24.3
550,2025-07-31,22.43
550,2025-08-03,29.33
550,2025-08-04,27.59
550,2025-08-09,10.68
550,2025-08-11,29.2
550,2025-08-21,29.38
550,2025-09-07,22.09
550,2025-09-07,10.05
550,2025-09-12,16.79
550,2025-09-13,8.17
550,2025-09-26,21.06
550,2025-09-29,28.04
550,2025-10-01,29.35
550,2025-10-05,20.1
550,2025-10-08,21.9
550,2025-10-15,22.38
550,2025-10-17,40.93
550,2025-11-02,32.87
550,2025-11-12,20.3
550,2025-11-17,30.76
550,2025-11-23,38.52
550,2025-12-01,38.87
550,2025-12-04,12.89
550,2025-12-10,24.72
550,2025-12-18,21.95
550,2025-12-23,19.33
550,2025-12-24,5.92
550,2025-12-25,17.63
550,2025-12-28,18.95
551,2024-04-16,39.95
551,2024-04-21,21.52
551,2024-05-20,22.51
551,2024-05-24,12.95
551,2024-05-27,7.28
551,2024-05-31,31.25
551,2024-06-04,44.69
551,2024-06-05,25.08
551,2024-06-07,16.61
551,2024-06-09,29.5
551,2024-06-15,23.63
551,2024-06-22,15.89
551,2024-07-17,35.84
551,2024-07-22,16.44
551,2024-07-30,10.22
551,2024-07-31,16.21
551,2024-08-21,30.13
551,2024-08-21,32.23
551,2024-08-25,31.07
551,2024-08-25,57.17
551,2024-09-15,20.02
551,2024-09-21,20.02
551,2024-09-23,31.99
551,2024-10-27,30.41
551,2024-11-05,23.61
551,2024-12-15,14.37
551,2024-12-27,33.91
551,2025-01-08,40.17
551,2025-01-20,77.48
551,2025-01-21,14.8
551,2025-01-22,18.84
551,2025-01-25,31.57
551,2025-01-30,45.11
551,2025-02-05,55.04
551,2025-03-22,20.03
551,2025-03-22,16.55
551,2025-03-29,13.09
551,2025-04-11,28.27
551,2025-04-14,43.55
551,2025-04-14,23.93
551,2025-04-25,25.84
551,2025-04-25,32.15
551,2025-05-24,32.41
551,2025-06-05,38.25
551,2025-06-12,19.49
551,2025-06-20,19.69
551,2025-07-04,7.65
551,2025-07-15,18.47
551,2025-08-13,28.57
551,2025-08-17,19.15
551,2025-08-20,28.25
551,2025-08-28,21.51
551,2025-09-01,10.83
551,2025-09-02,38.17
551,2025-09-05,26.11
551,2025-09-14,42.45
551,2025-09-26,43.33
551,2025-09-27,25.29
551,2025-10-10,24.42
551,2025-10-28,39.8
551,2025-11-07,44.08
551,2025-11-14,16.41
551,2025-12-03,44.66
551,2025-12-08,23.33
551,2025-12-14,26.18
552,2024-01-25,19.53
552,2024-01-27,15.68
552,2024-02-17,44.66
552,2024-02-26,26.18
552,2024-02-26,11.21
552,2024-03-16,11.59
552,2024-03-29,31.02
552,2024-04-01,19.24
552,2024-04-13,23.56
552,2024-10-13,18.7
552,2024-11-17,22.96
552,2024-12-08,16.07
552,2024-12-11,34.13
552,2025-01-16,4.63
553,2024-03-06,63.35
553,2024-03-24,13.59
553,2024-04-06,42.75
554,2024-05-16,15.45
554,2024-08-10,8.93
554,2025-02-05,7.86
554,2025-12-18,8.43
555,2024-02-05,29.67
555,2024-02-15,45.57
555,2024-03-02,33.83
555,2024-04-17,34.09
555,2024-04-25,28.68
555,2024-04-30,76.84
555,2024-05-01,35.17
555,2024-05-01,18.04
555,2024-05-09,24.61
555,2024-08-28,13.86
555,2024-09-13,31.98
555,2024-11-08,60.22
555,2024-11-11,20.73
555,2024-11-24,39.57
555,2024-12-16,21.98
555,2024-12-25,34.38
555,2025-02-27,30.86
555,2025-03-10,26.75
555,2025-03-13,22.4
555,2025-03-30,49.83
555,2025-05-27,24.07
555,2025-06-04,33.29
555,2025-06-06,51.23
555,2025-06-08,38.37
555,2025-06-09,23.99
555,2025-07-10,59.09
555,2025-07-12,46.06
555,2025-08-05,36.52
555,2025-08-07,24.55
555,2025-08-11,32.76
555,2025-08-14,28.8
555,2025-08-30,18.2
555,2025-09-16,34.6
555,2025-09-18,26.02
555,2025-09-23,17.88
555,2025-10-01,15.1
555,2025-10-12,22.39
555,2025-10-19,35.39
555,2025-11-23,43.27
555,2025-11-28,29.19
555,2025-12-14,19.12
555,2025-12-21,23.61
556,2024-03-09,7.2
557,2024-06-11,17.76
557,2024-09-12,18.26
558,2024-01-28,254.59
558,2024-03-22,155.94
558,2024-04-03,188.64
559,2024-01-07,13.35
559,2024-01-17,14.13
560,2024-02-27,14.62
560,2024-03-03,20.79
561,2024-05-11,32.59
561,2024-05-27,22.22
561,2024-06-02,10.57
561,2024-06-05,12.12
561,2024-06-15,7.97
561,2024-07-09,14.8
561,2024-08-05,27.91
561,2024-10-02,27.94
561,2025-03-05,27.83
561,2025-04-16,29.42
561,2025-04-18,25.77
561,2025-05-09,21.26
561,2025-05-11,19.33
561,2025-05-22,19.4
561,2025-07-05,19.61
561,2025-07-06,18.32
561,2025-07-19,19.76
561,2025-08-04,24.05
561,2025-09-14,26.18
561,2025-10-20,12.36
561,2025-10-27,19.71
561,2025-11-02,17.56
561,2025-11-20,14.27
561,2025-12-24,17.99
562,2024-01-18,127.65
562,2024-01-19,86.14
562,2024-02-07,49.81
562,2024-02-14,63.36
562,2024-03-24,42.07
562,2024-04-04,41.45
562,2024-04-07,52.49
562,2024-04-10,32.48
562,2024-04-18,45.38
562,2024-04-25,39.19
562,2024-04-26,58.71
562,2024-05-04,58.63
562,2024-05-07,49.28
562,2024-05-24,47.08
562,2024-06-09,51.3
562,2024-06-20,32.34
562,2024-07-06,74.85
562,2024-07-13,61.15
563,2024-02-25,37.24
564,2024-03-31,23.83
565,2024-03-28,17.48
566,2024-02-20,15.81
567,2024-05-26,13.71
567,2024-07-21,23.77
567,2024-07-29,6.54
567,2024-08-20,26.27
567,2024-08-24,11.53
567,2024-09-03,23.88
567,2024-09-12,11.83
567,2024-10-12,23.95
567,2024-10-21,24.01
567,2024-11-05,12.83
567,2025-02-21,13.92
567,2025-03-05,6.8
567,2025-03-07,28.04
567,2025-04-06,22.54
567,2025-06-02,17.62
567,2025-06-11,31.36
567,2025-07-08,19.37
567,2025-07-10,10.37
567,2025-08-24,13.29
567,2025-09-06,9.33
567,2025-10-14,16.75
567,2025-12-04,11.84
568,2024-02-16,31.63
568,2024-03-27,25.89
568,2024-04-06,19.93
568,2024-04-20,22.18
568,2024-04-29,49.21
568,2024-06-17,16.73
568,2024-07-29,19.69
568,2024-08-02,42.75
568,2024-08-03,27.56
568,2024-08-23,47.82
568,2024-10-01,34.91
569,2024-06-27,17.92
570,2024-01-01,119.36
570,2024-01-12,67.11
571,2024-05-24,8.82
571,2024-06-05,19.91
571,2024-06-10,19.22
571,2024-06-12,22.32
571,2024-06-23,22.25
571,2024-07-19,17.31
571,2024-09-16,25.93
571,2024-09-22,21.67
571,2024-10-09,15.52
571,2024-10-17,28.78
571,2024-10-20,21.39
571,2024-10-30,21.43
571,2024-11-21,24.38
571,2024-11-27,34.23
571,2024-11-27,15.6
571,2024-12-08,20.3
571,2024-12-26,19.65
571,2025-01-03,23.2
571,2025-01-04,31.73
571,2025-01-06,22.71
571,2025-01-16,19.75
571,2025-02-01,26.64
571,2025-02-01,29.36
571,2025-03-09,38.45
571,2025-03-19,19.36
571,2025-03-29,16.99
571,2025-03-31,22.95
571,2025-04-19,31.52
571,2025-04-23,9.62
571,2025-05-08,9.99
571,2025-05-11,29.81
571,2025-06-15,31.8
571,2025-06-23,20.72
571,2025-07-24,19.62
571,2025-07-31,34.25
571,2025-09-04,15.63
571,2025-09-24,23.55
571,2025-10-02,13.18
571,2025-11-24,37.99
571,2025-11-30,12.12
571,2025-12-03,19.35
571,2025-12-06,32.91
571,2025-12-23,20.84
572,2024-05-18,12.98
572,2024-06-10,19.83
572,2024-07-20,26.51
572,2024-09-11,12.52
572,2024-09-15,21.52
572,2024-11-16,29.29
573,2024-01-11,12.76
574,2024-05-24,78.64
574,2024-06-02,45.08
574,2024-06-29,52.62
574,2024-06-29,50.92
574,2024-07-26,83.9
574,2024-08-01,36.21
574,2024-08-14,40.51
574,2024-09-04,67.99
574,2024-10-04,87.44
574,2024-10-15,76.17
574,2024-10-20,99.43
574,2024-11-25,69.57
574,2024-12-17,41.73
574,2024-12-17,46.36
574,2024-12-26,65.69
574,2025-01-14,68.01
574,2025-04-11,54.75
574,2025-04-25,36.11
574,2025-06-14,57.56
574,2025-06-17,20.17
574,2025-06-20,96.67
574,2025-07-10,78.5
574,2025-08-30,45.54
574,2025-10-10,42.77
574,2025-12-10,78.72
575,2024-04-14,26.97
575,2024-05-05,35.7
575,2025-01-17,14.27
575,2025-08-22,30.51
575,2025-08-26,50.84
576,2024-04-10,78.48
576,2024-06-03,78.37
576,2024-08-08,43.37
577,2024-05-12,19.07
578,2024-04-15,14.62
578,2024-05-16,4.21
578,2024-05-16,11.85
578,2024-05-29,12.17
578,2024-06-08,35.48
578,2024-08-09,32.86
578,2024-08-12,17.53
578,2024-09-24,17.37
578,2024-10-17,20.39
578,2024-11-07,13.05
578,2025-01-22,14.09
578,2025-02-18,9.77
578,2025-06-18,10.63
578,2025-08-07,8.41
578,2025-09-01,8.98
578,2025-09-24,10.83
578,2025-11-11,7.41
578,2025-12-09,8.77
579,2024-05-07,26.54
579,2024-06-06,24.69
579,2024-07-29,21.51
579,2024-10-10,9.27
579,2024-11-18,26.34
579,2025-03-01,24.37
580,2024-05-16,9.5
580,2024-06-01,21.11
580,2024-07-07,21.74
581,2024-02-06,52.31
581,2024-04-09,24.44
582,2024-06-25,50.75
582,2024-07-17,20.1
583,2024-02-02,44.2
583,2024-02-22,21.3
583,2024-03-06,41.98
583,2024-03-23,100.98
583,2024-06-05,64.89
583,2024-06-30,85.38
583,2024-07-17,85.48
583,2024-09-18,53.25
583,2024-10-30,53.72
583,2025-01-31,37.82
584,2024-05-31,25.42
585,2024-05-21,20.22
585,2024-06-16,25.18
585,2024-07-19,20.75
585,2024-08-28,32.48
585,2024-09-26,22.95
585,2024-10-15,14.39
585,2025-01-06,11.85
585,2025-02-07,26.56
585,2025-02-07,32.9
585,2025-04-07,28.64
585,2025-06-18,21.54
585,2025-12-22,17.84
586,2024-04-10,44.11
587,2024-03-07,18.76
587,2024-05-15,20.69
588,2024-06-20,25.72
589,2024-03-03,35.48
590,2024-04-30,11.61
591,2024-05-18,7.89
591,2024-05-21,12.95
591,2024-06-06,9.42
591,2024-06-21,5.33
591,2024-07-12,13.29
591,2024-07-12,22.42
591,2024-08-01,20.78
591,2024-09-06,14.06
591,2024-09-11,17.55
591,2024-09-29,23.61
591,2024-10-02,14.83
591,2024-10-27,25.09
591,2024-11-06,3.55
591,2024-12-12,30.21
591,2024-12-21,14.83
591,2024-12-23,9.65
591,2024-12-27,13.29
592,2024-03-06,17.29
593,2024-04-20,119.23
593,2025-12-03,78.01
594,2024-05-08,7.74
594,2024-05-24,10.76
594,2024-06-25,15.3
595,2024-04-12,15.65
595,2024-08-12,17.4
595,2024-09-25,25.74
595,2024-10-30,12.96
596,2024-05-06,17.33
596,2024-06-08,10.76
596,2024-07-01,38.18
596,2024-07-04,10.32
596,2024-07-16,18.52
596,2024-07-21,31.52
596,2024-09-30,10.85
597,2024-05-01,13.16
598,2024-06-23,15.25
598,2024-08-17,23.3
598,2024-10-26,10.07
598,2025-03-20,27.55
598,2025-06-16,24.19
598,2025-11-20,25.09
599,2024-01-01,5.74
599,2024-01-02,11.3
599,2024-02-04,6.43
599,2024-02-29,13.6
599,2024-03-13,8.68
599,2024-03-29,8.76
599,2024-03-30,12.27
599,2024-04-11,7.05
599,2024-04-12,13.04
599,2024-04-30,6.59
599,2024-06-04,3.92
599,2024-06-20,15.13
599,2024-07-14,14.72
599,2024-07-27,8.18
599,2024-08-06,12.5
599,2024-08-24,10.4
599,2024-09-04,10.81
599,2024-09-07,7.86
599,2024-09-25,16.31
599,2024-10-28,13.04
599,2025-01-07,11.24
599,2025-02-04,7.0
599,2025-02-06,8.16
599,2025-02-18,5.06
599,2025-02-20,7.13
599,2025-02-21,5.32
599,2025-05-02,8.97
599,2025-05-10,10.39
599,2025-05-14,11.24
599,2025-05-20,14.11
599,2025-07-20,9.06
599,2025-08-09,16.09
599,2025-08-15,14.85
599,2025-08-24,14.2
599,2025-09-09,16.71
599,2025-09-12,4.81
599,2025-09-22,4.15
599,2025-10-06,14.44
599,2025-10-13,5.81
599,2025-10-26,10.18
599,2025-11-20,8.52
599,2025-11-28,7.35
600,2024-04-04,40.18
601,2024-04-24,10.06
602,2024-03-24,14.47
603,2024-01-31,12.41
603,2024-03-13,19.28
604,2024-01-04,25.17
604,2024-01-04,13.06
604,2024-01-12,16.92
604,2024-01-29,16.19
604,2024-03-08,14.11
605,2024-04-10,10.37
605,2024-06-30,9.22
605,2024-08-29,7.75
605,2024-09-17,11.31
605,2024-10-23,19.48
605,2024-12-20,15.62
605,2024-12-28,11.0
605,2025-03-30,28.05
605,2025-04-05,15.07
605,2025-04-19,16.73
605,2025-05-23,10.66
605,2025-07-09,13.21
605,2025-08-23,19.52
605,2025-10-13,8.47
605,2025-11-02,21.53
605,2025-12-07,14.37
606,2024-04-08,11.31
606,2024-05-28,32.89
607,2024-03-14,13.82
607,2024-04-02,11.22
607,2024-06-09,11.71
607,2024-08-11,20.99
608,2024-02-19,29.21
608,2024-11-13,16.55
609,2024-06-13,25.36
609,2024-07-14,25.29
609,2024-07-19,41.18
609,2024-08-13,37.22
609,2024-10-14,40.22
609,2024-10-31,53.23
609,2024-10-31,16.74
610,2024-05-22,34.28
610,2024-06-13,42.88
610,2024-08-17,14.62
610,2024-08-27,17.59
611,2024-03-10,37.25
611,2024-04-15,13.73
612,2024-06-13,41.93
613,2024-02-05,26.59
613,2024-02-05,31.57
613,2024-02-06,23.06
613,2024-02-22,11.15
614,2024-06-10,131.93
615,2024-02-20,31.66
616,2024-01-17,45.01
617,2024-02-05,31.57
618,2024-04-23,29.93
619,2024-01-09,26.42
619,2024-01-17,89.3
619,2024-01-25,48.15
619,2024-02-02,63.32
619,2024-02-27,35.53
619,2024-03-18,33.96
619,2024-04-30,84.72
619,2024-05-05,104.3
619,2024-05-26,37.09
619,2024-06-23,59.71
619,2024-07-05,126.36
619,2024-08-08,53.13
619,2024-08-12,59.48
620,2024-04-30,79.82
620,2024-08-21,51.25
620,2024-10-23,28.5
620,2024-11-20,36.61
620,2024-12-23,31.25
620,2025-02-26,45.21
620,2025-03-11,75.47
620,2025-04-13,44.32
620,2025-07-14,82.07
620,2025-08-25,38.42
620,2025-12-16,51.65
620,2025-12-24,60.19
621,2024-03-17,41.49
621,2025-09-20,20.87
622,2024-02-17,20.91
622,2024-03-17,31.79
622,2024-04-28,30.95
622,2024-08-13,17.68
622,2024-09-04,15.49
622,2024-09-11,19.13
622,2024-09-18,31.72
622,2024-10-23,15.49
622,2024-10-24,25.85
622,2024-12-29,34.16
622,2024-12-30,17.29
622,2025-01-30,13.85
622,2025-02-03,22.51
622,2025-02-04,23.54
622,2025-03-04,27.87
622,2025-06-05,26.37
622,2025-07-26,13.62
622,2025-08-22,24.79
622,2025-09-23,15.46
622,2025-12-27,24.6
623,2024-03-13,7.01
623,2024-03-16,12.92
623,2024-05-11,8.9
623,2024-05-12,14.93
623,2024-05-23,16.95
623,2024-05-31,13.01
623,2024-06-04,7.42
623,2024-06-29,9.3
623,2024-07-03,11.69
623,2024-07-25,22.39
623,2024-08-07,18.91
623,2024-08-31,12.24
623,2024-10-30,6.7
623,2024-11-15,8.4
623,2024-11-16,16.38
623,2024-12-01,14.01
623,2024-12-28,22.97
623,2025-04-01,7.7
623,2025-04-16,15.47
623,2025-04-20,10.58
623,2025-05-17,15.19
623,2025-05-30,10.48
623,2025-06-04,6.75
623,2025-06-19,13.95
623,2025-06-28,14.43
623,2025-06-30,18.27
623,2025-07-02,17.05
623,2025-07-24,18.18
623,2025-09-04,14.03
623,2025-10-04,17.39
623,2025-10-14,11.0
623,2025-10-25,8.46
623,2025-11-09,11.96
623,2025-12-25,14.1
624,2024-04-04,16.88
624,2024-05-24,71.47
625,2024-05-20,8.75
626,2024-04-18,14.26
626,2024-04-27,4.25
626,2024-06-25,11.17
627,2024-04-08,15.04
627,2024-04-08,34.21
627,2024-12-10,19.71
627,2025-08-14,15.31
627,2025-09-21,39.77
627,2025-11-17,42.16
628,2024-02-18,57.84
628,2024-02-22,34.83
628,2024-02-25,45.69
628,2024-02-25,40.39
628,2024-03-18,27.94
628,2024-04-04,45.73
628,2024-05-04,34.2
628,2024-05-23,65.6
628,2024-06-15,112.99
628,2024-07-12,44.7
628,2024-07-26,40.81
628,2024-08-02,35.76
628,2024-08-04,39.4
628,2024-08-05,47.16
628,2024-08-06,53.09
628,2024-08-12,52.22
628,2024-08-18,41.38
628,2024-08-21,24.86
628,2024-09-01,37.9
628,2024-09-07,42.84
628,2024-09-25,42.51
628,2024-10-02,51.54
628,2024-10-02,29.25
628,2024-10-14,28.17
628,2024-10-14,50.34
628,2024-10-15,40.95
628,2024-10-20,64.58
628,2024-11-06,31.9
628,2024-11-07,72.22
628,2024-11-15,42.45
628,2024-11-19,50.21
628,2024-11-24,60.99
628,2024-12-13,59.98
628,2024-12-23,62.12
628,2024-12-30,76.78
628,2025-01-10,40.62
628,2025-01-26,41.81
628,2025-01-29,32.92
628,2025-03-14,48.14
628,2025-04-04,56.15
628,2025-04-05,24.72
628,2025-04-19,50.16
628,2025-04-26,43.21
628,2025-05-05,38.63
628,2025-05-27,60.36
628,2025-06-05,35.66
628,2025-06-18,58.78
628,2025-06-20,56.31
628,2025-06-20,55.65
628,2025-07-17,39.71
628,2025-07-25,28.8
628,2025-07-28,36.45
628,2025-08-19,48.8
628,2025-08-23,48.37
628,2025-09-01,59.96
628,2025-09-07,32.07
628,2025-10-02,91.6
628,2025-10-31,32.03
628,2025-11-10,16.75
628,2025-12-14,32.92
628,2025-12-22,55.1
629,2024-05-15,10.37
629,2024-06-19,18.53
629,2024-08-12,15.73
629,2025-07-30,9.72
630,2024-03-17,18.69
630,2024-03-23,47.25
630,2024-04-14,42.37
630,2024-05-01,29.91
630,2024-05-09,8.84
630,2024-06-08,27.01
630,2024-06-10,19.58
630,2024-07-21,23.49
631,2024-03-27,14.38
631,2024-06-07,8.74
631,2024-12-30,12.81
631,2025-01-22,12.38
631,2025-06-02,9.87
632,2024-06-02,39.1
633,2024-02-11,20.23
633,2024-02-13,33.74
634,2024-02-05,62.71
634,2024-03-05,251.77
634,2024-04-09,228.06
634,2024-04-12,146.34
634,2024-04-13,116.27
635,2024-01-25,32.39
635,2024-01-25,17.1
635,2024-02-24,14.74
635,2024-03-15,10.28
635,2024-03-30,16.45
635,2024-04-10,13.05
635,2024-04-12,17.58
635,2024-04-15,8.64
635,2024-05-22,36.58
635,2024-06-10,16.01
635,2024-07-13,11.67
635,2024-07-13,14.13
635,2024-07-21,13.12
635,2024-07-27,9.65
635,2024-08-03,12.43
635,2024-08-05,9.41
635,2024-09-22,7.57
635,2024-10-07,13.18
635,2024-10-16,13.1
635,2024-10-19,12.98
635,2024-11-21,12.28
635,2024-11-23,31.41
635,2024-12-11,16.0
635,2024-12-19,39.2
635,2024-12-29,18.72
635,2025-01-25,17.51
635,2025-01-29,18.04
635,2025-01-30,8.36
635,2025-05-07,22.84
635,2025-05-07,9.05
635,2025-05-21,5.31
635,2025-05-22,25.37
635,2025-05-22,12.02
635,2025-05-24,22.72
635,2025-06-05,11.37
635,2025-07-01,8.46
635,2025-07-18,27.74
635,2025-09-08,7.92
635,2025-09-13,22.9
635,2025-10-16,19.67
635,2025-10-23,25.69
636,2024-06-30,35.63
636,2024-07-05,37.46
637,2024-04-27,7.39
637,2025-02-08,19.77
637,2025-09-19,11.22
637,2025-12-08,7.07
638,2024-04-26,46.62
639,2024-01-28,21.5
639,2024-02-16,15.24
640,2024-06-30,22.2
640,2024-07-05,35.14
640,2024-08-19,24.12
640,2024-08-20,7.97
640,2024-10-07,8.71
640,2024-10-19,27.94
640,2024-10-24,29.59
640,2024-11-22,31.25
640,2025-01-13,35.04
640,2025-03-03,17.8
640,2025-05-16,33.83
640,2025-06-04,25.34
640,2025-06-22,26.33
640,2025-07-05,17.6
640,2025-07-20,6.76
640,2025-09-25,25.33
640,2025-10-26,7.41
640,2025-10-31,19.36
640,2025-11-25,21.26
640,2025-12-02,28.07
641,2024-05-17,2.16
641,2024-05-30,25.55
641,2024-08-23,17.32
641,2024-10-24,18.88
641,2025-05-19,15.64
641,2025-05-29,13.76
641,2025-07-03,22.66
641,2025-10-09,14.93
642,2024-04-10,30.07
642,2024-04-14,19.63
642,2024-07-01,42.16
642,2024-08-22,14.71
642,2024-10-14,32.48
642,2024-11-02,13.73
642,2024-12-23,30.94
642,2025-05-07,15.49
642,2025-06-28,13.24
642,2025-08-26,24.38
642,2025-11-04,35.73
642,2025-12-10,35.08
643,2024-03-17,10.24
644,2024-05-20,54.42
645,2024-03-21,34.53
646,2024-05-31,7.67
647,2024-03-15,10.87
647,2024-03-15,16.24
647,2024-04-18,21.23
647,2024-04-26,8.01
647,2024-04-28,4.38
647,2024-05-10,17.16
648,2024-02-24,17.14
648,2024-03-24,14.11
649,2024-01-24,42.05
649,2024-05-14,14.38
650,2024-06-14,14.04
650,2024-07-06,23.66
651,2024-06-03,9.23
651,2024-07-09,28.01
652,2024-01-21,27.2
652,2024-03-17,77.76
652,2024-04-05,83.41
652,2025-07-17,86.57
652,2025-11-21,50.85
653,2024-02-02,16.05
654,2024-05-18,9.85
655,2024-03-04,8.5
655,2024-03-14,7.1
655,2024-04-14,20.31
655,2024-04-15,19.53
655,2024-05-16,21.18
655,2024-07-27,6.95
655,2024-08-30,3.41
656,2024-04-01,14.32
657,2024-02-29,12.09
657,2024-03-03,7.39
657,2024-03-13,14.33
657,2024-03-26,12.71
657,2024-03-28,12.85
657,2024-04-05,10.32
657,2024-04-06,20.12
657,2024-04-20,11.54
657,2024-04-22,11.64
657,2024-04-29,15.43
657,2024-05-16,19.43
657,2024-06-05,23.18
657,2024-06-12,25.39
657,2024-07-02,13.15
657,2024-07-16,19.0
657,2024-09-03,18.37
657,2024-09-17,15.68
657,2024-10-01,14.33
657,2024-10-17,12.84
657,2024-10-20,9.83
657,2024-11-03,8.93
657,2024-11-17,5.42
657,2024-11-19,5.35
657,2024-12-29,5.69
657,2025-01-14,15.8
657,2025-01-19,17.85
657,2025-01-27,11.89
658,2024-06-20,19.08
658,2025-02-10,17.73
659,2024-06-02,10.67
660,2024-04-05,10.45
660,2024-06-07,11.75
660,2024-06-21,23.65
660,2024-08-03,23.02
660,2024-08-10,5.51
660,2024-08-11,15.27
660,2024-08-21,9.11
660,2024-10-30,27.72
660,2024-11-14,18.18
660,2024-11-24,15.94
660,2024-12-09,10.55
660,2025-01-09,8.49
660,2025-02-27,29.64
660,2025-03-05,32.49
660,2025-04-13,19.75
660,2025-04-15,24.15
660,2025-05-01,23.36
660,2025-05-09,18.61
660,2025-08-22,19.97
660,2025-09-16,19.34
660,2025-10-03,7.12
660,2025-11-09,27.59
660,2025-11-13,29.22
660,2025-11-19,8.57
660,2025-12-07,37.71
661,2024-05-14,24.65
662,2024-05-14,22.85
662,2024-07-15,13.12
662,2024-08-17,19.18
662,2024-09-08,9.2
662,2024-10-30,10.01
662,2024-11-30,28.04
662,2024-12-21,13.92
662,2025-01-23,22.46
662,2025-02-09,15.32
662,2025-04-06,19.76
662,2025-04-08,11.95
662,2025-04-28,9.03
662,2025-07-03,18.75
662,2025-07-06,14.24
662,2025-07-12,22.75
662,2025-07-23,11.46
662,2025-08-16,15.53
662,2025-08-28,22.42
662,2025-09-08,16.03
662,2025-10-01,13.68
662,2025-11-06,17.21
662,2025-11-07,18.23
662,2025-11-16,15.12
662,2025-11-20,23.01
662,2025-11-25,50.78
662,2025-11-26,12.54
662,2025-12-14,17.97
662,2025-12-14,11.52
662,2025-12-19,23.37
662,2025-12-25,17.4
663,2024-03-17,24.62
664,2024-03-07,19.19
664,2024-03-16,9.59
664,2024-06-25,3.19
664,2024-08-02,6.5
665,2024-02-02,18.8
665,2024-06-14,11.33
665,2024-09-02,6.23
665,2024-11-22,10.04
665,2024-11-30,13.21
665,2024-12-10,15.54
665,2025-02-02,7.38
665,2025-11-05,10.21
666,2024-03-03,23.11
667,2024-01-26,78.37
668,2024-05-08,27.88
668,2024-09-02,42.28
668,2024-09-23,23.18
668,2024-11-13,60.24
668,2025-03-20,43.01
668,2025-06-20,40.64
668,2025-07-28,49.23
668,2025-09-04,48.03
668,2025-09-11,77.74
668,2025-11-25,59.48
669,2024-04-11,13.7
669,2024-07-30,13.47
670,2024-02-11,45.23
670,2024-08-10,21.17
670,2025-02-17,39.56
671,2024-06-10,42.01
671,2024-06-25,46.12
672,2024-02-23,31.1
672,2024-03-20,48.1
672,2024-05-21,15.73
672,2024-07-06,17.18
672,2024-10-20,15.09
672,2024-11-15,20.09
672,2024-11-29,24.53
672,2024-12-09,49.18
672,2024-12-16,27.26
672,2025-01-18,27.58
672,2025-02-13,13.94
672,2025-05-30,24.72
672,2025-06-15,9.13
672,2025-08-02,17.07
672,2025-10-22,17.0
673,2024-01-02,26.18
674,2024-04-08,26.35
674,2024-05-13,39.76
674,2024-05-19,37.25
674,2024-05-24,21.25
674,2024-05-24,19.19
674,2024-06-01,28.0
674,2024-07-31,33.56
674,2024-08-31,30.91
674,2024-09-22,54.43
674,2024-10-29,17.62
674,2025-03-25,47.48
674,2025-05-24,19.64
674,2025-06-07,18.36
674,2025-06-25,22.53
674,2025-06-30,46.79
674,2025-08-04,28.55
674,2025-08-08,26.48
674,2025-08-25,38.27
674,2025-10-09,18.83
674,2025-11-17,41.09
674,2025-12-03,24.86
674,2025-12-12,36.11
675,2024-05-22,15.15
675,2024-07-03,15.39
675,2024-07-08,22.5
675,2024-12-08,17.3
675,2025-02-11,23.94
675,2025-04-30,22.58
675,2025-08-30,13.95
675,2025-12-20,14.76
676,2024-05-20,45.89
677,2024-03-25,32.23
678,2024-04-26,28.23
679,2024-02-06,13.79
679,2024-02-21,12.06
679,2024-04-24,13.35
679,2024-04-25,17.11
679,2024-05-12,12.9
679,2024-05-24,43.04
679,2024-07-31,17.01
680,2024-02-05,12.01
681,2024-02-14,27.53
682,2024-06-14,6.23
683,2024-01-12,16.03
683,2024-09-24,19.79
683,2025-03-29,59.7
684,2024-03-21,48.15
684,2024-11-05,31.82
685,2024-02-07,25.2
685,2024-02-12,17.64
685,2024-04-09,20.95
685,2024-04-17,14.29
686,2024-01-26,12.17
687,2024-05-12,34.16
687,2024-06-15,29.06
687,2024-08-08,10.75
687,2024-08-09,21.57
687,2024-12-18,46.89
688,2024-05-15,233.13
688,2024-06-11,39.26
688,2024-07-05,185.42
688,2024-07-20,89.9
688,2024-07-24,75.89
688,2024-07-30,96.94
688,2024-08-12,52.19
688,2024-08-15,45.96
688,2024-09-07,26.92
688,2024-10-21,86.84
688,2024-12-20,23.42
688,2025-01-07,133.9
688,2025-02-11,58.73
688,2025-03-05,50.02
688,2025-04-20,60.18
688,2025-04-21,68.03
689,2024-03-17,32.44
689,2025-04-13,20.61
689,2025-07-29,56.89
690,2024-05-18,51.93
690,2024-06-29,34.92
690,2024-08-30,52.74
690,2024-10-22,21.45
690,2024-12-22,57.47
690,2025-03-07,24.52
690,2025-03-26,25.95
690,2025-05-02,62.4
690,2025-05-04,18.08
690,2025-05-13,42.51
690,2025-06-14,51.55
690,2025-06-23,9.64
690,2025-08-16,24.77
690,2025-09-01,56.11
690,2025-09-18,55.82
690,2025-12-02,39.49
690,2025-12-14,45.73
691,2024-03-25,11.39
691,2024-04-07,22.46
691,2024-04-07,14.92
691,2024-04-26,13.17
691,2024-06-09,11.36
692,2024-01-09,5.84
693,2024-03-21,16.77
693,2024-04-04,17.97
693,2024-04-10,29.64
693,2024-04-21,23.17
693,2024-04-21,22.46
693,2024-04-26,39.25
693,2024-05-17,13.87
693,2024-06-02,18.86
693,2024-06-04,35.85
693,2024-07-20,22.9
693,2024-09-02,11.83
693,2024-12-09,25.07
693,2025-01-08,38.29
693,2025-02-26,16.07
693,2025-03-24,28.82
693,2025-03-25,52.2
693,2025-04-20,24.44
693,2025-05-08,25.02
693,2025-06-13,30.37
693,2025-06-30,22.93
693,2025-08-06,16.16
693,2025-08-22,22.31
693,2025-12-16,31.59
694,2024-05-25,29.38
694,2024-05-28,22.71
694,2024-07-09,21.18
694,2024-07-26,18.78
695,2024-02-18,20.22
695,2024-06-27,6.81
695,2024-11-28,12.16
695,2025-07-09,19.6
695,2025-11-29,12.73
696,2024-03-22,15.99
697,2024-06-23,77.76
697,2024-07-09,84.93
697,2024-12-02,34.96
697,2025-03-19,35.39
697,2025-05-06,54.93
697,2025-05-26,44.29
697,2025-06-17,58.81
697,2025-11-04,45.86
697,2025-12-09,61.03
698,2024-02-27,45.48
699,2024-04-02,9.84
700,2024-04-28,31.5
701,2024-01-27,83.24
701,2024-02-15,72.11
701,2024-03-15,55.08
701,2024-03-21,48.08
701,2024-04-25,38.9
701,2024-06-21,73.41
701,2024-06-21,34.96
701,2024-10-09,58.43
701,2024-11-29,98.37
702,2024-04-01,40.42
702,2024-04-18,17.35
702,2024-05-18,22.0
702,2024-07-04,20.87
702,2024-11-05,20.76
702,2024-12-31,9.78
702,2025-02-23,20.66
702,2025-05-17,16.27
702,2025-08-12,18.01
703,2024-03-30,24.84
703,2024-04-01,11.4
703,2024-04-06,25.24
703,2024-04-21,7.65
703,2024-07-06,17.8
703,2024-07-17,9.38
703,2024-07-30,13.92
703,2024-10-22,12.91
703,2024-11-14,24.65
703,2024-12-20,13.6
703,2025-01-22,15.88
703,2025-04-09,9.57
703,2025-08-18,20.98
703,2025-08-18,11.5
703,2025-09-10,27.85
703,2025-09-28,11.83
703,2025-10-05,40.06
703,2025-11-29,42.17
703,2025-12-18,21.69
704,2024-05-07,15.31
705,2024-05-01,12.41
705,2024-06-21,26.79
706,2024-06-25,60.32
707,2024-06-28,29.94
707,2024-07-24,31.68
707,2024-08-10,21.14
707,2024-10-04,28.6
707,2024-10-17,46.91
707,2024-10-31,8.28
707,2024-12-02,47.19
707,2024-12-27,9.21
707,2024-12-31,23.89
707,2025-01-27,13.02
707,2025-03-10,22.5
707,2025-03-21,33.8
707,2025-05-02,20.46
707,2025-06-27,60.28
707,2025-08-28,26.55
707,2025-09-26,29.66
707,2025-10-02,27.5
707,2025-11-10,11.5
707,2025-11-21,31.69
707,2025-12-07,15.75
708,2024-02-02,28.84
708,2024-02-27,37.4
708,2024-03-30,11.7
708,2024-04-09,53.79
708,2024-04-11,27.86
708,2024-05-27,22.83
708,2024-06-23,38.05
708,2024-07-09,31.02
709,2024-05-24,15.77
710,2024-02-18,107.78
710,2024-07-02,82.35
710,2024-08-15,119.02
710,2024-10-11,39.53
710,2024-12-10,131.94
710,2025-02-21,77.58
710,2025-04-18,40.27
710,2025-06-06,154.19
710,2025-06-12,68.95
710,2025-10-10,77.95
711,2024-05-29,26.58
711,2024-06-08,33.63
711,2024-07-02,35.9
711,2024-07-18,52.94
711,2024-07-28,52.34
711,2024-08-01,50.17
711,2024-08-10,26.15
711,2024-08-22,34.78
711,2024-09-12,58.19
711,2024-09-23,59.46
711,2024-10-02,40.13
711,2024-10-15,43.53
711,2024-12-05,67.94
711,2024-12-11,52.2
711,2024-12-21,25.73
711,2025-01-01,49.6
711,2025-01-05,38.85
711,2025-01-12,45.94
711,2025-02-15,25.92
711,2025-03-14,38.98
711,2025-04-29,23.88
711,2025-05-03,54.61
711,2025-05-10,26.4
711,2025-05-27,13.92
711,2025-05-27,36.51
711,2025-07-03,28.22
711,2025-07-15,39.81
711,2025-08-18,22.23
711,2025-08-25,22.71
711,2025-08-27,49.61
711,2025-09-02,68.01
711,2025-09-05,39.57
711,2025-09-10,66.38
711,2025-10-10,59.59
711,2025-10-13,32.13
711,2025-10-14,23.37
711,2025-10-19,57.76
711,2025-10-21,58.78
711,2025-10-25,74.07
711,2025-10-28,24.23
711,2025-11-02,71.16
711,2025-11-08,26.45
711,2025-11-29,31.8
711,2025-12-06,17.84
711,2025-12-14,37.1
711,2025-12-14,34.72
711,2025-12-26,54.29
712,2024-05-15,52.62
712,2024-10-04,38.38
712,2025-01-10,61.8
712,2025-01-26,44.97
713,2024-06-19,51.6
714,2024-05-12,42.65
714,2024-06-07,16.86
714,2024-08-14,24.09
714,2024-09-07,16.42
714,2024-09-27,45.12
714,2024-11-07,22.5
714,2024-11-19,11.23
714,2024-12-06,128.09
714,2024-12-18,29.14
714,2024-12-18,47.08
714,2024-12-24,15.42
714,2025-03-05,37.14
714,2025-04-06,47.39
714,2025-06-29,26.6
714,2025-07-04,37.14
714,2025-08-06,15.12
714,2025-09-10,66.58
714,2025-11-07,37.06
714,2025-11-18,59.83
714,2025-11-22,35.86
715,2024-01-31,10.43
715,2024-04-12,16.47
715,2024-05-06,32.67
715,2024-07-10,5.49
715,2024-08-03,25.55
715,2024-08-25,24.92
715,2024-09-14,20.82
715,2024-10-04,16.18
715,2024-11-15,8.77
715,2024-12-09,13.38
715,2025-01-04,21.72
715,2025-01-11,27.43
716,2024-01-24,21.88
717,2024-05-30,20.36
717,2024-12-25,45.9
717,2025-04-21,56.78
718,2024-02-26,32.49
718,2024-03-31,26.34
718,2024-04-02,46.69
718,2024-04-08,44.18
718,2024-04-27,18.16
718,2024-06-13,45.19
718,2024-07-23,29.66
718,2024-08-02,33.99
718,2024-08-26,20.74
718,2024-09-06,37.18
718,2024-09-08,24.35
718,2024-09-29,49.6
718,2024-10-16,32.17
718,2024-10-28,7.57
718,2024-10-31,63.34
718,2024-11-23,34.82
718,2024-12-21,15.21
718,2024-12-29,32.39
718,2025-02-14,32.67
718,2025-02-23,37.1
718,2025-03-03,17.81
718,2025-03-11,57.15
718,2025-03-29,31.62
718,2025-04-03,30.45
718,2025-04-16,32.12
718,2025-04-18,27.66
718,2025-05-09,25.12
719,2024-05-19,27.9
719,2024-05-29,18.83
719,2024-07-24,22.78
720,2024-04-16,11.67
720,2024-04-29,11.25
720,2024-06-02,13.52
720,2024-06-04,16.65
720,2024-06-19,7.14
720,2024-07-24,15.63
720,2024-09-23,13.28
720,2024-10-25,12.15
720,2024-11-10,10.54
720,2024-11-13,13.01
720,2024-11-29,9.9
720,2024-12-03,11.76
720,2025-01-27,16.81
720,2025-02-26,13.05
720,2025-03-25,14.01
720,2025-04-08,17.08
720,2025-05-10,12.78
720,2025-05-31,12.3
720,2025-06-01,8.07
720,2025-06-08,15.93
720,2025-06-21,14.52
720,2025-08-25,19.48
720,2025-09-01,22.82
720,2025-09-18,6.98
720,2025-09-21,26.14
720,2025-10-19,16.37
720,2025-11-28,11.1
721,2024-06-27,37.7
722,2024-06-14,19.53
722,2024-07-05,14.32
722,2024-09-02,18.82
722,2024-09-10,39.18
722,2024-10-04,15.43
722,2024-11-12,10.39
722,2025-02-07,19.41
722,2025-03-05,8.18
722,2025-07-31,12.5
722,2025-12-18,9.17
723,2024-04-08,14.81
723,2024-04-18,11.25
723,2024-05-13,6.44
723,2024-05-16,7.79
723,2024-06-04,9.68
723,2024-06-14,9.34
723,2024-06-18,11.83
723,2024-06-20,14.61
723,2024-07-16,12.09
723,2024-07-22,7.86
723,2024-08-07,10.68
723,2024-08-09,9.42
723,2024-08-25,5.11
723,2024-09-19,13.01
723,2024-09-25,11.82
723,2024-10-03,4.36
723,2024-10-11,21.18
723,2024-10-25,9.71
723,2024-10-31,10.2
723,2024-11-05,16.74
723,2024-11-05,16.25
723,2024-11-12,7.61
723,2024-11-30,7.41
723,2024-12-21,11.12
723,2025-01-07,17.19
723,2025-01-12,20.59
723,2025-01-21,7.48
723,2025-01-26,8.56
723,2025-02-13,21.88
723,2025-03-09,13.84
723,2025-03-12,11.68
723,2025-03-18,10.28
723,2025-03-23,13.04
723,2025-03-29,8.99
723,2025-05-09,10.46
723,2025-05-19,7.69
723,2025-05-23,15.91
723,2025-05-27,13.54
723,2025-07-23,8.06
723,2025-07-28,18.37
723,2025-08-10,11.76
723,2025-08-19,24.1
723,2025-09-02,13.97
723,2025-09-03,10.23
723,2025-09-14,7.15
723,2025-10-19,8.13
723,2025-10-22,8.85
723,2025-10-24,4.4
723,2025-11-02,4.92
723,2025-11-08,15.1
723,2025-11-11,11.33
723,2025-11-24,7.7
723,2025-12-02,11.01
723,2025-12-19,11.53
723,2025-12-27,11.8
724,2024-05-23,22.65
724,2024-08-15,21.79
724,2024-09-05,44.11
724,2024-12-18,55.06
724,2025-02-13,18.95
724,2025-03-05,35.94
724,2025-03-31,48.42
724,2025-05-26,9.47
724,2025-06-11,97.54
724,2025-07-12,30.06
724,2025-07-31,49.75
724,2025-12-20,22.75
725,2024-01-17,14.27
725,2024-01-29,11.96
726,2024-06-25,11.26
726,2024-11-14,20.7
726,2025-01-28,21.92
726,2025-03-20,30.27
726,2025-04-21,17.67
726,2025-06-23,46.02
726,2025-09-03,21.34
726,2025-09-15,20.34
727,2024-02-23,40.88
727,2024-03-27,30.96
727,2024-05-21,25.34
727,2024-06-14,33.7
727,2024-07-23,34.4
727,2024-09-13,11.95
728,2024-03-24,16.89
728,2024-03-25,15.36
729,2024-06-03,13.48
729,2024-06-05,9.25
730,2024-05-25,10.11
730,2025-01-04,20.72
731,2024-01-09,10.92
732,2024-06-13,10.71
732,2024-06-15,30.86
732,2024-07-18,69.43
732,2024-08-19,17.11
732,2024-09-03,24.87
732,2024-10-31,21.88
733,2024-04-26,23.62
733,2024-05-24,8.13
734,2024-03-20,110.53
735,2024-01-30,23.16
735,2024-05-11,14.5
735,2024-08-28,19.07
735,2024-12-14,37.98
735,2025-02-26,20.12
735,2025-05-13,20.83
735,2025-07-03,28.7
736,2024-06-17,24.87
736,2024-07-01,24.24
736,2024-07-21,22.04
736,2024-08-31,46.2
736,2024-11-09,49.68
736,2024-11-15,39.28
736,2024-11-21,4.81
736,2024-12-04,20.24
736,2024-12-07,41.72
736,2025-02-14,37.44
736,2025-03-13,23.95
736,2025-07-24,21.03
736,2025-11-30,31.69
736,2025-12-25,11.13
737,2024-06-11,22.73
737,2024-06-24,19.64
737,2024-06-24,30.11
737,2024-07-20,34.04
737,2024-08-19,14.65
737,2024-09-19,30.9
737,2024-10-03,21.96
737,2024-10-05,14.41
738,2024-03-10,8.69
738,2024-05-09,25.14
738,2024-09-05,19.26
738,2024-10-31,16.03
738,2025-04-05,14.1
738,2025-05-28,31.23
738,2025-06-22,15.69
738,2025-06-23,16.34
738,2025-07-05,29.05
738,2025-11-16,32.94
739,2024-03-26,23.77
739,2024-05-30,29.82
739,2024-06-27,38.39
739,2024-10-06,30.94
739,2025-03-06,21.09
739,2025-04-06,11.99
739,2025-04-15,19.52
739,2025-04-25,23.12
739,2025-06-17,27.78
739,2025-06-26,27.93
739,2025-08-19,23.65
739,2025-09-28,11.14
740,2024-03-22,28.66
740,2024-03-31,21.3
741,2024-03-22,11.42
741,2024-03-27,10.25
741,2024-03-30,18.46
741,2024-04-24,24.38
741,2024-05-10,21.29
741,2024-06-05,17.58
741,2024-06-20,26.81
741,2024-07-07,14.51
741,2024-07-11,24.87
741,2024-07-14,33.9
741,2024-08-09,39.13
741,2024-08-09,30.74
741,2024-08-10,33.04
741,2024-08-13,11.13
741,2024-09-09,20.61
741,2024-09-20,14.89
741,2024-10-23,9.96
741,2024-10-24,26.36
741,2024-11-12,11.1
741,2024-12-16,15.58
741,2024-12-26,36.19
741,2024-12-27,15.24
741,2025-01-22,25.49
741,2025-01-23,39.16
741,2025-01-23,21.12
741,2025-03-07,20.28
741,2025-03-22,24.66
741,2025-03-28,3.43
741,2025-04-06,22.4
741,2025-04-09,17.34
741,2025-04-22,22.9
741,2025-05-08,17.85
741,2025-05-17,33.39
741,2025-05-24,25.02
741,2025-06-07,27.04
741,2025-07-12,14.83
741,2025-08-19,17.27
741,2025-09-17,21.32
741,2025-10-21,11.68
741,2025-11-19,31.57
742,2024-02-18,33.99
742,2024-06-13,17.12
743,2024-01-14,39.01
744,2024-01-15,6.57
745,2024-06-29,53.89
745,2024-07-05,21.49
745,2024-07-08,41.07
745,2024-10-23,47.11
745,2025-02-26,22.44
745,2025-03-01,37.46
745,2025-04-10,40.52
746,2024-04-14,25.58
746,2024-08-16,7.23
746,2024-10-20,14.1
746,2024-10-27,23.99
747,2024-04-28,48.51
747,2024-05-14,139.66
747,2024-10-06,94.8
747,2024-10-10,92.52
748,2024-05-28,23.06
749,2024-04-23,45.92
749,2024-05-06,41.99
749,2024-05-23,42.87
749,2024-10-10,46.68
749,2024-11-17,32.54
749,2025-02-05,13.62
749,2025-09-19,61.32
749,2025-11-08,53.79
749,2025-11-20,48.46
749,2025-12-05,51.92
750,2024-06-03,15.69
750,2024-07-22,17.59
750,2024-07-31,13.78
750,2024-08-20,11.11
750,2024-08-27,11.92
750,2024-09-18,9.15
750,2024-10-05,15.73
750,2024-11-02,6.54
750,2025-01-10,18.62
750,2025-01-17,16.54
750,2025-01-22,15.24
750,2025-02-01,11.8
750,2025-03-21,5.62
750,2025-03-30,9.08
750,2025-04-16,20.26
750,2025-04-26,13.55
750,2025-05-01,5.37
750,2025-05-01,15.75
750,2025-05-02,14.58
750,2025-05-08,10.78
750,2025-06-19,11.72
750,2025-06-23,10.95
750,2025-06-28,11.75
750,2025-06-30,17.22
750,2025-10-08,19.6
750,2025-10-20,7.52
750,2025-11-15,17.82
750,2025-11-28,13.1
751,2024-05-21,29.55
752,2024-06-09,14.21
752,2024-07-06,56.11
752,2024-07-11,28.19
752,2024-07-29,20.71
752,2024-09-04,36.35
752,2024-09-30,52.34
752,2024-10-09,41.86
752,2024-10-12,38.24
752,2024-10-13,28.47
752,2024-10-18,18.22
752,2025-01-03,24.24
752,2025-02-17,26.15
752,2025-04-02,24.57
752,2025-04-10,50.04
752,2025-04-17,28.28
752,2025-05-01,33.35
752,2025-05-14,27.94
752,2025-05-19,46.35
752,2025-05-30,66.89
752,2025-06-07,21.2
752,2025-06-22,23.88
752,2025-07-06,21.23
752,2025-07-07,34.24
752,2025-08-12,32.16
752,2025-09-12,27.79
752,2025-09-13,37.35
752,2025-09-13,34.0
752,2025-10-11,23.63
752,2025-10-21,16.77
752,2025-10-31,33.79
752,2025-12-23,21.72
753,2024-01-06,17.51
754,2024-01-17,85.23
754,2024-02-03,72.18
754,2024-02-09,93.69
754,2024-02-20,196.7
754,2024-03-21,79.04
754,2024-03-23,159.16
754,2024-05-24,203.82
754,2024-06-04,117.35
754,2024-07-10,72.04
754,2024-08-08,89.45
754,2024-09-13,57.68
754,2024-12-04,88.29
754,2025-02-07,37.27
754,2025-02-22,81.87
754,2025-03-02,39.48
754,2025-03-02,111.96
754,2025-05-05,147.8
754,2025-05-27,85.34
754,2025-06-09,143.26
754,2025-06-12,166.34
754,2025-07-30,189.44
754,2025-09-22,75.91
754,2025-09-30,106.37
754,2025-10-20,44.88
754,2025-11-20,100.25
754,2025-12-04,114.66
754,2025-12-16,90.97
755,2024-04-27,24.4
755,2024-05-03,29.02
755,2024-05-05,26.66
755,2024-05-11,54.25
755,2024-06-09,54.5
755,2024-06-12,39.38
755,2024-06-15,21.46
755,2024-06-23,18.38
755,2024-07-07,36.17
755,2024-08-01,31.15
755,2024-08-01,23.33
755,2024-08-12,42.62
755,2024-08-13,29.8
755,2024-08-30,41.93
755,2024-09-07,35.33
755,2024-09-19,14.95
755,2024-09-24,34.3
755,2024-10-07,15.88
755,2024-10-07,32.56
755,2024-10-10,23.5
755,2024-10-24,13.8
755,2024-10-27,37.2
755,2024-11-29,21.23
755,2024-12-08,11.76
755,2025-01-02,40.79
755,2025-02-20,5.21
755,2025-03-02,15.62
755,2025-03-12,38.39
755,2025-03-17,48.83
755,2025-05-22,44.26
755,2025-06-06,61.71
755,2025-06-09,20.93
755,2025-06-23,18.87
755,2025-07-07,38.82
755,2025-07-11,47.98
755,2025-07-16,56.11
755,2025-08-09,3.8
755,2025-08-12,15.32
755,2025-08-12,12.14
755,2025-08-20,21.93
755,2025-08-24,19.27
755,2025-10-04,26.46
755,2025-11-11,41.22
755,2025-11-11,13.01
755,2025-11-14,18.11
755,2025-12-23,55.03
755,2025-12-24,14.99
755,2025-12-27,17.78
755,2025-12-28,13.63
756,2024-05-31,26.5
757,2024-01-17,30.69
757,2024-01-25,23.45
757,2024-04-14,17.9
757,2024-05-01,22.03
757,2024-05-26,24.7
757,2024-06-05,22.52
757,2024-06-18,23.48
757,2024-06-22,29.67
757,2024-08-06,18.93
757,2024-09-05,47.86
757,2024-11-11,36.95
757,2024-11-22,23.0
757,2024-12-21,29.71
757,2025-01-02,27.41
757,2025-02-13,18.2
757,2025-02-20,27.82
757,2025-04-13,19.6
757,2025-04-18,31.49
757,2025-04-20,42.16
757,2025-05-18,17.63
757,2025-07-05,32.08
757,2025-09-05,29.2
757,2025-10-23,43.15
757,2025-11-05,13.48
757,2025-12-05,24.9
758,2024-05-13,21.48
758,2024-06-16,54.26
758,2024-06-18,32.18
758,2024-06-30,14.26
758,2024-07-29,30.07
758,2024-07-31,24.65
758,2024-09-04,46.5
758,2024-10-02,33.01
759,2024-03-05,114.04
759,2024-06-16,91.8
759,2024-07-06,87.99
759,2024-07-10,37.0
759,2024-07-30,209.7
759,2024-08-11,116.41
759,2024-08-27,124.19
759,2024-10-21,102.3
759,2025-02-05,82.21
759,2025-04-24,109.14
759,2025-04-29,169.98
759,2025-05-29,115.71
759,2025-06-22,70.42
759,2025-11-10,101.51
760,2024-06-11,14.06
760,2024-07-09,10.45
761,2024-04-28,36.25
762,2024-01-21,19.67
763,2024-04-30,13.95
763,2024-05-22,35.04
763,2024-09-12,27.46
763,2024-10-04,23.44
763,2025-06-28,26.32
763,2025-08-23,37.53
763,2025-09-19,54.57
763,2025-09-21,22.27
763,2025-09-25,10.39
763,2025-10-14,26.03
763,2025-12-09,20.46
764,2024-03-17,12.58
764,2024-05-14,24.19
764,2024-06-10,21.12
764,2024-08-04,14.91
764,2025-01-25,3.65
764,2025-03-27,20.41
764,2025-05-09,11.07
764,2025-08-17,13.81
765,2024-06-30,39.5
765,2024-09-12,41.61
765,2024-10-27,37.83
765,2024-11-10,26.75
765,2025-03-05,14.15
765,2025-10-08,25.2
765,2025-10-20,25.79
766,2024-02-14,29.45
767,2024-04-27,11.97
767,2024-05-01,35.92
767,2024-05-25,24.86
767,2024-05-25,19.06
767,2024-06-26,24.97
767,2024-08-06,23.95
767,2024-08-19,22.86
767,2024-08-25,24.75
767,2024-09-01,16.11
767,2024-10-04,21.38
767,2024-10-05,46.02
767,2024-10-29,23.81
767,2024-11-29,16.49
767,2024-11-29,31.5
767,2025-01-04,24.07
767,2025-01-04,30.15
767,2025-01-25,42.96
767,2025-02-03,27.68
767,2025-03-12,27.71
767,2025-03-17,38.1
767,2025-03-27,51.23
767,2025-04-18,25.52
767,2025-04-19,20.86
767,2025-05-10,38.57
767,2025-05-19,13.14
767,2025-05-25,20.62
767,2025-06-09,28.09
767,2025-06-13,39.27
767,2025-07-12,18.79
767,2025-07-20,25.03
767,2025-07-22,16.22
767,2025-08-01,15.67
767,2025-08-01,49.84
767,2025-09-17,24.01
767,2025-10-03,14.04
767,2025-11-07,29.56
767,2025-12-22,39.28
768,2024-01-20,5.32
768,2024-01-26,5.69
768,2024-12-30,8.91
768,2025-01-02,4.94
768,2025-10-23,14.33
769,2024-05-01,17.55
770,2024-04-27,13.64
771,2024-04-21,25.0
771,2024-05-19,12.62
771,2024-05-21,24.26
771,2024-06-01,15.72
771,2024-06-03,9.04
771,2024-06-16,17.65
771,2024-06-17,19.85
771,2024-06-20,19.65
771,2024-07-09,29.96
771,2024-07-11,18.0
772,2024-04-29,15.14
772,2024-06-20,17.15
772,2024-09-19,18.81
772,2024-12-08,16.71
772,2025-10-17,26.8
773,2024-04-22,32.17
773,2024-06-23,37.33
773,2024-10-28,18.58
773,2024-11-21,13.85
773,2024-12-19,26.26
773,2025-03-13,17.53
773,2025-06-04,20.24
773,2025-06-30,37.65
773,2025-10-20,19.1
773,2025-12-03,33.15
773,2025-12-05,25.81
774,2024-06-01,50.71
774,2024-06-27,68.68
774,2024-09-10,68.65
774,2024-10-05,106.98
774,2024-10-21,65.3
774,2024-11-12,74.56
774,2024-12-13,60.16
774,2025-04-13,51.91
774,2025-04-30,78.87
774,2025-06-05,89.1
774,2025-08-06,38.91
774,2025-08-19,43.59
774,2025-08-23,57.82
774,2025-09-13,76.07
774,2025-09-29,59.46
774,2025-11-05,109.0
774,2025-11-07,63.56
774,2025-11-11,37.4
775,2024-02-27,14.99
775,2024-03-07,9.2
775,2024-03-17,9.69
775,2024-03-31,14.02
776,2024-06-27,91.29
776,2024-08-08,77.66
777,2024-02-11,7.68
777,2024-02-19,15.14
777,2024-02-19,26.62
778,2024-02-25,12.49
778,2024-08-25,19.85
779,2024-01-30,37.33
779,2024-02-29,38.67
780,2024-01-21,52.02
780,2024-02-13,11.73
780,2024-08-06,34.79
780,2024-09-17,50.66
780,2025-01-17,40.0
780,2025-05-04,40.17
780,2025-07-28,43.87
780,2025-10-02,56.31
780,2025-10-14,31.12
781,2024-05-26,20.12
781,2024-06-17,22.41
781,2024-08-06,23.36
781,2024-08-20,21.32
781,2024-08-24,25.34
781,2024-08-29,13.34
781,2024-09-09,12.74
781,2024-10-09,14.94
781,2025-01-04,26.65
782,2024-04-02,5.13
782,2024-04-03,10.32
782,2024-07-04,9.81
782,2024-07-28,13.2
783,2024-03-29,15.76
783,2024-04-10,20.14
783,2024-04-11,22.95
783,2024-04-29,20.31
783,2024-05-10,25.68
783,2024-05-15,12.15
783,2024-05-23,14.12
783,2024-06-01,6.45
783,2024-06-08,6.78
783,2024-06-16,26.87
783,2024-07-31,17.94
783,2024-07-31,26.17
783,2024-08-09,29.29
783,2024-09-15,28.7
783,2024-09-18,13.33
783,2024-10-03,19.51
783,2024-10-17,24.09
783,2024-10-23,12.34
783,2024-11-01,14.79
783,2024-11-02,14.02
783,2024-11-08,9.56
783,2024-12-15,33.41
783,2024-12-18,16.32
783,2025-01-20,24.41
783,2025-02-04,22.37
783,2025-02-06,11.73
783,2025-02-06,19.3
783,2025-02-16,17.39
783,2025-02-20,10.25
783,2025-03-01,15.58
783,2025-03-06,25.68
783,2025-03-16,26.72
783,2025-03-19,14.12
783,2025-03-29,21.11
783,2025-05-11,2.23
783,2025-05-13,18.9
783,2025-05-27,15.49
783,2025-05-27,9.48
783,2025-05-31,22.31
783,2025-06-29,10.7
783,2025-07-07,18.09
783,2025-07-20,18.26
783,2025-08-03,11.05
783,2025-08-07,14.57
783,2025-09-01,11.28
783,2025-09-06,11.38
783,2025-09-21,9.32
783,2025-09-25,19.07
783,2025-10-05,6.04
783,2025-11-07,23.04
783,2025-11-08,23.64
783,2025-11-20,14.26
783,2025-12-01,16.48
783,2025-12-04,4.15
783,2025-12-14,12.35
783,2025-12-24,12.57
783,2025-12-24,9.96
784,2024-06-26,35.07
784,2024-08-10,73.28
784,2024-08-14,28.17
784,2024-08-24,9.0
784,2025-04-07,41.15
784,2025-05-10,34.45
784,2025-07-05,23.02
784,2025-09-13,71.17
785,2024-05-28,32.83
785,2024-06-07,18.41
785,2024-06-08,109.07
785,2024-08-10,44.64
785,2024-08-13,36.25
785,2024-09-07,35.95
785,2024-09-30,13.2
785,2024-10-01,21.69
785,2024-10-27,40.11
785,2024-12-21,37.02
785,2024-12-30,20.9
785,2025-01-10,16.09
785,2025-02-01,16.01
785,2025-03-16,39.8
785,2025-03-20,14.02
785,2025-03-25,11.96
785,2025-04-19,30.01
785,2025-06-03,25.42
785,2025-06-21,47.84
785,2025-08-05,46.05
785,2025-08-08,21.5
785,2025-08-19,20.27
785,2025-08-29,35.06
785,2025-09-08,50.43
785,2025-10-18,29.68
785,2025-11-02,26.75
785,2025-11-07,21.35
785,2025-12-03,9.11
786,2024-06-23,13.1
786,2024-07-07,44.08
786,2024-07-09,27.03
786,2024-08-26,23.53
786,2024-09-08,9.84
786,2024-09-29,17.88
786,2024-10-09,49.29
786,2024-10-31,14.31
786,2024-11-11,27.88
786,2025-01-16,14.45
786,2025-01-17,34.78
786,2025-02-12,26.89
786,2025-02-23,15.37
786,2025-03-04,21.08
786,2025-04-13,27.21
786,2025-05-12,27.26
786,2025-05-14,12.77
786,2025-08-12,21.13
786,2025-10-13,25.0
786,2025-10-31,11.85
787,2024-01-23,42.36
788,2024-02-22,24.78
788,2024-03-03,21.26
788,2024-03-07,13.02
788,2024-03-14,21.33
788,2024-04-05,12.68
788,2024-04-12,17.52
788,2024-04-14,7.39
788,2024-04-14,33.01
788,2024-04-15,23.77
788,2024-04-25,2.76
788,2024-05-05,16.67
788,2024-05-08,25.72
788,2024-05-14,21.93
788,2024-05-20,39.32
788,2024-05-20,20.06
788,2024-05-21,23.16
788,2024-05-25,15.76
788,2024-06-05,28.43
788,2024-06-05,14.72
788,2024-06-18,18.8
788,2024-06-21,34.05
788,2024-07-03,13.73
788,2024-07-03,35.73
788,2024-07-09,24.75
788,2024-08-02,32.8
788,2024-08-22,18.97
788,2024-09-08,15.79
788,2024-10-24,20.21
788,2024-11-14,12.78
788,2024-11-24,19.55
788,2024-11-25,15.13
788,2024-12-02,25.28
788,2024-12-04,11.1
788,2024-12-10,6.54
788,2024-12-13,14.22
788,2024-12-25,41.45
788,2025-01-07,25.98
788,2025-01-09,18.55
788,2025-01-28,26.08
788,2025-01-29,20.57
788,2025-01-30,28.73
788,2025-02-01,20.16
788,2025-02-17,16.44
788,2025-02-24,18.2
788,2025-03-01,32.11
788,2025-03-07,34.3
788,2025-03-08,18.24
788,2025-03-08,14.46
788,2025-03-24,17.1
788,2025-03-27,17.62
788,2025-04-13,26.93
788,2025-04-22,22.07
788,2025-04-26,15.52
788,2025-04-27,25.68
788,2025-04-27,14.9
788,2025-05-08,8.25
788,2025-05-10,26.61
788,2025-05-16,12.93
788,2025-06-12,11.19
788,2025-06-27,30.13
788,2025-06-30,14.92
788,2025-07-16,27.87
788,2025-07-20,20.48
788,2025-07-26,9.87
788,2025-08-19,31.43
788,2025-08-20,23.95
788,2025-08-21,15.87
788,2025-08-22,18.91
788,2025-08-26,4.04
788,2025-09-13,8.39
788,2025-10-06,26.58
788,2025-10-10,11.36
788,2025-10-31,19.88
789,2024-01-14,12.9
789,2024-01-28,16.45
789,2024-03-13,12.04
789,2024-05-08,28.84
790,2024-02-18,38.12
791,2024-03-12,10.27
791,2024-03-25,7.23
792,2024-04-01,10.34
792,2024-07-01,8.87
792,2024-11-01,23.79
792,2024-12-09,22.89
792,2024-12-22,33.66
792,2025-02-16,26.12
792,2025-03-13,12.51
793,2024-02-01,25.47
794,2024-06-03,61.85
795,2024-04-30,8.03
796,2024-05-25,28.79
797,2024-05-25,17.7
797,2024-08-07,13.36
797,2024-10-26,9.05
797,2024-12-02,21.89
797,2024-12-10,17.96
797,2025-02-27,21.16
798,2024-02-22,13.48
798,2024-03-14,16.41
798,2024-03-20,24.54
798,2024-03-22,40.26
798,2024-03-25,37.61
798,2024-04-11,14.03
798,2024-04-12,60.55
798,2024-04-17,72.67
798,2024-04-20,24.21
798,2024-04-29,38.47
798,2024-05-08,40.31
798,2024-05-15,42.55
798,2024-05-17,39.9
799,2024-05-10,11.81
800,2024-03-15,16.6
800,2024-03-16,18.67
800,2024-03-29,20.25
801,2024-05-15,23.63
801,2024-07-05,24.93
801,2024-07-10,24.72
801,2024-08-26,18.31
801,2024-11-23,27.87
801,2024-12-26,16.93
801,2025-01-10,9.52
802,2024-02-21,54.58
802,2024-02-25,83.14
802,2024-04-19,69.91
802,2024-06-09,77.84
802,2024-07-16,74.36
802,2024-08-14,60.88
802,2024-09-08,58.34
802,2024-10-13,67.76
802,2024-10-28,79.02
802,2024-12-07,48.67
802,2024-12-26,38.23
802,2025-03-14,27.12
802,2025-03-30,57.18
802,2025-04-02,58.63
802,2025-04-15,51.97
802,2025-09-08,110.64
802,2025-10-17,63.91
802,2025-11-19,122.42
803,2024-03-03,80.19
803,2024-03-23,106.84
804,2024-06-28,25.57
804,2025-01-27,8.59
804,2025-09-04,26.05
804,2025-09-14,22.49
804,2025-09-27,37.83
805,2024-04-11,23.68
805,2024-11-25,6.04
806,2024-01-02,24.54
806,2024-08-05,6.53
806,2024-08-07,25.67
806,2024-11-21,22.62
806,2025-04-30,16.92
807,2024-05-30,4.79
808,2024-03-06,22.93
808,2024-05-29,18.48
808,2025-11-29,16.99
809,2024-01-19,32.89
809,2024-01-23,23.02
809,2024-02-23,67.42
809,2024-05-03,73.31
809,2024-06-11,80.07
809,2024-08-25,61.34
809,2024-09-27,53.18
809,2025-01-14,66.19
809,2025-01-28,52.69
809,2025-06-11,78.33
809,2025-07-03,46.33
809,2025-09-07,41.03
809,2025-09-19,41.72
809,2025-09-26,27.68
809,2025-10-28,58.13
809,2025-12-24,131.71
810,2024-06-22,16.75
811,2024-05-21,6.55
812,2024-04-28,4.05
812,2024-08-06,8.56
812,2024-09-02,11.07
812,2024-09-14,5.21
812,2024-11-14,9.69
812,2024-12-01,9.76
813,2024-01-06,47.41
813,2024-06-03,21.98
813,2025-09-08,12.07
814,2024-01-26,13.65
815,2024-02-24,13.1
815,2024-04-11,12.81
816,2024-01-06,37.62
817,2024-01-14,12.04
818,2024-06-16,87.14
819,2024-04-24,19.51
820,2024-04-29,32.46
821,2024-06-19,41.78
822,2024-06-22,16.44
822,2025-05-18,10.81
822,2025-06-06,5.65
823,2024-05-10,7.13
823,2024-08-04,10.18
823,2024-09-03,12.5
824,2024-06-05,41.97
824,2024-06-07,59.74
824,2024-09-04,60.81
824,2024-09-14,13.91
824,2024-10-24,54.72
824,2025-01-19,35.85
824,2025-02-02,25.9
824,2025-05-01,71.94
824,2025-07-21,42.66
825,2024-03-09,13.65
825,2024-03-26,5.93
825,2024-04-01,22.12
825,2024-04-06,12.5
825,2024-04-26,12.26
825,2024-05-01,6.92
825,2024-05-05,12.31
825,2024-05-09,11.53
826,2024-01-29,51.29
826,2024-02-16,19.74
826,2025-02-11,42.44
827,2024-03-16,19.48
827,2024-07-21,35.88
827,2024-11-05,25.32
827,2024-11-24,17.15
828,2024-03-06,25.09
828,2024-03-30,25.95
828,2024-06-23,20.13
828,2024-08-21,32.45
828,2024-09-19,17.16
828,2024-10-03,34.36
828,2024-12-15,23.5
828,2024-12-31,42.98
829,2024-04-04,21.76
829,2024-10-05,23.67
829,2024-11-21,14.83
829,2024-12-11,10.72
829,2024-12-23,9.51
829,2025-01-19,15.67
829,2025-03-02,18.39
829,2025-04-09,30.5
829,2025-05-03,16.8
829,2025-06-01,14.32
829,2025-07-13,17.25
829,2025-07-13,12.77
829,2025-09-09,18.51
829,2025-09-10,19.1
829,2025-09-21,13.73
829,2025-09-25,12.67
830,2024-04-21,3.26
830,2024-05-28,7.23
830,2024-07-14,8.85
830,2024-07-15,7.58
830,2024-09-21,11.09
830,2024-10-01,6.51
830,2024-10-13,7.1
830,2025-03-24,7.33
830,2025-04-06,5.91
830,2025-04-06,9.59
830,2025-08-01,5.57
830,2025-08-30,11.95
830,2025-09-12,4.36
830,2025-09-15,6.84
830,2025-09-21,4.0
830,2025-09-21,5.09
830,2025-09-23,5.71
830,2025-10-12,10.34
830,2025-10-13,4.43
830,2025-11-17,9.72
830,2025-11-22,7.13
830,2025-12-20,8.21
830,2025-12-22,8.63
831,2024-02-25,15.17
831,2024-02-29,12.63
831,2024-03-18,20.39
831,2024-03-24,13.78
831,2024-04-16,19.08
831,2024-04-17,16.72
831,2024-04-24,16.0
831,2024-04-30,29.17
831,2024-05-03,13.36
831,2024-05-08,11.62
831,2024-05-28,8.93
831,2024-05-31,25.79
831,2024-07-03,10.82
831,2024-07-08,15.8
831,2024-08-01,9.27
831,2024-08-13,13.0
831,2024-08-25,18.98
831,2024-09-05,11.13
831,2024-09-08,24.77
831,2024-09-22,20.09
831,2024-10-10,22.62
831,2024-10-10,24.2
831,2024-10-15,20.97
831,2024-10-21,12.04
831,2024-11-04,15.53
831,2024-11-08,12.23
831,2024-11-25,19.77
831,2024-11-29,18.49
831,2025-01-09,29.56
831,2025-02-04,15.95
831,2025-02-08,11.24
831,2025-02-08,12.52
831,2025-03-03,12.32
831,2025-03-12,9.57
831,2025-03-23,4.96
831,2025-03-25,8.47
831,2025-03-27,17.22
831,2025-03-28,9.35
831,2025-04-04,14.99
831,2025-04-08,15.25
831,2025-04-10,16.53
831,2025-05-04,6.12
831,2025-05-26,17.36
831,2025-05-30,16.89
831,2025-06-06,14.97
831,2025-06-06,10.71
831,2025-06-12,18.64
831,2025-06-16,7.76
831,2025-06-17,27.5
831,2025-07-02,20.39
831,2025-07-07,10.88
831,2025-07-08,21.13
831,2025-07-08,15.09
831,2025-07-29,14.17
831,2025-08-12,7.4
831,2025-08-13,26.35
831,2025-08-13,13.48
831,2025-08-14,10.43
831,2025-08-16,23.57
831,2025-08-18,13.24
831,2025-08-21,10.48
831,2025-08-23,16.86
831,2025-09-05,19.72
831,2025-09-06,12.76
831,2025-10-04,5.41
831,2025-10-04,19.42
831,2025-10-15,7.62
831,2025-10-26,6.9
831,2025-10-27,16.58
831,2025-10-28,19.1
831,2025-11-29,8.82
831,2025-12-06,8.16
831,2025-12-17,15.0
831,2025-12-25,15.6
832,2024-02-24,5.89
833,2024-06-09,26.58
834,2024-03-09,76.04
834,2024-03-22,120.46
835,2024-03-30,20.34
836,2024-06-22,13.41
836,2024-09-06,11.66
837,2024-01-21,16.89
837,2024-03-16,19.16
837,2024-03-30,29.83
837,2024-06-05,72.23
837,2024-06-17,21.77
837,2024-09-21,38.47
837,2024-11-21,39.97
837,2024-11-26,27.33
837,2024-12-13,20.32
837,2024-12-29,28.07
837,2025-02-02,42.95
837,2025-02-28,41.91
837,2025-02-28,38.67
837,2025-03-05,30.26
837,2025-12-26,31.26
838,2024-05-05,14.18
838,2024-05-18,15.35
838,2024-05-20,9.15
838,2024-06-18,12.99
838,2024-06-22,26.18
838,2024-07-08,8.64
838,2024-07-13,20.66
838,2024-08-18,16.19
838,2024-08-19,19.8
838,2024-09-11,10.94
838,2024-09-12,18.35
838,2024-09-12,16.2
838,2024-11-03,25.04
838,2024-11-05,15.45
838,2024-11-10,10.31
838,2024-12-22,17.53
838,2024-12-30,21.77
838,2025-01-05,20.3
838,2025-01-21,13.08
838,2025-01-21,9.39
838,2025-02-08,30.34
838,2025-02-21,37.27
838,2025-02-21,12.59
838,2025-02-27,18.45
838,2025-03-03,12.1
838,2025-03-05,14.02
839,2024-05-09,45.6
840,2024-06-15,15.86
840,2024-08-07,25.73
840,2024-09-07,21.6
841,2024-04-07,33.15
842,2024-02-26,14.04
842,2024-03-19,22.53
842,2024-04-03,36.0
842,2024-04-09,11.84
842,2024-05-11,11.25
842,2024-05-11,27.24
842,2024-06-17,9.77
842,2024-06-20,18.43
842,2024-07-29,16.58
842,2024-07-31,24.82
842,2024-09-05,18.76
843,2024-05-27,39.94
843,2024-06-07,34.38
843,2024-06-23,34.02
843,2024-06-27,22.69
843,2024-07-07,19.53
843,2024-07-24,30.16
843,2024-08-04,44.48
843,2024-09-21,66.21
843,2024-09-25,42.81
843,2025-01-15,17.55
843,2025-02-19,24.55
843,2025-03-23,25.54
843,2025-03-25,29.72
843,2025-04-11,53.44
843,2025-06-03,24.86
843,2025-06-23,68.36
844,2024-06-11,9.79
844,2024-06-17,21.93
844,2024-07-19,13.66
844,2024-10-25,9.83
845,2024-01-06,59.56
845,2024-01-13,50.34
846,2024-02-27,12.81
846,2024-04-15,8.6
846,2024-05-02,12.49
846,2024-05-06,8.96
846,2024-07-06,8.51
846,2024-07-11,9.65
846,2024-07-22,9.9
846,2024-12-18,9.75
846,2025-01-09,6.17
846,2025-02-13,9.51
846,2025-03-02,11.96
846,2025-03-12,8.6
846,2025-04-07,12.6
846,2025-04-12,6.66
846,2025-05-23,10.37
846,2025-06-30,15.16
846,2025-07-02,4.23
846,2025-07-20,9.56
846,2025-08-21,6.9
847,2024-06-25,39.07
848,2024-04-27,19.92
848,2024-05-10,18.92
849,2024-05-14,52.24
850,2024-05-07,20.88
850,2024-05-11,22.37
851,2024-01-07,18.21
851,2024-05-04,20.16
851,2024-06-28,12.35
851,2024-09-12,17.23
851,2024-10-02,13.47
851,2024-11-06,7.01
851,2024-11-25,28.14
851,2025-01-29,42.31
851,2025-03-11,16.83
851,2025-06-14,34.63
851,2025-10-20,27.79
852,2024-02-09,10.62
852,2024-03-08,8.76
852,2024-03-28,17.1
852,2024-04-14,18.54
852,2024-05-09,21.98
852,2024-05-22,19.6
852,2024-07-08,23.47
852,2024-09-06,20.64
852,2024-10-15,18.89
852,2024-11-11,18.31
852,2024-11-25,16.69
852,2025-03-03,12.34
852,2025-05-24,24.42
852,2025-07-15,13.7
852,2025-10-08,20.6
852,2025-10-09,5.94
852,2025-11-18,20.25
853,2024-04-03,10.76
854,2024-04-09,24.69
855,2024-04-01,33.5
855,2024-04-05,17.2
855,2024-04-16,19.13
855,2024-04-16,16.91
855,2024-04-17,13.81
855,2024-04-22,8.93
855,2024-05-29,4.92
855,2024-06-02,18.81
855,2024-06-05,20.76
855,2024-06-08,11.01
855,2024-07-04,14.05
855,2024-07-26,7.07
855,2024-08-24,12.93
855,2024-09-01,7.33
855,2024-09-05,5.27
855,2024-09-06,33.73
855,2024-09-13,12.79
855,2024-09-19,12.73
855,2024-10-08,15.87
855,2024-11-10,36.81
855,2024-12-09,18.51
855,2024-12-20,7.83
855,2025-02-03,7.85
855,2025-02-10,11.61
855,2025-02-14,19.0
855,2025-02-19,9.64
855,2025-03-13,28.37
855,2025-03-18,11.73
855,2025-03-19,15.04
855,2025-03-27,15.27
855,2025-03-28,19.89
855,2025-04-15,20.98
855,2025-04-20,16.1
855,2025-04-27,19.14
855,2025-05-16,8.56
855,2025-05-17,9.76
855,2025-06-02,22.0
855,2025-07-04,25.8
855,2025-07-15,14.13
855,2025-07-30,13.5
855,2025-08-20,11.63
855,2025-08-21,16.59
855,2025-09-02,31.78
855,2025-09-09,14.64
855,2025-09-17,11.54
855,2025-09-23,17.8
855,2025-10-10,11.49
855,2025-10-17,12.53
855,2025-11-05,10.5
855,2025-11-25,22.24
855,2025-12-15,25.88
856,2024-06-21,57.04
856,2024-06-28,161.62
856,2024-07-06,49.69
856,2024-09-12,55.86
856,2025-02-03,53.47
857,2024-03-22,213.57
857,2024-06-20,108.07
857,2024-06-30,132.45
857,2024-07-20,99.67
858,2024-05-18,11.85
859,2024-05-01,23.77
859,2024-07-19,7.4
859,2024-07-20,14.8
859,2024-07-31,12.37
859,2024-08-12,28.52
859,2024-08-17,9.74
859,2024-10-29,16.59
859,2024-11-05,22.83
859,2024-11-07,16.25
859,2025-02-21,11.98
859,2025-03-02,21.12
859,2025-03-02,10.15
859,2025-06-08,21.97
859,2025-06-22,6.67
859,2025-08-26,7.84
859,2025-09-05,12.53
859,2025-09-30,16.18
860,2024-02-14,28.2
861,2024-05-04,25.61
861,2024-05-10,12.84
862,2024-02-01,18.12
862,2024-02-04,40.69
862,2024-02-05,23.15
863,2024-03-14,11.39
864,2024-01-03,77.12
864,2024-06-23,48.35
864,2024-10-21,39.68
865,2024-01-15,21.6
866,2024-06-06,22.78
866,2024-06-17,24.12
866,2024-08-13,48.44
866,2024-08-19,53.67
866,2024-09-13,33.2
866,2024-09-19,37.73
866,2024-10-16,42.75
866,2024-12-03,29.18
866,2024-12-25,16.87
866,2025-01-02,50.97
866,2025-01-22,50.84
866,2025-01-28,37.27
866,2025-02-15,13.23
866,2025-02-24,31.32
866,2025-03-19,31.04
866,2025-03-23,45.9
866,2025-03-31,43.4
866,2025-04-07,40.54
866,2025-04-07,34.96
866,2025-05-08,44.38
866,2025-05-28,49.06
866,2025-08-20,29.57
866,2025-09-24,22.93
866,2025-11-04,17.55
866,2025-11-08,29.71
866,2025-11-26,23.83
866,2025-12-26,16.07
866,2025-12-26,23.42
867,2024-01-12,14.09
867,2024-01-17,13.41
867,2024-03-14,11.05
867,2024-08-07,7.7
867,2024-12-07,15.32
868,2024-01-22,42.89
868,2024-02-26,37.2
868,2024-03-06,22.7
868,2024-04-04,17.31
868,2024-05-15,24.19
868,2024-07-07,15.91
869,2024-01-16,9.45
870,2024-01-12,23.88
870,2024-01-18,14.21
870,2024-05-01,66.9
870,2024-05-20,19.74
870,2024-08-23,20.96
870,2025-03-22,44.35
870,2025-05-10,49.98
870,2025-12-25,30.68
870,2025-12-28,36.37
871,2024-04-07,24.44
871,2024-04-21,18.25
872,2024-02-15,12.11
872,2025-04-23,19.12
872,2025-07-17,10.42
872,2025-08-19,6.78
873,2024-06-08,25.84
874,2024-01-02,11.79
875,2024-05-20,54.58
875,2024-05-26,26.51
875,2024-06-01,23.91
875,2024-06-07,27.01
875,2024-06-10,26.93
875,2024-06-22,54.46
875,2024-06-28,30.34
875,2024-06-30,43.22
876,2024-02-20,22.51
876,2024-02-21,34.3
876,2025-06-12,20.75
877,2024-03-31,38.43
877,2024-04-05,15.7
877,2024-04-23,48.1
877,2024-05-07,42.4
877,2024-05-30,35.75
877,2024-06-09,20.2
877,2024-08-16,31.48
877,2024-10-14,23.71
877,2024-12-25,26.39
877,2025-01-08,14.64
877,2025-02-22,17.41
877,2025-03-11,29.87
877,2025-06-07,32.15
877,2025-06-10,24.74
877,2025-07-10,26.68
877,2025-07-24,30.87
877,2025-08-07,26.71
877,2025-08-15,36.06
877,2025-09-06,39.65
877,2025-10-02,38.16
877,2025-11-30,40.09
878,2024-01-07,25.23
879,2024-05-16,39.45
879,2024-06-27,17.86
879,2024-07-18,67.02
879,2024-10-24,67.49
879,2025-01-10,28.01
880,2024-03-10,46.97
880,2024-04-01,36.87
880,2024-07-05,17.0
880,2024-09-27,28.25
880,2024-10-10,62.67
880,2024-10-12,42.62
880,2025-04-08,53.43
880,2025-04-14,38.31
880,2025-08-29,37.88
880,2025-09-29,63.01
880,2025-10-18,32.22
880,2025-10-28,94.22
881,2024-06-08,8.08
882,2024-05-21,10.17
882,2024-06-13,20.69
882,2024-06-13,25.24
882,2024-06-20,16.1
882,2024-07-02,9.29
882,2024-07-13,7.34
882,2024-07-29,21.85
882,2024-08-09,19.16
882,2024-08-13,17.42
882,2024-08-22,9.76
882,2024-08-27,16.09
882,2024-09-03,8.62
882,2024-09-07,9.8
882,2024-09-24,9.71
883,2024-06-11,61.46
883,2024-08-02,53.2
883,2024-10-12,30.51
883,2025-05-12,17.02
884,2024-05-23,12.55
884,2024-12-11,18.28
884,2025-03-07,11.66
885,2024-01-31,52.62
886,2024-04-23,22.4
886,2024-05-25,13.29
886,2024-07-03,27.16
886,2024-07-19,22.77
886,2024-09-19,33.35
886,2024-10-06,35.76
887,2024-04-26,15.03
887,2024-10-23,30.3
887,2024-11-02,21.71
887,2024-12-06,21.12
887,2025-05-18,32.32
888,2024-02-03,17.12
888,2024-02-17,28.9
888,2024-02-24,13.8
888,2024-03-10,42.22
888,2024-06-22,25.52
888,2024-07-18,28.44
888,2024-08-16,9.42
888,2024-09-15,28.69
888,2024-11-12,31.25
888,2024-11-30,29.03
888,2024-12-10,15.89
888,2024-12-10,18.11
888,2025-01-05,16.71
888,2025-02-26,16.26
888,2025-03-28,29.95
888,2025-04-02,34.25
888,2025-04-17,34.89
888,2025-05-06,12.91
888,2025-07-11,26.83
889,2024-03-15,9.51
889,2024-09-12,9.29
889,2024-10-01,8.94
889,2024-12-04,20.91
889,2024-12-29,17.56
889,2025-03-07,11.32
889,2025-06-25,33.93
889,2025-07-07,7.78
890,2024-06-23,30.79
890,2024-06-28,20.75
890,2024-07-25,42.11
890,2024-09-03,41.02
890,2025-03-01,24.83
890,2025-04-13,38.27
890,2025-05-23,15.66
890,2025-08-04,22.16
890,2025-11-12,42.98
890,2025-11-16,50.02
890,2025-11-28,26.91
891,2024-01-23,19.71
892,2024-04-12,18.6
893,2024-06-23,24.7
893,2024-06-23,18.42
893,2024-07-01,47.91
893,2024-07-04,15.51
893,2024-07-20,20.58
893,2024-07-26,20.85
893,2024-08-13,16.78
893,2024-08-26,9.66
893,2024-09-02,14.7
893,2024-09-28,26.72
893,2025-01-09,21.05
893,2025-01-13,33.26
893,2025-01-14,37.39
893,2025-01-25,44.82
893,2025-02-05,28.63
893,2025-02-06,8.57
893,2025-04-14,25.26
893,2025-05-30,29.08
893,2025-06-12,45.72
893,2025-06-20,42.83
893,2025-06-27,20.3
893,2025-06-30,37.87
893,2025-07-21,27.44
893,2025-07-29,14.68
893,2025-08-25,25.7
893,2025-09-16,21.11
893,2025-09-20,35.35
893,2025-09-20,31.53
893,2025-10-12,36.09
893,2025-10-18,26.81
893,2025-10-18,11.85
893,2025-11-10,28.39
893,2025-11-15,18.16
893,2025-12-02,24.22
894,2024-01-14,23.75
894,2024-01-14,46.66
894,2024-01-20,6.35
894,2024-01-28,42.85
894,2024-02-01,5.5
894,2024-02-03,15.82
894,2024-02-05,33.91
894,2024-02-11,73.59
894,2024-02-11,39.81
894,2024-02-15,35.38
894,2024-02-20,16.08
894,2024-02-25,34.54
894,2024-03-02,21.18
894,2024-03-04,36.65
894,2024-03-06,30.43
894,2024-03-14,22.12
894,2024-03-18,54.51
894,2024-03-18,31.55
894,2024-03-21,30.54
894,2024-03-27,25.75
894,2024-04-04,25.87
894,2024-04-06,39.81
894,2024-04-10,38.01
894,2024-04-19,35.09
894,2024-04-24,25.48
894,2024-04-27,32.13
894,2024-05-01,64.29
894,2024-05-09,30.74
894,2024-05-16,35.03
894,2024-05-23,35.2
894,2024-05-29,53.04
894,2024-05-31,22.15
894,2024-06-01,26.55
894,2024-06-05,46.54
894,2024-06-15,31.84
894,2024-06-25,27.17
894,2024-06-25,36.73
894,2024-07-04,18.79
894,2024-07-06,36.57
894,2024-07-07,22.36
894,2024-07-08,33.42
894,2024-07-10,40.94
894,2024-07-14,20.43
894,2024-07-17,14.17
894,2024-07-19,13.77
894,2024-07-31,28.53
894,2024-08-04,27.47
894,2024-08-17,29.42
894,2024-08-21,19.97
894,2024-08-24,33.05
894,2024-09-01,14.46
894,2024-09-09,42.41
894,2024-09-14,25.94
894,2024-09-15,21.11
894,2024-09-19,58.66
894,2024-09-20,53.69
894,2024-09-20,49.72
894,2024-09-30,13.13
894,2024-10-05,41.52
894,2024-10-08,13.79
894,2024-10-09,10.69
894,2024-10-19,26.24
894,2024-10-22,25.76
894,2024-10-24,17.46
894,2024-11-18,18.64
894,2024-11-21,31.7
894,2024-11-23,42.31
894,2024-12-29,13.3
894,2025-01-05,19.17
894,2025-01-09,38.78
894,2025-01-13,23.8
894,2025-01-17,24.77
894,2025-01-24,32.2
894,2025-02-03,25.52
894,2025-02-04,44.65
894,2025-02-10,32.93
894,2025-02-17,13.45
894,2025-03-08,45.36
894,2025-03-10,34.27
894,2025-03-11,22.0
894,2025-03-13,42.38
894,2025-03-13,40.83
894,2025-03-18,22.24
894,2025-03-22,51.52
894,2025-04-07,69.19
894,2025-04-08,52.62
894,2025-04-11,19.97
894,2025-04-11,27.4
894,2025-04-16,26.71
894,2025-04-17,32.98
894,2025-04-24,26.87
894,2025-05-04,30.78
894,2025-05-16,22.67
894,2025-05-20,26.37
894,2025-05-20,27.37
894,2025-05-20,43.34
894,2025-05-24,10.83
894,2025-05-25,33.56
894,2025-05-27,23.68
894,2025-05-28,16.21
894,2025-06-02,38.09
894,2025-06-14,35.29
894,2025-06-14,27.63
894,2025-06-16,10.66
894,2025-06-28,25.3
894,2025-07-01,31.4
894,2025-07-05,20.22
894,2025-07-19,10.15
894,2025-07-23,45.81
894,2025-07-28,38.83
894,2025-08-03,33.1
895,2024-05-20,13.28
896,2024-05-01,16.93
897,2024-06-15,68.74
897,2024-07-21,44.43
898,2024-06-27,10.94
898,2024-08-13,37.52
898,2024-09-27,16.18
898,2024-11-29,39.01
898,2024-12-04,37.58
898,2025-01-22,23.68
898,2025-03-09,37.43
898,2025-09-04,20.96
898,2025-11-13,28.77
899,2024-04-10,171.73
899,2024-08-28,101.39
900,2024-06-17,18.36
900,2024-11-26,7.94
900,2025-06-04,15.34
901,2024-04-07,20.16
902,2024-02-29,4.48
902,2024-03-02,9.39
902,2024-03-03,4.99
902,2024-03-06,7.49
902,2024-03-19,14.52
902,2024-03-19,6.91
902,2024-03-25,6.94
902,2024-03-27,9.34
902,2024-03-31,17.38
902,2024-04-08,12.23
902,2024-04-12,12.13
902,2024-04-20,11.55
902,2024-05-02,10.32
902,2024-05-04,10.22
902,2024-05-19,16.82
902,2024-06-30,4.48
902,2024-07-09,10.02
902,2024-08-22,7.42
902,2024-09-01,17.5
902,2024-09-02,16.28
902,2024-09-09,19.22
902,2024-09-10,6.62
902,2024-09-12,16.16
902,2024-09-20,4.25
902,2024-09-30,17.86
902,2024-10-30,18.58
902,2024-10-31,8.05
902,2024-11-06,17.79
902,2024-11-29,12.7
902,2024-12-02,6.3
902,2024-12-05,17.46
902,2024-12-14,12.2
902,2024-12-16,10.08
902,2024-12-18,16.82
902,2025-02-09,14.58
902,2025-02-12,8.49
902,2025-03-01,7.61
902,2025-03-22,5.42
902,2025-03-24,6.71
902,2025-03-27,12.49
902,2025-04-02,16.68
902,2025-04-28,6.58
902,2025-05-15,13.58
902,2025-06-01,3.82
902,2025-06-02,21.31
902,2025-06-09,11.21
902,2025-07-09,3.87
902,2025-07-17,9.44
902,2025-08-12,15.58
902,2025-08-29,12.72
902,2025-09-03,17.01
902,2025-09-09,17.37
902,2025-09-11,6.79
902,2025-09-14,7.56
902,2025-09-26,10.49
902,2025-10-04,5.77
902,2025-10-04,12.38
902,2025-10-20,3.77
902,2025-10-25,9.01
902,2025-10-26,16.0
902,2025-11-10,17.66
902,2025-11-27,11.87
902,2025-12-14,7.55
902,2025-12-16,9.9
903,2024-05-14,46.72
904,2024-01-25,15.5
904,2024-03-11,11.47
904,2024-03-11,22.52
904,2024-03-18,19.28
904,2024-04-26,27.8
904,2024-08-26,11.62
904,2024-10-31,18.26
904,2024-11-12,21.94
904,2024-12-03,15.7
904,2024-12-22,17.36
904,2025-04-20,23.61
904,2025-05-29,16.01
904,2025-12-22,29.51
905,2024-02-08,11.86
905,2024-02-14,12.65
905,2024-10-23,10.04
905,2025-03-04,10.3
906,2024-06-17,15.87
906,2024-07-07,43.76
907,2024-03-06,15.24
907,2024-06-29,12.91
907,2024-07-09,26.18
907,2025-01-09,17.24
907,2025-01-10,14.56
907,2025-06-07,21.74
907,2025-06-16,13.36
907,2025-07-31,11.33
907,2025-08-06,16.88
907,2025-09-06,9.36
907,2025-11-22,14.53
907,2025-11-27,10.4
907,2025-12-11,17.7
907,2025-12-22,20.08
908,2024-04-02,23.55
908,2024-04-06,34.86
908,2024-04-17,11.75
908,2024-05-21,19.52
908,2024-05-21,34.64
908,2024-06-02,11.79
908,2024-07-02,30.03
908,2024-07-16,34.47
908,2024-09-01,27.1
908,2024-09-27,14.15
908,2024-10-07,21.61
908,2024-10-21,34.22
909,2024-02-08,65.15
909,2024-03-21,26.62
909,2024-05-09,39.41
909,2024-05-12,39.95
909,2024-06-11,33.16
909,2024-06-29,17.85
909,2024-08-15,27.71
909,2024-11-01,28.08
909,2025-01-03,25.64
909,2025-04-27,25.51
909,2025-06-17,26.02
909,2025-07-07,16.7
909,2025-08-28,19.67
909,2025-09-16,17.03
909,2025-09-27,29.34
909,2025-10-11,19.16
909,2025-10-17,38.26
909,2025-11-27,19.58
910,2024-06-10,23.44
910,2024-06-25,30.95
910,2024-06-30,28.09
910,2024-07-23,27.56
910,2024-07-29,47.75
910,2024-07-30,22.91
910,2024-08-23,10.26
910,2024-09-24,12.6
910,2024-10-01,36.57
910,2024-10-22,61.17
910,2024-10-29,24.38
910,2024-11-06,17.39
910,2024-11-08,41.66
910,2024-11-11,11.81
910,2024-11-24,34.29
910,2024-11-26,26.17
910,2025-01-05,21.55
910,2025-01-18,21.77
910,2025-01-18,43.51
910,2025-01-25,46.6
910,2025-01-30,46.15
910,2025-02-07,23.29
910,2025-02-07,13.88
910,2025-02-11,49.6
910,2025-02-15,20.95
910,2025-03-14,28.44
910,2025-03-20,22.22
910,2025-04-12,31.08
910,2025-04-15,19.61
910,2025-04-26,30.09
910,2025-05-08,21.38
910,2025-05-11,31.24
910,2025-05-12,26.16
910,2025-05-25,41.94
910,2025-06-21,4.87
910,2025-06-27,33.25
910,2025-06-29,17.58
910,2025-07-02,28.92
910,2025-07-07,38.4
910,2025-07-15,24.57
910,2025-07-16,19.37
910,2025-07-17,31.18
910,2025-07-30,29.02
910,2025-07-31,35.24
910,2025-08-06,31.82
910,2025-08-11,41.32
910,2025-08-11,27.98
910,2025-08-20,34.76
910,2025-08-20,15.24
910,2025-10-15,32.97
910,2025-10-26,10.47
910,2025-11-01,26.03
910,2025-11-05,34.23
910,2025-11-07,31.04
910,2025-11-11,45.03
910,2025-11-12,35.39
910,2025-11-21,34.14
910,2025-12-01,47.44
910,2025-12-06,29.61
910,2025-12-27,70.63
911,2024-01-16,24.71
911,2024-02-07,38.67
911,2024-02-12,21.58
912,2024-05-17,13.54
913,2024-05-21,16.31
913,2024-05-28,28.11
914,2024-05-09,6.13
914,2024-07-10,8.99
914,2025-01-03,4.34
914,2025-01-06,14.16
914,2025-01-12,18.73
914,2025-09-07,20.37
914,2025-10-24,11.07
914,2025-12-02,16.66
915,2024-05-02,28.14
915,2024-05-02,37.89
915,2024-05-10,24.32
915,2024-08-30,27.02
915,2025-09-11,41.19
915,2025-09-17,42.13
916,2024-06-15,32.74
916,2024-08-11,39.07
917,2024-03-17,29.46
917,2024-03-27,18.69
917,2024-04-08,13.13
917,2024-04-17,13.07
917,2024-04-21,18.96
917,2024-04-25,10.34
918,2024-06-14,20.76
918,2024-07-09,29.05
918,2024-07-26,32.54
918,2024-09-01,41.19
918,2024-09-29,23.32
918,2024-10-01,39.47
918,2024-11-27,41.77
918,2024-12-13,51.47
918,2025-01-25,34.42
918,2025-04-30,42.06
918,2025-06-05,36.68
918,2025-06-16,34.44
918,2025-06-20,49.39
918,2025-07-07,23.61
918,2025-08-29,25.9
918,2025-10-07,26.89
918,2025-10-08,30.81
918,2025-10-27,22.79
918,2025-12-12,57.89
918,2025-12-18,59.58
919,2024-02-29,74.53
920,2024-06-30,10.7
921,2024-01-07,13.69
921,2024-03-05,13.07
921,2024-03-26,7.75
921,2024-05-09,10.08
921,2024-08-19,5.26
921,2025-03-01,9.27
921,2025-05-14,12.09
921,2025-05-29,6.61
922,2024-02-16,15.73
923,2024-04-08,43.52
923,2024-04-10,29.25
923,2024-04-16,9.37
923,2024-04-27,40.74
923,2024-05-03,15.22
923,2024-05-16,38.85
923,2024-06-02,19.81
923,2024-06-21,37.3
923,2024-07-01,22.28
923,2024-07-01,36.06
924,2024-05-29,32.37
924,2024-08-17,21.0
924,2024-08-28,12.05
924,2024-09-04,8.25
924,2024-12-01,6.91
924,2025-01-22,8.6
924,2025-06-24,11.15
924,2025-09-25,10.8
924,2025-10-30,11.55
924,2025-11-17,19.96
925,2024-05-30,15.84
926,2024-01-07,13.98
927,2024-02-05,25.72
927,2024-02-24,23.55
927,2024-02-29,19.99
927,2024-04-08,17.16
927,2025-05-30,17.89
927,2025-06-01,14.59
927,2025-06-08,19.49
927,2025-06-23,24.51
927,2025-10-05,16.56
927,2025-10-19,22.31
927,2025-12-16,12.38
927,2025-12-27,27.4
928,2024-06-13,10.63
928,2024-07-16,6.99
928,2024-07-28,17.83
928,2024-09-20,22.26
928,2024-09-30,21.02
928,2024-10-19,10.12
928,2024-11-17,15.71
928,2024-11-24,13.06
928,2024-11-25,15.94
928,2025-01-06,31.63
928,2025-02-28,14.72
928,2025-03-23,13.95
928,2025-03-23,11.03
928,2025-05-10,12.64
928,2025-06-02,6.74
928,2025-06-29,19.02
928,2025-07-25,17.78
928,2025-08-11,16.03
928,2025-09-08,15.22
928,2025-09-24,25.08
928,2025-10-08,7.18
928,2025-11-15,14.45
929,2024-01-22,11.76
930,2024-04-29,37.62
930,2024-06-05,23.51
930,2024-06-29,32.0
930,2024-07-01,28.55
930,2024-07-05,30.42
930,2024-07-25,35.8
931,2024-04-20,25.07
931,2024-04-22,34.37
931,2024-04-30,26.03
931,2024-05-01,47.5
931,2024-05-01,41.46
932,2024-04-24,14.37
932,2024-05-09,13.08
932,2024-12-28,20.83
933,2024-02-22,33.24
933,2024-05-29,33.24
933,2025-05-08,27.22
934,2024-01-20,12.7
935,2024-05-05,15.3
936,2024-03-06,13.09
937,2024-06-19,21.72
937,2024-08-05,22.42
937,2024-10-20,22.28
938,2024-01-31,78.49
939,2024-02-06,13.67
939,2024-10-15,5.1
939,2024-10-15,8.88
939,2024-12-26,18.53
939,2025-02-17,8.67
939,2025-08-06,10.88
939,2025-09-07,9.96
940,2024-06-18,30.25
941,2024-01-26,8.78
941,2024-01-27,13.51
942,2024-04-26,17.26
942,2024-08-11,22.95
942,2024-09-04,29.77
942,2025-02-01,21.75
942,2025-02-23,20.31
942,2025-04-11,30.34
942,2025-05-09,34.77
942,2025-07-29,31.84
943,2024-05-25,4.95
944,2024-01-13,22.16
944,2024-01-29,14.43
944,2024-11-25,39.86
945,2024-05-12,19.19
945,2024-06-06,25.29
945,2024-10-05,25.08
945,2024-10-07,71.88
945,2024-11-14,43.7
945,2024-12-15,26.36
945,2025-03-17,23.72
945,2025-04-13,28.98
945,2025-07-05,10.71
945,2025-07-05,53.01
945,2025-07-05,64.07
945,2025-09-07,13.93
945,2025-09-28,46.98
945,2025-10-04,37.99
945,2025-12-09,34.4
946,2024-03-12,38.62
946,2025-11-21,87.18
946,2025-12-24,124.02
947,2024-03-18,91.56
947,2024-07-25,190.38
948,2024-01-13,3.61
948,2024-03-03,14.1
948,2024-04-06,12.56
948,2024-04-30,10.46
948,2024-05-26,12.62
949,2024-01-03,18.95
950,2024-05-09,14.79
950,2024-05-22,13.91
950,2024-07-22,38.54
951,2024-06-29,21.09
952,2024-05-07,22.84
953,2024-06-29,25.59
954,2024-01-05,107.66
954,2024-05-30,111.55
954,2024-06-03,57.63
954,2024-07-15,55.45
955,2024-02-27,29.29
956,2024-03-12,16.59
957,2024-04-30,17.61
957,2025-06-11,22.63
958,2024-01-13,7.43
958,2024-03-14,6.54
958,2024-09-09,6.09
959,2024-06-15,9.5
959,2024-08-31,8.1
959,2024-09-03,7.58
959,2024-10-10,25.02
959,2025-01-24,25.03
960,2024-05-01,13.29
960,2024-05-04,31.94
960,2024-05-26,19.49
960,2024-07-12,17.23
960,2024-09-08,9.52
960,2024-09-28,44.51
960,2024-12-23,11.66
960,2025-01-03,19.75
960,2025-03-04,19.87
960,2025-03-24,6.07
960,2025-04-02,23.83
960,2025-04-29,22.21
960,2025-05-29,13.4
961,2024-05-19,25.76
962,2024-03-11,17.28
962,2024-05-29,19.45
962,2024-07-19,37.2
963,2024-03-16,21.02
963,2024-03-27,12.24
964,2024-02-13,52.59
964,2024-02-28,66.01
965,2024-01-19,11.24
965,2024-03-27,12.04
965,2024-04-24,17.67
965,2024-05-22,8.29
965,2024-06-03,19.78
965,2024-06-11,9.95
965,2024-07-20,19.56
965,2024-07-24,9.14
965,2024-08-03,18.29
965,2024-08-07,25.29
965,2024-08-18,15.91
965,2024-08-22,19.94
965,2024-10-11,9.26
965,2024-10-13,10.64
965,2024-10-28,10.71
965,2024-11-15,23.84
965,2025-01-05,15.62
965,2025-01-17,11.34
965,2025-01-19,7.72
965,2025-01-22,15.71
965,2025-02-12,13.52
965,2025-05-29,25.82
965,2025-06-02,16.62
965,2025-06-03,17.56
965,2025-08-14,18.0
965,2025-09-03,18.59
965,2025-09-07,28.68
965,2025-10-12,16.93
965,2025-10-15,16.4
965,2025-10-30,10.43
965,2025-11-10,11.84
965,2025-12-17,13.25
966,2024-01-26,13.27
967,2024-06-05,6.92
967,2024-07-07,16.35
967,2024-09-01,7.78
967,2024-09-02,10.57
967,2024-09-18,27.92
967,2024-11-04,28.76
968,2024-05-24,8.87
969,2024-03-10,22.76
969,2024-03-10,36.1
969,2024-04-15,23.85
969,2024-04-26,24.57
969,2024-04-29,17.45
969,2024-06-29,19.57
969,2024-07-03,38.22
969,2024-07-13,40.92
969,2024-08-09,28.9
969,2024-08-20,16.89
969,2024-09-04,13.03
969,2024-09-14,5.77
969,2024-10-23,21.45
969,2024-10-23,19.41
969,2024-10-24,20.16
969,2024-11-25,26.61
969,2024-12-03,25.15
969,2024-12-05,10.36
969,2025-01-18,18.63
969,2025-01-24,25.06
969,2025-02-08,25.63
969,2025-04-06,13.24
969,2025-04-18,26.36
969,2025-06-04,15.27
969,2025-06-20,10.46
969,2025-07-12,13.61
970,2024-06-30,21.92
970,2024-11-26,34.05
970,2024-12-09,46.21
970,2025-01-21,28.69
970,2025-01-28,33.82
971,2024-02-03,119.18
972,2024-02-11,155.09
972,2024-03-02,113.22
972,2024-03-09,175.21
972,2024-03-10,163.52
972,2024-07-08,131.79
972,2025-01-07,73.01
972,2025-01-30,111.89
972,2025-02-09,132.68
972,2025-04-07,184.14
972,2025-04-16,159.43
972,2025-07-18,84.23
972,2025-08-10,70.46
972,2025-09-06,221.18
972,2025-10-18,113.77
972,2025-11-01,65.58
972,2025-11-12,237.17
972,2025-11-28,96.21
972,2025-12-23,124.94
973,2024-01-02,17.64
973,2024-01-29,21.25
973,2024-05-19,15.77
973,2024-10-21,28.32
974,2024-06-08,19.05
974,2024-09-01,43.77
974,2024-12-10,11.91
974,2024-12-26,8.46
974,2025-04-12,21.54
974,2025-10-01,15.22
974,2025-11-18,11.8
974,2025-12-11,20.45
974,2025-12-24,10.86
975,2024-04-02,27.12
976,2024-04-04,11.61
976,2024-05-15,17.66
976,2024-05-30,24.75
976,2024-10-12,14.92
976,2025-01-03,17.23
976,2025-02-20,14.93
976,2025-06-08,8.92
976,2025-09-08,5.55
976,2025-09-24,5.62
976,2025-12-16,16.0
977,2024-03-19,29.52
977,2024-03-25,24.7
977,2024-03-31,19.96
977,2024-04-05,7.56
977,2024-05-02,24.86
978,2024-04-30,12.62
978,2024-07-25,20.44
978,2025-06-15,20.43
979,2024-04-04,34.61
980,2024-05-28,14.31
980,2024-09-01,21.97
980,2024-09-05,25.1
980,2024-10-15,22.29
980,2024-12-17,36.42
980,2024-12-21,30.23
980,2025-02-03,15.05
980,2025-02-19,23.25
980,2025-02-28,33.84
980,2025-03-18,18.71
980,2025-04-08,20.3
980,2025-05-17,31.68
980,2025-05-17,27.23
980,2025-06-10,18.98
980,2025-06-14,15.3
980,2025-08-05,40.54
980,2025-09-09,37.63
980,2025-09-15,49.29
980,2025-09-17,16.01
980,2025-09-20,42.81
980,2025-09-24,32.6
980,2025-10-05,10.54
981,2024-04-07,51.85
981,2024-10-06,59.66
981,2024-10-18,30.8
981,2024-10-21,35.08
981,2024-10-22,20.12
981,2024-11-07,29.04
981,2024-12-08,53.97
981,2025-02-19,21.09
981,2025-03-30,50.56
981,2025-10-28,36.88
982,2024-01-26,26.07
982,2024-03-06,41.53
983,2024-02-21,14.51
983,2024-05-19,30.76
983,2024-06-04,28.28
983,2024-06-19,15.5
983,2024-09-09,12.55
983,2024-11-20,13.97
983,2025-07-02,10.06
983,2025-11-13,31.01
984,2024-01-18,110.04
984,2024-01-27,144.74
984,2024-01-31,97.25
984,2024-02-03,124.76
984,2024-02-17,128.72
984,2024-02-20,62.75
984,2024-02-28,45.09
984,2024-03-01,100.11
984,2024-03-10,104.17
984,2024-03-25,101.75
984,2024-04-03,204.62
984,2024-04-05,70.95
984,2024-04-13,105.29
984,2024-04-26,87.73
984,2024-05-13,147.91
984,2024-05-27,45.13
984,2024-06-22,107.76
984,2024-06-22,93.42
984,2024-07-01,119.2
984,2024-07-04,125.42
984,2024-07-22,58.39
984,2024-08-05,96.83
984,2024-09-06,116.35
984,2024-09-13,72.7
984,2024-09-18,193.85
984,2024-09-21,89.9
984,2024-10-29,110.63
984,2024-11-03,191.64
984,2024-11-12,74.18
984,2024-11-29,86.62
984,2024-12-22,175.02
984,2025-01-02,175.72
984,2025-01-16,99.34
984,2025-02-01,189.91
984,2025-02-07,121.03
984,2025-02-14,122.07
984,2025-02-16,94.73
984,2025-02-25,89.95
984,2025-02-27,84.75
984,2025-03-20,139.1
984,2025-04-01,75.01
984,2025-05-15,170.53
984,2025-05-19,117.65
984,2025-05-24,185.59
984,2025-05-30,113.41
984,2025-06-06,138.65
984,2025-07-02,81.14
984,2025-07-13,109.55
984,2025-08-14,156.77
984,2025-09-06,67.26
984,2025-09-18,97.29
984,2025-09-27,128.56
984,2025-10-06,88.95
984,2025-10-25,149.31
984,2025-11-04,40.6
984,2025-12-09,54.84
984,2025-12-19,84.72
984,2025-12-26,155.78
985,2024-02-13,12.59
986,2024-02-19,67.36
987,2024-04-15,30.42
988,2024-05-26,25.42
988,2024-06-28,26.66
988,2024-08-30,18.88
988,2024-08-30,13.62
988,2024-11-28,22.74
988,2024-12-31,31.75
988,2025-01-11,25.27
988,2025-01-23,17.36
988,2025-01-26,21.24
988,2025-02-10,15.05
988,2025-04-10,22.38
988,2025-04-11,42.23
988,2025-06-22,17.97
988,2025-08-01,6.52
988,2025-08-07,56.99
988,2025-08-17,14.91
988,2025-09-25,39.8
988,2025-10-05,8.28
988,2025-10-08,18.61
988,2025-10-24,8.33
988,2025-11-20,23.24
989,2024-03-06,16.41
989,2024-05-03,15.75
989,2024-06-04,26.93
989,2024-07-06,13.78
989,2024-07-24,23.51
989,2024-07-25,17.02
989,2024-09-02,45.84
990,2024-02-04,134.67
990,2024-04-16,53.11
991,2024-01-31,4.32
991,2024-05-29,9.44
991,2024-06-23,7.25
991,2024-12-06,6.14
991,2025-02-12,3.44
991,2025-03-21,6.64
991,2025-03-28,6.61
991,2025-06-16,8.06
991,2025-07-16,7.75
991,2025-09-05,7.92
991,2025-09-26,3.42
991,2025-12-18,9.07
992,2024-05-24,18.01
992,2024-05-27,34.55
992,2024-06-27,14.04
992,2024-07-20,27.05
992,2024-08-19,33.98
992,2024-10-03,6.24
992,2024-10-26,16.51
992,2024-12-20,24.38
992,2025-01-07,10.27
992,2025-02-26,24.67
992,2025-06-18,10.8
992,2025-08-27,35.38
992,2025-11-11,21.72
993,2024-04-08,38.13
994,2024-04-24,41.65
994,2025-04-10,29.65
994,2025-08-09,5.71
995,2024-04-12,65.99
995,2024-04-28,93.54
995,2024-04-30,23.89
995,2024-05-22,39.54
995,2024-07-18,43.61
995,2024-09-02,29.68
996,2024-04-20,21.44
997,2024-03-17,33.32
997,2024-10-15,31.02
997,2024-12-21,21.74
998,2024-01-16,17.69
998,2024-01-20,11.18
999,2024-05-20,11.73
999,2024-05-23,9.71
1000,2024-05-08,32.36
1001,2024-05-28,13.65
1001,2024-07-08,12.54
1002,2024-04-16,7.79
1002,2024-04-18,8.91
1002,2024-06-03,20.63
1002,2024-06-08,9.98
1002,2024-07-21,9.01
1002,2024-08-16,18.65
1002,2024-08-17,9.01
1002,2024-08-17,22.63
1002,2024-09-08,14.42
1002,2024-10-12,29.81
1002,2024-11-18,8.68
1002,2024-11-21,18.01
1002,2024-12-17,23.34
1002,2025-01-25,6.47
1002,2025-02-02,20.95
1002,2025-03-29,7.46
1002,2025-07-27,14.97
1002,2025-08-02,15.57
1002,2025-09-08,14.49
1002,2025-11-06,4.67
1002,2025-11-24,13.44
1002,2025-12-03,23.03
1002,2025-12-07,14.06
1002,2025-12-09,9.08
1002,2025-12-26,14.93
1003,2024-03-15,57.23
1004,2024-05-14,39.44
1005,2024-05-24,22.49
1006,2024-03-03,18.62
1006,2024-04-09,19.07
1006,2024-04-15,9.41
1007,2024-01-04,46.89
1007,2024-03-08,31.67
1008,2024-04-27,15.7
1009,2024-06-05,57.65
1009,2024-09-05,89.64
1009,2024-10-02,79.46
1010,2024-01-03,46.61
1010,2024-01-17,24.63
1010,2024-06-02,52.33
1010,2024-08-31,39.06
1010,2024-09-22,16.73
1011,2024-02-03,20.33
1012,2024-03-28,40.91
1012,2024-04-14,32.93
1012,2024-04-23,45.03
1012,2024-05-16,85.8
1012,2024-05-29,71.85
1012,2024-06-05,74.88
1012,2024-06-13,93.84
1012,2024-06-17,22.24
1012,2024-07-30,42.46
1012,2024-08-05,36.93
1012,2024-09-02,99.85
1012,2024-09-30,63.0
1012,2024-10-05,120.7
1012,2024-10-12,52.93
1012,2024-11-06,81.91
1012,2024-11-18,89.95
1012,2024-11-28,112.51
1013,2024-05-14,7.81
1014,2024-02-27,9.69
1015,2024-06-12,7.62
1015,2024-06-16,14.59
1015,2024-09-14,71.53
1015,2025-07-17,33.53
1015,2025-07-23,23.21
1015,2025-09-12,16.67
1015,2025-11-04,40.94
1015,2025-12-02,12.29
1016,2024-06-20,36.08
1016,2024-07-16,38.81
1016,2024-07-27,40.47
1016,2025-05-05,52.0
1016,2025-06-21,52.52
1017,2024-02-02,20.65
1018,2024-05-23,17.23
1018,2024-05-29,30.81
1018,2024-07-16,13.1
1018,2024-08-02,7.29
1019,2024-04-30,31.59
1019,2024-05-25,25.64
1019,2024-06-11,32.54
1019,2024-07-10,24.87
1019,2024-08-18,22.76
1019,2024-11-09,23.21
1019,2024-12-04,16.24
1019,2024-12-05,18.52
1019,2024-12-05,34.44
1019,2024-12-19,21.99
1019,2024-12-27,27.06
1019,2025-01-14,9.24
1019,2025-05-06,20.85
1020,2024-06-29,18.11
1020,2024-11-01,27.55
1020,2024-11-01,23.38
1020,2025-01-07,78.46
1020,2025-04-23,30.68
1020,2025-07-03,36.02
1020,2025-07-12,67.29
1020,2025-08-02,75.47
1021,2024-02-06,69.04
1022,2024-03-17,23.96
1022,2024-07-30,15.06
1022,2024-12-29,10.93
1022,2025-02-07,20.34
1022,2025-03-12,12.17
1022,2025-04-28,21.57
1023,2024-03-15,25.88
1023,2024-03-20,82.68
1023,2024-03-25,78.05
1023,2024-04-28,70.14
1023,2024-05-15,26.26
1024,2024-02-21,14.64
1024,2024-03-03,31.78
1024,2024-03-06,19.86
1025,2024-06-07,27.38
1025,2025-05-21,22.76
1025,2025-09-07,28.58
1026,2024-04-21,11.06
1026,2024-07-19,52.0
1027,2024-05-23,49.35
1027,2024-09-21,22.99
1027,2025-11-18,26.14
1028,2024-04-25,24.52
1028,2024-05-27,25.46
1028,2024-06-09,55.86
1028,2024-07-16,68.93
1028,2024-07-17,62.21
1028,2025-01-07,32.09
1028,2025-02-26,70.7
1028,2025-02-27,47.36
1028,2025-06-14,34.76
1029,2024-05-02,25.64
1029,2024-05-05,16.09
1029,2024-05-19,21.65
1029,2024-06-14,24.19
1029,2024-08-08,40.6
1029,2024-09-30,29.12
1029,2024-10-16,25.31
1029,2024-10-28,49.07
1029,2024-12-23,14.76
1029,2025-01-01,8.11
1029,2025-01-03,24.78
1029,2025-02-16,35.47
1029,2025-04-18,34.6
1029,2025-04-19,22.57
1029,2025-05-12,27.71
1029,2025-10-26,20.65
1029,2025-11-12,14.5
1030,2024-02-21,37.15
1031,2024-04-19,16.29
1031,2024-05-09,11.43
1032,2024-04-11,19.48
1032,2024-08-17,23.39
1032,2024-12-20,15.94
1032,2025-02-22,11.64
1033,2024-06-10,64.16
1033,2024-07-27,112.07
1034,2024-01-18,7.79
1035,2024-06-07,20.98
1035,2025-01-14,36.27
1035,2025-05-24,13.47
1035,2025-10-06,19.08
1036,2024-06-19,24.2
1036,2024-08-08,31.62
1037,2024-03-16,70.69
1038,2024-01-15,27.76
1038,2024-04-13,28.92
1038,2024-04-24,38.63
1038,2024-08-21,26.85
1038,2024-09-18,39.53
1038,2024-10-03,33.76
1038,2024-11-08,13.79
1038,2024-12-02,28.32
1038,2024-12-14,24.88
1038,2025-01-27,54.19
1039,2024-02-26,22.78
1039,2024-03-29,22.11
1039,2024-04-01,25.82
1039,2024-05-15,27.77
1039,2024-07-11,13.32
1039,2024-09-05,20.84
1039,2024-09-25,29.07
1039,2024-11-14,28.8
1039,2024-12-05,27.59
1039,2025-01-15,15.44
1039,2025-03-15,23.54
1039,2025-04-25,22.74
1039,2025-05-02,19.79
1039,2025-06-07,35.96
1039,2025-06-11,34.64
1039,2025-06-25,12.76
1039,2025-09-23,14.58
1039,2025-09-30,8.9
1039,2025-10-06,50.54
1039,2025-11-26,18.35
1039,2025-12-24,20.24
1040,2024-06-20,39.95
1041,2024-03-15,35.75
1041,2024-04-15,14.13
1041,2024-05-15,13.48
1041,2024-07-27,25.02
1041,2024-11-08,19.29
1041,2024-11-10,19.35
1041,2024-12-25,33.34
1041,2025-01-08,18.16
1041,2025-01-30,39.73
1041,2025-04-03,34.77
1041,2025-04-12,20.93
1041,2025-05-21,19.55
1041,2025-09-16,6.37
1041,2025-10-10,20.46
1041,2025-10-20,22.09
1041,2025-12-09,22.43
1042,2024-04-07,21.47
1043,2024-01-26,48.83
1044,2024-05-07,84.04
1044,2024-06-04,30.73
1045,2024-04-10,33.9
1045,2024-12-01,23.07
1045,2024-12-02,51.56
1045,2025-02-02,22.84
1045,2025-02-23,38.78
1045,2025-07-28,23.56
1045,2025-11-07,29.94
1046,2024-04-18,27.49
1046,2024-09-21,28.24
1046,2025-03-28,21.38
1046,2025-04-28,29.53
1046,2025-05-16,22.21
1046,2025-06-23,30.83
1047,2024-05-08,17.0
1048,2024-01-26,11.25
1049,2024-05-08,28.18
1049,2025-07-04,21.17
1049,2025-07-25,16.41
1050,2024-05-05,15.71
1050,2024-11-08,22.56
1051,2024-01-18,35.25
1051,2024-02-03,35.77
1051,2024-02-15,8.41
1051,2024-02-26,85.61
1052,2024-04-22,15.33
1052,2024-04-27,17.54
1052,2024-05-03,43.03
1052,2024-05-04,25.69
1052,2024-05-09,13.5
1052,2024-05-24,15.94
1052,2024-07-12,25.45
1052,2024-07-31,29.38
1052,2024-08-18,21.66
1052,2024-09-01,8.99
1052,2024-09-06,12.78
1052,2024-09-11,21.97
1052,2024-09-23,30.06
1052,2024-09-27,12.81
1052,2024-09-27,14.91
1052,2024-10-01,35.48
1052,2024-10-17,36.11
1052,2024-10-19,13.07
1052,2024-10-20,27.26
1052,2024-11-07,19.62
1052,2024-11-14,24.82
1052,2024-11-15,22.04
1052,2024-11-23,9.61
1052,2024-12-17,25.54
1052,2024-12-30,25.06
1052,2025-01-30,12.64
1052,2025-02-09,14.95
1052,2025-03-07,20.06
1052,2025-03-10,28.48
1052,2025-03-17,8.75
1053,2024-06-15,56.96
1054,2024-02-13,13.18
1054,2024-02-24,19.39
1054,2024-03-17,20.71
1054,2024-04-13,29.5
1054,2024-04-25,27.91
1054,2024-05-28,29.35
1054,2024-07-01,31.9
1054,2024-07-09,22.15
1054,2024-08-17,19.11
1054,2024-09-12,49.96
1054,2024-10-07,38.44
1054,2025-01-06,18.05
1054,2025-01-11,36.52
1054,2025-01-15,31.32
1054,2025-01-15,27.99
1054,2025-02-01,13.86
1054,2025-02-15,31.51
1054,2025-03-05,31.73
1054,2025-04-22,27.42
1054,2025-05-06,18.31
1054,2025-07-02,38.19
1054,2025-07-29,50.62
1054,2025-08-04,14.52
1054,2025-08-09,27.99
1054,2025-08-21,16.56
1054,2025-09-12,21.71
1054,2025-09-22,24.96
1054,2025-10-01,70.68
1054,2025-11-25,21.99
1054,2025-12-20,41.66
1055,2024-02-17,36.07
1055,2024-02-22,31.75
1055,2024-03-25,29.71
1055,2024-04-12,7.29
1055,2024-04-20,27.05
1055,2024-04-27,20.93
1055,2024-04-27,27.92
1055,2024-06-05,31.94
1055,2024-06-06,24.48
1056,2024-05-19,21.03
1057,2024-03-16,25.61
1057,2024-08-09,40.26
1057,2025-01-26,10.19
1057,2025-02-17,26.25
1057,2025-03-03,65.45
1057,2025-07-16,39.01
1057,2025-10-13,21.48
1057,2025-12-16,50.03
1058,2024-06-25,36.33
1058,2024-09-06,60.35
1058,2025-06-27,39.04
1059,2024-06-11,7.24
1060,2024-03-20,12.84
1060,2024-04-06,10.93
1060,2024-05-22,17.44
1060,2024-11-04,21.12
1060,2024-11-07,17.37
1060,2025-01-23,26.07
1060,2025-02-23,13.91
1060,2025-02-26,20.91
1060,2025-04-06,29.54
1060,2025-05-06,14.67
1060,2025-10-12,8.6
1060,2025-10-20,44.42
1061,2024-01-06,38.19
1061,2024-04-07,36.86
1061,2024-04-25,12.97
1061,2024-05-03,21.67
1061,2024-06-21,16.28
1061,2024-07-08,27.93
1061,2024-07-16,16.44
1062,2024-05-26,18.71
1062,2024-07-02,15.07
1062,2024-11-15,26.84
1062,2024-12-31,24.94
1063,2024-05-31,15.6
1063,2024-06-07,27.16
1063,2024-07-03,8.77
1063,2024-08-06,21.29
1063,2024-08-21,18.13
1063,2024-09-19,14.05
1063,2024-12-13,37.84
1063,2024-12-28,11.61
1063,2024-12-30,28.77
1063,2025-02-13,18.15
1063,2025-03-06,8.06
1063,2025-03-20,19.8
1063,2025-04-28,7.16
1063,2025-06-07,18.07
1063,2025-07-04,20.93
1063,2025-08-01,17.79
1063,2025-08-21,21.07
1063,2025-08-24,34.13
1064,2024-02-04,48.48
1065,2024-02-10,46.31
1066,2024-03-05,13.01
1067,2024-05-25,35.52
1067,2025-10-26,27.9
1068,2024-06-15,42.57
1068,2024-07-28,49.57
1068,2024-10-01,47.8
1068,2024-10-08,53.32
1068,2024-12-11,54.95
1068,2025-01-01,38.34
1068,2025-03-05,86.3
1068,2025-03-08,64.22
1068,2025-03-20,69.6
1068,2025-04-03,87.15
1068,2025-05-02,115.06
1068,2025-05-05,52.78
1068,2025-05-10,45.21
1068,2025-07-14,22.56
1068,2025-08-29,27.36
1068,2025-09-26,57.77
1068,2025-10-16,56.69
1068,2025-11-25,92.25
1068,2025-12-19,40.8
1069,2024-05-07,25.24
1070,2024-03-01,18.5
1070,2024-04-03,14.15
1070,2024-12-09,10.3
1070,2024-12-18,12.06
1070,2025-07-02,15.77
1070,2025-07-11,11.26
1071,2024-06-15,20.95
1071,2024-06-16,32.47
1071,2024-06-16,17.29
1071,2024-06-18,15.26
1071,2024-06-26,5.9
1071,2024-07-03,27.11
1071,2024-07-05,25.04
1071,2024-07-05,12.45
1071,2024-07-09,45.4
1071,2024-07-30,44.14
1071,2024-08-20,32.33
1071,2024-08-21,26.57
1071,2024-08-24,18.1
1071,2024-09-06,36.89
1071,2024-09-08,23.28
1071,2024-09-18,20.1
1071,2024-10-03,30.04
1071,2024-10-14,13.8
1071,2024-10-16,21.04
1071,2024-11-15,40.04
1071,2024-11-24,48.97
1071,2024-11-25,8.89
1071,2024-12-11,37.67
1071,2024-12-14,32.95
1071,2024-12-29,31.63
1071,2025-01-26,24.79
1071,2025-02-18,41.44
1071,2025-02-21,27.08
1071,2025-02-28,27.24
1071,2025-03-02,24.99
1071,2025-03-10,12.73
1071,2025-03-18,53.49
1071,2025-03-30,21.34
1071,2025-04-04,24.14
1071,2025-04-29,31.57
1071,2025-05-04,19.62
1071,2025-05-04,22.01
1071,2025-05-10,31.5
1071,2025-05-13,14.4
1071,2025-05-15,26.46
1071,2025-05-15,30.22
1071,2025-05-19,16.42
1071,2025-05-26,18.97
1071,2025-05-29,32.1
1071,2025-05-31,18.45
1071,2025-06-02,20.59
1071,2025-06-21,32.49
1071,2025-06-26,22.05
1071,2025-07-06,31.35
1071,2025-07-06,26.54
1071,2025-07-14,23.33
1071,2025-07-18,38.15
1071,2025-07-29,20.04
1071,2025-08-13,15.22
1071,2025-08-14,14.14
1071,2025-08-30,46.19
1071,2025-09-11,35.55
1071,2025-09-15,39.67
1071,2025-09-28,21.28
1071,2025-09-29,26.98
1071,2025-10-11,32.21
1071,2025-10-14,23.47
1071,2025-10-24,25.41
1071,2025-10-26,30.11
1071,2025-11-12,28.9
1071,2025-11-14,26.57
1071,2025-11-21,38.0
1071,2025-11-21,40.13
1071,2025-11-26,29.62
1071,2025-12-14,23.26
1071,2025-12-28,17.76
1072,2024-04-18,34.96
1072,2024-04-19,51.85
1072,2024-04-22,27.87
1072,2024-05-04,28.02
1072,2024-08-19,20.03
1072,2024-08-21,35.39
1072,2024-09-01,29.14
1072,2024-09-04,34.19
1072,2024-09-05,13.51
1072,2024-10-10,30.59
1072,2024-10-12,26.64
1072,2024-11-05,31.52
1072,2024-12-01,40.87
1072,2024-12-28,24.34
1072,2025-01-01,13.85
1072,2025-01-12,22.65
1072,2025-01-20,29.16
1072,2025-03-01,24.66
1072,2025-04-05,11.96
1072,2025-04-07,25.0
1072,2025-04-28,17.06
1072,2025-05-18,22.42
1072,2025-05-23,21.88
1072,2025-08-26,15.88
1072,2025-08-29,13.89
1072,2025-08-31,43.89
1072,2025-09-19,15.4
1072,2025-11-08,34.24
1072,2025-11-21,32.25
1072,2025-11-30,48.44
1073,2024-04-16,22.56
1073,2024-04-18,21.31
1073,2024-04-28,42.55
1074,2024-01-19,25.0
1075,2024-03-11,32.09
1076,2024-06-13,18.29
1076,2024-06-13,21.91
1077,2024-02-21,14.23
1077,2024-04-16,24.56
1077,2024-07-10,23.81
1077,2024-07-10,35.41
1077,2024-07-10,9.7
1077,2024-08-11,24.47
1077,2024-09-11,24.9
1077,2024-09-12,17.17
1077,2024-10-18,10.71
1078,2024-04-16,37.9
1078,2024-05-04,31.84
1078,2024-05-27,22.82
1078,2024-06-29,15.49
1078,2024-08-18,25.65
1078,2024-11-17,38.63
1078,2025-06-20,31.65
1078,2025-06-21,17.48
1078,2025-07-30,20.47
1078,2025-08-09,25.92
1079,2024-05-11,8.95
1079,2024-07-04,15.95
1079,2024-07-19,15.98
1079,2024-07-31,19.57
1079,2024-08-08,11.32
1079,2024-08-14,19.99
1079,2024-08-26,8.55
1079,2024-09-23,10.58
1079,2024-10-16,20.63
1079,2024-10-31,12.46
1079,2024-11-17,9.99
1079,2024-11-24,7.0
1079,2024-12-06,12.8
1079,2024-12-06,7.28
1079,2025-01-02,15.2
1079,2025-02-11,17.05
1079,2025-02-24,13.02
1079,2025-03-09,9.44
1079,2025-04-09,17.33
1079,2025-04-09,2.86
1079,2025-05-03,11.96
1079,2025-05-06,9.38
1079,2025-05-19,4.55
1079,2025-06-04,9.8
1079,2025-06-14,15.06
1079,2025-07-11,14.58
1079,2025-07-23,23.77
1079,2025-08-06,9.39
1079,2025-10-14,13.3
1079,2025-10-27,10.7
1079,2025-10-29,4.15
1079,2025-11-01,11.33
1079,2025-11-18,14.58
1079,2025-11-23,24.4
1079,2025-12-19,10.71
1080,2024-02-01,11.39
1080,2024-02-28,20.45
1080,2024-04-25,8.07
1080,2024-05-07,15.07
1080,2024-05-20,14.27
1080,2024-05-20,14.96
1080,2024-05-24,16.31
1080,2024-06-06,25.31
1080,2024-06-16,26.96
1080,2024-07-25,8.34
1080,2024-08-13,27.88
1080,2024-09-10,19.36
1080,2024-10-25,14.41
1080,2024-11-19,14.53
1080,2024-12-06,22.12
1080,2024-12-20,24.13
1080,2025-01-11,11.25
1080,2025-02-28,10.63
1080,2025-03-12,28.73
1080,2025-03-16,22.37
1080,2025-05-07,21.52
1080,2025-06-13,18.79
1080,2025-07-01,28.19
1080,2025-07-13,6.4
1080,2025-07-22,24.91
1080,2025-07-27,16.09
1080,2025-08-13,13.37
1080,2025-10-21,34.26
1080,2025-10-22,22.98
1080,2025-11-04,18.98
1080,2025-11-18,17.66
1081,2024-03-06,14.6
1081,2024-03-10,28.64
1081,2024-04-01,30.85
1081,2024-04-01,17.81
1081,2024-04-02,9.66
1081,2024-04-04,25.43
1081,2024-04-15,9.95
1081,2024-04-21,31.83
1081,2024-05-09,18.71
1081,2024-05-28,14.89
1081,2024-05-28,13.26
1081,2024-05-29,18.35
1081,2024-06-17,14.96
1081,2024-06-24,18.43
1081,2024-06-25,14.69
1081,2024-06-27,20.93
1081,2024-07-09,33.36
1081,2024-07-25,30.92
1081,2024-07-27,11.8
1081,2024-07-29,20.65
1081,2024-08-07,9.9
1081,2024-08-13,23.0
1081,2024-09-09,11.73
1081,2024-09-13,13.79
1081,2024-09-17,6.26
1081,2024-09-27,16.59
1081,2024-10-19,10.72
1081,2024-11-09,24.7
1081,2024-11-13,13.47
1081,2024-11-26,23.18
1081,2024-12-06,4.07
1081,2024-12-17,9.79
1081,2025-01-06,15.92
1081,2025-01-22,7.68
1082,2024-04-24,60.77
1083,2024-04-02,18.91
1083,2024-04-11,42.13
1083,2024-05-10,28.63
1084,2024-06-24,20.93
1084,2024-08-12,10.29
1084,2025-01-29,13.47
1085,2024-06-30,17.8
1086,2024-02-12,85.26
1086,2024-03-04,46.17
1086,2024-04-01,111.84
1086,2024-05-14,53.47
1086,2024-05-31,37.86
1086,2024-07-13,105.74
1086,2024-07-17,41.36
1086,2024-07-20,62.12
1086,2024-08-02,77.09
1087,2024-03-15,32.01
1087,2024-03-27,29.37
1087,2024-12-06,65.55
1087,2025-02-26,20.18
1087,2025-03-03,16.76
1087,2025-03-11,63.0
1087,2025-04-02,17.91
1087,2025-10-02,29.41
1087,2025-10-20,17.74
1087,2025-11-24,47.31
1087,2025-12-18,29.67
1088,2024-02-14,19.53
1089,2024-03-10,12.93
1090,2024-01-18,19.28
1091,2024-02-12,19.85
1091,2024-02-12,34.62
1091,2024-03-06,36.24
1091,2024-03-14,15.21
1092,2024-02-23,51.07
1092,2024-04-20,19.84
1093,2024-02-23,34.2
1094,2024-05-13,27.19
1094,2024-05-23,22.2
1095,2024-02-17,15.58
1095,2024-03-01,9.54
1095,2024-08-28,10.6
1095,2024-09-02,3.17
1095,2024-10-29,6.92
1095,2025-04-27,3.94
1095,2025-05-16,5.29
1095,2025-06-18,5.56
1095,2025-07-28,14.07
1095,2025-09-25,5.49
1095,2025-10-23,12.05
1095,2025-11-16,2.35
1095,2025-12-21,3.45
1096,2024-05-20,27.48
1096,2024-06-11,24.61
1097,2024-02-13,60.57
1097,2024-03-06,30.33
1097,2024-05-08,35.72
1097,2024-05-08,47.13
1097,2024-05-29,43.06
1097,2024-06-02,28.59
1097,2024-06-10,22.45
1097,2024-06-13,17.89
1097,2024-06-18,26.07
1097,2024-09-20,50.22
1097,2024-11-03,76.85
1097,2024-11-04,43.83
1097,2025-03-17,42.19
1097,2025-03-19,44.98
1097,2025-03-27,25.69
1097,2025-03-27,20.6
1097,2025-03-29,61.01
1097,2025-07-27,47.56
1098,2024-02-06,100.66
1099,2024-06-05,22.49
1099,2024-08-14,90.55
1100,2024-06-20,10.35
1100,2024-07-06,28.92
1101,2024-05-20,24.93
1101,2024-06-09,42.73
1101,2024-06-25,25.41
1101,2024-07-30,25.83
1102,2024-03-27,17.87
1103,2024-05-04,13.65
1104,2024-06-21,18.25
1104,2024-07-24,11.17
1104,2024-07-31,15.28
1104,2024-10-18,13.02
1104,2024-11-02,10.0
1104,2024-12-21,14.28
1104,2025-01-04,20.49
1104,2025-02-25,5.42
1104,2025-05-24,6.93
1104,2025-07-03,17.71
1104,2025-07-19,20.45
1104,2025-09-16,23.71
1104,2025-10-20,12.8
1105,2024-01-07,14.8
1105,2024-02-27,22.79
1105,2024-07-27,21.57
1105,2024-08-10,12.56
1105,2025-01-07,5.0
1105,2025-03-29,6.59
1106,2024-06-22,14.53
1107,2024-03-08,31.12
1107,2024-06-28,64.3
1107,2024-07-23,55.22
1107,2024-08-21,54.79
1107,2024-10-23,54.64
1107,2025-12-18,49.74
1108,2024-03-07,31.06
1108,2024-03-21,30.09
1109,2024-04-15,17.89
1109,2024-05-03,13.91
1109,2024-05-09,29.14
1109,2024-05-13,7.83
1110,2024-04-18,17.21
1110,2024-06-29,17.76
1110,2024-08-08,11.62
1110,2024-09-11,11.28
1110,2024-09-23,16.97
1110,2024-10-09,9.13
1110,2024-11-11,18.26
1110,2024-11-26,11.92
1110,2025-01-11,36.29
1110,2025-02-21,27.31
1110,2025-03-31,7.94
1110,2025-05-31,17.92
1110,2025-08-13,13.41
1110,2025-09-25,8.72
1110,2025-10-23,26.4
1110,2025-11-23,17.4
1110,2025-11-29,12.93
1111,2024-02-26,60.27
1112,2024-01-24,26.64
1112,2024-01-30,26.78
1112,2024-02-17,45.78
1112,2024-04-20,62.4
1112,2025-06-12,30.31
1112,2025-10-23,57.63
1113,2024-06-12,24.35
1113,2024-06-17,18.23
1113,2024-08-25,21.89
1113,2024-10-29,21.45
1113,2025-02-19,28.39
1113,2025-05-08,18.74
1114,2024-06-21,41.0
1114,2024-06-21,34.83
1115,2024-05-09,36.14
1115,2024-06-08,28.8
1115,2024-07-13,23.16
1116,2024-06-09,49.06
1116,2024-07-09,24.57
1117,2024-01-17,9.82
1118,2024-02-13,23.47
1118,2024-03-11,89.0
1118,2024-03-16,29.81
1118,2024-03-19,61.68
1118,2024-04-01,20.88
1118,2024-04-03,38.68
1118,2024-04-10,46.79
1118,2024-04-12,32.25
1118,2024-04-29,32.76
1118,2024-05-13,49.68
1118,2024-05-29,21.97
1118,2024-05-31,66.04
1118,2024-07-15,43.45
1118,2024-07-16,27.34
1118,2024-07-20,35.19
1118,2024-07-24,136.04
1118,2024-07-27,82.29
1118,2024-08-16,38.0
1118,2024-08-22,77.94
1118,2024-10-24,42.98
1118,2024-11-03,25.6
1118,2024-11-08,54.58
1118,2024-11-11,32.27
1118,2024-11-12,47.56
1118,2024-11-30,27.91
1118,2024-12-25,46.27
1118,2024-12-31,83.74
1118,2025-01-19,14.09
1118,2025-01-20,79.17
1118,2025-02-11,35.89
1118,2025-02-21,51.68
1118,2025-04-07,48.23
1118,2025-04-18,49.39
1118,2025-04-19,91.44
1118,2025-05-02,44.99
1118,2025-05-07,41.0
1118,2025-05-07,40.02
1118,2025-05-27,46.11
1118,2025-06-29,58.45
1118,2025-07-11,45.25
1118,2025-07-11,33.0
1118,2025-07-19,67.61
1118,2025-07-23,49.73
1118,2025-07-26,32.5
1118,2025-08-15,5.32
1118,2025-09-07,39.45
1118,2025-09-10,53.44
1118,2025-09-11,34.83
1118,2025-09-17,59.55
1118,2025-09-17,28.14
1118,2025-09-24,16.39
1118,2025-10-08,25.23
1118,2025-11-07,53.71
1118,2025-11-17,38.0
1118,2025-11-23,72.38
1118,2025-12-17,62.76
1118,2025-12-20,29.47
1119,2024-06-30,26.28
1120,2024-06-07,57.51
1120,2024-07-28,44.96
1120,2024-09-05,59.91
1120,2024-11-16,42.84
1120,2024-12-24,19.79
1120,2025-01-07,48.04
1120,2025-01-15,50.81
1120,2025-01-29,23.99
1120,2025-02-22,56.95
1120,2025-04-21,46.24
1120,2025-07-12,25.22
1120,2025-12-07,24.51
1121,2024-06-21,31.54
1121,2024-08-08,35.63
1121,2024-09-05,67.38
1122,2024-02-27,35.98
1122,2024-05-12,36.52
1122,2024-07-05,21.47
1122,2024-11-30,14.14
1122,2025-05-08,21.09
1123,2024-02-26,40.39
1124,2024-05-12,28.12
1124,2024-11-10,42.4
1125,2024-02-27,28.49
1126,2024-04-29,20.17
1127,2024-02-14,13.51
1128,2024-02-13,45.62
1128,2024-02-19,48.84
1128,2024-02-25,28.39
1128,2024-02-29,45.22
1128,2024-03-05,47.15
1128,2024-03-12,60.33
1128,2024-03-13,26.55
1128,2024-03-25,67.54
1128,2024-04-05,78.12
1128,2024-04-06,49.54
1128,2024-04-09,77.28
1128,2024-04-13,26.04
1128,2024-04-25,43.23
1128,2024-05-01,47.66
1128,2024-05-07,73.77
1128,2024-05-18,56.44
1128,2024-06-13,96.81
1128,2024-07-01,61.66
1128,2024-07-13,62.65
1128,2024-07-14,37.22
1128,2024-07-17,58.04
1128,2024-08-23,37.72
1128,2024-09-08,57.88
1128,2024-09-11,57.45
1128,2024-09-22,118.46
1128,2024-09-29,33.79
1128,2024-10-06,45.45
1128,2024-10-17,58.52
1128,2024-10-24,67.72
1128,2024-11-05,38.45
1128,2024-11-05,39.25
1128,2024-11-13,54.94
1128,2024-11-25,45.99
1128,2024-12-12,38.49
1128,2024-12-27,45.85
1128,2025-01-18,72.84
1128,2025-01-23,79.85
1128,2025-02-01,106.02
1128,2025-02-03,52.92
1128,2025-02-17,42.68
1128,2025-02-26,52.42
1128,2025-03-18,38.2
1128,2025-03-20,48.44
1128,2025-04-15,38.19
1128,2025-04-25,42.97
1128,2025-04-26,76.79
1128,2025-04-29,33.99
1128,2025-05-04,34.38
1128,2025-05-25,49.18
1128,2025-06-13,58.19
1128,2025-06-23,70.04
1128,2025-06-24,38.7
1128,2025-06-24,43.54
1128,2025-07-06,59.87
1128,2025-07-17,66.49
1128,2025-07-26,54.64
1128,2025-07-26,42.06
1128,2025-07-27,76.23
1128,2025-08-14,55.58
1128,2025-08-15,89.7
1128,2025-08-22,32.06
1128,2025-08-29,35.47
1128,2025-09-05,44.01
1128,2025-09-07,106.46
1128,2025-10-30,58.15
1128,2025-11-04,58.72
1128,2025-11-14,45.84
1128,2025-12-02,15.85
1128,2025-12-18,74.19
1128,2025-12-27,34.22
1128,2025-12-27,59.23
1128,2025-12-28,63.87
1129,2024-04-26,16.22
1130,2024-04-18,59.46
1130,2024-05-13,92.34
1131,2024-02-13,5.46
1132,2024-05-27,40.52
1132,2024-06-11,22.46
1132,2024-06-12,35.21
1132,2024-06-13,75.86
1132,2024-06-25,55.83
1132,2024-06-30,66.88
1132,2024-07-23,42.05
1132,2024-07-30,21.26
1132,2024-08-10,45.25
1132,2024-08-17,30.39
1132,2024-09-23,35.36
1132,2024-10-01,90.27
1132,2024-10-11,59.33
1132,2024-10-12,30.59
1132,2024-10-24,51.54
1132,2024-11-21,35.45
1132,2024-11-21,47.1
1132,2024-12-01,43.8
1132,2024-12-08,100.3
1132,2025-05-08,32.12
1132,2025-05-19,38.9
1132,2025-05-21,18.91
1132,2025-06-05,23.49
1132,2025-07-01,24.15
1132,2025-07-14,17.72
1132,2025-07-24,12.49
1132,2025-08-07,45.41
1132,2025-09-01,49.95
1132,2025-09-02,64.27
1132,2025-10-19,38.78
1132,2025-11-22,62.11
1132,2025-12-25,38.47
1133,2024-04-04,28.31
1134,2024-06-21,18.6
1134,2024-08-25,16.35
1134,2024-08-28,31.7
1134,2024-09-04,15.86
1134,2024-09-08,23.42
1134,2024-10-01,10.18
1134,2024-10-06,30.42
1134,2024-10-26,22.73
1134,2024-10-27,16.24
1134,2024-11-15,13.59
1134,2024-11-17,28.88
1134,2024-12-17,13.73
1134,2025-01-19,25.2
1134,2025-01-30,32.61
1134,2025-02-10,17.17
1134,2025-02-19,25.33
1134,2025-02-20,19.55
1134,2025-05-04,13.22
1134,2025-05-05,12.06
1134,2025-05-09,16.4
1134,2025-05-11,21.27
1134,2025-05-23,22.4
1134,2025-05-28,14.78
1134,2025-06-11,5.72
1134,2025-07-30,14.75
1134,2025-08-17,27.55
1134,2025-10-06,14.39
1134,2025-10-31,34.78
1134,2025-12-21,27.25
1135,2024-03-08,25.81
1135,2024-03-09,23.21
1135,2024-05-11,16.78
1135,2024-06-14,47.84
1135,2024-06-22,34.21
1135,2024-10-08,22.74
1135,2024-10-12,19.48
1135,2024-10-31,17.38
1136,2024-05-27,17.23
1136,2024-06-01,13.96
1136,2024-06-03,15.4
1136,2024-06-17,19.87
1136,2024-06-17,10.0
1136,2024-07-02,38.97
1136,2024-07-03,16.71
1136,2024-07-05,11.52
1136,2024-07-24,13.95
1136,2024-08-31,30.79
1137,2024-06-18,41.83
1137,2024-08-27,63.61
1137,2025-02-21,28.03
1138,2024-06-20,17.69
1138,2025-06-18,58.27
1138,2025-07-17,26.5
1139,2024-04-13,19.06
1140,2024-02-09,29.3
1140,2024-05-07,14.71
1140,2024-06-27,29.24
1141,2024-04-24,13.73
1141,2024-05-22,16.3
1141,2024-06-09,8.83
1141,2024-10-01,38.78
1141,2025-01-23,27.67
1141,2025-03-29,11.43
1141,2025-08-29,15.24
1141,2025-10-17,14.12
1142,2024-03-12,58.27
1142,2024-03-23,47.88
1142,2024-04-12,25.42
1142,2024-04-21,31.91
1142,2024-05-09,32.99
1142,2024-05-18,29.93
1142,2024-05-31,70.62
1142,2024-07-20,49.41
1142,2024-08-02,56.51
1142,2024-08-27,30.83
1143,2024-04-07,32.06
1143,2024-04-07,43.86
1143,2024-04-15,83.83
1143,2024-04-28,46.59
1143,2024-05-03,35.73
1143,2024-05-05,40.77
1143,2024-05-17,23.34
1143,2024-05-19,25.8
1143,2024-05-27,65.78
1143,2024-06-03,61.43
1143,2024-06-07,41.44
1143,2024-06-08,51.15
1143,2024-06-13,43.37
1143,2024-06-26,108.46
1143,2024-07-05,76.29
1143,2024-07-12,33.04
1143,2024-07-16,85.28
1143,2024-07-30,46.58
1143,2024-08-06,49.11
1143,2024-08-11,36.77
1143,2024-08-14,30.38
1143,2024-08-30,20.58
1143,2024-09-08,54.9
1143,2024-09-14,31.72
1143,2024-09-24,19.96
1143,2024-10-03,50.77
1143,2024-10-06,34.0
1143,2024-10-08,44.29
1143,2024-10-14,61.06
1143,2024-10-25,38.29
1143,2024-10-30,47.69
1143,2024-12-03,40.45
1143,2024-12-07,27.42
1143,2024-12-13,25.01
1143,2024-12-27,51.94
1143,2025-01-08,39.67
1143,2025-01-12,51.56
1143,2025-01-16,45.83
1143,2025-01-18,54.85
1143,2025-01-22,64.84
1143,2025-02-01,54.2
1143,2025-02-02,26.14
1143,2025-02-04,37.83
1143,2025-02-19,36.41
1143,2025-02-22,31.9
1143,2025-03-02,46.16
1143,2025-03-12,44.75
1143,2025-03-13,34.33
1143,2025-03-21,74.63
1143,2025-03-22,42.91
1143,2025-03-23,34.87
1143,2025-03-24,57.38
1143,2025-03-26,24.93
1143,2025-04-02,65.75
1143,2025-04-11,23.16
1143,2025-04-16,53.24
1143,2025-04-19,78.97
1143,2025-04-26,58.33
1143,2025-04-27,75.56
1143,2025-05-06,62.54
1143,2025-05-07,55.7
1143,2025-05-09,19.54
1143,2025-05-17,64.44
1143,2025-05-18,60.88
1143,2025-05-22,34.09
1143,2025-05-22,32.5
1143,2025-06-05,59.24
1143,2025-06-11,33.26
1143,2025-06-15,47.19
1143,2025-06-24,90.47
1143,2025-06-24,47.52
1143,2025-06-30,28.37
1143,2025-07-01,31.75
1143,2025-07-03,26.03
1143,2025-07-05,33.42
1143,2025-07-05,63.36
1143,2025-07-06,38.51
1143,2025-07-20,41.05
1143,2025-08-11,33.24
1143,2025-09-05,33.64
1143,2025-09-09,58.55
1143,2025-09-19,84.05
1143,2025-09-27,56.9
1143,2025-10-01,61.35
1143,2025-10-03,51.96
1143,2025-10-05,37.99
1143,2025-10-17,49.35
1143,2025-10-20,78.57
1143,2025-10-27,26.02
1143,2025-11-12,28.5
1143,2025-11-23,24.35
1143,2025-11-24,42.34
1143,2025-11-27,39.78
1143,2025-11-27,41.41
1143,2025-11-30,32.93
1143,2025-12-05,50.36
1143,2025-12-06,44.08
1143,2025-12-09,83.28
1143,2025-12-20,37.21
1143,2025-12-22,46.96
1144,2024-05-20,10.27
1144,2024-06-06,16.98
1144,2024-06-09,10.7
1144,2024-06-10,11.66
1144,2024-07-15,8.72
1145,2024-06-23,10.62
1145,2025-01-07,13.11
1146,2024-05-31,8.14
1146,2024-06-04,14.72
1147,2024-05-21,6.33
1147,2024-06-11,19.94
1147,2024-07-26,26.14
1148,2024-03-16,13.24
1148,2024-06-30,22.3
1149,2024-01-22,69.92
1149,2024-03-29,49.01
1149,2024-04-05,33.67
1149,2024-09-16,22.15
1149,2024-09-24,20.33
1149,2024-10-30,23.6
1149,2024-12-07,9.09
1149,2025-01-17,48.43
1149,2025-02-25,22.09
1149,2025-03-29,17.42
1149,2025-04-28,21.07
1149,2025-05-16,24.78
1150,2024-03-19,12.81
1151,2024-02-15,56.72
1152,2024-01-25,8.51
1153,2024-01-15,24.04
1153,2024-02-10,39.82
1154,2024-05-08,19.68
1154,2024-05-14,18.86
1154,2024-05-17,38.74
1154,2024-06-03,15.95
1154,2024-08-27,29.87
1154,2024-09-01,29.25
1154,2024-10-19,41.78
1154,2024-11-01,19.73
1155,2024-05-26,13.47
1155,2024-06-10,40.05
1156,2024-01-30,12.22
1157,2024-01-18,51.94
1157,2024-02-10,47.0
1157,2024-02-12,21.78
1157,2024-02-20,59.03
1157,2024-02-22,56.77
1157,2024-03-07,54.32
1157,2024-03-15,39.56
1157,2024-04-18,48.3
1157,2024-04-22,37.03
1157,2024-04-30,57.49
1157,2024-04-30,32.35
1157,2024-05-14,43.08
1157,2024-05-19,35.95
1157,2024-05-21,38.73
1157,2024-05-23,53.5
1157,2024-06-09,70.64
1157,2024-06-26,39.73
1158,2024-04-19,17.55
1159,2024-06-04,23.02
1160,2024-05-09,37.81
1160,2024-05-17,81.97
1160,2024-05-19,58.12
1160,2024-05-20,38.76
1160,2024-05-27,48.3
1160,2024-06-06,16.69
1160,2024-07-30,42.05
1160,2024-08-23,73.28
1160,2024-08-26,50.6
1160,2024-09-01,50.5
1160,2024-09-29,81.37
1160,2024-10-10,53.6
1160,2024-11-17,49.76
1160,2024-11-17,65.97
1160,2024-11-23,25.36
1160,2024-12-07,38.14
1160,2024-12-28,47.0
1160,2025-02-07,65.11
1160,2025-03-05,64.79
1160,2025-04-14,60.61
1160,2025-04-16,60.91
1160,2025-04-25,61.26
1160,2025-05-17,61.44
1160,2025-06-07,83.48
1160,2025-06-22,81.33
1160,2025-06-23,54.96
1160,2025-07-13,87.98
1160,2025-07-14,29.6
1160,2025-09-30,24.31
1160,2025-10-03,84.99
1160,2025-10-14,30.26
1160,2025-10-18,66.22
1160,2025-11-19,32.18
1160,2025-11-28,41.9
1160,2025-12-02,53.87
1160,2025-12-05,35.18
1160,2025-12-08,62.86
1160,2025-12-25,87.1
1161,2024-01-11,10.88
1161,2024-06-05,8.95
1161,2024-09-10,3.64
1161,2024-12-21,13.21
1161,2025-01-09,15.62
1161,2025-06-20,15.29
1161,2025-09-25,24.69
1161,2025-11-03,18.02
1161,2025-12-14,21.9
1162,2024-04-06,71.44
1162,2024-07-28,35.22
1163,2024-04-23,44.29
1163,2024-04-24,41.38
1163,2024-06-01,82.37
1163,2024-07-13,38.65
1163,2024-07-13,39.76
1163,2024-07-14,75.58
1163,2024-07-20,49.07
1163,2024-07-29,28.05
1163,2024-08-01,59.65
1163,2024-08-17,18.34
1163,2024-09-23,51.6
1163,2024-11-01,31.23
1163,2025-01-01,46.01
1163,2025-01-22,41.09
1163,2025-02-21,24.18
1163,2025-04-04,71.14
1163,2025-04-28,81.01
1163,2025-05-18,38.46
1163,2025-08-27,24.69
1163,2025-09-23,41.17
1163,2025-12-10,39.55
1163,2025-12-24,25.5
1164,2024-03-16,72.85
1164,2024-04-03,113.09
1164,2024-04-30,93.72
1164,2024-06-08,81.76
1164,2024-07-23,116.03
1164,2024-08-11,57.67
1164,2024-12-25,137.72
1164,2025-06-04,91.53
1164,2025-06-29,51.41
1164,2025-10-02,87.63
1165,2024-05-23,43.56
1166,2024-02-12,17.82
1166,2024-08-21,79.87
1166,2025-11-22,35.31
1167,2024-01-21,11.05
1167,2025-04-04,22.49
1168,2024-05-30,6.78
1169,2024-05-06,27.28
1169,2024-05-10,36.05
1169,2024-05-11,20.28
1170,2024-05-13,41.53
1171,2024-04-17,9.28
1172,2024-03-20,73.68
1173,2024-03-03,42.91
1173,2024-10-12,24.37
1173,2024-12-10,21.49
1174,2024-03-28,11.11
1175,2024-03-06,37.44
1175,2024-10-28,25.75
1175,2024-11-21,63.91
1175,2024-11-24,26.56
1175,2024-11-27,48.9
1175,2024-12-07,29.11
1175,2025-04-18,20.47
1175,2025-06-24,13.25
1175,2025-07-20,23.41
1175,2025-11-21,26.13
1176,2024-05-01,57.8
1177,2024-05-07,12.72
1177,2024-05-16,27.02
1177,2024-06-24,25.64
1177,2024-08-12,23.58
1177,2024-11-15,13.25
1177,2025-03-03,20.71
1178,2024-02-12,63.71
1179,2024-05-22,35.08
1179,2024-05-27,22.34
1179,2024-06-08,23.9
1179,2024-07-02,22.72
1179,2024-07-19,29.43
1179,2024-09-21,32.68
1179,2024-10-03,26.27
1179,2025-01-13,10.44
1179,2025-01-16,27.23
1179,2025-01-31,37.44
1179,2025-03-10,25.48
1179,2025-04-14,23.23
1179,2025-06-06,26.65
1179,2025-06-24,29.58
1179,2025-06-27,37.14
1179,2025-07-07,21.35
1179,2025-07-09,38.49
1179,2025-08-03,38.63
1179,2025-08-15,26.73
1179,2025-09-10,29.47
1179,2025-11-13,23.33
1179,2025-12-18,18.96
1180,2024-01-19,18.43
1180,2024-01-31,9.01
1180,2024-03-27,12.59
1181,2024-04-24,44.83
1181,2024-08-08,34.95
1182,2024-01-25,16.85
1182,2024-07-09,19.37
1182,2024-09-26,27.36
1183,2024-04-01,21.06
1184,2024-05-31,22.33
1184,2024-06-05,15.34
1184,2024-06-26,6.42
1184,2024-07-05,17.37
1184,2024-07-09,14.17
1184,2024-11-19,22.45
1184,2024-12-26,13.61
1184,2025-01-08,11.03
1184,2025-01-24,11.54
1184,2025-02-08,20.14
1185,2024-06-08,39.15
1186,2024-06-01,12.94
1186,2024-06-02,30.11
1186,2024-07-15,19.76
1186,2024-08-22,22.77
1186,2024-09-02,17.51
1186,2024-09-30,8.29
1186,2024-10-05,27.47
1186,2024-10-07,17.14
1186,2024-10-23,30.69
1186,2025-01-05,31.89
1186,2025-03-18,21.69
1186,2025-04-28,22.97
1186,2025-05-01,12.67
1186,2025-05-05,29.03
1186,2025-05-16,27.72
1186,2025-05-28,27.78
1186,2025-08-14,25.12
1186,2025-09-08,40.5
1186,2025-09-11,39.08
1186,2025-10-04,38.73
1186,2025-11-23,22.41
1186,2025-11-24,27.12
1187,2024-06-19,11.57
1187,2024-11-06,20.38
1187,2024-11-15,25.47
1187,2025-06-16,34.69
1187,2025-08-05,9.8
1188,2024-03-22,20.88
1188,2024-04-01,20.33
1188,2024-04-12,31.51
1188,2024-04-19,24.02
1188,2024-06-10,31.26
1188,2024-07-11,17.03
1188,2024-07-31,33.77
1188,2024-08-22,31.35
1188,2024-08-30,28.65
1188,2024-09-23,19.86
1188,2024-11-08,25.55
1188,2024-11-26,13.47
1188,2024-12-14,18.85
1188,2024-12-23,24.34
1188,2025-01-07,12.78
1188,2025-02-25,31.55
1188,2025-03-06,56.27
1188,2025-04-08,20.42
1188,2025-04-09,30.67
1188,2025-05-21,19.7
1188,2025-06-13,33.04
1188,2025-06-24,16.17
1188,2025-06-27,21.72
1188,2025-07-14,17.65
1188,2025-08-05,15.15
1188,2025-09-17,14.62
1188,2025-10-03,31.88
1188,2025-10-17,29.93
1188,2025-11-28,31.53
1188,2025-12-05,19.69
1188,2025-12-08,12.24
1188,2025-12-12,35.82
1188,2025-12-15,12.41
1189,2024-04-04,43.35
1189,2024-05-17,12.94
1189,2024-07-29,19.11
1189,2024-08-06,29.7
1190,2024-01-17,8.58
1190,2024-01-27,8.87
1190,2024-05-09,6.97
1190,2024-05-17,11.13
1190,2024-06-20,10.32
1190,2024-07-14,12.62
1190,2024-08-03,16.64
1190,2024-08-07,7.63
1190,2024-09-09,5.56
1190,2024-10-02,20.01
1191,2024-03-04,67.52
1191,2024-04-11,59.32
1191,2025-04-01,112.69
1191,2025-04-04,88.14
1191,2025-05-16,81.0
1191,2025-08-08,99.87
1192,2024-05-28,15.8
1192,2024-06-03,16.59
1192,2024-06-09,22.8
1192,2024-06-11,19.58
1192,2024-07-19,8.34
1192,2024-08-05,6.62
1192,2024-09-04,16.08
1192,2024-10-03,12.71
1192,2024-10-26,11.67
1192,2024-10-29,13.02
1192,2024-12-24,16.67
1193,2024-06-21,49.31
1193,2024-07-07,61.52
1193,2024-07-13,64.75
1194,2024-05-05,60.9
1194,2024-05-07,36.31
1194,2024-07-30,55.91
1194,2024-08-09,25.78
1194,2024-08-11,35.98
1195,2024-03-16,10.56
1195,2024-04-03,26.2
1195,2024-04-14,14.9
1195,2024-07-13,16.81
1195,2024-07-26,29.94
1196,2024-05-01,20.98
1197,2024-05-18,33.94
1198,2024-05-11,12.89
1198,2024-05-20,31.77
1198,2024-06-03,44.74
1198,2024-07-27,18.45
1198,2024-08-02,54.62
1198,2024-08-23,10.79
1198,2024-09-08,24.33
1198,2024-09-11,25.77
1198,2024-09-20,16.91
1198,2024-09-20,21.07
1198,2024-09-23,17.42
1198,2024-10-02,23.38
1198,2024-10-18,10.68
1198,2024-10-25,38.03
1198,2024-10-28,26.39
1198,2024-10-31,20.07
1198,2024-11-13,35.25
1198,2024-11-16,7.98
1198,2024-11-19,20.85
1198,2024-12-17,18.99
1198,2025-01-10,37.4
1198,2025-01-21,17.9
1198,2025-02-12,33.28
1198,2025-02-14,33.6
1198,2025-03-02,22.73
1198,2025-03-08,22.93
1198,2025-03-09,24.39
1198,2025-03-14,43.25
1198,2025-03-14,27.2
1198,2025-04-08,25.97
1198,2025-04-12,22.48
1198,2025-04-25,33.31
1198,2025-04-30,18.68
1198,2025-05-03,26.96
1198,2025-05-14,21.55
1198,2025-05-21,20.54
1198,2025-06-10,20.75
1198,2025-06-11,46.39
1198,2025-06-27,38.39
1198,2025-07-09,21.97
1198,2025-07-12,31.99
1198,2025-07-19,21.45
1198,2025-08-03,19.8
1198,2025-08-20,14.83
1198,2025-08-26,34.26
1198,2025-08-28,24.02
1198,2025-09-09,45.32
1198,2025-09-12,22.01
1198,2025-09-27,38.86
1198,2025-10-09,22.31
1198,2025-11-03,25.78
1198,2025-11-07,21.91
1198,2025-11-23,6.38
1198,2025-12-07,21.66
1199,2024-04-29,12.57
1199,2024-08-20,27.68
1199,2025-02-03,16.05
1199,2025-05-26,28.73
1200,2024-05-04,14.38
1200,2025-02-05,16.43
1201,2024-05-16,33.59
1201,2024-06-28,25.36
1202,2024-01-20,29.05
1203,2024-06-12,3.99
1203,2025-05-21,18.91
1203,2025-05-25,28.82
1203,2025-08-24,31.04
1203,2025-10-16,5.62
1204,2024-03-02,8.04
1205,2024-06-25,10.09
1206,2024-03-12,33.38
1206,2024-05-01,30.56
1206,2024-05-22,33.59
1206,2024-05-22,38.48
1206,2024-06-03,47.07
1206,2024-07-02,25.34
1206,2024-07-24,43.29
1206,2024-08-14,27.37
1206,2024-12-18,34.14
1206,2025-02-06,39.74
1206,2025-03-11,83.42
1206,2025-04-23,36.58
1206,2025-04-25,54.13
1206,2025-05-23,37.04
1206,2025-06-15,24.58
1206,2025-06-17,13.22
1206,2025-07-14,13.16
1206,2025-08-12,42.36
1206,2025-09-11,37.29
1206,2025-09-25,50.45
1206,2025-11-28,26.61
1207,2024-03-03,5.68
1207,2024-04-15,9.28
1207,2024-09-19,7.27
1207,2025-02-04,16.54
1207,2025-02-13,11.26
1207,2025-03-04,3.32
1207,2025-05-16,5.79
1207,2025-09-24,7.39
1208,2024-06-13,28.52
1209,2024-03-15,26.38
1209,2024-09-23,29.38
1209,2025-12-02,25.25
1210,2024-02-13,59.55
1210,2024-07-08,82.35
1211,2024-01-02,34.33
1211,2024-01-13,27.47
1211,2024-01-16,11.41
1211,2024-02-04,52.18
1211,2024-02-26,24.96
1211,2024-03-01,55.56
1211,2024-03-08,44.98
1212,2024-04-24,46.81
1212,2024-07-27,41.34
1213,2024-04-21,18.52
1214,2024-01-02,22.3
1215,2024-01-24,23.0
1215,2024-01-24,32.4
1215,2024-02-15,18.55
1215,2024-03-12,35.4
1215,2024-04-06,13.0
1215,2024-05-12,15.8
1215,2024-10-04,26.76
1215,2024-12-27,13.97
1215,2025-06-11,17.92
1215,2025-06-30,20.28
1215,2025-07-04,57.49
1215,2025-07-15,27.31
1215,2025-08-21,13.59
1215,2025-08-26,35.66
1215,2025-10-03,40.17
1215,2025-11-02,21.47
1215,2025-12-09,32.68
1215,2025-12-25,17.33
1216,2024-02-29,25.88
1216,2024-02-29,27.56
1216,2024-03-29,11.3
1216,2024-04-05,15.04
1216,2024-04-05,13.1
1216,2024-04-05,7.79
1216,2024-04-09,14.86
1216,2024-04-15,11.17
1216,2024-04-19,9.48
1216,2024-05-05,14.31
1216,2024-05-16,12.07
1216,2024-05-19,14.17
1216,2024-05-25,8.67
1216,2024-06-01,8.73
1216,2024-06-08,14.38
1216,2024-07-18,7.92
1216,2024-07-21,19.65
1216,2024-08-03,13.32
1216,2024-08-07,22.23
1216,2024-08-11,20.98
1216,2024-09-06,7.5
1216,2024-09-23,17.5
1216,2024-09-29,16.6
1216,2024-10-09,28.31
1216,2024-10-14,10.67
1216,2024-10-21,27.94
1216,2024-12-01,24.18
1216,2024-12-03,24.01
1216,2024-12-07,18.79
1217,2024-01-15,17.07
1218,2024-03-15,24.3
1218,2024-03-22,32.05
1218,2024-04-28,117.24
1219,2024-04-03,17.48
1219,2024-04-30,32.5
1219,2024-06-17,29.46
1219,2024-08-25,29.52
1219,2025-01-06,32.97
1219,2025-02-10,33.1
1219,2025-03-22,33.58
1219,2025-03-25,54.01
1219,2025-04-03,37.86
1219,2025-06-15,78.05
1219,2025-09-12,38.57
1219,2025-11-05,42.43
1219,2025-11-25,49.83
1219,2025-12-26,28.33
1219,2025-12-28,21.05
1220,2024-04-05,87.8
1220,2024-12-22,35.46
1220,2025-06-18,91.26
1220,2025-09-21,15.84
1221,2024-05-03,10.37
1221,2024-05-14,20.55
1221,2024-06-22,21.42
1221,2024-09-04,14.07
1221,2024-11-20,29.59
1222,2024-06-28,9.87
1222,2025-01-28,16.44
1223,2024-03-23,59.55
1223,2024-06-15,87.02
1223,2024-07-21,103.36
1223,2024-07-30,110.13
1223,2024-10-11,121.82
1223,2024-11-06,54.46
1223,2024-11-20,128.77
1223,2024-11-21,132.69
1223,2024-12-15,87.7
1223,2025-01-29,125.27
1223,2025-02-22,92.63
1223,2025-03-27,83.46
1223,2025-04-04,95.91
1223,2025-04-11,55.2
1223,2025-05-10,53.8
1223,2025-05-18,202.87
1223,2025-08-02,188.17
1223,2025-08-11,76.97
1223,2025-10-19,152.08
1224,2024-01-03,73.65
1225,2024-06-08,82.53
1226,2024-04-24,42.26
1227,2024-04-15,52.97
1227,2024-08-18,18.48
1227,2024-08-20,36.28
1228,2024-06-17,37.31
1229,2024-06-20,2.27
1229,2024-07-01,9.41
1229,2024-07-13,10.12
1229,2024-08-06,12.25
1229,2024-08-13,9.97
1229,2024-10-12,5.47
1229,2024-12-27,2.35
1229,2025-01-11,8.93
1229,2025-03-24,5.35
1229,2025-05-14,8.83
1229,2025-05-16,5.6
1229,2025-07-08,12.52
1229,2025-07-11,8.08
1230,2024-05-14,26.12
1231,2024-01-28,41.48
1232,2024-03-08,14.61
1232,2024-04-22,15.4
1232,2024-06-24,17.1
1232,2025-05-22,14.37
1232,2025-06-30,14.21
1233,2024-01-17,15.43
1233,2024-03-02,19.36
1233,2024-04-07,6.77
1233,2024-04-22,21.06
1233,2024-05-18,4.27
1234,2024-05-13,48.59
1235,2024-05-23,7.86
1236,2024-05-09,26.25
1237,2024-01-23,16.14
1238,2024-03-03,14.75
1238,2024-03-25,22.48
1238,2024-04-02,23.49
1238,2024-04-19,27.25
1239,2024-01-17,32.22
1239,2024-07-18,16.4
1239,2024-11-11,14.24
1239,2024-11-14,36.07
1239,2025-10-19,32.9
1239,2025-11-07,25.57
1239,2025-11-21,19.17
1240,2024-02-19,26.99
1241,2024-02-17,20.39
1241,2024-07-05,25.78
1241,2024-07-18,17.41
1241,2024-09-12,34.63
1242,2024-04-24,34.16
1242,2024-05-07,21.45
1242,2024-08-19,81.35
1242,2024-10-14,34.67
1243,2024-03-05,9.9
1244,2024-05-11,20.49
1245,2024-01-07,21.45
1245,2024-01-09,9.39
1245,2024-01-13,97.43
1245,2024-03-16,39.43
1245,2024-06-02,12.2
1245,2024-07-16,43.75
1245,2025-06-01,32.1
1245,2025-09-07,46.12
1245,2025-09-08,29.17
1245,2025-10-01,23.24
1246,2024-03-05,57.79
1246,2024-03-07,48.4
1246,2024-03-08,49.38
1246,2024-03-19,33.45
1246,2024-04-09,55.44
1246,2024-04-13,41.71
1246,2024-04-29,43.88
1246,2024-04-30,13.27
1246,2024-05-03,15.7
1246,2024-05-05,42.93
1246,2024-05-12,62.81
1246,2024-05-22,29.35
1246,2024-05-22,54.34
1246,2024-06-24,31.16
1246,2024-06-27,29.65
1246,2024-07-22,24.58
1246,2024-07-24,24.25
1246,2024-08-07,50.65
1246,2024-08-16,45.81
1246,2024-09-07,29.83
1246,2024-09-19,50.55
1246,2024-09-22,48.21
1246,2024-09-29,43.79
1246,2024-09-29,100.72
1246,2024-10-11,56.45
1246,2024-10-25,21.91
1246,2024-11-19,32.62
1246,2024-11-23,26.4
1246,2024-12-02,50.42
1246,2024-12-08,28.63
1246,2024-12-31,89.13
1247,2024-01-06,7.85
1247,2024-01-27,10.49
1247,2024-02-01,6.92
1248,2024-06-10,25.99
1248,2024-06-13,27.56
1248,2024-08-28,33.17
1248,2024-09-05,32.29
1248,2024-09-12,22.93
1248,2024-12-04,33.5
1248,2025-01-21,9.43
1248,2025-01-24,27.23
1248,2025-02-14,20.11
1248,2025-06-18,12.22
1248,2025-06-26,28.01
1248,2025-07-08,8.66
1248,2025-08-03,29.95
1248,2025-11-13,17.49
1248,2025-11-23,19.45
1248,2025-12-03,22.86
1248,2025-12-21,23.36
1249,2024-06-12,24.87
1249,2024-08-23,17.92
1249,2025-08-09,32.9
1250,2024-04-14,28.81
1251,2024-05-23,33.71
1251,2025-02-17,35.27
1251,2025-03-03,42.95
1252,2024-03-17,56.28
1253,2024-03-30,38.17
1253,2024-06-09,32.7
1253,2024-06-23,49.11
1253,2024-06-24,39.26
1254,2024-04-26,21.14
1255,2024-03-19,6.38
1256,2024-03-28,30.78
1256,2024-05-07,4.85
1256,2024-05-11,11.72
1256,2024-05-22,18.01
1256,2024-06-01,28.39
1256,2024-06-01,7.94
1256,2024-06-20,20.81
1256,2024-07-21,22.81
1256,2024-08-02,20.41
1256,2024-08-18,17.91
1256,2024-09-13,13.6
1256,2024-10-02,9.55
1256,2024-11-02,19.86
1257,2024-01-22,25.1
1257,2024-03-18,23.93
1258,2024-02-17,50.38
1258,2024-04-07,54.33
1259,2024-05-07,23.45
1260,2024-06-10,48.47
1261,2024-02-12,22.94
1261,2024-02-28,43.56
1261,2024-03-15,30.31
1261,2024-03-27,18.3
1261,2024-03-28,29.24
1261,2024-04-23,16.95
1261,2024-05-27,35.06
1261,2024-06-03,18.2
1261,2024-07-26,25.61
1261,2024-07-31,20.11
1261,2024-08-10,7.82
1261,2024-08-15,23.03
1261,2024-08-29,18.63
1261,2024-09-11,24.36
1261,2024-10-17,36.83
1261,2024-10-21,24.23
1261,2024-10-31,32.64
1261,2024-12-24,39.59
1261,2024-12-29,59.47
1261,2025-01-08,34.22
1261,2025-01-14,35.92
1261,2025-01-21,25.31
1261,2025-01-21,52.03
1261,2025-02-13,37.06
1261,2025-02-14,50.76
1261,2025-03-11,20.49
1261,2025-03-22,50.0
1261,2025-03-26,40.68
1261,2025-03-29,30.18
1261,2025-04-15,17.25
1261,2025-05-04,31.9
1261,2025-05-07,13.01
1261,2025-05-17,21.46
1261,2025-05-22,20.79
1261,2025-06-08,32.35
1261,2025-06-15,22.11
1261,2025-06-20,49.0
1261,2025-06-24,35.36
1261,2025-07-13,38.78
1261,2025-07-16,20.38
1261,2025-08-02,22.78
1261,2025-08-22,59.09
1261,2025-09-20,18.71
1261,2025-09-24,26.13
1261,2025-09-26,21.86
1261,2025-10-01,61.66
1261,2025-10-15,22.56
1261,2025-10-17,29.33
1261,2025-10-19,8.2
1261,2025-10-26,16.76
1261,2025-11-13,39.29
1261,2025-11-15,15.01
1261,2025-11-18,22.56
1261,2025-12-23,19.51
1262,2024-02-05,12.42
1263,2024-03-25,3.99
1264,2024-04-27,205.73
1264,2024-05-01,83.41
1264,2024-05-14,111.48
1264,2024-05-22,267.64
1264,2024-09-23,194.84
1264,2024-09-27,150.36
1264,2024-10-11,137.52
1264,2024-10-15,173.08
1264,2024-10-18,86.44
1265,2024-02-24,39.19
1265,2024-04-10,39.67
1265,2024-08-23,31.31
1265,2024-08-28,52.63
1265,2024-09-16,46.01
1265,2024-10-29,48.02
1265,2024-11-30,54.76
1265,2024-12-27,30.76
1265,2025-01-20,49.75
1265,2025-02-02,47.99
1265,2025-02-13,46.28
1265,2025-03-15,51.74
1265,2025-04-09,59.81
1265,2025-06-02,60.03
1266,2024-06-21,28.27
1267,2024-04-16,9.62
1267,2024-05-01,36.93
1267,2024-05-04,16.58
1267,2024-05-30,12.68
1267,2024-06-07,21.35
1267,2024-06-11,10.91
1267,2024-06-23,12.31
1267,2024-06-26,14.43
1267,2024-07-22,19.56
1267,2024-08-21,23.01
1267,2024-08-24,28.83
1267,2024-09-13,17.74
1267,2024-10-08,16.94
1267,2024-10-14,14.76
1267,2024-11-04,11.55
1267,2024-11-20,16.41
1267,2024-11-29,12.3
1267,2024-12-02,12.77
1267,2024-12-02,10.33
1267,2024-12-03,15.99
1267,2024-12-06,19.47
1267,2024-12-09,10.39
1268,2024-01-09,160.14
1269,2024-04-11,14.85
1270,2024-02-17,7.83
1271,2024-04-13,42.81
1271,2024-04-28,25.02
1272,2024-06-21,18.23
1272,2025-05-19,12.76
1272,2025-12-05,18.16
1272,2025-12-24,7.64
1272,2025-12-25,39.64
1273,2024-06-09,15.22
1273,2024-07-25,32.0
1274,2024-01-25,9.99
1274,2024-03-18,26.46
1274,2024-03-19,10.98
1274,2024-04-07,7.85
1274,2024-05-30,8.83
1274,2024-06-22,11.15
1274,2024-07-12,5.32
1274,2024-07-30,18.65
1274,2024-11-06,15.06
1274,2024-11-13,8.79
1274,2024-11-14,13.75
1274,2025-01-28,32.24
1274,2025-03-11,4.89
1274,2025-04-11,17.66
1274,2025-05-07,12.55
1274,2025-07-10,20.19
1274,2025-07-10,12.85
1274,2025-08-03,15.38
1274,2025-08-06,25.68
1274,2025-10-12,5.55
1274,2025-11-14,14.92
1275,2024-06-22,46.15
1275,2025-03-10,39.25
1275,2025-07-30,29.34
1276,2024-04-01,8.92
1276,2024-04-18,13.43
1277,2024-04-15,15.09
1277,2024-11-24,18.78
1278,2024-06-24,17.95
1278,2024-11-09,8.95
1278,2025-01-23,7.87
1278,2025-04-28,6.31
1278,2025-12-05,9.78
1279,2024-05-01,50.04
1280,2024-01-28,50.07
1280,2024-02-02,61.59
1280,2024-02-04,65.44
1280,2024-02-04,73.56
1280,2024-03-08,81.51
1280,2024-03-25,106.47
1280,2024-04-15,89.69
1280,2024-04-26,102.8
1280,2024-04-26,100.37
1280,2024-05-07,146.35
1280,2024-05-17,63.53
1280,2024-06-05,92.27
1280,2024-08-09,38.2
1280,2024-08-10,101.82
1280,2024-09-04,43.64
1280,2024-09-23,36.81
1280,2024-10-07,135.12
1280,2024-11-30,53.11
1280,2024-12-08,107.46
1280,2024-12-25,111.68
1280,2025-01-30,31.7
1280,2025-02-03,94.61
1280,2025-02-15,46.95
1281,2024-06-20,27.78
1281,2024-09-22,17.27
1281,2024-10-12,18.07
1281,2024-11-01,15.26
1281,2024-11-01,15.95
1281,2024-12-25,14.85
1281,2025-01-01,8.82
1281,2025-01-05,7.76
1281,2025-01-08,12.95
1281,2025-01-27,12.18
1281,2025-02-01,50.6
1281,2025-04-09,12.08
1281,2025-04-17,33.81
1281,2025-04-30,17.06
1281,2025-06-14,18.21
1281,2025-07-13,31.12
1281,2025-08-18,13.66
1281,2025-09-21,30.25
1281,2025-09-21,37.7
1281,2025-11-07,20.1
1281,2025-12-01,25.2
1281,2025-12-11,12.65
1282,2024-01-13,26.24
1282,2024-01-24,26.14
1283,2024-02-10,15.66
1283,2024-04-23,17.59
1284,2024-02-20,4.78
1284,2024-12-25,9.77
1284,2025-05-26,12.35
1285,2024-06-21,23.16
1285,2024-06-23,20.25
1285,2024-09-23,22.61
1285,2025-03-22,20.73
1285,2025-06-21,29.41
1286,2024-01-27,24.78
1287,2024-02-12,14.27
1288,2024-01-01,15.2
1288,2024-02-12,18.98
1289,2024-01-02,26.16
1290,2024-03-29,14.88
1290,2024-04-18,27.67
1290,2024-05-20,78.29
1290,2024-05-27,49.69
1290,2024-05-29,44.34
1290,2024-06-13,44.66
1290,2024-06-22,30.99
1290,2024-07-17,47.87
1290,2024-07-28,21.15
1290,2024-08-14,51.34
1290,2024-08-20,29.18
1290,2024-09-22,19.93
1290,2024-09-26,27.08
1290,2024-10-20,31.81
1290,2024-10-27,16.69
1290,2024-11-15,39.21
1290,2024-11-18,36.03
1291,2024-06-24,17.41
1291,2024-07-13,12.99
1291,2024-07-16,19.62
1291,2024-07-22,4.52
1291,2024-08-23,6.85
1291,2024-09-18,17.32
1291,2024-11-14,18.43
1291,2024-12-24,7.94
1291,2025-01-07,6.44
1291,2025-03-03,10.69
1292,2024-03-27,18.48
1292,2024-04-02,16.91
1292,2024-04-25,21.56
1292,2024-06-18,30.9
1292,2024-06-20,21.61
1292,2024-07-24,29.57
1292,2024-07-29,30.58
1292,2024-10-03,44.46
1292,2025-01-06,19.02
1292,2025-01-29,14.71
1292,2025-02-03,45.76
1292,2025-03-29,35.01
1292,2025-04-24,34.81
1292,2025-05-08,28.66
1292,2025-05-17,17.42
1292,2025-06-18,19.99
1292,2025-08-05,35.72
1292,2025-08-17,26.35
1292,2025-08-22,14.65
1292,2025-08-31,17.04
1292,2025-10-21,18.0
1292,2025-10-25,18.02
1292,2025-11-12,16.42
1292,2025-12-04,13.22
1293,2024-03-18,35.4
1293,2024-03-20,37.55
1294,2024-06-27,47.59
1294,2024-07-17,94.25
1295,2024-02-12,24.42
1296,2024-06-16,126.22
1296,2024-06-27,95.09
1296,2024-07-16,40.14
1296,2024-08-29,50.19
1296,2024-08-30,170.02
1296,2024-09-07,84.66
1296,2024-09-11,71.07
1296,2024-09-13,100.48
1296,2024-10-26,162.05
1297,2024-05-24,17.86
1297,2024-09-28,47.23
1298,2024-01-01,22.75
1298,2024-01-22,32.91
1298,2024-01-27,13.59
1298,2024-01-27,25.49
1298,2024-02-10,8.25
1298,2024-04-14,16.64
1298,2024-08-22,18.53
1298,2024-09-15,27.44
1298,2024-09-28,16.26
1298,2025-02-09,12.56
1298,2025-04-29,51.25
1298,2025-08-06,11.95
1298,2025-08-18,20.59
1298,2025-12-24,13.86
1299,2024-02-18,78.24
1300,2024-03-21,26.99
1300,2024-05-20,14.01
1300,2024-05-24,21.77
1300,2024-05-25,14.58
1300,2024-05-25,15.0
1301,2024-06-02,16.95
1302,2024-02-05,12.61
1302,2024-05-13,29.56
1302,2024-06-30,8.19
1302,2024-08-25,36.43
1302,2025-01-20,32.17
1302,2025-03-11,38.54
1302,2025-08-13,16.04
1302,2025-10-10,35.12
1303,2024-01-10,25.57
1303,2024-01-29,22.9
1304,2024-03-09,50.67
1304,2024-04-20,24.24
1304,2024-04-26,31.68
1304,2024-04-28,27.25
1304,2024-05-01,23.51
1304,2024-05-19,23.39
1304,2024-07-09,74.67
1304,2024-07-26,68.2
1304,2024-08-12,35.99
1304,2024-08-24,25.04
1304,2024-09-01,37.99
1304,2024-09-06,49.54
1304,2024-09-22,59.03
1304,2024-10-07,48.06
1304,2024-10-21,47.18
1304,2024-10-23,20.31
1304,2024-10-26,50.74
1304,2024-11-03,27.15
1304,2024-11-24,23.83
1304,2024-12-02,43.16
1304,2024-12-20,19.56
1304,2025-01-10,39.46
1304,2025-02-04,45.59
1304,2025-03-08,20.41
1304,2025-03-15,47.65
1304,2025-03-18,36.1
1304,2025-05-26,48.02
1304,2025-08-02,63.83
1304,2025-09-11,53.01
1304,2025-09-15,49.92
1304,2025-09-15,43.23
1304,2025-09-28,35.92
1304,2025-10-20,32.91
1305,2024-02-14,80.88
1305,2024-04-24,60.55
1305,2024-11-04,36.62
1305,2025-07-12,85.36
1306,2024-03-04,21.7
1306,2024-03-20,23.21
1306,2024-03-24,24.88
1306,2024-06-22,35.36
1306,2024-07-12,80.7
1306,2024-07-31,32.28
1306,2024-08-07,25.79
1307,2024-04-16,9.64
1307,2024-05-03,8.04
1307,2024-05-08,6.21
1307,2024-05-16,21.49
1308,2024-04-06,5.03
1308,2024-04-09,15.4
1308,2024-04-10,9.06
1308,2024-08-04,7.84
1308,2024-08-06,8.87
1308,2024-09-15,8.82
1308,2024-09-24,15.98
1308,2024-11-10,6.97
1308,2024-12-15,10.47
1308,2025-01-02,19.29
1308,2025-02-01,6.81
1308,2025-02-14,8.01
1308,2025-02-25,9.08
1308,2025-03-21,17.25
1308,2025-04-23,4.13
1308,2025-05-06,17.04
1308,2025-05-25,11.89
1308,2025-08-12,7.65
1308,2025-12-12,8.35
1309,2024-04-30,12.7
1309,2024-08-08,6.29
1309,2024-08-17,7.74
1310,2024-01-21,18.51
1310,2024-02-01,39.79
1310,2024-02-26,21.81
1310,2024-04-04,19.84
1311,2024-03-28,15.48
1311,2024-03-29,12.96
1311,2024-04-02,7.66
1311,2024-04-03,9.11
1311,2024-04-03,6.42
1311,2024-04-10,17.44
1311,2024-04-10,14.34
1311,2024-04-14,5.05
1311,2024-04-23,25.43
1311,2024-05-04,2.89
1311,2024-05-15,2.76
1311,2024-05-22,3.76
1311,2024-05-23,10.81
1311,2024-05-30,8.69
1311,2024-06-01,17.29
1311,2024-06-05,12.46
1312,2024-06-20,16.68
1312,2024-06-26,12.94
1312,2024-07-03,28.49
1312,2024-07-15,4.93
1312,2024-08-12,6.5
1313,2024-02-13,89.0
1314,2024-04-08,75.81
1314,2024-04-26,40.1
1314,2024-10-13,52.35
1314,2024-12-06,63.51
1314,2024-12-26,52.17
1314,2025-02-19,52.92
1314,2025-04-15,31.61
1314,2025-06-22,44.68
1315,2024-06-07,24.67
1316,2024-02-03,7.97
1316,2024-02-03,6.83
1317,2024-06-16,24.12
1317,2024-08-20,13.57
1318,2024-03-18,66.22
1318,2024-04-06,46.58
1318,2024-05-18,29.3
1318,2024-05-26,44.88
1318,2024-05-29,88.38
1318,2024-06-23,68.08
1318,2024-06-27,75.26
1318,2024-07-20,93.07
1318,2024-07-31,84.06
1318,2024-08-09,28.33
1318,2024-10-03,43.1
1318,2024-10-22,72.83
1318,2024-10-25,55.65
1318,2024-11-04,25.24
1318,2024-11-08,21.32
1318,2024-11-13,39.28
1318,2024-11-17,11.28
1318,2024-12-13,83.21
1318,2024-12-19,43.31
1318,2024-12-24,61.67
1318,2025-01-05,37.32
1318,2025-02-19,39.69
1318,2025-02-26,76.65
1318,2025-03-02,42.14
1318,2025-03-15,38.14
1318,2025-03-16,53.91
1318,2025-04-03,71.38
1318,2025-05-16,40.25
1318,2025-06-11,29.01
1318,2025-08-07,79.14
1318,2025-08-16,28.54
1318,2025-09-12,42.48
1318,2025-09-21,37.54
1318,2025-09-21,14.98
1318,2025-09-27,26.35
1318,2025-10-04,97.98
1318,2025-11-01,55.72
1318,2025-11-15,46.47
1318,2025-11-18,83.46
1318,2025-11-18,45.53
1319,2024-01-12,42.17
1320,2024-06-01,44.57
1320,2024-06-20,23.5
1321,2024-02-15,52.95
1321,2024-03-01,42.6
1322,2024-03-17,25.84
1322,2024-04-23,53.9
1323,2024-05-02,39.83
1324,2024-04-06,12.88
1324,2024-06-29,13.45
1324,2024-08-03,8.59
1324,2024-08-16,11.83
1324,2024-09-27,15.75
1324,2024-11-02,15.79
1324,2024-11-12,14.93
1324,2024-12-25,17.43
1324,2025-01-19,14.07
1324,2025-02-08,9.67
1324,2025-02-08,12.88
1324,2025-02-24,15.41
1324,2025-07-20,13.46
1324,2025-08-01,13.4
1324,2025-10-17,12.46
1324,2025-10-28,5.0
1324,2025-11-09,12.98
1324,2025-12-15,18.93
1325,2024-05-23,18.69
1325,2025-11-05,10.4
1326,2024-06-04,11.55
1327,2024-05-17,72.8
1327,2024-05-25,22.88
1327,2024-07-03,90.95
1327,2024-07-21,42.26
1327,2024-08-10,60.97
1327,2024-08-13,32.71
1327,2024-09-03,41.62
1327,2024-09-09,14.87
1327,2024-09-21,60.37
1327,2024-10-02,17.9
1327,2024-10-29,66.95
1327,2024-11-16,38.21
1327,2024-11-17,85.29
1327,2024-11-18,54.76
1327,2024-12-03,29.29
1327,2025-01-11,36.0
1327,2025-03-06,38.49
1327,2025-03-19,34.27
1327,2025-03-28,43.8
1327,2025-04-05,40.72
1327,2025-04-09,48.99
1327,2025-04-11,76.61
1327,2025-04-17,49.85
1327,2025-04-28,66.18
1327,2025-05-07,46.33
1327,2025-05-24,69.15
1327,2025-05-29,100.97
1327,2025-06-02,73.72
1327,2025-06-09,66.41
1327,2025-06-26,31.12
1327,2025-07-03,50.3
1327,2025-07-11,51.3
1327,2025-07-19,28.43
1327,2025-07-23,34.37
1327,2025-07-31,35.34
1327,2025-08-06,59.82
1327,2025-08-07,34.18
1327,2025-08-16,73.77
1327,2025-09-12,77.83
1327,2025-09-16,64.12
1327,2025-09-24,41.48
1327,2025-10-30,59.21
1327,2025-11-04,30.86
1327,2025-11-09,54.61
1327,2025-12-16,35.12
1328,2024-01-29,20.03
1328,2024-01-29,18.43
1329,2024-02-11,34.48
1329,2024-03-05,26.03
1330,2024-06-22,35.74
1330,2024-06-23,31.3
1330,2024-07-14,45.07
1330,2024-07-25,48.53
1330,2024-07-28,27.94
1330,2024-09-05,34.03
1330,2024-10-15,33.92
1330,2025-03-03,30.48
1330,2025-03-07,69.22
1330,2025-04-19,44.77
1330,2025-04-24,49.43
1330,2025-06-03,46.34
1330,2025-07-13,29.57
1330,2025-07-24,40.27
1330,2025-07-24,38.68
1330,2025-08-13,41.1
1330,2025-08-23,37.26
1330,2025-08-28,30.45
1330,2025-09-06,38.19
1330,2025-10-12,40.2
1330,2025-10-20,49.85
1330,2025-10-25,59.18
1330,2025-11-26,80.15
1330,2025-11-26,25.4
1331,2024-02-04,18.12
1331,2024-02-04,28.21
1331,2024-02-07,21.04
1331,2024-02-14,8.52
1331,2024-03-12,19.05
1331,2024-04-15,13.49
1331,2024-04-21,10.53
1331,2024-04-22,16.15
1331,2024-05-28,11.35
1331,2024-06-03,17.12
1331,2024-06-07,16.8
1331,2024-06-20,16.51
1331,2024-06-24,16.93
1331,2024-07-06,9.89
1331,2024-07-06,36.23
1331,2024-07-07,18.93
1331,2024-07-08,14.19
1331,2024-07-27,22.54
1331,2024-07-29,19.91
1331,2024-08-11,31.28
1331,2024-08-19,17.62
1331,2024-08-21,24.2
1331,2024-10-20,8.38
1331,2024-11-01,19.13
1331,2024-11-03,22.26
1331,2024-11-10,37.71
1331,2024-11-25,20.36
1331,2024-11-29,15.05
1331,2024-12-13,9.48
1331,2024-12-19,15.47
1331,2025-01-05,12.32
1331,2025-01-15,14.55
1331,2025-02-12,17.47
1331,2025-03-13,12.04
1331,2025-03-20,26.68
1331,2025-04-06,21.72
1331,2025-05-16,13.5
1331,2025-06-29,27.08
1331,2025-07-16,15.35
1331,2025-08-17,9.54
1331,2025-08-20,17.08
1331,2025-08-23,16.34
1331,2025-09-02,21.85
1331,2025-09-06,21.54
1331,2025-09-25,21.26
1331,2025-10-08,21.76
1331,2025-10-25,18.43
1331,2025-11-24,18.28
1332,2024-06-23,35.91
1333,2024-03-17,31.26
1333,2024-03-22,28.07
1333,2024-03-28,26.72
1333,2024-04-08,32.12
1333,2024-04-13,25.22
1333,2024-04-13,13.9
1333,2024-05-14,75.1
1333,2024-05-29,50.14
1333,2024-07-12,51.33
1333,2024-08-14,36.34
1333,2024-08-22,58.52
1333,2024-08-25,50.91
1333,2024-10-02,24.77
1333,2024-10-16,50.41
1333,2024-10-16,28.0
1333,2024-10-25,22.66
1333,2024-12-05,85.39
1334,2024-02-16,19.68
1334,2024-02-28,25.04
1335,2024-03-04,49.67
1335,2024-03-10,51.52
1335,2024-03-29,13.88
1335,2024-04-11,66.3
1336,2024-02-25,14.91
1336,2024-03-11,12.32
1336,2024-04-05,23.23
1337,2024-03-17,26.04
1338,2024-04-23,29.79
1339,2024-04-18,23.27
1339,2024-05-14,27.63
1339,2024-07-06,14.11
1339,2024-09-01,30.85
1339,2025-01-14,33.83
1339,2025-07-04,37.62
1340,2024-06-13,46.23
1341,2024-03-30,32.18
1341,2024-04-09,51.43
1341,2024-04-16,65.32
1341,2024-05-07,47.61
1341,2024-06-23,61.72
1341,2024-07-08,51.56
1341,2024-07-21,50.05
1341,2024-07-21,50.07
1341,2024-07-24,45.73
1341,2024-09-09,75.68
1341,2024-09-17,71.62
1341,2024-09-29,36.18
1341,2024-10-05,47.84
1341,2024-10-29,24.86
1341,2024-11-15,135.15
1341,2025-02-09,51.8
1341,2025-02-18,98.69
1341,2025-03-19,67.91
1341,2025-04-26,84.27
1341,2025-05-25,49.65
1341,2025-07-04,36.59
1341,2025-07-06,50.39
1341,2025-08-08,31.82
1341,2025-09-24,13.56
1341,2025-09-27,75.26
1342,2024-02-11,16.39
1343,2024-02-05,10.21
1343,2024-03-08,37.92
1343,2024-03-25,27.68
1343,2024-04-15,60.99
1344,2024-03-17,59.31
1344,2024-04-01,21.97
1344,2024-04-21,18.82
1344,2024-05-08,50.98
1344,2024-08-19,29.41
1344,2024-10-15,20.62
1344,2024-11-05,49.32
1344,2024-11-06,20.38
1344,2024-11-21,41.47
1344,2025-02-08,55.51
1344,2025-02-10,58.2
1344,2025-03-30,9.61
1344,2025-04-03,56.92
1344,2025-04-08,18.12
1344,2025-05-20,50.25
1344,2025-05-23,49.0
1344,2025-06-16,39.38
1344,2025-07-10,31.7
1344,2025-07-10,11.11
1344,2025-10-13,28.41
1344,2025-10-26,20.29
1344,2025-10-28,60.98
1344,2025-11-02,39.91
1344,2025-11-12,49.7
1345,2024-01-16,23.7
1345,2024-08-01,8.86
1346,2024-06-27,204.3
1347,2024-06-26,16.72
1347,2024-08-23,10.15
1347,2025-03-12,13.38
1347,2025-04-09,20.65
1347,2025-06-22,23.13
1348,2024-06-25,76.36
1348,2024-07-05,67.77
1348,2024-08-06,221.99
1348,2024-08-17,63.48
1348,2024-09-09,82.56
1348,2024-10-08,80.53
1349,2024-01-29,18.93
1349,2024-03-24,8.72
1349,2024-04-18,27.49
1349,2024-05-13,26.23
1349,2024-05-14,31.95
1349,2024-06-25,58.83
1349,2024-07-16,43.51
1349,2024-07-19,25.93
1349,2024-07-21,32.63
1349,2024-08-14,19.68
1349,2024-09-07,16.7
1349,2024-11-08,16.8
1349,2024-11-15,29.28
1349,2024-12-02,34.13
1349,2024-12-15,26.83
1349,2024-12-25,8.77
1349,2025-02-08,19.13
1349,2025-06-01,41.38
1349,2025-06-13,13.61
1349,2025-08-17,20.23
1349,2025-11-14,28.21
1349,2025-12-24,34.64
1350,2024-05-08,23.07
1350,2024-07-05,36.19
1350,2025-02-02,12.46
1350,2025-04-13,14.02
1351,2024-03-14,25.5
1352,2024-03-22,24.67
1352,2025-12-06,26.19
1353,2024-01-13,22.44
1353,2024-02-16,7.92
1353,2024-02-18,21.2
1353,2024-03-04,36.01
1353,2024-04-09,12.52
1354,2024-02-25,35.47
1354,2024-04-16,34.05
1354,2024-08-01,12.64
1354,2024-08-13,33.13
1355,2024-03-02,5.43
1355,2024-05-14,13.32
1355,2024-07-05,4.6
1355,2024-07-12,6.67
1355,2024-07-26,11.54
1355,2024-08-02,20.17
1355,2024-08-22,16.36
1355,2024-09-10,13.86
1355,2024-12-15,8.95
1355,2025-01-20,14.69
1355,2025-05-11,10.4
1355,2025-08-01,15.7
1355,2025-08-23,10.4
1355,2025-08-30,8.27
1355,2025-10-05,6.95
1355,2025-11-12,9.82
1355,2025-11-21,6.35
1356,2024-06-22,171.43
1356,2025-12-02,136.29
1357,2024-06-08,7.97
1357,2024-07-08,5.03
1357,2024-07-23,6.45
1357,2024-09-02,8.59
1357,2024-09-09,4.26
1357,2024-09-09,18.45
1358,2024-04-02,12.78
1359,2024-03-21,30.22
1359,2024-05-05,37.09
1359,2024-05-20,23.89
1359,2024-05-25,16.16
1359,2024-06-19,23.01
1360,2024-06-09,31.28
1360,2024-08-13,58.17
1360,2024-09-16,59.82
1360,2024-11-13,69.03
1360,2025-07-04,44.88
1360,2025-08-01,27.53
1360,2025-11-09,57.3
1361,2024-01-30,17.63
1361,2024-02-17,22.49
1361,2024-03-01,16.09
1361,2024-09-06,23.07
1362,2024-05-28,21.41
1363,2024-05-05,120.24
1363,2024-05-18,54.3
1363,2024-06-27,78.01
1363,2024-08-26,28.38
1363,2024-09-28,40.93
1363,2024-11-09,63.65
1363,2024-11-21,91.52
1363,2025-01-08,58.38
1363,2025-01-13,158.75
1363,2025-01-16,79.21
1363,2025-04-08,55.51
1363,2025-05-12,76.74
1363,2025-05-17,95.81
1363,2025-05-30,48.94
1363,2025-07-02,67.7
1363,2025-07-06,79.21
1363,2025-07-12,48.27
1363,2025-07-26,68.28
1363,2025-08-30,73.86
1363,2025-10-25,51.13
1364,2024-03-22,13.6
1364,2024-04-20,12.25
1364,2024-04-29,13.85
1364,2024-11-01,18.47
1364,2025-06-21,37.15
1365,2024-03-14,20.34
1366,2024-01-22,31.66
1366,2024-02-17,12.39
1366,2024-02-23,18.58
1367,2024-05-24,55.7
1367,2024-06-05,22.27
1367,2024-07-11,18.6
1368,2024-03-18,4.47
1368,2024-05-17,17.28
1368,2024-05-22,4.91
1368,2024-07-21,6.71
1369,2024-05-23,8.01
1369,2024-06-16,22.37
1370,2024-05-22,46.89
1371,2024-06-23,43.81
1371,2024-07-16,39.31
1371,2024-11-27,22.65
1371,2025-03-06,19.86
1371,2025-05-04,14.46
1371,2025-07-29,21.93
1371,2025-08-18,14.23
1371,2025-09-23,19.23
1372,2024-06-27,21.53
1372,2024-09-06,30.55
1373,2024-02-19,28.41
1373,2024-04-30,15.41
1374,2024-03-23,36.86
1375,2024-01-06,55.69
1375,2024-01-08,18.17
1375,2024-01-09,38.83
1376,2024-06-06,19.67
1376,2025-09-22,18.59
1376,2025-12-20,35.82
1377,2024-05-12,53.07
1377,2024-05-13,60.88
1377,2024-05-20,77.67
1377,2024-06-18,62.65
1377,2024-06-25,50.42
1377,2024-06-30,47.26
1377,2024-07-17,74.79
1377,2024-08-02,100.41
1377,2024-08-20,42.54
1378,2024-02-17,144.59
1378,2024-02-18,53.9
1379,2024-05-13,35.47
1379,2024-05-23,36.25
1379,2024-07-12,17.83
1379,2024-07-12,28.33
1379,2024-09-09,13.74
1379,2025-01-16,21.71
1379,2025-06-14,50.65
1379,2025-07-22,18.0
1380,2024-06-13,8.57
1380,2024-07-03,9.41
1380,2024-07-03,14.88
1380,2024-08-05,17.1
1380,2024-08-07,12.65
1380,2024-08-30,18.75
1380,2024-09-12,15.19
1380,2024-09-12,6.26
1380,2024-10-01,17.81
1380,2024-10-27,12.15
1380,2024-10-31,6.25
1380,2024-12-12,23.08
1380,2025-01-06,9.14
1380,2025-02-27,13.19
1380,2025-03-06,8.6
1380,2025-04-02,12.47
1380,2025-04-11,13.55
1380,2025-04-19,22.31
1381,2024-03-28,28.49
1381,2024-04-20,13.07
1381,2024-04-21,39.65
1381,2024-04-24,13.73
1381,2024-05-01,10.71
1381,2024-05-08,18.67
1381,2024-05-13,19.26
1381,2024-05-27,26.76
1381,2024-07-20,17.76
1381,2024-08-03,23.96
1381,2024-08-18,21.3
1381,2024-09-17,30.64
1381,2024-09-21,30.06
1381,2024-11-24,27.96
1381,2024-11-29,21.55
1381,2024-12-26,26.62
1381,2025-01-06,21.83
1381,2025-01-06,36.43
1381,2025-01-07,21.65
1381,2025-01-10,17.63
1381,2025-01-18,37.09
1381,2025-01-22,12.35
1381,2025-02-04,21.2
1381,2025-03-26,12.11
1381,2025-04-01,10.43
1381,2025-04-03,17.18
1381,2025-04-13,27.43
1381,2025-04-23,13.92
1381,2025-05-02,36.58
1381,2025-05-20,22.14
1381,2025-05-26,28.93
1381,2025-06-06,44.05
1381,2025-07-17,15.69
1381,2025-07-22,12.42
1381,2025-08-20,12.22
1381,2025-08-22,17.23
1381,2025-09-09,41.59
1381,2025-09-21,29.03
1381,2025-09-22,20.84
1381,2025-10-06,39.15
1381,2025-10-10,36.2
1381,2025-10-13,17.18
1381,2025-10-21,13.79
1381,2025-11-05,9.28
1381,2025-11-14,43.84
1381,2025-12-15,25.37
1382,2024-02-23,56.11
1383,2024-03-27,30.91
1384,2024-03-12,11.62
1384,2024-03-26,20.23
1384,2024-04-15,14.04
1384,2024-04-18,25.89
1384,2024-06-26,8.0
1384,2024-07-12,17.05
1384,2024-07-17,17.32
1384,2024-07-21,11.8
1384,2024-08-22,9.24
1384,2024-10-07,8.14
1384,2024-10-23,14.02
1384,2024-11-06,14.86
1384,2024-11-22,13.16
1384,2025-01-14,8.76
1384,2025-03-20,14.16
1384,2025-03-23,15.97
1384,2025-04-22,22.73
1384,2025-06-15,10.38
1384,2025-06-26,11.57
1384,2025-09-14,11.74
1384,2025-12-05,7.42
1385,2024-05-07,22.97
1385,2024-07-09,37.46
1385,2024-07-26,12.88
1385,2024-08-25,42.3
1385,2024-11-04,20.06
1385,2025-05-25,25.93
1385,2025-10-02,41.76
1385,2025-10-07,25.32
1385,2025-12-25,20.94
1386,2024-05-13,5.55
1386,2024-06-27,36.8
1386,2024-09-01,26.12
1386,2024-10-31,39.43
1387,2024-01-12,18.67
1387,2024-01-21,24.61
1387,2024-03-26,27.53
1387,2024-06-29,22.15
1387,2024-07-29,20.77
1387,2024-10-10,12.39
1387,2024-12-16,32.59
1387,2025-01-12,31.4
1388,2024-06-05,27.58
1388,2024-06-07,26.44
1388,2024-06-19,48.03
1388,2024-07-16,23.04
1388,2024-07-26,23.15
1388,2024-08-11,21.18
1388,2024-09-04,40.87
1388,2024-09-11,18.55
1388,2024-09-15,20.6
1388,2024-10-29,26.59
1388,2024-10-31,33.3
1388,2024-11-02,31.96
1388,2024-12-05,14.53
1388,2024-12-14,24.71
1388,2025-01-02,46.12
1388,2025-01-19,33.77
1388,2025-01-27,50.68
1388,2025-02-05,7.32
1388,2025-03-26,12.25
1388,2025-04-07,24.38
1388,2025-05-15,10.16
1388,2025-05-23,28.75
1388,2025-05-30,28.49
1388,2025-06-01,50.92
1388,2025-06-08,31.55
1388,2025-06-09,32.08
1388,2025-06-12,39.08
1388,2025-06-16,15.03
1388,2025-06-27,5.55
1388,2025-07-10,23.12
1388,2025-07-20,20.65
1388,2025-08-25,37.97
1388,2025-09-12,22.11
1388,2025-10-09,34.99
1388,2025-10-20,25.53
1389,2024-06-23,31.22
1389,2024-07-19,24.89
1389,2024-07-21,38.55
1389,2024-10-29,42.25
1389,2025-01-23,119.47
1389,2025-02-05,27.09
1389,2025-06-05,56.81
1389,2025-06-17,31.41
1389,2025-07-04,25.88
1390,2024-02-07,18.7
1391,2024-01-13,66.09
1391,2024-08-01,53.62
1392,2024-04-07,8.52
1393,2024-01-21,17.2
1394,2024-04-07,22.79
1394,2024-04-19,31.56
1394,2024-05-07,15.32
1394,2024-05-14,21.23
1394,2024-05-21,22.66
1394,2024-06-05,13.91
1395,2024-02-09,91.51
1396,2024-06-09,22.59
1397,2024-03-22,42.66
1398,2024-04-14,15.61
1399,2024-05-14,11.92
1399,2024-05-25,24.05
1400,2024-02-24,12.87
1400,2024-04-04,4.61
1400,2025-01-10,17.15
1400,2025-03-04,13.94
1400,2025-03-15,19.58
1400,2025-03-17,5.13
1400,2025-08-17,17.2
1401,2024-06-22,20.15
1401,2024-06-30,26.1
1401,2024-08-25,30.35
1401,2024-09-28,19.58
1401,2024-09-28,56.45
1401,2024-11-03,29.89
1402,2024-01-23,25.43
1403,2024-02-26,23.3
1403,2024-03-06,77.61
1403,2024-03-08,38.81
1403,2024-03-15,22.51
1403,2024-06-27,34.39
1403,2024-07-20,32.57
1403,2024-08-01,27.71
1403,2024-08-20,13.76
1403,2024-09-01,33.1
1403,2024-10-25,17.54
1403,2024-11-05,36.65
1404,2024-03-27,25.39
1405,2024-01-20,41.43
1406,2024-01-11,13.06
1406,2024-01-18,24.47
1406,2024-01-29,33.42
1406,2024-02-02,27.79
1406,2024-02-09,53.96
1406,2024-03-09,21.67
1406,2024-03-26,38.53
1406,2024-04-03,22.06
1406,2024-04-07,25.78
1406,2024-04-07,47.76
1406,2024-04-13,34.12
1406,2024-05-02,23.57
1406,2024-05-26,24.75
1406,2024-05-28,16.29
1406,2024-07-31,36.22
1406,2024-08-01,18.15
1406,2024-08-08,32.23
1406,2024-08-27,28.95
1406,2024-09-02,37.78
1406,2024-09-04,12.45
1406,2024-09-07,13.74
1406,2024-09-13,15.67
1406,2024-11-04,15.81
1406,2024-11-07,26.43
1406,2024-11-08,22.35
1406,2024-11-09,17.4
1406,2024-11-17,24.76
1406,2024-11-20,33.79
1406,2024-12-16,47.0
1406,2025-01-11,20.63
1406,2025-01-17,30.27
1406,2025-01-28,27.28
1406,2025-02-04,18.97
1406,2025-02-19,29.03
1406,2025-02-27,29.9
1406,2025-02-28,55.58
1406,2025-02-28,30.51
1407,2024-04-04,80.99
1407,2024-05-24,68.18
1407,2024-07-02,81.81
1407,2025-01-02,72.96
1407,2025-01-30,35.86
1407,2025-08-23,40.74
1407,2025-09-28,56.76
1407,2025-11-22,22.92
1408,2024-06-07,24.61
1408,2025-02-02,13.63
1409,2024-03-06,16.9
1410,2024-03-28,8.53
1411,2024-03-08,12.94
1412,2024-04-07,13.31
1413,2024-05-18,28.15
1413,2024-05-24,21.41
1413,2024-06-07,14.46
1413,2024-07-11,23.87
1413,2024-07-24,18.34
1413,2024-08-04,23.93
1413,2024-08-06,11.17
1413,2024-08-13,26.43
1413,2024-09-18,10.8
1413,2024-09-21,20.5
1413,2024-09-22,11.47
1413,2024-09-25,15.1
1413,2024-09-26,19.74
1413,2024-09-29,33.39
1413,2024-10-07,18.61
1414,2024-02-16,6.75
1414,2024-02-22,19.69
1415,2024-06-20,27.89
1415,2024-09-20,23.77
1415,2024-09-21,28.28
1416,2024-05-31,30.18
1416,2024-06-05,46.51
1416,2024-06-12,27.42
1416,2024-07-13,53.36
1416,2024-07-27,58.15
1416,2024-09-25,91.32
1416,2024-10-03,67.23
1416,2024-10-26,17.81
1416,2024-10-31,52.89
1416,2024-11-06,34.15
1416,2024-11-20,20.54
1416,2025-01-03,45.85
1416,2025-03-06,87.9
1416,2025-04-06,31.27
1416,2025-04-11,39.22
1416,2025-04-29,85.36
1416,2025-05-31,49.22
1416,2025-06-25,65.7
1416,2025-07-02,34.02
1416,2025-08-08,40.26
1416,2025-09-03,74.74
1416,2025-09-14,47.95
1416,2025-09-22,91.55
1416,2025-10-16,60.57
1416,2025-10-23,27.1
1416,2025-11-22,58.72
1416,2025-11-29,28.49
1416,2025-12-04,28.54
1417,2024-02-11,27.64
1418,2024-05-20,35.24
1418,2024-09-01,145.03
1418,2024-09-19,68.18
1418,2024-11-18,30.85
1418,2025-08-21,76.16
1418,2025-08-24,87.12
1418,2025-10-28,60.43
1418,2025-12-19,58.26
1419,2024-01-26,69.75
1419,2024-02-01,54.21
1419,2024-02-08,118.0
1419,2024-02-10,50.62
1419,2024-02-16,92.68
1419,2024-03-13,128.35
1419,2024-04-03,44.69
1419,2024-04-04,83.0
1419,2024-04-15,49.19
1419,2024-04-29,98.01
1419,2024-04-30,106.56
1419,2024-05-01,51.52
1419,2024-05-01,53.65
1419,2024-05-10,56.39
1419,2024-05-14,27.16
1419,2024-05-18,52.07
1419,2024-06-04,54.22
1419,2024-07-07,80.15
1419,2024-07-18,50.56
1419,2024-07-25,89.32
1419,2024-08-06,30.58
1419,2024-08-11,113.57
1419,2024-08-12,51.8
1419,2024-08-18,87.9
1419,2024-08-19,61.69
1419,2024-08-20,55.51
1419,2024-08-20,83.78
1419,2024-09-01,89.17
1419,2024-09-07,49.61
1419,2024-09-07,59.85
1420,2024-01-30,7.89
1421,2024-05-18,67.72
1421,2024-08-14,73.95
1421,2024-08-18,33.33
1421,2024-09-22,74.39
1421,2024-10-04,60.19
1421,2024-10-30,24.88
1421,2024-11-06,29.5
1421,2024-11-17,41.59
1421,2025-01-13,25.68
1421,2025-01-13,36.48
1421,2025-02-05,17.46
1421,2025-02-18,27.04
1421,2025-03-17,98.66
1421,2025-03-29,68.41
1421,2025-04-27,20.7
1421,2025-05-07,75.89
1421,2025-08-14,103.82
1421,2025-10-30,27.9
1421,2025-12-10,39.6
1422,2024-06-19,62.06
1423,2024-04-12,19.74
1424,2024-03-10,30.75
1425,2024-01-08,20.21
1426,2024-01-28,10.02
1426,2024-02-21,4.23
1426,2024-04-22,7.27
1426,2024-08-14,12.79
1426,2024-10-04,10.98
1426,2025-01-10,11.56
1426,2025-03-07,4.91
1426,2025-04-02,8.84
1426,2025-04-06,9.22
1426,2025-06-04,4.95
1426,2025-06-09,17.83
1426,2025-07-07,7.87
1426,2025-07-12,3.91
1426,2025-07-23,2.23
1426,2025-08-16,10.34
1426,2025-10-04,10.62
1426,2025-11-01,7.24
1426,2025-11-25,14.69
1427,2024-01-04,22.9
1427,2024-03-01,27.32
1427,2024-04-13,25.21
1427,2024-05-29,47.66
1427,2024-06-01,22.86
1427,2024-06-01,42.56
1427,2024-06-11,61.91
1427,2024-07-07,11.11
1427,2024-10-15,29.56
1427,2024-11-21,34.05
1427,2025-03-29,29.43
1427,2025-04-06,35.48
1427,2025-05-03,41.93
1427,2025-05-24,26.55
1427,2025-06-22,43.23
1427,2025-07-02,23.42
1427,2025-08-01,35.68
1427,2025-09-29,42.79
1427,2025-09-30,42.86
1427,2025-10-02,34.04
1427,2025-10-20,26.64
1428,2024-01-19,52.9
1428,2024-02-08,38.66
1428,2024-02-26,27.17
1429,2024-02-26,13.17
1429,2024-04-24,9.32
1429,2024-06-30,22.17
1430,2024-05-08,14.17
1430,2024-12-04,31.09
1430,2025-01-21,38.56
1430,2025-03-16,13.58
1430,2025-06-24,34.08
1431,2024-01-21,24.55
1431,2024-03-15,14.94
1431,2024-03-27,44.16
1431,2024-04-18,38.62
1431,2024-08-21,32.14
1431,2025-01-05,67.8
1432,2024-02-15,7.59
1433,2024-04-21,6.96
1434,2024-05-07,8.12
1435,2024-03-27,40.69
1435,2024-03-31,26.62
1435,2024-04-01,27.2
1435,2024-04-22,29.42
1436,2024-05-15,52.33
1436,2025-03-05,34.91
1436,2025-03-25,25.79
1436,2025-09-14,15.97
1436,2025-10-06,50.78
1437,2024-06-24,24.0
1438,2024-01-02,26.36
1438,2024-01-10,19.6
1438,2024-01-11,28.44
1438,2024-01-20,21.76
1438,2024-01-21,44.06
1438,2024-01-31,18.72
1438,2024-02-02,17.55
1438,2024-02-04,41.43
1438,2024-02-28,21.37
1438,2024-03-06,41.23
1438,2024-03-07,39.23
1438,2024-03-23,50.74
1438,2024-05-11,30.33
1438,2024-05-16,43.37
1438,2024-05-21,57.03
1438,2024-05-26,25.78
1438,2024-06-06,17.53
1438,2024-06-15,22.3
1438,2024-06-21,28.91
1438,2024-07-29,29.44
1438,2024-08-06,41.05
1438,2024-09-18,18.54
1438,2024-10-06,11.78
1438,2024-10-22,62.78
1438,2024-11-03,16.02
1438,2024-11-04,15.12
1438,2024-11-14,25.81
1438,2024-12-23,36.99
1438,2024-12-31,36.68
1438,2025-01-02,33.3
1438,2025-01-17,38.34
1438,2025-01-31,36.54
1438,2025-02-02,24.71
1438,2025-02-02,34.38
1438,2025-02-09,27.17
1438,2025-02-16,21.73
1438,2025-03-15,64.57
1438,2025-03-27,66.47
1438,2025-04-03,35.54
1438,2025-04-03,47.33
1438,2025-04-27,40.89
1438,2025-05-04,21.89
1438,2025-05-16,23.4
1438,2025-05-23,63.92
1438,2025-06-09,34.88
1438,2025-06-10,10.33
1438,2025-06-12,33.69
1438,2025-06-19,18.58
1438,2025-06-22,60.32
1438,2025-07-18,31.64
1438,2025-07-22,46.02
1438,2025-07-23,38.43
1438,2025-08-07,39.49
1438,2025-08-12,19.52
1438,2025-08-13,31.64
1438,2025-08-18,28.15
1438,2025-08-23,35.76
1438,2025-09-06,41.75
1438,2025-09-11,51.51
1438,2025-09-16,29.22
1438,2025-09-28,26.81
1438,2025-09-29,29.24
1438,2025-10-04,48.46
1438,2025-10-23,50.25
1438,2025-11-04,19.49
1438,2025-11-23,65.89
1438,2025-11-27,49.08
1438,2025-11-29,39.57
1438,2025-12-06,30.99
1438,2025-12-17,39.13
1438,2025-12-23,26.32
1438,2025-12-24,34.78
1439,2024-04-13,78.97
1439,2024-08-22,159.8
1439,2024-10-18,84.93
1439,2024-10-22,197.52
1439,2025-02-28,219.17
1439,2025-05-27,223.57
1439,2025-09-29,305.78
1440,2024-06-03,7.82
1441,2024-03-15,97.1
1442,2024-05-25,13.38
1443,2024-01-06,29.19
1443,2024-09-23,15.94
1444,2024-03-16,45.13
1444,2024-04-03,22.13
1444,2024-04-10,21.46
1444,2024-05-03,7.84
1444,2024-05-26,17.19
1444,2024-05-29,29.27
1444,2024-08-03,20.83
1444,2024-10-12,16.41
1444,2024-11-07,7.71
1444,2024-11-16,17.28
1444,2024-11-20,24.85
1444,2025-01-12,19.09
1444,2025-02-10,19.67
1444,2025-02-12,26.16
1444,2025-03-04,43.41
1444,2025-03-05,9.23
1444,2025-03-28,16.91
1444,2025-04-24,13.64
1444,2025-05-16,24.55
1444,2025-05-18,28.28
1444,2025-05-21,34.3
1444,2025-05-23,14.82
1444,2025-05-29,11.01
1444,2025-06-18,29.07
1444,2025-08-07,23.48
1444,2025-08-08,16.94
1444,2025-08-13,16.48
1444,2025-08-16,25.77
1444,2025-09-08,20.71
1444,2025-09-14,15.26
1444,2025-10-10,32.29
1444,2025-11-24,11.85
1444,2025-12-15,12.4
1445,2024-04-15,18.42
1446,2024-05-13,27.19
1446,2024-06-07,21.8
1446,2024-07-19,11.69
1447,2024-06-29,34.07
1447,2024-08-01,44.38
1447,2025-06-09,31.57
1447,2025-06-28,23.66
1448,2024-04-01,16.2
1449,2024-01-27,37.48
1450,2024-04-11,38.06
1450,2024-08-21,19.24
1450,2024-09-27,25.52
1450,2025-09-27,14.42
1451,2024-02-14,36.94
1451,2024-10-20,37.06
1451,2025-04-02,29.56
1451,2025-05-20,19.17
1451,2025-07-23,17.49
1451,2025-12-07,17.44
1452,2024-01-31,20.16
1452,2024-07-12,15.14
1453,2024-06-13,15.15
1453,2024-10-25,16.53
1454,2024-04-01,15.73
1455,2024-05-11,46.43
1455,2024-05-16,21.26
1455,2024-05-17,19.94
1455,2024-06-24,27.48
1455,2024-07-14,26.32
1455,2024-07-23,24.8
1455,2024-07-27,24.46
1455,2024-08-20,25.62
1455,2024-09-10,52.53
1455,2024-09-23,47.33
1455,2024-10-15,16.77
1455,2024-10-16,11.7
1455,2024-11-05,17.39
1455,2024-11-10,16.93
1455,2024-11-20,45.57
1455,2024-12-16,8.63
1455,2025-01-24,40.42
1455,2025-02-08,13.29
1455,2025-02-23,25.9
1455,2025-02-25,43.08
1455,2025-03-05,29.61
1455,2025-03-23,19.22
1455,2025-03-31,39.45
1455,2025-05-02,13.42
1455,2025-05-22,17.92
1455,2025-06-01,31.27
1455,2025-06-13,23.06
1455,2025-06-16,16.91
1455,2025-07-01,21.75
1455,2025-07-21,19.31
1455,2025-07-28,17.57
1455,2025-08-22,33.08
1455,2025-08-27,27.83
1455,2025-09-29,30.24
1455,2025-10-13,18.75
1455,2025-11-08,7.87
1455,2025-11-30,29.67
1455,2025-12-02,21.06
1455,2025-12-10,41.9
1455,2025-12-22,43.22
1456,2024-02-02,45.1
1456,2024-02-05,35.26
1456,2024-02-06,39.76
1456,2024-02-10,15.26
1456,2024-02-12,39.1
1456,2024-02-13,15.7
1456,2024-02-24,9.99
1456,2024-03-07,15.88
1456,2024-03-09,32.63
1456,2024-03-13,17.44
1456,2024-03-17,38.89
1456,2024-03-23,24.7
1456,2024-03-27,102.21
1456,2024-04-03,11.28
1456,2024-04-04,25.91
1456,2024-04-11,26.21
1456,2024-04-19,68.89
1456,2024-04-24,56.05
1456,2024-05-02,22.0
1456,2024-05-06,39.12
1456,2024-05-28,16.56
1456,2024-05-30,37.65
1456,2024-06-12,35.76
1456,2024-06-13,24.6
1456,2024-06-21,21.5
1457,2024-04-27,48.54
1457,2024-06-14,13.8
1457,2024-06-27,29.69
1457,2024-08-19,56.67
1458,2024-05-29,33.89
1458,2024-06-02,32.67
1458,2024-06-08,96.11
1458,2024-06-16,87.37
1458,2024-07-06,41.24
1459,2024-01-14,7.92
1459,2024-06-13,24.12
1459,2024-08-24,11.3
1459,2025-06-09,12.09
1459,2025-08-12,6.7
1460,2024-01-27,18.1
1460,2024-03-25,9.0
1461,2024-05-21,10.02
1461,2024-06-08,14.24
1461,2024-08-01,14.19
1461,2024-08-01,11.71
1461,2025-05-07,4.9
1461,2025-07-15,12.64
1461,2025-07-20,16.8
1461,2025-09-07,11.44
1461,2025-10-05,12.09
1461,2025-10-12,9.49
1461,2025-10-16,21.54
1461,2025-11-28,6.51
1461,2025-12-04,29.76
1462,2024-04-06,26.18
1463,2024-03-17,25.48
1464,2024-05-27,21.27
1464,2024-07-31,26.12
1464,2024-09-21,17.39
1464,2025-06-14,23.41
1464,2025-08-04,28.84
1464,2025-08-16,34.15
1465,2024-02-25,53.45
1466,2024-06-16,23.26
1467,2024-05-29,2.51
1467,2024-08-22,5.18
1467,2024-08-29,12.01
1467,2024-11-19,8.74
1467,2024-11-29,8.2
1468,2024-04-23,19.54
1468,2024-04-26,18.41
1468,2024-05-09,20.28
1468,2024-06-04,13.24
1468,2024-06-07,14.31
1468,2024-11-22,27.82
1468,2024-12-28,22.41
1468,2025-03-29,15.07
1468,2025-04-16,16.15
1469,2024-06-20,21.64
1469,2024-06-22,17.41
1469,2024-07-01,27.46
1469,2024-07-09,14.39
1470,2024-03-18,21.37
1470,2024-05-14,34.9
1470,2024-05-15,12.98
1471,2024-01-14,21.13
1471,2024-04-14,43.52
1472,2024-03-28,19.02
1472,2024-12-16,13.78
1473,2024-06-27,28.32
1473,2024-09-04,21.8
1473,2024-10-02,12.5
1473,2024-10-26,26.74
1473,2024-11-04,7.87
1474,2024-06-15,13.48
1474,2024-07-04,39.01
1474,2024-08-12,22.13
1474,2025-04-15,27.17
1475,2024-05-06,52.45
1475,2024-07-01,28.15
1475,2024-09-11,21.7
1475,2024-11-05,20.8
1475,2024-11-16,43.82
1475,2025-01-20,12.24
1475,2025-04-08,33.26
1475,2025-05-09,44.03
1476,2024-06-01,29.14
1477,2024-03-18,10.82
1477,2024-08-21,16.11
1478,2024-04-02,11.64
1478,2024-09-18,23.87
1478,2024-09-28,15.51
1478,2024-10-22,25.27
1478,2025-05-03,20.44
1478,2025-10-21,20.45
1479,2024-06-10,34.23
1479,2024-06-15,31.08
1479,2024-12-15,13.51
1479,2025-01-22,28.35
1479,2025-03-31,16.81
1480,2024-06-16,38.44
1480,2024-06-30,31.29
1480,2024-07-11,50.68
1480,2024-07-21,18.09
1480,2024-07-30,41.16
1480,2024-08-22,75.92
1480,2024-09-25,35.8
1480,2024-09-30,60.47
1480,2024-11-05,24.32
1480,2024-11-07,40.09
1480,2024-11-08,49.35
1480,2024-11-15,58.46
1480,2024-11-16,80.71
1480,2024-11-22,25.8
1480,2024-12-12,24.58
1480,2024-12-15,56.34
1480,2025-01-02,33.48
1480,2025-01-14,37.64
1480,2025-02-21,50.79
1480,2025-03-10,32.62
1480,2025-03-14,30.81
1480,2025-04-19,31.7
1480,2025-05-04,30.73
1480,2025-05-05,26.15
1480,2025-05-10,60.3
1481,2024-06-09,30.1
1482,2024-02-21,20.63
1483,2024-03-24,57.98
1483,2024-05-22,39.93
1483,2024-06-26,54.55
1483,2024-07-16,30.69
1483,2024-08-18,45.57
1483,2024-10-20,29.7
1483,2024-12-09,57.26
1483,2024-12-28,35.14
1483,2025-02-27,50.16
1483,2025-03-09,48.77
1483,2025-03-12,50.09
1483,2025-04-10,66.38
1483,2025-05-03,64.17
1483,2025-10-22,25.95
1483,2025-12-27,30.06
1484,2024-01-15,90.39
1485,2024-05-13,34.36
1486,2024-06-27,10.35
1486,2024-09-01,52.51
1486,2024-11-07,60.34
1486,2024-11-10,55.0
1486,2024-12-29,24.56
1486,2025-02-11,30.49
1486,2025-04-10,25.15
1486,2025-04-30,28.0
1486,2025-06-09,38.3
1486,2025-06-17,31.98
1486,2025-06-28,22.59
1486,2025-07-01,14.52
1487,2024-05-19,11.7
1487,2024-06-01,14.47
1487,2024-06-24,17.51
1487,2024-07-13,21.0
1487,2024-07-25,17.18
1487,2024-07-26,16.79
1487,2024-07-28,16.17
1488,2024-06-04,80.49
1488,2024-07-09,42.32
1488,2024-07-18,43.2
1488,2024-10-27,53.72
1488,2024-10-28,21.41
1488,2024-12-24,48.29
1488,2025-01-26,33.52
1488,2025-02-05,62.22
1488,2025-02-11,47.5
1488,2025-02-22,39.68
1488,2025-03-02,40.72
1488,2025-03-09,40.24
1488,2025-05-01,56.19
1488,2025-06-03,23.01
1488,2025-06-09,34.57
1488,2025-07-11,35.7
1488,2025-09-06,41.05
1488,2025-10-01,24.21
1488,2025-10-02,45.24
1488,2025-10-04,41.56
1489,2024-02-27,35.76
1490,2024-04-14,10.92
1490,2024-05-20,29.79
1491,2024-04-07,10.05
1492,2024-01-08,32.44
1493,2024-06-13,37.44
1493,2024-07-06,107.12
1493,2024-07-24,56.87
1493,2024-08-09,50.03
1493,2024-09-09,49.17
1494,2024-05-02,110.42
1495,2024-01-11,39.74
1495,2024-02-16,63.0
1495,2024-03-10,23.83
1495,2024-04-01,9.41
1495,2024-04-29,25.95
1495,2024-07-24,27.47
1495,2024-10-20,17.08
1495,2024-11-17,55.13
1495,2024-12-12,30.83
1495,2025-09-09,36.65
1495,2025-11-15,22.88
1495,2025-12-12,19.87
1496,2024-04-29,22.76
1497,2024-03-01,27.26
1498,2024-01-28,61.43
1498,2024-02-18,37.15
1498,2024-02-24,56.76
1498,2024-03-24,74.68
1498,2024-05-08,98.63
1498,2024-05-10,48.95
1498,2024-05-18,77.78
1499,2024-06-05,25.94
1499,2025-01-31,28.26
1500,2024-02-10,18.23
1500,2024-02-17,15.67
1500,2024-03-04,19.06
1500,2024-03-12,20.15
1500,2024-04-04,21.35
1500,2024-05-11,12.61
1500,2024-05-17,9.12
1500,2024-05-27,18.76
1500,2024-06-06,10.63
1500,2024-07-08,13.71
1500,2024-07-12,22.5
1500,2024-07-15,7.31
1500,2024-09-10,18.91
1500,2025-01-18,11.21
1500,2025-01-26,14.14
1500,2025-01-31,15.37
1500,2025-03-03,15.42
1500,2025-05-08,10.13
1500,2025-07-19,9.95
1500,2025-08-05,18.09
1500,2025-08-11,14.1
1500,2025-11-18,9.87
1500,2025-11-24,13.01
1500,2025-12-16,5.08
1501,2024-04-10,130.89
1502,2024-02-21,41.51
1503,2024-05-07,9.77
1503,2024-06-14,7.34
1504,2024-06-16,17.92
1504,2024-07-29,12.3
1504,2024-08-08,16.7
1504,2024-08-08,17.01
1505,2024-05-10,71.95
1506,2024-01-14,58.27
1507,2024-01-13,23.05
1508,2024-01-15,15.53
1509,2024-02-19,17.54
1509,2024-03-08,34.67
1509,2024-04-16,42.1
1509,2024-11-02,51.56
1509,2024-11-07,64.2
1509,2024-11-16,28.15
1509,2024-11-29,30.38
1509,2025-03-31,12.75
1509,2025-04-30,34.5
1509,2025-10-12,60.16
1509,2025-10-29,11.94
1509,2025-11-16,28.67
1510,2024-02-19,152.16
1510,2024-02-19,155.74
1510,2024-02-22,90.56
1510,2024-02-25,121.41
1510,2024-02-26,80.81
1510,2024-03-06,142.79
1510,2024-03-14,160.36
1510,2024-03-21,175.33
1510,2024-03-21,161.3
1510,2024-04-07,188.22
1510,2024-04-14,110.28
1510,2024-04-17,172.28
1510,2024-04-18,323.77
1510,2024-04-20,79.05
1510,2024-04-22,184.62
1510,2024-04-23,136.96
1510,2024-04-27,106.62
1510,2024-04-28,254.59
1510,2024-04-30,136.77
1510,2024-04-30,152.82
1510,2024-05-01,79.08
1510,2024-05-05,76.01
1510,2024-05-19,120.52
1510,2024-05-23,160.13
1510,2024-05-23,175.52
1510,2024-05-25,93.23
1510,2024-06-08,80.03
1510,2024-06-11,97.04
1510,2024-06-12,189.28
1510,2024-06-13,106.57
1510,2024-06-14,146.29
1510,2024-06-16,156.81
1510,2024-06-26,134.58
1510,2024-07-02,158.0
1510,2024-07-04,179.27
1510,2024-07-09,111.31
1510,2024-07-14,73.6
1510,2024-07-19,117.99
1510,2024-07-19,276.89
1510,2024-07-23,82.65
1510,2024-07-23,131.05
1510,2024-07-26,113.86
1510,2024-07-31,98.8
1510,2024-08-01,140.59
1510,2024-08-01,106.64
1510,2024-08-10,140.41
1510,2024-08-13,167.16
1510,2024-08-18,105.12
1510,2024-08-19,147.17
1510,2024-08-23,57.66
1510,2024-08-28,96.88
1510,2024-08-30,127.71
1510,2024-09-03,67.22
1510,2024-09-05,76.34
1510,2024-09-14,164.05
1510,2024-09-27,45.78
1510,2024-09-27,154.76
1510,2024-10-04,120.59
1510,2024-10-15,130.67
1510,2024-10-17,218.79
1510,2024-10-28,152.38
1510,2024-10-29,229.08
1510,2024-10-30,55.02
1510,2024-11-02,254.0
1510,2024-11-03,117.79
1510,2024-11-06,139.52
1510,2024-11-06,226.33
1510,2024-11-12,198.11
1510,2024-11-19,154.72
1510,2024-11-23,117.45
1510,2024-11-24,175.09
1510,2024-11-28,114.84
1510,2024-12-01,106.2
1510,2024-12-04,125.57
1510,2024-12-19,113.32
1510,2024-12-24,137.95
1510,2024-12-25,176.85
1510,2025-01-02,152.46
1510,2025-01-10,182.37
1510,2025-01-26,150.3
1510,2025-01-26,132.11
1510,2025-01-28,188.44
1510,2025-02-04,161.39
1510,2025-02-12,83.1
1510,2025-02-26,174.81
1510,2025-02-27,214.53
1510,2025-02-28,138.45
1510,2025-03-13,45.87
1510,2025-03-13,270.24
1510,2025-03-19,154.03
1510,2025-03-20,111.35
1510,2025-03-23,79.0
1510,2025-03-26,101.16
1510,2025-04-07,82.41
1510,2025-04-10,138.06
1510,2025-04-12,81.93
1510,2025-04-16,126.81
1510,2025-04-21,173.9
1510,2025-04-22,142.08
1510,2025-04-23,83.85
1510,2025-05-02,148.39
1510,2025-05-04,236.47
1510,2025-05-15,86.55
1510,2025-05-20,156.18
1510,2025-05-31,175.54
1510,2025-05-31,138.28
1510,2025-06-13,74.58
1510,2025-06-22,150.33
1510,2025-06-28,78.37
1510,2025-06-28,46.84
1510,2025-07-01,178.53
1510,2025-07-27,152.5
1510,2025-07-30,94.13
1510,2025-08-01,179.91
1510,2025-08-01,96.94
1510,2025-08-08,68.22
1510,2025-08-13,101.22
1510,2025-08-17,130.57
1510,2025-08-21,106.82
1510,2025-08-29,296.71
1510,2025-09-09,116.56
1510,2025-09-10,167.3
1510,2025-09-11,206.69
1510,2025-09-14,74.99
1510,2025-09-24,218.53
1510,2025-09-24,67.97
1510,2025-09-28,192.74
1510,2025-10-03,143.79
1510,2025-10-03,164.9
1510,2025-10-04,141.32
1510,2025-10-07,208.57
1510,2025-10-22,96.19
1510,2025-10-22,138.89
1510,2025-10-24,191.65
1510,2025-10-27,83.95
1510,2025-11-03,78.57
1510,2025-11-03,182.22
1510,2025-11-12,131.93
1510,2025-11-13,111.85
1510,2025-11-26,159.47
1510,2025-11-30,103.85
1510,2025-12-04,167.93
1510,2025-12-07,68.99
1510,2025-12-07,109.98
1510,2025-12-08,96.18
1510,2025-12-09,178.02
1510,2025-12-10,223.5
1510,2025-12-10,153.44
1510,2025-12-15,137.19
1510,2025-12-18,173.16
1510,2025-12-28,34.43
1511,2024-05-07,10.22
1511,2024-07-08,10.23
1512,2024-03-24,28.26
1512,2024-05-12,8.26
1512,2024-05-12,12.28
1512,2024-05-30,26.31
1512,2024-07-24,28.84
1512,2024-07-27,22.52
1512,2024-08-11,16.75
1512,2024-08-11,14.15
1512,2024-08-14,16.06
1512,2024-08-30,23.17
1512,2024-09-05,23.53
1512,2024-09-26,24.2
1512,2024-11-07,29.19
1512,2024-12-19,17.66
1512,2024-12-31,21.43
1512,2025-01-23,13.86
1512,2025-05-13,10.0
1512,2025-06-10,32.31
1512,2025-06-16,9.71
1512,2025-06-23,15.1
1512,2025-06-24,12.94
1512,2025-07-03,8.46
1512,2025-08-08,10.68
1512,2025-09-16,22.91
1512,2025-12-28,18.49
1513,2024-03-09,52.85
1513,2024-03-16,70.56
1513,2024-04-24,45.47
1513,2024-06-08,34.92
1513,2024-06-14,38.97
1513,2024-11-30,61.23
1513,2024-12-01,80.99
1513,2024-12-31,54.96
1513,2025-01-01,19.93
1513,2025-02-21,67.93
1513,2025-04-05,35.45
1513,2025-04-12,41.15
1513,2025-04-21,78.53
1513,2025-07-08,32.13
1513,2025-09-21,14.67
1513,2025-10-09,58.8
1513,2025-11-16,28.52
1514,2024-03-11,26.06
1515,2024-06-28,18.66
1515,2024-06-28,30.49
1515,2024-06-28,9.64
1515,2024-07-02,31.6
1515,2024-07-17,14.79
1515,2024-07-25,22.14
1515,2024-07-26,27.29
1515,2024-07-30,25.57
1515,2024-08-20,29.45
1515,2024-08-20,28.82
1515,2024-09-11,37.97
1515,2024-10-17,18.43
1515,2024-10-18,6.17
1515,2024-11-01,63.41
1515,2024-11-04,23.72
1515,2024-11-16,47.66
1515,2024-11-21,23.09
1515,2024-12-06,12.64
1515,2024-12-08,28.84
1515,2024-12-26,22.64
1515,2025-02-08,26.07
1515,2025-02-27,30.78
1515,2025-03-05,9.16
1515,2025-04-13,14.46
1515,2025-05-16,24.62
1515,2025-05-30,17.75
1515,2025-06-02,34.71
1515,2025-06-04,52.47
1515,2025-06-06,22.69
1515,2025-06-26,16.92
1515,2025-07-18,15.62
1515,2025-08-16,29.03
1515,2025-09-15,17.79
1515,2025-11-06,18.5
1515,2025-11-22,18.7
1515,2025-11-30,40.16
1515,2025-12-12,17.0
1516,2024-03-07,23.6
1516,2024-05-12,17.14
1516,2024-06-25,22.44
1516,2024-12-20,13.6
1516,2025-03-10,18.99
1516,2025-05-02,14.51
1516,2025-07-13,8.12
1516,2025-08-21,10.93
1517,2024-02-04,22.93
1517,2024-02-14,28.59
1517,2024-04-04,12.7
1517,2024-04-15,32.71
1518,2024-04-24,30.25
1519,2024-04-04,26.28
1519,2024-04-04,20.75
1519,2024-06-21,8.14
1519,2024-07-04,15.04
1519,2024-07-08,10.83
1519,2024-08-19,16.31
1519,2024-08-21,6.65
1519,2024-09-12,12.02
1519,2024-09-18,15.84
1519,2024-10-17,27.64
1519,2024-12-20,9.01
1519,2025-01-18,21.03
1519,2025-02-05,8.14
1519,2025-02-16,14.02
1519,2025-03-15,21.98
1519,2025-03-31,26.01
1519,2025-05-31,13.04
1519,2025-06-25,22.49
1519,2025-07-21,13.81
1519,2025-11-07,15.7
1520,2024-03-03,12.88
1520,2024-04-18,33.52
1521,2024-01-20,136.42
1521,2024-06-08,191.42
1521,2024-08-28,41.18
1521,2024-08-29,110.94
1521,2024-09-12,84.24
1521,2024-09-22,114.25
1521,2024-10-14,79.66
1521,2024-12-14,75.27
1521,2025-12-20,112.19
1522,2024-04-13,28.59
1522,2024-05-14,19.68
1522,2024-05-29,16.6
1522,2024-05-30,50.41
1522,2024-06-06,16.77
1522,2024-06-09,7.65
1522,2024-06-15,46.2
1522,2024-06-20,23.33
1522,2024-07-01,36.03
1522,2024-07-22,20.6
1522,2024-08-03,14.09
1522,2024-08-16,21.2
1522,2024-08-18,29.42
1522,2024-08-20,13.72
1522,2024-08-28,26.85
1522,2024-09-05,45.65
1522,2024-09-08,38.83
1522,2024-09-13,28.53
1522,2024-09-17,47.03
1522,2024-10-18,23.51
1522,2024-10-23,38.39
1522,2024-11-09,14.67
1522,2024-11-16,13.65
1522,2024-11-20,24.98
1522,2024-11-28,18.11
1522,2024-12-05,29.35
1522,2024-12-13,35.14
1522,2024-12-24,32.82
1522,2024-12-29,11.32
1522,2025-01-01,13.33
1522,2025-01-23,43.74
1522,2025-02-06,19.44
1522,2025-03-12,22.02
1522,2025-03-15,31.87
1522,2025-03-29,21.84
1522,2025-04-15,16.19
1522,2025-04-23,19.16
1522,2025-04-23,28.86
1522,2025-04-26,13.97
1522,2025-05-10,17.31
1523,2024-05-03,30.55
1524,2024-04-03,37.35
1525,2024-04-06,13.97
1526,2024-03-11,12.63
1526,2024-03-22,14.98
1526,2024-05-04,13.51
1526,2024-07-08,18.2
1526,2024-07-11,14.37
1526,2024-07-19,13.33
1526,2024-08-17,38.37
1526,2024-10-07,45.56
1526,2024-11-19,23.39
1526,2024-11-29,23.26
1527,2024-03-01,18.96
1527,2024-03-29,14.78
1527,2024-07-07,12.95
1527,2024-08-27,14.44
1527,2024-11-26,17.8
1527,2025-03-01,37.31
1527,2025-10-04,25.32
1527,2025-12-07,20.25
1528,2024-02-03,16.39
1529,2024-04-29,15.37
1529,2024-05-05,6.64
1529,2024-06-05,5.85
1529,2024-06-17,9.64
1529,2024-07-16,11.27
1529,2024-07-23,10.15
1529,2024-08-04,6.87
1529,2024-08-10,16.5
1529,2024-09-03,7.95
1529,2024-09-05,18.95
1529,2024-09-15,16.92
1529,2025-01-04,20.21
1529,2025-03-06,10.84
1529,2025-03-16,7.15
1529,2025-03-31,6.67
1529,2025-04-06,13.22
1529,2025-04-23,7.45
1529,2025-05-01,6.91
1529,2025-05-03,14.02
1529,2025-05-05,7.32
1529,2025-06-08,10.47
1529,2025-06-30,11.35
1529,2025-07-26,15.73
1529,2025-08-19,9.96
1529,2025-09-11,7.2
1529,2025-09-14,12.6
1529,2025-09-26,24.94
1529,2025-10-04,2.99
1529,2025-12-01,5.27
1530,2024-01-25,5.39
1530,2024-01-31,36.69
1530,2024-02-01,10.77
1530,2024-02-06,13.06
1530,2024-02-11,17.73
1530,2024-02-17,19.22
1530,2024-03-28,8.95
1530,2024-04-10,15.63
1530,2024-04-11,28.94
1530,2024-04-11,11.89
1530,2024-04-24,11.75
1530,2024-04-26,13.58
1530,2024-04-27,15.37
1530,2024-05-26,30.7
1530,2024-05-27,6.44
1530,2024-06-06,14.48
1530,2024-06-13,13.33
1530,2024-06-20,10.92
1530,2024-07-19,9.01
1530,2024-07-21,8.77
1530,2024-08-11,17.21
1530,2024-09-11,24.82
1530,2024-09-24,25.34
1530,2024-09-29,9.5
1530,2024-09-29,18.1
1531,2024-06-16,59.79
1531,2024-10-20,70.31
1531,2025-03-30,35.74
1531,2025-07-11,41.69
1531,2025-07-17,93.2
1532,2024-02-23,55.83
1532,2024-02-23,38.7
1532,2024-03-01,25.34
1532,2024-03-04,24.23
1533,2024-06-28,31.96
1534,2024-06-11,15.84
1534,2024-09-18,50.7
1534,2024-12-09,15.72
1534,2024-12-25,27.95
1534,2025-01-06,15.32
1534,2025-01-20,19.85
1534,2025-02-02,24.72
1534,2025-02-03,30.1
1534,2025-02-16,30.58
1534,2025-03-02,19.6
1534,2025-03-09,21.62
1534,2025-04-10,23.64
1534,2025-04-19,13.91
1534,2025-06-04,26.47
1534,2025-06-05,23.93
1534,2025-09-07,13.11
1534,2025-09-21,33.34
1534,2025-10-27,17.12
1534,2025-12-16,27.34
1534,2025-12-25,23.56
1535,2024-02-28,9.32
1536,2024-06-27,50.92
1536,2024-12-11,15.21
1537,2024-01-14,13.4
1537,2024-01-14,22.1
1537,2024-01-19,11.28
1538,2024-01-20,7.8
1539,2024-02-12,124.17
1540,2024-06-16,60.15
1540,2024-06-22,17.53
1540,2024-06-23,33.78
1540,2024-06-27,21.84
1540,2024-07-07,38.66
1540,2024-07-17,64.61
1540,2024-08-04,71.78
1540,2024-08-12,61.47
1540,2024-08-19,52.18
1540,2024-08-29,29.19
1540,2024-09-11,45.68
1540,2024-09-21,36.28
1540,2024-09-28,29.34
1540,2024-10-04,40.98
1540,2024-10-15,28.65
1540,2024-10-27,31.28
1540,2024-11-16,22.06
1540,2024-11-26,28.98
1540,2024-12-07,21.16
1540,2024-12-16,30.76
1540,2025-01-02,37.98
1540,2025-01-08,67.05
1540,2025-01-24,20.28
1540,2025-02-04,20.06
1540,2025-02-05,62.92
1540,2025-03-02,28.24
1540,2025-03-12,24.84
1540,2025-04-06,21.56
1540,2025-04-18,44.93
1540,2025-05-01,22.76
1540,2025-05-24,52.2
1540,2025-06-02,21.34
1540,2025-06-17,27.7
1540,2025-06-24,21.93
1540,2025-07-04,23.53
1540,2025-07-07,38.52
1540,2025-08-02,37.38
1540,2025-08-12,31.06
1540,2025-08-19,15.31
1540,2025-08-19,29.66
1540,2025-08-20,51.8
1540,2025-09-11,36.96
1541,2024-06-28,20.25
1541,2024-08-09,42.12
1541,2024-08-23,21.86
1541,2024-09-04,51.24
1541,2024-09-20,31.23
1541,2024-11-07,42.66
1541,2024-11-11,23.67
1542,2024-02-24,36.37
1542,2024-03-17,25.03
1543,2024-05-14,44.95
1544,2024-02-11,13.84
1545,2024-02-13,16.81
1545,2024-02-13,21.64
1545,2024-02-24,8.39
1545,2024-04-22,4.6
1545,2024-09-02,22.08
1545,2025-03-19,9.86
1546,2024-01-18,54.23
1547,2024-03-13,19.58
1547,2024-03-23,24.08
1548,2024-02-05,16.66
1548,2024-03-13,42.43
1548,2024-03-27,42.83
1549,2024-03-18,51.95
1550,2024-01-21,14.01
1550,2024-01-30,20.59
1550,2024-02-11,20.65
1550,2024-02-25,9.83
1550,2024-04-11,10.01
1550,2024-05-28,7.9
1550,2024-06-21,18.8
1550,2024-06-23,6.44
1550,2024-08-24,23.66
1550,2024-09-17,8.1
1550,2024-10-29,14.58
1550,2025-03-19,4.91
1550,2025-06-11,21.43
1550,2025-06-15,22.39
1550,2025-07-25,15.02
1550,2025-07-27,7.53
1551,2024-06-19,19.28
1552,2024-02-24,15.78
1552,2024-03-17,9.63
1552,2024-07-01,21.43
1552,2024-07-22,23.0
1552,2025-01-24,21.59
1552,2025-02-13,20.83
1552,2025-06-30,23.47
1552,2025-07-29,7.2
1552,2025-10-22,23.14
1553,2024-02-04,40.71
1553,2024-02-06,34.11
1553,2024-02-08,16.59
1553,2024-02-10,22.62
1553,2024-03-06,31.17
1553,2024-04-23,3.88
1553,2024-06-08,34.02
1553,2024-08-15,41.98
1553,2024-08-24,7.23
1553,2024-08-30,16.93
1553,2024-11-26,24.49
1553,2024-12-05,18.27
1553,2024-12-14,19.87
1554,2024-06-26,18.06
1554,2024-07-20,6.73
1554,2024-08-03,15.09
1554,2024-09-07,13.92
1554,2024-10-19,17.81
1554,2024-10-22,16.97
1555,2024-03-09,35.58
1555,2024-03-28,40.04
1555,2024-04-02,12.59
1555,2024-05-27,33.18
1555,2024-08-19,38.8
1555,2024-10-20,26.52
1555,2024-10-24,38.14
1555,2024-12-26,64.04
1555,2024-12-30,28.12
1555,2025-01-02,36.03
1555,2025-03-23,20.41
1556,2024-06-14,30.28
1557,2024-05-30,22.92
1557,2024-06-01,25.64
1557,2024-07-11,11.3
1557,2024-07-31,21.55
1557,2024-08-09,26.28
1557,2024-10-24,15.35
1557,2025-01-14,40.21
1557,2025-01-25,22.01
1557,2025-03-13,12.65
1557,2025-05-08,35.04
1557,2025-05-16,11.63
1557,2025-08-23,9.84
1558,2024-05-25,43.97
1558,2024-06-01,11.76
1558,2024-07-26,26.7
1558,2024-11-08,45.81
1558,2024-12-07,30.54
1558,2025-05-29,35.84
1558,2025-06-12,28.47
1558,2025-07-22,51.49
1558,2025-08-01,38.43
1558,2025-11-19,42.27
1558,2025-12-10,40.6
1559,2024-03-20,29.41
1559,2024-04-03,43.39
1559,2024-05-08,37.25
1559,2024-05-31,23.61
1559,2024-06-18,52.02
1559,2024-07-23,36.25
1560,2024-05-17,16.09
1560,2024-05-26,17.54
1560,2024-06-11,8.42
1560,2024-06-20,31.6
1560,2024-06-22,27.04
1560,2024-06-28,33.34
1560,2024-06-28,28.95
1560,2024-06-28,32.12
1560,2024-07-04,39.91
1560,2024-07-18,16.6
1560,2024-07-22,17.85
1560,2024-07-26,19.4
1560,2024-08-01,58.0
1560,2024-08-08,24.59
1560,2024-08-20,45.01
1560,2024-09-06,21.08
1560,2024-10-17,19.14
1560,2024-10-25,25.3
1560,2024-12-06,24.14
1560,2024-12-08,31.41
1560,2025-01-09,32.4
1560,2025-01-19,21.22
1560,2025-01-28,24.52
1560,2025-01-31,34.39
1560,2025-02-03,21.82
1560,2025-02-07,24.08
1560,2025-02-09,15.85
1560,2025-02-15,20.04
1560,2025-02-18,27.93
1560,2025-02-19,22.42
1560,2025-02-24,19.33
1560,2025-03-04,24.58
1560,2025-03-09,30.7
1560,2025-03-11,12.22
1560,2025-03-16,49.34
1560,2025-03-20,23.52
1560,2025-04-11,17.88
1560,2025-04-16,19.8
1560,2025-05-06,25.52
1560,2025-05-12,23.57
1560,2025-05-14,19.06
1560,2025-05-15,7.89
1560,2025-05-15,18.04
1560,2025-05-30,17.03
1560,2025-06-05,25.61
1560,2025-06-21,39.15
1560,2025-06-25,16.44
1560,2025-07-05,10.34
1560,2025-07-09,28.46
1560,2025-08-10,32.41
1560,2025-08-12,23.47
1560,2025-08-16,9.75
1560,2025-08-24,28.08
1560,2025-09-04,12.68
1561,2024-02-23,15.35
1562,2024-03-27,26.05
1563,2024-02-08,27.65
1563,2024-10-27,10.06
1563,2024-11-08,23.06
1563,2025-01-23,8.98
1563,2025-06-04,16.71
1563,2025-09-04,30.37
1564,2024-02-22,14.69
1564,2024-05-09,11.11
1564,2024-08-19,21.85
1564,2024-12-09,20.48
1565,2024-05-03,22.82
1565,2024-05-11,16.29
1565,2024-06-15,27.96
1565,2024-06-25,17.22
1565,2024-07-06,15.67
1565,2024-07-10,17.45
1565,2024-08-05,20.17
1565,2024-08-12,30.19
1565,2024-08-23,10.0
1565,2024-08-24,15.87
1565,2024-09-22,9.44
1565,2024-10-09,10.11
1565,2024-11-11,26.29
1565,2024-11-15,18.02
1565,2024-11-17,12.98
1565,2024-11-20,17.18
1565,2024-11-24,19.87
1565,2024-12-09,9.42
1565,2024-12-10,14.15
1565,2024-12-19,9.5
1565,2024-12-30,12.39
1565,2024-12-31,10.6
1565,2025-01-02,8.52
1565,2025-01-08,18.5
1565,2025-01-21,16.6
1565,2025-02-24,8.26
1565,2025-02-24,16.19
1565,2025-03-09,17.74
1565,2025-03-14,34.64
1565,2025-05-07,16.89
1565,2025-05-12,15.2
1565,2025-07-03,23.67
1565,2025-07-10,14.14
1565,2025-07-16,10.65
1565,2025-08-21,28.42
1565,2025-09-06,25.23
1565,2025-09-17,7.72
1565,2025-09-17,17.97
1565,2025-09-20,15.23
1565,2025-10-07,15.03
1565,2025-10-12,20.81
1565,2025-10-16,12.81
1565,2025-10-21,7.86
1565,2025-11-13,14.92
1565,2025-11-19,23.22
1565,2025-12-25,23.02
1566,2024-03-17,63.19
1567,2024-06-15,33.39
1568,2024-04-21,23.84
1569,2024-04-03,49.62
1570,2024-04-04,13.0
1570,2025-07-29,18.81
1570,2025-08-24,10.0
1571,2024-03-04,16.9
1571,2025-03-04,47.49
1571,2025-06-06,31.45
1571,2025-06-25,21.96
1572,2024-04-08,38.32
1573,2024-02-29,12.38
1574,2024-02-28,29.64
1575,2024-01-29,14.86
1575,2024-03-09,27.42
1575,2024-07-08,19.74
1575,2024-07-26,20.91
1575,2024-12-13,36.35
1575,2025-01-05,28.36
1575,2025-01-10,10.0
1576,2024-01-29,44.17
1576,2024-02-28,83.59
1576,2024-08-03,29.9
1576,2024-10-10,46.5
1576,2025-06-07,61.28
1576,2025-10-06,38.94
1577,2024-05-04,7.83
1578,2024-04-22,13.26
1579,2024-02-05,15.96
1579,2024-05-21,16.49
1579,2024-08-05,12.97
1580,2024-05-09,8.54
1581,2024-03-17,34.65
1582,2024-06-29,15.43
1582,2024-10-14,36.71
1582,2024-10-28,34.64
1583,2024-05-09,20.59
1583,2024-07-30,14.79
1583,2024-12-04,23.56
1583,2024-12-17,16.46
1583,2024-12-27,15.41
1583,2025-03-01,20.35
1583,2025-06-17,42.71
1583,2025-08-18,23.41
1583,2025-11-19,28.27
1584,2024-06-04,43.66
1584,2024-06-22,48.98
1584,2024-06-25,28.13
1585,2024-05-17,6.22
1585,2025-04-03,10.06
1586,2024-04-25,19.33
1586,2024-05-18,9.29
1586,2024-06-07,29.07
1586,2024-07-09,17.89
1586,2024-09-21,17.95
1586,2024-12-10,16.38
1586,2025-01-10,22.29
1586,2025-06-09,28.63
1586,2025-08-02,19.71
1586,2025-08-23,21.33
1586,2025-10-01,17.71
1586,2025-10-13,11.1
1587,2024-03-17,7.03
1588,2024-04-09,25.57
1589,2024-03-20,22.21
1589,2024-03-20,23.59
1589,2024-03-22,10.08
1589,2024-04-14,20.56
1590,2024-01-31,6.73
1590,2024-02-01,16.19
1590,2024-02-10,8.28
1590,2024-03-02,16.57
1591,2024-04-22,36.68
1592,2024-04-20,24.47
1592,2024-04-23,21.61
1592,2024-06-30,14.02
1592,2024-07-25,10.2
1593,2024-02-04,10.77
1593,2024-03-16,21.96
1593,2024-05-02,26.73
1593,2024-05-05,22.33
1593,2024-05-29,49.58
1593,2024-05-31,26.89
1593,2024-06-05,19.41
1593,2024-06-16,26.29
1593,2024-07-13,20.16
1593,2024-07-15,22.33
1593,2024-08-03,28.57
1593,2024-08-23,12.81
1593,2024-09-09,21.36
1593,2024-09-22,23.27
1594,2024-01-06,25.54
1594,2024-07-05,20.5
1594,2024-08-06,29.77
1595,2024-01-30,32.52
1595,2024-03-04,30.22
1595,2024-03-04,28.04
1595,2024-03-15,36.23
1595,2024-04-05,13.7
1595,2024-04-06,26.65
1595,2024-04-18,28.57
1595,2024-04-20,15.46
1595,2024-05-18,18.05
1595,2024-05-27,13.56
1595,2024-06-21,18.0
1595,2024-06-24,19.98
1595,2024-06-26,16.04
1595,2024-08-09,28.86
1595,2024-08-26,23.81
1595,2024-09-30,36.24
1595,2024-10-24,37.29
1595,2024-10-25,25.02
1595,2024-11-20,16.0
1595,2025-03-01,15.21
1595,2025-04-09,11.71
1595,2025-04-23,14.79
1595,2025-05-10,31.66
1595,2025-06-22,15.51
1595,2025-07-16,17.56
1595,2025-08-05,44.44
1595,2025-08-06,16.33
1595,2025-08-20,14.53
1595,2025-09-23,16.34
1595,2025-10-06,11.49
1595,2025-10-09,32.0
1595,2025-10-11,8.65
1595,2025-10-20,30.48
1595,2025-12-05,23.84
1595,2025-12-28,6.51
1596,2024-03-03,21.02
1596,2025-06-22,24.43
1597,2024-01-31,8.46
1598,2024-01-18,40.54
1599,2024-01-25,22.99
1599,2024-02-26,35.0
1599,2024-04-11,11.2
1600,2024-06-28,7.4
1601,2024-05-03,24.09
1601,2024-06-10,15.72
1601,2024-10-17,29.18
1601,2024-11-07,15.59
1601,2024-11-30,21.32
1601,2024-12-10,16.62
1601,2024-12-12,22.47
1601,2025-06-17,11.36
1602,2024-05-19,13.0
1603,2024-03-06,13.8
1603,2024-04-19,15.44
1603,2024-05-28,34.13
1603,2024-06-01,36.25
1603,2024-06-23,22.4
1603,2024-06-25,27.94
1603,2024-08-04,33.24
1603,2024-08-29,14.15
1603,2024-10-06,33.12
1603,2024-11-07,14.84
1603,2025-01-10,9.34
1603,2025-01-20,38.11
1603,2025-02-17,18.21
1603,2025-03-09,38.18
1603,2025-03-27,39.01
1603,2025-04-03,17.69
1603,2025-06-17,32.68
1603,2025-08-05,41.56
1603,2025-08-30,35.01
1603,2025-08-30,25.16
1603,2025-10-25,19.68
1603,2025-10-29,29.39
1603,2025-11-29,28.46
1604,2024-02-16,20.19
1604,2024-05-26,19.22
1604,2024-10-20,12.02
1604,2024-10-31,15.68
1604,2024-12-09,17.72
1604,2024-12-19,17.62
1604,2025-02-13,13.45
1604,2025-03-10,7.97
1604,2025-04-23,13.61
1604,2025-07-22,16.29
1604,2025-10-27,42.35
1604,2025-12-26,17.76
1605,2024-01-29,39.78
1606,2024-05-30,8.55
1606,2024-08-05,15.77
1606,2025-02-19,13.93
1606,2025-07-18,23.76
1606,2025-11-21,15.07
1607,2024-02-22,17.29
1607,2024-07-01,12.11
1608,2024-03-13,71.59
1608,2024-05-13,71.84
1608,2025-04-03,38.91
1608,2025-05-12,26.2
1608,2025-09-16,29.91
1609,2024-02-28,51.49
1609,2024-07-21,24.86
1610,2024-03-02,8.2
1610,2024-05-21,9.67
1611,2024-06-09,15.55
1611,2024-06-13,15.43
1611,2024-06-29,26.21
1611,2024-07-04,13.4
1611,2024-07-24,24.36
1611,2024-07-25,18.04
1611,2024-07-26,38.65
1611,2024-08-23,23.71
1611,2024-08-30,31.64
1611,2024-09-09,32.75
1611,2024-09-10,17.37
1611,2024-10-22,32.53
1611,2024-11-09,22.71
1611,2024-11-14,30.72
1611,2024-12-03,14.04
1611,2025-01-30,19.19
1611,2025-02-07,40.5
1611,2025-02-11,18.9
1611,2025-02-26,31.9
1611,2025-03-29,13.0
1611,2025-04-01,18.94
1611,2025-04-08,36.66
1611,2025-04-08,32.46
1611,2025-06-18,13.8
1611,2025-07-02,25.87
1611,2025-07-02,18.78
1611,2025-08-05,16.06
1611,2025-09-12,35.19
1611,2025-09-17,47.4
1611,2025-09-17,13.3
1611,2025-10-11,17.09
1611,2025-10-13,29.47
1611,2025-10-17,34.23
1611,2025-11-05,43.83
1611,2025-11-08,17.83
1611,2025-11-08,16.33
1611,2025-11-10,16.6
1611,2025-11-15,13.97
1611,2025-11-19,14.62
1611,2025-11-26,23.06
1611,2025-11-28,17.12
1611,2025-11-30,29.34
1611,2025-12-01,11.06
1611,2025-12-26,28.51
1612,2024-04-27,47.65
1612,2024-08-18,31.89
1613,2024-06-06,36.69
1613,2025-07-02,26.5
1614,2024-02-14,12.92
1614,2024-03-10,21.3
1615,2024-03-26,24.33
1616,2024-01-11,61.15
1616,2024-02-07,60.49
1616,2024-02-09,54.88
1616,2024-03-02,45.99
1616,2024-05-31,38.24
1616,2024-07-04,52.58
1616,2024-09-03,31.2
1616,2024-09-19,70.7
1616,2024-10-21,59.82
1616,2024-10-30,47.68
1617,2024-05-20,48.6
1617,2024-08-17,38.03
1617,2024-09-28,57.59
1618,2024-04-03,53.48
1619,2024-04-19,11.51
1619,2024-05-14,4.44
1619,2024-07-09,10.32
1619,2024-09-13,8.28
1619,2025-01-09,16.88
1619,2025-01-16,19.12
1619,2025-05-21,13.56
1620,2024-06-07,6.87
1621,2024-01-07,18.17
1621,2024-01-12,26.9
1621,2024-01-27,17.08
1621,2024-03-30,16.23
1621,2024-04-22,15.58
1621,2024-04-25,13.13
1621,2024-05-29,24.45
1621,2024-06-06,11.2
1621,2024-08-14,25.66
1621,2024-09-16,17.64
1621,2024-10-19,14.54
1621,2024-10-26,22.22
1621,2024-10-29,19.05
1621,2024-12-11,10.02
1621,2024-12-13,13.86
1621,2025-02-25,8.08
1621,2025-02-26,13.86
1621,2025-03-16,33.43
1621,2025-03-28,18.26
1621,2025-04-08,16.7
1621,2025-05-23,14.03
1621,2025-10-14,8.5
1621,2025-11-02,6.87
1621,2025-11-16,15.29
1621,2025-11-19,12.21
1621,2025-12-02,25.41
1621,2025-12-06,27.83
1622,2024-02-14,11.95
1622,2024-10-07,5.56
1622,2025-01-27,6.4
1623,2024-05-23,17.21
1623,2024-06-02,57.04
1623,2024-06-19,37.06
1623,2024-06-30,32.91
1623,2024-07-14,58.5
1623,2024-08-09,13.94
1623,2024-08-16,60.92
1623,2024-08-19,18.72
1623,2024-09-13,23.18
1623,2024-10-04,46.02
1623,2024-10-12,23.1
1623,2024-11-03,41.67
1623,2024-11-04,36.22
1623,2024-11-27,39.87
1623,2024-12-07,41.36
1623,2024-12-13,33.12
1623,2025-02-04,23.38
1623,2025-02-24,39.19
1623,2025-03-03,35.45
1623,2025-03-13,32.04
1623,2025-03-26,15.03
1623,2025-04-23,40.84
1623,2025-04-27,41.26
1623,2025-05-10,27.25
1623,2025-05-22,28.01
1623,2025-06-21,26.92
1623,2025-06-30,25.78
1623,2025-07-14,29.87
1623,2025-07-21,53.51
1623,2025-07-28,14.68
1623,2025-08-04,32.55
1623,2025-08-08,29.53
1623,2025-08-23,58.25
1623,2025-08-28,23.64
1623,2025-09-12,67.29
1623,2025-10-02,15.65
1623,2025-10-17,20.79
1623,2025-10-17,49.28
1623,2025-10-18,32.95
1623,2025-10-20,36.88
1623,2025-11-10,17.95
1623,2025-11-20,29.85
1623,2025-11-27,22.49
1623,2025-12-09,38.27
1623,2025-12-21,31.12
1623,2025-12-24,33.18
1624,2024-03-25,28.69
1624,2025-01-05,15.68
1625,2024-01-13,18.84
1625,2024-03-01,20.83
1625,2024-03-20,4.98
1626,2024-01-12,42.37
1627,2024-05-25,4.68
1628,2024-06-27,11.14
1628,2024-07-13,20.23
1628,2024-07-18,15.56
1628,2024-08-30,8.33
1629,2024-02-10,26.8
1630,2024-01-23,32.13
1631,2024-05-06,11.0
1631,2024-06-19,4.43
1631,2024-07-23,11.76
1631,2024-07-29,13.64
1632,2024-05-16,20.08
1632,2024-07-09,6.87
1632,2024-07-12,6.95
1632,2024-11-10,17.02
1632,2024-11-19,19.23
1632,2024-12-20,20.92
1632,2025-01-06,18.45
1632,2025-01-13,13.6
1632,2025-03-05,15.69
1632,2025-04-07,7.41
1632,2025-05-10,25.49
1632,2025-08-15,19.53
1632,2025-10-15,16.99
1632,2025-10-27,12.89
1632,2025-11-24,27.25
1633,2024-02-01,31.26
1633,2024-02-22,47.46
1633,2024-03-08,33.42
1633,2024-04-10,40.74
1633,2024-06-25,34.54
1633,2024-06-26,23.41
1633,2024-08-20,17.5
1633,2024-11-04,30.18
1633,2024-11-07,15.82
1633,2024-11-27,29.29
1633,2024-11-29,17.37
1633,2024-12-30,41.18
1633,2025-01-04,18.44
1633,2025-01-20,24.4
1633,2025-05-29,27.86
1633,2025-08-05,19.13
1633,2025-12-16,28.89
1633,2025-12-24,36.93
1634,2024-03-06,18.86
1634,2024-03-16,11.5
1634,2024-03-19,4.56
1634,2024-06-10,8.99
1634,2024-06-19,18.72
1634,2024-07-13,37.3
1634,2024-09-27,11.86
1634,2025-04-16,9.81
1634,2025-06-19,15.03
1634,2025-08-26,6.63
1634,2025-10-28,17.44
1634,2025-10-31,8.33
1635,2024-05-18,9.99
1636,2024-01-16,52.05
1637,2024-02-23,30.84
1637,2024-04-01,15.45
1637,2024-07-17,13.44
1637,2024-09-04,21.29
1637,2024-09-26,30.51
1637,2024-10-08,48.0
1638,2024-06-13,7.8
1638,2024-08-22,14.48
1638,2025-01-20,16.73
1638,2025-01-22,10.31
1638,2025-02-16,15.56
1638,2025-03-11,15.37
1638,2025-06-22,14.04
1638,2025-07-01,6.18
1638,2025-08-19,10.74
1639,2024-01-24,14.02
1639,2024-03-29,17.81
1640,2024-01-20,19.12
1640,2024-01-21,38.83
1640,2024-01-26,15.92
1640,2024-01-29,25.18
1640,2024-02-01,25.62
1640,2024-12-15,17.76
1640,2025-03-05,33.59
1640,2025-03-20,4.94
1640,2025-04-05,31.48
1640,2025-05-15,14.04
1640,2025-12-08,9.16
1640,2025-12-24,8.41
1641,2024-05-20,20.15
1641,2024-05-20,16.99
1641,2024-06-16,10.44
1641,2024-06-21,27.71
1641,2024-09-24,24.69
1641,2024-09-27,18.63
1641,2024-10-04,16.69
1641,2024-11-12,13.86
1641,2024-11-26,21.54
1641,2025-02-22,24.86
1641,2025-04-06,27.13
1641,2025-04-27,8.98
1641,2025-04-27,18.9
1641,2025-05-04,13.96
1641,2025-05-27,15.04
1641,2025-08-10,14.53
1641,2025-09-23,14.67
1641,2025-10-21,35.08
1641,2025-10-24,21.99
1641,2025-10-27,15.53
1641,2025-12-08,12.57
1641,2025-12-12,11.09
1642,2024-01-13,21.26
1642,2024-01-31,32.77
1643,2024-02-17,9.82
1644,2024-03-09,18.22
1644,2024-05-22,18.82
1644,2024-09-10,20.93
1644,2025-01-15,32.32
1644,2025-08-31,12.77
1644,2025-09-24,26.34
1644,2025-10-15,31.7
1645,2024-06-27,8.81
1645,2024-06-27,23.84
1645,2024-07-06,23.1
1645,2024-07-11,22.33
1645,2024-07-12,14.33
1645,2024-07-12,19.01
1645,2024-07-23,15.23
1645,2024-08-17,21.78
1645,2024-08-18,29.6
1645,2024-09-14,9.51
1645,2024-09-23,16.73
1646,2024-01-29,22.4
1646,2024-04-01,12.27
1646,2024-04-04,43.3
1646,2024-04-24,12.04
1646,2024-05-22,21.51
1646,2024-05-31,18.29
1646,2024-06-01,26.29
1646,2024-07-28,29.31
1646,2024-09-10,25.27
1646,2024-09-16,16.42
1646,2024-09-30,24.75
1646,2024-10-20,21.47
1646,2025-01-11,24.73
1646,2025-02-15,7.67
1646,2025-03-07,20.17
1646,2025-03-10,22.54
1646,2025-05-04,19.71
1646,2025-05-22,8.93
1646,2025-05-22,34.42
1646,2025-06-04,13.07
1646,2025-08-25,25.94
1646,2025-09-21,10.73
1646,2025-10-31,23.95
1646,2025-12-13,21.59
1647,2024-03-24,17.82
1647,2024-10-05,28.33
1647,2025-01-15,12.41
1647,2025-02-24,30.35
1647,2025-04-10,5.81
1647,2025-06-01,11.03
1647,2025-07-20,18.62
1648,2024-05-07,11.68
1648,2024-05-19,9.94
1648,2024-05-19,12.01
1648,2024-05-25,10.35
1648,2024-06-24,5.33
1648,2024-08-20,13.25
1648,2024-09-01,7.79
1648,2024-09-04,10.1
1648,2024-09-14,22.28
1648,2024-10-08,22.37
1648,2024-12-12,11.01
1648,2025-03-27,15.47
1648,2025-05-04,9.94
1648,2025-05-09,12.64
1648,2025-05-16,10.43
1648,2025-05-21,5.24
1648,2025-07-03,4.04
1648,2025-07-04,11.79
1648,2025-07-22,12.8
1648,2025-08-06,18.69
1648,2025-10-20,11.5
1649,2024-01-25,21.1
1649,2024-02-14,20.87
1649,2024-02-17,23.58
1649,2024-03-14,24.43
1649,2024-04-18,11.38
1649,2024-04-29,22.4
1649,2024-05-14,13.74
1649,2024-06-27,13.11
1649,2024-09-02,19.86
1649,2024-10-17,28.12
1649,2024-12-08,13.08
1649,2025-03-18,13.48
1649,2025-03-21,22.69
1649,2025-07-01,53.15
1649,2025-07-17,20.86
1649,2025-08-29,29.38
1649,2025-09-09,21.62
1649,2025-09-11,24.51
1649,2025-09-19,30.47
1649,2025-11-12,16.05
1649,2025-12-06,27.27
1650,2024-06-15,38.16
1650,2024-07-07,80.83
1650,2024-08-27,41.28
1651,2024-06-02,25.68
1651,2024-08-20,17.73
1651,2024-08-20,22.71
1651,2024-08-21,29.93
1652,2024-02-01,28.95
1652,2024-03-14,16.85
1652,2024-05-18,13.33
1652,2024-06-02,6.35
1652,2024-06-11,23.49
1652,2024-07-18,15.89
1653,2024-05-23,41.43
1654,2024-05-20,17.08
1654,2024-07-28,24.53
1654,2024-09-09,15.8
1655,2024-05-24,58.84
1655,2024-07-07,61.09
1655,2024-10-15,75.13
1656,2024-04-01,26.4
1656,2024-04-01,80.59
1656,2024-04-16,28.89
1656,2024-04-19,50.12
1656,2024-06-06,42.59
1656,2024-07-25,20.97
1656,2024-07-26,59.94
1656,2024-09-04,31.59
1656,2024-09-24,74.07
1656,2024-09-27,73.38
1656,2024-10-09,34.74
1656,2025-01-06,20.8
1656,2025-03-03,32.08
1656,2025-03-21,44.54
1656,2025-04-10,19.26
1656,2025-04-10,66.91
1657,2024-04-29,40.71
1657,2024-06-12,97.58
1657,2024-06-15,102.03
1657,2024-06-25,40.97
1657,2024-07-03,31.88
1657,2024-08-03,88.83
1657,2024-08-17,79.32
1657,2024-09-20,29.52
1657,2024-09-20,75.8
1657,2024-09-27,114.33
1657,2024-09-28,69.11
1657,2024-10-12,83.48
1657,2024-10-15,46.67
1657,2024-11-28,78.4
1657,2024-12-22,47.13
1657,2025-01-27,49.34
1657,2025-04-03,64.44
1657,2025-05-31,64.8
1657,2025-06-12,44.23
1657,2025-06-13,72.49
1657,2025-06-29,27.53
1657,2025-07-27,80.89
1657,2025-08-07,67.61
1657,2025-10-02,68.5
1657,2025-10-17,37.54
1657,2025-12-04,58.6
1658,2024-01-20,53.76
1658,2024-01-23,14.87
1658,2024-02-12,41.52
1658,2024-02-20,19.2
1658,2024-03-27,28.66
1658,2024-04-05,32.94
1658,2024-04-07,10.33
1658,2024-04-09,23.57
1658,2024-04-16,5.79
1658,2024-05-14,30.43
1658,2024-05-28,35.67
1658,2024-05-29,16.97
1658,2024-07-08,17.61
1658,2024-07-27,28.42
1658,2024-08-02,7.4
1658,2024-09-05,23.5
1658,2024-09-06,41.3
1658,2024-09-21,38.72
1658,2024-10-04,14.27
1658,2024-10-13,33.99
1658,2024-10-22,23.1
1658,2024-10-24,56.95
1658,2024-12-04,34.33
1658,2024-12-18,40.92
1658,2025-03-25,8.15
1659,2024-04-24,17.08
1660,2024-03-20,26.61
1660,2024-05-02,12.65
1660,2024-05-20,17.04
1661,2024-04-09,28.4
1661,2024-09-27,18.84
1662,2024-04-13,20.5
1662,2024-05-18,4.16
1662,2024-06-21,4.39
1663,2024-02-03,11.97
1663,2024-02-26,29.18
1664,2024-02-21,14.94
1664,2024-02-27,23.65
1664,2024-03-01,9.68
1664,2024-03-21,19.86
1664,2024-04-11,20.67
1664,2024-04-16,12.34
1665,2024-02-14,12.07
1665,2024-02-21,14.62
1665,2024-03-02,29.21
1665,2024-03-21,14.25
1665,2024-03-25,8.58
1665,2024-04-09,21.72
1665,2024-04-22,16.01
1665,2024-04-25,25.05
1665,2024-05-10,9.98
1665,2024-05-29,25.76
1665,2024-06-09,11.5
1665,2024-06-13,13.38
1665,2024-07-08,20.78
1665,2024-08-04,21.55
1665,2024-08-05,22.3
1665,2024-08-23,19.52
1665,2024-09-04,18.88
1665,2024-09-07,31.04
1665,2024-09-19,16.17
1665,2024-09-26,18.36
1665,2024-11-09,11.03
1665,2024-11-12,9.77
1665,2024-11-18,12.05
1665,2024-11-23,13.83
1665,2024-11-28,8.48
1665,2024-11-29,12.94
1665,2024-11-29,14.07
1665,2024-12-04,28.14
1665,2024-12-12,7.01
1665,2024-12-19,28.93
1665,2024-12-21,16.4
1665,2024-12-22,19.24
1665,2025-01-20,16.1
1665,2025-02-09,16.54
1665,2025-03-09,22.33
1665,2025-03-10,16.31
1665,2025-03-12,15.31
1666,2024-01-22,39.7
1666,2024-01-22,20.08
1666,2024-01-27,8.31
1666,2024-01-31,30.89
1666,2024-02-10,10.4
1666,2024-02-28,17.98
1666,2024-03-13,12.47
1666,2024-03-17,12.94
1666,2024-03-29,15.7
1666,2024-06-12,34.95
1666,2024-06-30,15.77
1666,2024-07-03,19.99
1666,2024-09-14,33.26
1666,2024-10-20,12.92
1666,2024-12-10,24.93
1666,2024-12-28,18.76
1666,2025-02-19,34.3
1666,2025-03-03,18.85
1666,2025-03-30,13.97
1666,2025-06-01,19.47
1666,2025-07-02,22.6
1666,2025-07-07,14.24
1666,2025-07-10,15.21
1666,2025-08-05,14.52
1666,2025-08-23,19.36
1666,2025-08-28,26.74
1666,2025-09-19,18.58
1666,2025-12-17,19.63
1667,2024-02-04,24.67
1667,2024-02-06,23.67
1667,2024-05-05,22.7
1667,2024-10-05,6.14
1667,2024-11-10,29.11
1667,2025-04-08,21.03
1667,2025-07-26,20.63
1667,2025-09-05,12.7
1667,2025-10-17,7.2
1667,2025-12-24,18.47
1668,2024-04-14,14.78
1668,2024-05-23,11.06
1668,2024-06-15,15.56
1668,2024-07-22,41.71
1668,2024-08-24,39.68
1668,2024-09-09,14.91
1668,2024-09-19,16.5
1668,2024-11-03,31.02
1668,2024-11-14,20.07
1668,2024-12-25,46.98
1668,2024-12-29,31.63
1668,2025-02-07,26.27
1668,2025-02-27,28.77
1668,2025-03-31,28.61
1668,2025-04-10,30.43
1668,2025-08-13,32.64
1669,2024-02-15,39.06
1669,2024-02-18,58.09
1669,2024-05-11,33.44
1669,2024-06-01,51.79
1669,2024-11-17,32.07
1669,2024-12-10,43.32
1669,2024-12-25,14.57
1669,2025-05-13,46.08
1670,2024-06-02,15.95
1670,2024-09-22,16.12
1670,2024-11-30,15.33
1670,2025-01-15,8.48
1670,2025-06-03,11.07
1670,2025-07-05,5.63
1670,2025-10-09,15.3
1670,2025-10-09,10.05
1671,2024-01-14,18.51
1671,2024-01-15,14.18
1671,2024-01-21,44.77
1671,2024-02-27,14.58
1671,2024-02-28,88.91
1671,2024-03-13,52.78
1671,2024-03-15,41.07
1671,2024-03-18,26.56
1671,2024-03-20,33.79
1671,2024-03-28,42.73
1671,2024-03-31,33.11
1671,2024-04-09,38.89
1671,2024-04-20,29.17
1671,2024-04-25,60.53
1671,2024-05-17,45.62
1671,2024-05-18,24.14
1671,2024-05-28,28.72
1671,2024-06-08,52.16
1671,2024-06-15,30.94
1671,2024-06-24,51.8
1671,2024-07-03,43.53
1671,2024-07-04,29.05
1671,2024-07-29,44.73
1671,2024-08-03,6.47
1671,2024-08-07,50.3
1671,2024-08-21,37.11
1671,2024-08-26,21.88
1671,2024-09-01,52.73
1671,2024-09-01,32.19
1671,2024-09-17,11.45
1671,2024-09-22,22.05
1671,2024-10-02,50.16
1671,2024-10-20,32.53
1671,2024-10-21,67.45
1671,2024-10-22,50.4
1671,2024-11-15,22.05
1671,2024-11-29,41.52
1671,2024-12-13,48.5
1671,2024-12-14,46.23
1671,2025-01-17,71.39
1671,2025-01-26,64.66
1671,2025-01-28,42.24
1671,2025-02-20,36.77
1671,2025-03-04,19.15
1671,2025-03-08,58.8
1671,2025-03-18,49.58
1671,2025-03-20,43.48
1671,2025-04-03,42.1
1671,2025-04-11,60.29
1671,2025-04-13,33.4
1671,2025-04-13,27.53
1671,2025-05-04,60.41
1671,2025-05-17,32.32
1671,2025-06-01,27.55
1671,2025-06-09,32.06
1671,2025-06-21,38.06
1671,2025-07-15,48.97
1671,2025-07-18,46.17
1671,2025-08-04,41.05
1671,2025-08-06,32.53
1671,2025-08-08,32.02
1671,2025-08-28,63.3
1671,2025-08-29,54.1
1671,2025-09-24,20.94
1671,2025-10-06,31.78
1671,2025-11-07,41.77
1671,2025-11-12,51.09
1671,2025-11-26,34.65
1671,2025-11-26,24.29
1671,2025-11-28,35.52
1671,2025-12-11,24.91
1671,2025-12-20,36.52
1672,2024-03-06,21.91
1672,2024-05-01,35.36
1672,2024-05-04,48.74
1673,2024-06-08,39.03
1673,2024-07-20,12.68
1673,2025-10-15,13.94
1674,2024-01-12,11.74
1674,2024-02-12,4.55
1674,2024-03-28,15.56
1674,2024-04-23,10.68
1674,2024-09-02,15.61
1674,2024-09-26,16.55
1675,2024-04-22,14.25
1675,2024-04-24,44.97
1675,2024-05-04,45.73
1675,2024-05-22,14.68
1675,2024-07-22,31.86
1675,2024-08-08,24.36
1675,2024-08-26,28.66
1675,2024-09-10,43.38
1675,2024-09-14,18.13
1675,2024-11-17,19.32
1675,2024-12-19,47.22
1675,2024-12-22,20.93
1675,2025-01-02,47.92
1675,2025-01-17,27.12
1675,2025-01-25,40.23
1675,2025-02-05,25.22
1675,2025-03-03,49.8
1675,2025-03-08,25.81
1675,2025-03-11,13.82
1675,2025-03-25,40.37
1675,2025-05-21,17.98
1675,2025-07-18,19.37
1675,2025-07-19,15.25
1675,2025-07-27,38.91
1675,2025-09-13,12.42
1675,2025-09-18,34.37
1675,2025-10-31,37.24
1675,2025-10-31,60.44
1675,2025-12-11,23.43
1676,2024-04-21,35.7
1676,2024-07-01,43.36
1676,2024-07-24,33.04
1676,2024-07-31,22.57
1676,2024-08-05,59.28
1676,2024-08-11,37.04
1676,2024-08-17,48.93
1676,2024-08-30,38.29
1676,2024-09-11,15.32
1676,2024-09-19,25.33
1676,2024-09-23,48.65
1676,2024-09-26,26.45
1676,2024-11-10,73.29
1676,2025-01-13,61.28
1676,2025-01-27,31.8
1676,2025-02-22,60.36
1676,2025-02-23,38.59
1676,2025-03-11,29.82
1676,2025-05-02,59.75
1676,2025-05-17,38.27
1676,2025-05-23,59.28
1676,2025-06-01,28.41
1676,2025-06-12,37.98
1676,2025-06-14,66.78
1676,2025-06-27,39.69
1676,2025-07-17,53.36
1676,2025-08-05,37.1
1676,2025-08-19,29.84
1676,2025-08-27,35.22
1676,2025-09-08,52.35
1676,2025-09-10,35.83
1676,2025-10-14,43.93
1676,2025-10-30,46.16
1676,2025-11-02,30.93
1676,2025-11-07,47.07
1676,2025-11-18,60.64
1677,2024-06-05,16.26
1677,2024-07-29,21.39
1678,2024-06-20,8.23
1678,2024-06-20,10.43
1678,2024-07-20,4.39
1678,2024-09-17,8.29
1678,2024-10-02,6.69
1678,2024-10-10,22.15
1679,2024-02-16,24.13
1679,2024-03-09,13.78
1679,2024-03-30,15.94
1679,2024-04-18,14.84
1679,2024-04-29,12.85
1679,2024-08-22,10.08
1679,2024-11-03,26.35
1679,2024-11-14,12.51
1679,2025-01-02,14.34
1679,2025-01-16,16.94
1679,2025-02-12,14.38
1679,2025-03-24,11.73
1679,2025-04-13,12.42
1679,2025-04-17,13.72
1679,2025-04-20,16.4
1679,2025-04-23,8.13
1680,2024-06-26,30.79
1680,2024-06-30,14.54
1680,2024-07-16,19.56
1680,2024-08-03,23.21
1680,2024-08-17,17.64
1680,2024-08-19,25.39
1680,2024-08-20,17.29
1680,2024-09-02,20.21
1680,2024-09-18,9.31
1680,2024-12-07,33.39
1680,2024-12-11,32.72
1680,2024-12-27,21.66
1680,2024-12-29,22.07
1680,2025-01-08,14.55
1680,2025-01-10,30.8
1680,2025-01-12,20.42
1680,2025-01-19,26.35
1680,2025-01-26,26.32
1680,2025-02-05,33.66
1680,2025-02-12,13.43
1680,2025-03-08,36.35
1680,2025-03-09,29.83
1680,2025-03-10,44.21
1680,2025-04-01,45.79
1680,2025-04-15,19.65
1680,2025-04-17,13.59
1680,2025-04-22,27.28
1680,2025-04-27,22.03
1680,2025-04-29,37.28
1680,2025-05-21,32.39
1680,2025-05-22,36.62
1680,2025-05-22,25.32
1680,2025-06-01,15.56
1680,2025-06-21,32.25
1680,2025-07-04,23.34
1680,2025-07-22,18.09
1680,2025-07-25,26.2
1680,2025-07-30,26.63
1680,2025-08-01,17.2
1680,2025-08-14,36.33
1680,2025-08-20,53.18
1680,2025-08-21,20.67
1680,2025-08-31,23.22
1680,2025-09-07,15.73
1680,2025-09-29,20.18
1680,2025-10-21,34.3
1680,2025-10-27,19.51
1680,2025-11-03,27.5
1680,2025-12-04,17.64
1680,2025-12-10,36.71
1680,2025-12-21,40.92
1680,2025-12-25,20.81
1680,2025-12-26,30.41
1681,2024-01-07,27.21
1682,2024-06-02,10.52
1683,2024-03-04,43.39
1684,2024-01-19,43.23
1684,2024-02-11,51.14
1684,2024-02-14,19.46
1684,2024-02-19,42.47
1684,2024-02-21,39.06
1684,2024-03-06,87.33
1685,2024-04-06,24.03
1685,2024-04-21,19.07
1685,2024-06-19,31.39
1686,2024-03-31,14.73
1687,2024-02-05,149.67
1687,2024-02-20,118.93
1687,2024-03-03,120.55
1687,2024-03-19,118.88
1687,2024-03-29,127.6
1687,2024-03-30,51.33
1687,2024-04-13,121.69
1687,2024-04-14,147.82
1687,2024-05-25,135.3
1688,2024-04-03,12.15
1689,2024-06-21,39.0
1689,2024-10-06,30.14
1689,2024-12-05,21.55
1689,2025-04-25,63.75
1689,2025-05-08,28.22
1689,2025-07-03,69.63
1689,2025-09-27,50.48
1690,2024-01-27,19.94
1690,2024-01-29,19.78
1690,2024-02-14,17.83
1690,2024-05-29,17.89
1690,2024-07-08,16.76
1691,2024-03-24,8.2
1692,2024-01-14,38.57
1692,2025-10-01,12.83
1693,2024-02-23,12.79
1693,2024-05-04,7.82
1693,2024-05-14,15.07
1694,2024-04-24,25.13
1694,2024-05-09,25.66
1694,2024-05-29,13.77
1694,2024-06-03,13.59
1695,2024-01-20,6.85
1695,2024-02-14,8.99
1695,2024-03-29,22.02
1695,2024-07-13,19.96
1695,2024-08-05,9.3
1696,2024-01-13,7.4
1696,2024-03-18,13.75
1696,2024-05-08,15.1
1696,2024-06-18,19.96
1696,2024-06-22,22.09
1696,2024-07-18,12.47
1696,2024-07-24,14.03
1697,2024-05-17,56.4
1697,2024-09-08,25.24
1697,2024-09-09,21.26
1697,2024-12-17,41.31
1697,2025-02-05,35.27
1697,2025-05-06,31.4
1697,2025-09-14,33.28
1697,2025-09-20,27.29
1697,2025-09-21,49.99
1697,2025-09-25,82.9
1697,2025-09-28,55.67
1697,2025-12-10,46.71
1698,2024-06-10,27.1
1699,2024-03-10,31.53
1699,2024-05-05,14.35
1699,2024-05-07,18.52
1699,2024-05-22,43.09
1699,2024-06-12,50.53
1699,2024-07-01,29.8
1699,2024-07-05,27.73
1699,2024-07-12,11.1
1699,2024-07-13,20.24
1699,2024-07-23,24.9
1699,2024-08-07,29.08
1699,2024-08-09,49.91
1699,2024-08-11,13.13
1699,2024-09-04,12.33
1699,2024-09-11,31.33
1699,2024-09-29,28.49
1699,2024-09-30,10.74
1699,2024-10-03,21.22
1699,2024-10-06,27.77
1700,2024-03-26,38.66
1701,2024-06-07,48.64
1702,2024-01-21,25.97
1702,2024-05-04,31.87
1703,2024-05-09,38.92
1703,2024-06-30,32.76
1703,2024-09-10,23.49
1703,2024-11-13,19.74
1704,2024-03-08,11.39
1705,2024-05-27,10.67
1705,2025-02-26,17.18
1706,2024-04-30,35.69
1706,2024-05-02,34.38
1707,2024-01-02,25.22
1708,2024-02-12,40.49
1708,2024-02-16,36.19
1708,2024-02-24,24.91
1708,2024-05-05,18.16
1708,2024-05-29,57.17
1708,2024-06-04,35.45
1708,2024-06-06,15.93
1708,2024-06-08,32.99
1708,2024-06-29,72.08
1708,2024-07-29,25.74
1708,2024-08-17,19.43
1708,2024-08-24,23.33
1708,2024-09-12,33.13
1708,2024-09-14,18.34
1708,2024-09-24,17.95
1708,2024-10-01,37.52
1708,2024-10-20,32.42
1708,2024-10-20,40.04
1708,2024-10-24,13.03
1708,2024-11-04,40.21
1708,2024-11-23,17.85
1708,2024-12-07,31.22
1708,2024-12-20,21.3
1708,2025-01-17,14.3
1708,2025-01-20,31.86
1708,2025-01-23,37.5
1708,2025-02-15,22.89
1708,2025-02-17,16.86
1708,2025-02-24,41.2
1708,2025-03-16,19.17
1708,2025-03-22,28.72
1709,2024-06-18,49.46
1709,2025-02-07,48.33
1709,2025-11-08,73.65
1710,2024-02-10,29.41
1710,2024-03-05,132.91
1710,2024-03-12,59.53
1710,2024-03-21,58.21
1710,2024-04-15,52.32
1710,2024-04-29,80.95
1710,2024-05-23,81.4
1710,2024-05-25,37.84
1710,2024-06-08,55.39
1710,2024-06-09,49.03
1710,2024-07-01,57.96
1710,2024-07-22,71.35
1710,2024-07-28,66.38
1710,2024-08-02,30.37
1711,2024-06-05,15.71
1711,2024-06-20,20.8
1711,2024-07-02,15.58
1711,2024-07-08,13.82
1711,2024-07-08,43.88
1711,2024-07-10,12.23
1711,2024-07-14,51.4
1711,2024-07-30,9.67
1711,2024-07-31,12.79
1711,2024-08-15,10.94
1711,2024-08-17,24.25
1711,2024-08-23,64.73
1711,2024-08-30,20.59
1711,2024-09-01,43.5
1711,2024-09-01,16.48
1711,2024-09-04,22.1
1711,2024-09-09,36.23
1711,2024-09-09,15.82
1711,2024-09-30,21.95
1711,2024-10-04,15.35
1711,2024-10-04,39.78
1711,2024-10-12,39.72
1711,2024-10-20,30.06
1711,2024-11-19,13.47
1711,2024-11-20,23.33
1711,2024-11-20,48.07
1711,2024-11-30,18.63
1711,2024-12-05,30.31
1711,2024-12-15,33.01
1711,2024-12-17,55.43
1711,2025-01-14,27.68
1711,2025-01-30,6.63
1711,2025-01-31,41.97
1711,2025-02-04,78.93
1711,2025-02-07,23.59
1711,2025-02-12,35.58
1711,2025-02-14,26.53
1711,2025-02-18,20.98
1711,2025-03-03,13.44
1711,2025-03-04,30.19
1711,2025-03-06,17.85
1711,2025-03-29,18.7
1711,2025-04-03,33.81
1711,2025-04-05,11.5
1711,2025-05-02,18.96
1711,2025-05-03,18.59
1711,2025-05-04,15.66
1711,2025-05-12,20.52
1712,2024-03-05,59.02
1713,2024-03-30,6.62
1713,2024-04-03,7.97
1714,2024-02-03,25.02
1714,2024-04-07,13.79
1714,2024-12-03,19.91
1714,2025-09-05,6.51
1715,2024-02-06,32.24
1715,2024-04-14,21.98
1715,2024-04-28,33.33
1715,2024-08-01,51.0
1715,2024-10-05,23.87
1715,2025-04-12,16.4
1715,2025-06-20,38.76
1716,2024-01-05,34.58
1716,2024-01-10,19.81
1716,2024-01-11,29.82
1716,2024-01-15,20.78
1716,2024-01-18,40.43
1716,2024-01-24,17.92
1717,2024-06-02,19.32
1718,2024-06-27,65.76
1718,2024-07-25,124.12
1719,2024-03-13,24.07
1719,2024-10-25,29.5
1719,2025-06-14,28.44
1720,2024-05-01,28.64
1720,2024-05-02,23.68
1721,2024-06-19,12.27
1722,2024-06-02,40.01
1722,2024-06-18,23.12
1722,2024-07-01,33.58
1722,2024-07-22,17.03
1722,2024-07-24,20.08
1722,2024-08-04,31.2
1722,2024-08-08,27.03
1722,2024-08-22,20.89
1722,2024-08-25,24.94
1722,2024-10-04,26.97
1722,2024-10-18,29.12
1722,2024-10-23,21.27
1722,2024-10-24,70.08
1722,2024-11-07,13.93
1722,2024-11-19,34.17
1722,2024-11-22,19.54
1722,2024-11-26,54.28
1722,2024-12-21,36.38
1722,2024-12-24,79.87
1722,2025-01-25,25.17
1722,2025-02-16,29.52
1722,2025-02-26,19.34
1722,2025-03-12,38.36
1722,2025-04-07,27.55
1722,2025-04-12,30.04
1722,2025-05-06,28.45
1722,2025-05-14,25.28
1722,2025-05-27,49.67
1722,2025-06-08,16.11
1722,2025-06-10,34.23
1722,2025-07-11,37.1
1722,2025-07-12,46.83
1722,2025-07-12,23.72
1722,2025-07-13,26.97
1722,2025-07-28,37.42
1722,2025-08-15,29.11
1722,2025-08-16,22.71
1722,2025-09-30,32.68
1722,2025-10-19,28.04
1722,2025-10-29,26.93
1722,2025-11-16,29.23
1722,2025-12-02,45.48
1722,2025-12-03,34.42
1722,2025-12-12,19.48
1723,2024-04-05,25.38
1724,2024-04-29,39.57
1724,2024-05-15,42.55
1724,2024-05-29,57.33
1725,2024-05-16,24.34
1725,2024-06-12,17.05
1725,2024-06-27,8.38
1725,2024-07-07,17.73
1725,2024-07-16,13.21
1725,2024-09-08,20.52
1725,2024-09-08,16.26
1726,2024-02-12,23.28
1726,2024-04-29,11.86
1726,2024-07-13,17.6
1726,2024-10-09,39.6
1726,2024-11-24,8.82
1727,2024-04-26,39.88
1728,2024-04-28,33.34
1728,2024-05-27,22.72
1728,2024-06-05,20.11
1728,2024-06-20,25.75
1728,2024-06-22,22.12
1728,2024-06-24,24.25
1728,2024-07-05,46.63
1728,2024-07-20,28.58
1728,2024-07-25,32.65
1728,2024-07-27,25.16
1728,2024-08-30,9.86
1728,2024-09-06,18.86
1729,2024-03-03,35.34
1730,2024-03-31,51.33
1730,2024-04-07,56.74
1730,2024-04-13,34.01
1730,2024-04-22,42.2
1730,2024-04-30,55.84
1730,2024-05-03,36.15
1730,2024-05-04,20.6
1730,2024-05-25,88.23
1730,2024-05-28,43.35
1731,2024-05-14,22.26
1731,2024-05-19,16.91
1732,2024-02-13,23.6
1732,2024-02-17,18.6
1732,2024-04-12,11.5
1733,2024-05-13,20.47
1734,2024-03-16,31.05
1735,2024-05-16,23.83
1736,2024-03-10,10.46
1736,2024-03-22,7.75
1736,2024-09-27,13.21
1736,2024-10-20,11.02
1736,2025-02-28,8.03
1736,2025-05-01,4.39
1736,2025-05-06,4.89
1736,2025-06-24,13.42
1737,2024-01-30,58.78
1737,2024-03-20,70.07
1737,2024-06-12,110.34
1738,2024-06-28,27.34
1738,2024-09-19,13.8
1738,2024-10-17,27.35
1738,2024-10-19,42.16
1738,2025-01-07,33.29
1738,2025-02-02,37.52
1738,2025-02-07,43.54
1738,2025-02-26,38.38
1738,2025-03-06,40.61
1738,2025-05-04,47.54
1738,2025-05-23,64.7
1738,2025-06-04,37.84
1738,2025-06-21,49.5
1738,2025-07-08,22.98
1738,2025-11-13,37.76
1739,2024-02-03,27.27
1739,2024-02-03,24.19
1739,2024-03-15,23.59
1739,2024-04-26,32.11
1739,2024-05-14,15.99
1739,2024-05-26,8.96
1739,2024-06-02,14.29
1739,2024-07-12,41.78
1739,2024-07-14,24.62
1739,2024-09-02,17.69
1739,2024-10-07,14.92
1739,2024-10-19,34.3
1739,2024-11-16,26.17
1739,2024-12-29,25.36
1739,2025-01-06,16.1
1739,2025-03-18,8.46
1739,2025-03-22,26.13
1739,2025-04-06,18.73
1739,2025-05-11,11.67
1739,2025-08-01,15.58
1739,2025-08-04,29.55
1739,2025-08-17,30.82
1739,2025-08-31,14.33
1739,2025-09-11,54.4
1739,2025-09-16,21.0
1739,2025-10-03,11.17
1739,2025-10-09,16.07
1739,2025-10-14,20.94
1739,2025-10-18,17.76
1739,2025-11-04,23.37
1739,2025-11-27,7.82
1739,2025-11-30,21.86
1739,2025-12-07,14.24
1740,2024-06-05,20.95
1741,2024-02-20,33.22
1741,2024-03-17,54.42
1741,2024-04-21,48.29
1741,2024-06-13,55.7
1741,2024-06-26,42.32
1741,2024-07-19,31.14
1741,2024-07-28,36.21
1741,2024-08-27,49.27
1741,2024-09-16,40.3
1741,2024-09-20,28.84
1742,2024-02-12,14.69
1742,2024-06-01,7.24
1742,2024-12-04,10.21
1742,2024-12-06,19.67
1742,2024-12-18,9.97
1742,2025-02-20,8.6
1742,2025-03-11,7.31
1742,2025-05-20,11.65
1742,2025-07-30,6.88
1742,2025-11-14,15.34
1742,2025-11-29,17.56
1743,2024-02-25,67.68
1743,2024-05-23,59.95
1743,2024-05-29,66.01
1743,2024-10-11,72.0
1743,2024-11-20,75.17
1743,2024-11-23,84.11
1743,2025-01-05,63.95
1743,2025-01-20,125.51
1743,2025-03-07,86.26
1743,2025-04-15,109.99
1743,2025-04-19,53.2
1743,2025-05-21,73.74
1743,2025-05-28,103.11
1743,2025-06-28,84.43
1743,2025-07-26,69.08
1743,2025-10-09,87.47
1743,2025-12-08,88.53
1744,2024-01-07,9.97
1745,2024-04-22,39.17
1745,2024-05-21,29.74
1745,2024-05-30,47.29
1745,2024-06-05,34.11
1745,2024-07-17,39.86
1745,2024-09-05,34.69
1745,2024-09-09,36.53
1745,2024-09-13,20.34
1745,2024-09-28,36.66
1745,2024-11-08,28.71
1745,2024-11-11,26.59
1745,2024-12-12,19.21
1745,2024-12-19,19.38
1745,2024-12-23,37.48
1745,2025-01-12,76.98
1745,2025-01-15,40.81
1745,2025-02-15,47.31
1745,2025-04-02,44.2
1745,2025-04-25,38.53
1745,2025-05-07,57.95
1745,2025-06-15,18.07
1745,2025-06-18,47.04
1745,2025-07-03,36.59
1745,2025-07-03,29.62
1745,2025-07-05,36.2
1745,2025-07-24,18.81
1745,2025-08-05,18.85
1745,2025-08-11,25.51
1745,2025-08-13,33.16
1745,2025-09-16,25.04
1745,2025-09-23,51.37
1745,2025-10-14,28.23
1745,2025-10-18,30.72
1745,2025-10-22,18.73
1745,2025-10-24,41.65
1745,2025-12-01,29.34
1745,2025-12-04,31.62
1745,2025-12-07,32.55
1745,2025-12-17,63.88
1745,2025-12-22,41.68
1745,2025-12-26,60.48
1746,2024-04-20,16.45
1747,2024-02-15,8.27
1747,2024-04-30,14.52
1747,2024-06-30,13.2
1747,2025-09-07,4.71
1748,2024-01-04,54.67
1749,2024-01-20,70.28
1749,2024-03-08,60.89
1749,2024-04-10,24.01
1749,2024-05-30,236.69
1749,2024-05-31,61.23
1749,2024-07-21,142.66
1749,2024-08-14,242.0
1749,2024-08-20,158.36
1749,2024-09-25,168.96
1749,2025-01-18,79.01
1749,2025-03-04,52.94
1749,2025-04-09,156.91
1749,2025-08-23,57.24
1749,2025-10-15,151.49
1749,2025-11-12,175.29
1749,2025-11-13,81.26
1749,2025-11-30,105.59
1749,2025-12-24,98.78
1750,2024-06-18,19.4
1750,2024-07-12,35.6
1750,2024-08-23,60.67
1750,2024-08-28,42.9
1750,2024-10-20,36.48
1750,2024-11-23,32.19
1750,2024-12-10,47.39
1750,2024-12-18,35.69
1750,2025-01-14,17.82
1751,2024-01-19,29.82
1751,2024-01-19,11.13
1751,2024-01-25,36.22
1751,2024-01-27,59.39
1751,2024-01-28,26.11
1752,2024-06-29,17.45
1752,2024-07-24,18.96
1752,2024-09-17,17.07
1752,2025-02-13,25.1
1752,2025-04-20,12.91
1752,2025-06-02,15.28
1752,2025-07-29,28.9
1752,2025-09-26,28.19
1752,2025-12-24,26.24
1753,2024-05-22,70.46
1753,2024-06-17,37.65
1753,2024-08-17,8.95
1753,2024-09-17,10.81
1753,2024-09-28,36.3
1753,2024-10-07,29.3
1753,2024-11-02,14.77
1753,2024-11-06,39.19
1753,2024-11-09,40.9
1753,2024-11-13,28.57
1753,2024-11-29,36.68
1753,2024-12-13,17.2
1753,2024-12-20,44.12
1753,2024-12-20,35.0
1753,2024-12-25,20.29
1753,2025-01-12,24.91
1753,2025-03-07,25.99
1753,2025-03-09,28.23
1753,2025-03-23,34.16
1753,2025-03-29,22.04
1753,2025-04-02,7.51
1753,2025-04-15,37.51
1753,2025-04-24,14.53
1753,2025-04-26,11.49
1753,2025-05-29,31.03
1753,2025-06-04,12.5
1753,2025-06-28,12.46
1753,2025-08-22,27.96
1753,2025-08-31,15.66
1753,2025-09-08,37.78
1753,2025-09-09,57.08
1753,2025-10-16,22.15
1753,2025-11-06,38.45
1753,2025-11-09,19.91
1753,2025-11-25,22.57
1753,2025-12-03,36.89
1753,2025-12-17,27.79
1754,2024-03-25,26.86
1754,2024-09-27,27.91
1754,2024-12-19,26.53
1754,2025-09-04,20.52
1755,2024-05-28,4.27
1755,2025-02-01,17.31
1755,2025-09-14,5.78
1755,2025-12-17,9.43
1756,2024-01-24,4.52
1756,2024-01-25,15.85
1756,2024-01-31,9.06
1756,2024-02-09,6.56
1756,2024-02-09,10.93
1756,2024-02-21,2.32
1756,2024-02-21,24.95
1756,2024-02-22,8.62
1756,2024-02-27,20.16
1756,2024-03-19,8.11
1756,2024-03-31,7.45
1756,2024-04-02,14.61
1756,2024-04-08,11.88
1756,2024-04-17,5.52
1756,2024-06-07,9.75
1756,2024-06-09,17.71
1756,2024-06-30,8.17
1756,2024-07-03,5.54
1756,2024-07-04,9.82
1756,2024-07-21,7.99
1756,2024-07-28,10.82
1756,2024-08-29,8.97
1756,2024-09-08,10.56
1756,2024-09-20,5.29
1756,2024-10-09,10.22
1756,2024-10-09,4.39
1756,2024-10-09,7.75
1756,2024-10-16,13.04
1756,2024-10-26,10.24
1756,2024-11-07,5.87
1756,2024-11-30,13.85
1756,2024-12-14,9.09
1756,2024-12-15,5.32
1756,2024-12-17,13.19
1756,2024-12-22,5.5
1756,2024-12-30,3.52
1756,2025-01-29,13.62
1756,2025-02-20,15.51
1756,2025-03-17,12.67
1756,2025-03-21,12.7
1756,2025-04-05,9.5
1756,2025-04-20,4.43
1756,2025-04-29,13.41
1756,2025-05-09,9.84
1756,2025-05-25,16.39
1756,2025-07-20,7.54
1756,2025-07-24,11.01
1756,2025-08-04,13.79
1756,2025-08-11,5.64
1756,2025-09-02,17.56
1756,2025-09-09,15.33
1756,2025-10-19,7.73
1756,2025-10-21,12.23
1756,2025-11-26,7.15
1756,2025-12-02,7.63
1756,2025-12-14,16.51
1756,2025-12-27,4.59
1757,2024-06-28,11.15
1757,2024-08-09,42.2
1757,2024-09-03,21.88
1757,2024-09-23,23.25
1757,2024-10-19,22.15
1757,2024-10-21,13.65
1757,2024-10-26,39.35
1757,2025-02-23,27.2
1757,2025-02-26,16.55
1757,2025-04-18,25.53
1757,2025-10-04,26.33
1758,2024-04-29,42.17
1758,2024-05-24,31.05
1759,2024-03-10,35.3
1759,2024-04-15,35.42
1759,2024-04-27,34.57
1759,2024-04-30,42.01
1759,2024-11-03,29.05
1759,2025-01-14,57.2
1759,2025-02-08,17.32
1759,2025-02-28,53.88
1759,2025-05-25,29.08
1759,2025-06-08,37.42
1759,2025-07-04,35.66
1759,2025-09-01,26.32
1759,2025-09-29,56.66
1759,2025-10-12,8.47
1759,2025-11-10,26.15
1759,2025-11-25,20.63
1760,2024-06-08,24.35
1760,2024-09-23,9.71
1760,2025-09-29,19.07
1761,2024-01-16,24.57
1761,2024-10-20,12.9
1762,2024-04-18,24.91
1762,2024-05-22,48.06
1762,2024-08-01,29.05
1762,2024-09-03,48.22
1762,2024-09-26,17.58
1762,2024-11-27,14.53
1762,2025-05-26,24.12
1762,2025-05-26,43.21
1762,2025-07-15,23.16
1762,2025-09-04,44.63
1762,2025-09-05,42.89
1763,2024-04-09,62.53
1764,2024-05-26,30.05
1765,2024-01-15,7.25
1765,2024-02-29,12.08
1765,2024-04-10,2.82
1765,2024-04-30,7.94
1765,2024-07-08,10.59
1765,2024-12-27,5.71
1765,2025-05-05,6.33
1765,2025-05-15,5.04
1765,2025-05-26,12.93
1766,2024-05-18,20.2
1766,2024-09-04,9.5
1767,2024-01-01,99.39
1767,2024-02-10,57.99
1767,2024-03-24,88.29
1767,2024-05-18,94.33
1767,2024-09-15,67.12
1767,2025-01-15,89.76
1767,2025-02-03,85.46
1767,2025-02-13,78.73
1767,2025-04-12,79.18
1767,2025-05-27,122.87
1767,2025-07-15,77.03
1767,2025-10-14,177.87
1767,2025-10-21,26.84
1768,2024-01-22,15.36
1769,2024-05-06,42.17
1769,2024-06-16,16.47
1769,2024-09-05,59.44
1769,2024-09-22,47.83
1769,2025-01-10,28.54
1769,2025-03-09,74.71
1769,2025-06-22,23.1
1770,2024-04-18,22.52
1771,2024-01-24,64.54
1771,2024-06-14,38.35
1772,2024-03-02,11.65
1772,2024-03-07,7.09
1772,2024-03-21,9.01
1772,2024-04-05,7.29
1772,2024-04-12,16.42
1772,2024-04-13,18.52
1772,2024-04-19,8.39
1772,2024-04-19,23.48
1772,2024-04-26,13.91
1772,2024-04-27,13.83
1772,2024-04-28,5.92
1773,2024-02-08,13.28
1773,2024-02-08,14.52
1773,2024-03-22,24.99
1773,2024-04-21,18.68
1773,2024-04-23,19.37
1773,2024-04-30,43.77
1773,2024-05-11,21.48
1773,2024-06-12,25.09
1774,2024-06-21,36.87
1775,2024-04-11,17.88
1775,2024-05-02,13.59
1775,2024-07-11,22.77
1776,2024-05-18,19.47
1776,2024-07-07,9.77
1776,2024-07-20,4.83
1777,2024-01-18,51.46
1778,2024-01-19,24.68
1778,2024-02-10,21.44
1779,2024-06-18,7.99
1780,2024-02-29,29.42
1781,2024-02-16,18.38
1782,2024-03-20,5.41
1782,2024-04-17,17.88
1782,2024-06-28,20.21
1783,2024-02-20,9.83
1784,2024-06-25,17.07
1784,2024-08-14,30.15
1784,2024-11-10,37.77
1784,2024-11-16,29.27
1784,2025-07-17,39.46
1784,2025-09-15,23.94
1785,2024-03-08,7.82
1785,2024-03-20,15.38
1786,2024-05-15,14.54
1786,2024-08-28,23.97
1786,2024-09-26,15.3
1786,2024-09-26,32.54
1786,2024-10-30,13.65
1786,2024-12-29,8.42
1786,2025-01-10,7.8
1786,2025-01-11,7.19
1786,2025-01-14,12.48
1786,2025-01-22,16.62
1786,2025-04-09,21.41
1787,2024-06-18,18.98
1788,2024-05-31,29.35
1789,2024-03-27,7.54
1790,2024-02-03,38.79
1790,2024-02-13,55.51
1790,2024-09-12,28.13
1790,2025-01-18,38.49
1790,2025-07-27,29.99
1790,2025-10-06,34.95
1791,2024-01-16,11.88
1792,2024-04-13,13.52
1792,2024-06-11,9.81
1792,2024-06-12,25.93
1792,2024-08-21,28.93
1792,2024-09-01,13.61
1792,2024-10-16,29.34
1792,2025-01-11,25.83
1792,2025-03-15,24.93
1792,2025-05-13,15.73
1792,2025-06-26,24.68
1792,2025-10-03,15.98
1793,2024-02-07,31.16
1793,2024-05-19,14.54
1793,2024-07-02,27.94
1793,2024-08-31,27.44
1793,2025-07-12,32.65
1793,2025-09-05,16.74
1793,2025-11-02,13.41
1794,2024-05-12,10.79
1794,2024-05-23,8.6
1794,2024-06-09,14.96
1794,2024-07-03,7.01
1794,2024-10-02,9.74
1794,2024-10-04,16.5
1794,2024-10-09,11.12
1794,2024-10-16,15.88
1794,2024-11-09,11.74
1794,2024-12-19,14.24
1794,2024-12-25,8.94
1794,2025-01-12,15.63
1794,2025-01-20,20.93
1794,2025-02-07,18.08
1794,2025-02-13,16.75
1794,2025-02-25,13.4
1794,2025-03-11,24.0
1794,2025-03-20,20.93
1794,2025-03-26,21.0
1794,2025-06-11,10.88
1794,2025-07-04,15.23
1795,2024-05-09,11.95
1795,2024-05-15,8.96
1795,2024-08-13,9.52
1795,2024-09-02,12.63
1795,2024-12-21,5.9
1795,2024-12-27,8.92
1795,2025-02-13,8.43
1795,2025-04-08,14.78
1795,2025-12-20,5.98
1796,2024-02-24,14.77
1797,2024-03-02,22.06
1797,2024-09-21,16.07
1798,2024-06-21,8.58
1799,2024-01-25,11.91
1799,2024-02-23,8.23
1799,2024-02-25,19.47
1799,2024-03-16,12.97
1799,2024-03-19,27.45
1799,2024-05-16,9.98
1799,2024-05-19,9.9
1799,2024-06-17,10.23
1800,2024-02-12,22.26
1801,2024-05-20,45.21
1801,2024-07-29,20.15
1802,2024-06-04,85.61
1802,2024-07-31,58.65
1803,2024-06-19,17.2
1803,2024-07-24,45.17
1803,2024-08-14,42.03
1803,2024-09-01,35.96
1803,2024-10-25,11.08
1803,2024-11-18,20.15
1803,2024-12-02,11.2
1803,2025-01-08,24.07
1803,2025-01-23,20.42
1803,2025-02-06,26.19
1803,2025-03-12,20.44
1803,2025-03-30,30.91
1803,2025-04-23,51.19
1803,2025-04-24,50.2
1803,2025-05-24,31.08
1804,2024-05-23,27.91
1805,2024-04-13,39.99
1806,2024-06-20,23.75
1806,2024-08-23,22.74
1807,2024-01-05,20.82
1808,2024-05-28,28.44
1809,2024-02-11,118.84
1809,2024-02-11,100.74
1809,2024-02-14,83.36
1809,2024-02-17,98.49
1809,2024-02-19,70.73
1809,2024-03-03,113.99
1809,2024-03-10,64.16
1809,2024-03-12,85.56
1809,2024-03-21,145.81
1809,2024-04-03,68.42
1809,2024-04-05,64.85
1809,2024-04-16,47.95
1809,2024-04-21,31.68
1809,2024-04-24,47.41
1810,2024-04-30,111.97
1810,2024-06-10,127.22
1810,2024-06-12,51.73
1810,2024-08-02,86.15
1810,2024-09-30,101.84
1810,2024-10-08,64.65
1810,2024-10-11,83.68
1810,2024-11-04,94.1
1810,2025-01-16,61.72
1810,2025-02-07,74.77
1810,2025-02-09,67.94
1810,2025-04-02,163.55
1810,2025-04-21,114.66
1810,2025-05-23,42.76
1810,2025-06-20,102.2
1810,2025-06-21,87.22
1810,2025-07-29,173.0
1810,2025-09-04,107.62
1810,2025-09-06,168.49
1811,2024-05-06,9.54
1811,2024-05-21,7.43
1811,2024-06-25,30.68
1811,2024-07-24,23.72
1811,2024-08-07,6.1
1811,2024-08-15,13.4
1811,2024-08-16,9.42
1811,2024-08-29,19.14
1811,2024-09-29,19.86
1811,2024-10-04,9.97
1811,2024-10-20,13.8
1811,2024-10-28,13.23
1811,2024-11-10,11.67
1811,2024-11-19,14.5
1811,2024-11-23,10.81
1811,2024-12-15,8.61
1811,2025-01-04,11.97
1811,2025-01-12,7.85
1811,2025-01-20,14.06
1811,2025-02-04,11.78
1811,2025-02-05,18.61
1811,2025-02-18,10.11
1811,2025-02-20,8.38
1811,2025-02-26,9.41
1811,2025-03-14,14.15
1811,2025-04-08,6.29
1811,2025-05-20,9.31
1811,2025-05-30,11.56
1811,2025-06-03,11.96
1811,2025-06-28,6.95
1811,2025-06-28,12.44
1811,2025-08-03,12.63
1811,2025-09-05,13.18
1811,2025-09-07,14.09
1811,2025-09-27,9.68
1811,2025-10-27,8.36
1811,2025-10-29,20.47
1811,2025-12-07,12.87
1811,2025-12-10,16.7
1811,2025-12-17,16.45
1811,2025-12-22,10.98
1812,2024-04-23,18.72
1813,2024-04-04,52.94
1813,2024-04-28,30.34
1813,2024-05-01,28.31
1813,2024-05-09,27.47
1814,2024-02-04,39.41
1814,2024-02-28,34.42
1814,2024-03-14,35.17
1814,2024-05-26,28.4
1814,2024-06-10,69.84
1814,2024-06-28,26.45
1814,2024-07-14,38.93
1814,2024-07-16,22.08
1814,2024-10-01,47.46
1814,2024-10-05,53.31
1814,2024-10-07,33.47
1814,2025-01-09,18.79
1814,2025-01-25,60.44
1814,2025-03-13,33.99
1814,2025-05-02,57.14
1814,2025-06-05,41.35
1814,2025-08-06,46.09
1814,2025-10-02,53.42
1815,2024-06-15,16.2
1816,2024-01-17,31.34
1816,2024-02-05,43.28
1816,2024-03-22,53.15
1816,2024-06-26,47.36
1816,2024-07-08,17.94
1816,2024-08-26,44.83
1816,2024-10-10,46.28
1816,2024-10-17,35.75
1816,2024-12-24,36.34
1816,2025-01-11,36.88
1816,2025-03-02,95.72
1817,2024-01-09,21.62
1817,2024-01-18,37.54
1818,2024-03-16,13.14
1818,2024-05-04,24.11
1819,2024-05-17,66.55
1819,2024-08-03,58.27
1819,2024-09-17,79.07
1819,2024-09-21,85.53
1819,2024-11-24,64.63
1819,2025-03-24,62.63
1819,2025-04-01,116.32
1819,2025-09-21,60.96
1819,2025-10-13,48.87
1819,2025-11-08,117.44
1819,2025-12-10,70.13
1819,2025-12-26,48.73
1820,2024-03-15,9.75
1820,2024-06-07,10.24
1820,2024-06-10,23.85
1820,2024-07-04,9.33
1820,2024-07-09,19.26
1820,2024-08-06,6.84
1820,2024-10-16,10.42
1820,2024-11-17,3.82
1820,2025-02-04,16.24
1820,2025-02-24,18.52
1820,2025-07-27,14.19
1820,2025-08-26,23.62
1820,2025-09-03,11.64
1820,2025-09-11,8.7
1820,2025-10-20,10.87
1820,2025-10-20,8.47
1820,2025-12-26,25.59
1821,2024-06-22,56.38
1821,2024-07-16,58.71
1821,2024-08-08,41.87
1821,2024-08-10,41.3
1821,2024-09-23,71.65
1821,2024-11-25,42.98
1821,2024-12-04,26.34
1821,2024-12-11,23.98
1821,2024-12-16,57.06
1822,2024-02-28,14.59
1822,2024-02-28,21.54
1822,2024-02-29,21.9
1822,2024-04-30,17.06
1822,2024-05-04,13.49
1822,2024-05-06,8.61
1822,2024-05-25,10.62
1822,2024-06-18,14.51
1822,2024-07-16,15.24
1822,2024-07-27,13.44
1822,2024-08-05,20.16
1823,2024-04-15,47.4
1824,2024-03-16,10.82
1824,2024-11-17,9.91
1824,2024-12-24,24.79
1824,2025-01-05,5.74
1825,2024-01-24,35.3
1825,2024-04-01,24.39
1825,2024-10-11,58.39
1825,2025-01-31,19.85
1825,2025-06-11,32.21
1825,2025-08-01,31.67
1825,2025-10-23,24.75
1826,2024-03-06,26.4
1826,2024-04-09,75.68
1826,2025-05-31,25.72
1826,2025-11-04,33.16
1826,2025-12-11,25.35
1827,2024-06-24,12.86
1827,2024-08-24,12.75
1827,2024-09-02,11.83
1827,2025-09-21,22.64
1827,2025-11-19,9.71
1828,2024-02-02,13.61
1828,2024-06-21,14.99
1828,2024-08-02,8.78
1828,2025-06-02,20.99
1829,2024-01-23,62.64
1830,2024-05-05,30.52
1831,2024-04-07,22.68
1831,2024-04-17,7.38
1831,2025-04-26,17.52
1831,2025-04-27,25.73
1831,2025-12-06,15.05
1832,2024-02-17,132.32
1833,2024-05-17,6.89
1834,2024-03-23,99.43
1834,2024-04-17,34.32
1834,2024-04-25,40.61
1834,2024-05-04,19.1
1834,2024-05-20,65.42
1834,2024-06-19,27.41
1835,2024-03-20,17.75
1835,2024-08-06,19.49
1836,2024-05-28,13.21
1837,2024-06-27,16.33
1837,2024-10-11,25.22
1837,2025-04-01,14.94
1837,2025-09-20,9.36
1838,2024-01-20,9.3
1839,2024-01-16,45.71
1840,2024-06-07,11.38
1840,2025-01-16,15.78
1840,2025-06-17,17.96
1841,2024-02-11,46.08
1842,2024-06-23,15.16
1843,2024-01-18,39.79
1844,2024-04-15,12.84
1844,2024-04-15,60.03
1844,2024-04-24,18.23
1844,2024-07-27,60.76
1845,2024-05-01,61.84
1846,2024-04-09,17.62
1847,2024-02-14,40.58
1847,2024-05-18,73.03
1847,2024-07-01,51.67
1847,2024-11-05,46.36
1847,2024-12-22,31.98
1847,2025-02-11,52.02
1848,2024-02-26,25.46
1849,2024-05-30,23.5
1849,2025-03-09,31.62
1849,2025-05-15,16.64
1849,2025-07-05,41.63
1849,2025-10-24,27.19
1850,2024-01-04,43.79
1851,2024-01-14,92.18
1851,2024-02-01,91.41
1851,2024-02-17,100.46
1852,2024-04-25,26.75
1852,2024-06-07,30.44
1852,2024-06-25,43.29
1853,2024-03-06,60.27
1853,2024-04-17,17.3
1854,2024-01-02,18.54
1854,2024-01-13,18.93
1855,2024-05-09,13.01
1856,2024-06-26,16.7
1856,2024-07-09,17.78
1856,2024-08-14,7.58
1856,2024-09-16,23.62
1856,2024-10-05,10.76
1856,2024-10-07,15.71
1856,2024-10-08,12.8
1857,2024-01-30,16.78
1858,2024-01-21,16.82
1858,2024-04-24,28.33
1859,2024-06-30,7.99
1859,2024-07-24,24.54
1859,2024-08-19,16.6
1859,2024-09-29,16.6
1860,2024-05-21,15.76
1860,2024-08-08,22.23
1860,2024-08-18,23.35
1860,2024-08-24,14.56
1860,2024-09-09,9.81
1860,2024-10-04,17.58
1860,2024-10-21,7.27
1860,2024-10-29,16.07
1860,2025-04-18,14.87
1860,2025-04-27,36.91
1860,2025-05-14,20.92
1860,2025-05-25,17.74
1860,2025-05-26,11.32
1860,2025-05-28,12.62
1860,2025-07-29,19.05
1860,2025-07-31,23.09
1861,2024-01-17,17.49
1861,2024-01-26,20.71
1861,2024-01-29,30.57
1861,2024-02-24,10.17
1861,2024-02-27,14.92
1861,2024-03-01,23.53
1861,2024-03-21,35.58
1861,2024-03-27,31.77
1861,2024-04-24,22.4
1861,2024-05-26,17.47
1862,2024-01-03,25.63
1862,2024-01-05,18.94
1862,2024-01-21,53.38
1862,2024-01-23,8.35
1862,2024-02-02,20.14
1862,2024-02-16,47.72
1862,2024-02-25,46.15
1862,2024-03-17,32.15
1862,2024-03-31,30.34
1863,2024-01-14,7.52
1863,2024-01-27,13.75
1863,2024-01-29,7.24
1863,2024-02-03,4.29
1863,2024-02-21,7.22
1863,2024-02-22,6.42
1863,2024-03-11,9.22
1863,2024-03-12,9.5
1863,2024-03-18,8.59
1863,2024-03-30,12.44
1863,2024-04-09,8.82
1863,2024-04-14,6.07
1863,2024-04-18,3.9
1863,2024-05-13,5.52
1863,2024-05-20,5.68
1863,2024-05-21,7.44
1863,2024-05-22,8.9
1863,2024-05-23,7.27
1863,2024-05-26,15.62
1863,2024-06-05,13.56
1864,2024-06-17,7.52
1864,2024-07-15,21.07
1864,2025-02-01,19.03
1864,2025-02-25,10.14
1864,2025-02-25,26.19
1864,2025-03-07,28.93
1864,2025-06-05,24.38
1865,2024-02-04,49.38
1865,2024-02-21,55.63
1865,2024-02-27,29.24
1865,2024-04-04,30.75
1865,2024-04-25,67.52
1865,2024-06-30,33.02
1865,2024-07-11,47.6
1865,2024-08-08,37.04
1865,2024-12-24,49.02
1865,2025-01-30,33.87
1865,2025-05-28,32.64
1865,2025-05-29,32.11
1865,2025-06-13,37.2
1865,2025-08-03,28.83
1865,2025-10-25,55.08
1866,2024-01-03,14.4
1866,2024-01-31,10.09
1867,2024-03-12,30.43
1867,2024-03-31,27.75
1867,2024-04-10,56.5
1867,2024-05-01,38.04
1867,2024-05-08,43.4
1867,2024-05-25,33.46
1867,2024-05-26,30.32
1867,2024-06-05,37.01
1867,2024-06-10,91.39
1867,2024-06-15,42.53
1867,2024-06-26,68.36
1867,2024-07-14,50.07
1867,2024-07-15,55.51
1867,2024-08-17,36.31
1867,2024-09-04,57.31
1867,2024-09-13,55.36
1867,2024-09-15,37.38
1867,2024-10-26,38.7
1867,2024-10-27,84.99
1867,2024-11-14,28.06
1867,2024-11-21,26.01
1867,2024-11-24,21.07
1867,2024-11-27,28.69
1867,2025-01-05,15.17
1867,2025-01-14,32.67
1867,2025-01-15,40.2
1867,2025-02-05,63.06
1867,2025-02-19,75.89
1867,2025-03-01,24.25
1867,2025-03-12,18.43
1867,2025-04-08,40.51
1867,2025-04-12,34.44
1868,2024-03-16,20.64
1868,2024-03-26,42.17
1869,2024-01-30,21.93
1869,2024-05-15,18.95
1869,2024-08-07,16.48
1870,2024-01-19,19.48
1871,2024-04-16,113.93
1871,2024-04-21,82.25
1871,2024-06-25,164.21
1871,2024-08-24,172.49
1871,2024-10-10,61.42
1871,2025-01-04,122.39
1871,2025-01-10,137.63
1871,2025-02-17,36.18
1871,2025-04-13,96.92
1871,2025-08-07,121.26
1871,2025-11-30,53.63
1872,2024-03-27,42.65
1872,2024-06-08,25.82
1872,2024-06-22,26.41
1872,2024-10-02,27.61
1872,2024-12-05,20.45
1872,2024-12-11,20.91
1872,2025-06-27,36.41
1872,2025-08-11,14.11
1872,2025-09-30,38.42
1872,2025-10-27,23.27
1873,2024-06-16,17.74
1874,2024-05-25,20.27
1875,2024-04-27,62.1
1875,2024-06-25,39.7
1875,2024-08-07,81.05
1875,2024-08-27,54.01
1875,2024-09-25,51.02
1875,2024-10-24,66.64
1875,2024-11-01,46.23
1875,2024-12-06,23.64
1875,2025-01-18,51.52
1875,2025-02-13,49.44
1875,2025-03-13,172.06
1875,2025-04-21,26.88
1875,2025-05-01,43.76
1875,2025-05-04,65.06
1875,2025-08-10,37.91
1875,2025-08-14,65.16
1875,2025-08-15,51.01
1875,2025-09-04,27.5
1875,2025-11-22,36.51
1876,2024-02-24,7.7
1876,2024-03-01,48.72
1876,2024-04-24,20.45
1877,2024-04-14,26.14
1877,2024-08-25,57.65
1877,2024-09-10,18.86
1877,2025-05-11,38.66
1877,2025-09-27,41.39
1878,2024-02-18,27.74
1878,2024-04-20,14.26
1878,2024-05-20,18.39
1878,2024-06-11,14.9
1878,2024-07-01,17.5
1878,2024-07-21,35.38
1879,2024-03-25,26.3
1879,2024-04-13,18.74
1879,2024-07-04,31.69
1879,2024-08-08,18.64
1879,2025-03-28,11.84
1879,2025-06-11,36.1
1879,2025-06-17,42.56
1879,2025-07-07,13.98
1880,2024-04-01,12.7
1881,2024-05-08,30.23
1882,2024-05-22,46.02
1882,2024-06-02,33.5
1882,2024-07-22,9.55
1882,2024-08-13,8.08
1882,2024-09-08,14.93
1882,2025-01-21,10.02
1882,2025-08-18,24.08
1882,2025-09-02,45.33
1882,2025-11-08,55.84
1882,2025-11-29,21.59
1883,2024-04-27,11.96
1884,2024-05-02,22.18
1884,2024-06-01,59.7
1884,2024-06-28,27.12
1884,2024-11-15,27.04
1884,2024-12-31,16.96
1884,2025-02-10,55.07
1884,2025-02-12,26.07
1884,2025-03-18,41.4
1884,2025-04-27,29.04
1884,2025-05-09,54.3
1884,2025-06-06,51.47
1884,2025-06-15,75.3
1884,2025-08-24,39.88
1885,2024-06-15,8.28
1885,2024-07-16,12.18
1885,2024-09-28,19.32
1885,2024-10-15,12.6
1885,2024-11-07,13.46
1885,2024-12-24,8.69
1885,2025-04-14,16.68
1885,2025-11-24,5.64
1886,2024-05-17,29.69
1886,2024-07-27,21.84
1886,2024-10-25,11.67
1887,2024-03-04,13.33
1887,2024-05-15,29.21
1888,2024-05-20,19.28
1888,2024-06-09,12.71
1888,2024-07-06,16.71
1888,2024-08-10,17.07
1888,2024-08-14,13.84
1888,2024-09-13,14.68
1889,2024-05-27,62.73
1889,2024-06-17,45.32
1889,2024-07-04,105.45
1889,2024-07-16,49.51
1889,2024-08-25,63.92
1889,2024-11-12,25.72
1889,2024-11-17,109.14
1889,2024-11-27,72.3
1889,2024-12-01,50.66
1889,2024-12-03,81.81
1889,2025-03-11,61.94
1889,2025-03-20,51.09
1889,2025-05-12,71.7
1889,2025-08-14,82.64
1889,2025-08-26,119.16
1889,2025-09-08,93.0
1889,2025-09-14,78.67
1889,2025-10-09,116.47
1889,2025-11-16,70.67
1889,2025-11-30,107.06
1890,2024-05-31,25.81
1891,2024-03-12,30.6
1892,2024-04-07,28.75
1893,2024-01-14,24.19
1893,2024-02-16,34.21
1893,2024-03-10,26.95
1893,2024-04-02,9.03
1893,2024-04-08,9.41
1893,2024-04-23,37.37
1893,2024-05-03,25.96
1893,2024-06-17,9.21
1893,2024-07-26,18.44
1893,2024-08-06,18.26
1893,2024-08-08,23.12
1893,2024-09-17,22.08
1893,2024-09-21,25.05
1893,2024-10-16,25.59
1893,2024-10-21,16.51
1893,2024-12-12,11.72
1893,2024-12-27,29.16
1893,2025-01-04,26.06
1893,2025-01-19,24.3
1893,2025-01-23,21.17
1893,2025-02-13,7.81
1893,2025-02-14,24.0
1893,2025-02-17,21.33
1893,2025-02-28,32.8
1893,2025-03-02,16.01
1893,2025-03-04,30.52
1893,2025-03-07,27.62
1893,2025-03-10,15.9
1893,2025-03-15,20.69
1893,2025-03-27,15.84
1893,2025-04-22,24.07
1893,2025-05-09,21.2
1893,2025-05-19,26.68
1893,2025-07-26,10.28
1893,2025-07-29,10.57
1894,2024-04-11,74.65
1895,2024-05-01,56.59
1895,2024-09-10,31.58
1895,2024-09-14,44.46
1895,2024-11-06,32.54
1896,2024-05-05,35.15
1896,2024-06-12,36.06
1896,2024-07-01,38.87
1896,2024-08-06,41.93
1896,2024-08-06,49.02
1896,2024-08-07,10.44
1896,2024-09-12,106.06
1896,2024-10-22,30.68
1896,2024-11-26,40.38
1896,2025-02-10,17.74
1896,2025-02-12,50.04
1896,2025-04-29,26.69
1896,2025-05-19,36.84
1896,2025-10-23,46.42
1896,2025-10-30,36.8
1897,2024-04-04,16.74
1897,2024-04-14,29.37
1897,2024-04-19,3.88
1897,2024-04-21,17.26
1897,2024-04-27,19.7
1897,2024-05-01,21.03
1897,2024-05-07,12.92
1897,2024-05-31,17.48
1897,2024-06-21,9.68
1897,2024-07-06,7.45
1897,2024-07-17,29.08
1897,2024-08-01,18.25
1897,2024-08-16,23.49
1897,2024-09-11,14.79
1897,2024-09-29,12.82
1897,2024-10-15,29.03
1897,2024-10-21,24.28
1897,2024-10-30,24.72
1897,2024-11-13,23.13
1897,2024-11-15,10.29
1897,2024-12-11,26.34
1897,2024-12-24,16.02
1897,2025-01-05,15.78
1897,2025-02-08,25.39
1897,2025-02-26,13.98
1897,2025-02-28,7.77
1897,2025-03-07,20.45
1897,2025-03-20,12.05
1897,2025-04-18,5.87
1897,2025-04-22,9.28
1897,2025-05-23,8.36
1897,2025-06-04,5.74
1897,2025-07-24,7.95
1897,2025-07-25,14.38
1897,2025-08-11,29.98
1897,2025-09-16,10.25
1897,2025-09-16,27.05
1897,2025-09-21,21.08
1897,2025-11-09,17.68
1897,2025-11-21,10.2
1897,2025-12-03,16.09
1898,2024-04-16,45.71
1899,2024-03-01,14.76
1900,2024-03-02,17.84
1901,2024-01-16,22.66
1902,2024-03-01,21.71
1903,2024-04-06,13.62
1903,2024-05-21,12.57
1903,2024-05-23,20.17
1903,2024-05-30,25.99
1903,2024-06-23,58.53
1903,2024-07-27,18.79
1903,2024-07-29,37.25
1903,2024-08-01,49.8
1903,2024-08-05,20.02
1903,2024-08-18,43.48
1903,2024-08-30,33.38
1903,2024-10-06,14.95
1903,2024-10-11,36.02
1903,2024-10-26,24.73
1903,2024-10-29,20.27
1903,2024-11-08,43.15
1903,2024-11-13,56.88
1903,2024-11-19,53.27
1903,2024-12-02,35.78
1903,2024-12-29,37.76
1903,2025-02-05,20.07
1903,2025-02-06,45.1
1903,2025-02-28,36.86
1903,2025-03-03,39.88
1903,2025-03-16,68.74
1903,2025-03-26,47.61
1903,2025-03-29,53.59
1903,2025-04-08,27.45
1903,2025-05-06,26.59
1903,2025-06-10,52.86
1903,2025-07-09,40.39
1903,2025-07-19,30.55
1903,2025-07-25,28.96
1903,2025-07-31,40.34
1903,2025-08-04,49.46
1903,2025-08-12,22.12
1903,2025-08-21,23.07
1903,2025-09-27,18.97
1903,2025-09-29,20.52
1903,2025-09-30,16.72
1903,2025-10-14,60.02
1903,2025-10-20,30.24
1903,2025-10-24,9.49
1903,2025-12-16,68.81
1904,2024-01-01,11.1
1904,2024-01-01,12.14
1904,2024-01-15,6.45
1904,2024-01-30,15.46
1904,2024-01-31,10.06
1904,2024-02-24,24.8
1904,2024-03-09,17.84
1904,2024-03-14,7.34
1904,2024-03-19,16.11
1904,2024-03-21,9.6
1904,2024-04-02,11.25
1904,2024-04-26,8.93
1904,2024-04-28,6.88
1904,2024-05-24,17.57
1904,2024-07-02,20.46
1904,2024-07-12,8.36
1904,2024-07-25,19.73
1904,2024-08-19,25.58
1904,2024-08-30,16.84
1904,2024-10-03,17.15
1904,2024-10-03,10.18
1904,2024-10-26,14.8
1904,2024-10-30,7.88
1904,2024-11-28,4.68
1904,2024-12-21,16.99
1904,2024-12-28,10.74
1904,2024-12-30,19.89
1904,2025-01-27,14.1
1904,2025-02-22,14.1
1904,2025-02-26,5.21
1904,2025-04-04,15.78
1904,2025-04-11,13.15
1904,2025-04-30,10.38
1904,2025-05-06,11.66
1904,2025-05-08,4.64
1904,2025-05-11,16.2
1904,2025-05-25,13.01
1904,2025-06-01,8.3
1904,2025-07-03,7.36
1904,2025-07-06,12.23
1904,2025-07-07,13.99
1904,2025-07-12,17.59
1904,2025-07-25,11.6
1904,2025-08-19,12.11
1904,2025-08-23,13.56
1904,2025-12-10,18.25
1904,2025-12-16,11.21
1905,2024-06-21,27.68
1906,2024-06-19,17.23
1907,2024-02-16,16.78
1907,2024-03-16,16.95
1907,2024-03-26,20.64
1907,2024-04-01,7.93
1907,2024-05-27,21.96
1907,2024-06-01,19.03
1907,2024-10-25,13.61
1907,2024-10-27,18.96
1907,2025-01-17,28.43
1907,2025-03-24,7.74
1907,2025-05-30,14.99
1907,2025-06-30,19.62
1907,2025-07-08,21.06
1907,2025-10-01,29.27
1908,2024-04-02,24.81
1909,2024-02-29,59.56
1909,2024-03-18,44.33
1909,2024-10-04,34.82
1909,2024-10-23,39.24
1909,2024-11-10,42.31
1909,2025-03-13,42.86
1909,2025-05-20,56.17
1910,2024-01-15,63.79
1910,2024-01-18,23.36
1910,2024-01-24,30.74
1910,2024-02-18,13.92
1910,2024-03-03,40.88
1910,2024-04-10,11.45
1910,2024-05-12,15.92
1910,2024-06-19,16.37
1910,2024-07-16,21.73
1910,2024-07-17,24.11
1910,2024-08-02,14.34
1910,2024-08-03,50.82
1910,2024-08-03,41.06
1910,2024-08-17,34.64
1910,2024-09-06,31.18
1910,2024-09-24,18.48
1910,2024-10-02,31.64
1910,2024-10-08,27.56
1910,2024-10-27,28.95
1910,2024-11-09,18.44
1910,2024-12-01,24.59
1910,2024-12-17,40.1
1910,2025-01-27,48.32
1910,2025-02-15,30.97
1910,2025-05-08,73.3
1910,2025-05-14,33.26
1910,2025-05-28,22.21
1910,2025-06-06,26.77
1910,2025-06-16,36.19
1910,2025-06-25,36.48
1910,2025-07-02,28.26
1910,2025-07-09,22.43
1910,2025-07-12,37.11
1910,2025-07-17,11.88
1910,2025-07-29,44.51
1910,2025-09-11,25.02
1910,2025-09-23,51.55
1910,2025-10-09,31.75
1910,2025-10-26,16.85
1910,2025-11-15,52.61
1910,2025-12-16,17.55
1911,2024-04-14,5.24
1911,2024-05-12,17.04
1911,2024-07-04,5.27
1911,2024-09-07,11.29
1911,2024-10-11,16.83
1911,2024-12-02,3.55
1911,2024-12-23,4.87
1911,2025-01-25,9.13
1911,2025-01-29,6.17
1911,2025-04-13,20.73
1911,2025-06-16,7.82
1911,2025-07-20,4.32
1911,2025-09-18,9.58
1911,2025-09-21,5.23
1911,2025-09-29,12.46
1911,2025-10-10,7.28
1911,2025-11-01,15.43
1911,2025-11-08,12.09
1911,2025-12-18,11.83
1911,2025-12-28,16.99
1912,2024-06-12,28.66
1912,2024-06-16,10.02
1912,2024-09-09,15.82
1912,2024-09-11,18.7
1912,2024-09-27,30.52
1912,2025-01-30,27.84
1912,2025-03-10,14.7
1912,2025-06-27,12.84
1912,2025-08-28,16.25
1912,2025-11-30,6.95
1913,2024-03-06,12.49
1914,2024-05-01,20.38
1914,2024-07-10,37.17
1915,2024-02-03,24.43
1915,2024-02-03,16.15
1915,2024-02-15,59.95
1915,2024-03-14,84.51
1915,2024-03-17,39.12
1915,2024-04-21,33.21
1915,2024-06-11,24.06
1915,2024-08-12,26.89
1915,2024-09-29,40.93
1915,2024-11-29,51.73
1915,2024-12-03,42.72
1915,2025-02-15,53.11
1915,2025-04-01,60.49
1915,2025-05-10,47.57
1915,2025-05-12,58.33
1915,2025-05-12,27.03
1915,2025-07-11,34.34
1915,2025-07-31,45.22
1915,2025-08-08,29.52
1915,2025-09-06,42.68
1915,2025-10-30,57.37
1915,2025-12-14,21.24
1916,2024-06-25,59.95
1916,2025-03-23,103.41
1916,2025-04-11,44.38
1917,2024-05-10,32.09
1917,2024-06-08,25.17
1918,2024-01-29,11.02
1918,2024-02-04,12.16
1918,2024-02-10,11.78
1919,2024-04-26,26.86
1919,2024-09-06,25.49
1920,2024-03-12,20.09
1920,2024-05-04,12.63
1921,2024-06-06,16.68
1922,2024-02-13,32.06
1923,2024-05-24,7.35
1923,2024-06-05,10.24
1923,2024-06-14,3.93
1923,2024-06-19,12.76
1923,2024-06-21,4.73
1923,2024-07-27,10.85
1923,2024-08-05,10.52
1923,2024-09-12,13.66
1923,2024-09-26,7.29
1923,2024-10-22,9.11
1923,2024-11-17,7.75
1923,2024-11-29,3.95
1923,2025-03-01,8.55
1923,2025-03-04,12.11
1923,2025-03-28,8.07
1923,2025-05-09,3.89
1924,2024-03-06,31.21
1925,2024-05-20,34.36
1925,2024-05-23,76.08
1925,2024-06-20,169.68
1925,2024-09-11,47.3
1925,2024-09-18,86.71
1925,2024-09-26,68.15
1925,2024-09-30,45.15
1925,2024-10-16,76.21
1925,2024-10-30,68.24
1925,2024-11-15,89.73
1925,2024-12-18,75.17
1925,2025-01-05,47.26
1925,2025-01-29,47.4
1925,2025-02-09,80.46
1925,2025-02-26,55.68
1925,2025-03-13,77.72
1925,2025-03-27,78.48
1925,2025-04-13,77.4
1925,2025-04-20,33.3
1925,2025-05-13,91.28
1925,2025-05-15,56.38
1925,2025-06-18,71.08
1925,2025-06-18,77.6
1925,2025-07-22,137.95
1925,2025-07-26,48.47
1925,2025-08-16,80.57
1925,2025-09-06,36.14
1926,2024-02-08,37.96
1927,2024-01-09,11.27
1928,2024-01-30,28.28
1928,2024-02-10,91.39
1928,2024-03-06,101.34
1928,2024-05-19,47.72
1929,2024-02-02,19.24
1929,2024-05-14,60.68
1929,2024-07-06,18.35
1929,2025-02-13,40.11
1929,2025-08-11,40.89
1930,2024-04-23,40.65
1930,2024-06-02,5.93
1930,2024-06-20,15.87
1930,2024-10-29,16.96
1930,2024-11-09,15.7
1930,2024-11-18,14.68
1930,2024-11-23,27.49
1930,2024-12-02,15.27
1930,2024-12-20,24.02
1930,2025-02-13,17.31
1930,2025-03-12,17.74
1930,2025-06-10,32.37
1930,2025-06-15,20.41
1930,2025-10-19,9.58
1931,2024-03-16,95.84
1931,2024-03-26,19.26
1931,2024-04-03,19.85
1931,2024-04-04,89.99
1931,2024-04-14,59.56
1931,2024-04-24,65.53
1931,2024-04-27,37.26
1931,2024-05-19,29.26
1931,2024-05-19,71.98
1931,2024-05-26,57.86
1931,2024-06-26,79.73
1931,2024-07-02,67.07
1931,2024-07-27,21.1
1931,2024-08-03,22.39
1931,2024-08-10,62.28
1931,2024-08-30,40.2
1931,2024-09-13,98.13
1931,2024-09-22,45.52
1931,2024-09-23,31.56
1931,2024-10-17,95.19
1931,2024-10-21,67.27
1932,2024-01-17,35.28
1932,2024-02-27,71.31
1933,2024-05-12,30.33
1933,2024-07-02,17.92
1934,2024-03-03,9.12
1934,2025-06-20,10.38
1934,2025-12-01,11.22
1934,2025-12-16,16.85
1935,2024-06-26,17.94
1935,2025-01-15,18.49
1935,2025-01-15,13.35
1935,2025-03-02,16.5
1935,2025-06-02,7.52
1935,2025-08-31,14.22
1935,2025-11-30,20.44
1936,2024-03-21,31.76
1936,2025-04-19,44.05
1936,2025-06-10,33.76
1936,2025-06-25,53.35
1937,2024-06-24,19.91
1937,2024-07-26,33.34
1937,2024-10-13,56.24
1937,2025-02-22,23.72
1937,2025-07-15,50.35
1938,2024-06-26,20.09
1938,2024-07-01,15.81
1938,2024-07-16,18.97
1938,2024-07-22,15.33
1938,2024-08-12,20.58
1939,2024-04-21,34.37
1939,2025-04-26,14.32
1939,2025-07-04,27.21
1940,2024-04-15,37.18
1941,2024-03-23,11.7
1941,2024-04-09,11.98
1941,2024-06-05,27.3
1941,2024-12-06,28.64
1941,2024-12-14,14.36
1941,2025-01-01,12.2
1941,2025-01-24,14.69
1941,2025-07-06,27.42
1941,2025-08-04,24.35
1942,2024-02-22,20.2
1942,2024-04-07,26.4
1942,2024-05-10,16.06
1942,2024-06-30,19.41
1942,2024-08-01,5.32
1942,2024-08-11,15.87
1942,2024-09-09,30.63
1942,2024-09-24,13.48
1942,2024-09-25,29.1
1942,2024-10-12,15.65
1942,2024-10-21,28.54
1942,2024-11-24,9.46
1942,2024-12-16,11.35
1942,2024-12-29,15.12
1942,2025-02-16,15.63
1942,2025-05-15,19.8
1942,2025-05-15,11.62
1942,2025-06-08,14.33
1942,2025-06-29,25.19
1943,2024-02-28,63.27
1943,2024-03-22,81.17
1943,2024-04-05,90.44
1943,2024-08-03,68.09
1943,2024-10-18,32.75
1943,2025-03-11,94.45
1943,2025-03-26,31.07
1943,2025-04-05,30.69
1943,2025-07-02,19.31
1943,2025-08-02,24.52
1944,2024-02-22,15.58
1944,2024-03-13,12.89
1944,2024-04-24,11.96
1944,2024-04-30,14.83
1944,2024-06-11,12.3
1944,2024-07-03,20.9
1944,2024-07-31,6.93
1944,2024-08-08,24.53
1944,2024-08-22,13.89
1944,2024-09-21,18.11
1944,2024-11-27,11.6
1944,2025-02-03,13.94
1944,2025-02-04,10.69
1944,2025-02-09,13.36
1944,2025-02-19,11.74
1944,2025-02-21,10.63
1944,2025-03-06,21.93
1944,2025-03-23,6.59
1944,2025-06-12,16.27
1944,2025-06-22,24.05
1944,2025-07-06,11.82
1944,2025-07-17,13.31
1944,2025-08-26,24.14
1944,2025-10-17,3.5
1944,2025-10-18,10.42
1944,2025-10-24,13.73
1944,2025-12-06,10.7
1945,2024-06-30,12.87
1946,2024-05-30,171.41
1946,2024-07-04,68.77
1946,2024-07-10,84.0
1947,2024-01-22,32.26
1947,2024-04-23,22.93
1947,2024-05-12,33.53
1947,2024-05-13,14.79
1947,2024-06-13,20.1
1947,2024-06-30,39.66
1947,2024-10-24,36.38
1947,2024-12-16,32.04
1947,2025-03-18,28.12
1947,2025-07-08,54.96
1947,2025-09-13,10.83
1948,2024-05-21,7.95
1948,2024-08-10,5.52
1948,2024-10-06,23.54
1948,2024-11-03,16.44
1948,2024-11-04,11.8
1948,2024-11-17,7.49
1948,2025-03-17,8.34
1948,2025-07-29,12.59
1948,2025-08-01,13.74
1948,2025-08-07,10.86
1948,2025-08-30,20.9
1948,2025-10-11,16.18
1949,2024-04-23,23.82
1949,2024-07-21,56.41
1949,2024-09-03,24.72
1949,2024-11-11,41.65
1949,2024-12-14,27.05
1949,2024-12-17,35.82
1949,2025-02-02,71.19
1949,2025-05-16,71.57
1949,2025-07-18,26.64
1949,2025-10-10,28.39
1950,2024-04-11,37.78
1951,2024-02-25,32.74
1951,2024-03-04,59.04
1951,2024-05-15,25.95
1951,2024-09-12,22.84
1951,2024-09-17,30.0
1952,2024-04-29,7.44
1952,2024-04-30,13.95
1952,2024-05-06,12.16
1952,2024-05-23,7.01
1952,2024-05-24,11.09
1952,2024-06-18,8.63
1952,2024-08-07,8.91
1952,2024-08-14,9.82
1952,2024-09-13,7.56
1952,2024-10-27,8.07
1953,2024-04-15,18.55
1953,2024-07-31,13.86
1953,2025-01-21,14.23
1953,2025-03-03,15.71
1953,2025-04-01,8.25
1954,2024-04-05,17.31
1954,2024-05-20,14.39
1954,2024-09-06,15.86
1954,2024-09-17,6.3
1954,2024-09-18,16.53
1955,2024-03-19,32.8
1955,2024-04-23,11.03
1955,2024-04-28,16.5
1955,2024-05-09,24.59
1955,2024-05-24,15.58
1955,2024-06-01,11.07
1955,2024-06-05,19.71
1955,2024-06-07,17.09
1955,2024-06-08,22.87
1955,2024-06-11,21.85
1955,2024-06-22,20.35
1955,2024-06-24,16.4
1955,2024-07-02,30.55
1955,2024-07-12,21.12
1955,2024-07-16,19.43
1955,2024-07-17,15.4
1955,2024-07-20,21.83
1955,2024-07-29,9.34
1955,2024-07-30,17.49
1955,2024-08-07,23.6
1955,2024-08-10,32.09
1955,2024-08-20,18.16
1955,2024-08-24,16.2
1955,2024-08-27,25.41
1955,2024-09-02,15.51
1955,2024-09-12,8.16
1955,2024-09-13,31.74
1955,2024-09-19,24.12
1955,2024-09-20,19.63
1955,2024-09-21,20.65
1955,2024-09-22,25.45
1955,2024-09-27,18.77
1955,2024-10-09,52.52
1955,2024-10-16,25.51
1955,2024-10-24,14.93
1955,2024-10-27,23.02
1955,2024-10-28,20.17
1955,2024-11-02,30.7
1955,2024-11-06,24.11
1955,2024-11-21,24.53
1955,2024-11-30,21.63
1955,2024-12-06,9.99
1955,2024-12-22,16.32
1955,2025-01-01,15.24
1955,2025-01-10,19.27
1955,2025-01-14,32.71
1955,2025-01-24,33.48
1955,2025-01-26,21.01
1955,2025-01-31,8.7
1955,2025-02-04,23.07
1955,2025-02-08,11.73
1955,2025-02-17,19.5
1955,2025-02-23,11.1
1955,2025-03-19,23.6
1955,2025-04-20,12.04
1955,2025-04-29,8.36
1955,2025-05-11,16.25
1955,2025-05-31,30.36
1955,2025-06-03,11.67
1955,2025-06-07,12.9
1955,2025-06-08,21.11
1955,2025-06-12,20.37
1955,2025-07-04,27.75
1955,2025-07-10,18.98
1955,2025-07-13,47.34
1955,2025-07-27,19.77
1955,2025-08-03,16.31
1955,2025-08-06,18.52
1955,2025-08-06,24.69
1955,2025-08-16,20.8
1955,2025-08-16,30.07
1955,2025-09-13,13.37
1955,2025-09-30,16.81
1955,2025-10-12,22.62
1955,2025-10-26,26.14
1955,2025-10-26,20.85
1955,2025-10-27,8.49
1955,2025-10-27,9.82
1955,2025-11-04,25.95
1955,2025-11-07,17.09
1955,2025-11-14,33.92
1955,2025-11-15,14.2
1955,2025-11-24,46.56
1955,2025-11-27,19.71
1955,2025-12-10,35.05
1955,2025-12-17,12.64
1955,2025-12-28,11.77
1956,2024-06-29,19.26
1957,2024-05-20,26.25
1957,2024-09-24,109.7
1958,2024-06-28,25.31
1959,2024-01-29,51.6
1959,2024-03-25,15.73
1959,2024-07-23,32.06
1959,2024-08-30,28.22
1959,2024-10-04,13.9
1959,2024-11-30,27.61
1960,2024-06-09,26.87
1960,2024-11-29,28.09
1961,2024-01-03,21.15
1962,2024-04-23,18.56
1962,2024-05-23,27.68
1963,2024-05-13,6.79
1963,2024-05-28,10.66
1963,2024-06-27,16.69
1963,2024-06-29,18.29
1963,2024-07-18,24.62
1963,2024-09-24,17.26
1963,2024-09-25,15.97
1963,2024-11-06,19.44
1963,2024-12-17,22.82
1963,2025-01-09,15.29
1963,2025-01-23,9.59
1963,2025-01-25,31.5
1963,2025-02-28,9.37
1963,2025-03-16,7.42
1963,2025-04-06,23.19
1963,2025-05-02,22.3
1963,2025-05-05,12.79
1963,2025-06-28,27.0
1963,2025-07-11,24.2
1963,2025-08-12,24.24
1963,2025-08-12,25.03
1963,2025-08-13,15.59
1963,2025-10-16,13.49
1963,2025-11-27,19.44
1964,2024-01-20,11.56
1964,2024-04-20,19.56
1965,2024-04-16,25.24
1965,2024-04-30,20.26
1965,2024-05-12,15.92
1965,2024-05-13,15.13
1965,2024-06-08,16.5
1965,2024-07-17,9.13
1965,2025-01-02,19.27
1965,2025-01-23,12.42
1965,2025-07-14,13.8
1965,2025-11-15,29.18
1966,2024-04-21,38.5
1966,2024-09-23,56.9
1966,2025-01-06,37.83
1967,2024-03-11,34.98
1968,2024-05-07,21.92
1969,2024-01-28,29.18
1969,2024-08-10,37.59
1969,2024-08-18,15.59
1969,2024-08-19,17.89
1969,2024-10-11,33.88
1969,2025-08-02,29.68
1970,2024-03-13,13.92
1971,2024-02-11,6.32
1972,2024-05-04,46.64
1973,2024-06-15,12.97
1974,2024-01-09,44.3
1975,2024-03-14,11.69
1975,2024-06-17,42.08
1975,2024-07-28,21.83
1975,2024-11-01,22.0
1975,2025-01-22,32.98
1975,2025-02-19,56.8
1975,2025-04-11,43.49
1975,2025-08-04,31.26
1975,2025-08-20,27.54
1975,2025-11-14,38.67
1975,2025-12-17,45.77
1976,2024-03-10,28.71
1976,2024-03-18,23.02
1976,2024-03-19,20.81
1976,2024-04-09,15.54
1976,2024-04-15,38.77
1976,2024-04-25,30.69
1976,2024-04-26,39.28
1976,2024-05-17,29.07
1976,2024-05-18,40.87
1976,2024-06-03,27.91
1976,2024-06-27,57.4
1976,2024-06-30,15.83
1976,2024-07-09,21.98
1976,2024-07-19,19.35
1976,2024-08-07,18.98
1976,2024-08-26,9.58
1976,2024-09-10,34.46
1976,2024-10-06,39.41
1976,2024-10-11,37.9
1976,2024-11-03,21.66
1977,2024-04-04,56.28
1977,2024-04-25,33.98
1977,2024-05-03,18.93
1977,2024-05-10,37.88
1977,2024-05-13,13.04
1977,2024-06-05,19.49
1977,2024-06-09,36.61
1977,2024-06-18,13.45
1977,2024-06-26,22.72
1977,2024-07-09,24.08
1977,2024-07-22,20.14
1977,2024-08-01,13.61
1977,2024-08-01,36.66
1977,2024-08-16,18.3
1977,2024-08-23,54.3
1977,2024-09-14,52.06
1977,2024-09-14,46.1
1977,2024-09-25,23.05
1977,2024-10-01,28.02
1977,2024-10-14,27.9
1977,2024-10-19,19.02
1977,2024-11-03,35.1
1977,2024-11-26,31.83
1977,2024-12-10,14.14
1977,2024-12-15,34.73
1977,2024-12-16,16.56
1977,2025-01-07,14.85
1977,2025-01-17,11.84
1977,2025-01-28,33.49
1977,2025-02-14,42.1
1977,2025-02-16,33.65
1977,2025-02-22,13.94
1977,2025-03-03,33.96
1977,2025-03-10,18.0
1977,2025-04-09,33.93
1977,2025-04-09,23.4
1977,2025-04-11,17.34
1977,2025-04-12,23.08
1977,2025-04-15,24.2
1977,2025-04-16,76.67
1977,2025-04-22,25.91
1977,2025-05-03,45.49
1977,2025-05-05,40.27
1977,2025-05-05,38.83
1977,2025-05-23,20.66
1977,2025-05-29,19.67
1977,2025-06-02,50.92
1977,2025-06-05,29.77
1977,2025-06-07,33.64
1977,2025-06-08,33.44
1977,2025-06-11,19.61
1977,2025-07-01,19.59
1977,2025-07-02,39.17
1977,2025-07-06,23.12
1977,2025-07-09,48.01
1977,2025-07-19,11.11
1977,2025-07-31,19.57
1977,2025-08-05,16.19
1977,2025-08-23,36.99
1977,2025-08-24,25.61
1977,2025-08-25,17.57
1977,2025-09-03,16.03
1977,2025-09-04,21.53
1977,2025-09-13,28.94
1977,2025-09-20,18.95
1977,2025-09-22,38.67
1977,2025-09-27,44.71
1977,2025-10-03,39.54
1977,2025-10-06,28.44
1977,2025-10-08,28.37
1977,2025-10-12,31.3
1977,2025-10-14,37.88
1977,2025-10-25,9.81
1977,2025-11-02,34.25
1977,2025-11-04,34.01
1977,2025-11-09,24.35
1977,2025-12-01,35.99
1977,2025-12-15,17.07
1977,2025-12-28,24.88
1978,2024-01-07,11.85
1978,2024-01-07,22.34
1978,2024-01-14,8.24
1978,2024-02-19,27.55
1978,2024-04-06,10.72
1978,2024-08-23,5.01
1978,2024-09-13,17.97
1978,2024-10-11,15.77
1978,2024-11-21,16.51
1978,2024-12-10,11.02
1978,2024-12-21,7.13
1978,2025-01-08,21.77
1978,2025-01-10,10.21
1978,2025-01-15,7.56
1978,2025-02-18,14.2
1978,2025-03-25,12.24
1978,2025-04-02,12.2
1978,2025-07-29,6.57
1978,2025-08-02,19.75
1978,2025-09-25,13.73
1978,2025-12-22,13.48
1979,2024-01-24,3.09
1979,2024-02-02,31.48
1979,2024-04-02,44.86
1979,2024-05-18,41.68
1979,2024-06-08,64.75
1979,2024-06-14,19.01
1979,2024-07-25,42.58
1979,2024-07-26,70.77
1980,2024-04-07,14.96
1981,2024-01-02,21.56
1981,2024-01-04,57.47
1981,2024-01-13,27.29
1981,2024-01-27,15.15
1981,2024-01-31,45.74
1981,2024-02-04,29.16
1981,2024-02-23,60.58
1981,2024-02-28,33.31
1981,2024-03-12,50.98
1981,2024-03-29,34.0
1981,2024-04-02,36.7
1981,2024-04-03,39.6
1981,2024-04-11,75.57
1981,2024-04-27,50.08
1981,2024-05-01,28.29
1981,2024-05-24,46.03
1982,2024-02-06,46.89
1982,2024-04-26,31.84
1983,2024-06-29,6.77
1983,2024-07-03,16.4
1983,2024-07-31,8.8
1983,2024-08-16,12.45
1983,2024-09-11,11.34
1983,2024-09-22,5.34
1983,2024-10-22,4.83
1983,2024-10-28,14.22
1983,2024-11-22,6.9
1983,2024-11-23,6.9
1983,2024-12-05,6.64
1983,2024-12-12,15.65
1983,2024-12-22,10.91
1983,2025-02-01,10.65
1983,2025-03-06,5.32
1983,2025-03-29,18.89
1983,2025-04-17,18.19
1983,2025-05-04,7.77
1983,2025-05-13,9.97
1983,2025-06-04,8.66
1983,2025-06-28,5.86
1983,2025-09-22,10.43
1983,2025-09-27,14.98
1983,2025-10-17,7.19
1983,2025-10-19,11.77
1983,2025-11-21,4.99
1983,2025-12-12,3.33
1983,2025-12-24,5.9
1984,2024-01-23,24.75
1984,2024-10-18,14.99
1984,2024-10-21,17.32
1984,2024-10-25,17.72
1984,2024-12-08,18.16
1985,2024-01-03,27.01
1985,2024-01-05,14.83
1985,2024-02-01,8.72
1985,2024-02-16,24.42
1985,2024-03-09,28.66
1985,2024-08-19,23.33
1985,2024-09-04,14.09
1985,2024-10-05,15.24
1985,2024-11-04,18.58
1985,2025-01-23,21.26
1985,2025-01-27,7.7
1985,2025-02-26,18.21
1985,2025-06-28,14.0
1985,2025-07-19,14.33
1985,2025-08-14,18.57
1985,2025-11-13,10.64
1985,2025-11-22,11.93
1985,2025-12-07,17.39
1986,2024-05-25,47.07
1987,2024-05-07,35.03
1987,2024-05-18,36.05
1987,2024-06-04,28.21
1987,2024-06-16,16.28
1987,2024-06-28,33.24
1987,2024-06-29,24.65
1987,2024-07-25,34.24
1987,2024-08-05,24.44
1987,2024-09-06,30.29
1987,2024-09-07,20.4
1987,2024-09-21,34.36
1987,2024-09-28,44.33
1987,2024-10-26,13.85
1988,2024-05-28,21.47
1989,2024-04-14,38.86
1989,2024-06-22,39.52
1990,2024-05-27,26.29
1990,2024-06-11,36.9
1990,2024-06-12,81.61
1991,2024-03-11,71.68
1992,2024-04-20,44.01
1992,2024-04-21,56.14
1992,2024-07-16,95.42
1992,2024-12-10,87.92
1992,2025-03-07,73.75
1992,2025-05-21,20.71
1992,2025-07-27,57.38
1992,2025-08-17,92.51
1992,2025-11-06,59.21
1993,2024-05-19,58.96
1993,2024-06-02,87.85
1993,2024-06-03,58.1
1993,2024-07-05,40.29
1993,2024-07-10,42.8
1993,2024-07-20,44.15
1993,2024-08-14,41.69
1993,2024-09-01,72.01
1993,2024-09-07,68.57
1993,2024-09-20,59.08
1993,2024-10-05,13.44
1993,2024-10-21,78.16
1993,2024-11-06,41.91
1993,2024-11-15,88.18
1993,2024-11-15,25.05
1994,2024-02-26,44.3
1995,2024-04-17,41.39
1995,2024-04-20,13.48
1995,2024-04-22,11.91
1995,2024-04-23,17.59
1995,2024-04-29,23.12
1995,2024-04-30,29.13
1995,2024-05-09,38.2
1995,2024-05-21,13.85
1995,2024-05-23,23.27
1995,2024-05-30,31.43
1995,2024-06-02,21.77
1995,2024-06-02,21.78
1995,2024-06-07,18.02
1995,2024-06-08,12.98
1995,2024-06-11,25.17
1995,2024-06-20,24.85
1995,2024-06-23,30.88
1995,2024-07-05,19.31
1995,2024-07-06,18.52
1995,2024-07-10,21.33
1995,2024-07-11,26.95
1995,2024-07-28,22.44
1995,2024-07-29,31.57
1995,2024-08-03,40.8
1995,2024-08-03,19.37
1995,2024-08-05,20.35
1995,2024-08-12,29.61
1995,2024-08-12,22.9
1995,2024-08-16,27.2
1995,2024-08-17,39.03
1995,2024-08-25,35.62
1995,2024-08-31,19.44
1995,2024-09-07,31.05
1995,2024-09-16,26.35
1995,2024-09-16,36.71
1995,2024-09-22,23.5
1995,2024-09-27,31.55
1995,2024-09-28,31.18
1995,2024-10-10,45.92
1995,2024-10-11,15.88
1995,2024-10-12,9.04
1995,2024-10-13,18.56
1995,2024-10-13,35.94
1995,2024-10-21,30.86
1995,2024-10-25,26.68
1995,2024-10-29,22.16
1995,2024-11-01,24.3
1995,2024-11-13,38.12
1995,2024-11-13,26.18
1995,2024-11-16,36.78
1995,2024-11-19,13.85
1995,2024-11-20,29.47
1995,2024-11-24,27.64
1996,2024-01-05,57.16
1997,2024-03-10,7.75
1997,2024-03-24,23.75
1997,2024-04-23,24.09
1997,2024-06-18,37.59
1998,2024-02-12,22.35
1999,2024-06-30,19.86
2000,2024-06-21,5.32
2000,2025-07-28,6.07
2001,2024-06-16,40.24
2002,2024-03-21,29.03
2002,2024-06-28,37.37
2002,2024-08-28,27.78
2002,2024-09-05,35.42
2002,2024-10-10,14.24
2002,2024-10-11,40.29
2002,2024-11-22,26.61
2002,2025-06-24,14.69
2002,2025-07-01,46.11
2002,2025-09-15,28.77
2003,2024-04-13,11.71
2003,2024-11-20,8.45
2004,2024-05-04,19.95
2005,2024-02-17,50.42
2005,2024-04-03,21.74
2005,2024-09-26,49.1
2006,2024-04-19,20.26
2006,2024-06-10,23.03
2006,2024-11-28,13.36
2006,2024-11-28,16.51
2006,2025-03-06,17.7
2006,2025-07-17,21.3
2006,2025-09-19,17.38
2006,2025-11-07,22.31
2007,2024-06-12,26.03
2007,2024-06-20,25.4
2007,2024-07-08,13.34
2007,2024-09-22,31.66
2007,2025-03-10,74.18
2007,2025-04-07,22.14
2007,2025-04-24,48.34
2007,2025-11-22,53.22
2008,2024-05-30,13.27
2009,2024-03-22,10.29
2009,2024-04-17,13.78
2009,2024-06-21,8.35
2009,2024-07-06,15.59
2009,2024-07-29,26.36
2009,2024-09-28,15.21
2010,2024-04-23,46.23
2010,2024-05-09,38.2
2010,2024-05-28,75.69
2010,2024-06-14,12.13
2010,2024-07-04,68.79
2010,2024-08-23,29.89
2010,2024-11-08,39.74
2010,2024-12-22,62.57
2010,2025-02-01,40.7
2010,2025-02-12,41.31
2010,2025-03-03,36.34
2010,2025-03-15,38.46
2010,2025-05-13,46.48
2010,2025-05-13,59.08
2010,2025-06-24,31.46
2010,2025-07-12,21.74
2010,2025-08-21,38.72
2010,2025-08-24,40.78
2011,2024-05-08,8.44
2012,2024-05-06,60.0
2013,2024-05-13,12.02
2013,2024-05-24,17.59
2013,2024-07-26,11.96
2013,2024-07-30,23.41
2013,2024-09-11,6.9
2013,2024-10-24,10.07
2014,2024-03-30,47.44
2014,2024-04-04,23.24
2014,2024-05-20,36.35
2014,2024-05-21,45.09
2014,2024-05-22,18.54
2014,2024-06-03,31.69
2014,2024-06-15,36.42
2014,2024-06-16,31.46
2014,2024-06-18,25.08
2014,2024-07-06,35.88
2014,2024-07-06,31.69
2014,2024-07-19,29.29
2014,2024-07-29,56.83
2014,2024-08-10,38.13
2014,2024-08-25,43.73
2014,2024-09-04,19.56
2014,2024-09-13,32.41
2014,2024-09-16,34.53
2014,2024-09-23,35.0
2014,2024-09-26,26.6
2014,2024-10-06,34.68
2014,2024-10-11,10.08
2014,2024-10-31,62.02
2014,2024-11-03,48.4
2014,2024-11-17,24.22
2014,2024-11-21,18.87
2014,2024-11-22,13.31
2014,2024-11-25,35.81
2014,2024-12-07,27.96
2014,2025-01-07,30.14
2014,2025-01-11,22.76
2014,2025-01-15,23.93
2014,2025-02-18,36.86
2014,2025-02-22,37.35
2014,2025-02-24,27.23
2014,2025-03-09,29.99
2014,2025-03-16,34.69
2014,2025-04-27,14.03
2014,2025-05-12,12.25
2014,2025-05-16,28.08
2014,2025-05-23,14.08
2014,2025-06-05,19.22
2014,2025-06-09,16.99
2014,2025-06-10,37.99
2014,2025-08-09,24.04
2014,2025-08-14,27.85
2014,2025-08-17,39.85
2014,2025-09-10,47.26
2014,2025-09-17,27.0
2014,2025-09-20,28.87
2014,2025-10-06,20.41
2014,2025-10-16,28.42
2014,2025-11-02,25.78
2014,2025-11-06,22.11
2014,2025-11-11,54.59
2014,2025-12-01,52.22
2014,2025-12-08,7.27
2015,2024-02-21,17.26
2016,2024-01-06,59.35
2016,2024-05-30,63.24
2016,2024-07-25,34.5
2016,2024-08-24,45.92
2016,2024-09-24,15.5
2016,2024-10-18,24.86
2016,2024-12-19,53.72
2016,2024-12-24,82.52
2016,2025-02-05,63.19
2016,2025-03-14,90.69
2016,2025-03-20,31.89
2016,2025-04-10,30.82
2016,2025-06-02,43.28
2016,2025-12-15,74.94
2017,2024-03-26,16.61
2017,2024-09-05,40.41
2017,2024-11-19,23.71
2017,2024-12-01,22.53
2017,2024-12-23,42.45
2017,2025-02-12,47.3
2017,2025-08-13,48.56
2017,2025-09-12,19.8
2017,2025-10-16,31.37
2017,2025-10-21,40.93
2017,2025-12-03,26.37
2018,2024-04-20,26.79
2019,2024-03-04,49.18
2019,2024-03-10,13.11
2020,2024-04-23,34.08
2020,2024-05-11,88.78
2020,2024-06-05,38.44
2020,2024-07-03,25.02
2020,2024-07-05,31.6
2020,2024-07-12,30.87
2020,2024-07-26,43.74
2020,2024-07-29,69.18
2020,2024-08-12,25.86
2020,2024-08-13,49.16
2020,2024-08-19,23.43
2020,2024-09-10,19.38
2020,2024-09-12,67.57
2020,2024-09-20,27.69
2020,2024-09-20,19.04
2020,2024-09-29,41.65
2020,2024-10-05,21.94
2020,2024-10-10,35.8
2020,2024-10-14,28.82
2020,2024-10-18,15.14
2020,2024-10-30,18.25
2020,2024-11-08,39.15
2020,2024-11-09,12.59
2020,2024-11-14,30.86
2020,2024-11-17,16.94
2020,2024-12-05,37.04
2020,2024-12-09,15.3
2020,2024-12-12,22.01
2020,2024-12-16,30.69
2020,2024-12-31,67.97
2020,2025-01-10,36.8
2020,2025-01-12,23.75
2020,2025-01-27,35.83
2020,2025-01-31,13.93
2020,2025-02-08,44.66
2020,2025-03-01,37.32
2020,2025-03-10,37.75
2020,2025-03-16,54.22
2020,2025-03-18,23.46
2020,2025-03-24,30.23
2020,2025-04-16,29.17
2020,2025-05-06,32.37
2020,2025-06-05,38.05
2020,2025-06-12,50.4
2020,2025-06-20,16.73
2020,2025-07-10,37.96
2020,2025-07-14,26.93
2020,2025-07-18,66.91
2020,2025-07-24,30.58
2020,2025-07-25,21.11
2020,2025-07-28,28.12
2020,2025-08-03,33.11
2020,2025-08-04,23.29
2020,2025-08-04,43.06
2020,2025-08-08,42.46
2020,2025-08-14,15.31
2020,2025-08-23,47.0
2020,2025-08-25,24.71
2020,2025-08-29,16.09
2020,2025-09-04,31.95
2020,2025-09-04,28.15
2020,2025-09-08,12.52
2020,2025-09-25,22.22
2020,2025-10-02,42.48
2020,2025-11-01,42.96
2020,2025-11-07,33.66
2020,2025-11-27,20.99
2020,2025-12-22,30.78
2021,2024-01-03,35.84
2021,2025-01-11,23.9
2022,2024-06-09,9.66
2022,2024-06-12,7.78
2022,2024-09-02,7.03
2022,2024-10-25,5.09
2022,2024-11-11,9.75
2022,2024-12-12,13.58
2022,2024-12-18,8.28
2022,2024-12-26,12.38
2022,2025-01-02,9.31
2022,2025-02-06,7.51
2022,2025-03-28,8.44
2022,2025-05-19,8.41
2022,2025-06-08,10.88
2022,2025-06-24,7.92
2022,2025-08-26,14.07
2022,2025-09-21,5.29
2022,2025-10-01,2.68
2023,2024-06-02,10.76
2024,2024-05-03,27.96
2024,2024-05-12,31.02
2024,2024-05-17,25.37
2024,2024-07-02,18.18
2024,2024-07-15,24.6
2024,2024-07-16,24.0
2024,2024-07-21,38.81
2024,2024-10-04,19.86
2024,2024-12-08,36.69
2024,2025-01-05,23.41
2024,2025-01-31,14.64
2024,2025-02-02,21.05
2024,2025-02-08,18.66
2024,2025-02-23,22.4
2024,2025-04-10,20.42
2024,2025-04-18,19.49
2024,2025-04-30,26.53
2025,2024-03-01,19.65
2025,2024-03-06,14.56
2025,2024-03-07,20.42
2025,2024-03-09,16.45
2025,2024-03-26,25.16
2025,2024-04-24,18.34
2025,2024-04-28,26.0
2025,2024-05-12,42.66
2025,2024-05-16,19.76
2025,2024-06-03,28.7
2025,2024-06-13,22.49
2025,2024-06-29,15.86
2025,2024-07-21,23.26
2025,2024-08-14,13.52
2025,2024-08-28,25.63
2025,2024-08-28,31.18
2025,2024-09-19,46.1
2025,2024-09-29,34.22
2025,2024-11-17,15.56
2025,2024-12-10,18.81
2025,2024-12-20,28.09
2025,2025-01-21,16.33
2025,2025-01-29,16.58
2025,2025-02-21,13.57
2025,2025-02-26,28.82
2025,2025-03-12,26.03
2025,2025-03-17,28.87
2025,2025-04-14,45.96
2025,2025-04-27,9.1
2025,2025-05-02,9.45
2025,2025-05-04,34.77
2025,2025-05-06,15.41
2026,2024-04-08,22.27
2027,2024-03-23,90.96
2028,2024-04-14,13.03
2028,2024-05-10,9.26
2028,2024-05-12,16.64
2028,2024-05-16,18.6
2028,2024-05-29,31.19
2028,2024-06-21,28.96
2028,2024-07-02,18.19
2028,2024-09-17,19.75
2028,2024-09-26,9.55
2028,2024-10-02,6.39
2028,2024-10-20,22.5
2028,2024-10-21,20.63
2028,2024-10-22,24.37
2028,2024-11-04,37.31
2028,2025-01-18,17.64
2028,2025-01-21,19.15
2028,2025-01-30,18.24
2028,2025-02-03,28.79
2028,2025-04-14,31.54
2028,2025-05-13,9.94
2028,2025-05-18,32.23
2028,2025-06-30,15.26
2028,2025-07-02,16.28
2028,2025-07-28,22.28
2028,2025-08-17,11.47
2028,2025-10-17,28.28
2028,2025-11-09,27.08
2028,2025-12-27,14.63
2029,2024-06-22,24.28
2029,2024-07-14,19.77
2029,2024-07-18,23.12
2029,2024-09-04,15.49
2029,2024-09-19,57.64
2029,2024-09-29,31.58
2029,2024-10-19,39.6
2029,2024-11-02,22.68
2029,2024-11-05,36.95
2029,2024-11-25,23.98
2029,2024-12-05,11.02
2029,2024-12-26,62.98
2029,2024-12-28,21.56
2029,2025-01-25,21.81
2029,2025-02-20,21.44
2029,2025-03-24,16.37
2029,2025-04-19,28.66
2029,2025-04-23,16.59
2029,2025-04-25,25.04
2029,2025-04-30,17.23
2029,2025-05-12,20.55
2029,2025-05-15,50.66
2029,2025-05-25,19.31
2029,2025-05-26,19.17
2029,2025-06-03,24.18
2029,2025-06-15,49.97
2029,2025-07-30,8.75
2029,2025-09-06,36.08
2029,2025-09-29,23.97
2029,2025-10-30,17.08
2029,2025-11-11,20.19
2029,2025-11-14,39.96
2029,2025-11-24,26.86
2029,2025-12-06,13.3
2029,2025-12-22,11.12
2030,2024-04-03,29.09
2030,2024-04-12,40.96
2031,2024-05-14,12.5
2031,2024-09-24,8.69
2032,2024-05-20,25.75
2032,2024-05-23,28.33
2032,2024-08-31,12.29
2032,2024-09-09,23.64
2032,2024-10-24,33.15
2032,2025-01-13,46.91
2032,2025-02-27,9.21
2032,2025-05-03,14.59
2032,2025-08-12,24.19
2032,2025-10-11,18.84
2032,2025-10-12,33.48
2033,2024-01-12,17.53
2034,2024-05-07,15.65
2035,2024-01-07,37.52
2036,2024-04-17,31.47
2036,2024-07-06,45.76
2036,2024-07-20,71.31
2036,2024-09-23,44.47
2036,2024-09-24,21.88
2036,2024-09-25,33.94
2036,2024-10-04,35.23
2036,2024-10-10,17.44
2036,2024-11-18,25.4
2037,2024-03-31,7.04
2037,2024-05-07,21.06
2037,2024-05-29,24.98
2037,2024-07-28,15.11
2037,2024-11-25,16.21
2037,2024-12-17,25.4
2038,2024-03-13,17.85
2038,2024-03-24,37.62
2039,2024-01-30,15.22
2039,2024-01-31,12.7
2039,2024-01-31,11.0
2039,2024-02-03,5.04
2039,2024-02-03,7.76
2039,2024-02-04,3.33
2039,2024-02-06,4.86
2039,2024-02-23,11.64
2039,2024-03-08,6.38
2039,2024-03-13,6.98
2039,2024-03-16,10.83
2039,2024-03-28,10.69
2039,2024-03-28,14.08
2039,2024-04-07,10.82
2039,2024-04-12,10.54
2039,2024-04-15,11.92
2039,2024-04-21,7.57
2039,2024-04-27,12.07
2039,2024-05-02,12.02
2039,2024-05-16,8.33
2039,2024-06-01,8.04
2039,2024-06-06,16.52
2039,2024-06-22,10.72
2039,2024-06-29,19.22
2039,2024-07-04,11.07
2039,2024-07-17,6.45
2039,2024-07-17,17.15
2039,2024-07-23,4.65
2039,2024-08-03,11.18
2039,2024-08-08,15.26
2039,2024-08-21,14.53
2039,2024-08-21,14.64
2039,2024-08-27,6.58
2039,2024-08-28,18.71
2039,2024-08-29,9.88
2039,2024-09-22,4.31
2039,2024-09-29,10.75
2039,2024-09-30,15.84
2039,2024-10-05,5.87
2039,2024-10-11,10.28
2039,2024-10-14,10.62
2039,2024-10-17,6.98
2039,2024-10-21,4.18
2039,2024-10-24,3.36
2039,2024-10-24,11.33
2039,2024-10-25,15.42
2039,2024-10-29,14.74
2039,2024-11-09,10.38
2039,2024-11-27,16.64
2039,2024-11-28,5.73
2039,2024-12-08,7.74
2039,2024-12-10,12.18
2039,2024-12-23,9.1
2039,2024-12-25,12.6
2039,2025-01-15,8.12
2039,2025-01-19,16.04
2039,2025-01-20,14.32
2039,2025-01-22,10.87
2039,2025-02-20,17.29
2039,2025-02-21,20.86
2039,2025-03-11,12.89
2039,2025-03-30,7.58
2039,2025-04-07,25.98
2039,2025-04-22,3.33
2039,2025-04-25,33.68
2039,2025-04-26,11.77
2039,2025-05-05,7.03
2039,2025-05-11,8.29
2039,2025-05-26,14.31
2039,2025-06-05,13.09
2039,2025-06-07,5.24
2039,2025-06-08,7.09
2039,2025-06-27,10.44
2039,2025-06-29,16.1
2039,2025-07-08,5.45
2039,2025-07-08,8.54
2039,2025-07-09,6.9
2039,2025-07-15,10.67
2039,2025-07-15,13.91
2039,2025-07-17,6.96
2039,2025-07-19,9.56
2039,2025-08-09,13.96
2039,2025-08-15,15.57
2039,2025-08-15,14.45
2039,2025-08-22,6.42
2039,2025-08-30,11.95
2039,2025-08-30,13.57
2039,2025-09-13,9.93
2039,2025-09-17,5.14
2039,2025-09-17,19.96
2039,2025-10-19,13.93
2039,2025-10-21,11.85
2039,2025-10-26,9.33
2039,2025-10-27,8.08
2039,2025-11-10,14.17
2039,2025-11-12,10.46
2039,2025-11-20,8.46
2039,2025-11-26,4.4
2039,2025-11-28,10.14
2039,2025-12-05,8.03
2039,2025-12-24,18.61
2039,2025-12-28,5.51
2040,2024-05-18,50.62
2041,2024-01-09,38.27
2041,2024-02-27,51.31
2041,2024-04-14,13.44
2041,2024-05-05,31.01
2041,2024-07-19,32.42
2042,2024-04-06,39.77
2042,2024-04-30,23.48
2042,2024-06-10,49.49
2042,2024-07-22,46.99
2042,2024-09-01,54.93
2042,2024-09-14,62.53
2042,2024-09-23,46.63
2042,2024-10-30,67.11
2042,2024-11-11,81.0
2042,2024-11-30,33.62
2042,2025-01-10,42.09
2042,2025-01-21,43.97
2042,2025-02-07,50.49
2042,2025-04-13,40.51
2042,2025-06-20,52.33
2042,2025-06-30,82.27
2042,2025-07-02,35.35
2042,2025-10-21,40.88
2043,2024-06-10,14.04
2043,2025-07-23,11.57
2043,2025-07-23,11.78
2044,2024-02-15,13.68
2044,2024-03-07,8.67
2044,2024-04-17,22.24
2044,2024-04-27,5.92
2044,2024-05-07,4.01
2044,2024-05-15,12.37
2045,2024-05-08,13.99
2046,2024-03-02,9.91
2046,2024-04-27,33.25
2046,2024-06-02,8.15
2046,2024-06-13,9.74
2046,2024-06-22,16.45
2046,2024-08-16,9.21
2046,2024-08-19,15.78
2047,2024-01-02,18.79
2047,2024-01-11,35.8
2047,2024-01-17,17.82
2048,2024-01-15,24.1
2049,2024-04-25,6.38
2049,2024-05-07,7.99
2049,2024-05-11,16.66
2050,2024-01-23,31.52
2051,2024-06-01,12.31
2052,2024-06-11,72.2
2052,2024-06-18,30.21
2052,2024-06-21,45.43
2052,2024-06-24,81.13
2053,2024-04-09,16.23
2053,2024-08-01,26.94
2053,2024-08-22,24.03
2053,2024-09-03,17.31
2054,2024-05-21,15.85
2054,2024-07-19,22.72
2054,2024-08-01,12.77
2054,2024-08-12,42.65
2054,2024-08-30,23.95
2054,2024-10-01,25.01
2054,2024-10-11,13.95
2054,2024-11-24,21.14
2054,2024-12-10,14.52
2054,2025-01-06,20.44
2054,2025-01-20,18.09
2054,2025-02-05,13.57
2054,2025-04-10,24.49
2054,2025-06-18,19.61
2054,2025-07-13,9.39
2055,2024-02-02,13.44
2055,2024-02-21,43.52
2055,2024-03-20,18.72
2055,2024-05-09,27.39
2055,2024-05-13,37.55
2055,2024-05-25,40.16
2055,2024-06-24,34.73
2055,2024-08-06,22.63
2055,2024-08-11,13.37
2055,2024-08-29,38.99
2055,2024-09-14,26.15
2055,2024-10-21,42.59
2055,2024-11-11,41.48
2055,2024-11-12,54.85
2055,2025-02-12,44.65
2055,2025-02-27,43.18
2055,2025-03-30,30.27
2055,2025-05-29,34.67
2055,2025-06-01,12.37
2055,2025-08-13,28.87
2055,2025-09-06,29.38
2056,2024-02-11,50.99
2056,2024-02-16,66.83
2056,2024-12-25,62.13
2056,2025-09-27,92.72
2056,2025-12-14,50.17
2057,2024-06-24,20.07
2057,2024-12-22,24.19
2058,2024-01-05,60.69
2058,2024-01-06,35.23
2058,2024-01-31,29.67
2059,2024-02-05,34.19
2060,2024-01-11,25.47
2060,2024-02-07,22.14
2060,2024-02-14,19.72
2060,2024-04-29,38.87
2060,2024-05-05,20.54
2060,2024-09-03,15.56
2060,2024-10-01,20.01
2060,2024-10-17,12.32
2060,2025-03-10,12.15
2060,2025-04-23,15.33
2060,2025-07-10,9.32
2060,2025-07-20,23.36
2060,2025-10-11,12.11
2060,2025-10-17,26.95
2060,2025-11-09,8.94
2061,2024-06-06,6.81
2061,2024-07-28,12.08
2062,2024-02-05,50.47
2062,2024-05-19,56.9
2062,2024-08-06,51.31
2062,2024-08-12,57.13
2062,2024-08-31,20.88
2063,2024-03-09,18.95
2063,2024-05-09,37.37
2063,2024-07-17,26.6
2063,2024-07-24,56.3
2063,2024-11-09,37.44
2064,2024-05-30,18.11
2064,2024-12-02,14.94
2064,2025-06-11,14.97
2065,2024-03-17,44.37
2066,2024-01-23,49.3
2067,2024-05-24,41.74
2067,2024-05-29,35.1
2067,2024-06-09,62.59
2067,2024-06-10,36.36
2067,2024-09-02,59.4
2067,2024-09-09,22.78
2067,2024-09-21,49.23
2067,2024-10-03,58.31
2067,2024-10-21,38.93
2067,2024-10-25,66.2
2067,2024-11-01,50.42
2067,2024-11-03,50.89
2067,2024-11-08,51.75
2067,2024-11-11,27.44
2067,2024-11-29,26.58
2067,2025-01-27,63.25
2067,2025-02-04,47.28
2067,2025-02-20,32.42
2067,2025-02-28,59.53
2067,2025-03-06,43.57
2067,2025-03-29,30.82
2067,2025-04-01,40.18
2067,2025-05-27,45.34
2067,2025-05-27,52.72
2067,2025-06-08,26.83
2067,2025-06-26,72.95
2067,2025-07-07,48.56
2067,2025-07-15,60.29
2067,2025-08-06,85.2
2067,2025-08-13,44.82
2067,2025-08-31,61.22
2067,2025-09-14,36.64
2067,2025-09-25,53.46
2067,2025-10-26,55.93
2067,2025-11-06,50.31
2067,2025-11-30,45.8
2067,2025-12-04,94.89
2067,2025-12-08,55.19
2067,2025-12-17,56.17
2068,2024-01-31,10.67
2069,2024-02-02,19.85
2069,2024-02-04,16.84
2069,2024-03-29,9.62
2070,2024-05-12,108.93
2070,2024-06-20,150.07
2070,2024-07-18,92.01
2070,2024-08-22,101.95
2070,2024-12-22,100.93
2070,2025-01-27,57.3
2070,2025-02-14,43.62
2070,2025-05-05,49.97
2070,2025-05-06,69.74
2070,2025-08-01,91.34
2070,2025-08-20,47.57
2070,2025-12-23,89.11
2071,2024-05-01,56.74
2071,2025-02-23,92.54
2072,2024-06-01,49.3
2072,2024-09-25,24.14
2072,2024-09-25,30.78
2072,2024-10-07,33.48
2072,2024-11-02,52.63
2072,2025-01-20,34.5
2072,2025-06-08,20.35
2072,2025-06-18,38.17
2072,2025-07-29,46.54
2073,2024-05-31,22.08
2073,2024-08-20,37.92
2073,2024-12-19,13.26
2073,2025-01-05,20.03
2073,2025-06-17,21.51
2073,2025-08-13,19.86
2073,2025-08-23,24.44
2073,2025-09-26,20.3
2073,2025-11-07,27.66
2073,2025-11-10,12.59
2073,2025-11-20,22.6
2074,2024-06-04,12.03
2075,2024-01-28,28.33
2075,2024-02-09,16.27
2076,2024-06-24,45.8
2077,2024-03-12,11.54
2078,2024-04-25,19.24
2078,2024-04-25,53.16
2078,2024-05-01,24.73
2078,2024-05-18,20.62
2078,2024-06-14,54.43
2078,2024-07-17,14.15
2078,2024-08-05,26.7
2078,2024-08-14,29.3
2078,2024-08-21,23.76
2078,2024-08-25,22.75
2078,2024-08-30,32.61
2078,2024-09-09,25.1
2078,2024-09-11,24.4
2078,2024-09-19,46.55
2078,2024-11-05,16.32
2078,2024-11-08,17.57
2078,2024-11-08,62.61
2078,2024-11-24,20.97
2078,2024-12-31,15.54
2078,2025-02-04,14.3
2078,2025-02-22,35.74
2078,2025-03-03,14.54
2078,2025-03-19,23.17
2078,2025-04-19,9.28
2078,2025-04-23,22.58
2078,2025-05-08,24.27
2078,2025-05-28,46.5
2078,2025-05-28,18.96
2078,2025-05-31,22.76
2078,2025-07-10,29.02
2078,2025-07-12,45.89
2078,2025-07-18,25.36
2078,2025-11-20,40.14
2078,2025-12-09,24.6
2078,2025-12-13,18.22
2078,2025-12-25,37.93
2079,2024-01-15,28.55
2079,2024-05-23,29.77
2079,2024-06-10,13.06
2080,2024-05-10,10.67
2080,2024-05-14,7.61
2080,2024-05-22,14.63
2080,2024-06-04,6.72
2080,2024-06-22,20.41
2081,2024-05-28,34.89
2081,2024-06-02,80.84
2081,2024-06-10,55.0
2081,2024-06-26,29.46
2081,2024-08-24,44.76
2081,2024-08-30,61.72
2081,2024-08-30,35.2
2081,2024-09-17,71.4
2081,2025-01-04,46.14
2081,2025-01-06,95.48
2081,2025-02-04,77.04
2081,2025-02-06,72.91
2081,2025-04-24,63.08
2081,2025-05-07,50.95
2081,2025-05-13,48.92
2081,2025-07-13,89.54
2081,2025-07-29,71.46
2081,2025-09-25,71.79
2081,2025-09-28,62.36
2081,2025-09-30,41.87
2081,2025-10-15,42.71
2082,2024-06-17,56.47
2082,2024-07-06,14.41
2082,2024-09-22,13.14
2082,2024-11-11,12.48
2082,2024-11-12,29.13
2083,2024-03-11,10.13
2083,2024-09-19,31.58
2084,2024-06-20,10.19
2085,2024-02-13,27.88
2085,2024-03-09,19.45
2086,2024-01-02,83.86
2086,2024-09-28,56.52
2086,2024-10-29,82.91
2086,2024-12-22,142.79
2087,2024-05-09,23.66
2088,2024-05-14,21.91
2088,2024-07-06,20.89
2088,2024-07-12,34.46
2088,2024-07-18,11.87
2088,2024-08-27,17.16
2088,2025-03-06,25.0
2088,2025-03-25,16.56
2088,2025-03-26,8.92
2088,2025-08-26,29.31
2089,2024-05-20,96.31
2090,2024-04-30,25.61
2090,2024-05-05,22.93
2090,2024-05-30,11.06
2091,2024-02-07,42.29
2091,2024-02-07,56.32
2091,2024-02-07,66.52
2091,2024-02-21,67.26
2091,2024-02-26,46.26
2091,2024-02-28,52.39
2091,2024-03-02,66.5
2091,2024-03-12,37.48
2091,2024-03-14,70.86
2091,2024-03-17,28.55
2091,2024-03-31,75.47
2091,2024-04-07,23.58
2091,2024-04-11,29.38
2092,2024-06-04,26.15
2092,2024-06-22,21.7
2093,2024-04-03,15.42
2093,2024-04-08,11.04
2093,2024-04-14,13.13
2093,2024-05-04,19.13
2093,2024-05-11,22.05
2093,2024-05-13,14.04
2094,2024-02-09,58.11
2094,2024-02-20,49.04
2094,2024-02-22,80.39
2094,2024-03-04,87.67
2094,2024-03-04,48.13
2094,2024-03-27,51.75
2094,2024-03-27,39.57
2094,2024-04-06,55.6
2094,2024-04-24,100.6
2094,2024-06-23,80.28
2094,2024-07-27,52.29
2094,2024-08-09,48.21
2094,2024-09-05,63.4
2094,2024-10-02,76.48
2094,2024-11-05,22.23
2094,2024-11-27,26.15
2094,2024-12-13,53.02
2094,2024-12-31,99.81
2094,2025-01-05,38.41
2094,2025-02-24,42.4
2094,2025-02-28,60.72
2094,2025-03-03,67.74
2094,2025-03-14,36.3
2094,2025-03-18,121.77
2094,2025-05-04,44.19
2094,2025-05-20,54.19
2094,2025-06-20,65.0
2094,2025-07-10,49.79
2094,2025-08-10,65.56
2094,2025-09-01,38.77
2094,2025-10-25,111.27
2094,2025-11-06,70.72
2094,2025-12-12,74.05
2095,2024-03-11,28.97
2095,2024-04-07,13.94
2095,2024-05-01,20.35
2095,2024-05-17,25.77
2095,2024-07-25,25.25
2095,2024-08-07,16.05
2095,2024-09-10,28.52
2095,2024-09-11,9.22
2095,2024-11-13,14.42
2095,2024-11-25,10.25
2095,2024-12-12,10.64
2095,2024-12-13,11.7
2095,2025-01-18,11.92
2095,2025-03-03,14.19
2095,2025-04-21,10.52
2095,2025-05-05,9.86
2095,2025-06-04,10.21
2095,2025-07-01,16.96
2095,2025-07-27,21.58
2095,2025-08-23,11.65
2095,2025-11-02,16.26
2095,2025-12-20,20.28
2096,2024-05-15,19.6
2096,2024-11-25,25.13
2096,2025-01-14,35.38
2096,2025-07-02,21.06
2097,2024-04-17,17.39
2098,2024-06-11,16.08
2099,2024-03-20,17.78
2100,2024-01-12,20.83
2101,2024-06-23,68.19
2102,2024-02-15,13.85
2103,2024-03-08,57.57
2104,2024-03-27,3.04
2104,2024-04-06,33.13
2104,2024-04-11,11.13
2104,2024-04-30,16.83
2105,2024-04-17,14.07
2105,2024-05-13,18.46
2105,2024-05-22,13.63
2106,2024-06-08,28.18
2106,2024-06-25,16.52
2106,2024-07-05,11.22
2106,2024-07-18,19.06
2106,2024-09-13,21.8
2107,2024-03-21,8.67
2107,2024-05-03,43.16
2108,2024-06-13,25.79
2108,2024-09-19,33.08
2108,2025-03-11,27.85
2108,2025-04-04,32.81
2108,2025-04-27,18.84
2108,2025-06-25,16.84
2108,2025-09-16,37.35
2108,2025-12-06,29.32
2109,2024-03-01,23.46
2110,2024-03-04,14.62
2111,2024-04-30,19.13
2111,2024-08-24,33.48
2112,2024-06-22,8.57
2112,2024-08-29,15.35
2113,2024-01-18,33.77
2114,2024-06-08,19.22
2115,2024-05-21,8.9
2116,2024-02-26,14.26
2116,2024-02-27,20.83
2117,2024-05-05,51.31
2117,2024-05-06,35.22
2117,2024-05-10,37.22
2117,2024-05-11,24.66
2117,2024-05-15,65.37
2117,2024-05-19,41.51
2117,2024-05-25,30.68
2117,2024-06-07,50.6
2117,2024-06-10,42.81
2117,2024-06-11,36.11
2117,2024-06-14,28.58
2117,2024-06-23,22.09
2117,2024-06-26,16.51
2117,2024-07-03,54.16
2117,2024-07-15,24.9
2117,2024-07-25,37.88
2117,2024-07-25,28.22
2117,2024-08-30,20.0
2117,2024-09-07,14.75
2117,2024-09-14,31.92
2117,2024-09-17,14.99
2117,2024-09-24,49.49
2117,2024-09-27,17.47
2117,2024-10-17,52.29
2117,2024-10-29,32.49
2117,2024-10-30,47.75
2117,2024-11-19,31.44
2117,2024-11-26,26.29
2117,2024-12-01,42.68
2117,2024-12-07,26.73
2117,2024-12-20,19.49
2117,2024-12-29,34.38
2117,2025-01-06,19.47
2117,2025-01-12,16.28
2117,2025-01-13,33.31
2117,2025-01-15,21.2
2117,2025-01-22,27.22
2117,2025-01-30,21.52
2117,2025-02-03,39.06
2117,2025-02-11,47.27
2117,2025-02-14,34.82
2117,2025-02-27,74.99
2117,2025-03-14,27.5
2117,2025-04-14,34.79
2117,2025-04-15,20.11
2117,2025-04-18,20.28
2117,2025-04-20,17.41
2117,2025-04-26,27.89
2117,2025-04-28,42.51
2117,2025-05-02,36.92
2117,2025-05-13,39.99
2117,2025-05-14,7.04
2117,2025-05-23,30.86
2117,2025-05-29,21.46
2117,2025-06-05,20.74
2117,2025-06-10,26.59
2117,2025-06-12,17.9
2117,2025-07-01,33.44
2117,2025-07-03,58.09
2117,2025-07-08,34.2
2117,2025-07-29,34.18
2117,2025-08-06,35.1
2117,2025-08-17,54.19
2117,2025-08-23,34.11
2117,2025-09-03,30.83
2117,2025-09-05,14.1
2117,2025-09-10,19.56
2117,2025-09-11,20.44
2117,2025-09-11,26.81
2117,2025-09-21,68.69
2117,2025-09-24,23.7
2117,2025-09-28,24.86
2117,2025-10-10,28.51
2117,2025-10-14,45.33
2117,2025-10-27,31.81
2117,2025-11-20,40.17
2117,2025-11-22,53.67
2117,2025-11-26,54.34
2117,2025-12-01,35.93
2117,2025-12-08,44.24
2117,2025-12-17,26.82
2118,2024-06-18,16.98
2118,2024-07-17,18.85
2118,2024-09-02,9.46
2119,2024-06-02,22.75
2119,2024-09-26,44.93
2120,2024-01-25,61.83
2121,2024-01-30,38.64
2122,2024-02-21,7.83
2123,2024-02-21,34.64
2123,2024-02-28,51.16
2123,2024-03-18,35.27
2123,2024-03-21,72.97
2123,2024-04-27,51.93
2123,2024-05-10,63.28
2123,2024-06-24,27.52
2123,2024-07-09,54.47
2123,2024-07-19,15.66
2123,2024-08-01,59.22
2123,2024-08-15,28.05
2123,2024-08-26,37.85
2123,2024-10-04,46.84
2123,2024-10-07,45.04
2123,2024-10-21,38.82
2123,2024-10-26,81.38
2123,2024-10-27,40.34
2123,2024-11-12,37.25
2123,2024-12-10,60.39
2123,2024-12-11,26.13
2123,2024-12-13,42.58
2123,2025-01-20,32.73
2123,2025-01-21,39.76
2123,2025-01-31,25.18
2123,2025-02-14,58.36
2123,2025-02-27,67.25
2123,2025-04-12,35.38
2123,2025-05-02,46.78
2123,2025-05-19,43.18
2123,2025-06-04,23.86
2123,2025-07-02,76.54
2123,2025-07-25,22.9
2123,2025-08-24,34.28
2123,2025-08-26,67.42
2123,2025-08-31,91.88
2123,2025-10-20,88.1
2123,2025-11-26,18.48
2124,2024-04-20,50.15
2124,2024-04-30,19.15
2124,2024-05-28,13.97
2124,2024-06-12,14.21
2124,2024-06-24,18.37
2124,2024-07-03,28.91
2124,2024-07-09,19.53
2124,2024-07-19,28.27
2124,2024-07-28,10.07
2124,2024-08-22,15.89
2124,2024-10-23,17.63
2124,2024-11-10,9.88
2124,2024-12-03,33.01
2124,2025-01-22,20.06
2124,2025-02-01,22.4
2124,2025-03-17,42.01
2124,2025-04-13,14.01
2124,2025-04-22,10.87
2124,2025-06-02,12.36
2124,2025-06-10,15.15
2124,2025-06-21,21.53
2124,2025-09-18,23.62
2124,2025-09-28,21.71
2124,2025-10-20,20.09
2124,2025-10-25,14.38
2125,2024-05-03,12.84
2126,2024-01-23,15.21
2127,2024-01-20,51.91
2127,2024-01-28,47.47
2127,2024-01-30,39.36
2127,2024-01-31,10.03
2127,2024-02-14,14.7
2127,2024-02-19,30.23
2127,2024-02-28,15.49
2127,2024-04-05,40.05
2127,2024-04-30,8.69
2127,2024-05-02,13.26
2127,2024-05-09,32.22
2127,2024-05-11,20.99
2127,2024-06-12,14.62
2127,2024-07-13,28.04
2127,2024-07-14,22.23
2127,2024-08-11,46.75
2127,2024-08-14,9.71
2127,2024-09-02,42.22
2127,2024-09-15,31.14
2127,2024-10-01,22.53
2127,2024-10-04,5.84
2127,2024-12-04,38.6
2127,2024-12-07,13.01
2127,2024-12-10,30.56
2127,2024-12-12,31.26
2127,2024-12-12,25.46
2127,2025-01-03,27.25
2127,2025-02-13,29.23
2127,2025-02-18,26.3
2127,2025-03-06,20.89
2127,2025-03-10,35.63
2127,2025-03-15,18.88
2127,2025-04-13,36.31
2127,2025-04-30,23.02
2127,2025-05-01,20.78
2127,2025-06-14,40.58
2127,2025-07-29,16.44
2127,2025-08-04,19.57
2127,2025-08-14,68.17
2127,2025-08-20,29.81
2127,2025-09-02,20.07
2127,2025-09-13,26.95
2127,2025-09-16,32.52
2127,2025-09-21,32.61
2127,2025-11-17,17.67
2127,2025-12-05,19.58
2127,2025-12-09,20.23
2127,2025-12-26,42.8
2128,2024-03-23,17.69
2128,2024-04-20,36.65
2129,2024-05-18,7.45
2129,2025-04-01,6.55
2130,2024-05-22,35.53
2130,2024-05-26,35.11
2130,2024-06-18,18.54
2130,2024-07-19,27.59
2130,2024-08-24,40.63
2130,2024-09-27,84.54
2130,2024-12-06,35.16
2130,2024-12-20,22.18
2130,2025-02-27,24.84
2130,2025-03-31,38.7
2130,2025-05-31,32.21
2130,2025-06-27,20.17
2130,2025-09-09,42.37
2131,2024-02-18,20.22
2131,2024-02-19,14.15
2131,2024-04-11,19.42
2131,2024-06-12,5.16
2131,2024-07-07,6.83
2131,2024-07-22,26.32
2131,2024-07-27,17.47
2131,2024-08-10,15.6
2132,2024-01-21,33.7
2132,2024-01-24,16.04
2132,2024-07-17,39.1
2132,2024-09-10,33.47
2132,2024-12-21,17.92
2132,2025-03-17,38.32
2133,2024-06-09,46.73
2134,2024-05-10,17.09
2135,2024-06-06,9.93
2135,2024-06-10,12.23
2135,2024-06-22,19.25
2135,2024-06-23,19.01
2135,2024-07-01,16.53
2135,2024-07-07,12.01
2135,2024-07-09,14.69
2135,2024-07-10,29.49
2135,2024-07-10,14.75
2135,2024-07-13,15.82
2135,2024-07-14,16.1
2135,2024-07-28,19.41
2135,2024-07-30,14.33
2135,2024-08-01,11.46
2135,2024-08-11,21.59
2135,2024-08-11,11.8
2135,2024-08-13,15.17
2135,2024-08-16,26.27
2135,2024-09-09,10.27
2135,2024-09-16,10.16
2135,2024-09-22,10.72
2135,2024-09-26,14.89
2135,2024-10-03,4.28
2135,2024-10-11,27.75
2135,2024-10-11,9.23
2135,2024-10-14,26.09
2135,2024-10-15,11.22
2135,2024-10-16,22.09
2135,2024-10-26,10.1
2135,2024-11-03,27.01
2135,2024-11-23,17.79
2135,2024-12-11,11.47
2135,2024-12-13,14.98
2135,2025-01-03,19.77
2135,2025-01-05,18.62
2135,2025-01-05,19.58
2135,2025-01-15,13.16
2135,2025-01-15,8.05
2135,2025-01-18,26.62
2135,2025-01-22,14.15
2135,2025-01-23,18.97
2135,2025-01-24,19.85
2135,2025-01-27,12.75
2135,2025-01-28,12.68
2135,2025-02-04,6.39
2135,2025-02-06,18.87
2135,2025-02-06,19.45
2135,2025-02-07,14.7
2135,2025-02-09,30.98
2135,2025-02-12,18.0
2135,2025-02-18,8.9
2135,2025-02-22,11.3
2135,2025-02-26,24.68
2135,2025-03-02,5.12
2135,2025-03-11,33.81
2135,2025-03-27,19.44
2135,2025-04-04,13.36
2135,2025-04-10,8.66
2135,2025-04-20,13.13
2135,2025-04-21,16.56
2135,2025-04-30,5.47
2135,2025-05-14,11.08
2135,2025-05-18,28.33
2135,2025-05-21,42.99
2135,2025-05-25,19.05
2135,2025-06-08,8.13
2135,2025-06-15,28.01
2135,2025-06-21,23.66
2135,2025-06-25,14.18
2135,2025-06-28,13.99
2135,2025-07-12,10.87
2135,2025-07-18,27.59
2135,2025-07-19,27.08
2135,2025-07-25,9.07
2135,2025-07-27,18.57
2135,2025-08-06,13.23
2135,2025-08-10,28.51
2135,2025-08-13,25.22
2135,2025-08-17,22.12
2135,2025-08-20,13.24
2135,2025-08-23,16.81
2135,2025-08-23,20.69
2135,2025-08-24,11.28
2135,2025-08-27,16.62
2135,2025-08-29,15.57
2135,2025-09-09,9.96
2135,2025-09-10,25.12
2135,2025-09-18,11.01
2135,2025-09-30,28.65
2135,2025-10-06,10.41
2135,2025-10-07,18.25
2135,2025-10-08,26.98
2135,2025-10-12,16.08
2135,2025-10-17,25.25
2135,2025-10-19,20.09
2135,2025-10-20,17.87
2135,2025-10-20,19.29
2135,2025-10-29,27.81
2135,2025-10-29,11.64
2135,2025-11-01,11.84
2135,2025-11-02,16.78
2135,2025-11-09,21.55
2135,2025-11-18,9.69
2135,2025-11-23,28.78
2135,2025-12-02,9.58
2135,2025-12-08,22.17
2135,2025-12-09,22.39
2135,2025-12-11,27.69
2135,2025-12-12,15.71
2135,2025-12-17,31.37
2135,2025-12-20,26.57
2135,2025-12-28,9.63
2136,2024-06-09,36.26
2136,2024-08-04,17.17
2136,2024-10-06,44.76
2136,2024-11-05,66.19
2136,2024-11-25,23.91
2136,2025-03-01,69.19
2136,2025-04-27,30.02
2136,2025-05-05,53.94
2136,2025-08-03,94.2
2136,2025-09-29,45.93
2136,2025-11-20,16.43
2137,2024-02-09,39.94
2138,2024-06-13,25.44
2139,2024-05-13,17.51
2140,2024-05-22,21.53
2141,2024-03-26,15.08
2142,2024-05-03,14.3
2142,2024-05-14,29.65
2142,2024-05-16,32.79
2142,2024-07-22,18.08
2142,2024-08-04,46.59
2142,2024-09-05,19.15
2142,2024-12-06,14.15
2142,2024-12-12,28.24
2142,2025-01-01,17.4
2142,2025-01-29,36.74
2142,2025-02-02,37.64
2142,2025-03-01,41.76
2142,2025-03-05,27.56
2142,2025-03-28,16.1
2143,2024-03-26,58.19
2144,2024-05-23,29.13
2144,2025-01-08,10.34
2144,2025-07-22,24.71
2144,2025-10-14,17.51
2145,2024-05-16,133.71
2145,2024-07-07,118.16
2145,2024-07-14,77.71
2145,2024-10-19,264.75
2145,2025-11-29,60.88
2146,2024-01-23,56.67
2146,2024-01-26,85.32
2146,2024-02-09,20.29
2146,2024-02-10,52.1
2146,2024-02-19,65.89
2146,2024-02-25,22.9
2146,2024-03-09,80.51
2146,2024-03-27,61.65
2146,2024-03-28,32.73
2146,2024-04-16,71.0
2146,2024-04-20,55.29
2146,2024-04-20,33.12
2146,2024-04-22,41.98
2146,2024-04-24,59.05
2146,2024-05-19,48.63
2146,2024-06-18,33.23
2146,2024-06-21,70.64
2146,2024-06-25,73.58
2146,2024-06-27,60.28
2146,2024-07-01,50.32
2146,2024-08-03,47.83
2146,2024-08-28,48.41
2146,2024-08-28,14.82
2146,2024-09-19,63.4
2146,2024-09-27,42.74
2146,2024-10-01,76.18
2146,2024-10-15,35.41
2146,2024-10-25,100.7
2146,2024-10-29,55.09
2146,2024-11-04,51.86
2146,2024-11-29,38.16
2146,2024-12-04,32.42
2146,2024-12-16,82.93
2146,2025-01-17,47.82
2146,2025-01-18,59.57
2146,2025-02-07,63.74
2146,2025-02-11,77.14
2146,2025-02-19,51.48
2146,2025-02-26,68.81
2146,2025-02-28,51.54
2146,2025-03-18,41.26
2146,2025-03-25,45.6
2146,2025-04-06,68.04
2146,2025-04-08,27.15
2146,2025-05-05,70.04
2146,2025-05-18,64.34
2146,2025-05-31,38.23
2146,2025-07-01,86.83
2146,2025-08-01,38.37
2146,2025-08-11,59.42
2146,2025-08-12,44.18
2146,2025-08-19,36.82
2146,2025-08-29,28.09
2146,2025-09-08,55.18
2146,2025-09-10,37.98
2146,2025-09-19,37.85
2146,2025-10-11,55.83
2146,2025-10-15,31.64
2146,2025-10-18,33.72
2146,2025-11-18,69.76
2146,2025-12-01,69.22
2146,2025-12-12,41.77
2147,2024-05-20,12.79
2148,2024-04-12,15.7
2148,2024-04-16,20.43
2148,2024-05-10,15.38
2148,2024-06-16,21.51
2148,2024-06-21,11.42
2148,2024-08-06,23.99
2148,2024-08-17,18.81
2148,2024-09-08,16.03
2148,2024-09-14,18.05
2148,2024-09-22,9.22
2148,2024-10-06,13.15
2148,2024-10-08,17.91
2149,2024-01-02,19.92
2149,2024-01-14,10.18
2149,2024-03-23,10.49
2149,2024-05-10,12.46
2149,2024-09-15,13.57
2149,2024-10-27,31.07
2149,2025-02-25,16.83
2149,2025-08-10,18.29
2149,2025-09-09,18.0
2150,2024-06-23,20.96
2150,2024-07-12,15.44
2150,2024-07-26,19.62
2150,2024-08-23,11.37
2150,2024-09-12,18.0
2150,2024-09-22,20.31
2150,2024-10-19,11.93
2150,2024-10-28,20.9
2151,2024-05-01,36.94
2151,2024-08-16,38.75
2151,2024-08-29,67.09
2151,2025-06-04,35.56
2151,2025-11-01,34.24
2151,2025-12-11,69.3
2152,2024-06-23,145.46
2152,2024-08-12,35.54
2152,2024-08-20,55.88
2152,2024-10-05,148.37
2152,2024-10-07,128.64
2152,2024-10-21,41.44
2152,2024-10-24,87.16
2152,2024-11-03,65.57
2152,2024-12-24,49.79
2152,2024-12-26,78.2
2152,2024-12-27,80.88
2152,2025-01-02,53.32
2152,2025-01-05,19.05
2152,2025-03-27,42.76
2152,2025-04-03,57.94
2152,2025-04-19,42.53
2152,2025-04-21,47.54
2152,2025-07-07,62.29
2152,2025-08-03,78.4
2152,2025-08-16,76.23
2152,2025-08-30,62.6
2152,2025-11-02,98.16
2152,2025-11-10,59.27
2152,2025-11-24,114.0
2153,2024-03-20,21.69
2153,2024-03-24,65.51
2153,2024-03-29,30.15
2153,2024-03-29,19.93
2153,2024-03-30,24.3
2153,2024-04-04,18.11
2153,2024-05-05,12.09
2153,2024-05-09,20.85
2153,2024-05-17,11.41
2153,2024-05-25,31.01
2153,2024-05-25,12.13
2153,2024-05-26,20.76
2153,2024-05-31,22.39
2153,2024-06-06,22.54
2153,2024-06-25,11.35
2153,2024-06-26,7.61
2153,2024-06-29,25.25
2153,2024-07-10,12.93
2153,2024-07-15,16.83
2153,2024-07-19,9.05
2153,2024-07-29,24.46
2153,2024-08-19,37.55
2153,2024-08-19,31.04
2153,2024-08-28,27.87
2153,2024-09-06,7.07
2153,2024-09-10,15.53
2153,2024-09-12,21.94
2153,2024-09-19,41.84
2153,2024-09-23,18.83
2153,2024-09-26,17.02
2153,2024-09-29,35.6
2153,2024-10-10,10.63
2153,2024-10-12,27.3
2153,2024-10-17,52.81
2153,2024-10-19,20.18
2153,2024-10-19,7.89
2153,2024-10-20,12.43
2153,2024-10-21,37.81
2153,2024-10-23,12.79
2153,2024-10-23,20.14
2153,2024-10-24,41.62
2153,2024-10-28,7.32
2153,2024-10-31,20.65
2153,2024-11-03,15.41
2153,2024-11-09,25.28
2153,2024-11-10,24.39
2153,2024-11-16,34.96
2153,2024-11-22,28.07
2153,2024-11-23,44.56
2153,2024-11-25,33.05
2153,2024-11-26,20.39
2153,2024-11-27,20.67
2153,2024-12-02,25.01
2153,2024-12-02,30.29
2153,2024-12-05,20.68
2153,2024-12-06,22.94
2153,2024-12-09,45.74
2153,2024-12-17,35.37
2153,2024-12-28,24.28
2153,2025-01-08,25.67
2153,2025-01-11,17.27
2153,2025-01-19,18.26
2153,2025-01-29,27.32
2153,2025-02-02,14.76
2153,2025-02-06,18.4
2153,2025-02-16,43.09
2153,2025-02-25,22.63
2153,2025-03-09,32.99
2153,2025-03-18,15.17
2153,2025-04-14,13.52
2153,2025-04-22,23.62
2153,2025-04-28,16.31
2153,2025-05-11,20.01
2153,2025-05-17,24.82
2153,2025-05-17,34.33
2153,2025-05-26,13.94
2153,2025-05-30,12.74
2153,2025-06-19,9.51
2153,2025-06-20,25.24
2153,2025-06-21,36.99
2153,2025-06-22,20.83
2153,2025-06-24,23.22
2153,2025-06-24,20.13
2153,2025-07-05,12.96
2153,2025-07-10,20.58
2153,2025-07-15,19.94
2153,2025-07-24,27.96
2153,2025-07-26,15.48
2153,2025-08-14,27.65
2153,2025-08-14,18.91
2153,2025-08-27,23.63
2153,2025-08-28,18.86
2153,2025-08-30,29.14
2153,2025-09-05,13.71
2153,2025-09-07,9.82
2153,2025-09-09,20.83
2153,2025-09-23,22.54
2153,2025-10-03,26.56
2153,2025-10-11,17.23
2153,2025-10-15,44.92
2153,2025-10-17,12.81
2153,2025-10-24,14.44
2153,2025-11-14,26.64
2153,2025-12-02,14.9
2153,2025-12-04,29.93
2153,2025-12-06,26.15
2153,2025-12-20,42.72
2153,2025-12-25,17.63
2153,2025-12-25,20.63
2154,2024-04-18,52.63
2155,2024-04-28,13.51
2156,2024-04-21,18.04
2157,2024-03-19,25.6
2157,2024-03-28,57.75
2157,2024-06-15,29.76
2157,2024-07-10,27.61
2157,2024-08-21,57.94
2157,2024-08-24,37.38
2157,2024-09-04,26.47
2157,2024-09-27,36.4
2157,2024-10-08,46.38
2157,2024-10-27,25.41
2157,2024-10-31,59.48
2157,2024-12-17,39.18
2157,2025-01-30,41.66
2157,2025-02-03,45.46
2157,2025-04-12,48.17
2157,2025-05-13,33.53
2157,2025-05-16,33.67
2157,2025-05-28,7.78
2157,2025-06-19,20.78
2157,2025-07-12,16.59
2158,2024-04-18,18.08
2158,2024-05-03,18.06
2158,2024-06-03,30.45
2158,2024-06-13,29.25
2159,2024-02-20,56.1
2160,2024-03-21,11.87
2160,2024-03-29,22.4
2160,2024-04-24,20.48
2160,2024-04-28,7.15
2160,2024-04-28,8.37
2160,2024-05-04,11.84
2160,2024-05-05,8.82
2160,2024-05-09,25.19
2160,2024-05-15,16.06
2160,2024-05-16,12.08
2160,2024-05-16,15.05
2160,2024-05-24,11.06
2160,2024-06-19,19.61
2160,2024-07-14,11.28
2160,2024-07-17,6.23
2160,2024-07-24,18.22
2160,2024-07-28,20.12
2160,2024-07-31,15.16
2160,2024-08-02,14.54
2160,2024-08-03,13.92
2160,2024-08-06,9.69
2160,2024-08-09,14.61
2160,2024-08-11,15.25
2160,2024-08-19,18.27
2160,2024-08-31,14.16
2160,2024-09-01,10.48
2160,2024-09-10,21.68
2160,2024-09-12,14.04
2160,2024-09-13,23.6
2160,2024-09-17,10.8
2160,2024-09-21,18.17
2160,2024-09-30,21.82
2160,2024-10-02,18.61
2160,2024-10-17,12.77
2160,2024-10-26,11.31
2160,2024-10-29,20.46
2160,2024-10-29,15.36
2160,2024-10-31,17.35
2160,2024-11-01,13.28
2160,2024-11-08,8.81
2160,2024-11-21,30.64
2160,2024-11-25,21.24
2160,2024-11-25,7.84
2160,2024-12-01,16.22
2160,2024-12-03,14.84
2160,2024-12-09,13.2
2160,2024-12-15,21.98
2160,2025-01-06,13.38
2160,2025-01-08,17.55
2160,2025-01-12,12.73
2160,2025-01-19,12.31
2160,2025-02-11,14.54
2160,2025-02-22,10.36
2160,2025-03-17,21.41
2160,2025-03-19,20.87
2160,2025-03-30,12.09
2160,2025-04-10,17.39
2160,2025-04-12,13.86
2160,2025-04-17,9.84
2160,2025-04-26,11.86
2160,2025-04-27,6.55
2160,2025-04-28,14.95
2160,2025-05-02,10.32
2160,2025-05-05,19.59
2160,2025-05-09,35.89
2160,2025-05-26,10.94
2160,2025-05-27,15.18
2160,2025-05-27,30.0
2160,2025-05-30,11.15
2160,2025-06-14,23.98
2160,2025-06-18,8.52
2160,2025-06-18,14.91
2160,2025-07-12,30.74
2160,2025-07-13,20.1
2160,2025-07-17,20.6
2160,2025-08-02,11.67
2160,2025-08-04,36.28
2160,2025-08-08,26.99
2160,2025-08-10,20.28
2160,2025-08-13,18.79
2160,2025-08-14,22.24
2160,2025-08-15,6.66
2160,2025-09-01,10.2
2160,2025-09-03,24.41
2160,2025-09-10,17.22
2160,2025-09-20,9.55
2160,2025-09-23,10.06
2160,2025-10-03,22.56
2160,2025-10-03,18.29
2160,2025-10-16,12.79
2160,2025-10-23,7.92
2160,2025-10-26,12.36
2160,2025-10-30,10.63
2160,2025-10-30,17.93
2160,2025-11-03,15.63
2160,2025-11-06,22.22
2160,2025-11-07,11.25
2160,2025-11-07,14.7
2160,2025-11-21,11.68
2160,2025-11-25,12.71
2160,2025-11-26,16.59
2160,2025-12-08,14.39
2160,2025-12-20,11.14
2160,2025-12-27,10.41
2161,2024-06-14,32.04
2162,2024-02-22,22.94
2162,2025-05-17,43.05
2163,2024-06-14,19.03
2163,2024-07-18,18.11
2164,2024-02-14,28.09
2165,2024-02-29,91.3
2165,2024-04-13,88.5
2166,2024-03-26,40.44
2166,2024-04-27,117.31
2166,2024-08-11,45.76
2166,2024-10-07,95.84
2166,2024-10-21,141.45
2166,2024-11-01,106.45
2166,2024-12-18,70.01
2166,2025-01-12,123.38
2166,2025-05-02,75.27
2167,2024-05-21,16.13
2167,2024-08-24,12.37
2167,2024-11-07,15.09
2167,2024-11-10,27.36
2167,2024-12-20,18.65
2167,2024-12-26,16.31
2167,2024-12-27,14.8
2167,2025-01-04,32.27
2167,2025-01-25,15.59
2167,2025-02-22,20.18
2167,2025-03-10,6.89
2167,2025-03-14,5.88
2167,2025-06-28,13.49
2167,2025-11-17,26.96
2167,2025-12-09,40.99
2168,2024-02-09,18.85
2168,2025-03-14,16.96
2169,2024-01-29,26.89
2170,2024-02-12,40.27
2170,2024-03-03,41.54
2170,2024-03-06,26.44
2171,2024-03-22,64.16
2172,2024-01-16,7.22
2173,2024-03-31,42.09
2174,2024-03-22,32.68
2174,2024-07-23,21.96
2175,2024-02-09,9.91
2176,2024-04-18,68.43
2176,2024-06-11,79.09
2176,2024-09-02,95.41
2176,2025-02-26,55.28
2176,2025-03-07,80.96
2176,2025-10-11,114.1
2177,2024-05-22,13.46
2177,2024-07-16,12.93
2177,2024-08-08,12.71
2177,2024-08-09,19.25
2177,2024-08-31,10.54
2177,2025-02-26,14.0
2177,2025-04-01,26.92
2177,2025-04-08,11.59
2177,2025-05-19,19.14
2177,2025-06-15,21.06
2177,2025-08-30,20.24
2177,2025-10-24,35.06
2178,2024-04-04,20.33
2179,2024-01-17,29.71
2180,2024-01-27,42.83
2180,2024-03-29,42.93
2180,2024-05-07,29.36
2180,2024-07-14,44.77
2180,2024-07-19,48.53
2180,2024-07-23,27.77
2180,2024-08-06,41.62
2180,2024-11-13,34.9
2180,2025-01-29,33.62
2180,2025-03-19,37.31
2180,2025-03-23,54.76
2180,2025-04-25,68.83
2180,2025-06-01,41.35
2180,2025-06-18,34.77
2180,2025-07-07,35.58
2180,2025-07-24,32.74
2180,2025-11-06,25.68
2181,2024-06-15,25.06
2182,2024-05-31,7.93
2182,2024-07-01,17.95
2182,2024-07-11,21.28
2182,2024-07-18,10.14
2183,2024-06-10,13.45
2183,2024-06-17,15.61
2183,2024-07-05,7.8
2184,2024-05-03,25.96
2184,2024-05-04,31.33
2184,2024-06-25,26.32
2184,2024-06-26,23.92
2184,2024-06-27,11.72
2185,2024-06-27,14.41
2185,2024-07-02,36.28
2185,2024-07-23,10.12
2185,2024-12-06,28.52
2185,2025-09-10,57.54
2186,2024-04-23,15.02
2186,2024-09-03,11.37
2187,2024-03-08,12.28
2187,2025-04-04,16.71
2187,2025-06-24,18.73
2187,2025-11-27,26.11
2188,2024-02-06,8.27
2189,2024-06-10,43.42
2190,2024-05-13,21.03
2191,2024-04-04,31.77
2191,2024-04-17,20.91
2191,2024-05-15,21.47
2191,2024-06-10,28.69
2192,2024-05-08,10.28
2192,2024-09-12,14.68
2192,2024-10-02,9.91
2192,2025-05-17,13.12
2192,2025-06-07,7.8
2192,2025-09-17,7.48
2193,2024-05-15,40.61
2193,2024-08-03,71.88
2193,2024-12-30,30.3
2193,2025-06-22,37.45
2193,2025-07-06,44.2
2193,2025-08-14,29.95
2194,2024-03-19,41.41
2195,2024-05-06,18.62
2195,2024-06-10,11.4
2195,2024-06-15,5.35
2195,2024-06-19,10.21
2196,2024-05-05,20.06
2196,2024-05-10,10.96
2196,2024-05-22,13.36
2196,2024-06-01,18.3
2196,2024-06-04,12.68
2196,2024-07-04,8.82
2196,2024-07-29,27.37
2196,2024-08-31,9.92
2196,2024-09-03,15.87
2197,2024-01-26,7.16
2197,2024-01-27,16.81
2197,2024-05-28,16.66
2197,2024-06-30,16.08
2197,2024-10-02,11.83
2198,2024-02-15,40.0
2198,2024-03-16,78.62
2198,2024-03-20,119.62
2198,2024-03-22,61.0
2198,2024-04-03,56.85
2198,2024-05-26,38.45
2198,2024-06-16,84.24
2198,2024-08-15,64.43
2198,2024-09-10,74.15
2198,2024-11-02,21.87
2198,2025-03-07,30.78
2198,2025-08-11,45.66
2198,2025-12-15,67.57
2199,2024-04-10,13.66
2199,2024-05-29,4.61
2199,2024-06-23,11.81
2200,2024-04-13,19.46
2200,2024-04-18,32.52
2200,2024-05-02,5.0
2200,2024-05-08,23.12
2200,2024-06-02,43.67
2200,2024-06-21,21.14
2200,2024-06-26,25.66
2200,2024-08-18,23.91
2201,2024-04-18,32.14
2201,2024-05-01,40.11
2201,2024-05-15,23.48
2201,2024-06-01,19.4
2201,2024-06-15,25.49
2201,2024-06-22,9.77
2201,2024-07-01,17.21
2201,2024-07-02,25.44
2201,2024-07-04,4.54
2201,2024-07-31,25.72
2201,2024-08-08,22.95
2201,2024-08-22,16.37
2201,2024-08-24,10.57
2201,2024-09-20,22.63
2201,2024-09-25,19.6
2201,2024-10-02,22.12
2201,2024-10-13,23.68
2201,2024-11-29,15.98
2201,2024-12-08,9.41
2201,2024-12-14,24.09
2201,2024-12-18,16.96
2201,2024-12-26,25.96
2201,2024-12-31,15.86
2201,2025-01-22,10.33
2201,2025-02-19,9.76
2201,2025-03-21,23.57
2201,2025-03-24,38.17
2201,2025-03-25,35.48
2201,2025-03-27,12.19
2201,2025-04-24,16.04
2201,2025-05-12,15.5
2201,2025-05-13,18.39
2201,2025-05-23,33.71
2201,2025-05-28,22.97
2201,2025-05-29,10.09
2201,2025-05-31,17.06
2201,2025-06-11,11.29
2201,2025-06-18,18.62
2201,2025-06-27,47.51
2201,2025-07-06,14.35
2201,2025-07-12,31.83
2201,2025-07-17,15.64
2202,2024-03-15,10.54
2202,2024-03-19,13.59
2202,2024-03-24,42.88
2202,2024-04-02,16.92
2202,2024-04-14,49.5
2202,2024-04-20,29.32
2203,2024-05-13,19.15
2204,2024-03-29,14.31
2204,2024-04-14,16.72
2204,2024-04-29,6.31
2204,2024-06-05,11.35
2204,2024-06-07,10.32
2204,2024-07-20,26.93
2204,2024-08-20,11.85
2204,2024-09-10,18.39
2204,2024-10-04,8.86
2204,2024-10-14,14.73
2204,2024-10-17,12.76
2204,2024-11-05,22.41
2204,2024-11-13,9.62
2204,2024-12-12,5.57
2204,2024-12-14,13.6
2204,2024-12-15,14.7
2204,2024-12-28,14.0
2204,2025-01-04,12.02
2204,2025-02-12,14.04
2204,2025-02-12,13.59
2204,2025-03-04,8.81
2204,2025-03-22,9.54
2204,2025-05-07,8.02
2204,2025-05-30,15.05
2204,2025-06-11,15.75
2204,2025-06-12,18.13
2204,2025-06-19,11.2
2204,2025-07-12,19.32
2204,2025-07-25,11.39
2204,2025-07-25,20.16
2204,2025-07-26,18.29
2204,2025-08-18,13.38
2204,2025-08-20,12.66
2204,2025-09-03,8.48
2204,2025-10-12,7.54
2204,2025-10-15,21.6
2204,2025-11-09,10.38
2204,2025-11-09,22.12
2204,2025-11-14,5.74
2204,2025-11-16,19.76
2204,2025-11-25,20.78
2204,2025-11-26,12.05
2204,2025-12-10,10.06
2204,2025-12-21,7.31
2205,2024-04-22,52.56
2205,2024-11-17,62.42
2205,2024-11-24,48.43
2205,2025-02-06,42.82
2205,2025-07-19,33.73
2205,2025-08-02,29.97
2205,2025-10-01,30.98
2206,2024-03-29,5.94
2207,2024-04-21,12.91
2207,2024-05-03,19.41
2207,2024-06-14,5.23
2207,2024-07-18,6.6
2207,2025-01-29,38.69
2207,2025-02-15,20.79
2207,2025-05-22,5.09
2208,2024-03-14,33.12
2208,2024-04-28,35.6
2208,2024-06-24,42.77
2208,2024-07-18,19.45
2208,2024-10-30,32.56
2208,2025-01-02,27.07
2208,2025-02-12,34.48
2208,2025-02-16,31.8
2208,2025-02-22,47.66
2208,2025-03-31,22.95
2208,2025-05-29,49.61
2208,2025-06-04,40.35
2208,2025-06-24,29.93
2208,2025-07-18,49.96
2209,2024-01-02,7.75
2209,2024-02-04,11.07
2210,2024-02-13,17.44
2210,2024-05-21,16.15
2210,2024-06-12,15.84
2210,2024-10-11,22.19
2211,2024-01-23,49.0
2211,2024-02-13,87.1
2211,2024-02-19,118.82
2211,2024-02-26,99.94
2211,2024-03-22,66.29
2211,2024-03-24,130.28
2211,2024-03-24,88.32
2211,2024-06-21,125.13
2211,2024-12-29,86.24
2211,2025-01-19,115.53
2211,2025-02-19,85.99
2211,2025-04-05,165.71
2211,2025-05-28,78.33
2211,2025-07-28,56.12
2211,2025-08-12,77.79
2211,2025-08-13,214.53
2211,2025-08-16,75.44
2211,2025-09-05,48.81
2211,2025-09-26,55.71
2211,2025-10-11,167.9
2211,2025-11-12,108.52
2212,2024-03-21,6.19
2212,2024-03-22,20.8
2212,2024-04-12,30.99
2212,2024-06-19,16.55
2212,2024-07-09,8.13
2212,2024-10-14,7.57
2212,2025-03-23,19.6
2212,2025-04-19,34.58
2212,2025-10-27,29.32
2213,2024-03-18,29.76
2213,2024-04-21,16.11
2213,2024-04-29,13.28
2213,2024-05-28,18.02
2214,2024-05-14,50.08
2214,2024-06-22,20.27
2214,2024-08-09,24.17
2215,2024-04-27,26.7
2215,2024-05-15,46.26
2215,2024-09-19,26.59
2216,2024-04-21,22.52
2217,2024-05-23,19.92
2218,2024-04-17,28.26
2219,2024-02-14,73.65
2219,2024-02-22,22.23
2219,2024-04-24,24.71
2219,2024-05-03,32.39
2219,2024-05-19,44.11
2219,2024-06-03,9.85
2219,2024-06-23,22.56
2219,2024-06-23,30.81
2219,2024-07-07,47.35
2219,2024-07-10,42.93
2219,2024-07-19,32.21
2219,2024-08-02,37.63
2219,2024-08-29,27.69
2219,2024-12-18,31.36
2219,2025-02-09,24.94
2219,2025-02-17,42.42
2219,2025-03-10,24.16
2219,2025-04-08,28.79
2219,2025-05-20,54.51
2219,2025-06-28,27.12
2219,2025-07-22,28.86
2219,2025-08-18,24.59
2219,2025-08-20,34.31
2219,2025-09-17,17.1
2219,2025-09-22,26.79
2219,2025-09-23,41.03
2219,2025-10-14,28.49
2219,2025-10-26,40.19
2219,2025-11-20,34.87
2219,2025-11-25,24.62
2220,2024-03-21,11.82
2221,2024-04-09,14.9
2221,2024-05-17,68.46
2221,2024-05-20,44.82
2221,2024-07-11,14.47
2221,2024-07-19,33.4
2221,2024-10-12,42.88
2221,2024-11-23,9.18
2221,2025-01-22,29.78
2221,2025-03-26,32.25
2221,2025-04-15,20.02
2221,2025-06-16,22.08
2221,2025-09-02,33.05
2222,2024-06-11,30.26
2223,2024-03-11,7.07
2223,2024-12-13,9.88
2223,2025-08-30,13.4
2223,2025-11-05,15.36
2223,2025-12-24,10.74
2224,2024-02-10,23.79
2224,2024-04-04,20.63
2224,2024-04-22,11.59
2224,2024-04-23,21.97
2224,2024-05-12,34.1
2224,2024-05-18,36.92
2224,2024-05-21,13.83
2225,2024-01-13,23.26
2225,2024-01-14,26.14
2225,2024-05-26,7.21
2226,2024-05-13,60.0
2226,2024-05-25,34.93
2226,2024-05-30,43.7
2226,2024-06-08,53.05
2226,2024-06-10,8.5
2226,2024-06-14,58.23
2226,2024-07-13,30.86
2226,2024-07-26,80.96
2226,2024-07-27,26.45
2226,2024-07-29,43.78
2226,2024-08-03,59.12
2226,2024-08-03,34.24
2226,2024-08-08,25.66
2226,2024-08-10,60.96
2226,2024-08-10,51.79
2226,2024-10-25,67.01
2226,2024-10-27,30.68
2226,2024-11-09,50.23
2226,2024-11-10,38.14
2226,2024-11-11,37.93
2226,2024-12-02,59.1
2226,2024-12-07,47.28
2227,2024-05-07,26.63
2227,2024-05-07,7.51
2227,2024-05-23,23.38
2227,2024-06-02,19.35
2227,2024-06-21,15.54
2227,2024-07-06,11.15
2227,2024-07-16,17.72
2227,2024-07-27,28.84
2227,2024-08-02,16.74
2227,2024-08-08,13.26
2227,2024-08-15,22.93
2227,2024-09-27,13.4
2227,2024-10-10,9.15
2227,2024-10-12,12.06
2227,2024-10-19,16.75
2227,2024-10-26,20.87
2228,2024-03-18,8.71
2229,2024-01-08,18.22
2229,2024-01-09,60.89
2229,2024-01-15,62.89
2229,2024-01-15,71.18
2229,2024-01-17,67.01
2229,2024-01-23,44.83
2229,2024-01-31,62.35
2229,2024-02-03,50.68
2229,2024-02-04,89.01
2229,2024-02-12,35.07
2229,2024-02-28,66.9
2229,2024-03-20,31.7
2229,2024-03-21,16.34
2229,2024-04-07,48.19
2229,2024-04-11,45.87
2229,2024-04-14,45.84
2229,2024-04-16,53.82
2229,2024-04-24,47.41
2229,2024-04-25,40.99
2229,2024-04-26,57.37
2229,2024-05-04,41.28
2229,2024-05-25,42.8
2229,2024-06-09,73.35
2229,2024-06-10,29.27
2229,2024-06-11,24.66
2229,2024-06-11,33.24
2229,2024-06-13,31.06
2229,2024-07-20,55.17
2229,2024-07-22,50.36
2229,2024-07-26,23.36
2229,2024-07-27,32.74
2229,2024-08-18,48.17
2229,2024-08-31,19.76
2229,2024-09-18,16.21
2229,2024-09-23,43.2
2229,2024-09-26,23.35
2229,2024-10-24,25.53
2229,2024-10-24,36.08
2229,2024-11-08,57.89
2229,2024-11-08,40.52
2229,2024-11-13,38.6
2229,2024-11-16,35.77
2229,2024-11-17,36.54
2229,2024-11-30,21.67
2229,2024-12-02,37.55
2229,2024-12-06,67.59
2229,2024-12-17,46.17
2230,2024-01-02,7.82
2230,2025-10-01,27.31
2231,2024-05-12,19.92
2232,2024-03-12,9.7
2232,2024-03-13,5.43
2232,2024-04-22,14.35
2232,2024-04-23,14.31
2232,2024-04-30,12.75
2232,2024-04-30,13.93
2232,2024-05-31,22.36
2232,2024-07-16,40.72
2232,2024-08-05,12.1
2232,2024-09-14,23.22
2232,2024-09-27,12.37
2232,2024-10-12,17.4
2232,2024-10-29,15.46
2232,2024-11-21,22.95
2232,2024-12-03,14.45
2232,2024-12-16,12.48
2232,2025-01-08,18.37
2232,2025-01-28,23.65
2232,2025-02-23,10.0
2232,2025-03-01,19.29
2232,2025-04-20,8.52
2232,2025-05-14,17.34
2232,2025-05-29,15.75
2232,2025-07-20,17.27
2232,2025-07-30,6.61
2232,2025-08-13,12.33
2232,2025-08-15,11.32
2232,2025-09-22,31.97
2232,2025-11-05,26.46
2232,2025-11-22,13.03
2232,2025-12-24,12.34
2232,2025-12-26,10.24
2233,2024-02-22,30.08
2234,2024-04-24,27.36
2234,2024-04-28,61.67
2234,2024-04-28,27.35
2234,2024-05-05,70.49
2234,2024-05-13,18.02
2234,2024-05-18,16.69
2234,2024-05-18,52.69
2234,2024-05-28,80.24
2235,2024-01-02,37.96
2235,2024-04-25,35.47
2235,2024-07-01,16.88
2235,2024-07-05,6.45
2235,2024-08-14,36.84
2235,2024-09-07,33.18
2235,2024-09-28,61.26
2235,2024-10-06,41.24
2235,2024-11-12,9.33
2235,2024-12-16,16.03
2235,2024-12-17,27.93
2235,2025-01-02,35.82
2235,2025-01-22,39.24
2235,2025-01-25,42.8
2235,2025-02-15,17.23
2235,2025-02-18,27.9
2236,2024-06-26,27.64
2237,2024-06-28,9.02
2238,2024-06-05,71.5
2238,2024-06-28,34.67
2238,2025-01-11,69.6
2238,2025-06-18,52.76
2239,2024-01-16,25.74
2239,2024-01-24,15.54
2239,2024-03-03,45.24
2239,2024-03-09,34.28
2239,2024-04-22,44.8
2239,2024-05-04,48.94
2239,2024-06-17,21.03
2239,2024-06-24,35.18
2239,2024-07-06,11.94
2239,2024-09-01,30.88
2239,2024-09-20,11.62
2239,2024-10-26,20.12
2239,2024-11-15,40.81
2239,2024-12-30,23.29
2239,2025-01-13,12.37
2239,2025-01-25,23.54
2239,2025-02-02,54.0
2239,2025-03-05,16.69
2240,2024-05-26,24.38
2240,2024-06-05,10.7
2240,2024-06-10,52.94
2241,2024-06-30,14.35
2241,2025-06-17,17.3
2242,2024-06-24,18.68
2242,2024-08-15,21.9
2242,2024-12-25,27.94
2242,2025-06-20,21.15
2242,2025-10-01,17.94
2243,2024-05-07,32.27
2243,2024-05-08,32.88
2244,2024-04-17,11.61
2245,2024-05-03,21.15
2245,2024-05-04,15.59
2245,2024-05-06,14.52
2245,2024-05-17,19.12
2245,2024-05-23,49.48
2245,2024-06-23,27.38
2245,2024-07-02,15.39
2246,2024-01-03,33.85
2246,2024-01-31,39.54
2246,2024-03-08,27.03
2246,2024-03-19,19.55
2247,2024-05-28,15.6
2247,2024-06-02,6.87
2247,2024-07-11,19.77
2248,2024-02-13,76.71
2249,2024-03-25,23.29
2250,2024-05-29,12.21
2250,2024-06-01,29.85
2250,2024-09-09,17.59
2250,2024-09-11,11.83
2250,2024-11-03,12.64
2250,2025-01-18,28.32
2250,2025-03-06,17.39
2251,2024-01-03,16.31
2251,2024-01-26,10.77
2251,2024-01-27,18.7
2252,2024-03-07,7.74
2252,2024-04-26,8.07
2252,2024-05-13,7.04
2252,2024-05-15,5.71
2252,2024-07-06,6.13
2252,2024-07-08,10.94
2252,2024-07-11,5.6
2253,2024-03-11,22.44
2253,2024-06-20,28.74
2253,2024-09-23,25.58
2254,2024-05-27,21.6
2255,2024-06-04,82.74
2255,2024-08-27,85.94
2256,2024-03-05,37.55
2257,2024-01-20,120.34
2257,2024-03-12,101.44
2257,2024-04-23,98.36
2257,2024-05-01,47.31
2257,2024-05-31,192.51
2257,2024-06-19,47.78
2257,2024-09-05,84.32
2257,2024-09-08,64.42
2257,2025-04-14,83.95
2257,2025-05-16,72.04
2257,2025-06-09,85.22
2257,2025-06-30,73.95
2257,2025-09-01,178.79
2257,2025-09-24,104.57
2257,2025-09-26,87.65
2257,2025-11-03,181.41
2257,2025-11-17,105.87
2257,2025-12-02,125.11
2258,2024-02-10,20.2
2258,2024-02-18,41.48
2258,2024-03-29,5.91
2258,2024-05-17,28.35
2258,2024-05-25,15.48
2258,2024-07-31,21.52
2258,2024-08-16,30.85
2258,2024-10-21,12.91
2258,2024-11-20,41.89
2258,2024-11-27,35.64
2258,2024-12-01,16.13
2258,2025-01-07,35.08
2258,2025-03-03,15.15
2258,2025-03-09,12.54
2258,2025-04-06,29.6
2258,2025-04-19,24.7
2258,2025-05-14,40.77
2258,2025-07-05,42.47
2258,2025-07-11,26.88
2258,2025-10-10,35.15
2258,2025-10-17,42.27
2258,2025-10-22,6.03
2258,2025-11-17,34.87
2258,2025-12-02,21.99
2258,2025-12-17,18.53
2258,2025-12-20,12.83
2259,2024-01-28,32.93
2259,2025-03-25,23.98
2259,2025-10-07,33.17
2259,2025-11-10,27.99
2260,2024-03-06,34.73
2261,2024-04-03,37.28
2262,2024-02-04,27.89
2263,2024-01-17,14.18
2263,2024-02-06,31.76
2263,2024-05-24,6.04
2263,2024-05-25,20.78
2263,2024-06-13,25.83
2263,2024-07-17,34.12
2263,2024-09-30,18.09
2264,2024-01-27,49.1
2264,2024-03-08,56.2
2264,2024-04-20,154.83
2264,2024-06-16,63.69
2264,2024-07-13,92.44
2264,2024-08-11,49.76
2264,2024-10-05,71.23
2264,2024-10-28,46.71
2264,2025-01-26,93.11
2265,2024-04-19,28.46
2266,2024-03-23,21.8
2266,2024-04-02,28.23
2266,2024-08-27,14.35
2267,2024-06-05,21.43
2267,2024-06-10,9.68
2267,2024-06-17,20.53
2267,2024-07-16,8.43
2267,2024-08-11,12.88
2267,2024-08-17,7.89
2267,2024-08-27,22.42
2267,2024-09-01,12.61
2267,2024-12-09,11.07
2267,2025-01-12,18.89
2267,2025-01-17,5.89
2267,2025-03-05,14.37
2267,2025-04-01,6.49
2268,2024-06-26,31.3
2268,2025-01-21,21.85
2269,2024-02-05,19.24
2269,2024-02-26,30.45
2269,2024-05-21,58.33
2269,2024-06-09,47.75
2269,2024-06-26,46.55
2270,2024-06-19,9.05
2271,2024-04-09,26.31
2272,2024-05-18,23.97
2272,2024-05-31,12.24
2272,2024-06-07,7.58
2272,2024-07-28,9.61
2272,2024-09-20,17.22
2272,2024-09-28,27.1
2272,2024-10-19,13.82
2273,2024-01-13,13.31
2273,2024-01-26,56.94
2273,2024-01-28,27.29
2273,2024-02-22,20.14
2273,2024-03-05,23.39
2273,2024-03-31,22.19
2273,2024-04-06,37.16
2274,2024-05-16,5.51
2275,2024-05-11,19.71
2275,2024-06-05,20.05
2275,2024-06-28,15.1
2275,2024-06-29,20.45
2275,2024-06-30,9.24
2275,2024-07-12,7.87
2275,2024-08-03,9.96
2276,2024-04-27,15.58
2276,2024-05-23,26.82
2276,2024-05-29,36.69
2276,2024-09-21,27.36
2276,2024-10-02,54.63
2276,2025-02-25,13.89
2276,2025-03-18,20.24
2276,2025-04-08,19.11
2276,2025-06-16,21.54
2276,2025-08-24,20.71
2276,2025-11-15,19.77
2276,2025-12-11,40.9
2277,2024-03-17,75.7
2277,2024-10-03,63.21
2278,2024-05-12,46.56
2278,2024-09-22,42.56
2279,2024-03-30,20.82
2279,2024-05-24,24.88
2279,2024-05-29,29.66
2280,2024-03-04,105.1
2280,2024-03-16,30.27
2280,2024-06-06,71.28
2281,2024-02-21,27.49
2282,2024-06-08,39.56
2282,2024-12-18,14.14
2282,2025-04-15,23.28
2283,2024-04-02,2.9
2283,2024-04-12,14.03
2283,2024-04-28,9.11
2283,2024-05-08,10.44
2283,2024-06-17,8.39
2283,2024-07-07,10.36
2283,2024-07-11,10.94
2283,2024-07-21,19.17
2283,2024-07-27,4.1
2283,2024-08-03,16.76
2283,2024-08-10,21.33
2283,2024-08-12,11.46
2283,2024-09-04,6.4
2283,2024-09-11,8.1
2283,2024-09-12,14.35
2283,2024-10-02,15.87
2283,2024-10-05,14.41
2283,2024-11-08,11.0
2283,2024-11-14,7.65
2283,2024-12-04,12.6
2283,2024-12-18,10.98
2283,2024-12-21,13.33
2283,2024-12-22,16.28
2283,2025-01-13,10.08
2283,2025-01-14,11.13
2283,2025-01-20,10.55
2283,2025-02-08,10.56
2283,2025-02-20,11.49
2283,2025-02-25,9.32
2283,2025-03-16,18.52
2283,2025-04-04,8.21
2283,2025-04-23,2.64
2283,2025-05-25,8.8
2283,2025-06-20,9.75
2283,2025-06-29,13.3
2283,2025-07-05,13.25
2283,2025-07-09,8.92
2283,2025-08-08,11.13
2283,2025-08-13,4.91
2283,2025-09-02,12.33
2283,2025-10-02,10.65
2283,2025-10-11,9.58
2283,2025-10-28,4.51
2283,2025-11-05,5.75
2283,2025-11-08,9.35
2283,2025-11-25,8.84
2283,2025-12-01,18.49
2283,2025-12-10,11.4
2284,2024-05-22,38.7
2285,2024-06-05,55.3
2286,2024-05-22,18.82
2287,2024-05-08,22.52
2288,2024-03-20,56.31
2288,2024-05-12,53.88
2288,2024-07-14,65.55
2288,2024-09-19,65.13
2288,2024-10-13,48.3
2288,2024-10-15,27.48
2288,2024-11-23,43.17
2288,2025-01-20,48.07
2289,2024-04-02,11.4
2289,2024-04-27,9.17
2289,2024-06-04,3.74
2289,2024-06-13,10.48
2289,2024-06-26,5.96
2289,2024-08-15,13.84
2289,2024-08-15,14.76
2290,2024-03-15,13.9
2290,2024-04-15,11.79
2290,2024-04-20,7.69
2290,2024-04-24,16.96
2290,2024-05-12,15.43
2290,2024-06-12,15.84
2290,2024-06-12,6.5
2291,2024-02-24,8.2
2291,2024-03-06,13.59
2291,2024-03-18,10.91
2291,2024-05-05,14.65
2291,2024-05-12,26.76
2292,2024-06-07,16.91
2293,2024-03-09,39.49
2293,2024-03-29,51.27
2293,2024-04-04,122.32
2293,2024-05-17,81.32
2293,2024-05-28,93.87
2293,2024-05-30,49.13
2293,2024-08-23,76.01
2293,2024-10-29,63.03
2293,2024-11-20,35.16
2293,2024-11-23,74.45
2293,2024-12-24,66.95
2293,2025-03-08,97.7
2293,2025-03-12,51.99
2293,2025-04-14,82.37
2293,2025-06-21,48.74
2293,2025-06-29,108.74
2293,2025-07-05,52.39
2293,2025-08-05,83.86
2293,2025-08-16,18.72
2293,2025-09-09,101.23
2293,2025-09-23,19.35
2293,2025-09-26,88.74
2293,2025-10-06,29.14
2293,2025-10-09,82.31
2293,2025-10-27,28.21
2293,2025-12-06,183.4
2294,2024-06-18,27.79
2294,2024-07-20,33.77
2294,2024-08-02,37.88
2294,2024-08-07,42.29
2294,2024-10-13,29.75
2294,2024-11-05,27.43
2294,2024-11-28,12.26
2294,2024-12-10,50.01
2294,2024-12-26,43.51
2294,2025-01-04,39.21
2294,2025-01-14,31.17
2294,2025-01-19,47.72
2294,2025-01-29,26.91
2294,2025-03-09,29.92
2294,2025-04-16,13.82
2294,2025-05-13,40.57
2294,2025-05-21,31.29
2294,2025-05-23,34.76
2294,2025-06-10,19.56
2294,2025-07-15,26.83
2294,2025-07-22,27.65
2294,2025-08-04,59.57
2294,2025-08-21,19.46
2294,2025-08-30,49.08
2294,2025-08-30,31.11
2294,2025-09-26,29.23
2294,2025-10-30,32.38
2294,2025-11-09,21.03
2294,2025-11-30,33.37
2295,2024-06-15,19.28
2295,2024-06-26,6.98
2295,2024-06-26,10.59
2295,2024-08-05,12.95
2295,2024-08-09,17.29
2295,2024-08-19,25.07
2295,2024-08-29,24.04
2296,2024-06-09,18.8
2296,2024-06-09,18.67
2296,2024-07-05,7.89
2296,2024-09-13,40.85
2296,2024-11-24,17.41
2296,2025-03-10,11.14
2296,2025-04-24,32.36
2296,2025-05-13,14.62
2296,2025-07-01,9.29
2296,2025-12-10,23.37
2296,2025-12-17,37.33
2297,2024-05-14,19.72
2297,2024-06-08,17.32
2297,2025-10-20,11.26
2298,2024-04-09,20.55
2298,2024-05-25,27.26
2298,2024-12-08,16.32
2298,2025-01-24,8.36
2298,2025-03-16,11.58
2298,2025-07-17,11.75
2298,2025-09-07,10.84
2298,2025-09-23,18.5
2298,2025-10-31,15.75
2299,2024-02-12,36.76
2299,2024-03-06,66.69
2299,2024-04-16,29.0
2299,2024-04-28,64.03
2299,2024-05-21,71.17
2299,2024-08-31,24.04
2299,2024-09-22,16.48
2299,2024-10-17,70.15
2299,2024-10-25,46.43
2299,2024-12-20,50.89
2299,2024-12-29,73.3
2299,2025-01-05,45.19
2299,2025-01-10,44.28
2299,2025-01-30,35.36
2299,2025-04-01,57.95
2299,2025-04-21,48.65
2299,2025-05-10,101.29
2299,2025-05-29,35.1
2299,2025-11-02,32.2
2299,2025-11-08,36.51
2300,2024-01-29,6.44
2300,2024-03-22,8.03
2300,2024-04-18,13.43
2300,2024-04-21,9.85
2300,2024-04-21,7.44
2300,2024-07-25,13.17
2300,2024-11-04,6.81
2300,2025-03-03,10.14
2300,2025-05-02,5.47
2300,2025-05-04,12.59
2300,2025-05-23,5.57
2300,2025-07-30,9.37
2300,2025-11-19,9.06
2300,2025-11-22,4.78
2300,2025-12-17,12.51
2301,2024-05-17,31.49
2302,2024-04-16,39.57
2302,2024-04-21,32.69
2302,2024-05-14,43.71
2302,2024-06-21,10.38
2302,2024-07-30,33.87
2302,2024-08-13,30.32
2302,2024-08-20,20.06
2302,2024-11-14,32.37
2302,2024-11-23,11.38
2303,2024-05-11,38.36
2303,2024-05-25,31.58
2304,2024-02-11,14.14
2305,2024-05-31,71.71
2305,2024-06-27,56.08
2305,2024-06-29,38.81
2305,2024-07-01,39.44
2306,2024-06-08,38.9
2307,2024-05-04,16.05
2307,2024-10-17,16.4
2308,2024-06-20,93.33
2308,2024-08-07,20.85
2309,2024-01-22,44.06
2309,2024-05-09,51.63
2309,2025-07-12,50.42
2310,2024-04-16,36.85
2310,2024-07-13,41.4
2310,2024-08-18,52.43
2310,2025-01-09,68.42
2311,2024-04-17,19.36
2311,2024-06-10,70.8
2311,2025-06-03,82.94
2312,2024-04-29,26.46
2312,2024-12-29,23.67
2313,2024-01-11,26.55
2313,2024-01-11,21.04
2313,2024-01-28,26.14
2313,2024-01-31,21.01
2313,2024-02-06,14.49
2313,2024-02-19,19.69
2313,2024-03-05,19.15
2313,2024-03-13,21.12
2313,2024-04-04,17.83
2313,2024-04-05,10.97
2313,2024-04-22,16.98
2313,2024-05-09,43.26
2313,2024-05-20,24.42
2313,2024-06-04,34.07
2313,2024-06-05,8.47
2313,2024-08-21,13.32
2313,2024-09-01,14.98
2313,2024-09-07,23.93
2313,2024-10-14,45.9
2313,2024-10-27,26.95
2313,2024-11-08,11.46
2313,2024-11-12,18.12
2313,2024-11-21,19.33
2313,2024-12-03,10.29
2313,2024-12-27,33.08
2313,2025-02-01,37.04
2313,2025-02-09,23.97
2313,2025-02-15,5.13
2313,2025-02-24,29.55
2313,2025-03-26,25.2
2313,2025-04-19,8.33
2313,2025-05-11,27.17
2313,2025-05-22,12.52
2313,2025-05-29,12.14
2313,2025-07-01,12.38
2313,2025-08-20,12.85
2313,2025-11-17,13.78
2313,2025-11-26,33.9
2313,2025-12-22,46.69
2314,2024-01-28,64.51
2315,2024-04-06,32.05
2315,2024-04-06,47.82
2315,2024-06-16,37.96
2315,2024-08-17,23.64
2315,2024-08-18,38.94
2315,2024-08-25,15.7
2315,2024-08-31,31.15
2315,2024-09-02,23.26
2315,2024-09-14,10.17
2315,2024-09-30,31.36
2315,2025-01-28,23.23
2315,2025-02-05,25.86
2315,2025-02-16,14.21
2315,2025-02-27,19.5
2315,2025-03-18,26.0
2315,2025-04-10,47.41
2315,2025-04-16,34.83
2315,2025-04-17,24.87
2315,2025-05-04,71.41
2315,2025-05-17,43.0
2315,2025-05-24,26.95
2315,2025-09-08,57.62
2315,2025-09-18,34.86
2315,2025-10-05,37.41
2316,2024-02-13,23.92
2316,2024-03-08,13.08
2316,2024-03-09,14.29
2316,2024-04-02,20.11
2316,2024-05-19,21.89
2316,2024-05-24,17.19
2316,2024-07-02,10.91
2316,2024-07-08,19.74
2316,2024-08-05,20.13
2316,2024-08-06,20.43
2316,2024-08-12,18.76
2316,2024-08-31,24.08
2316,2024-09-02,16.14
2316,2024-09-21,18.94
2316,2024-10-06,13.97
2316,2024-10-15,10.74
2317,2024-01-10,22.77
2318,2024-06-11,14.51
2319,2024-05-23,20.25
2319,2024-07-07,20.57
2320,2024-05-26,14.53
2320,2024-07-06,13.63
2320,2024-09-04,8.77
2320,2024-09-08,7.74
2320,2024-10-07,15.63
2320,2025-01-14,13.39
2320,2025-03-16,8.08
2320,2025-04-14,16.57
2320,2025-04-15,6.12
2320,2025-04-24,12.15
2321,2024-02-29,14.8
2322,2024-05-22,57.1
2322,2024-07-24,31.47
2322,2024-07-30,27.24
2322,2024-08-05,49.44
2322,2025-02-26,75.53
2322,2025-03-19,39.88
2322,2025-04-10,45.99
2322,2025-05-04,47.16
2322,2025-06-17,62.19
2322,2025-08-01,28.22
2322,2025-08-07,33.77
2322,2025-11-07,47.98
2322,2025-11-11,33.67
2322,2025-11-25,48.62
2323,2024-06-19,69.49
2323,2024-07-31,59.65
2324,2024-01-13,61.55
2324,2024-01-16,14.21
2325,2024-05-01,32.82
2325,2025-02-28,23.77
2325,2025-08-17,17.7
2325,2025-10-25,16.84
2325,2025-11-28,24.66
2326,2024-01-31,11.07
2327,2024-06-01,37.94
2327,2024-09-03,12.79
2328,2024-05-03,51.06
2328,2025-08-22,33.85
2329,2024-05-02,10.88
2329,2024-06-02,32.77
2329,2024-06-12,25.7
2329,2024-06-18,18.43
2329,2024-07-05,30.51
2330,2024-05-07,32.84
2331,2024-03-17,10.83
2331,2024-05-12,15.9
2331,2024-06-03,13.68
2332,2024-03-10,19.16
2333,2024-01-02,10.87
2334,2024-02-28,25.28
2334,2024-02-28,18.21
2335,2024-04-29,33.37
2335,2024-06-15,29.0
2335,2024-10-05,54.13
2335,2025-03-21,31.7
2335,2025-09-17,25.98
2336,2024-04-17,30.41
2336,2024-06-08,21.44
2336,2024-08-14,23.08
2336,2024-09-11,29.19
2336,2025-03-22,31.62
2336,2025-10-19,18.25
2337,2024-06-14,33.72
2338,2024-01-18,54.8
2339,2024-06-07,25.34
2339,2024-06-11,13.69
2339,2024-07-25,13.24
2340,2024-03-05,18.39
2340,2024-03-14,6.0
2340,2024-04-03,16.11
2340,2024-04-07,20.02
2340,2024-06-11,8.43
2340,2024-06-16,19.1
2340,2024-06-22,20.16
2340,2024-10-24,9.04
2340,2024-10-25,10.87
2340,2024-11-24,23.15
2340,2024-12-04,12.15
2340,2025-01-08,15.14
2340,2025-01-21,11.13
2340,2025-06-01,18.2
2340,2025-06-18,15.17
2340,2025-06-24,17.02
2340,2025-08-09,19.84
2340,2025-09-14,18.08
2340,2025-10-18,11.96
2340,2025-12-11,18.72
2341,2024-06-21,26.23
2342,2024-04-03,31.15
2343,2024-04-22,11.96
2344,2024-02-12,31.79
2345,2024-03-10,50.65
2345,2024-08-30,65.55
2345,2025-02-26,52.6
2345,2025-08-26,53.34
2345,2025-11-25,75.04
2345,2025-11-27,34.48
2345,2025-12-11,45.78
2346,2024-01-09,19.47
2346,2024-01-22,14.19
2346,2024-01-26,12.87
2347,2024-05-12,48.85
2347,2024-11-18,8.42
2348,2024-04-08,28.22
2349,2024-06-30,8.34
2349,2024-07-27,12.56
2349,2024-10-07,18.31
2349,2024-11-06,19.49
2349,2024-11-25,13.36
2349,2025-01-07,14.98
2349,2025-01-16,20.72
2349,2025-08-03,7.26
2349,2025-10-14,25.3
2350,2024-02-10,17.95
2350,2024-03-10,49.36
2350,2024-03-10,30.45
2350,2024-04-10,45.54
2350,2024-04-22,43.27
2350,2024-05-03,18.73
2350,2024-05-26,41.39
2350,2024-07-07,49.66
2350,2024-09-06,36.28
2350,2024-09-06,20.64
2350,2024-10-12,33.74
2350,2024-10-21,45.82
2350,2024-10-21,58.75
2350,2024-11-11,63.27
2350,2025-03-23,41.39
2350,2025-04-11,9.77
2350,2025-06-18,18.15
2350,2025-07-15,36.46
2350,2025-07-28,62.3
2350,2025-09-24,46.93
2351,2024-01-06,8.08
2351,2024-01-13,15.42
2351,2024-02-07,15.55
2351,2024-05-21,8.08
2351,2024-08-04,12.54
2351,2024-08-15,19.97
2351,2024-10-04,32.53
2351,2024-10-27,25.3
2351,2024-12-10,21.97
2351,2025-01-09,12.72
2351,2025-03-07,22.9
2351,2025-04-27,31.93
2351,2025-05-02,14.51
2351,2025-06-01,10.0
2351,2025-06-29,16.71
2351,2025-09-13,8.4
2351,2025-09-22,19.64
2351,2025-10-08,18.35
2351,2025-10-09,9.43
2351,2025-10-25,25.84
2351,2025-10-27,14.21
2351,2025-12-15,15.67
2351,2025-12-19,16.5
2351,2025-12-23,36.78
2352,2024-03-17,16.76
2352,2025-08-08,22.34
2352,2025-08-09,28.47
2353,2024-02-03,9.46
2354,2024-01-28,32.71
2355,2024-06-05,13.75
2355,2024-07-13,10.75
2356,2024-04-20,9.95
2356,2024-11-30,8.57
2356,2024-12-09,9.3
2356,2024-12-18,9.09
2356,2025-02-05,26.05
2356,2025-04-19,14.2
2356,2025-07-01,8.17
2356,2025-08-02,12.58
2356,2025-08-23,10.0
2356,2025-11-09,5.8
2357,2024-05-28,20.53
2357,2024-10-21,31.0
2357,2024-12-07,28.56
2358,2024-02-19,27.15
2359,2024-06-02,24.44
2360,2024-02-08,3.98
2360,2024-02-29,6.19
2360,2024-03-13,15.51
2361,2024-03-19,53.01
2361,2024-10-08,21.05
2361,2025-01-30,26.45
2361,2025-07-31,47.66
2361,2025-09-03,68.9
2361,2025-09-15,37.41
2361,2025-12-04,46.87
2362,2024-06-27,70.9
2362,2024-09-30,46.95
2362,2024-10-18,32.62
2362,2024-10-20,106.54
2362,2024-12-15,74.03
2362,2024-12-19,36.12
2362,2025-12-04,50.3
2362,2025-12-07,35.84
2363,2024-01-18,25.87
2363,2024-03-07,9.72
2364,2024-01-25,29.97
2364,2024-03-31,15.51
2364,2024-04-13,19.5
2364,2024-04-20,33.46
2364,2024-05-23,64.92
2364,2024-06-14,13.04
2364,2024-06-16,12.91
2364,2024-06-25,38.19
2364,2024-08-24,33.41
2364,2024-09-14,33.97
2365,2024-05-16,17.05
2366,2024-06-18,12.25
2366,2024-06-26,10.96
2366,2024-06-27,8.09
2366,2024-07-14,9.74
2366,2024-10-02,7.39
2366,2024-10-05,11.91
2366,2024-10-06,15.01
2366,2024-10-25,5.81
2366,2024-11-10,4.17
2366,2024-11-26,7.56
2366,2024-11-26,3.84
2366,2024-12-23,3.12
2366,2025-01-05,13.22
2366,2025-01-15,6.95
2366,2025-02-05,5.21
2366,2025-02-27,6.96
2366,2025-03-03,4.57
2366,2025-03-14,22.93
2366,2025-06-21,6.27
2366,2025-07-05,8.5
2366,2025-07-17,6.98
2366,2025-08-07,9.94
2366,2025-09-04,6.44
2366,2025-10-13,8.19
2366,2025-10-14,13.59
2366,2025-10-22,10.33
2366,2025-10-31,4.79
2366,2025-11-11,9.45
2366,2025-11-19,3.11
2366,2025-11-28,7.01
2367,2024-03-11,11.66
2367,2024-04-14,8.7
2367,2025-03-10,9.0
2367,2025-03-16,36.72
2367,2025-09-30,12.61
2368,2024-03-24,7.43
2368,2024-04-10,25.47
2368,2024-04-15,8.66
2368,2024-05-01,12.38
2368,2024-05-05,17.06
2368,2024-05-13,15.24
2368,2024-05-22,27.86
2369,2024-04-15,50.89
2369,2024-07-20,60.05
2370,2024-04-23,4.96
2370,2024-05-23,13.96
2370,2024-07-26,6.73
2371,2024-04-07,68.94
2371,2024-04-20,42.06
2371,2024-04-25,34.53
2371,2024-05-09,77.05
2371,2024-05-11,49.42
2371,2024-05-15,45.28
2371,2024-06-10,32.26
2371,2024-07-28,32.59
2371,2024-10-23,19.1
2371,2024-10-28,38.71
2371,2024-10-31,55.69
2371,2024-11-14,37.09
2371,2024-12-01,48.65
2371,2024-12-06,42.82
2371,2024-12-06,42.44
2371,2025-01-01,79.26
2371,2025-01-08,57.84
2371,2025-01-13,53.48
2371,2025-01-14,30.01
2371,2025-02-11,33.45
2371,2025-02-23,35.92
2371,2025-03-01,88.15
2371,2025-03-06,48.51
2371,2025-04-07,75.52
2371,2025-04-15,34.04
2371,2025-04-29,51.42
2371,2025-07-02,70.44
2371,2025-07-20,80.91
2371,2025-07-27,34.48
2371,2025-08-26,21.8
2371,2025-08-28,44.75
2371,2025-09-12,67.58
2371,2025-10-21,86.95
2372,2024-06-07,23.03
2372,2024-09-20,17.46
2373,2024-01-07,35.55
2373,2024-04-09,67.56
2373,2024-06-12,25.28
2373,2024-09-27,17.01
2373,2024-11-22,16.92
2373,2024-12-12,43.41
2373,2025-01-27,23.06
2373,2025-02-26,35.4
2374,2024-03-20,8.6
2375,2024-04-09,87.5
2375,2024-04-11,88.75
2375,2024-11-07,67.61
2375,2025-09-03,106.99
2376,2024-04-16,16.4
2376,2025-04-13,10.93
2377,2024-01-31,10.46
2378,2024-01-11,9.03
2379,2024-02-11,19.94
2380,2024-06-28,34.41
2380,2024-08-01,34.96
2380,2024-08-26,21.97
2380,2024-10-30,31.52
2380,2024-12-11,24.75
2380,2024-12-22,57.85
2380,2025-02-01,14.96
2380,2025-02-12,32.05
2380,2025-02-24,14.48
2380,2025-03-10,18.39
2380,2025-05-10,17.12
2380,2025-06-23,28.52
2380,2025-06-30,24.47
2380,2025-07-24,33.59
2380,2025-08-29,33.99
2381,2024-01-19,57.87
2381,2024-04-17,34.43
2381,2024-06-02,50.53
2381,2024-08-07,12.58
2381,2024-08-07,36.38
2381,2024-08-23,43.18
2381,2024-08-29,70.61
2381,2024-10-25,35.92
2381,2024-12-13,68.28
2381,2024-12-19,21.59
2382,2024-01-01,14.26
2382,2024-08-26,22.47
2383,2024-03-03,26.39
2384,2024-06-19,13.93
2385,2024-02-27,14.73
2385,2024-04-02,54.45
2385,2024-04-10,32.39
2385,2024-05-02,51.4
2385,2024-05-18,66.12
2385,2025-01-05,32.92
2385,2025-02-23,31.38
2385,2025-03-10,33.27
2385,2025-05-30,22.2
2385,2025-07-20,26.32
2385,2025-09-20,15.9
2385,2025-10-20,33.64
2386,2024-03-27,20.66
2386,2024-06-05,27.11
2386,2024-12-31,23.57
2386,2025-02-25,13.1
2387,2024-04-25,17.61
2387,2024-05-11,27.04
2388,2024-05-23,13.45
2388,2024-06-30,20.52
2388,2024-08-04,34.5
2388,2024-09-22,27.53
2388,2024-10-01,15.66
2388,2024-10-07,10.57
2388,2024-10-07,26.76
2388,2024-12-05,18.52
2388,2025-03-07,19.16
2388,2025-03-20,11.5
2388,2025-06-03,32.48
2388,2025-07-04,39.25
2388,2025-08-25,36.06
2388,2025-10-08,28.76
2388,2025-10-12,13.43
2388,2025-12-08,10.84
2389,2024-01-05,18.97
2390,2024-05-01,88.22
2390,2024-05-15,80.04
2390,2024-05-22,86.79
2390,2024-05-27,41.52
2390,2024-06-25,28.44
2390,2024-06-25,25.33
2390,2024-06-29,25.84
2390,2024-07-30,64.99
2390,2024-08-02,34.06
2391,2024-05-22,25.9
2391,2024-09-19,17.31
2392,2024-05-07,15.81
2392,2024-05-14,25.01
2393,2024-03-12,10.28
2394,2024-05-13,12.47
2394,2024-05-29,18.95
2394,2025-01-22,16.14
2395,2024-06-08,25.17
2396,2024-02-10,29.7
2396,2024-02-20,10.37
2397,2024-05-05,19.97
2397,2024-06-02,44.58
2397,2024-06-08,82.36
2397,2024-07-14,40.06
2397,2024-08-26,22.75
2397,2024-09-24,41.26
2397,2024-09-24,18.2
2397,2024-10-13,27.32
2398,2024-04-19,14.03
2398,2024-04-26,21.91
2399,2024-04-06,10.67
2400,2024-02-11,23.14
2400,2024-07-23,17.6
2400,2024-09-15,47.68
2400,2025-01-21,30.99
2400,2025-03-15,22.15
2400,2025-05-09,23.66
2400,2025-12-21,20.98
2401,2024-05-31,34.0
2402,2024-01-09,20.72
2402,2024-01-16,9.55
2402,2024-01-17,13.29
2402,2024-01-23,23.35
2402,2024-01-25,19.93
2402,2024-03-14,14.64
2402,2024-03-15,23.32
2402,2024-04-09,19.38
2402,2024-04-09,4.53
2402,2024-04-23,21.86
2402,2024-05-21,3.83
2402,2024-05-27,18.09
2402,2024-05-28,20.09
2402,2024-05-30,8.75
2402,2024-06-05,22.09
2403,2024-06-02,32.31
2403,2024-06-09,50.65
2403,2024-08-04,27.78
2404,2024-02-25,17.99
2404,2024-02-25,35.12
2404,2024-02-28,22.5
2404,2024-03-29,31.4
2404,2024-06-03,24.28
2404,2024-06-07,20.64
2404,2024-06-21,22.06
2404,2024-06-27,25.76
2404,2024-07-04,28.25
2404,2024-07-15,27.15
2404,2024-07-23,43.16
2404,2024-08-02,10.13
2405,2024-02-01,11.0
2405,2024-07-21,6.24
2405,2025-12-17,5.24
2406,2024-02-29,30.22
2406,2024-03-30,23.83
2406,2024-04-02,46.26
2406,2024-09-19,60.55
2406,2024-10-14,22.93
2406,2024-11-20,58.87
2407,2024-05-17,22.8
2407,2024-06-09,12.78
2407,2024-07-03,11.81
2407,2024-07-18,10.85
2407,2024-08-06,14.1
2407,2024-09-21,5.49
2407,2024-10-05,11.72
2407,2024-10-08,10.22
2407,2024-12-02,21.38
2407,2025-01-03,6.39
2407,2025-01-11,9.65
2407,2025-01-19,7.11
2407,2025-03-03,8.41
2407,2025-03-27,12.99
2407,2025-10-15,7.91
2407,2025-11-02,16.37
2407,2025-11-06,5.48
2407,2025-11-24,4.98
2407,2025-12-02,10.14
2407,2025-12-10,11.55
2408,2024-06-26,40.58
2408,2024-07-20,32.27
2408,2024-12-21,55.55
2408,2025-04-25,38.19
2408,2025-06-29,60.95
2408,2025-07-13,29.32
2408,2025-10-24,44.15
2408,2025-11-12,25.09
2409,2024-05-19,25.28
2409,2024-08-27,22.81
2409,2024-08-28,31.78
2409,2024-09-03,32.55
2409,2024-09-08,24.02
2410,2024-02-09,14.97
2411,2024-01-23,30.13
2411,2024-01-23,19.25
2411,2024-02-24,9.05
2411,2024-03-24,29.85
2411,2024-06-05,19.21
2411,2024-06-19,35.38
2411,2024-07-14,33.82
2411,2024-07-15,33.82
2411,2024-08-26,37.34
2411,2024-08-31,46.99
2411,2024-09-08,56.78
2411,2024-09-17,14.93
2411,2024-10-09,36.93
2411,2024-10-28,22.41
2411,2024-11-11,28.85
2411,2024-11-16,24.02
2411,2025-02-04,20.15
2411,2025-02-17,39.8
2411,2025-04-28,21.58
2411,2025-05-02,34.83
2411,2025-07-31,13.56
2411,2025-09-03,30.8
2411,2025-09-23,12.78
2411,2025-09-28,26.47
2411,2025-10-28,13.8
2412,2024-01-06,11.63
2412,2024-01-12,21.59
2412,2024-01-15,12.75
2413,2024-06-05,20.16
2414,2024-06-10,16.92
2414,2024-06-28,13.87
2414,2024-07-16,21.79
2414,2024-07-17,11.62
2414,2024-07-27,20.52
2414,2024-08-15,16.59
2415,2024-05-11,61.31
2415,2024-05-22,58.51
2415,2024-08-06,42.44
2415,2024-10-16,61.38
2415,2024-10-27,46.01
2415,2025-01-21,38.74
2416,2024-03-31,26.36
2416,2024-10-25,19.13
2416,2025-02-01,17.66
2417,2024-06-22,117.05
2418,2024-01-17,18.09
2418,2024-02-04,39.61
2418,2024-04-13,66.87
2418,2024-04-15,24.65
2418,2024-04-21,19.22
2418,2024-06-24,42.72
2418,2024-09-08,15.85
2418,2024-10-02,29.68
2418,2024-10-30,20.0
2418,2024-11-15,22.34
2418,2024-11-27,20.06
2418,2024-12-15,25.12
2418,2025-01-28,26.9
2418,2025-04-07,18.5
2418,2025-05-24,43.01
2418,2025-06-06,25.11
2418,2025-06-18,25.63
2418,2025-08-18,16.49
2418,2025-11-28,24.93
2419,2024-04-05,40.95
2420,2024-02-10,25.08
2420,2024-02-14,24.03
2420,2024-02-18,15.29
2420,2024-02-29,39.88
2420,2024-03-01,14.1
2420,2024-03-20,24.37
2421,2024-04-25,31.16
2421,2024-06-11,12.05
2421,2025-05-07,32.61
2422,2024-06-26,22.81
2422,2024-07-25,22.53
2422,2024-07-28,22.66
2423,2024-01-27,8.29
2424,2024-02-03,22.1
2424,2025-05-13,36.57
2425,2024-03-12,31.75
2425,2024-04-07,28.56
2425,2024-04-16,34.33
2425,2024-05-06,65.18
2425,2024-05-07,44.72
2425,2024-05-31,55.68
2425,2024-06-16,27.2
2425,2024-06-29,55.1
2425,2024-07-12,21.92
2425,2024-07-16,21.38
2425,2024-07-20,47.43
2425,2024-07-23,35.0
2425,2024-08-12,48.28
2425,2024-08-30,45.92
2425,2024-09-02,52.37
2425,2024-09-15,24.76
2425,2024-09-20,76.48
2425,2024-09-23,66.81
2425,2024-09-25,47.38
2425,2024-10-12,32.04
2425,2024-10-29,39.28
2425,2024-10-30,73.98
2425,2024-11-24,16.4
2425,2024-11-25,14.53
2425,2024-12-06,27.45
2425,2024-12-24,26.81
2425,2025-01-04,43.59
2425,2025-02-02,22.18
2425,2025-02-16,37.63
2425,2025-02-26,40.63
2425,2025-03-05,48.04
2425,2025-03-18,45.26
2425,2025-03-28,71.32
2425,2025-04-25,25.39
2425,2025-05-05,25.37
2425,2025-05-07,10.51
2425,2025-06-13,16.41
2425,2025-06-16,108.35
2425,2025-06-17,30.44
2425,2025-08-02,36.89
2425,2025-08-04,36.49
2425,2025-09-10,39.26
2425,2025-09-19,40.65
2425,2025-09-19,36.5
2425,2025-10-09,34.6
2425,2025-10-22,37.41
2425,2025-10-31,27.2
2425,2025-11-08,93.28
2425,2025-11-13,73.77
2425,2025-11-17,123.79
2425,2025-11-20,76.77
2425,2025-11-27,57.33
2425,2025-12-10,19.15
2425,2025-12-18,32.94
2425,2025-12-19,44.32
2425,2025-12-23,49.33
2425,2025-12-25,18.0
2425,2025-12-28,20.58
2426,2024-03-10,18.82
2426,2024-04-08,32.77
2427,2024-05-28,14.17
2428,2024-06-12,19.15
2428,2024-07-22,17.96
2428,2024-10-01,10.28
2428,2024-10-29,45.13
2429,2024-05-19,19.28
2430,2024-06-25,13.47
2431,2024-03-08,24.96
2432,2024-06-27,21.12
2433,2024-01-16,26.7
2433,2024-02-19,14.31
2433,2024-04-05,18.15
2433,2024-06-15,14.14
2433,2024-07-28,7.67
2433,2024-08-20,30.32
2433,2025-02-23,23.5
2433,2025-09-05,17.69
2433,2025-10-23,15.13
2433,2025-10-31,22.99
2434,2024-01-14,21.04
2435,2024-02-13,30.23
2435,2024-03-11,18.13
2435,2024-03-26,12.19
2435,2024-05-15,12.01
2435,2024-05-27,39.61
2435,2024-07-20,39.59
2435,2024-07-27,17.27
2436,2024-01-07,26.89
2436,2024-02-05,21.57
2436,2024-02-06,10.7
2436,2024-02-12,36.01
2436,2024-02-15,14.77
2436,2024-03-17,6.13
2436,2024-07-09,28.89
2436,2024-07-11,31.47
2436,2024-08-22,15.05
2436,2024-09-30,35.7
2436,2024-12-05,9.43
2436,2025-01-28,24.7
2436,2025-05-27,11.06
2436,2025-06-01,33.76
2437,2024-06-15,13.66
2437,2024-08-07,36.03
2437,2024-08-27,35.47
2437,2024-11-23,44.73
2437,2025-01-03,35.54
2437,2025-01-23,23.99
2437,2025-02-19,17.19
2437,2025-04-23,14.66
2437,2025-05-20,35.66
2437,2025-06-28,15.1
2437,2025-07-15,26.93
2437,2025-07-22,30.04
2437,2025-09-08,22.51
2438,2024-06-06,10.41
2439,2024-02-21,17.98
2440,2024-05-28,42.84
2440,2024-06-02,39.11
2440,2024-07-11,35.54
2440,2024-09-26,39.83
2440,2024-09-29,34.45
2440,2024-10-05,29.19
2440,2024-10-07,25.84
2440,2024-10-14,52.09
2440,2024-11-03,30.21
2440,2024-11-10,19.5
2440,2024-11-15,37.82
2440,2024-12-18,44.18
2440,2025-01-02,15.59
2440,2025-02-19,24.1
2440,2025-03-20,37.11
2440,2025-03-25,56.93
2440,2025-03-25,39.76
2440,2025-05-28,45.86
2440,2025-06-15,33.02
2440,2025-07-15,26.1
2440,2025-07-27,8.54
2440,2025-07-30,31.31
2440,2025-09-27,29.97
2440,2025-11-25,35.78
2441,2024-06-08,27.83
2442,2024-02-18,56.21
2443,2024-03-01,27.2
2443,2024-07-02,84.49
2443,2024-08-06,16.77
2444,2024-02-10,19.46
2445,2024-03-22,36.22
2445,2024-04-30,40.51
2445,2024-07-10,16.13
2445,2024-11-09,33.08
2445,2025-01-10,33.59
2445,2025-02-15,46.85
2445,2025-03-02,37.46
2445,2025-09-16,42.38
2445,2025-09-25,22.37
2446,2024-01-06,36.0
2447,2024-05-28,23.45
2447,2024-06-03,14.58
2447,2024-06-24,16.38
2448,2024-04-24,12.04
2448,2024-04-25,24.92
2449,2024-06-30,14.37
2449,2024-07-18,40.21
2449,2024-07-28,23.21
2449,2024-07-29,36.25
2449,2024-08-16,45.44
2449,2024-08-27,40.33
2449,2024-09-02,36.24
2449,2024-09-14,40.18
2449,2024-09-16,35.55
2449,2024-10-25,28.29
2449,2024-10-28,44.05
2449,2024-12-04,24.93
2449,2025-01-03,26.48
2449,2025-01-05,26.9
2449,2025-01-07,35.79
2449,2025-02-02,24.41
2449,2025-02-05,26.16
2449,2025-02-10,14.49
2449,2025-02-22,22.83
2449,2025-03-11,22.44
2449,2025-04-09,21.37
2449,2025-04-20,35.49
2449,2025-04-21,42.17
2449,2025-04-25,63.56
2449,2025-05-05,31.9
2449,2025-05-11,29.47
2449,2025-05-20,22.16
2449,2025-05-22,10.61
2449,2025-07-08,35.84
2449,2025-07-09,19.28
2449,2025-07-21,41.37
2449,2025-07-29,20.45
2449,2025-08-13,56.18
2449,2025-09-08,23.33
2449,2025-09-08,19.23
2449,2025-09-16,30.63
2449,2025-10-29,28.68
2449,2025-11-10,32.26
2449,2025-11-17,10.66
2449,2025-11-29,19.31
2449,2025-12-12,22.57
2449,2025-12-19,20.5
2449,2025-12-26,29.25
2450,2024-03-25,32.54
2451,2024-04-19,11.61
2451,2024-04-29,12.79
2451,2024-05-16,21.12
2451,2024-05-21,30.59
2451,2024-06-24,19.43
2452,2024-06-12,23.81
2453,2024-02-17,17.49
2453,2024-03-06,15.34
2453,2024-03-08,23.85
2453,2024-03-13,18.22
2453,2024-04-26,21.33
2453,2024-06-02,21.64
2453,2024-07-17,30.68
2453,2024-07-18,12.97
2453,2024-10-07,9.9
2453,2024-12-26,16.0
2453,2025-03-17,17.83
2453,2025-04-07,27.27
2453,2025-04-18,17.5
2453,2025-05-05,11.12
2453,2025-05-06,18.69
2453,2025-05-12,15.52
2453,2025-05-26,10.57
2453,2025-05-28,21.0
2453,2025-05-31,10.4
2453,2025-06-16,26.78
2453,2025-07-05,18.32
2453,2025-07-09,24.98
2453,2025-07-11,16.47
2453,2025-08-01,17.69
2453,2025-08-06,12.06
2453,2025-08-22,43.2
2453,2025-09-24,23.46
2453,2025-09-29,10.37
2453,2025-09-30,8.08
2453,2025-11-14,20.06
2453,2025-11-18,22.05
2453,2025-11-29,25.71
2453,2025-12-04,15.84
2453,2025-12-20,18.95
2454,2024-03-14,29.38
2454,2024-06-30,19.73
2454,2024-10-07,15.75
2454,2024-12-06,21.72
2454,2025-01-06,20.78
2454,2025-06-02,16.47
2454,2025-06-23,15.3
2455,2024-02-26,17.93
2456,2024-04-08,26.46
2456,2024-04-12,33.27
2456,2024-04-13,14.47
2456,2024-04-23,12.57
2456,2024-04-29,27.01
2456,2024-05-05,11.04
2456,2024-05-10,39.23
2457,2024-05-09,11.51
2458,2024-03-31,33.12
2458,2024-04-25,7.39
2458,2024-04-28,56.8
2458,2024-06-10,9.33
2458,2024-06-21,15.05
2458,2024-06-22,71.63
2458,2024-07-25,29.14
2458,2024-07-29,30.79
2458,2024-10-30,33.55
2458,2025-01-28,28.21
2458,2025-02-02,51.17
2458,2025-02-02,45.22
2458,2025-02-07,18.73
2458,2025-02-12,32.89
2458,2025-02-21,47.34
2458,2025-02-28,25.94
2458,2025-03-25,20.4
2458,2025-04-04,45.97
2458,2025-04-18,23.89
2458,2025-06-06,35.66
2458,2025-06-22,23.03
2458,2025-06-25,12.29
2458,2025-08-07,21.82
2458,2025-09-24,30.58
2458,2025-10-13,15.57
2458,2025-10-22,34.51
2458,2025-10-23,28.28
2458,2025-10-28,39.71
2458,2025-12-17,21.57
2458,2025-12-21,29.11
2459,2024-06-28,15.02
2460,2024-03-11,34.22
2460,2024-03-19,55.35
2461,2024-03-04,17.97
2462,2024-03-13,15.49
2462,2025-04-18,7.49
2462,2025-05-04,23.54
2462,2025-06-13,15.09
2462,2025-06-25,24.71
2462,2025-09-16,16.88
2462,2025-10-21,6.65
2463,2024-03-10,32.5
2463,2024-10-08,33.18
2463,2024-10-29,41.4
2464,2024-04-02,25.03
2464,2024-04-14,27.59
2464,2024-05-22,16.41
2464,2024-07-02,18.79
2464,2024-09-13,14.7
2464,2024-10-15,15.68
2464,2024-10-23,11.9
2465,2024-03-31,31.72
2465,2024-06-28,22.3
2465,2024-07-27,17.03
2465,2024-08-08,12.48
2465,2024-09-24,9.35
2465,2024-11-23,6.41
2465,2025-01-01,20.09
2465,2025-08-07,19.6
2466,2024-06-22,15.0
2467,2024-04-02,27.25
2467,2025-04-25,11.09
2468,2024-06-28,51.03
2468,2024-07-10,25.2
2468,2024-07-15,45.34
2468,2024-07-23,29.13
2468,2024-07-27,50.49
2468,2024-07-31,48.57
2468,2024-08-14,33.13
2468,2024-08-18,40.64
2468,2024-08-20,19.82
2468,2024-08-20,19.15
2468,2024-08-22,60.01
2468,2024-08-23,34.72
2468,2024-08-27,40.91
2468,2024-08-29,21.69
2468,2024-08-30,7.84
2468,2024-10-06,30.34
2468,2024-10-14,35.2
2468,2024-10-28,34.75
2468,2024-11-04,13.14
2468,2024-11-23,13.46
2468,2024-11-26,20.14
2468,2024-11-29,32.12
2468,2025-01-06,45.86
2468,2025-01-09,40.48
2468,2025-01-21,23.8
2468,2025-01-25,56.09
2468,2025-01-29,25.15
2468,2025-01-29,46.74
2468,2025-02-02,39.97
2468,2025-02-03,37.56
2468,2025-02-11,40.12
2468,2025-02-22,33.59
2468,2025-03-03,41.41
2468,2025-03-03,50.4
2468,2025-04-05,26.62
2468,2025-04-16,29.9
2468,2025-04-21,68.59
2468,2025-04-23,29.1
2468,2025-05-03,98.42
2468,2025-05-13,28.75
2468,2025-05-19,28.69
2468,2025-05-21,39.26
2468,2025-06-08,51.39
2468,2025-06-16,44.67
2469,2024-03-08,21.84
2470,2024-03-11,9.57
2471,2024-01-18,20.3
2471,2024-02-18,50.85
2471,2024-02-22,23.97
2471,2024-04-04,12.26
2472,2024-04-29,35.88
2473,2024-05-02,12.05
2473,2024-06-23,32.16
2473,2024-07-20,45.56
2473,2024-08-03,12.12
2473,2024-09-11,34.26
2473,2024-09-13,14.57
2473,2024-10-28,22.99
2473,2024-12-07,30.9
2473,2025-01-06,52.62
2473,2025-02-13,29.32
2473,2025-03-11,41.29
2473,2025-04-03,58.17
2473,2025-05-05,56.21
2473,2025-07-07,23.56
2473,2025-07-27,15.2
2473,2025-08-28,12.57
2473,2025-11-03,27.14
2473,2025-11-04,39.0
2473,2025-11-13,35.76
2474,2024-05-30,50.25
2474,2024-06-10,35.3
2474,2024-06-11,28.39
2474,2024-07-12,29.19
2474,2024-08-15,34.62
2474,2024-08-19,26.98
2474,2024-08-23,39.14
2474,2024-08-28,32.23
2474,2024-09-25,61.3
2474,2024-10-17,29.9
2474,2024-10-23,12.6
2474,2024-11-28,28.52
2474,2024-12-09,59.67
2474,2025-01-19,35.66
2474,2025-02-10,55.83
2474,2025-02-18,44.32
2474,2025-03-04,48.31
2474,2025-03-27,24.21
2474,2025-04-04,63.08
2474,2025-04-10,43.22
2474,2025-04-25,25.89
2474,2025-05-23,31.51
2474,2025-06-16,23.73
2474,2025-07-22,38.61
2474,2025-10-18,60.91
2474,2025-12-02,17.55
2475,2024-02-20,45.69
2475,2024-03-05,37.78
2475,2024-12-26,16.65
2475,2025-10-17,26.94
2475,2025-11-12,34.28
2475,2025-11-18,33.39
2476,2024-01-13,14.89
2477,2024-02-01,52.7
2477,2024-03-12,81.66
2478,2024-04-13,13.43
2478,2024-05-04,8.22
2479,2024-06-18,48.8
2480,2024-06-11,71.64
2480,2024-06-13,105.73
2481,2024-01-18,28.14
2482,2024-04-20,14.99
2482,2025-11-11,4.72
2483,2024-05-30,15.85
2483,2024-06-07,17.38
2483,2024-06-09,31.44
2483,2024-08-09,29.23
2483,2024-09-16,43.43
2483,2024-11-19,42.23
2483,2024-12-23,33.56
2483,2024-12-24,45.36
2483,2024-12-28,20.26
2483,2025-02-25,18.91
2483,2025-03-16,11.39
2483,2025-05-08,32.18
2483,2025-05-11,36.36
2483,2025-05-19,19.7
2483,2025-05-30,21.12
2483,2025-07-27,28.28
2483,2025-08-21,15.71
2483,2025-08-24,20.99
2483,2025-08-31,41.85
2483,2025-09-18,47.21
2483,2025-09-25,18.38
2483,2025-10-12,22.12
2483,2025-11-11,27.89
2484,2024-04-22,69.87
2484,2024-05-30,46.03
2485,2024-02-03,82.66
2485,2024-02-11,76.18
2485,2024-05-17,55.58
2485,2024-08-20,27.04
2485,2025-04-02,58.37
2485,2025-07-17,49.13
2485,2025-09-05,88.47
2486,2024-04-13,73.1
2486,2024-04-24,43.02
2486,2024-05-26,61.24
2486,2024-06-17,48.74
2486,2024-07-31,53.61
2487,2024-04-28,23.66
2488,2024-03-07,14.4
2488,2024-03-28,26.28
2488,2024-04-03,25.99
2488,2024-04-14,21.56
2489,2024-02-11,85.87
2489,2024-02-17,57.56
2489,2024-02-20,59.17
2489,2024-02-20,63.24
2489,2024-02-22,86.83
2489,2024-02-26,85.31
2489,2024-03-02,56.22
2489,2024-03-02,74.86
2489,2024-03-23,38.32
2489,2024-03-26,39.75
2489,2024-03-30,48.31
2489,2024-04-05,41.78
2489,2024-05-14,50.78
2489,2024-06-09,26.14
2489,2024-07-22,96.31
2489,2024-08-17,67.65
2489,2024-08-29,54.53
2489,2024-10-27,52.41
2489,2024-11-14,48.58
2489,2024-12-15,43.09
2489,2025-01-25,94.37
2489,2025-03-10,56.49
2489,2025-03-30,59.12
2489,2025-04-07,60.77
2489,2025-04-30,55.46
2489,2025-06-04,34.73
2489,2025-06-12,45.86
2489,2025-06-20,31.95
2489,2025-06-25,53.18
2489,2025-07-13,66.55
2489,2025-08-20,63.41
2489,2025-08-31,29.62
2489,2025-09-23,36.4
2489,2025-10-18,36.28
2489,2025-11-13,25.62
2489,2025-11-25,61.61
2489,2025-12-14,56.82
2489,2025-12-14,58.27
2490,2024-02-14,15.93
2490,2025-01-31,21.18
2491,2024-05-09,10.34
2491,2024-05-09,7.85
2491,2024-05-15,2.24
2491,2024-06-16,12.22
2491,2024-06-25,11.71
2491,2024-07-01,13.35
2491,2024-08-09,4.8
2491,2024-08-28,8.29
2491,2024-10-03,20.04
2491,2024-10-16,16.93
2491,2024-11-07,7.83
2491,2025-01-16,8.11
2491,2025-01-18,16.91
2491,2025-01-28,14.56
2491,2025-02-16,4.01
2491,2025-03-01,9.06
2491,2025-03-05,11.57
2491,2025-04-06,9.94
2491,2025-04-12,11.81
2491,2025-05-07,6.81
2491,2025-05-08,13.93
2491,2025-05-08,9.06
2491,2025-05-19,15.71
2491,2025-05-23,11.16
2491,2025-05-24,12.04
2491,2025-06-13,9.12
2491,2025-07-12,4.18
2491,2025-07-16,13.32
2491,2025-10-01,20.97
2491,2025-10-05,8.67
2491,2025-10-26,10.9
2491,2025-11-09,11.98
2491,2025-11-25,9.72
2491,2025-11-29,15.11
2491,2025-12-05,10.41
2491,2025-12-06,13.3
2491,2025-12-18,12.4
2492,2024-04-28,38.29
2493,2024-05-05,20.73
2494,2024-04-08,27.87
2494,2024-05-05,14.91
2494,2024-05-27,36.36
2495,2024-06-09,15.36
2495,2024-10-12,9.06
2495,2025-02-02,5.56
2496,2024-05-19,18.13
2496,2024-06-11,16.41
2496,2024-07-11,27.19
2496,2024-07-14,31.34
2496,2024-08-08,33.61
2496,2024-08-16,19.89
2496,2024-08-19,28.57
2496,2024-09-23,16.7
2496,2024-11-04,35.59
2496,2024-12-21,34.46
2496,2025-01-04,36.45
2496,2025-01-04,36.98
2496,2025-02-19,15.42
2496,2025-05-07,30.05
2496,2025-05-16,32.84
2496,2025-06-20,14.28
2496,2025-07-18,38.03
2496,2025-07-23,29.27
2496,2025-08-29,11.87
2496,2025-09-06,38.74
2496,2025-09-14,32.65
2496,2025-09-25,14.64
2496,2025-12-04,37.05
2497,2024-01-29,17.22
2497,2024-01-30,12.53
2498,2024-01-28,144.41
2498,2024-02-03,37.15
2498,2024-03-05,26.31
2498,2024-03-14,62.02
2498,2024-04-02,54.44
2498,2024-04-11,40.22
2498,2024-05-22,48.7
2498,2024-05-24,43.77
2498,2024-06-24,50.46
2498,2024-07-21,46.09
2498,2024-08-21,79.18
2498,2024-11-07,29.85
2498,2024-11-10,35.04
2498,2024-11-12,57.31
2498,2024-11-25,82.76
2498,2024-12-01,42.88
2498,2024-12-14,80.76
2498,2025-01-03,54.84
2498,2025-03-07,45.46
2498,2025-05-17,55.44
2498,2025-05-18,66.48
2498,2025-05-29,41.22
2498,2025-06-03,76.68
2498,2025-07-26,39.12
2498,2025-07-29,39.17
2498,2025-09-01,26.02
2498,2025-09-26,86.12
2498,2025-10-14,61.13
2498,2025-10-22,32.07
2498,2025-11-08,61.77
2498,2025-11-26,29.64
2498,2025-12-16,33.28
2498,2025-12-21,26.47
2499,2024-02-20,25.5
2499,2024-03-11,15.32
2500,2024-05-31,17.32
2500,2024-11-07,7.16
2500,2024-11-23,14.59
2500,2025-01-21,13.11
2500,2025-02-05,21.97
2501,2024-06-18,34.66
2501,2024-06-20,15.36
2501,2024-06-20,28.56
2501,2024-06-25,12.06
2501,2024-06-27,9.8
2501,2024-06-28,20.89
2501,2024-06-28,27.16
2501,2024-06-28,15.47
2501,2024-06-29,13.16
2501,2024-07-02,23.15
2501,2024-07-06,21.92
2501,2024-07-08,14.78
2501,2024-07-09,32.95
2501,2024-07-09,17.29
2501,2024-07-24,14.81
2501,2024-07-27,25.31
2501,2024-08-02,20.18
2501,2024-08-02,22.47
2501,2024-08-07,34.04
2501,2024-08-08,20.3
2501,2024-08-08,17.57
2501,2024-08-25,16.43
2501,2024-08-26,16.11
2501,2024-08-27,18.5
2501,2024-08-28,16.73
2501,2024-08-30,5.91
2501,2024-09-12,16.25
2501,2024-09-30,19.2
2501,2024-10-06,13.96
2501,2024-10-07,9.0
2501,2024-10-11,25.85
2501,2024-10-11,19.44
2501,2024-10-15,10.36
2501,2024-10-16,19.13
2501,2024-10-17,18.55
2501,2024-10-25,19.93
2501,2024-10-28,24.2
2501,2024-11-09,15.41
2501,2024-11-18,21.49
2501,2024-11-19,16.2
2501,2024-11-23,15.43
2501,2024-11-25,26.7
2502,2024-02-03,9.02
2503,2024-06-21,17.29
2503,2024-07-01,28.5
2503,2024-07-23,15.88
2503,2024-10-07,34.27
2503,2024-10-29,35.88
2503,2024-11-11,19.25
2504,2024-01-17,24.35
2504,2024-01-23,14.13
2505,2024-05-19,21.56
2505,2024-12-20,15.39
2505,2025-04-17,28.17
2506,2024-04-16,49.02
2507,2024-02-06,15.92
2508,2024-04-24,19.14
2508,2024-05-02,29.14
2508,2024-05-22,31.91
2508,2024-06-07,15.75
2508,2024-06-09,23.85
2508,2024-06-15,29.35
2508,2024-07-01,26.8
2508,2024-07-01,14.08
2508,2024-07-04,29.74
2508,2024-07-11,29.09
2508,2024-09-07,16.43
2508,2024-09-17,49.41
2508,2024-09-19,27.64
2509,2024-01-03,28.67
2509,2024-02-13,43.45
2509,2024-03-26,78.76
2509,2024-04-25,31.37
2509,2024-05-02,39.61
2510,2024-03-27,29.9
2511,2024-02-14,20.05
2511,2024-02-22,16.41
2511,2024-03-27,17.79
2511,2024-05-20,29.22
2511,2024-05-21,23.02
2511,2024-06-26,28.25
2511,2024-06-27,13.17
2511,2024-08-07,21.4
2511,2024-10-16,16.65
2512,2024-01-25,28.33
2512,2024-03-30,26.77
2512,2024-04-04,19.71
2512,2024-05-13,33.24
2512,2024-06-18,28.49
2512,2024-06-29,10.71
2512,2024-07-05,8.64
2512,2024-10-28,31.44
2513,2024-02-26,27.83
2514,2024-03-20,39.06
2515,2024-05-20,19.22
2515,2024-05-24,25.49
2515,2024-06-17,10.48
2515,2024-09-07,23.49
2515,2024-09-12,21.84
2515,2024-09-29,30.01
2515,2024-10-13,9.63
2515,2024-10-30,25.64
2515,2024-11-01,31.81
2515,2024-11-23,26.65
2515,2025-02-08,4.61
2515,2025-02-22,59.25
2515,2025-03-26,19.53
2515,2025-03-30,8.29
2515,2025-04-10,25.97
2515,2025-05-30,20.39
2515,2025-07-20,15.24
2515,2025-07-26,37.95
2515,2025-08-16,29.87
2515,2025-11-02,16.5
2515,2025-12-23,33.19
2516,2024-06-03,18.07
2516,2024-06-03,39.42
2516,2024-06-21,34.83
2516,2024-10-22,39.98
2516,2024-10-27,19.47
2516,2024-11-10,35.83
2516,2024-11-18,13.8
2516,2024-12-01,40.07
2516,2024-12-19,38.56
2516,2025-02-25,26.35
2517,2024-03-18,72.97
2517,2024-06-01,67.56
2517,2024-10-29,52.91
2517,2025-02-25,71.01
2517,2025-10-13,71.87
2518,2024-01-08,26.65
2518,2024-02-08,12.28
2518,2024-05-15,37.74
2518,2024-07-01,44.97
2518,2024-07-03,18.18
2519,2024-02-25,26.16
2519,2024-03-04,33.46
2519,2024-03-04,13.38
2519,2024-03-04,22.29
2519,2024-03-06,10.37
2520,2024-02-13,33.84
2520,2024-04-15,28.06
2520,2024-05-11,14.29
2520,2024-10-08,37.28
2520,2024-12-31,22.62
2520,2025-02-05,31.77
2520,2025-03-21,48.09
2520,2025-04-20,12.01
2520,2025-05-01,41.17
2520,2025-05-02,52.14
2520,2025-05-12,54.85
2520,2025-06-05,25.9
2520,2025-06-06,24.63
2520,2025-06-12,21.02
2520,2025-06-15,30.57
2520,2025-06-26,36.71
2520,2025-08-11,23.52
2520,2025-08-13,24.6
2520,2025-08-25,29.53
2520,2025-10-07,32.41
2520,2025-12-08,47.93
2520,2025-12-19,48.15
2521,2024-01-30,42.86
2521,2024-02-07,42.19
2521,2024-02-10,17.14
2521,2024-04-22,49.13
2521,2024-05-27,13.01
2521,2024-12-15,18.0
2521,2025-01-12,23.87
2521,2025-03-20,45.54
2521,2025-03-30,44.63
2521,2025-09-16,24.24
2522,2024-02-24,62.35
2523,2024-02-28,48.77
2523,2024-04-08,35.35
2523,2024-06-07,30.86
2523,2024-06-21,27.77
2524,2024-01-14,20.53
2524,2024-04-24,41.65
2525,2024-04-10,18.03
2525,2024-04-10,14.17
2525,2025-01-08,11.14
2525,2025-03-08,6.39
2526,2024-05-05,14.74
2526,2024-05-16,18.77
2526,2024-05-19,14.5
2526,2024-10-25,19.64
2526,2024-11-05,16.39
2526,2024-12-03,13.22
2526,2025-01-21,32.76
2526,2025-05-11,19.73
2526,2025-05-28,10.78
2526,2025-06-20,14.19
2526,2025-10-08,20.9
2527,2024-01-21,11.84
2528,2024-04-02,40.52
2528,2024-04-04,18.96
2528,2024-05-15,9.77
2528,2024-07-11,43.65
2528,2024-08-30,48.77
2529,2024-04-09,16.92
2529,2024-05-07,17.06
2529,2024-08-31,52.22
2529,2025-02-02,18.57
2529,2025-04-12,22.4
2529,2025-08-09,17.64
2529,2025-12-16,24.78
2530,2024-04-09,18.4
2530,2024-11-14,22.46
2530,2024-12-17,19.69
2530,2024-12-20,24.55
2531,2024-01-31,33.67
2531,2024-04-08,4.3
2531,2024-06-25,52.67
2531,2025-04-19,34.77
2531,2025-05-22,33.13
2532,2024-03-29,58.04
2533,2024-01-25,25.64
2533,2024-06-28,28.32
2533,2024-06-28,39.51
2533,2024-07-26,23.47
2533,2024-08-17,28.69
2533,2024-09-22,43.26
2533,2024-10-01,23.5
2534,2024-04-11,102.15
2535,2024-01-20,8.14
2536,2024-04-22,27.76
2536,2024-07-08,43.41
2536,2025-01-17,59.52
2536,2025-01-24,43.24
2536,2025-02-17,40.23
2536,2025-03-10,31.68
2536,2025-05-01,28.06
2536,2025-06-05,16.17
2536,2025-07-30,15.26
2536,2025-08-03,22.4
2536,2025-09-23,31.18
2536,2025-11-09,23.72
2537,2024-03-29,10.38
2537,2024-05-03,20.31
2537,2024-06-15,17.5
2537,2024-06-19,22.03
2537,2024-07-22,14.76
2537,2024-07-28,9.78
2537,2024-09-06,26.26
2537,2024-11-19,18.01
2537,2024-11-20,11.24
2537,2025-01-13,6.17
2537,2025-02-14,19.48
2537,2025-02-26,22.09
2537,2025-03-20,21.63
2537,2025-05-02,13.14
2537,2025-07-02,11.89
2537,2025-07-09,22.84
2537,2025-11-16,6.5
2537,2025-12-12,15.36
2538,2024-01-10,31.26
2539,2024-01-22,14.11
2540,2024-04-30,60.77
2540,2024-09-25,165.42
2540,2024-11-24,95.96
2540,2025-05-20,81.69
2540,2025-05-29,109.64
2540,2025-08-17,167.33
2541,2024-04-19,49.03
2541,2024-04-20,18.15
2541,2024-05-14,50.96
2541,2024-05-15,19.78
2541,2024-05-23,13.47
2541,2024-05-25,35.34
2541,2024-05-29,31.0
2541,2024-06-02,47.12
2541,2024-07-12,55.05
2541,2024-07-16,33.79
2542,2024-06-06,21.78
2542,2024-10-16,20.4
2542,2025-01-18,25.44
2542,2025-02-08,14.47
2542,2025-09-05,15.82
2543,2024-05-18,21.59
2543,2024-06-11,20.9
2544,2024-02-04,15.13
2544,2024-03-04,13.01
2544,2024-03-12,13.57
2544,2024-10-16,36.64
2544,2025-06-02,25.24
2545,2024-03-01,33.06
2546,2024-02-08,23.51
2546,2024-03-10,9.71
2546,2024-03-25,20.84
2547,2024-06-27,10.5
2547,2024-07-03,17.08
2547,2024-07-03,23.09
2547,2024-07-22,9.22
2548,2024-01-14,62.81
2548,2024-04-04,78.15
2548,2024-05-28,63.79
2548,2024-06-24,18.48
2548,2024-07-29,27.62
2548,2024-08-01,55.87
2548,2024-08-11,23.47
2548,2024-08-30,61.51
2548,2024-10-09,30.77
2548,2024-10-24,26.95
2548,2024-11-23,42.04
2548,2024-12-04,29.15
2548,2025-01-01,37.68
2548,2025-01-28,42.08
2548,2025-02-19,54.46
2548,2025-02-24,54.0
2548,2025-04-05,36.4
2548,2025-09-29,20.11
2548,2025-10-07,34.6
2548,2025-10-12,31.61
2548,2025-12-02,33.91
2549,2024-06-05,38.07
2549,2024-06-15,103.7
2550,2024-01-24,17.72
2550,2025-02-21,35.58
2550,2025-04-03,31.3
2550,2025-08-28,21.35
2550,2025-12-01,24.42
2551,2024-06-20,97.7
2552,2024-02-10,87.21
2552,2024-06-30,67.45
2552,2024-07-02,117.26
2553,2024-05-30,38.66
2554,2024-03-04,21.11
2554,2024-03-18,25.94
2554,2024-03-25,33.41
2554,2024-06-27,31.52
2554,2024-06-30,18.59
2555,2024-03-02,12.7
2556,2024-03-06,46.02
2556,2024-03-19,22.94
2556,2024-04-09,50.14
2556,2024-04-12,32.02
2556,2024-05-10,22.71
2556,2024-05-26,47.08
2556,2024-07-09,33.91
2556,2024-08-22,34.12
2556,2024-08-29,21.72
2556,2024-09-29,31.75
2556,2024-10-27,47.5
2556,2024-11-28,24.47
2556,2025-01-02,24.48
2557,2024-02-20,17.09
2557,2024-05-19,12.1
2558,2024-01-17,60.4
2558,2024-01-26,21.71
2558,2024-02-08,73.83
2558,2024-05-27,35.02
2558,2024-05-29,53.79
2559,2024-02-16,12.56
2560,2024-05-24,52.76
2561,2024-06-22,19.63
2561,2024-07-02,17.51
2561,2024-09-07,15.08
2561,2024-10-29,13.38
2561,2024-12-03,7.21
2561,2025-02-11,10.29
2561,2025-02-19,11.0
2561,2025-02-21,19.43
2561,2025-08-12,13.44
2561,2025-08-31,11.4
2561,2025-11-12,10.25
2562,2024-03-17,54.33
2562,2024-04-09,57.13
2563,2024-05-30,12.03
2563,2024-10-04,21.54
2563,2024-10-24,10.0
2563,2024-11-03,15.47
2563,2025-02-15,16.79
2563,2025-06-30,7.7
2563,2025-10-11,16.86
2563,2025-11-05,11.03
2563,2025-11-11,17.23
2564,2024-04-19,12.12
2564,2024-07-16,10.63
2564,2024-10-06,10.09
2564,2024-11-05,5.64
2564,2024-11-07,6.26
2564,2024-12-28,11.94
2564,2025-01-25,14.94
2564,2025-02-16,6.29
2564,2025-03-04,9.71
2565,2024-03-09,12.13
2565,2024-04-01,23.44
2565,2024-05-04,12.13
2565,2024-05-11,17.68
2565,2024-05-19,18.82
2565,2024-05-23,12.83
2565,2024-05-24,19.7
2565,2024-07-12,8.92
2565,2024-07-14,14.63
2565,2024-09-02,11.46
2566,2024-03-14,12.78
2566,2024-03-19,13.03
2566,2024-03-26,10.69
2566,2024-03-28,6.82
2566,2024-05-16,13.53
2566,2024-06-06,17.26
2566,2024-06-15,25.66
2566,2024-06-15,12.77
2567,2024-03-12,20.39
2567,2024-06-03,11.53
2567,2024-07-02,9.72
2567,2024-12-11,7.44
2567,2025-08-03,25.33
2567,2025-10-11,16.49
2568,2024-03-16,14.42
2568,2024-06-07,12.06
2568,2024-06-22,12.34
2568,2024-07-07,8.04
2568,2024-08-14,11.17
2568,2024-08-17,26.5
2568,2024-10-23,9.48
2568,2025-01-03,3.97
2568,2025-01-12,12.79
2568,2025-01-12,14.21
2568,2025-01-21,11.16
2568,2025-03-27,13.58
2568,2025-05-09,8.51
2568,2025-08-28,10.55
2568,2025-12-03,18.81
2568,2025-12-08,21.67
2568,2025-12-16,6.84
2568,2025-12-24,16.76
2569,2024-04-19,20.1
2569,2024-06-01,26.86
2570,2024-01-26,35.57
2570,2024-03-03,30.67
2570,2024-03-07,26.36
2570,2024-03-08,36.41
2570,2024-03-10,15.64
2570,2024-04-26,15.75
2570,2024-05-21,20.34
2570,2024-05-22,21.32
2570,2024-05-27,14.37
2570,2024-06-02,13.5
2570,2024-06-24,26.05
2570,2024-07-03,11.67
2570,2024-07-10,20.54
2570,2024-07-12,38.47
2570,2024-07-13,23.39
2570,2024-08-10,14.34
2570,2024-08-17,1.91
2570,2024-08-20,22.4
2570,2024-08-24,30.39
2570,2024-09-03,30.97
2570,2024-09-14,16.29
2570,2024-09-28,10.76
2570,2024-10-14,11.1
2570,2024-10-22,16.53
2570,2024-12-10,23.22
2570,2024-12-21,27.46
2570,2024-12-31,14.94
2570,2025-01-01,17.07
2570,2025-01-07,7.76
2570,2025-01-08,13.86
2570,2025-01-22,26.94
2570,2025-02-13,16.41
2570,2025-02-20,17.08
2570,2025-03-18,20.62
2570,2025-04-01,32.82
2570,2025-04-05,27.99
2570,2025-04-06,22.01
2570,2025-04-11,28.29
2570,2025-04-29,9.13
2570,2025-05-03,18.42
2570,2025-05-18,19.3
2570,2025-05-18,22.68
2570,2025-05-18,18.89
2570,2025-06-10,31.42
2570,2025-07-27,23.29
2570,2025-07-31,18.38
2570,2025-08-18,18.3
2570,2025-08-28,10.71
2570,2025-08-30,24.24
2570,2025-09-12,4.29
2570,2025-09-19,34.54
2570,2025-10-27,9.4
2570,2025-11-06,15.69
2570,2025-11-10,34.11
2570,2025-11-10,28.8
2570,2025-11-25,33.98
2570,2025-11-29,30.96
2571,2024-02-17,31.9
2571,2024-02-17,7.46
2571,2025-03-22,21.14
2571,2025-11-12,29.13
2572,2024-03-22,22.89
2573,2024-05-05,18.74
2573,2024-07-29,14.03
2573,2024-08-29,90.26
2574,2024-03-24,16.4
2574,2024-08-18,37.18
2574,2024-12-16,16.11
2574,2025-03-02,19.32
2574,2025-12-20,12.14
2575,2024-02-26,26.32
2576,2024-02-25,35.88
2576,2024-03-15,19.79
2576,2024-03-27,25.95
2576,2025-01-29,22.16
2577,2024-02-16,21.4
2577,2024-04-13,11.65
2577,2024-04-25,21.66
2577,2024-05-09,11.07
2577,2024-05-28,29.62
2577,2024-06-12,32.44
2577,2024-07-04,36.85
2577,2024-07-30,18.24
2577,2024-09-10,21.21
2578,2024-04-12,59.43
2578,2024-05-17,29.67
2578,2024-06-14,16.33
2579,2024-06-26,28.81
2579,2024-08-04,78.97
2579,2024-09-14,30.02
2579,2024-12-02,66.95
2579,2025-01-28,38.67
2579,2025-02-06,73.61
2579,2025-03-08,44.46
2579,2025-04-14,46.17
2579,2025-09-22,16.38
2579,2025-10-14,35.16
2580,2024-01-12,8.23
2580,2024-01-17,8.23
2580,2024-01-20,19.29
2581,2024-01-04,10.07
2581,2024-01-08,14.77
2582,2024-05-10,17.85
2583,2024-01-15,11.52
2583,2024-06-13,6.26
2583,2024-08-14,15.53
2583,2024-09-01,6.52
2584,2024-01-23,46.57
2585,2024-02-06,14.15
2585,2024-02-10,15.67
2585,2024-02-27,27.07
2585,2024-02-29,7.45
2585,2024-04-02,16.09
2585,2024-04-15,29.78
2585,2024-04-28,24.97
2585,2024-05-18,23.16
2585,2024-06-18,22.71
2585,2024-06-23,16.26
2585,2024-07-01,25.3
2585,2024-07-06,27.29
2585,2024-07-18,21.4
2585,2024-07-24,11.41
2585,2024-08-20,14.52
2585,2024-09-17,12.44
2585,2024-10-29,12.01
2585,2024-10-29,14.59
2585,2024-11-01,19.95
2585,2024-11-22,17.52
2585,2024-12-06,22.46
2585,2025-01-08,23.56
2585,2025-01-22,48.78
2585,2025-01-22,33.6
2585,2025-02-26,29.87
2585,2025-02-27,20.57
2585,2025-03-02,24.1
2585,2025-03-03,22.06
2585,2025-04-03,11.15
2585,2025-04-09,20.42
2585,2025-04-13,49.21
2585,2025-04-28,15.47
2585,2025-04-30,7.78
2585,2025-05-21,7.71
2585,2025-06-06,17.11
2585,2025-06-10,32.34
2585,2025-07-09,28.93
2585,2025-07-13,18.99
2585,2025-07-14,20.96
2585,2025-07-21,17.74
2585,2025-07-23,32.19
2585,2025-08-11,11.7
2585,2025-09-09,15.02
2585,2025-10-16,15.51
2585,2025-10-19,17.15
2585,2025-11-11,19.2
2585,2025-12-10,24.5
2586,2024-03-28,28.62
2586,2024-04-21,30.46
2586,2024-05-20,25.18
2586,2024-07-12,20.97
2586,2024-07-21,17.03
2586,2024-08-07,32.88
2586,2024-08-23,28.27
2586,2024-08-31,31.52
2586,2024-12-28,12.48
2586,2025-01-20,30.78
2586,2025-05-12,19.49
2586,2025-06-09,16.28
2586,2025-07-10,8.81
2586,2025-07-23,31.55
2586,2025-09-13,29.23
2586,2025-09-24,20.07
2586,2025-10-26,25.28
2586,2025-11-07,22.57
2586,2025-11-19,13.38
2587,2024-04-14,21.01
2587,2024-05-17,29.18
2587,2024-06-04,30.49
2588,2024-02-22,6.76
2589,2024-05-27,17.67
2590,2024-03-26,16.15
2591,2024-03-12,26.1
2591,2024-04-13,30.64
2591,2024-08-31,28.6
2591,2024-12-31,20.16
2591,2025-03-10,20.24
2591,2025-04-12,16.3
2591,2025-08-28,29.88
2592,2024-01-22,20.58
2592,2024-01-25,5.52
2592,2024-02-02,25.96
2592,2024-02-14,22.61
2592,2024-02-24,20.18
2592,2024-03-09,11.37
2592,2024-03-14,12.94
2592,2024-05-11,30.87
2592,2024-06-04,24.58
2592,2024-07-14,19.91
2592,2024-08-15,17.21
2592,2024-08-25,19.15
2592,2024-09-18,14.68
2592,2024-10-01,13.82
2592,2024-10-13,11.75
2592,2024-10-20,16.39
2592,2024-11-02,18.32
2592,2024-11-03,25.5
2592,2024-11-28,24.38
2592,2024-12-01,6.72
2592,2024-12-07,21.09
2592,2024-12-13,24.25
2592,2025-01-02,11.96
2592,2025-01-05,11.98
2592,2025-01-10,17.58
2592,2025-02-08,21.73
2592,2025-02-18,11.87
2592,2025-03-26,13.15
2592,2025-04-03,3.97
2592,2025-04-07,14.44
2592,2025-05-08,10.02
2592,2025-06-08,29.02
2592,2025-06-14,18.92
2592,2025-07-13,22.85
2592,2025-07-20,7.59
2592,2025-07-21,21.88
2592,2025-08-01,9.92
2592,2025-08-05,24.03
2592,2025-08-30,25.49
2592,2025-09-30,22.23
2592,2025-10-24,9.26
2592,2025-10-27,13.6
2592,2025-11-02,19.54
2592,2025-11-08,19.7
2592,2025-11-09,18.19
2592,2025-12-02,18.96
2592,2025-12-10,19.31
2592,2025-12-12,12.34
2592,2025-12-19,19.79
2593,2024-02-04,4.78
2593,2024-02-23,7.06
2593,2024-03-16,14.76
2593,2024-03-16,12.4
2593,2024-03-27,13.11
2593,2024-03-30,6.53
2593,2024-04-27,14.7
2593,2024-05-04,18.67
2593,2024-05-04,11.14
2593,2024-05-06,16.72
2593,2024-10-12,5.49
2594,2024-05-11,12.77
2594,2024-08-21,7.92
2594,2025-05-01,24.26
2595,2024-01-31,18.88
2595,2024-02-01,9.16
2596,2024-01-22,25.73
2596,2024-01-29,24.35
2596,2024-02-28,42.4
2596,2024-03-03,62.8
2596,2024-03-09,41.09
2596,2024-03-10,26.78
2596,2024-03-17,21.13
2596,2024-03-26,57.08
2596,2024-04-09,26.4
2596,2024-04-17,34.01
2596,2024-04-22,70.41
2596,2024-04-24,55.93
2596,2024-06-26,23.85
2596,2024-07-03,18.73
2596,2024-07-06,34.98
2596,2024-07-28,30.19
2596,2024-08-04,57.71
2596,2024-08-29,46.88
2597,2024-01-04,30.61
2597,2024-01-06,26.54
2597,2024-01-06,22.8
2597,2024-01-17,43.17
2597,2024-02-01,8.89
2597,2024-02-02,28.99
2597,2024-02-08,42.31
2597,2024-02-26,25.36
2597,2024-03-18,25.79
2597,2024-03-20,22.99
2597,2024-03-28,22.11
2597,2024-04-10,18.12
2597,2024-04-13,14.24
2597,2024-04-20,20.23
2597,2024-04-22,39.48
2597,2024-05-02,11.2
2597,2024-05-07,35.77
2597,2024-05-20,23.55
2597,2024-05-27,37.19
2597,2024-05-31,39.51
2597,2024-06-06,16.42
2597,2024-06-08,16.64
2597,2024-06-14,24.26
2597,2024-06-16,18.74
2597,2024-06-20,51.91
2597,2024-06-26,19.91
2597,2024-06-28,18.64
2597,2024-07-10,54.96
2597,2024-07-12,46.46
2597,2024-07-13,18.51
2597,2024-07-15,30.38
2597,2024-07-18,14.03
2597,2024-07-27,9.64
2598,2024-05-08,122.63
2599,2024-03-01,12.76
2599,2024-04-13,16.05
2599,2024-06-26,18.2
2599,2024-07-02,11.34
2599,2024-08-07,13.88
2599,2024-12-11,9.97
2599,2025-02-05,9.21
2599,2025-02-26,15.91
2599,2025-03-11,7.03
2599,2025-03-22,24.29
2599,2025-07-10,18.17
2599,2025-07-16,6.14
2599,2025-08-23,18.48
2599,2025-09-06,13.07
2599,2025-10-28,24.52
2600,2024-03-10,24.47
2600,2024-11-12,32.98
2600,2024-12-02,52.24
2600,2024-12-07,34.68
2600,2025-03-08,35.78
2600,2025-06-17,42.53
2601,2024-03-05,18.65
2601,2024-03-18,14.93
2601,2024-03-26,21.51
2601,2024-06-09,17.73
2601,2024-07-14,13.52
2601,2024-08-14,32.1
2601,2024-09-14,13.16
2601,2024-10-31,20.84
2601,2024-11-26,19.65
2601,2024-11-29,8.54
2601,2024-12-03,14.44
2601,2025-01-22,21.66
2601,2025-02-05,20.26
2601,2025-02-08,15.51
2601,2025-02-09,11.36
2601,2025-02-20,11.29
2601,2025-03-13,6.98
2601,2025-04-02,9.11
2601,2025-04-05,7.09
2601,2025-04-06,14.11
2601,2025-04-12,21.63
2601,2025-04-12,14.05
2601,2025-05-01,20.71
2601,2025-06-05,18.85
2601,2025-07-11,23.41
2601,2025-09-08,9.1
2601,2025-09-11,8.47
2601,2025-09-30,17.84
2601,2025-11-03,15.01
2601,2025-11-18,19.89
2601,2025-12-05,21.16
2601,2025-12-06,21.11
2601,2025-12-20,12.95
2601,2025-12-24,12.41
2602,2024-01-30,14.01
2603,2024-03-13,22.78
2603,2024-03-21,13.88
2603,2024-04-11,3.64
2603,2024-06-15,27.94
2603,2024-06-17,19.74
2603,2024-07-10,22.12
2603,2024-08-11,5.87
2603,2024-08-20,13.65
2603,2024-09-05,20.19
2603,2024-10-09,17.37
2603,2024-10-12,21.55
2603,2024-10-20,22.62
2603,2024-10-22,12.56
2603,2024-10-27,10.37
2603,2024-10-31,6.27
2603,2024-11-12,21.43
2603,2024-11-25,22.82
2603,2024-12-07,15.62
2603,2025-01-27,25.46
2603,2025-02-05,16.05
2603,2025-02-07,9.52
2603,2025-02-09,8.34
2603,2025-02-15,17.04
2603,2025-03-22,23.36
2603,2025-03-26,23.27
2603,2025-03-26,5.64
2603,2025-04-04,12.04
2603,2025-04-24,18.42
2603,2025-05-14,17.2
2603,2025-06-02,20.77
2603,2025-06-17,13.44
2603,2025-06-21,18.69
2603,2025-07-05,11.58
2603,2025-07-07,14.23
2603,2025-07-18,15.91
2603,2025-08-04,9.84
2603,2025-08-11,21.28
2603,2025-10-06,25.54
2603,2025-11-10,22.41
2603,2025-12-28,20.48
2604,2024-01-02,10.84
2604,2024-01-13,24.42
2604,2024-01-23,17.74
2604,2024-03-20,18.27
2604,2024-06-11,11.24
2604,2024-07-09,13.03
2604,2024-09-13,15.23
2605,2024-03-23,34.06
2605,2024-04-13,23.09
2606,2024-03-09,34.45
2606,2024-03-28,45.37
2606,2024-07-26,100.76
2606,2024-09-15,36.83
2606,2024-10-06,66.57
2606,2024-10-08,24.06
2606,2024-11-06,29.44
2606,2024-12-20,50.71
2606,2025-04-21,62.33
2606,2025-08-24,26.02
2606,2025-11-18,50.31
2606,2025-12-05,14.95
2606,2025-12-20,77.24
2607,2024-06-30,19.25
2608,2024-05-10,58.37
2608,2024-06-19,23.88
2608,2024-07-13,27.47
2608,2024-07-21,18.82
2609,2024-04-08,126.5
2609,2024-05-26,92.0
2609,2024-05-26,78.48
2609,2024-07-21,55.95
2609,2024-10-06,89.1
2609,2024-10-26,24.25
2609,2024-12-10,123.79
2609,2025-01-09,110.05
2609,2025-04-02,78.09
2609,2025-05-12,80.93
2609,2025-06-11,66.0
2609,2025-11-17,73.72
2610,2024-03-25,21.79
2611,2024-06-30,24.23
2611,2024-07-10,19.21
2611,2024-09-04,20.67
2611,2024-09-24,25.96
2612,2024-02-28,23.17
2612,2025-02-20,28.14
2612,2025-05-29,55.93
2612,2025-06-14,17.94
2612,2025-06-27,23.22
2612,2025-08-26,34.51
2612,2025-10-21,33.51
2612,2025-10-29,28.19
2613,2024-03-17,10.46
2613,2024-05-25,14.73
2613,2024-05-27,11.62
2613,2024-06-11,20.02
2613,2024-06-28,7.84
2613,2024-07-18,14.19
2613,2024-08-06,16.25
2613,2024-09-03,7.89
2613,2024-09-11,5.64
2613,2024-10-17,11.69
2613,2024-12-01,9.7
2613,2025-03-04,13.11
2613,2025-03-08,18.69
2613,2025-03-22,14.25
2613,2025-06-06,11.48
2613,2025-06-13,9.89
2613,2025-06-13,9.91
2613,2025-08-22,9.97
2613,2025-10-25,5.51
2613,2025-12-11,11.49
2614,2024-05-19,16.05
2614,2024-05-19,18.86
2615,2024-01-21,32.06
2616,2024-02-01,53.02
2617,2024-03-06,47.03
2617,2024-05-06,19.75
2617,2025-04-09,34.42
2618,2024-06-13,14.33
2618,2025-01-22,3.53
2618,2025-02-15,6.22
2618,2025-05-03,16.36
2618,2025-08-17,20.84
2618,2025-08-19,11.07
2618,2025-09-01,16.57
2619,2024-05-19,15.66
2619,2024-05-21,27.78
2619,2024-05-24,17.47
2619,2024-05-30,5.47
2619,2024-06-13,15.5
2619,2024-07-05,8.92
2619,2024-07-20,10.8
2619,2024-07-29,14.42
2619,2024-08-02,19.51
2619,2024-08-08,24.32
2619,2024-08-11,38.26
2619,2024-08-29,13.93
2619,2024-10-02,28.74
2619,2024-10-12,9.24
2619,2024-12-09,9.9
2619,2024-12-21,26.83
2619,2025-01-18,15.59
2619,2025-01-19,18.55
2619,2025-01-26,4.53
2619,2025-01-27,10.3
2619,2025-02-17,12.86
2619,2025-03-07,10.15
2619,2025-04-28,30.78
2619,2025-05-21,18.8
2619,2025-05-29,14.68
2619,2025-06-10,15.0
2619,2025-07-12,7.91
2619,2025-07-20,12.91
2619,2025-08-23,17.16
2619,2025-08-31,14.52
2619,2025-09-12,26.72
2619,2025-09-27,19.23
2619,2025-09-28,19.24
2619,2025-10-08,14.07
2619,2025-10-16,4.31
2619,2025-10-26,16.94
2619,2025-10-27,16.95
2619,2025-11-11,18.03
2619,2025-11-22,26.31
2619,2025-12-09,8.74
2619,2025-12-11,9.62
2619,2025-12-26,13.12
2620,2024-01-17,17.03
2620,2024-09-01,10.12
2620,2025-10-12,22.22
2621,2024-01-01,17.03
2622,2024-05-09,48.17
2622,2024-05-10,81.08
2622,2024-06-30,44.26
2622,2024-07-09,40.22
2622,2024-07-18,71.95
2622,2024-08-27,67.09
2622,2024-10-26,44.27
2622,2024-10-26,97.76
2622,2024-11-15,55.26
2622,2024-11-17,52.72
2622,2024-12-01,58.07
2622,2024-12-03,70.32
2622,2024-12-28,62.38
2622,2025-02-27,85.28
2622,2025-03-18,67.03
2622,2025-03-20,33.92
2622,2025-03-26,73.37
2622,2025-03-30,47.67
2622,2025-04-21,85.85
2622,2025-04-21,88.18
2622,2025-05-23,96.98
2622,2025-06-12,67.52
2622,2025-07-05,45.66
2622,2025-07-30,53.59
2622,2025-08-15,57.53
2622,2025-08-24,20.18
2622,2025-10-22,39.3
2622,2025-11-13,64.02
2622,2025-12-20,18.65
2623,2024-03-21,19.58
2623,2024-05-06,20.62
2623,2024-05-09,36.72
2623,2024-05-20,27.69
2623,2024-05-23,27.74
2624,2024-04-22,19.27
2625,2024-05-06,44.05
2625,2024-06-21,19.52
2625,2024-08-25,34.58
2625,2025-01-11,34.68
2626,2024-02-24,66.12
2626,2024-03-16,28.74
2626,2024-03-17,69.86
2626,2024-05-07,57.79
2626,2024-05-16,82.96
2627,2024-04-23,19.79
2628,2024-05-11,19.77
2629,2024-04-17,24.63
2630,2024-04-09,63.96
2631,2024-01-10,17.79
2632,2024-05-27,22.45
2632,2024-06-03,31.21
2632,2024-07-23,35.09
2632,2025-04-11,27.14
2632,2025-07-28,14.52
2633,2024-04-25,20.91
2634,2024-03-24,21.74
2634,2024-04-05,24.1
2634,2024-04-25,20.66
2635,2024-05-01,73.58
2635,2024-07-11,65.14
2635,2024-10-18,61.25
2635,2025-04-13,64.78
2635,2025-09-13,59.12
2636,2024-04-08,22.84
2637,2024-01-01,12.62
2638,2024-04-24,44.91
2638,2024-10-27,38.55
2639,2024-02-11,31.21
2640,2024-01-13,44.22
2640,2024-04-22,49.99
2640,2024-05-09,65.44
2640,2024-06-25,32.08
2640,2024-08-20,18.47
2640,2024-10-26,51.31
2640,2024-12-04,43.26
2640,2025-01-28,19.03
2640,2025-07-28,88.2
2641,2024-03-01,39.05
2641,2024-07-18,24.1
2642,2024-01-23,37.7
2642,2024-02-07,43.13
2642,2024-02-20,35.34
2643,2024-06-06,31.94
2643,2024-11-10,81.07
2643,2025-07-29,63.85
2643,2025-08-17,55.62
2643,2025-11-06,71.24
2644,2024-01-25,12.28
2644,2024-08-22,13.09
2644,2025-03-21,13.14
2645,2024-01-09,5.38
2645,2024-02-02,10.71
2645,2024-05-22,9.5
2645,2024-05-30,6.5
2645,2024-06-23,9.78
2645,2024-07-09,12.66
2645,2024-07-31,4.14
2645,2024-11-03,9.95
2645,2024-12-02,6.44
2645,2024-12-16,9.74
2645,2025-07-01,21.06
2645,2025-07-31,6.99
2645,2025-09-04,18.59
2645,2025-09-11,10.72
2645,2025-10-06,13.28
2645,2025-12-26,11.37
2646,2024-05-01,25.87
2646,2024-06-20,54.43
2647,2024-02-09,20.3
2647,2024-03-29,35.02
2647,2024-09-28,15.84
2647,2025-03-30,16.23
2647,2025-04-11,20.48
2648,2024-06-02,60.55
2648,2024-06-13,68.4
2648,2024-06-23,50.15
2648,2024-08-18,34.54
2648,2024-08-29,31.81
2648,2024-09-15,18.57
2648,2024-09-25,6.51
2648,2024-09-27,32.76
2649,2024-05-15,28.43
2649,2025-01-04,22.38
2649,2025-02-21,27.08
2649,2025-03-18,22.02
2649,2025-04-11,32.39
2649,2025-07-19,32.57
2649,2025-09-24,29.22
2649,2025-10-09,11.82
2649,2025-11-10,19.91
2649,2025-11-12,26.02
2650,2024-02-22,23.62
2651,2024-06-14,10.84
2651,2024-06-22,13.81
2651,2024-06-30,19.47
2651,2024-07-07,23.32
2651,2024-07-27,18.23
2651,2024-09-05,24.6
2651,2024-09-08,33.46
2651,2024-09-27,17.45
2651,2024-11-20,24.7
2651,2024-12-27,15.48
2651,2025-01-02,16.92
2651,2025-02-12,5.9
2651,2025-02-14,14.51
2651,2025-02-21,9.44
2651,2025-02-28,21.22
2651,2025-03-05,13.24
2651,2025-03-27,19.39
2651,2025-04-17,16.28
2651,2025-06-23,28.21
2651,2025-08-29,16.95
2651,2025-09-15,31.67
2651,2025-10-03,18.8
2651,2025-10-20,12.43
2651,2025-11-19,29.39
2651,2025-11-25,11.41
2651,2025-12-05,9.6
2651,2025-12-06,19.44
2652,2024-05-10,28.65
2652,2024-05-14,18.62
2652,2024-08-03,35.32
2652,2024-10-01,21.07
2652,2024-11-08,14.21
2652,2024-11-13,30.29
2652,2024-11-15,14.29
2652,2025-01-12,17.1
2652,2025-02-11,18.37
2652,2025-04-13,24.1
2652,2025-05-14,24.19
2652,2025-09-05,21.39
2652,2025-10-14,22.34
2652,2025-11-13,39.92
2652,2025-11-15,5.39
2653,2024-03-12,19.88
2653,2024-06-30,34.74
2653,2024-09-09,32.16
2653,2024-10-02,37.78
2653,2024-12-01,20.83
2653,2025-01-06,23.7
2653,2025-01-28,12.67
2653,2025-02-22,15.29
2653,2025-02-27,18.78
2653,2025-03-28,29.58
2653,2025-04-22,21.75
2653,2025-05-21,17.5
2653,2025-05-28,13.66
2653,2025-07-20,15.66
2653,2025-11-26,15.06
2654,2024-02-15,36.14
2655,2024-01-04,9.91
2655,2024-01-13,7.11
2656,2024-04-11,67.0
2656,2024-04-13,27.74
2656,2024-05-02,15.25
2656,2025-01-30,48.99
2656,2025-12-22,16.7
2657,2024-06-11,39.74
2657,2025-06-13,24.38
2657,2025-06-26,54.16
2658,2024-05-22,9.4
2659,2024-02-01,6.29
2659,2024-03-01,10.3
2660,2024-04-26,35.52
2660,2024-05-03,9.21
2660,2024-08-05,27.04
2660,2024-08-31,19.59
2660,2025-02-10,23.52
2660,2025-02-28,10.25
2660,2025-11-22,8.17
2660,2025-11-29,6.72
2660,2025-12-23,24.49
2661,2024-04-09,19.37
2662,2024-05-29,12.46
2663,2024-04-27,14.72
2663,2024-06-25,17.65
2663,2024-06-26,16.57
2663,2024-08-16,25.29
2663,2024-08-21,29.83
2663,2024-11-11,10.39
2663,2024-11-14,13.09
2663,2024-11-15,19.78
2663,2024-12-11,12.93
2663,2025-04-02,10.69
2663,2025-04-14,10.94
2663,2025-06-09,7.58
2663,2025-06-23,14.71
2663,2025-06-26,16.13
2663,2025-07-03,18.25
2663,2025-08-11,17.22
2663,2025-09-14,9.78
2663,2025-10-04,10.81
2664,2024-01-11,13.37
2664,2024-11-09,23.14
2664,2024-11-15,7.56
2665,2024-01-15,24.34
2665,2024-04-30,18.0
2665,2024-05-25,39.65
2665,2024-05-31,29.48
2665,2024-06-11,25.31
2665,2024-06-17,18.58
2665,2024-07-10,6.27
2665,2024-07-31,22.41
2665,2024-08-27,39.62
2666,2024-03-19,43.97
2666,2024-03-21,22.83
2666,2024-04-05,43.0
2666,2024-04-07,30.89
2666,2024-04-18,25.41
2666,2024-05-01,27.31
2666,2024-05-22,18.62
2666,2024-05-23,11.24
2666,2024-05-26,24.64
2666,2024-06-19,22.76
2666,2024-07-03,30.42
2666,2024-07-21,18.96
2666,2024-08-21,17.61
2666,2024-08-26,26.73
2666,2024-09-29,29.23
2666,2024-10-04,11.08
2666,2024-10-08,6.52
2666,2024-10-09,19.14
2666,2024-10-13,19.87
2666,2024-10-18,9.46
2666,2024-10-21,11.07
2666,2024-11-12,32.72
2666,2024-11-17,19.88
2666,2025-01-05,25.92
2666,2025-01-31,18.97
2666,2025-02-09,13.84
2666,2025-03-13,38.75
2666,2025-03-26,26.95
2667,2024-06-20,10.31
2667,2024-08-13,12.24
2667,2025-01-29,22.62
2667,2025-04-14,16.08
2667,2025-05-07,25.8
2667,2025-06-03,32.08
2668,2024-06-08,62.99
2669,2024-02-05,21.77
2669,2024-05-31,27.0
2669,2024-07-04,21.67
2669,2025-03-11,66.43
2669,2025-03-21,18.43
2669,2025-08-15,14.33
2669,2025-12-11,29.67
2670,2024-02-25,20.58
2670,2024-08-21,20.3
2670,2024-12-27,11.88
2670,2025-03-13,17.31
2670,2025-03-16,19.83
2671,2024-06-22,30.11
2671,2024-10-12,15.84
2672,2024-06-04,32.09
2672,2024-07-04,14.64
2672,2024-12-07,31.2
2673,2024-04-05,27.55
2673,2024-08-20,17.83
2674,2024-02-15,23.69
2675,2024-02-21,5.46
2675,2024-03-01,12.11
2675,2024-05-02,10.06
2675,2024-05-13,7.07
2675,2024-07-20,14.93
2675,2024-10-05,20.07
2675,2024-12-11,10.42
2675,2025-01-23,17.26
2675,2025-01-31,15.82
2676,2024-04-06,4.66
2677,2024-03-18,11.06
2677,2024-04-27,21.11
2677,2024-06-03,25.01
2677,2024-06-04,24.6
2677,2024-07-25,18.53
2677,2024-08-22,43.27
2677,2024-10-09,12.1
2677,2024-11-06,14.51
2677,2024-12-30,18.85
2677,2025-01-06,13.95
2678,2024-04-14,13.58
2679,2024-04-24,17.32
2679,2024-05-26,10.89
2679,2024-07-02,8.53
2679,2024-08-21,19.53
2680,2024-03-19,19.74
2680,2025-04-11,53.03
2680,2025-04-22,23.51
2681,2024-01-20,73.16
2681,2024-02-05,36.17
2681,2024-07-16,60.65
2681,2024-08-05,41.49
2681,2024-09-15,31.09
2681,2024-09-22,69.46
2681,2025-03-01,100.22
2681,2025-04-01,75.61
2681,2025-10-20,40.72
2682,2024-04-25,106.38
2682,2024-05-29,70.16
2682,2024-07-25,80.59
2682,2024-07-27,71.38
2682,2024-09-15,64.03
2682,2024-10-07,68.86
2682,2024-12-15,78.03
2682,2024-12-16,89.47
2682,2025-01-05,54.95
2682,2025-01-19,44.62
2682,2025-03-05,56.68
2682,2025-06-26,127.26
2682,2025-07-18,67.8
2682,2025-07-24,56.44
2682,2025-08-15,123.62
2682,2025-09-06,45.81
2682,2025-10-10,67.5
2682,2025-10-26,85.11
2682,2025-10-26,80.53
2682,2025-12-24,60.58
2683,2024-01-09,26.01
2684,2024-01-06,22.07
2684,2024-02-10,13.42
2684,2024-03-07,29.6
2684,2024-04-09,24.52
2684,2024-04-18,27.99
2684,2024-06-23,23.6
2684,2024-08-06,25.77
2684,2024-09-17,20.34
2685,2024-01-17,35.83
2686,2024-02-05,80.63
2686,2024-02-07,44.66
2686,2024-02-14,86.8
2686,2024-05-04,29.74
2686,2024-05-07,89.14
2686,2024-08-02,77.71
2686,2024-09-09,99.56
2686,2024-09-11,41.21
2686,2024-10-09,54.77
2686,2025-02-28,43.82
2686,2025-03-11,57.89
2687,2024-02-05,22.61
2688,2024-05-11,12.45
2688,2024-09-18,22.14
2689,2024-04-15,37.21
2689,2024-10-05,51.32
2689,2024-12-11,51.3
2689,2024-12-24,76.63
2690,2024-02-03,66.3
2690,2024-03-23,204.72
2690,2024-05-21,164.92
2690,2024-07-25,156.31
2690,2024-08-25,158.5
2690,2024-09-24,78.41
2690,2024-10-30,90.0
2691,2024-03-30,43.33
2692,2024-03-26,22.88
2692,2024-04-15,23.94
2692,2024-06-11,24.07
2692,2024-06-28,39.97
2692,2024-10-01,20.11
2692,2024-11-16,25.46
2692,2025-02-15,38.21
2692,2025-05-07,17.19
2692,2025-06-02,14.78
2692,2025-07-30,18.91
2692,2025-07-31,48.16
2692,2025-08-04,19.38
2692,2025-09-27,25.66
2692,2025-10-02,31.55
2692,2025-12-09,25.64
2693,2024-04-11,21.4
2694,2024-04-21,17.04
2695,2024-05-11,40.04
2695,2024-06-22,30.23
2696,2024-06-12,25.09
2696,2024-06-14,43.08
2696,2024-06-17,43.74
2696,2024-06-19,41.56
2696,2024-08-26,23.92
2696,2024-10-03,113.83
2696,2024-12-11,72.12
2696,2025-01-05,39.5
2696,2025-01-10,20.15
2696,2025-02-12,47.47
2696,2025-04-16,51.34
2696,2025-04-22,38.24
2696,2025-04-24,77.51
2696,2025-06-28,56.54
2696,2025-08-01,39.03
2696,2025-08-08,63.47
2696,2025-08-12,28.35
2696,2025-08-12,50.96
2696,2025-09-28,66.75
2696,2025-10-09,54.13
2696,2025-10-10,61.91
2696,2025-10-18,39.75
2696,2025-11-22,43.48
2696,2025-11-26,63.97
2697,2024-06-07,44.46
2697,2025-12-08,22.46
2698,2024-04-27,20.74
2698,2024-04-28,28.11
2698,2024-04-29,26.87
2698,2024-05-17,21.54
2698,2024-05-22,31.81
2698,2024-06-29,20.93
2698,2024-07-02,40.54
2698,2024-07-21,30.77
2698,2024-08-10,49.32
2698,2024-08-14,26.3
2698,2024-09-09,17.74
2698,2024-09-11,27.52
2698,2024-10-13,31.25
2698,2024-10-16,51.45
2698,2024-10-21,36.49
2698,2024-10-25,17.34
2698,2024-10-31,26.56
2698,2024-11-03,46.63
2698,2024-11-23,13.62
2698,2024-12-04,17.74
2698,2024-12-05,22.86
2698,2024-12-08,13.56
2698,2024-12-09,27.71
2698,2025-01-05,19.83
2698,2025-01-06,44.34
2698,2025-01-10,22.08
2698,2025-01-12,22.01
2698,2025-01-26,17.5
2698,2025-02-11,30.79
2698,2025-03-23,14.18
2698,2025-03-25,21.68
2698,2025-03-26,27.11
2698,2025-03-26,20.73
2698,2025-04-12,23.49
2698,2025-04-14,36.16
2698,2025-04-15,16.73
2698,2025-04-21,33.45
2698,2025-04-22,14.17
2698,2025-04-24,30.93
2698,2025-05-03,19.15
2698,2025-06-27,22.54
2698,2025-07-02,24.72
2698,2025-07-05,22.94
2698,2025-07-08,27.04
2698,2025-07-25,38.66
2698,2025-08-10,30.96
2698,2025-08-21,7.43
2698,2025-09-16,31.92
2698,2025-09-22,33.14
2698,2025-10-12,34.64
2698,2025-10-15,29.95
2698,2025-10-18,29.2
2698,2025-10-19,27.44
2698,2025-10-19,41.19
2698,2025-10-27,16.85
2698,2025-11-09,25.04
2698,2025-11-12,25.22
2698,2025-11-16,31.16
2698,2025-11-28,19.49
2698,2025-12-12,28.87
2699,2024-06-21,24.98
2699,2024-07-11,15.76
2699,2024-07-30,19.68
2699,2024-12-17,51.76
2699,2025-03-06,33.25
2699,2025-06-08,15.5
2699,2025-07-09,27.37
2699,2025-07-15,44.23
2699,2025-11-20,61.67
2700,2024-03-20,91.44
2700,2024-04-19,75.42
2700,2024-05-01,58.63
2700,2024-05-05,56.6
2700,2024-05-11,61.53
2701,2024-01-02,25.29
2702,2024-06-18,32.13
2703,2024-01-05,24.4
2703,2024-01-08,35.28
2704,2024-02-29,21.93
2704,2024-07-01,14.73
2705,2024-01-26,72.09
2705,2024-02-09,42.6
2706,2024-06-17,11.91
2707,2024-03-01,21.31
2707,2024-03-11,30.19
2707,2024-03-14,49.59
2707,2024-03-21,22.26
2707,2024-03-23,13.79
2707,2024-05-04,27.18
2707,2024-05-22,22.08
2707,2024-06-22,32.38
2708,2024-02-17,21.26
2708,2024-08-21,37.56
2708,2025-01-26,56.98
2709,2024-05-20,31.61
2709,2024-06-24,7.67
2710,2024-03-24,6.82
2711,2024-03-05,53.8
2711,2024-05-09,29.34
2711,2024-07-11,47.98
2711,2024-09-24,18.78
2711,2025-01-13,16.24
2711,2025-03-08,51.57
2711,2025-03-17,24.58
2711,2025-06-25,22.7
2712,2024-04-12,13.45
2712,2024-09-25,15.03
2712,2024-10-07,20.81
2712,2025-01-04,13.9
2712,2025-01-11,10.56
2712,2025-02-20,32.07
2712,2025-05-07,20.32
2712,2025-06-06,14.63
2712,2025-09-03,15.68
2712,2025-09-04,15.9
2712,2025-10-12,16.48
2713,2024-05-11,155.73
2714,2024-05-21,14.12
2714,2024-12-08,45.45
2715,2024-04-24,15.16
2715,2024-04-24,23.05
2715,2024-08-03,15.66
2715,2024-11-01,20.88
2715,2024-11-02,27.68
2715,2024-12-19,11.03
2715,2025-01-10,37.45
2715,2025-01-12,14.66
2715,2025-03-18,34.19
2716,2024-05-07,66.07
2716,2024-05-22,31.46
2716,2024-07-07,58.25
2716,2024-07-11,38.49
2716,2024-07-22,32.69
2716,2024-08-05,41.76
2716,2024-08-18,70.63
2716,2024-09-10,63.41
2716,2024-10-30,33.54
2716,2024-11-01,62.59
2716,2024-11-02,41.79
2716,2024-11-04,24.62
2716,2024-11-13,20.36
2716,2024-11-13,17.42
2717,2024-02-23,19.34
2718,2024-01-24,18.99
2718,2024-06-16,28.83
2718,2024-07-13,26.4
2719,2024-03-23,47.98
2720,2024-01-18,33.88
2721,2024-06-08,65.74
2722,2024-04-30,22.76
2723,2024-06-17,17.14
2723,2024-07-24,25.12
2723,2024-07-30,35.31
2723,2024-11-03,37.52
2723,2024-12-25,23.93
2723,2025-01-04,29.21
2723,2025-03-29,11.97
2723,2025-07-06,31.34
2723,2025-07-20,24.99
2723,2025-08-06,39.48
2723,2025-12-25,17.99
2724,2024-01-03,30.37
2724,2024-02-08,24.4
2724,2024-03-05,33.24
2725,2024-01-13,23.12
2726,2024-01-23,15.06
2727,2024-04-03,17.32
2727,2024-04-06,21.15
2727,2024-04-21,25.82
2727,2024-04-29,39.23
2727,2024-05-29,24.04
2727,2024-06-30,38.03
2727,2024-07-10,20.62
2727,2024-07-11,31.04
2727,2024-08-02,13.97
2727,2024-08-19,28.66
2727,2024-08-25,26.26
2727,2024-09-29,40.64
2727,2024-11-01,16.99
2727,2024-12-14,22.66
2727,2024-12-25,39.06
2727,2024-12-29,29.39
2727,2024-12-30,19.44
2727,2025-01-16,8.54
2727,2025-01-22,37.84
2727,2025-01-31,18.08
2727,2025-02-15,20.32
2727,2025-02-15,28.82
2727,2025-05-06,28.72
2727,2025-06-24,14.81
2727,2025-07-07,28.33
2727,2025-07-13,37.55
2727,2025-08-15,15.37
2727,2025-08-20,34.09
2727,2025-08-27,22.86
2727,2025-09-06,20.73
2727,2025-10-04,13.39
2727,2025-10-24,42.28
2727,2025-11-07,29.24
2727,2025-11-24,17.6
2727,2025-11-27,26.77
2728,2024-03-02,81.06
2728,2024-03-03,40.89
2728,2024-03-21,91.74
2728,2024-04-01,50.92
2728,2024-04-18,63.93
2728,2024-05-18,49.53
2728,2024-06-03,59.94
2728,2024-06-03,27.02
2728,2024-07-01,58.91
2728,2024-07-22,77.22
2728,2024-07-23,67.55
2728,2024-08-10,66.93
2728,2024-08-15,62.49
2728,2024-09-13,46.45
2728,2024-10-31,85.51
2728,2024-11-06,43.06
2728,2024-11-24,55.25
2728,2024-12-07,72.77
2728,2024-12-25,113.71
2728,2024-12-31,67.38
2728,2025-01-21,46.45
2728,2025-02-28,70.29
2728,2025-03-04,44.96
2728,2025-03-11,79.39
2728,2025-03-26,56.91
2728,2025-04-14,141.11
2728,2025-04-24,76.36
2728,2025-04-30,15.8
2728,2025-05-02,66.96
2728,2025-05-13,52.78
2728,2025-05-24,43.73
2728,2025-06-07,50.72
2728,2025-07-02,118.54
2728,2025-07-06,35.3
2728,2025-07-29,43.43
2728,2025-08-14,58.61
2728,2025-08-20,59.15
2728,2025-09-16,34.21
2728,2025-09-21,54.86
2728,2025-10-11,77.72
2728,2025-11-17,60.83
2728,2025-12-07,46.21
2728,2025-12-17,48.26
2729,2024-03-26,16.94
2729,2025-09-26,21.19
2730,2024-05-27,52.34
2731,2024-01-05,52.4
2731,2024-01-05,45.07
2731,2024-01-11,22.07
2731,2024-02-05,33.27
2731,2024-02-15,21.47
2731,2024-04-25,21.55
2731,2024-07-08,33.33
2731,2024-10-14,14.97
2731,2024-10-28,27.22
2731,2025-02-15,17.14
2731,2025-03-15,40.32
2731,2025-04-10,21.46
2731,2025-05-04,21.33
2732,2024-02-20,25.37
2732,2024-07-17,18.93
2732,2024-07-28,16.06
2732,2024-10-07,10.29
2732,2025-05-29,26.41
2733,2024-04-25,54.75
2733,2024-04-28,47.44
2733,2024-05-13,32.51
2733,2024-07-06,29.64
2733,2024-09-18,20.71
2733,2024-10-23,33.53
2733,2024-11-20,13.0
2733,2024-12-03,19.38
2733,2024-12-20,26.94
2733,2025-01-10,34.32
2733,2025-01-28,35.63
2733,2025-02-25,42.3
2733,2025-03-17,28.56
2733,2025-04-07,14.87
2734,2024-03-12,30.56
2734,2024-08-31,32.22
2735,2024-04-15,38.42
2735,2024-05-07,24.98
2735,2024-05-20,12.49
2736,2024-04-23,34.55
2736,2024-05-12,33.09
2736,2024-05-16,27.41
2736,2024-05-20,29.53
2736,2024-06-09,33.23
2736,2024-06-18,39.43
2736,2024-07-03,51.94
2736,2024-07-07,22.19
2736,2024-07-15,36.41
2736,2024-07-18,42.95
2736,2024-08-16,23.37
2736,2024-08-21,14.72
2736,2024-09-01,25.11
2736,2024-09-08,54.93
2736,2024-10-22,17.06
2736,2024-11-14,36.61
2736,2024-12-02,27.99
2736,2025-01-19,66.61
2736,2025-02-13,21.15
2736,2025-02-27,52.9
2736,2025-03-17,27.29
2736,2025-03-17,38.14
2736,2025-06-02,43.04
2736,2025-08-31,22.48
2736,2025-09-14,26.39
2736,2025-12-04,33.12
2736,2025-12-10,31.64
2737,2024-04-23,28.83
2737,2024-05-02,22.41
2738,2024-06-08,14.55
2738,2024-08-11,39.33
2738,2025-04-27,29.91
2738,2025-10-26,31.36
2738,2025-11-28,31.39
2739,2024-05-20,18.78
2739,2025-03-01,18.2
2739,2025-03-24,21.28
2739,2025-04-21,18.65
2739,2025-05-25,16.7
2739,2025-06-18,26.93
2740,2024-06-01,10.89
2741,2024-06-15,18.45
2741,2024-06-26,18.41
2741,2024-07-14,12.7
2741,2024-08-21,13.24
2741,2025-01-05,8.76
2741,2025-07-26,14.32
2741,2025-10-30,14.45
2742,2024-04-25,21.97
2742,2025-05-22,7.2
2742,2025-07-19,20.9
2743,2024-04-04,9.14
2743,2025-02-05,8.82
2744,2024-05-30,13.4
2744,2024-06-23,21.63
2745,2024-03-24,15.62
2745,2025-06-17,15.88
2746,2024-02-02,4.32
2747,2024-06-18,26.51
2748,2024-02-22,19.29
2748,2024-04-08,12.47
2748,2024-09-30,18.81
2748,2025-02-17,12.5
2748,2025-03-06,20.11
2748,2025-05-02,4.04
2748,2025-06-25,6.94
2748,2025-09-25,16.21
2748,2025-12-21,10.98
2749,2024-06-04,50.14
2750,2024-04-09,97.96
2750,2024-05-17,32.63
2750,2024-06-03,71.36
2750,2024-06-18,154.51
2750,2024-06-23,88.86
2750,2024-07-03,38.01
2750,2024-07-24,48.72
2750,2024-08-03,40.11
2750,2024-08-24,65.42
2750,2024-08-27,36.56
2750,2024-08-31,43.48
2750,2024-10-06,42.45
2750,2024-10-18,35.0
2750,2024-11-15,29.08
2750,2024-12-12,46.64
2750,2024-12-29,83.06
2750,2025-03-08,44.4
2750,2025-03-09,64.1
2750,2025-03-09,77.05
2750,2025-03-18,85.02
2750,2025-03-26,39.08
2750,2025-03-28,55.33
2750,2025-04-04,27.69
2750,2025-05-22,58.15
2750,2025-05-31,82.18
2750,2025-06-11,48.65
2750,2025-09-08,67.83
2750,2025-10-16,49.36
2750,2025-11-07,72.51
2751,2024-06-16,39.64
2751,2024-08-03,17.31
2752,2024-01-28,45.43
2753,2024-02-14,51.22
2753,2024-02-14,77.13
2753,2024-02-22,73.04
2753,2024-03-08,24.04
2753,2024-04-03,82.96
2753,2024-04-14,43.66
2753,2024-07-25,20.3
2753,2024-08-16,13.12
2753,2024-08-18,31.02
2753,2024-08-20,32.57
2753,2024-09-17,62.35
2753,2024-10-31,19.21
2753,2024-12-17,28.43
2753,2024-12-20,24.37
2753,2025-02-16,62.74
2753,2025-03-30,31.75
2753,2025-04-15,35.47
2753,2025-05-03,37.67
2753,2025-06-23,62.13
2753,2025-06-25,25.97
2753,2025-07-09,32.78
2753,2025-07-10,61.22
2753,2025-07-10,21.15
2753,2025-08-06,54.92
2753,2025-08-07,31.74
2753,2025-08-14,32.86
2753,2025-09-14,30.39
2753,2025-10-10,13.08
2753,2025-11-18,30.97
2753,2025-11-21,44.1
2753,2025-12-04,26.43
2754,2024-03-31,40.26
2755,2024-02-15,9.52
2755,2024-04-02,23.63
2755,2024-05-19,13.57
2755,2025-03-27,21.43
2756,2024-06-24,120.06
2757,2024-01-18,19.32
2757,2024-01-19,12.8
2757,2024-02-23,13.82
2758,2024-03-27,20.94
2758,2024-04-19,9.53
2758,2024-04-28,12.69
2758,2024-05-24,32.8
2758,2024-06-02,17.3
2758,2024-07-19,14.44
2758,2024-07-26,36.28
2758,2024-07-27,12.87
2758,2024-08-21,35.33
2758,2024-08-23,23.6
2758,2024-09-01,17.61
2758,2024-10-03,18.3
2758,2024-10-05,5.74
2758,2024-10-12,14.78
2758,2024-11-28,12.85
2758,2024-12-01,26.91
2758,2024-12-01,11.72
2758,2025-01-17,9.24
2758,2025-02-19,19.07
2758,2025-03-29,10.67
2758,2025-04-19,9.38
2758,2025-05-06,20.75
2758,2025-05-29,11.86
2758,2025-06-26,28.11
2758,2025-07-04,18.44
2758,2025-07-10,15.86
2758,2025-07-13,10.63
2758,2025-10-11,18.1
2758,2025-10-28,8.7
2758,2025-10-28,9.48
2758,2025-11-19,10.26
2758,2025-11-26,13.17
2758,2025-12-18,21.45
2759,2024-02-11,18.83
2760,2024-01-14,21.1
2760,2024-01-21,22.17
2761,2024-02-26,7.36
2761,2024-03-11,15.14
2761,2024-05-08,14.12
2761,2024-06-04,35.16
2761,2024-07-04,27.15
2761,2024-07-07,7.02
2761,2024-08-20,20.8
2761,2024-08-21,11.06
2761,2024-08-25,8.71
2761,2024-08-28,20.29
2761,2024-12-24,16.0
2761,2025-01-21,17.55
2761,2025-02-09,13.35
2761,2025-02-22,15.38
2761,2025-03-14,5.02
2761,2025-03-23,16.12
2761,2025-04-22,25.73
2761,2025-04-23,12.4
2761,2025-06-12,18.02
2761,2025-07-18,13.06
2761,2025-08-24,20.99
2761,2025-09-05,11.06
2761,2025-09-08,17.08
2761,2025-09-09,12.55
2761,2025-09-15,5.61
2761,2025-10-23,10.68
2761,2025-11-18,20.32
2761,2025-12-12,9.9
2762,2024-05-12,13.26
2762,2024-06-23,16.88
2762,2024-07-05,23.98
2762,2024-08-20,25.4
2762,2024-11-24,20.42
2762,2024-12-13,19.61
2762,2025-02-18,17.08
2762,2025-03-23,19.89
2762,2025-04-26,19.1
2762,2025-05-23,22.71
2762,2025-07-01,31.04
2763,2024-02-11,28.19
2763,2024-03-28,24.82
2763,2025-06-03,25.17
2763,2025-08-27,9.85
2763,2025-12-22,30.6
2763,2025-12-26,13.07
2764,2024-03-29,11.64
2765,2024-02-21,24.24
2765,2024-04-01,29.1
2766,2024-04-09,32.71
2766,2024-05-21,124.71
2766,2024-06-29,25.43
2766,2024-08-19,126.35
2766,2024-09-09,54.83
2766,2024-09-12,80.27
2766,2024-11-22,64.11
2766,2025-02-06,97.6
2766,2025-02-23,44.84
2766,2025-02-25,90.09
2766,2025-05-06,119.77
2766,2025-05-26,108.7
2766,2025-06-08,102.88
2766,2025-07-20,109.89
2766,2025-08-27,57.05
2767,2024-06-29,50.92
2767,2025-03-05,36.16
2767,2025-06-06,21.39
2767,2025-07-19,28.08
2767,2025-08-15,81.38
2767,2025-12-04,42.0
2768,2024-05-11,20.38
2769,2024-03-29,17.69
2769,2024-04-08,11.86
2769,2024-06-14,7.91
2769,2024-08-29,15.3
2769,2024-12-05,12.38
2769,2024-12-27,7.51
2769,2024-12-30,9.4
2769,2025-02-03,15.8
2769,2025-08-02,17.11
2769,2025-08-30,13.29
2769,2025-12-16,10.13
2770,2024-02-01,24.69
2770,2024-03-25,23.06
2770,2024-05-14,41.83
2770,2024-07-28,16.57
2770,2025-01-14,30.64
2770,2025-04-30,29.04
2770,2025-05-13,20.37
2770,2025-05-24,22.35
2770,2025-07-25,29.37
2770,2025-09-06,16.67
2770,2025-10-15,20.96
2770,2025-11-13,22.98
2771,2024-03-01,13.86
2771,2024-03-16,16.9
2771,2024-04-08,23.67
2771,2024-05-22,8.52
2771,2024-06-07,11.99
2771,2024-08-21,9.44
2771,2024-08-27,17.13
2771,2024-09-21,28.77
2771,2024-10-08,18.96
2771,2024-10-14,27.54
2771,2024-11-08,14.92
2771,2025-03-05,14.29
2771,2025-07-11,15.89
2771,2025-08-14,12.16
2771,2025-09-05,7.04
2771,2025-09-28,15.69
2771,2025-11-24,7.87
2771,2025-11-30,19.04
2771,2025-12-02,29.6
2772,2024-01-31,11.92
2772,2024-02-16,15.93
2772,2024-02-28,16.05
2772,2024-04-11,21.82
2772,2024-05-04,18.8
2772,2024-05-14,13.22
2772,2024-06-06,27.09
2772,2024-07-29,16.47
2772,2024-08-16,18.79
2772,2024-08-28,29.2
2772,2024-09-01,15.88
2772,2024-09-09,19.28
2772,2024-10-12,31.2
2772,2024-10-17,12.31
2772,2024-10-20,23.94
2772,2024-10-31,24.8
2772,2024-11-12,32.68
2772,2024-12-29,24.68
2772,2025-01-16,11.68
2772,2025-03-16,42.76
2772,2025-05-14,13.13
2772,2025-07-06,30.79
2772,2025-07-24,26.36
2772,2025-08-16,22.8
2772,2025-09-16,14.15
2772,2025-11-12,14.78
2773,2024-02-01,14.38
2773,2024-02-13,15.44
2773,2024-02-20,36.85
2773,2024-02-24,10.05
2773,2024-03-07,14.38
2773,2024-03-14,15.85
2773,2024-03-29,39.57
2773,2024-04-01,16.71
2773,2024-04-04,27.23
2773,2024-04-09,29.61
2773,2024-04-15,26.86
2773,2024-04-17,24.19
2773,2024-04-25,9.43
2773,2024-05-08,5.4
2773,2024-05-13,11.91
2773,2024-05-26,17.21
2773,2024-06-02,11.9
2773,2024-06-10,18.08
2773,2024-07-06,13.1
2773,2024-07-19,10.86
2773,2024-07-27,21.27
2773,2024-08-03,13.32
2773,2024-08-03,18.7
2773,2024-08-08,25.23
2773,2024-08-15,11.22
2773,2024-08-20,13.31
2773,2024-08-22,18.73
2773,2024-08-27,5.75
2773,2024-09-30,30.56
2773,2024-10-11,20.33
2773,2024-10-30,29.27
2773,2024-11-11,13.86
2773,2024-11-12,9.84
2773,2024-11-13,23.66
2773,2024-11-13,10.3
2773,2024-12-13,16.56
2773,2024-12-24,12.33
2773,2024-12-28,11.98
2773,2025-01-07,39.37
2773,2025-01-09,11.31
2773,2025-01-12,28.31
2773,2025-02-11,12.51
2773,2025-02-13,8.01
2773,2025-02-19,55.4
2773,2025-02-22,18.99
2773,2025-02-24,13.12
2773,2025-03-10,24.54
2773,2025-03-12,38.1
2773,2025-03-26,16.54
2773,2025-04-12,18.79
2773,2025-05-15,16.42
2773,2025-06-17,25.19
2773,2025-06-19,24.61
2773,2025-07-19,27.71
2773,2025-08-10,6.46
2773,2025-08-25,17.55
2773,2025-09-21,14.42
2773,2025-10-06,33.56
2773,2025-10-15,12.78
2773,2025-10-16,30.27
2773,2025-11-11,9.36
2773,2025-11-19,25.02
2773,2025-11-24,11.39
2773,2025-12-07,20.87
2773,2025-12-19,10.53
2773,2025-12-24,15.3
2774,2024-05-03,36.83
2774,2024-09-15,33.92
2774,2024-10-03,36.66
2774,2024-10-10,38.87
2774,2024-10-18,31.79
2774,2024-12-19,25.96
2774,2025-01-03,24.24
2774,2025-04-19,31.35
2774,2025-06-05,41.19
2774,2025-10-05,31.41
2774,2025-11-29,14.93
2775,2024-05-07,20.1
2775,2024-05-09,15.62
2775,2024-05-10,12.81
2775,2024-05-25,20.57
2775,2024-07-06,42.38
2775,2024-08-06,44.63
2775,2024-09-13,12.31
2775,2024-12-31,24.07
2775,2025-01-31,37.73
2775,2025-02-16,21.38
2775,2025-04-13,19.52
2775,2025-04-16,31.45
2775,2025-05-07,26.89
2776,2024-03-04,12.56
2776,2024-03-25,15.76
2776,2024-03-29,13.48
2777,2024-01-14,20.87
2777,2024-02-19,47.91
2777,2024-03-28,24.13
2777,2024-03-28,22.65
2778,2024-04-16,18.5
2778,2024-12-24,22.01
2778,2025-01-01,29.84
2778,2025-12-10,19.77
2779,2024-06-04,48.57
2779,2024-12-16,14.31
2780,2024-06-15,28.17
2780,2024-06-27,25.38
2780,2024-08-18,17.68
2781,2024-03-29,28.75
2781,2025-04-17,56.28
2781,2025-07-16,22.79
2781,2025-12-14,21.92
2781,2025-12-26,61.57
2782,2024-01-23,11.46
2782,2024-01-31,24.45
2782,2024-10-30,41.87
2782,2025-02-17,24.69
2782,2025-06-26,30.81
2782,2025-06-29,22.24
2782,2025-09-27,11.89
2782,2025-11-23,22.21
2783,2024-06-15,54.05
2784,2024-05-21,12.39
2784,2024-05-26,16.77
2784,2024-06-03,12.55
2784,2024-06-24,22.57
2784,2024-07-01,11.3
2784,2024-09-10,12.37
2784,2024-09-18,17.63
2784,2024-09-23,17.42
2784,2024-10-18,11.45
2784,2024-10-28,25.73
2784,2024-10-29,19.03
2784,2024-11-01,11.65
2784,2024-11-01,14.34
2784,2024-11-16,11.96
2784,2025-01-07,8.56
2784,2025-01-21,16.71
2784,2025-02-11,20.05
2784,2025-02-14,8.98
2784,2025-02-27,10.63
2784,2025-03-25,12.13
2784,2025-04-03,15.34
2784,2025-04-13,13.96
2784,2025-04-17,29.13
2784,2025-04-21,9.42
2784,2025-05-09,12.8
2784,2025-06-02,24.33
2784,2025-06-09,27.14
2784,2025-06-17,14.05
2784,2025-07-09,15.1
2784,2025-07-14,16.77
2784,2025-08-02,21.35
2784,2025-08-19,15.46
2784,2025-10-15,16.42
2784,2025-11-01,33.48
2784,2025-11-06,9.88
2784,2025-11-23,13.65
2784,2025-12-01,14.15
2784,2025-12-14,20.04
2784,2025-12-14,8.37
2785,2024-05-09,15.85
2785,2024-06-30,45.0
2785,2024-07-28,22.33
2785,2024-08-06,15.63
2785,2024-10-16,31.24
2785,2024-11-07,28.52
2785,2024-12-16,23.86
2785,2024-12-24,12.29
2785,2025-01-14,34.98
2785,2025-03-03,13.61
2785,2025-03-21,39.77
2785,2025-03-26,21.25
2785,2025-04-01,34.41
2785,2025-05-05,31.23
2785,2025-06-10,43.33
2785,2025-07-12,26.42
2785,2025-08-05,15.11
2785,2025-08-29,37.55
2785,2025-09-29,29.29
2785,2025-11-06,33.31
2785,2025-11-22,21.1
2785,2025-12-15,23.46
2786,2024-05-06,28.05
2787,2024-01-12,23.07
2787,2024-04-15,11.48
2787,2024-05-06,25.82
2787,2024-11-08,31.43
2787,2024-11-28,21.05
2788,2024-05-23,10.21
2788,2024-06-10,6.93
2788,2024-09-25,4.35
2788,2024-12-19,9.91
2789,2024-05-08,14.61
2789,2024-05-22,13.89
2789,2024-06-30,19.89
2789,2024-08-18,7.55
2789,2024-09-12,8.44
2789,2024-09-14,31.11
2789,2025-01-10,22.71
2789,2025-01-21,15.48
2789,2025-02-14,21.98
2789,2025-02-16,14.06
2789,2025-03-27,22.79
2789,2025-03-30,21.39
2789,2025-06-09,19.12
2789,2025-07-06,21.87
2789,2025-07-30,12.21
2789,2025-08-09,19.58
2789,2025-08-24,4.72
2789,2025-09-02,33.18
2789,2025-09-20,8.73
2789,2025-09-23,20.82
2789,2025-09-26,19.67
2789,2025-10-05,12.38
2789,2025-10-29,38.43
2789,2025-11-16,51.04
2789,2025-11-26,11.85
2790,2024-02-04,173.44
2791,2024-02-18,28.07
2791,2024-02-22,54.46
2791,2024-06-09,47.22
2792,2024-02-09,19.37
2792,2024-02-20,26.41
2792,2024-03-09,29.63
2792,2024-04-15,30.93
2792,2024-04-16,30.71
2792,2024-04-27,14.86
2792,2024-05-12,34.82
2793,2024-02-09,8.5
2793,2024-03-08,29.93
2793,2024-04-04,9.37
2794,2024-03-12,18.87
2794,2024-04-18,17.23
2794,2024-05-24,33.2
2794,2025-01-02,17.93
2794,2025-01-04,18.97
2794,2025-01-20,14.93
2794,2025-04-14,14.78
2794,2025-09-19,21.35
2794,2025-10-30,35.98
2795,2024-03-11,35.57
2795,2024-05-08,51.3
2795,2025-02-25,10.18
2795,2025-05-15,14.7
2795,2025-05-29,67.2
2795,2025-06-05,25.62
2796,2024-06-21,9.07
2796,2024-08-21,6.34
2796,2024-08-31,16.1
2796,2024-09-05,13.87
2797,2024-06-28,10.12
2797,2024-07-17,18.46
2797,2024-09-05,11.36
2797,2024-09-20,29.24
2797,2024-10-01,20.22
2797,2024-10-20,11.76
2797,2024-10-31,16.44
2797,2024-11-14,29.5
2797,2024-12-16,16.25
2798,2024-01-13,50.03
2799,2024-04-19,33.88
2799,2024-05-01,44.49
2799,2025-03-02,33.39
2799,2025-06-09,34.61
2800,2024-02-01,84.43
2800,2024-08-01,47.41
2800,2024-10-19,77.93
2801,2024-03-25,16.97
2801,2024-03-26,24.3
2802,2024-01-01,13.55
2803,2024-01-17,22.69
2803,2024-03-10,16.81
2803,2024-04-18,16.79
2803,2024-06-17,22.9
2803,2024-06-21,21.19
2803,2024-08-02,28.39
2803,2024-08-05,45.23
2803,2024-08-11,14.12
2803,2024-08-17,11.09
2803,2024-08-22,11.17
2803,2024-08-24,26.4
2803,2024-09-07,30.87
2803,2024-12-15,14.44
2803,2024-12-25,16.61
2803,2025-07-18,8.88
2803,2025-09-09,28.33
2803,2025-09-14,17.13
2803,2025-09-30,16.63
2803,2025-10-03,31.64
2803,2025-11-18,26.99
2803,2025-11-24,17.41
2804,2024-02-27,14.3
2804,2024-03-18,17.73
2805,2024-05-16,17.86
2805,2025-01-27,9.32
2805,2025-05-09,33.03
2805,2025-08-07,17.89
2805,2025-08-20,16.93
2805,2025-10-16,25.3
2805,2025-12-08,39.58
2805,2025-12-24,40.65
2806,2024-02-10,68.77
2806,2024-02-13,42.83
2807,2024-05-12,85.77
2807,2024-05-14,69.1
2807,2024-05-16,64.72
2807,2024-06-07,49.37
2808,2024-04-27,4.6
2808,2024-04-27,20.74
2809,2024-06-02,14.36
2809,2024-06-02,23.68
2809,2024-06-02,16.99
2809,2024-06-07,21.63
2809,2024-06-20,18.12
2809,2024-06-27,14.21
2809,2024-07-23,25.62
2809,2024-07-27,27.11
2809,2024-08-05,29.22
2809,2024-08-07,40.17
2809,2024-08-09,11.65
2809,2024-08-16,38.55
2809,2024-08-24,9.54
2809,2024-09-03,14.0
2809,2024-09-20,11.69
2809,2024-09-22,30.4
2809,2024-09-25,24.24
2809,2024-09-26,48.55
2809,2024-09-28,37.62
2809,2024-10-08,20.86
2809,2024-10-09,12.91
2809,2024-10-12,14.29
2809,2024-10-17,18.47
2809,2024-10-17,24.49
2809,2024-10-23,20.27
2809,2024-11-07,16.39
2809,2024-11-13,26.6
2809,2024-11-19,10.73
2809,2024-11-27,17.28
2809,2024-12-07,44.72
2809,2024-12-14,14.98
2809,2024-12-27,37.77
2809,2025-01-01,23.54
2809,2025-01-01,27.4
2809,2025-01-04,26.57
2809,2025-01-17,24.76
2809,2025-02-01,9.08
2809,2025-02-08,11.24
2809,2025-02-10,27.62
2809,2025-02-14,24.07
2809,2025-02-19,13.34
2809,2025-02-23,24.09
2809,2025-03-01,18.69
2809,2025-03-03,17.49
2809,2025-03-17,23.14
2809,2025-03-21,26.02
2809,2025-03-24,33.81
2809,2025-03-31,11.99
2809,2025-04-03,5.82
2809,2025-04-10,16.55
2809,2025-05-13,23.9
2809,2025-06-11,20.07
2809,2025-07-15,24.01
2809,2025-07-16,16.57
2809,2025-07-19,25.1
2809,2025-07-24,21.25
2809,2025-08-02,30.19
2809,2025-08-10,32.06
2809,2025-08-21,20.28
2809,2025-09-14,15.71
2809,2025-09-21,12.5
2809,2025-09-24,20.33
2809,2025-10-24,15.97
2809,2025-10-27,34.77
2809,2025-10-31,42.1
2809,2025-12-19,28.93
2809,2025-12-20,27.91
2809,2025-12-27,7.07
2810,2024-03-30,31.81
2810,2024-04-19,35.28
2810,2024-06-16,24.89
2810,2024-09-17,32.37
2810,2025-10-02,27.78
2811,2024-02-24,30.26
2811,2024-06-20,20.07
2811,2024-08-23,34.68
2811,2024-09-01,16.75
2811,2024-09-13,63.48
2811,2024-10-04,35.85
2811,2024-12-05,16.21
2811,2025-02-03,30.93
2812,2024-03-13,53.17
2812,2024-03-19,91.83
2812,2024-03-19,20.9
2812,2024-03-20,33.04
2812,2024-03-24,32.99
2813,2024-01-23,53.21
2813,2024-02-23,43.24
2814,2024-02-07,79.31
2815,2024-05-30,18.23
2815,2024-07-05,19.76
2815,2024-08-02,41.27
2815,2024-08-02,14.36
2815,2024-10-02,23.17
2815,2024-11-28,16.74
2815,2024-12-10,24.54
2815,2025-01-24,15.46
2815,2025-03-20,24.03
2815,2025-06-21,17.31
2816,2024-02-08,28.06
2816,2024-03-28,17.24
2816,2024-11-13,12.87
2816,2025-02-19,15.26
2816,2025-04-12,8.11
2817,2024-02-21,19.69
2817,2024-04-13,38.12
2817,2024-05-10,38.54
2817,2024-05-20,16.32
2817,2024-05-21,12.46
2817,2024-05-25,25.43
2817,2024-05-26,30.34
2817,2024-06-21,33.99
2817,2024-07-14,20.29
2818,2024-03-25,50.89
2818,2024-03-25,55.99
2818,2024-04-06,36.74
2818,2024-04-21,79.39
2818,2024-04-26,124.09
2818,2024-05-17,59.04
2818,2024-05-22,89.09
2819,2024-02-18,17.45
2820,2024-02-07,18.61
2821,2024-03-03,22.99
2821,2024-07-04,14.15
2821,2024-09-03,26.51
2821,2024-09-10,11.39
2821,2024-09-16,14.93
2821,2024-10-25,12.57
2821,2024-12-09,40.57
2821,2024-12-17,26.13
2821,2024-12-30,24.94
2821,2025-01-10,12.29
2821,2025-02-26,21.95
2821,2025-03-27,14.1
2821,2025-05-28,14.44
2821,2025-06-26,18.63
2821,2025-07-06,23.86
2821,2025-07-31,22.34
2821,2025-08-31,15.02
2821,2025-11-17,16.86
2821,2025-12-12,19.58
2822,2024-02-16,44.67
2822,2024-02-28,62.21
2822,2024-05-03,80.27
2822,2024-05-11,55.2
2822,2024-06-14,41.04
2822,2024-06-15,49.89
2822,2024-09-04,73.52
2822,2024-09-27,37.21
2822,2024-10-12,60.27
2822,2024-12-22,41.39
2822,2025-01-20,43.16
2822,2025-02-06,33.92
2822,2025-02-11,19.88
2822,2025-02-22,59.33
2822,2025-04-14,66.06
2822,2025-05-11,34.31
2822,2025-05-31,49.95
2822,2025-06-12,70.62
2822,2025-07-04,40.86
2822,2025-08-10,68.0
2822,2025-09-24,47.91
2822,2025-11-13,26.91
2823,2024-03-08,29.79
2823,2024-04-14,16.6
2823,2024-05-04,17.9
2823,2024-05-17,14.61
2823,2024-07-20,18.6
2823,2024-07-23,15.58
2823,2024-08-15,27.44
2823,2024-10-11,16.09
2823,2024-10-20,12.29
2823,2024-11-09,11.13
2823,2024-11-20,23.65
2823,2024-11-30,23.08
2823,2024-12-03,30.71
2823,2025-02-14,9.18
2823,2025-03-04,11.28
2823,2025-03-27,12.23
2823,2025-04-02,6.02
2823,2025-05-06,17.38
2823,2025-05-10,21.3
2823,2025-05-22,21.97
2823,2025-06-04,19.79
2823,2025-06-08,27.72
2823,2025-09-09,8.79
2823,2025-10-08,18.35
2823,2025-11-04,15.04
2823,2025-12-02,3.66
2824,2024-04-11,96.35
2825,2024-01-05,37.66
2825,2024-01-30,39.23
2825,2024-02-04,42.18
2825,2024-03-01,41.88
2825,2024-03-21,30.36
2825,2024-04-05,32.09
2825,2024-04-07,39.86
2825,2024-06-08,44.32
2825,2024-06-11,16.32
2825,2024-08-13,36.89
2825,2024-08-13,26.9
2825,2024-09-13,47.44
2825,2024-10-20,36.56
2825,2024-10-26,42.35
2825,2024-11-16,41.91
2825,2024-11-29,18.39
2825,2024-12-03,42.86
2825,2025-01-17,21.38
2825,2025-01-21,43.06
2825,2025-01-22,33.71
2825,2025-01-30,47.27
2825,2025-02-05,38.36
2825,2025-02-23,30.06
2825,2025-03-23,23.55
2825,2025-04-02,21.64
2825,2025-04-29,23.89
2825,2025-05-09,39.24
2825,2025-05-30,52.23
2825,2025-06-13,25.88
2825,2025-07-04,26.85
2825,2025-07-25,65.37
2825,2025-07-28,36.26
2825,2025-08-14,53.39
2825,2025-09-06,58.36
2825,2025-09-10,25.9
2825,2025-09-21,40.42
2825,2025-09-24,75.23
2825,2025-09-25,33.91
2825,2025-11-14,45.27
2825,2025-11-18,37.85
2825,2025-11-19,40.69
2826,2024-04-18,25.06
2827,2024-02-27,17.69
2827,2024-05-28,16.03
2827,2024-08-22,18.78
2827,2024-09-10,21.46
2828,2024-05-14,32.66
2828,2024-06-28,23.11
2828,2024-09-12,64.67
2828,2024-12-28,44.63
2828,2025-02-20,31.36
2828,2025-12-07,54.68
2828,2025-12-20,29.08
2829,2024-04-06,21.29
2829,2024-04-19,29.52
2829,2024-05-25,11.9
2829,2024-08-04,16.78
2829,2024-08-18,20.7
2829,2024-10-01,23.53
2829,2024-12-14,12.24
2829,2025-02-02,26.89
2830,2024-04-14,24.81
2830,2024-04-16,39.85
2830,2024-04-28,70.89
2830,2024-05-04,21.35
2830,2024-06-03,17.77
2830,2024-07-02,22.84
2830,2024-07-08,34.12
2830,2024-07-19,54.51
2830,2024-07-26,32.1
2830,2024-08-11,45.64
2830,2024-08-14,44.15
2830,2024-08-29,18.28
2831,2024-01-06,21.3
2831,2024-02-09,32.41
2831,2024-03-27,26.89
2831,2024-04-18,38.44
2831,2024-07-17,22.92
2831,2024-08-07,22.27
2831,2024-09-30,43.35
2831,2024-11-20,29.16
2831,2024-12-23,39.22
2831,2025-01-17,21.06
2831,2025-01-18,27.76
2831,2025-05-10,56.39
2831,2025-07-04,56.12
2831,2025-08-27,61.64
2831,2025-11-10,22.51
2831,2025-12-14,22.42
2831,2025-12-22,32.03
2832,2024-04-30,11.17
2832,2024-05-06,17.3
2832,2024-12-09,25.22
2832,2024-12-12,20.05
2832,2024-12-13,24.21
2832,2024-12-23,23.41
2832,2025-01-11,23.96
2832,2025-02-14,14.05
2832,2025-04-20,38.27
2833,2024-03-13,25.16
2833,2024-05-16,31.94
2833,2024-05-28,13.68
2833,2024-07-26,30.23
2833,2024-08-08,20.73
2833,2025-03-28,21.74
2833,2025-08-16,53.17
2833,2025-10-29,17.36
2833,2025-11-02,20.62
2834,2024-05-14,13.03
2835,2024-01-04,45.98
2835,2024-01-29,64.29
2835,2024-02-09,36.45
2835,2024-02-24,26.67
2836,2024-01-19,25.28
2837,2024-05-16,22.83
2837,2024-05-18,18.01
2837,2024-09-15,38.13
2837,2024-10-11,23.64
2837,2024-10-14,26.46
2837,2024-12-01,17.39
2837,2024-12-12,24.34
2837,2024-12-16,16.79
2837,2024-12-23,23.86
2837,2025-01-02,18.91
2837,2025-01-14,28.19
2837,2025-01-16,35.46
2837,2025-03-03,39.57
2837,2025-04-02,36.88
2838,2024-01-14,38.4
2838,2024-06-25,69.41
2838,2024-09-07,38.66
2838,2024-09-21,34.81
2838,2024-11-01,46.46
2838,2024-11-21,26.13
2838,2025-04-02,23.51
2838,2025-04-11,89.99
2838,2025-11-08,126.82
2838,2025-12-03,28.18
2839,2024-06-01,32.89
2839,2024-07-25,44.2
2839,2024-08-12,24.39
2839,2024-12-20,50.3
2840,2024-04-17,23.53
2840,2024-04-23,33.36
2840,2024-06-28,21.67
2840,2024-07-07,36.64
2840,2024-07-08,34.33
2840,2024-07-09,43.07
2840,2024-07-09,51.62
2840,2024-07-19,26.2
2840,2024-08-27,38.63
2840,2024-10-01,44.05
2840,2024-10-10,62.77
2840,2024-12-03,42.1
2840,2025-04-12,13.63
2840,2025-04-16,28.28
2840,2025-04-17,21.5
2840,2025-05-04,47.2
2840,2025-05-15,22.34
2840,2025-05-16,15.58
2840,2025-06-10,22.58
2840,2025-06-10,11.16
2840,2025-08-29,25.62
2840,2025-09-02,18.69
2840,2025-10-14,31.96
2840,2025-12-19,72.3
2841,2024-03-06,56.03
2841,2024-04-16,54.09
2841,2024-04-30,36.88
2841,2024-06-08,43.45
2841,2024-07-09,166.04
2842,2024-01-09,111.16
2842,2024-01-26,69.17
2842,2024-02-06,38.73
2842,2024-03-14,63.39
2842,2024-04-05,110.57
2842,2024-04-12,47.83
2842,2024-04-20,20.36
2842,2024-04-28,47.56
2842,2024-05-11,46.55
2842,2024-06-07,36.82
2842,2024-06-21,114.29
2842,2024-06-30,53.57
2842,2024-07-02,37.71
2842,2024-07-20,55.48
2842,2024-09-04,80.77
2842,2024-09-20,81.2
2842,2024-11-13,94.18
2842,2024-12-24,39.03
2842,2025-01-01,48.06
2842,2025-01-02,89.13
2842,2025-01-07,86.46
2842,2025-02-10,38.33
2842,2025-03-24,60.79
2842,2025-09-13,89.63
2842,2025-10-15,112.96
2842,2025-10-25,97.29
2842,2025-11-16,85.15
2842,2025-11-16,61.4
2842,2025-11-18,82.82
2842,2025-11-23,121.4
2842,2025-12-04,64.02
2843,2024-04-06,38.15
2843,2024-04-06,20.26
2844,2024-01-10,49.67
2845,2024-03-18,9.45
2845,2024-07-26,18.35
2845,2024-09-06,15.05
2845,2024-11-24,24.79
2845,2025-01-30,10.92
2845,2025-07-25,11.83
2846,2024-01-31,21.66
2847,2024-03-04,15.5
2847,2024-03-12,26.13
2847,2024-03-12,25.13
2847,2024-03-14,17.12
2847,2024-03-20,17.5
2847,2024-03-31,15.23
2847,2024-04-06,17.91
2847,2024-04-10,21.82
2847,2024-04-19,19.52
2847,2024-04-19,17.15
2847,2024-04-25,12.6
2847,2024-05-02,23.68
2847,2024-05-10,25.66
2847,2024-05-10,26.61
2847,2024-05-11,20.53
2847,2024-05-14,23.76
2847,2024-05-14,12.72
2847,2024-05-17,9.16
2847,2024-05-18,8.33
2847,2024-05-21,23.58
2847,2024-05-24,11.05
2847,2024-05-30,15.68
2847,2024-05-31,16.48
2847,2024-06-08,32.87
2848,2024-05-11,13.7
2848,2024-11-24,5.81
2848,2025-01-25,13.62
2848,2025-03-31,19.42
2848,2025-10-23,11.16
2849,2024-05-29,26.96
2849,2024-10-18,18.96
2849,2025-04-01,28.94
2849,2025-05-13,28.89
2849,2025-05-23,15.38
2850,2024-02-27,120.09
2850,2024-04-08,261.9
2850,2025-04-27,72.59
2850,2025-05-25,142.02
2851,2024-05-24,21.85
2851,2024-05-27,29.88
2851,2024-09-23,13.77
2851,2024-10-20,23.51
2851,2024-12-16,18.44
2851,2025-04-14,22.24
2851,2025-04-26,22.37
2851,2025-09-25,23.33
2852,2024-01-01,20.19
2853,2024-01-07,5.88
2853,2024-01-17,6.23
2853,2024-02-02,21.07
2853,2024-02-16,9.88
2853,2024-03-09,16.36
2853,2024-03-18,11.41
2853,2024-03-31,6.95
2853,2024-04-03,6.2
2853,2024-04-07,8.95
2853,2024-04-13,18.24
2853,2024-04-16,22.53
2853,2024-05-21,8.05
2853,2024-05-26,17.79
2853,2024-06-25,15.75
2853,2024-07-07,12.07
2853,2024-07-28,15.03
2853,2024-10-09,4.22
2853,2024-11-12,12.95
2853,2024-12-18,8.5
2853,2025-03-14,14.8
2853,2025-03-22,12.66
2853,2025-08-12,3.84
2853,2025-10-27,10.0
2853,2025-11-06,12.91
2853,2025-11-16,14.04
2853,2025-12-27,12.21
2854,2024-04-10,57.38
2855,2024-01-21,17.11
2855,2024-02-08,38.44
2855,2024-02-28,41.18
2855,2024-04-20,27.71
2855,2024-06-09,22.64
2855,2024-10-08,30.0
2855,2024-10-26,11.41
2855,2024-11-21,20.28
2855,2024-11-24,15.78
2855,2025-02-03,13.89
2855,2025-02-03,17.86
2855,2025-03-03,8.77
2855,2025-06-06,12.9
2856,2024-02-15,21.72
2856,2024-03-07,41.57
2856,2024-04-21,19.19
2856,2024-05-12,28.68
2856,2024-06-07,23.72
2856,2024-06-25,31.33
2856,2024-09-08,29.65
2856,2024-09-08,14.91
2856,2024-09-25,8.66
2856,2024-10-10,15.05
2856,2024-12-06,26.74
2856,2025-02-28,22.68
2856,2025-03-18,46.5
2856,2025-04-21,38.76
2856,2025-07-13,20.36
2856,2025-07-29,12.58
2856,2025-09-09,29.16
2856,2025-09-24,16.72
2856,2025-09-28,17.0
2856,2025-10-10,20.31
2856,2025-10-29,26.77
2856,2025-10-31,20.03
2856,2025-11-12,17.72
2856,2025-11-18,21.65
2856,2025-12-07,30.42
2856,2025-12-18,20.54
2856,2025-12-22,8.84
2856,2025-12-23,40.93
2856,2025-12-24,24.68
2856,2025-12-27,30.65
2857,2024-06-08,63.48
2857,2024-06-25,42.67
2857,2024-07-22,77.31
2857,2024-08-29,49.34
2857,2024-11-16,57.14
2857,2024-11-16,65.61
2857,2024-12-10,66.21
2857,2025-01-04,83.84
2857,2025-01-10,57.17
2857,2025-03-28,41.09
2857,2025-08-10,74.66
2857,2025-11-18,49.9
2858,2024-02-19,10.6
2858,2024-08-27,15.92
2859,2024-01-31,20.2
2860,2024-05-01,28.52
2860,2024-07-02,33.35
2860,2024-11-26,20.44
2861,2024-06-29,14.88
2861,2025-02-03,24.58
2862,2024-03-26,11.25
2862,2025-08-26,19.54
2863,2024-06-21,59.21
2864,2024-01-08,16.01
2864,2024-01-30,29.7
2864,2024-02-10,21.27
2864,2024-02-12,17.83
2864,2024-02-18,14.02
2865,2024-04-20,31.5
2865,2024-04-30,32.5
2865,2024-05-03,42.52
2865,2024-05-07,8.91
2865,2024-05-15,12.67
2865,2024-05-20,12.48
2865,2024-05-29,18.9
2865,2024-06-20,14.39
2865,2024-06-24,27.94
2865,2024-06-29,25.28
2865,2024-07-17,35.13
2865,2024-07-23,7.03
2865,2024-07-30,31.37
2865,2024-10-06,30.08
2865,2024-10-08,34.56
2865,2024-10-28,12.58
2865,2024-11-02,21.74
2865,2024-11-12,22.49
2865,2024-11-16,18.66
2865,2024-11-24,21.74
2865,2024-12-02,30.53
2865,2024-12-09,11.73
2865,2024-12-09,39.52
2865,2025-01-09,12.6
2865,2025-01-15,37.3
2865,2025-01-17,24.06
2865,2025-02-03,15.85
2865,2025-02-27,24.3
2865,2025-02-28,15.58
2865,2025-03-02,36.7
2865,2025-03-02,18.95
2865,2025-03-13,14.74
2865,2025-03-22,16.36
2865,2025-03-25,25.44
2865,2025-04-20,13.76
2865,2025-05-16,32.46
2865,2025-05-18,18.36
2865,2025-05-19,21.02
2865,2025-05-22,18.39
2865,2025-05-25,16.48
2865,2025-06-04,14.39
2865,2025-06-10,14.01
2865,2025-06-12,19.0
2865,2025-06-14,14.76
2865,2025-07-04,8.0
2865,2025-07-08,32.73
2865,2025-07-12,31.74
2865,2025-07-19,34.46
2865,2025-08-02,12.44
2865,2025-08-13,27.78
2865,2025-08-14,13.29
2865,2025-09-11,20.53
2865,2025-09-13,27.8
2865,2025-09-18,30.35
2865,2025-09-26,15.13
2865,2025-10-04,20.76
2865,2025-10-21,19.77
2865,2025-10-23,10.11
2865,2025-10-29,13.99
2865,2025-11-04,15.05
2865,2025-11-16,29.07
2866,2024-03-11,36.57
2866,2024-03-22,32.55
2866,2024-05-18,35.54
2866,2024-06-18,25.37
2866,2024-07-23,19.72
2866,2024-08-12,11.83
2866,2024-09-26,26.23
2866,2024-11-05,42.12
2866,2024-11-25,37.18
2866,2024-11-29,33.56
2866,2024-12-15,35.86
2866,2024-12-22,40.39
2866,2025-01-26,22.48
2866,2025-03-22,18.24
2866,2025-03-22,48.07
2866,2025-03-30,22.87
2866,2025-04-23,22.5
2866,2025-05-02,12.03
2866,2025-06-02,36.26
2866,2025-06-09,48.84
2867,2024-06-02,36.43
2867,2024-06-02,46.1
2867,2024-06-23,53.05
2867,2024-07-25,31.68
2868,2024-03-08,19.71
2868,2024-03-15,15.17
2868,2024-09-28,14.24
2868,2024-10-18,13.67
2868,2024-12-01,16.39
2868,2025-08-22,26.46
2868,2025-09-18,8.55
2869,2024-01-11,13.07
2869,2024-01-19,34.19
2869,2024-01-25,21.5
2869,2024-02-11,28.99
2869,2024-02-24,20.66
2869,2024-02-26,10.09
2869,2024-03-01,15.65
2869,2024-03-11,15.82
2869,2024-03-16,26.97
2869,2024-04-01,23.44
2869,2024-04-16,13.32
2870,2024-05-24,18.53
2871,2024-03-09,24.69
2872,2024-01-21,24.63
2872,2025-05-31,36.23
2873,2024-03-16,20.38
2874,2024-04-13,21.54
2874,2024-05-13,9.31
2874,2024-07-07,22.28
2874,2024-07-10,8.42
2874,2024-07-11,13.82
2874,2024-08-22,10.25
2874,2024-10-03,5.92
2874,2024-11-02,6.5
2874,2024-11-14,6.18
2874,2024-12-08,3.29
2874,2024-12-16,10.07
2875,2024-02-11,72.9
2876,2024-01-05,31.91
2877,2024-06-23,35.96
2878,2024-06-12,30.32
2878,2024-07-14,20.31
2878,2024-09-09,18.53
2878,2024-12-08,26.58
2878,2025-04-06,14.43
2878,2025-08-01,7.37
2878,2025-08-03,20.87
2878,2025-08-15,18.8
2879,2024-05-22,50.53
2879,2024-06-05,54.19
2879,2024-09-03,24.8
2879,2024-09-29,40.66
2879,2024-11-24,64.91
2879,2024-12-10,61.23
2879,2025-02-08,33.84
2879,2025-02-25,26.83
2879,2025-03-16,32.15
2879,2025-05-27,57.47
2879,2025-06-23,16.97
2880,2024-02-08,74.13
2880,2024-05-14,92.02
2880,2024-05-30,88.67
2880,2024-08-20,63.12
2880,2024-12-16,76.14
2880,2025-05-26,55.82
2880,2025-05-26,89.79
2880,2025-08-14,89.44
2880,2025-08-15,58.18
2880,2025-08-15,54.55
2880,2025-09-12,68.94
2880,2025-09-18,75.1
2880,2025-10-10,89.27
2880,2025-10-19,118.95
2881,2024-05-20,43.36
2881,2024-06-10,43.3
2881,2024-06-27,45.13
2881,2024-08-08,144.16
2881,2024-10-16,43.95
2881,2024-11-01,72.98
2881,2024-11-23,49.49
2881,2025-01-07,51.88
2881,2025-08-04,30.96
2881,2025-09-06,46.65
2881,2025-09-14,98.8
2881,2025-10-05,79.45
2881,2025-11-12,70.97
2881,2025-12-17,55.96
2882,2024-05-22,17.55
2882,2024-07-15,12.51
2882,2024-09-29,18.41
2882,2024-10-16,39.66
2882,2025-02-18,20.24
2882,2025-03-07,9.05
2882,2025-10-12,25.87
2883,2024-05-26,8.66
2883,2024-05-30,8.48
2883,2024-07-05,10.56
2883,2024-09-11,15.95
2883,2024-10-04,6.67
2883,2024-10-23,6.31
2883,2024-11-15,6.53
2883,2024-11-15,5.52
2883,2024-11-27,8.61
2883,2025-01-07,3.57
2883,2025-03-29,11.83
2883,2025-04-19,7.64
2883,2025-07-23,10.95
2883,2025-08-04,6.24
2883,2025-09-27,4.62
2883,2025-10-01,9.95
2883,2025-10-29,7.09
2883,2025-11-11,11.22
2883,2025-12-03,12.84
2883,2025-12-04,7.94
2883,2025-12-05,4.48
2884,2024-05-10,18.19
2884,2024-05-23,22.68
2884,2024-08-28,20.71
2885,2024-04-26,32.23
2886,2024-06-08,13.44
2886,2024-07-11,32.07
2886,2024-09-09,10.41
2886,2024-09-13,23.1
2886,2024-09-28,38.96
2886,2024-10-17,28.17
2886,2024-10-18,23.8
2886,2024-11-17,22.55
2886,2025-02-04,14.4
2886,2025-03-12,18.97
2886,2025-04-10,19.86
2886,2025-05-31,18.07
2886,2025-07-06,35.14
2886,2025-07-15,18.2
2886,2025-07-19,37.97
2886,2025-08-08,20.85
2886,2025-10-16,17.52
2886,2025-10-27,14.54
2886,2025-11-23,17.53
2886,2025-12-23,21.61
2887,2024-02-07,28.24
2887,2024-02-08,104.95
2887,2024-02-25,29.66
2887,2024-03-02,41.49
2887,2024-03-30,72.23
2887,2024-04-25,61.85
2887,2024-05-03,30.03
2887,2024-05-09,25.38
2887,2024-05-18,50.23
2887,2024-06-01,57.84
2887,2024-06-06,33.65
2887,2024-06-13,52.01
2887,2024-06-27,44.0
2887,2024-06-30,36.91
2887,2024-07-07,60.31
2887,2024-09-16,38.8
2887,2024-09-23,22.75
2887,2024-10-05,80.16
2887,2024-10-30,34.66
2887,2024-11-14,50.68
2887,2024-11-20,31.55
2887,2024-11-27,70.95
2887,2025-01-24,31.83
2887,2025-02-08,34.24
2887,2025-02-19,16.81
2887,2025-03-03,70.12
2887,2025-05-15,74.83
2887,2025-05-25,29.03
2887,2025-06-04,39.78
2887,2025-06-05,40.35
2887,2025-06-11,17.65
2887,2025-07-04,43.77
2887,2025-08-07,27.13
2887,2025-08-09,50.22
2887,2025-08-16,37.48
2887,2025-08-20,70.28
2887,2025-08-23,30.69
2887,2025-08-26,39.15
2887,2025-08-31,66.38
2887,2025-09-01,58.12
2887,2025-09-04,29.05
2887,2025-10-28,22.75
2887,2025-11-13,30.72
2887,2025-11-20,58.99
2887,2025-12-11,34.98
2887,2025-12-15,48.73
2887,2025-12-19,46.61
2888,2024-03-09,11.45
2888,2024-03-20,11.84
2888,2024-04-21,15.47
2888,2025-02-17,12.37
2888,2025-04-24,8.64
2888,2025-05-29,31.44
2889,2024-02-11,15.81
2889,2024-07-08,16.09
2889,2024-09-17,16.39
2889,2024-12-03,10.34
2889,2025-02-03,11.1
2889,2025-02-06,13.0
2889,2025-02-08,17.59
2889,2025-08-03,12.7
2889,2025-08-07,15.19
2890,2024-03-19,34.45
2890,2024-03-28,73.38
2890,2024-03-30,38.47
2890,2024-04-01,84.88
2890,2024-04-03,73.33
2891,2024-06-12,27.49
2891,2024-06-23,64.47
2891,2024-07-04,45.18
2891,2024-07-05,99.52
2891,2024-07-24,71.11
2892,2024-05-31,102.42
2893,2024-03-15,19.75
2893,2024-05-22,6.87
2894,2024-03-01,35.55
2894,2024-03-01,26.25
2894,2024-03-18,29.42
2894,2024-06-27,7.19
2895,2024-04-02,50.2
2895,2024-07-21,21.63
2895,2024-08-11,17.96
2895,2024-10-06,5.41
2895,2024-10-28,26.06
2895,2024-12-31,13.84
2895,2025-01-12,23.78
2895,2025-02-03,20.0
2895,2025-02-16,39.84
2895,2025-02-25,19.18
2895,2025-04-17,5.63
2895,2025-06-08,16.67
2895,2025-07-28,20.6
2895,2025-08-11,21.78
2895,2025-08-25,24.49
2895,2025-08-29,23.04
2895,2025-12-04,22.35
2895,2025-12-15,24.52
2895,2025-12-19,21.29
2896,2024-01-27,23.59
2896,2024-02-12,11.98
2897,2024-01-27,19.79
2897,2024-02-14,22.63
2897,2024-05-30,27.68
2897,2024-06-03,30.95
2897,2025-12-26,29.72
2898,2024-04-22,79.44
2898,2024-05-01,58.9
2899,2024-06-04,29.19
2899,2024-06-10,64.63
2899,2024-07-13,118.91
2900,2024-02-21,12.04
2900,2024-02-26,10.63
2900,2024-03-27,17.8
2901,2024-04-14,72.66
2901,2024-04-15,45.33
2901,2024-04-28,53.3
2901,2024-05-15,27.85
2901,2024-05-19,22.22
2901,2024-07-31,20.42
2901,2024-08-06,37.47
2901,2024-08-10,76.68
2901,2024-09-10,39.42
2901,2024-09-13,31.54
2901,2024-10-03,32.87
2901,2024-11-01,58.81
2901,2024-11-21,21.16
2901,2024-11-28,25.11
2901,2024-12-23,52.22
2901,2025-01-11,23.61
2901,2025-01-30,46.01
2901,2025-02-03,53.85
2901,2025-03-10,34.84
2901,2025-03-13,45.1
2901,2025-03-27,33.95
2901,2025-04-03,69.89
2901,2025-04-25,61.62
2901,2025-07-24,28.51
2901,2025-09-16,37.77
2901,2025-09-28,45.98
2901,2025-10-01,42.03
2902,2024-03-02,40.91
2902,2024-04-04,24.02
2902,2024-05-21,24.88
2902,2024-07-30,25.61
2902,2024-10-19,40.5
2902,2024-10-20,33.13
2902,2024-11-05,16.58
2902,2024-11-16,22.9
2902,2024-12-14,34.79
2902,2025-03-19,25.77
2902,2025-05-15,36.4
2902,2025-06-08,18.27
2902,2025-06-22,19.21
2903,2024-01-08,12.44
2903,2024-01-14,33.19
2904,2024-04-04,16.64
2904,2024-04-20,12.85
2905,2024-02-21,21.1
2905,2024-02-25,20.26
2905,2024-03-05,24.43
2905,2024-03-06,19.93
2905,2024-03-16,38.7
2906,2024-03-23,27.0
2906,2024-08-01,19.06
2907,2024-05-30,8.92
2908,2024-05-13,12.67
2908,2024-05-17,15.77
2908,2024-05-18,11.57
2908,2024-06-13,6.21
2908,2024-06-29,31.36
2908,2024-07-19,35.06
2908,2024-08-17,21.24
2908,2024-08-20,21.37
2908,2024-08-30,13.42
2908,2024-09-21,22.78
2908,2024-10-02,26.87
2908,2024-10-31,37.1
2908,2024-12-04,19.7
2908,2024-12-06,12.88
2908,2024-12-11,23.73
2908,2024-12-14,24.29
2908,2024-12-28,40.93
2908,2025-02-13,25.67
2908,2025-03-12,24.51
2908,2025-03-20,16.26
2908,2025-05-05,20.42
2908,2025-05-20,25.31
2908,2025-06-16,19.44
2908,2025-07-16,25.74
2908,2025-08-03,25.62
2908,2025-08-21,31.95
2908,2025-08-26,17.62
2908,2025-09-22,24.34
2908,2025-10-13,39.29
2908,2025-11-06,43.84
2908,2025-11-29,14.99
2908,2025-12-28,24.43
2909,2024-06-24,22.88
2910,2024-06-19,29.32
2911,2024-06-26,28.59
2911,2024-06-30,22.92
2911,2024-11-17,11.04
2911,2025-01-19,21.71
2911,2025-01-22,35.98
2912,2024-06-01,10.61
2913,2024-04-11,16.51
2914,2024-03-07,36.09
2914,2024-03-23,9.36
2914,2024-06-17,12.95
2914,2024-06-30,26.31
2915,2024-02-20,15.16
2916,2024-05-08,18.3
2916,2024-06-04,14.4
2916,2025-02-28,9.38
2916,2025-10-19,10.28
2917,2024-06-15,26.02
2918,2024-02-16,12.83
2918,2024-02-16,19.46
2918,2024-03-04,13.97
2919,2024-03-30,16.95
2920,2024-04-02,9.59
2920,2024-04-20,5.44
2920,2024-06-28,23.84
2921,2024-06-28,10.91
2921,2024-07-02,8.68
2921,2024-07-06,6.24
2921,2024-08-28,30.13
2921,2024-09-06,7.98
2921,2024-11-01,17.82
2921,2024-11-10,6.09
2921,2024-12-26,6.0
2921,2025-01-18,9.02
2921,2025-01-21,24.5
2921,2025-02-08,18.4
2921,2025-02-20,12.52
2921,2025-04-08,6.88
2921,2025-04-17,9.53
2921,2025-05-12,11.95
2921,2025-07-30,12.1
2921,2025-08-01,14.43
2921,2025-10-11,25.52
2921,2025-11-18,6.11
2921,2025-11-23,7.44
2922,2024-02-02,28.88
2922,2024-08-31,33.69
2922,2024-09-21,25.92
2922,2024-09-22,77.79
2922,2024-11-28,32.59
2922,2024-12-08,38.88
2922,2025-01-07,31.8
2922,2025-02-23,59.61
2923,2024-01-12,54.68
2923,2024-01-21,94.06
2924,2024-06-12,21.11
2925,2024-04-10,24.43
2925,2024-05-15,8.13
2926,2024-02-23,3.09
2926,2024-02-27,14.4
2926,2024-03-28,9.16
2926,2024-05-25,12.46
2926,2024-06-18,6.7
2926,2024-09-02,20.77
2926,2024-10-16,14.43
2926,2024-10-24,17.39
2926,2024-11-18,13.06
2926,2025-01-19,7.03
2926,2025-02-03,23.67
2926,2025-03-31,6.53
2926,2025-06-02,5.95
2926,2025-06-20,10.48
2926,2025-09-10,9.81
2926,2025-10-21,11.56
2926,2025-11-12,8.7
2926,2025-12-25,11.95
2926,2025-12-28,11.02
2927,2024-01-07,49.53
2927,2024-01-28,7.04
2927,2024-05-11,28.45
2927,2024-05-21,16.88
2927,2024-05-29,43.5
2927,2024-06-15,33.49
2927,2024-08-24,7.64
2927,2024-09-03,18.16
2927,2024-09-13,21.93
2927,2024-10-18,30.72
2927,2024-10-28,32.5
2927,2024-10-30,37.36
2928,2024-03-02,18.38
2928,2024-03-10,5.69
2928,2024-03-10,13.76
2928,2024-03-16,24.36
2928,2024-04-14,30.05
2928,2024-04-16,7.03
2928,2024-04-19,16.91
2928,2024-04-25,15.5
2928,2024-04-29,10.93
2928,2024-05-12,24.64
2928,2024-05-27,11.72
2928,2024-06-11,37.97
2928,2024-06-14,32.41
2928,2024-06-21,10.01
2929,2024-05-21,22.76
2929,2024-07-13,22.01
2929,2024-09-13,9.28
2929,2024-11-15,24.14
2929,2024-12-08,31.17
2929,2024-12-28,18.23
2929,2025-01-22,14.6
2929,2025-03-25,28.57
2929,2025-04-03,23.96
2930,2024-06-12,34.22
2931,2024-04-04,25.01
2932,2024-04-13,33.58
2932,2024-05-20,26.81
2932,2024-06-04,27.08
2932,2024-08-04,20.54
2932,2024-09-21,17.28
2932,2024-10-31,32.5
2932,2024-11-02,28.06
2932,2024-12-17,21.75
2932,2025-02-08,16.03
2932,2025-03-26,36.23
2932,2025-04-01,21.36
2932,2025-10-03,21.0
2932,2025-12-02,41.24
2932,2025-12-09,16.68
2932,2025-12-16,44.3
2933,2024-03-08,34.46
2934,2024-05-17,13.71
2934,2024-06-30,18.37
2934,2024-07-03,14.34
2934,2024-08-02,8.65
2934,2024-09-19,19.69
2934,2024-10-05,14.9
2934,2024-10-05,8.47
2934,2024-11-12,12.99
2934,2024-11-19,18.42
2934,2024-12-10,6.59
2934,2024-12-30,20.2
2934,2025-01-06,33.82
2934,2025-01-23,14.69
2934,2025-01-30,9.93
2934,2025-02-03,19.53
2934,2025-02-05,19.51
2934,2025-02-06,16.27
2934,2025-02-27,15.31
2934,2025-04-07,14.69
2934,2025-04-17,19.31
2934,2025-05-13,15.68
2934,2025-06-24,33.75
2934,2025-06-29,13.2
2934,2025-07-25,10.14
2934,2025-08-27,7.22
2934,2025-10-11,11.83
2934,2025-10-15,7.82
2934,2025-11-07,24.56
2935,2024-02-26,12.45
2936,2024-06-06,7.24
2936,2024-06-13,12.04
2936,2024-06-14,23.53
2936,2024-06-27,15.09
2936,2024-07-13,26.39
2936,2024-08-05,12.9
2936,2024-09-06,12.47
2936,2024-09-10,29.23
2936,2024-09-22,17.14
2936,2024-11-13,13.7
2936,2024-11-23,11.31
2936,2024-11-23,19.84
2936,2024-11-28,20.64
2937,2024-06-07,15.21
2938,2024-01-12,17.11
2938,2024-01-23,40.2
2939,2024-03-01,89.51
2940,2024-04-14,4.86
2940,2024-05-10,16.98
2940,2024-07-02,12.11
2940,2024-08-17,23.1
2940,2024-09-06,17.19
2940,2024-09-13,17.92
2940,2024-09-18,10.85
2940,2024-09-30,24.31
2940,2024-11-29,7.91
2940,2024-12-10,11.99
2940,2025-02-04,11.53
2940,2025-02-22,11.88
2940,2025-02-24,20.44
2940,2025-03-22,17.28
2940,2025-04-29,20.76
2940,2025-05-14,13.98
2940,2025-05-14,6.13
2940,2025-05-19,15.59
2940,2025-08-12,22.85
2941,2024-05-28,21.38
2941,2024-05-29,33.61
2941,2024-06-10,39.96
2941,2024-07-18,18.36
2941,2024-08-28,27.04
2941,2024-08-29,24.57
2941,2024-09-13,33.34
2941,2024-09-22,13.66
2941,2024-10-01,16.21
2941,2024-10-24,9.22
2941,2024-10-26,25.36
2941,2024-11-11,8.95
2941,2024-11-12,23.23
2941,2024-11-23,36.26
2941,2024-12-06,34.99
2941,2024-12-09,16.95
2941,2024-12-27,63.69
2941,2025-01-16,13.06
2941,2025-02-12,19.69
2941,2025-02-28,17.75
2941,2025-03-02,35.6
2941,2025-03-04,26.81
2941,2025-03-15,15.61
2941,2025-04-29,24.27
2941,2025-04-30,43.88
2941,2025-05-24,17.1
2941,2025-05-31,31.92
2941,2025-07-01,17.31
2941,2025-07-17,46.25
2941,2025-09-09,18.78
2941,2025-11-01,25.97
2941,2025-11-16,32.92
2942,2024-06-18,27.9
2942,2024-07-20,36.31
2942,2024-07-23,8.24
2942,2024-08-03,30.71
2942,2024-09-28,25.24
2942,2024-10-20,16.17
2942,2024-10-24,18.96
2942,2024-11-16,22.19
2942,2024-11-19,9.86
2942,2024-11-30,11.74
2942,2024-12-18,17.06
2942,2025-01-16,8.79
2942,2025-02-04,36.38
2942,2025-02-27,24.42
2942,2025-02-28,3.55
2942,2025-03-05,13.12
2942,2025-03-14,25.28
2942,2025-03-16,31.77
2942,2025-04-11,26.19
2942,2025-05-08,10.46
2942,2025-05-15,13.06
2942,2025-06-18,10.38
2942,2025-06-25,16.32
2942,2025-10-18,15.41
2942,2025-11-12,13.49
2942,2025-11-17,24.27
2942,2025-12-08,25.66
2942,2025-12-12,19.76
2943,2024-02-11,19.88
2943,2024-03-15,21.12
2943,2024-03-18,20.44
2943,2024-04-02,12.9
2943,2024-04-10,24.44
2943,2024-04-21,13.46
2944,2024-01-02,11.2
2944,2024-01-29,12.0
2944,2024-03-09,9.02
2944,2024-03-26,15.96
2944,2024-04-27,14.28
2944,2024-05-31,14.53
2944,2024-08-07,8.63
2944,2024-08-09,6.39
2944,2024-08-26,9.78
2944,2024-09-04,7.06
2944,2024-09-24,13.75
2944,2024-10-03,10.08
2944,2024-10-07,8.91
2944,2024-10-19,5.12
2944,2024-10-26,9.54
2944,2024-10-31,17.9
2944,2024-11-19,6.65
2944,2024-11-25,9.26
2944,2025-03-27,15.2
2944,2025-04-30,11.56
2944,2025-05-04,4.95
2944,2025-08-14,4.88
2944,2025-10-15,19.81
2945,2024-03-09,5.71
2945,2024-04-06,21.1
2945,2024-06-06,13.21
2945,2024-08-08,16.61
2945,2024-12-22,14.3
2945,2025-02-01,10.29
2945,2025-02-05,13.45
2945,2025-05-13,23.14
2945,2025-08-11,18.38
2945,2025-12-07,14.93
2946,2024-04-02,13.89
2946,2025-03-08,31.17
2946,2025-04-08,16.73
2946,2025-08-29,30.15
2946,2025-09-06,32.78
2947,2024-01-07,21.94
2948,2024-02-06,31.69
2949,2024-06-12,14.89
2949,2025-03-20,7.46
2949,2025-04-14,14.53
2949,2025-05-24,17.63
2950,2024-03-27,18.24
2950,2024-04-25,16.59
2950,2024-09-08,8.11
2951,2024-05-24,3.41
2951,2024-08-01,8.37
2951,2025-12-28,7.46
2952,2024-03-03,5.14
2952,2024-03-22,6.29
2952,2024-04-04,5.54
2952,2024-04-09,3.39
2952,2024-04-14,6.35
2952,2024-04-24,12.62
2952,2024-05-18,11.28
2952,2024-05-28,5.04
2952,2024-06-04,6.86
2952,2024-07-02,11.17
2952,2024-07-05,6.43
2952,2024-09-09,17.21
2952,2024-10-07,11.63
2952,2024-10-21,13.84
2952,2024-10-22,7.92
2952,2024-11-08,10.8
2952,2024-11-13,6.65
2952,2024-11-17,10.68
2952,2024-11-17,8.41
2952,2024-12-21,10.01
2952,2024-12-24,10.9
2952,2024-12-26,5.47
2952,2025-01-10,4.21
2952,2025-01-28,6.59
2952,2025-03-11,6.34
2952,2025-03-16,8.6
2952,2025-03-22,16.19
2952,2025-04-22,9.97
2952,2025-04-25,3.54
2952,2025-05-21,8.27
2952,2025-05-27,8.37
2952,2025-07-17,16.03
2952,2025-07-25,18.13
2952,2025-08-06,6.88
2952,2025-10-03,9.71
2952,2025-10-11,5.69
2952,2025-10-25,3.59
2952,2025-10-26,8.95
2952,2025-11-09,3.54
2952,2025-11-29,4.07
2952,2025-12-06,14.02
2952,2025-12-15,11.09
2953,2024-04-05,19.68
2954,2024-02-10,24.03
2954,2024-02-26,15.86
2954,2024-02-29,9.65
2955,2024-05-02,49.22
2955,2024-05-05,102.93
2955,2024-05-09,43.19
2955,2024-05-09,43.02
2955,2024-05-15,49.94
2955,2024-05-15,90.4
2955,2024-05-18,79.48
2955,2024-05-20,26.65
2955,2024-05-20,96.72
2955,2024-06-06,64.93
2955,2024-06-10,65.34
2955,2024-06-12,61.05
2955,2024-06-17,51.8
2955,2024-06-27,98.72
2955,2024-07-14,48.91
2955,2024-07-27,107.15
2955,2024-08-02,32.27
2955,2024-08-24,67.05
2955,2024-08-28,33.39
2955,2024-09-01,50.63
2955,2024-09-15,50.67
2955,2024-10-03,61.82
2955,2024-10-08,55.25
2955,2024-10-21,44.77
2955,2024-10-29,51.87
2955,2024-10-31,36.52
2955,2024-11-01,59.28
2955,2024-11-03,75.65
2955,2024-11-03,30.75
2955,2024-11-09,67.7
2955,2024-11-09,48.07
2955,2024-11-28,43.71
2955,2024-12-03,51.88
2955,2025-01-03,42.54
2955,2025-01-28,64.04
2955,2025-01-29,53.72
2955,2025-02-04,76.11
2955,2025-02-08,59.3
2955,2025-03-11,63.15
2955,2025-03-11,59.34
2955,2025-03-16,47.56
2955,2025-03-17,84.55
2955,2025-03-20,52.75
2955,2025-03-24,48.51
2955,2025-05-03,60.11
2955,2025-05-08,54.29
2955,2025-05-12,20.18
2955,2025-05-17,58.4
2955,2025-06-21,88.87
2955,2025-07-09,79.45
2955,2025-07-09,34.92
2955,2025-07-10,68.41
2955,2025-07-17,64.27
2955,2025-07-27,72.75
2955,2025-09-11,39.12
2955,2025-09-15,67.97
2955,2025-10-04,72.4
2955,2025-10-13,61.13
2955,2025-10-31,24.12
2955,2025-11-02,21.22
2955,2025-11-04,55.01
2955,2025-11-09,55.87
2955,2025-11-11,90.81
2955,2025-11-13,71.69
2955,2025-12-02,73.71
2955,2025-12-10,13.74
2955,2025-12-26,89.45
2956,2024-02-28,57.75
2956,2024-04-19,73.92
2956,2024-05-14,52.98
2957,2024-01-26,7.97
2957,2024-02-13,11.39
2957,2024-03-26,14.06
2957,2024-05-20,8.12
2957,2024-06-02,10.93
2957,2024-07-23,12.4
2957,2024-10-21,14.55
2957,2024-10-26,9.32
2957,2025-01-01,18.83
2957,2025-01-31,6.95
2957,2025-02-10,6.39
2957,2025-03-01,8.87
2957,2025-03-07,17.57
2957,2025-07-25,13.01
2957,2025-09-28,12.79
2957,2025-11-09,19.75
2957,2025-11-24,21.65
2958,2024-04-03,9.48
2958,2024-09-15,16.59
2958,2025-04-16,22.5
2959,2024-01-19,15.62
2960,2024-02-24,32.69
2960,2024-06-16,21.36
2960,2024-07-09,43.28
2960,2024-07-20,55.04
2961,2024-01-07,22.99
2962,2024-02-12,15.92
2962,2024-02-13,8.45
2962,2024-03-10,8.04
2962,2024-03-12,19.14
2962,2024-03-17,31.02
2962,2024-03-29,26.45
2962,2024-05-06,14.51
2962,2024-06-19,17.89
2962,2024-06-20,23.51
2962,2024-07-16,20.61
2962,2024-07-17,23.19
2962,2024-11-10,9.11
2963,2024-02-23,25.63
2964,2024-01-23,32.04
2964,2024-03-01,32.37
2964,2024-03-16,21.67
2965,2024-02-13,45.48
2966,2024-02-01,23.24
2967,2024-04-18,12.28
2968,2024-05-07,24.49
2969,2024-02-19,29.2
2969,2024-02-27,10.77
2969,2024-03-30,10.21
2969,2024-03-31,11.31
2969,2024-04-02,16.05
2969,2024-06-25,15.42
2969,2024-09-26,13.51
2969,2024-10-22,21.17
2969,2024-11-04,20.41
2969,2025-01-25,19.12
2969,2025-05-16,14.92
2969,2025-07-03,24.36
2969,2025-10-19,27.86
2969,2025-11-07,6.46
2970,2024-06-16,18.5
2970,2024-08-09,27.84
2970,2024-12-27,54.91
2970,2025-06-12,41.26
2971,2024-01-11,20.24
2971,2024-05-24,18.08
2971,2024-06-29,12.02
2972,2024-05-05,11.9
2972,2024-06-08,7.81
2972,2024-12-09,9.09
2972,2025-07-21,6.51
2972,2025-09-25,6.13
2972,2025-11-14,13.06
2972,2025-12-01,15.28
2973,2024-01-06,6.06
2973,2024-02-25,19.94
2973,2024-03-08,14.89
2974,2024-05-31,21.31
2975,2024-03-03,39.16
2975,2024-03-05,33.02
2975,2024-03-19,37.38
2975,2024-04-09,15.49
2976,2024-01-31,36.63
2976,2024-02-10,30.99
2977,2024-04-10,38.3
2977,2024-04-16,29.63
2977,2024-05-09,37.29
2977,2024-07-04,32.45
2977,2024-08-21,34.41
2977,2024-09-11,57.14
2977,2024-09-23,36.51
2977,2024-12-21,38.84
2977,2024-12-30,49.46
2977,2025-02-11,69.94
2977,2025-06-28,28.61
2977,2025-08-16,60.81
2977,2025-08-26,34.45
2977,2025-10-15,31.38
2977,2025-10-26,45.72
2977,2025-11-25,15.8
2977,2025-12-04,45.1
2978,2024-05-04,18.85
2978,2024-12-26,13.5
2978,2025-01-07,16.77
2978,2025-03-02,26.52
2978,2025-03-10,9.05
2978,2025-03-24,35.82
2978,2025-05-02,26.53
2978,2025-05-03,28.52
2978,2025-05-23,12.45
2978,2025-06-23,16.17
2978,2025-06-24,24.71
2978,2025-07-19,19.64
2978,2025-09-14,13.16
2978,2025-10-09,25.09
2978,2025-10-26,25.13
2978,2025-12-16,30.36
2979,2024-05-14,21.57
2979,2024-07-28,11.0
2979,2025-01-23,9.98
2979,2025-02-16,6.44
2979,2025-07-05,6.17
2980,2024-06-26,57.55
2980,2024-06-28,38.46
2980,2024-09-11,63.17
2980,2024-11-15,25.64
2980,2024-12-05,65.42
2980,2024-12-23,53.72
2980,2025-05-08,21.13
2980,2025-06-03,41.86
2980,2025-06-23,30.39
2980,2025-06-24,58.58
2980,2025-08-06,63.0
2980,2025-09-22,57.2
2980,2025-11-15,36.44
2981,2024-06-16,21.04
2981,2024-07-27,10.66
2981,2024-09-03,15.68
2982,2024-06-22,69.19
2983,2024-03-04,25.3
2983,2024-08-31,56.57
2983,2024-11-13,41.7
2983,2024-12-13,48.48
2983,2025-03-22,44.51
2983,2025-06-02,34.58
2983,2025-07-11,38.89
2983,2025-09-02,45.73
2983,2025-10-08,18.76
2983,2025-11-10,55.2
2984,2024-01-03,38.91
2984,2024-09-19,17.49
2984,2024-11-07,52.81
2984,2025-02-11,25.52
2984,2025-03-17,39.57
2984,2025-04-26,48.17
2984,2025-06-03,32.89
2984,2025-09-28,28.87
2984,2025-12-21,51.88
2985,2024-04-14,27.64
2985,2024-04-26,38.75
2985,2024-04-28,47.63
2985,2024-05-07,22.97
2986,2024-01-29,23.17
2986,2024-06-08,16.44
2987,2024-03-01,53.77
2988,2024-03-06,19.97
2988,2024-03-06,23.89
2988,2024-03-14,20.1
2989,2024-06-05,10.92
2989,2025-06-29,18.74
2990,2024-01-14,36.63
2990,2024-02-19,32.16
2990,2024-03-06,30.71
2990,2024-03-21,7.7
2990,2024-04-28,12.25
2990,2024-05-09,25.9
2990,2024-05-17,24.16
2990,2024-06-12,9.09
2990,2024-06-14,30.12
2990,2024-07-18,43.04
2990,2024-08-25,28.04
2990,2024-11-06,16.25
2990,2024-11-22,24.86
2990,2024-12-04,16.46
2990,2024-12-18,26.64
2990,2025-02-09,17.88
2990,2025-02-11,13.42
2990,2025-05-18,28.7
2990,2025-05-28,23.86
2990,2025-06-08,9.67
2990,2025-06-23,16.89
2990,2025-08-19,28.58
2990,2025-08-20,20.9
2990,2025-08-27,32.3
2990,2025-10-23,21.54
2990,2025-11-15,19.13
2990,2025-11-23,10.42
2990,2025-12-09,14.81
2991,2024-02-24,15.45
2992,2024-06-26,112.95
2992,2024-07-22,91.3
2992,2024-10-05,128.98
2992,2024-10-11,59.98
2992,2024-11-03,27.7
2992,2024-11-26,72.55
2992,2024-12-01,79.44
2992,2025-02-06,172.12
2992,2025-03-08,95.67
2992,2025-04-10,148.97
2992,2025-04-22,102.21
2992,2025-04-25,78.76
2992,2025-06-03,47.03
2992,2025-06-16,118.17
2992,2025-08-31,30.27
2992,2025-09-14,89.98
2993,2024-04-21,25.71
2994,2024-01-12,12.24
2994,2024-04-25,14.57
2995,2024-06-05,23.92
2995,2024-06-19,7.7
2995,2024-07-30,12.35
2995,2024-09-05,28.37
2995,2024-09-13,8.75
2995,2024-09-26,15.85
2995,2024-10-20,15.08
2995,2024-12-23,39.87
2995,2024-12-27,15.91
2995,2025-01-05,14.72
2995,2025-01-26,18.71
2995,2025-02-06,11.76
2995,2025-03-12,7.31
2995,2025-03-17,8.1
2995,2025-03-27,6.37
2995,2025-03-27,30.59
2995,2025-05-02,27.02
2995,2025-06-08,27.88
2995,2025-06-15,27.43
2995,2025-06-20,32.9
2995,2025-07-11,26.9
2995,2025-07-26,20.49
2995,2025-07-31,11.33
2995,2025-08-07,28.07
2995,2025-08-09,28.77
2995,2025-08-14,35.53
2995,2025-08-19,37.3
2995,2025-08-26,29.17
2995,2025-09-13,21.94
2995,2025-09-13,18.07
2995,2025-09-17,23.21
2995,2025-09-23,27.44
2995,2025-10-08,31.92
2995,2025-11-02,8.74
2995,2025-11-19,30.41
2995,2025-11-30,24.0
2995,2025-12-14,20.78
2996,2024-03-27,11.73
2996,2024-03-30,9.34
2996,2024-03-31,12.67
2996,2024-04-01,17.53
2996,2024-04-01,15.5
2996,2024-04-02,34.08
2996,2024-04-16,23.75
2996,2024-04-16,29.82
2996,2024-04-20,23.11
2996,2024-05-06,10.69
2996,2024-05-11,18.52
2996,2024-05-13,19.51
2996,2024-05-27,7.14
2996,2024-05-28,14.02
2996,2024-05-30,11.83
2996,2024-06-02,27.84
2996,2024-06-21,33.74
2996,2024-06-25,11.77
2996,2024-07-19,18.07
2996,2024-07-20,6.69
2996,2024-07-31,10.08
2996,2024-08-03,7.8
2996,2024-08-16,9.75
2996,2024-08-17,26.03
2996,2024-08-30,10.47
2996,2024-08-31,14.21
2996,2024-09-03,13.04
2996,2024-09-08,13.98
2996,2024-09-10,19.2
2996,2024-09-12,9.59
2996,2024-09-23,6.63
2996,2024-09-25,16.97
2996,2024-10-10,17.11
2996,2024-10-16,19.5
2996,2024-10-17,8.53
2996,2024-10-18,23.98
2996,2024-10-20,33.0
2996,2024-10-24,11.69
2996,2024-10-31,16.4
2996,2024-11-10,12.62
2996,2024-11-29,22.01
2996,2024-12-13,12.06
2996,2024-12-20,19.57
2996,2024-12-22,17.17
2996,2025-01-08,25.8
2996,2025-01-11,14.5
2996,2025-01-14,16.94
2996,2025-01-22,14.83
2996,2025-02-01,8.24
2996,2025-02-02,7.61
2996,2025-02-05,9.78
2996,2025-02-06,12.31
2996,2025-02-19,20.0
2996,2025-02-25,14.12
2996,2025-02-28,31.39
2996,2025-03-12,22.84
2996,2025-03-15,10.51
2996,2025-03-17,9.31
2996,2025-04-11,22.77
2996,2025-04-15,12.27
2996,2025-04-24,31.78
2996,2025-05-06,19.88
2996,2025-05-09,17.94
2996,2025-05-19,23.05
2996,2025-05-22,18.16
2996,2025-05-23,18.24
2996,2025-06-06,17.84
2996,2025-06-16,17.52
2996,2025-06-25,17.91
2996,2025-07-02,27.31
2996,2025-07-04,16.4
2996,2025-07-24,18.79
2996,2025-07-29,12.78
2996,2025-07-31,18.01
2996,2025-08-22,19.82
2996,2025-08-29,19.18
2996,2025-08-30,8.65
2996,2025-09-18,15.52
2996,2025-09-22,4.85
2996,2025-09-23,16.33
2996,2025-09-25,26.76
2996,2025-10-08,13.02
2996,2025-10-17,14.26
2996,2025-10-22,14.22
2996,2025-10-23,8.63
2996,2025-11-11,14.99
2996,2025-11-13,30.52
2996,2025-11-26,8.01
2996,2025-12-10,19.92
2996,2025-12-15,18.52
2997,2024-02-08,30.02
2997,2024-03-22,42.97
2998,2024-06-25,20.16
2998,2024-08-29,18.73
2998,2024-08-30,15.27
2998,2024-12-08,20.59
2998,2025-02-22,15.99
2998,2025-07-04,32.7
2998,2025-07-07,23.42
2998,2025-07-11,16.68
2998,2025-07-15,44.01
2998,2025-09-13,12.68
2998,2025-09-16,11.62
2999,2024-02-18,163.61
3000,2024-06-22,23.36
3000,2024-07-08,29.83
3000,2024-11-29,33.07
3000,2025-03-16,31.76
3001,2024-01-19,24.42
3001,2024-01-22,9.65
3001,2024-06-10,10.69
3001,2024-08-10,17.45
3001,2024-09-10,25.08
3001,2024-09-28,13.67
3002,2024-04-08,52.93
3003,2024-06-21,27.32
3004,2024-02-28,31.4
3005,2024-05-04,16.33
3005,2024-09-12,28.49
3005,2024-11-21,23.18
3006,2024-04-11,49.78
3007,2024-03-12,5.04
3007,2024-03-28,5.82
3007,2024-03-29,6.75
3007,2024-04-01,9.09
3007,2024-04-07,6.24
3007,2024-04-07,7.72
3007,2024-05-08,8.62
3007,2024-05-26,8.39
3007,2024-06-01,5.55
3007,2024-06-08,11.56
3007,2024-06-09,5.86
3007,2024-06-13,17.95
3007,2024-06-15,4.62
3007,2024-06-17,6.03
3007,2024-06-17,3.66
3007,2024-06-20,8.3
3007,2024-06-23,8.65
3007,2024-06-28,6.87
3007,2024-07-16,9.57
3007,2024-07-28,8.12
3007,2024-08-05,8.21
3007,2024-08-09,9.53
3007,2024-09-08,8.98
3007,2024-09-24,6.82
3007,2024-09-28,9.61
3007,2024-10-02,12.32
3007,2024-10-05,4.97
3007,2024-10-20,5.03
3007,2024-10-21,6.55
3007,2024-11-07,8.37
3007,2024-11-12,10.46
3007,2024-12-13,2.78
3007,2024-12-14,6.78
3007,2024-12-24,6.8
3007,2025-01-02,12.88
3007,2025-01-04,11.05
3007,2025-01-11,16.15
3007,2025-01-24,7.28
3007,2025-01-27,6.94
3008,2024-02-11,25.6
3008,2024-04-30,22.58
3009,2024-05-05,10.67
3009,2024-07-09,34.41
3009,2024-10-02,47.02
3009,2025-01-16,26.06
3009,2025-05-30,38.18
3010,2024-01-16,43.31
3011,2024-06-25,10.36
3011,2024-07-08,16.26
3011,2024-10-04,35.16
3011,2024-10-31,19.04
3011,2024-11-07,14.43
3011,2024-12-02,17.11
3011,2024-12-08,12.72
3011,2025-04-01,15.81
3011,2025-05-16,5.12
3011,2025-08-01,9.43
3011,2025-08-01,11.94
3011,2025-11-12,15.62
3011,2025-11-26,15.08
3012,2024-05-05,55.76
3012,2024-05-31,30.01
3012,2024-06-23,40.72
3012,2024-06-28,31.77
3012,2024-07-10,39.26
3012,2024-09-17,35.33
3012,2024-10-04,19.61
3012,2024-10-13,17.68
3012,2024-11-14,36.02
3012,2024-11-18,44.47
3012,2024-12-04,19.29
3012,2024-12-27,70.67
3012,2025-01-04,42.89
3012,2025-01-04,47.27
3012,2025-01-22,58.74
3012,2025-03-31,45.7
3012,2025-04-12,47.98
3012,2025-05-14,29.6
3012,2025-05-29,36.51
3012,2025-06-03,24.78
3012,2025-06-06,19.96
3012,2025-06-25,52.08
3012,2025-07-05,28.71
3012,2025-07-19,50.91
3012,2025-07-26,34.66
3012,2025-08-16,51.05
3012,2025-08-28,34.89
3012,2025-09-18,21.28
3012,2025-10-30,38.81
3012,2025-11-11,41.12
3012,2025-11-24,22.06
3013,2024-06-06,39.36
3014,2024-01-26,21.73
3015,2024-01-07,25.05
3015,2024-01-12,35.79
3015,2024-01-12,17.29
3015,2024-01-20,23.99
3015,2024-01-27,12.0
3015,2024-02-04,13.81
3015,2024-02-06,13.59
3015,2024-03-26,18.65
3015,2024-04-25,48.31
3015,2024-06-26,44.15
3015,2024-07-08,22.25
3015,2024-08-11,10.15
3015,2024-08-30,45.39
3015,2024-08-31,21.38
3015,2024-09-02,25.44
3015,2024-09-14,23.47
3015,2024-09-29,19.03
3015,2024-10-12,10.8
3015,2024-10-18,8.22
3015,2024-11-27,54.75
3015,2025-02-01,23.06
3015,2025-02-23,15.87
3015,2025-04-30,17.17
3015,2025-05-07,44.74
3015,2025-05-16,39.0
3015,2025-06-09,27.07
3015,2025-07-13,31.75
3015,2025-08-29,57.25
3015,2025-09-12,20.03
3015,2025-12-02,51.44
3015,2025-12-17,21.84
3016,2024-02-08,12.44
3016,2024-06-13,13.46
3016,2024-07-18,7.66
3016,2024-08-15,9.02
3016,2024-11-03,13.24
3016,2024-11-05,13.93
3016,2024-11-07,13.42
3016,2024-11-08,9.57
3016,2024-12-22,15.12
3016,2025-03-15,11.24
3016,2025-06-29,11.81
3016,2025-07-07,11.04
3016,2025-09-14,10.59
3016,2025-12-02,9.55
3016,2025-12-10,8.29
3016,2025-12-13,10.04
3017,2024-01-03,46.7
3017,2024-01-03,44.08
3017,2024-01-27,25.64
3017,2024-02-03,48.2
3017,2024-03-01,26.41
3017,2024-03-03,65.06
3017,2024-03-04,33.65
3017,2024-03-12,32.65
3017,2024-03-26,28.9
3017,2024-04-03,27.92
3017,2024-04-03,38.11
3017,2024-04-14,55.53
3017,2024-05-20,49.21
3017,2024-06-26,24.04
3017,2024-08-11,36.65
3017,2024-08-13,31.89
3017,2024-09-04,46.06
3017,2024-09-11,46.48
3017,2024-10-06,37.13
3017,2024-10-10,40.07
3017,2024-10-17,33.68
3017,2024-11-05,44.74
3017,2024-11-13,39.29
3017,2024-12-06,71.25
3017,2025-01-01,52.79
3017,2025-01-17,15.66
3017,2025-01-30,41.96
3017,2025-02-03,19.73
3017,2025-02-12,31.08
3017,2025-03-04,33.38
3017,2025-03-12,31.72
3017,2025-03-17,50.71
3017,2025-04-18,21.34
3017,2025-04-21,64.41
3017,2025-04-23,50.14
3017,2025-04-29,27.33
3017,2025-05-24,16.85
3017,2025-09-04,21.13
3017,2025-09-05,45.61
3017,2025-09-06,15.27
3017,2025-09-14,21.71
3017,2025-09-27,54.12
3017,2025-11-05,59.25
3017,2025-11-07,21.81
3017,2025-11-13,53.75
3017,2025-11-28,42.02
3017,2025-12-08,33.35
3017,2025-12-17,37.3
3018,2024-06-20,6.06
3018,2024-07-03,9.48
3019,2024-06-09,41.53
3020,2024-01-06,24.05
3021,2024-04-24,31.05
3022,2024-05-16,17.21
3022,2024-07-29,20.42
3023,2024-04-24,19.96
3023,2025-06-01,12.57
3024,2024-02-12,26.07
3024,2024-03-04,30.6
3024,2024-03-06,17.86
3024,2024-03-08,4.82
3024,2024-03-30,6.4
3024,2024-04-14,24.34
3024,2024-04-17,29.6
3024,2024-05-02,33.88
3024,2024-05-11,17.07
3024,2024-05-18,33.88
3024,2024-05-18,32.73
3024,2024-06-14,23.14
3024,2024-06-21,17.0
3024,2024-06-22,12.95
3024,2024-07-05,30.74
3024,2024-07-08,14.34
3024,2024-07-10,11.19
3024,2024-07-14,25.77
3024,2024-07-26,22.38
3024,2024-07-29,23.29
3024,2024-08-03,22.07
3024,2024-08-08,17.45
3024,2024-08-08,24.55
3024,2024-08-12,14.7
3024,2024-08-29,13.36
3024,2024-09-02,11.96
3024,2024-09-07,21.77
3024,2024-09-11,3.26
3024,2024-09-30,25.17
3024,2024-10-02,19.47
3024,2024-10-02,13.21
3024,2024-10-12,21.02
3024,2024-10-15,16.72
3024,2024-10-19,23.68
3024,2024-12-09,21.95
3024,2024-12-10,28.86
3024,2024-12-11,19.16
3024,2024-12-13,17.14
3024,2024-12-23,20.31
3024,2024-12-30,28.34
3024,2025-01-07,19.53
3024,2025-01-08,17.78
3024,2025-01-18,28.22
3024,2025-02-03,13.06
3024,2025-02-06,10.53
3024,2025-03-04,21.98
3024,2025-03-10,23.96
3024,2025-03-15,16.15
3024,2025-03-15,11.32
3024,2025-03-21,22.59
3024,2025-03-24,15.39
3024,2025-03-29,26.99
3024,2025-04-01,13.6
3024,2025-04-01,26.94
3024,2025-04-01,31.83
3024,2025-04-06,12.45
3024,2025-04-10,20.69
3024,2025-04-10,6.59
3024,2025-04-27,39.29
3024,2025-05-09,33.38
3024,2025-05-09,28.33
3024,2025-05-09,18.79
3024,2025-05-16,16.08
3024,2025-05-19,19.04
3024,2025-05-26,23.74
3024,2025-06-03,32.01
3024,2025-06-03,21.71
3024,2025-07-09,14.97
3024,2025-07-17,16.33
3024,2025-07-22,18.82
3024,2025-08-03,13.97
3024,2025-08-06,19.51
3024,2025-08-11,19.69
3024,2025-08-13,21.53
3024,2025-08-30,10.42
3024,2025-08-30,23.69
3024,2025-09-15,18.62
3024,2025-09-18,21.41
3024,2025-09-27,10.89
3024,2025-10-01,16.7
3024,2025-10-03,20.55
3024,2025-10-04,27.68
3024,2025-10-15,35.61
3024,2025-10-18,21.31
3024,2025-10-24,15.07
3024,2025-10-25,26.69
3024,2025-10-29,18.92
3024,2025-11-03,18.83
3024,2025-11-14,8.97
3024,2025-11-28,4.24
3024,2025-12-16,20.19
3024,2025-12-27,16.35
3025,2024-06-12,24.41
3026,2024-04-17,16.45
3027,2024-05-29,5.42
3027,2024-07-03,17.35
3027,2024-08-16,21.33
3027,2024-08-25,15.75
3027,2024-10-31,24.33
3027,2024-12-01,20.13
3027,2024-12-04,10.87
3027,2024-12-05,17.94
3027,2025-03-08,19.97
3027,2025-06-09,19.48
3027,2025-08-27,8.99
3027,2025-10-22,19.8
3027,2025-12-26,29.84
3028,2024-02-14,22.82
3029,2024-06-19,9.6
3029,2025-02-13,12.03
3029,2025-04-01,15.83
3029,2025-07-27,14.54
3030,2024-03-30,18.87
3030,2024-08-21,27.57
3030,2024-10-15,17.97
3030,2025-04-07,22.99
3030,2025-05-19,15.33
3030,2025-07-07,17.47
3030,2025-08-04,13.91
3031,2024-03-13,19.08
3032,2024-04-08,15.94
3032,2024-06-04,8.59
3032,2024-12-06,13.97
3032,2025-01-28,16.97
3032,2025-04-22,9.77
3032,2025-08-29,20.54
3032,2025-10-13,14.66
3032,2025-11-27,17.76
3032,2025-12-04,5.9
3033,2024-04-15,28.24
3033,2024-04-26,9.21
3033,2024-09-01,13.37
3033,2024-12-02,12.64
3033,2025-01-27,15.74
3033,2025-07-20,8.49
3034,2024-06-05,67.03
3035,2024-03-04,19.15
3035,2024-06-25,13.42
3036,2024-01-20,17.54
3037,2024-03-14,31.33
3037,2024-03-15,23.25
3037,2024-03-21,15.31
3037,2024-03-24,11.18
3037,2024-05-17,28.41
3037,2024-05-24,32.08
3037,2024-06-06,43.14
3037,2024-06-18,8.24
3037,2024-06-22,19.65
3037,2024-06-27,16.13
3037,2024-07-03,10.28
3037,2024-07-09,15.33
3037,2024-07-22,10.07
3037,2024-11-11,24.58
3037,2024-11-14,13.31
3037,2024-12-12,20.36
3037,2024-12-13,41.83
3037,2024-12-29,35.62
3037,2025-02-03,20.29
3037,2025-02-05,22.88
3037,2025-02-16,22.62
3037,2025-02-17,23.96
3037,2025-03-19,10.36
3037,2025-04-03,12.53
3037,2025-04-12,20.2
3037,2025-04-30,24.68
3037,2025-04-30,40.03
3037,2025-05-09,10.75
3037,2025-05-15,23.7
3037,2025-05-15,23.47
3037,2025-06-05,11.28
3037,2025-06-07,21.49
3037,2025-06-16,9.56
3037,2025-06-21,18.58
3037,2025-07-07,13.76
3037,2025-07-08,34.96
3037,2025-07-09,32.27
3037,2025-07-11,22.81
3037,2025-07-27,16.49
3037,2025-08-17,11.28
3037,2025-08-23,35.2
3037,2025-08-25,23.24
3037,2025-09-29,18.92
3037,2025-10-12,19.33
3037,2025-11-11,25.4
3037,2025-11-16,22.36
3037,2025-11-20,19.0
3037,2025-11-23,25.95
3037,2025-12-25,44.71
3037,2025-12-28,25.24
3038,2024-05-10,13.38
3038,2024-06-24,16.82
3038,2024-10-11,33.26
3038,2024-10-20,18.64
3038,2025-02-17,13.31
3038,2025-05-14,17.94
3039,2024-03-27,19.71
3039,2024-07-23,29.17
3039,2024-07-27,11.99
3039,2024-09-15,28.74
3040,2024-04-24,13.78
3040,2024-05-07,24.08
3040,2024-05-30,44.83
3040,2024-06-19,28.1
3040,2024-07-16,45.9
3041,2024-04-04,7.23
3041,2024-04-13,10.11
3041,2024-05-14,11.69
3041,2024-05-15,23.94
3041,2024-07-31,12.47
3041,2024-09-05,10.35
3041,2024-11-13,9.34
3041,2024-11-21,3.43
3041,2024-11-27,16.53
3041,2025-03-30,18.34
3041,2025-07-11,13.53
3041,2025-07-20,14.64
3041,2025-09-22,9.17
3041,2025-11-03,16.95
3041,2025-11-13,14.31
3041,2025-12-02,8.55
3041,2025-12-16,10.56
3042,2024-05-04,18.14
3042,2024-06-10,37.41
3043,2024-05-19,64.0
3043,2024-06-28,52.91
3043,2025-03-20,24.88
3043,2025-04-24,36.47
3044,2024-06-19,14.16
3044,2024-07-11,35.23
3044,2024-07-18,35.28
3044,2024-07-30,26.65
3044,2024-08-08,22.14
3044,2024-08-25,24.78
3044,2024-08-29,49.28
3044,2024-09-07,19.97
3044,2024-09-13,42.23
3044,2024-10-18,49.91
3044,2024-10-31,42.87
3044,2024-11-07,24.24
3044,2024-11-16,49.81
3044,2024-12-19,28.06
3044,2025-01-02,47.95
3044,2025-01-17,44.48
3044,2025-01-31,33.5
3044,2025-02-15,43.65
3044,2025-02-20,25.71
3044,2025-05-19,41.06
3044,2025-05-21,42.7
3044,2025-06-13,41.45
3044,2025-06-14,75.45
3044,2025-07-03,21.56
3044,2025-07-15,35.42
3044,2025-08-26,30.59
3044,2025-08-28,36.86
3044,2025-09-19,25.91
3044,2025-10-14,15.56
3044,2025-10-23,16.87
3044,2025-11-13,15.21
3044,2025-12-08,19.59
3044,2025-12-25,24.81
3044,2025-12-27,38.44
3045,2024-05-17,10.72
3045,2024-11-11,13.73
3045,2025-01-18,8.31
3046,2024-05-14,16.21
3046,2024-06-20,12.06
3046,2024-08-03,33.91
3046,2024-10-06,13.87
3046,2024-10-23,8.15
3047,2024-06-04,52.77
3047,2024-06-10,48.6
3048,2024-04-05,44.26
3048,2024-04-18,29.03
3048,2024-05-10,13.39
3048,2024-05-30,38.25
3048,2024-06-10,26.83
3048,2024-06-18,45.15
3048,2024-07-02,49.67
3049,2024-01-28,12.97
3050,2024-01-10,7.43
3050,2024-01-15,7.49
3050,2024-02-13,20.56
3051,2024-03-07,11.19
3051,2024-09-01,21.81
3052,2024-03-28,55.82
3052,2024-03-31,34.87
3052,2024-04-22,22.8
3052,2024-05-03,28.92
3052,2024-06-21,64.11
3052,2024-07-02,32.28
3052,2024-07-22,38.63
3052,2024-07-26,68.77
3052,2024-08-11,20.67
3052,2024-10-22,58.08
3052,2024-10-25,33.15
3052,2024-12-21,35.7
3052,2025-03-15,38.57
3052,2025-03-21,32.55
3052,2025-04-03,16.94
3052,2025-04-04,33.26
3052,2025-04-29,34.55
3052,2025-06-04,47.4
3052,2025-08-06,35.28
3053,2024-06-16,12.13
3053,2024-12-05,24.04
3053,2025-01-21,14.58
3053,2025-02-26,25.61
3053,2025-02-28,15.46
3053,2025-04-09,17.45
3054,2024-06-22,19.88
3054,2024-06-26,4.67
3054,2024-09-22,16.46
3054,2024-11-04,8.06
3054,2024-11-17,4.21
3054,2024-11-26,7.2
3054,2025-04-04,16.5
3054,2025-06-14,8.9
3054,2025-06-24,6.92
3054,2025-09-27,14.47
3054,2025-12-16,16.33
3055,2024-04-13,12.6
3056,2024-05-26,32.41
3056,2024-10-30,9.38
3056,2024-12-13,11.3
3056,2025-09-29,16.08
3057,2024-05-27,11.58
3057,2024-12-21,13.41
3058,2024-03-18,25.55
3058,2024-03-19,28.82
3058,2024-04-17,14.13
3058,2024-05-26,41.39
3058,2024-07-03,32.41
3058,2024-08-25,15.61
3058,2024-08-31,47.66
3058,2024-09-08,37.94
3059,2024-05-22,50.22
3059,2024-05-23,45.06
3060,2024-04-21,22.56
3061,2024-02-11,48.37
3062,2024-05-27,11.56
3063,2024-06-24,16.17
3064,2024-05-27,22.98
3064,2024-08-03,25.58
3064,2024-09-17,24.86
3064,2024-09-22,12.33
3064,2024-09-25,13.25
3065,2024-03-12,11.59
3065,2024-05-23,30.39
3065,2024-12-27,46.79
3065,2025-01-28,15.83
3066,2024-02-05,12.38
3066,2024-02-21,21.69
3066,2024-03-04,17.83
3066,2024-03-07,24.63
3066,2024-04-12,23.01
3067,2024-04-25,3.19
3067,2024-05-27,15.29
3067,2024-06-11,22.78
3067,2025-05-26,25.59
3067,2025-08-22,10.51
3068,2024-01-30,12.36
3069,2024-04-11,58.39
3069,2024-09-20,36.27
3069,2024-11-30,60.41
3069,2025-01-25,31.23
3069,2025-02-23,28.84
3069,2025-09-26,24.21
3070,2024-04-24,25.41
3071,2024-06-26,39.47
3071,2024-07-04,21.76
3071,2024-07-19,34.62
3072,2024-06-19,18.52
3073,2024-02-13,17.6
3073,2024-02-26,20.43
3073,2024-03-26,11.89
3073,2024-04-25,37.06
3073,2024-05-04,14.79
3073,2024-05-27,17.3
3073,2024-06-22,35.83
3073,2024-06-29,11.99
3073,2024-07-13,11.68
3073,2024-08-03,21.63
3073,2024-08-21,18.71
3073,2024-10-08,29.9
3073,2024-11-28,7.55
3073,2024-12-04,25.21
3073,2025-01-31,16.18
3073,2025-02-06,22.43
3073,2025-02-09,25.22
3073,2025-03-31,13.08
3073,2025-04-07,16.96
3073,2025-04-15,23.03
3073,2025-05-21,8.48
3073,2025-08-06,16.21
3073,2025-08-27,18.7
3073,2025-10-05,26.54
3073,2025-10-29,28.18
3073,2025-11-08,21.1
3073,2025-11-13,16.96
3074,2024-01-13,27.99
3075,2024-04-13,20.64
3076,2024-04-08,31.92
3076,2024-04-22,77.52
3076,2024-05-26,47.48
3076,2024-06-09,62.28
3076,2024-07-05,17.87
3076,2024-09-20,83.87
3076,2024-10-16,112.63
3076,2024-10-22,36.09
3076,2025-01-19,54.56
3076,2025-01-27,27.86
3076,2025-03-17,74.27
3076,2025-05-12,50.8
3076,2025-05-29,67.12
3076,2025-08-07,25.91
3076,2025-08-28,47.38
3077,2024-06-17,11.41
3078,2024-06-21,35.67
3078,2024-07-18,20.2
3078,2024-08-09,31.71
3078,2024-09-22,9.78
3078,2024-10-12,19.62
3078,2024-10-14,41.38
3079,2024-01-19,18.51
3080,2024-03-29,24.89
3080,2024-11-28,11.11
3080,2025-03-14,9.75
3080,2025-04-06,15.47
3081,2024-06-25,8.98
3081,2024-07-05,13.93
3081,2024-11-18,18.88
3081,2025-01-16,19.33
3081,2025-05-17,21.55
3081,2025-08-04,13.88
3081,2025-09-20,11.82
3082,2024-01-30,17.31
3083,2024-01-20,12.03
3083,2024-05-18,24.64
3083,2024-06-14,26.18
3083,2024-07-23,11.75
3083,2024-09-01,17.18
3084,2024-03-17,4.53
3084,2024-04-05,6.99
3084,2024-04-07,5.61
3084,2024-05-22,10.8
3084,2024-06-05,12.17
3084,2024-07-20,8.65
3084,2024-08-23,7.77
3084,2024-09-04,16.77
3084,2024-09-06,20.66
3084,2024-09-10,14.04
3084,2024-09-16,8.3
3084,2024-09-18,8.97
3084,2024-09-20,20.72
3084,2024-10-05,10.86
3084,2024-11-02,2.04
3084,2024-11-17,2.6
3084,2024-12-31,15.99
3084,2025-01-01,11.43
3084,2025-01-11,8.57
3084,2025-02-07,5.33
3084,2025-02-26,13.65
3084,2025-05-15,9.39
3084,2025-06-16,12.57
3084,2025-07-09,11.67
3085,2024-01-09,4.6
3086,2024-01-15,8.15
3087,2024-04-30,57.63
3088,2024-06-01,26.36
3089,2024-02-18,10.04
3090,2024-03-24,45.76
3091,2024-04-19,69.13
3091,2024-04-25,75.36
3091,2024-06-28,66.73
3091,2024-07-21,18.49
3091,2024-08-18,97.75
3092,2024-05-02,51.37
3093,2024-06-04,5.37
3093,2024-07-22,6.09
3094,2024-02-13,36.23
3094,2024-02-18,36.84
3094,2024-03-01,10.27
3094,2024-05-15,23.55
3094,2024-06-04,25.16
3094,2024-06-12,31.98
3094,2024-07-13,29.31
3094,2024-08-11,43.22
3094,2024-08-19,38.66
3094,2024-08-19,18.07
3094,2024-09-26,6.13
3094,2024-11-08,19.92
3094,2024-11-27,17.87
3094,2024-11-30,13.44
3094,2025-02-07,31.19
3094,2025-02-27,18.5
3094,2025-03-01,33.41
3094,2025-04-15,38.06
3094,2025-05-04,27.42
3094,2025-05-18,35.88
3094,2025-05-25,25.6
3094,2025-06-23,23.74
3094,2025-08-03,24.22
3094,2025-08-14,36.12
3094,2025-08-25,41.38
3094,2025-10-27,14.5
3094,2025-11-26,12.73
3094,2025-12-24,35.75
3095,2024-02-26,10.01
3095,2024-03-29,4.54
3095,2024-03-30,8.05
3095,2024-05-03,6.16
3096,2024-05-15,21.98
3097,2024-05-14,15.89
3097,2024-06-07,9.75
3097,2024-06-11,21.64
3097,2024-06-16,5.59
3097,2024-07-01,16.36
3097,2024-07-10,14.24
3097,2024-07-13,20.19
3097,2024-07-24,10.51
3097,2024-08-04,9.33
3097,2024-08-08,11.4
3097,2024-09-09,10.89
3097,2024-09-14,14.59
3098,2024-03-05,41.93
3099,2024-03-20,19.14
3099,2024-03-20,29.12
3099,2024-09-05,16.84
3099,2024-10-29,12.7
3099,2024-11-27,13.99
3099,2024-12-17,25.23
3099,2025-03-01,25.51
3099,2025-04-07,13.94
3099,2025-05-29,18.05
3100,2024-05-06,8.93
3100,2024-05-14,12.76
3100,2024-05-17,5.74
3100,2024-05-18,18.06
3100,2024-06-12,10.57
3100,2024-06-14,20.21
3100,2024-06-15,12.35
3100,2024-06-26,22.68
3100,2024-06-26,13.21
3100,2024-07-02,8.53
3100,2024-07-03,20.81
3100,2024-07-04,22.54
3100,2024-07-08,26.23
3100,2024-07-10,32.49
3100,2024-07-22,19.51
3100,2024-08-14,21.54
3100,2024-08-14,16.85
3100,2024-08-20,20.17
3100,2024-10-19,13.2
3100,2024-11-23,16.01
3100,2024-12-26,20.48
3100,2025-01-06,10.85
3100,2025-01-09,14.88
3100,2025-02-06,16.24
3100,2025-02-06,34.31
3100,2025-02-14,17.32
3100,2025-03-03,14.04
3100,2025-03-08,19.09
3100,2025-03-08,20.81
3100,2025-04-29,27.55
3100,2025-05-06,9.04
3100,2025-05-17,26.0
3100,2025-05-18,5.95
3100,2025-06-02,20.61
3100,2025-06-07,9.24
3100,2025-07-19,23.07
3100,2025-07-29,16.51
3100,2025-08-02,18.99
3100,2025-08-11,20.26
3100,2025-08-13,22.47
3100,2025-08-18,25.33
3100,2025-08-23,28.08
3100,2025-09-19,6.94
3100,2025-10-02,15.16
3100,2025-10-10,33.11
3100,2025-10-17,29.67
3100,2025-11-21,17.65
3100,2025-11-28,22.77
3100,2025-12-20,29.44
3100,2025-12-21,13.49
3101,2024-01-27,13.44
3101,2024-04-03,10.49
3102,2024-03-13,14.11
3102,2024-09-10,33.03
3102,2024-12-20,37.38
3102,2025-04-22,30.49
3102,2025-11-24,43.7
3102,2025-11-27,35.54
3102,2025-12-01,30.02
3103,2024-06-26,45.0
3104,2024-06-08,18.04
3104,2024-06-27,18.01
3104,2024-08-15,17.41
3105,2024-04-12,14.61
3106,2024-05-08,44.79
3106,2024-05-10,33.42
3106,2024-06-05,38.13
3106,2024-06-15,44.85
3106,2024-06-24,19.95
3106,2024-06-27,25.0
3106,2024-07-04,35.26
3106,2024-07-05,36.63
3106,2024-07-11,45.65
3106,2024-07-25,28.8
3106,2024-07-31,46.22
3106,2024-08-29,40.34
3106,2024-08-31,57.64
3106,2024-09-11,28.4
3106,2024-09-27,46.94
3106,2024-10-23,38.7
3106,2024-10-29,43.41
3106,2024-10-31,78.27
3106,2024-11-01,45.16
3106,2024-12-07,53.01
3106,2024-12-14,30.95
3106,2025-02-13,36.59
3106,2025-02-19,23.17
3106,2025-02-21,44.52
3106,2025-04-03,42.15
3106,2025-04-11,24.82
3106,2025-04-13,22.15
3106,2025-04-22,17.5
3106,2025-04-27,24.94
3106,2025-06-15,15.57
3106,2025-06-28,37.85
3106,2025-07-04,16.27
3106,2025-07-21,20.49
3106,2025-09-09,62.97
3106,2025-09-13,22.89
3106,2025-09-21,26.7
3106,2025-09-26,55.6
3106,2025-09-27,30.14
3106,2025-10-01,42.45
3106,2025-10-18,52.34
3106,2025-10-19,45.28
3106,2025-10-22,36.26
3106,2025-11-08,23.1
3106,2025-11-21,76.79
3106,2025-11-30,64.97
3106,2025-12-15,43.66
3106,2025-12-15,27.07
3106,2025-12-23,50.8
3107,2024-02-03,8.13
3107,2024-02-16,18.06
3107,2024-02-19,6.91
3107,2024-03-11,12.0
3107,2024-03-22,6.38
3107,2024-03-24,15.33
3108,2024-01-17,4.28
3108,2024-02-01,5.51
3108,2024-10-06,12.51
3108,2025-11-09,11.05
3109,2024-06-21,8.6
3110,2024-05-18,22.98
3110,2024-06-14,10.57
3110,2024-07-16,10.89
3110,2024-09-18,8.38
3110,2024-09-28,2.99
3110,2024-10-02,14.9
3110,2024-10-09,8.8
3110,2024-10-19,11.48
3110,2024-11-21,26.95
3110,2024-11-25,20.05
3110,2024-12-26,7.86
3110,2025-01-02,6.48
3110,2025-01-09,9.21
3110,2025-03-03,10.99
3110,2025-03-09,7.23
3110,2025-03-18,16.78
3110,2025-04-10,20.64
3110,2025-04-21,18.34
3111,2024-02-09,20.15
3111,2024-05-11,18.59
3111,2024-06-06,15.52
3111,2024-06-27,22.99
3112,2024-02-23,28.39
3112,2024-07-09,24.56
3112,2025-02-18,23.29
3112,2025-04-09,21.76
3113,2024-03-30,21.56
3113,2024-08-19,26.32
3113,2024-10-14,47.43
3113,2024-10-21,17.88
3114,2024-02-06,17.09
3115,2024-03-19,14.06
3115,2024-08-07,35.4
3115,2024-11-29,22.24
3116,2024-04-14,14.57
3116,2024-05-15,13.83
3116,2024-06-20,42.93
3116,2024-07-08,34.13
3116,2024-09-16,51.5
3116,2024-09-20,29.03
3116,2024-09-30,18.91
3116,2024-10-15,61.99
3116,2024-10-29,18.25
3116,2024-11-08,47.93
3116,2024-11-23,33.34
3116,2024-12-28,27.15
3116,2025-02-02,13.37
3116,2025-06-03,53.7
3116,2025-09-15,35.39
3116,2025-09-22,37.47
3116,2025-09-29,24.11
3116,2025-11-17,22.0
3116,2025-12-02,32.69
3116,2025-12-27,40.75
3116,2025-12-28,33.86
3117,2024-06-06,9.39
3117,2024-06-16,11.83
3117,2024-09-08,19.99
3117,2024-11-11,32.72
3117,2024-12-14,12.71
3118,2024-03-20,20.54
3118,2024-03-27,25.59
3118,2024-03-27,13.34
3118,2024-04-22,22.13
3118,2024-05-26,7.49
3118,2024-09-24,13.51
3118,2024-12-01,7.08
3118,2025-01-08,47.1
3118,2025-02-21,25.4
3118,2025-04-30,23.37
3118,2025-06-17,19.04
3118,2025-06-30,17.85
3118,2025-08-25,33.42
3118,2025-09-28,43.44
3118,2025-10-08,23.11
3118,2025-11-14,14.37
3118,2025-12-14,9.93
3119,2024-02-15,61.34
3120,2024-03-11,44.1
3120,2024-03-17,56.5
3120,2024-03-25,77.03
3120,2024-03-29,37.85
3120,2024-04-20,69.72
3120,2024-04-22,73.04
3120,2024-04-25,58.82
3120,2024-04-30,67.15
3120,2024-05-03,65.54
3120,2024-05-16,48.16
3120,2024-06-02,27.99
3120,2024-06-09,34.12
3120,2024-06-29,67.39
3120,2024-06-29,53.59
3120,2024-07-13,47.2
3120,2024-09-26,38.98
3120,2024-10-20,42.76
3120,2024-11-13,51.32
3120,2024-11-20,77.78
3120,2024-11-20,61.8
3120,2024-12-04,102.38
3120,2024-12-22,63.83
3120,2025-03-11,66.27
3120,2025-03-25,45.43
3120,2025-04-11,61.18
3120,2025-04-13,57.43
3120,2025-06-08,86.04
3120,2025-06-13,72.43
3120,2025-07-06,78.77
3120,2025-07-09,97.04
3120,2025-07-14,65.74
3120,2025-07-25,122.81
3120,2025-08-01,48.34
3120,2025-08-03,41.44
3120,2025-08-11,51.92
3120,2025-08-16,45.36
3120,2025-09-02,56.19
3120,2025-09-05,31.49
3120,2025-10-04,83.57
3120,2025-10-23,36.2
3120,2025-10-31,68.16
3120,2025-11-12,27.93
3120,2025-11-26,45.74
3120,2025-12-16,111.32
3120,2025-12-27,89.04
3121,2024-06-26,54.74
3121,2024-07-28,65.48
3121,2024-12-23,63.06
3121,2025-06-08,92.03
3121,2025-08-11,55.32
3121,2025-12-11,38.48
3121,2025-12-16,44.67
3122,2024-01-03,10.61
3123,2024-02-12,23.89
3123,2024-03-12,18.63
3123,2024-08-22,7.74
3123,2024-08-25,11.61
3123,2025-04-09,18.48
3123,2025-11-22,8.42
3124,2024-05-28,72.34
3124,2024-07-12,58.19
3124,2024-09-18,68.97
3124,2025-01-08,90.57
3124,2025-03-08,98.59
3124,2025-07-24,96.88
3124,2025-08-10,61.85
3124,2025-08-26,157.72
3125,2024-06-07,21.79
3126,2024-01-27,26.38
3127,2024-04-13,21.04
3128,2024-01-12,47.61
3129,2024-01-16,11.85
3129,2024-02-16,20.97
3129,2024-02-27,15.05
3129,2024-04-03,23.76
3129,2024-04-09,12.52
3129,2024-05-15,28.18
3129,2024-06-27,34.93
3129,2024-07-12,29.08
3129,2024-07-20,24.84
3129,2024-07-21,17.13
3129,2024-08-01,27.47
3129,2024-08-02,22.19
3129,2024-08-03,14.13
3129,2024-08-24,13.67
3129,2024-11-09,14.63
3129,2024-12-12,23.65
3129,2025-01-28,23.2
3129,2025-02-06,17.19
3129,2025-03-04,10.77
3129,2025-05-02,12.43
3129,2025-06-02,6.4
3129,2025-06-09,19.83
3129,2025-06-14,18.1
3129,2025-07-10,14.45
3129,2025-08-25,14.22
3129,2025-09-19,20.34
3129,2025-10-18,13.3
3129,2025-11-28,7.8
3129,2025-12-08,17.04
3130,2024-03-27,33.42
3131,2024-05-05,11.65
3131,2025-04-15,28.79
3132,2024-01-16,13.9
3132,2024-04-12,9.83
3132,2024-04-12,18.85
3132,2024-05-23,18.17
3132,2024-06-29,15.66
3132,2024-07-11,9.35
3132,2024-07-28,11.25
3132,2024-08-08,12.02
3132,2024-08-31,4.62
3132,2024-10-19,24.05
3132,2024-10-26,12.27
3132,2024-11-06,20.45
3132,2024-11-23,11.58
3132,2024-12-03,14.49
3132,2024-12-26,16.62
3132,2025-01-08,9.33
3132,2025-01-27,20.27
3132,2025-02-03,16.12
3132,2025-02-10,25.41
3133,2024-05-08,79.53
3133,2024-05-09,44.92
3133,2024-09-26,105.87
3133,2024-11-10,66.02
3133,2025-02-15,75.23
3133,2025-02-24,29.28
3133,2025-03-26,86.95
3133,2025-05-27,46.82
3133,2025-07-17,57.53
3133,2025-09-10,81.77
3133,2025-09-19,94.21
3133,2025-12-05,48.75
3134,2024-05-03,12.3
3134,2024-05-17,26.97
3134,2024-06-05,19.42
3134,2024-06-15,40.84
3134,2024-07-11,24.81
3135,2024-05-31,18.83
3135,2024-08-28,10.7
3135,2024-10-22,8.86
3135,2024-12-27,8.14
3135,2025-01-09,18.64
3135,2025-04-03,24.87
3135,2025-04-16,17.52
3136,2024-03-13,36.1
3136,2024-08-24,39.64
3136,2025-01-04,24.79
3136,2025-05-16,30.39
3136,2025-06-01,14.97
3136,2025-08-25,20.05
3136,2025-09-01,17.25
3136,2025-09-17,90.8
3137,2024-02-27,17.83
3137,2024-08-31,29.1
3138,2024-02-21,16.67
3138,2024-03-21,10.68
3139,2024-01-09,36.58
3140,2024-01-27,28.62
3140,2024-07-15,18.69
3141,2024-05-28,26.83
3141,2024-06-03,59.65
3141,2024-06-05,13.24
3141,2024-06-23,47.23
3141,2024-06-27,34.99
3141,2024-07-14,16.78
3141,2024-07-15,16.21
3141,2024-07-17,24.25
3141,2024-07-20,69.21
3141,2024-07-20,30.07
3141,2024-07-24,29.43
3141,2024-07-25,59.41
3141,2024-08-16,31.3
3141,2024-09-04,38.54
3141,2024-09-13,29.42
3141,2024-09-29,19.46
3141,2024-10-24,21.34
3141,2024-11-04,43.36
3141,2024-12-07,47.09
3141,2024-12-10,30.62
3141,2024-12-12,38.28
3141,2025-01-22,18.93
3141,2025-02-08,32.98
3142,2024-06-10,30.64
3142,2024-06-26,24.52
3143,2024-03-05,15.7
3144,2024-05-28,14.56
3144,2025-07-08,23.76
3145,2024-03-01,22.0
3146,2024-01-24,15.37
3146,2024-05-10,31.08
3146,2024-12-11,30.34
3146,2025-04-02,14.45
3146,2025-11-16,34.36
3147,2024-03-05,15.9
3148,2024-06-16,10.12
3148,2025-04-26,15.96
3149,2024-05-25,45.61
3150,2024-06-03,15.55
3150,2024-11-17,91.9
3150,2025-09-24,32.3
3150,2025-11-05,61.37
3151,2024-06-17,41.24
3151,2024-10-27,7.75
3151,2025-06-28,27.14
3151,2025-12-07,26.37
3152,2024-01-29,11.96
3153,2024-02-18,25.12
3153,2024-09-24,11.65
3154,2024-06-01,36.59
3154,2024-07-23,20.68
3154,2024-07-25,21.86
3155,2024-03-10,18.36
3156,2024-04-30,14.25
3156,2024-05-06,12.56
3156,2024-06-21,11.34
3156,2024-07-10,10.03
3156,2024-08-05,14.58
3156,2024-08-10,20.14
3156,2024-08-22,24.94
3156,2024-08-30,13.4
3156,2024-09-06,7.73
3156,2024-09-12,14.32
3156,2024-09-16,7.54
3156,2024-10-10,16.18
3156,2024-10-16,4.73
3156,2024-10-23,17.95
3156,2024-10-27,11.9
3156,2024-11-01,23.25
3156,2024-11-22,19.35
3156,2025-01-01,16.64
3156,2025-02-09,17.95
3156,2025-03-05,8.48
3156,2025-03-07,16.35
3156,2025-03-10,16.1
3156,2025-04-13,11.26
3156,2025-05-06,14.42
3156,2025-05-10,23.35
3156,2025-05-31,13.15
3156,2025-06-07,21.66
3156,2025-07-03,13.26
3156,2025-07-11,12.06
3156,2025-07-27,9.06
3156,2025-08-18,25.97
3156,2025-10-06,17.4
3156,2025-10-17,25.01
3156,2025-10-18,12.26
3156,2025-10-22,12.29
3156,2025-10-31,15.37
3156,2025-11-15,25.08
3156,2025-12-06,14.15
3156,2025-12-15,16.63
3156,2025-12-19,9.07
3156,2025-12-23,19.2
3157,2024-06-09,22.56
3158,2024-02-26,22.91
3159,2024-03-06,13.24
3159,2024-06-23,12.65
3159,2024-07-14,7.41
3159,2024-10-13,6.11
3159,2025-01-15,12.38
3159,2025-04-24,8.99
3159,2025-07-20,6.71
3159,2025-08-06,11.37
3159,2025-10-22,3.72
3159,2025-10-26,11.26
3160,2024-03-21,13.22
3160,2024-04-04,20.09
3160,2024-04-22,18.92
3160,2024-05-15,9.03
3160,2024-05-31,31.77
3160,2024-06-02,26.07
3160,2024-06-07,15.83
3160,2024-07-15,10.83
3160,2024-07-19,12.63
3160,2024-07-21,20.62
3160,2024-08-01,11.76
3160,2024-08-03,7.6
3160,2024-08-04,19.89
3160,2024-08-19,27.63
3160,2024-09-02,22.11
3160,2024-09-07,19.25
3160,2024-09-07,17.31
3160,2024-09-08,17.61
3160,2024-10-14,12.66
3160,2024-10-20,22.76
3160,2024-12-11,21.13
3160,2024-12-14,13.57
3160,2024-12-18,31.24
3160,2024-12-22,31.3
3160,2025-01-11,10.88
3160,2025-01-14,12.62
3160,2025-01-18,10.35
3161,2024-04-30,24.69
3161,2024-07-05,26.85
3161,2024-07-08,15.26
3161,2024-08-13,9.14
3161,2024-08-26,24.5
3161,2024-09-09,18.32
3161,2024-09-24,29.09
3161,2024-09-27,32.63
3162,2024-05-09,12.52
3162,2024-10-09,30.01
3163,2024-03-23,58.45
3163,2024-07-02,30.52
3163,2024-07-08,18.85
3163,2025-01-06,65.85
3163,2025-02-05,27.64
3164,2024-01-09,14.12
3164,2024-06-04,11.65
3164,2024-09-15,13.65
3165,2024-02-21,20.5
3166,2024-02-17,8.83
3166,2024-03-11,11.15
3167,2024-06-26,19.93
3167,2024-07-24,22.66
3167,2024-07-28,48.9
3168,2024-04-02,36.16
3168,2024-08-25,44.48
3169,2024-01-02,20.8
3169,2024-04-30,19.64
3169,2024-06-26,16.53
3169,2024-07-20,23.82
3169,2024-10-05,16.8
3169,2024-11-02,14.91
3169,2024-11-21,22.69
3169,2024-12-24,20.91
3169,2025-05-10,13.72
3169,2025-05-27,12.42
3169,2025-10-12,31.48
3170,2024-01-26,13.07
3170,2024-02-05,11.48
3170,2024-02-11,9.44
3170,2024-03-15,10.42
3170,2024-04-15,9.32
3170,2024-06-29,7.4
3170,2024-09-17,16.5
3170,2024-10-04,3.62
3170,2024-10-11,12.62
3170,2024-10-28,9.71
3170,2024-11-06,27.65
3170,2024-12-10,10.64
3170,2025-01-20,8.24
3170,2025-02-02,9.04
3170,2025-02-25,7.21
3170,2025-03-29,14.4
3170,2025-03-30,11.2
3171,2024-01-29,42.58
3172,2024-05-28,30.42
3173,2024-01-16,37.34
3173,2024-04-18,37.05
3173,2025-01-03,30.11
3174,2024-01-31,68.44
3175,2024-03-15,21.56
3175,2024-05-25,44.86
3175,2024-06-15,17.52
3175,2024-06-26,35.88
3175,2024-09-28,33.63
3175,2024-12-02,33.07
3175,2024-12-27,21.97
3175,2025-01-21,34.38
3175,2025-05-03,37.88
3175,2025-11-22,14.16
3176,2024-01-16,26.14
3176,2024-01-31,21.1
3177,2024-03-03,13.31
3177,2025-01-24,13.28
3178,2024-06-06,32.52
3178,2024-08-18,25.06
3178,2024-09-14,60.3
3178,2024-11-15,30.75
3178,2025-02-04,21.35
3178,2025-08-26,18.97
3178,2025-12-09,16.26
3178,2025-12-14,18.11
3179,2024-05-05,33.95
3180,2024-01-28,9.48
3181,2024-05-15,53.91
3182,2024-05-24,32.98
3182,2024-09-26,54.69
3182,2025-10-27,20.07
3183,2024-03-16,12.55
3183,2025-04-02,20.09
3183,2025-08-28,19.14
3184,2024-04-13,16.08
3184,2024-04-26,21.55
3185,2024-03-15,18.25
3186,2024-03-29,30.81
3186,2024-04-09,21.3
3186,2024-05-26,12.99
3187,2024-04-06,49.48
3187,2024-04-06,99.89
3187,2024-04-24,64.02
3187,2024-05-25,37.32
3187,2024-05-25,46.14
3187,2024-09-19,80.07
3187,2024-10-25,56.26
3187,2024-10-29,23.33
3187,2024-12-11,56.49
3187,2025-01-05,48.76
3187,2025-01-17,39.95
3187,2025-02-10,76.64
3187,2025-02-17,19.04
3187,2025-06-07,48.69
3187,2025-06-19,35.77
3187,2025-08-02,50.78
3187,2025-09-08,40.03
3187,2025-10-10,52.73
3187,2025-11-04,38.41
3187,2025-11-14,51.9
3188,2024-03-30,11.8
3188,2024-04-15,30.86
3188,2024-05-08,23.54
3188,2024-05-27,29.37
3188,2024-05-31,24.43
3188,2024-05-31,38.74
3188,2024-07-02,24.1
3188,2024-07-03,15.53
3188,2024-08-12,25.57
3188,2024-08-22,50.37
3188,2024-09-08,21.9
3188,2024-09-21,23.49
3188,2024-12-15,18.17
3188,2024-12-18,22.82
3188,2024-12-27,18.04
3188,2025-01-15,14.39
3188,2025-05-22,30.17
3188,2025-06-16,31.77
3188,2025-08-24,23.32
3188,2025-09-22,20.6
3188,2025-12-04,26.92
3189,2024-06-03,22.99
3189,2024-07-26,15.69
3190,2024-05-30,9.16
3190,2024-12-28,20.24
3190,2025-02-11,13.64
3191,2024-04-26,6.08
3191,2025-05-21,12.7
3191,2025-07-28,13.83
3191,2025-12-02,14.82
3192,2024-06-11,29.08
3193,2024-01-01,16.82
3194,2024-04-16,11.0
3195,2024-06-02,18.19
3196,2024-05-31,39.3
3196,2024-06-08,26.57
3196,2024-06-16,28.65
3196,2024-06-18,41.08
3196,2024-07-05,23.07
3196,2024-07-16,29.47
3196,2024-07-31,36.55
3196,2024-09-01,30.86
3196,2024-09-07,32.59
3196,2024-09-20,25.4
3196,2024-09-27,36.35
3196,2024-09-30,39.92
3196,2024-10-16,16.14
3196,2024-10-23,22.2
3196,2024-10-28,25.63
3196,2024-10-31,50.49
3196,2024-11-03,41.62
3196,2024-11-04,10.51
3196,2024-11-18,70.03
3196,2024-11-23,25.46
3196,2024-12-20,15.37
3196,2025-01-01,45.98
3196,2025-01-08,27.53
3196,2025-01-24,20.9
3196,2025-02-02,26.95
3196,2025-02-28,48.8
3196,2025-04-26,17.36
3196,2025-05-01,27.1
3196,2025-05-05,39.3
3196,2025-05-28,13.95
3196,2025-05-30,56.25
3196,2025-06-12,27.27
3196,2025-06-18,49.24
3196,2025-06-30,42.24
3196,2025-07-15,18.29
3196,2025-08-19,19.26
3196,2025-09-08,43.02
3196,2025-09-21,43.75
3196,2025-09-26,45.49
3196,2025-09-27,30.64
3196,2025-09-30,21.55
3196,2025-10-19,27.76
3196,2025-10-25,42.08
3196,2025-10-31,27.72
3196,2025-11-20,22.7
3196,2025-11-24,35.09
3196,2025-11-26,47.63
3196,2025-12-01,29.91
3196,2025-12-01,21.59
3196,2025-12-13,30.55
3196,2025-12-27,26.48
3197,2024-06-06,42.19
3198,2024-06-19,10.06
3199,2024-01-07,14.99
3200,2024-05-31,30.35
3200,2024-06-01,66.35
3200,2024-06-05,16.15
3200,2024-06-08,44.14
3200,2024-06-21,49.8
3200,2024-06-21,47.18
3201,2024-06-13,49.01
3201,2024-10-23,37.09
3202,2024-04-15,9.89
3202,2024-05-10,13.31
3202,2024-05-13,13.83
3202,2024-06-05,23.88
3202,2024-06-15,23.74
3202,2024-06-16,17.42
3202,2024-06-18,19.32
3202,2024-06-26,12.98
3202,2024-07-02,13.32
3202,2024-09-03,11.64
3202,2024-09-07,13.07
3202,2024-10-01,11.45
3202,2024-10-05,20.97
3202,2024-10-08,14.14
3202,2024-10-09,9.81
3202,2024-10-10,6.83
3202,2024-10-26,13.35
3202,2024-11-23,23.07
3202,2025-01-04,23.57
3202,2025-01-05,13.89
3202,2025-01-14,6.93
3202,2025-01-22,4.35
3202,2025-01-30,9.99
3202,2025-02-24,21.73
3202,2025-02-28,20.62
3202,2025-03-08,27.98
3202,2025-04-01,17.01
3202,2025-04-07,12.74
3202,2025-04-29,8.68
3202,2025-05-25,20.46
3202,2025-06-01,16.05
3202,2025-06-14,11.12
3202,2025-06-15,13.61
3202,2025-07-04,8.4
3202,2025-07-21,5.07
3202,2025-08-06,21.15
3202,2025-09-23,8.57
3202,2025-10-16,13.97
3202,2025-10-24,8.17
3202,2025-11-03,14.89
3202,2025-11-17,16.79
3202,2025-11-26,12.13
3202,2025-11-30,15.74
3202,2025-12-05,7.91
3202,2025-12-18,10.44
3203,2024-04-04,25.07
3204,2024-01-17,33.57
3205,2024-01-14,25.23
3205,2024-02-16,48.7
3205,2024-02-26,32.64
3205,2024-08-20,18.09
3206,2024-02-15,33.67
3206,2024-02-25,14.14
3206,2024-06-29,34.01
3206,2024-07-28,20.57
3206,2024-12-03,33.47
3206,2024-12-07,28.18
3206,2025-01-31,9.44
3206,2025-03-22,12.38
3206,2025-10-19,46.08
3206,2025-11-05,16.05
3207,2024-04-15,54.2
3207,2024-04-17,26.18
3207,2024-08-02,90.53
3207,2024-10-26,26.51
3207,2024-11-05,27.55
3207,2024-12-28,55.88
3207,2025-02-26,12.86
3207,2025-03-17,61.43
3207,2025-04-16,63.64
3207,2025-05-30,60.39
3207,2025-07-31,35.92
3207,2025-10-01,67.15
3207,2025-10-11,45.16
3207,2025-12-21,66.91
3207,2025-12-23,37.1
3208,2024-03-07,10.14
3208,2024-03-09,15.05
3208,2024-03-21,18.61
3208,2024-04-07,17.24
3208,2024-05-24,14.63
3208,2024-06-23,17.19
3208,2024-07-09,31.79
3208,2024-08-10,7.22
3208,2024-08-13,23.86
3208,2024-09-01,15.2
3208,2024-10-08,24.03
3208,2024-10-11,12.0
3208,2025-01-23,8.03
3208,2025-01-30,18.64
3208,2025-03-10,19.96
3208,2025-03-21,12.03
3208,2025-04-05,24.03
3208,2025-04-16,26.76
3208,2025-04-25,9.51
3208,2025-05-02,20.98
3208,2025-05-15,4.73
3208,2025-05-19,16.46
3208,2025-06-03,11.6
3208,2025-06-05,27.54
3208,2025-06-10,19.86
3208,2025-06-27,15.87
3208,2025-06-27,11.06
3208,2025-08-06,17.04
3208,2025-08-08,18.46
3208,2025-08-14,10.79
3208,2025-09-01,44.92
3208,2025-09-07,6.91
3208,2025-09-21,17.78
3208,2025-09-26,17.76
3208,2025-11-16,7.62
3208,2025-11-30,17.26
3208,2025-12-28,25.82
3209,2024-01-29,32.08
3209,2024-09-19,28.27
3209,2024-10-25,16.78
3209,2024-11-12,31.53
3209,2025-02-07,34.19
3209,2025-02-27,53.86
3209,2025-06-16,15.66
3209,2025-06-27,46.87
3209,2025-07-07,15.91
3209,2025-07-30,19.49
3210,2024-01-10,20.47
3210,2024-02-01,13.32
3210,2024-02-05,46.32
3211,2024-05-24,9.36
3211,2024-07-02,22.31
3211,2024-07-29,51.78
3212,2024-04-02,38.43
3213,2024-05-18,20.27
3214,2024-02-14,11.38
3215,2024-06-15,30.27
3215,2024-06-23,35.27
3215,2024-07-08,53.72
3215,2024-08-11,46.86
3215,2024-08-23,15.38
3215,2024-08-30,30.79
3215,2024-09-24,23.86
3215,2024-10-11,25.85
3215,2024-11-09,26.98
3215,2024-11-16,16.03
3215,2024-12-03,30.92
3215,2024-12-05,13.04
3215,2024-12-26,37.07
3215,2025-01-07,27.05
3215,2025-01-23,27.63
3215,2025-02-12,15.45
3215,2025-02-23,14.45
3215,2025-03-01,25.06
3215,2025-03-03,37.57
3215,2025-03-06,43.36
3215,2025-03-15,24.96
3215,2025-04-29,19.79
3216,2024-03-17,13.56
3217,2024-01-14,32.64
3218,2024-02-04,56.72
3219,2024-01-13,14.09
3219,2024-02-01,19.56
3220,2024-03-25,14.58
3220,2024-12-20,16.12
3220,2025-02-02,23.58
3220,2025-07-19,14.46
3221,2024-01-15,32.92
3221,2024-01-23,34.94
3221,2024-02-28,53.73
3222,2024-02-25,17.45
3222,2024-08-15,13.13
3222,2025-02-26,49.92
3222,2025-05-02,17.51
3222,2025-09-02,24.33
3222,2025-09-23,27.94
3223,2024-05-20,13.89
3224,2024-04-07,37.73
3225,2024-02-29,32.01
3225,2024-03-19,33.77
3225,2025-08-26,23.33
3226,2024-02-01,8.78
3227,2024-01-05,15.07
3228,2024-06-22,25.45
3228,2024-06-22,8.2
3229,2024-03-19,13.33
3230,2024-03-20,16.31
3231,2024-03-20,37.08
3231,2024-04-28,40.01
3231,2024-05-19,32.75
3232,2024-01-16,23.8
3232,2024-01-20,28.54
3232,2024-02-25,14.99
3232,2024-03-01,21.83
3233,2024-05-11,103.63
3233,2025-08-02,112.55
3234,2024-03-16,11.38
3235,2024-04-08,65.67
3235,2024-08-20,33.04
3235,2024-09-25,15.74
3235,2025-02-25,35.89
3235,2025-03-29,48.49
3236,2024-01-25,22.09
3236,2024-01-28,47.07
3236,2024-04-13,60.99
3236,2024-05-19,45.59
3236,2024-08-26,33.08
3236,2024-08-30,34.73
3236,2024-09-22,45.52
3237,2024-02-26,49.75
3238,2024-04-18,4.94
3238,2025-03-25,12.09
3239,2024-01-21,71.89
3240,2024-02-04,50.36
3240,2024-02-07,39.19
3240,2024-02-21,46.8
3240,2024-03-06,27.91
3240,2024-03-19,17.42
3240,2024-04-13,34.95
3240,2024-09-06,50.34
3240,2024-09-17,42.84
3240,2024-12-07,45.53
3240,2025-04-25,35.25
3240,2025-08-23,24.85
3240,2025-12-01,17.55
3240,2025-12-05,51.77
3241,2024-02-28,13.77
3242,2024-06-11,32.33
3242,2024-06-19,32.47
3242,2025-06-08,13.8
3243,2024-03-04,55.87
3243,2024-04-26,104.28
3244,2024-01-06,19.83
3244,2024-01-30,10.74
3244,2024-02-17,30.08
3244,2024-02-25,9.84
3244,2024-04-07,10.4
3244,2024-04-29,16.52
3245,2024-02-24,16.87
3245,2024-04-07,10.79
3245,2024-04-20,19.02
3245,2024-05-16,31.1
3245,2024-05-19,89.34
3245,2024-06-04,27.52
3245,2024-06-05,34.91
3245,2024-06-06,21.55
3245,2024-06-09,28.25
3245,2024-07-13,24.95
3245,2024-07-14,23.15
3245,2024-09-18,9.92
3245,2024-10-14,37.53
3245,2024-10-20,17.63
3245,2024-11-23,18.02
3245,2024-11-28,13.16
3245,2024-12-10,41.25
3245,2024-12-10,31.48
3245,2025-02-25,9.27
3245,2025-04-08,33.83
3245,2025-05-10,22.71
3245,2025-05-22,19.72
3245,2025-06-06,18.15
3245,2025-06-24,12.49
3245,2025-06-27,28.2
3245,2025-07-02,28.12
3245,2025-07-29,21.86
3245,2025-08-05,54.83
3246,2024-04-09,12.35
3246,2024-04-26,17.48
3246,2024-04-27,16.88
3246,2024-04-30,18.64
3246,2024-05-08,15.07
3246,2024-06-13,17.93
3246,2024-06-30,11.06
3246,2024-08-06,14.27
3246,2024-08-09,18.22
3246,2024-08-27,18.29
3246,2024-09-15,10.73
3246,2024-09-16,28.33
3246,2024-11-12,15.35
3246,2024-11-14,17.92
3246,2024-11-17,9.01
3246,2024-12-07,9.8
3246,2025-01-11,15.15
3246,2025-01-16,10.42
3246,2025-01-20,6.91
3246,2025-01-23,15.59
3246,2025-01-25,7.57
3246,2025-01-28,12.72
3246,2025-02-14,18.6
3246,2025-03-10,9.97
3246,2025-03-11,13.3
3246,2025-03-31,13.7
3246,2025-04-10,16.22
3246,2025-04-12,13.09
3246,2025-05-15,7.23
3246,2025-05-29,6.18
3246,2025-07-19,18.83
3246,2025-08-08,16.87
3246,2025-08-24,12.11
3246,2025-08-24,17.76
3246,2025-08-25,8.02
3246,2025-09-17,16.56
3246,2025-11-27,16.11
3246,2025-12-11,16.8
3246,2025-12-14,17.9
3247,2024-06-17,45.33
3248,2024-03-02,6.71
3249,2024-05-11,17.89
3249,2024-05-11,14.8
3249,2024-07-30,28.51
3249,2024-08-08,18.43
3249,2024-08-10,13.27
3249,2024-09-06,16.61
3249,2024-09-07,18.01
3249,2024-09-20,11.64
3249,2024-10-20,10.22
3249,2024-11-30,6.98
3249,2024-12-21,8.21
3249,2024-12-31,21.71
3249,2025-01-25,19.67
3249,2025-02-16,15.94
3249,2025-03-18,23.23
3249,2025-03-21,20.53
3249,2025-04-06,16.68
3250,2024-02-20,31.54
3251,2024-02-01,51.21
3251,2024-06-06,50.68
3252,2024-06-15,28.7
3253,2024-05-26,15.94
3254,2024-01-28,9.07
3254,2024-03-23,19.83
3255,2024-05-15,23.89
3255,2024-05-30,25.99
3255,2024-07-06,41.55
3255,2024-08-12,26.77
3255,2024-08-19,15.84
3256,2024-06-10,10.54
3256,2024-08-02,11.61
3256,2024-08-25,16.73
3256,2024-11-10,10.04
3256,2025-05-15,15.18
3256,2025-07-20,6.24
3256,2025-08-23,13.86
3256,2025-11-04,33.6
3256,2025-12-20,19.44
3257,2024-06-17,32.29
3258,2024-03-26,7.14
3259,2024-06-15,19.88
3259,2025-06-03,15.99
3259,2025-08-05,35.83
3260,2024-05-10,25.59
3260,2024-05-14,17.67
3260,2024-05-15,30.36
3260,2024-05-19,34.72
3260,2024-05-31,33.94
3260,2024-06-04,26.6
3260,2024-06-04,31.25
3260,2024-06-08,27.47
3260,2024-06-10,21.22
3260,2024-06-20,10.39
3260,2024-06-30,19.76
3260,2024-07-12,29.66
3260,2024-07-23,56.54
3260,2024-07-24,13.9
3260,2024-09-03,28.54
3260,2024-09-04,18.04
3260,2024-09-11,21.46
3260,2024-10-08,16.84
3260,2024-10-25,27.41
3260,2024-10-27,34.11
3260,2024-11-02,26.11
3260,2024-11-12,21.51
3260,2024-11-14,46.4
3260,2024-11-15,19.54
3260,2024-11-16,12.61
3260,2024-11-18,40.41
3260,2024-11-29,52.11
3260,2024-12-08,49.3
3260,2024-12-12,17.6
3260,2024-12-18,33.86
3260,2024-12-20,46.06
3260,2024-12-27,17.66
3260,2025-01-09,47.12
3260,2025-01-10,32.2
3260,2025-01-13,23.46
3260,2025-01-25,42.89
3260,2025-01-28,15.26
3260,2025-02-10,4.09
3260,2025-02-19,22.48
3260,2025-02-20,18.58
3260,2025-02-22,69.72
3260,2025-02-28,15.81
3260,2025-02-28,18.48
3260,2025-03-02,12.49
3260,2025-03-23,23.04
3260,2025-04-20,17.82
3260,2025-04-22,33.24
3260,2025-05-08,25.23
3260,2025-05-14,37.69
3260,2025-05-15,18.46
3260,2025-05-17,50.65
3260,2025-05-20,13.68
3260,2025-05-25,25.43
3260,2025-06-18,24.0
3260,2025-06-18,26.13
3260,2025-06-28,22.83
3260,2025-06-30,52.95
3260,2025-07-13,31.0
3260,2025-07-13,7.61
3260,2025-07-20,36.25
3260,2025-07-22,15.84
3260,2025-08-07,25.74
3260,2025-08-14,36.95
3260,2025-08-21,16.25
3260,2025-09-03,16.67
3260,2025-09-03,37.06
3260,2025-09-17,9.78
3260,2025-09-27,37.41
3260,2025-10-02,41.32
3260,2025-10-14,12.96
3260,2025-10-25,34.05
3260,2025-11-06,42.52
3260,2025-11-08,11.96
3260,2025-11-16,15.41
3260,2025-11-16,15.49
3260,2025-11-24,34.94
3260,2025-12-14,24.36
3260,2025-12-14,10.34
3260,2025-12-18,13.99
3261,2024-04-08,23.69
3261,2025-08-13,25.44
3262,2024-02-07,17.52
3262,2024-04-26,15.93
3262,2024-09-19,46.77
3262,2024-10-06,44.61
3262,2024-12-05,34.35
3263,2024-02-09,14.14
3263,2024-03-27,22.85
3263,2024-04-04,21.38
3263,2024-04-27,7.35
3263,2024-07-11,22.51
3263,2024-09-13,19.78
3263,2024-10-02,30.78
3263,2024-11-21,4.66
3263,2025-03-29,28.69
3264,2024-05-09,19.9
3265,2024-03-30,38.74
3265,2024-07-03,15.65
3265,2024-07-30,33.13
3265,2024-09-13,21.48
3266,2024-04-21,7.4
3266,2024-04-25,12.48
3266,2024-05-01,12.13
3266,2024-05-14,8.45
3266,2024-05-22,10.8
3266,2024-06-05,14.24
3266,2024-06-08,7.24
3266,2024-06-11,16.88
3266,2024-07-19,8.01
3266,2024-07-21,12.11
3266,2024-08-20,26.77
3266,2024-09-04,13.08
3266,2024-09-06,10.09
3266,2024-09-20,7.15
3266,2024-09-29,7.72
3266,2024-10-11,14.6
3266,2024-10-27,10.95
3266,2024-10-30,16.14
3266,2024-11-18,13.87
3267,2024-06-18,9.21
3267,2024-08-01,5.88
3267,2024-08-13,25.83
3268,2024-02-17,13.64
3268,2024-03-10,6.9
3268,2024-04-12,11.53
3269,2024-05-08,30.64
3269,2024-06-03,29.72
3270,2024-06-23,17.12
3271,2024-01-14,30.78
3271,2024-02-18,28.36
3271,2024-05-18,30.34
3271,2024-08-09,49.74
3271,2024-08-21,18.75
3271,2025-01-20,41.92
3272,2024-05-14,17.85
3272,2024-05-31,37.33
3272,2024-06-12,13.85
3272,2024-07-15,11.25
3272,2024-08-04,10.74
3272,2024-08-18,24.33
3272,2024-08-31,14.89
3272,2024-09-04,27.92
3272,2024-10-05,11.6
3272,2024-12-13,13.51
3272,2025-01-14,9.07
3272,2025-03-18,14.07
3272,2025-03-20,37.41
3272,2025-04-23,20.48
3272,2025-05-02,13.18
3272,2025-05-21,21.86
3272,2025-07-15,28.26
3272,2025-08-04,34.29
3272,2025-08-11,26.93
3272,2025-08-11,22.29
3272,2025-08-19,42.18
3272,2025-08-30,28.08
3272,2025-09-19,4.59
3272,2025-09-29,30.93
3272,2025-10-25,16.23
3272,2025-10-31,10.37
3272,2025-12-04,31.93
3272,2025-12-24,30.44
3273,2024-05-28,15.61
3273,2024-05-31,5.36
3273,2024-06-09,10.92
3273,2024-08-02,11.49
3273,2024-08-25,17.2
3273,2024-09-07,16.0
3274,2024-05-30,93.17
3274,2024-08-20,104.6
3274,2025-02-21,64.27
3275,2024-02-13,24.02
3275,2024-08-07,16.22
3275,2024-09-09,29.21
3275,2024-12-19,27.94
3275,2024-12-23,16.03
3275,2025-02-03,27.85
3276,2024-01-09,90.1
3276,2024-01-17,65.89
3276,2024-01-30,88.24
3276,2024-02-05,64.18
3276,2024-02-05,79.11
3276,2024-02-14,52.74
3276,2024-02-29,96.39
3276,2024-03-04,66.97
3276,2024-03-06,44.42
3277,2024-01-20,138.51
3278,2024-04-29,18.59
3278,2024-08-22,31.46
3278,2024-09-19,14.66
3278,2024-10-23,13.74
3278,2025-03-20,12.81
3278,2025-05-11,44.44
3279,2024-01-13,21.51
3280,2024-04-15,76.11
3281,2024-05-01,75.7
3281,2024-10-31,66.4
3281,2025-03-21,103.55
3281,2025-07-17,44.27
3281,2025-09-26,85.67
3281,2025-11-02,100.42
3282,2024-03-07,22.35
3282,2024-03-26,24.37
3282,2024-04-07,33.66
3283,2024-04-16,9.95
3283,2024-05-24,9.47
3283,2025-01-02,10.79
3284,2024-01-27,6.95
3284,2024-02-27,16.68
3284,2024-04-20,6.14
3284,2024-07-10,26.16
3284,2024-08-31,9.56
3284,2024-09-07,9.3
3284,2024-10-14,27.12
3284,2024-10-29,19.07
3284,2025-03-07,19.1
3284,2025-03-27,13.66
3284,2025-04-13,31.83
3284,2025-04-22,10.18
3284,2025-04-28,16.14
3284,2025-06-06,10.93
3284,2025-09-05,9.81
3284,2025-12-18,12.26
3284,2025-12-19,24.8
3285,2024-02-11,36.48
3286,2024-02-14,11.23
3287,2024-05-17,14.73
3287,2024-12-15,18.44
3288,2024-06-15,44.07
3288,2024-06-17,12.86
3288,2024-07-01,44.02
3288,2024-08-08,15.41
3288,2024-09-15,15.29
3288,2024-09-19,24.32
3288,2024-09-21,15.41
3288,2024-10-02,17.98
3288,2024-10-19,50.86
3288,2024-11-07,26.95
3288,2024-11-13,18.96
3288,2024-11-26,15.04
3288,2024-11-27,18.99
3288,2024-12-03,25.68
3288,2024-12-16,19.5
3288,2024-12-16,4.4
3288,2025-01-31,22.77
3288,2025-02-07,30.14
3288,2025-02-22,13.73
3288,2025-03-09,6.4
3288,2025-03-17,8.59
3288,2025-03-17,29.02
3288,2025-03-20,20.1
3288,2025-04-14,16.17
3288,2025-04-18,21.11
3288,2025-05-07,15.25
3288,2025-05-09,23.81
3288,2025-06-06,37.5
3288,2025-06-06,21.14
3288,2025-06-14,24.13
3288,2025-06-15,11.39
3288,2025-07-03,30.97
3288,2025-07-13,8.3
3288,2025-08-01,9.41
3288,2025-08-03,18.56
3288,2025-08-05,17.98
3288,2025-08-07,24.75
3288,2025-09-08,14.9
3288,2025-09-11,9.63
3288,2025-11-28,15.13
3288,2025-12-01,7.71
3288,2025-12-03,23.5
3288,2025-12-11,17.42
3288,2025-12-23,18.53
3289,2024-01-07,29.93
3289,2024-05-21,61.63
3289,2024-06-25,32.63
3289,2024-09-28,16.21
3289,2025-09-10,32.8
3289,2025-10-28,9.15
3290,2024-02-05,46.57
3290,2024-03-09,48.78
3290,2024-04-23,16.89
3290,2024-05-12,22.86
3290,2024-05-12,51.03
3290,2024-05-20,62.35
3290,2024-06-26,42.56
3290,2024-09-28,99.59
3290,2024-11-18,28.41
3290,2024-11-21,41.23
3290,2024-11-22,46.58
3290,2024-11-28,65.14
3290,2025-03-01,37.89
3290,2025-05-04,42.1
3290,2025-06-05,41.69
3290,2025-07-29,18.92
3290,2025-09-09,28.12
3290,2025-10-28,43.32
3290,2025-11-11,38.16
3291,2024-01-08,7.59
3291,2024-02-02,12.2
3291,2024-02-17,18.66
3291,2024-02-20,16.34
3291,2024-02-26,9.86
3291,2024-03-04,10.32
3291,2024-03-08,16.98
3291,2024-03-15,23.3
3291,2024-03-19,18.33
3291,2024-03-21,12.9
3291,2024-03-26,19.42
3291,2024-04-28,12.87
3291,2024-05-02,9.06
3291,2024-05-05,6.62
3291,2024-05-06,15.02
3291,2024-05-10,12.77
3291,2024-05-12,12.4
3291,2024-05-25,9.67
3291,2024-06-14,7.91
3291,2024-06-20,17.6
3291,2024-06-22,9.41
3291,2024-06-22,10.67
3291,2024-07-04,12.71
3291,2024-07-07,10.73
3291,2024-07-14,7.27
3291,2024-07-26,15.93
3291,2024-07-28,10.32
3291,2024-08-15,16.43
3291,2024-08-16,7.13
3291,2024-08-20,9.08
3291,2024-08-27,8.97
3291,2024-08-27,9.78
3291,2024-08-29,14.73
3291,2024-09-02,9.69
3291,2024-09-11,11.3
3291,2024-09-12,13.26
3291,2024-09-13,9.47
3291,2024-10-04,7.55
3291,2024-10-06,12.47
3291,2024-10-11,16.8
3291,2024-12-06,20.92
3291,2024-12-07,4.49
3291,2024-12-19,11.32
3291,2024-12-23,12.44
3291,2025-01-03,14.67
3291,2025-01-11,13.73
3291,2025-02-23,7.48
3291,2025-03-02,15.13
3291,2025-03-05,8.92
3291,2025-03-10,13.48
3291,2025-03-29,11.36
3291,2025-04-01,23.64
3291,2025-04-02,9.05
3291,2025-04-04,7.95
3291,2025-04-12,10.26
3291,2025-04-18,9.73
3291,2025-04-26,18.69
3291,2025-05-04,11.5
3291,2025-05-06,10.52
3291,2025-05-21,8.95
3291,2025-05-23,7.22
3291,2025-05-29,14.88
3291,2025-06-01,12.6
3291,2025-06-01,21.66
3291,2025-06-02,11.84
3291,2025-06-08,10.19
3291,2025-06-17,13.64
3291,2025-07-25,12.33
3291,2025-08-06,11.49
3291,2025-08-27,9.36
3291,2025-08-27,17.8
3291,2025-08-30,10.38
3291,2025-09-02,13.19
3291,2025-09-15,11.88
3291,2025-09-22,2.25
3291,2025-09-29,9.93
3291,2025-10-01,9.94
3291,2025-10-09,16.49
3291,2025-10-29,11.33
3291,2025-11-04,15.08
3291,2025-11-07,6.83
3291,2025-11-29,8.77
3291,2025-12-07,7.56
3291,2025-12-25,9.09
3292,2024-01-11,28.98
3293,2024-03-13,17.81
3293,2024-07-12,12.22
3293,2024-08-31,29.12
3293,2024-11-09,9.44
3293,2025-02-04,30.7
3294,2024-01-20,31.01
3294,2024-03-13,73.08
3294,2024-04-03,54.68
3294,2024-05-01,76.51
3294,2024-07-29,52.54
3294,2024-08-01,65.13
3294,2024-08-19,76.85
3294,2024-08-30,147.78
3294,2024-09-08,108.72
3294,2024-10-28,52.27
3294,2024-11-22,85.96
3294,2025-02-18,35.91
3294,2025-02-22,75.0
3294,2025-05-30,37.97
3294,2025-09-01,102.63
3295,2024-04-24,47.91
3295,2024-06-20,38.8
3296,2024-03-11,18.58
3297,2024-01-17,54.58
3298,2024-01-13,19.34
3298,2024-01-24,20.92
3298,2024-01-26,21.67
3298,2024-02-03,8.13
3298,2024-03-10,49.78
3298,2024-03-17,29.34
3298,2024-04-05,44.15
3298,2024-04-19,27.6
3298,2024-04-21,16.4
3298,2024-05-03,26.14
3298,2024-05-06,26.36
3298,2024-05-07,13.25
3298,2024-05-12,13.22
3298,2024-05-28,17.31
3298,2024-05-29,40.75
3298,2024-05-30,17.5
3298,2024-06-07,17.35
3298,2024-06-22,35.42
3298,2024-08-19,13.24
3298,2024-09-05,34.21
3298,2024-10-22,27.51
3298,2024-11-17,10.3
3298,2024-12-05,12.32
3298,2024-12-07,16.03
3298,2024-12-28,13.32
3298,2025-01-08,29.91
3298,2025-01-21,21.18
3298,2025-02-01,18.25
3298,2025-02-08,36.78
3299,2024-05-02,28.72
3300,2024-01-07,20.03
3300,2025-01-10,5.12
3301,2024-06-05,41.87
3302,2024-01-17,19.09
3302,2024-01-25,1.34
3302,2024-03-24,12.36
3302,2024-06-26,14.25
3302,2025-01-07,12.7
3302,2025-03-08,19.07
3302,2025-04-05,23.69
3302,2025-10-20,23.72
3302,2025-12-06,16.53
3302,2025-12-15,15.09
3303,2024-06-18,37.63
3303,2024-06-27,82.93
3303,2024-09-18,60.42
3303,2024-10-20,29.4
3303,2024-11-05,48.68
3303,2024-12-02,50.71
3303,2025-01-04,46.38
3304,2024-04-09,24.37
3304,2024-06-14,10.81
3304,2024-07-19,17.81
3304,2024-08-24,21.03
3304,2024-08-26,18.18
3304,2024-09-02,25.07
3304,2024-10-08,13.35
3304,2024-10-10,14.55
3304,2024-11-01,18.62
3304,2025-02-08,12.65
3304,2025-03-22,33.9
3304,2025-06-06,30.71
3304,2025-06-12,19.24
3304,2025-07-21,17.1
3304,2025-10-04,22.06
3304,2025-10-28,24.71
3304,2025-11-16,12.25
3304,2025-11-20,8.6
3304,2025-12-01,18.23
3305,2024-05-19,68.65
3305,2024-05-25,132.36
3305,2024-06-13,86.57
3305,2024-08-08,42.35
3306,2024-06-09,21.8
3306,2024-12-01,29.82
3306,2024-12-30,8.07
3307,2024-03-07,18.87
3307,2024-03-16,32.58
3307,2024-03-16,23.48
3307,2024-03-17,23.58
3308,2024-06-21,29.37
3309,2024-02-25,13.48
3310,2024-01-20,15.88
3310,2024-04-12,21.96
3311,2024-01-19,40.62
3311,2024-02-14,25.86
3311,2024-02-22,10.1
3311,2024-05-05,21.84
3311,2024-08-09,35.02
3311,2025-01-14,23.45
3311,2025-01-23,39.27
3311,2025-06-24,31.16
3311,2025-07-10,27.69
3311,2025-07-27,19.59
3312,2024-04-07,27.84
3312,2024-07-18,29.41
3312,2024-09-03,19.83
3312,2024-09-08,11.17
3312,2025-02-21,50.04
3312,2025-03-07,19.35
3312,2025-04-10,32.94
3312,2025-08-15,15.95
3312,2025-11-19,29.49
3313,2024-02-26,15.94
3313,2024-03-15,29.21
3313,2024-07-01,32.68
3313,2024-08-06,6.45
3313,2024-11-04,10.47
3313,2025-01-20,12.9
3313,2025-03-10,17.92
3313,2025-05-02,12.89
3313,2025-05-14,21.2
3313,2025-06-16,19.78
3313,2025-07-14,14.92
3314,2024-05-13,10.44
3314,2025-06-26,15.71
3314,2025-08-03,8.85
3314,2025-08-18,5.33
3315,2024-06-02,38.41
3315,2024-12-02,12.4
3316,2024-01-08,11.57
3316,2024-02-02,10.02
3316,2024-02-12,8.75
3316,2024-05-13,13.48
3316,2024-07-10,10.04
3316,2024-07-18,15.89
3316,2024-10-22,10.47
3317,2024-03-02,26.77
3317,2024-05-04,27.74
3317,2024-06-08,43.92
3317,2024-06-29,44.91
3317,2024-07-27,44.41
3317,2024-10-03,21.19
3317,2025-01-23,29.12
3317,2025-07-14,15.19
3317,2025-11-17,56.45
3317,2025-12-22,42.85
3318,2024-06-08,9.83
3318,2024-06-23,10.61
3319,2024-04-07,12.6
3319,2025-08-13,22.4
3320,2024-06-19,18.17
3320,2024-06-22,39.65
3320,2024-08-23,18.47
3320,2024-10-10,21.99
3320,2024-10-28,27.74
3320,2024-10-28,22.62
3320,2025-01-23,22.61
3320,2025-02-08,12.56
3320,2025-02-17,14.37
3320,2025-04-20,16.19
3320,2025-05-12,23.64
3320,2025-05-19,15.71
3320,2025-07-13,24.14
3320,2025-09-09,58.33
3320,2025-09-16,27.18
3320,2025-10-09,31.63
3320,2025-10-12,32.2
3320,2025-12-06,19.14
3320,2025-12-14,23.84
3321,2024-01-05,33.07
3321,2024-02-20,55.44
3321,2024-05-18,90.43
3321,2024-05-23,69.55
3321,2024-07-16,101.06
3321,2025-06-17,135.07
3321,2025-10-10,64.17
3322,2024-02-23,55.12
3323,2024-02-12,23.93
3323,2024-02-19,20.66
3323,2024-02-19,18.11
3323,2024-03-20,28.08
3323,2024-03-23,16.43
3323,2024-03-28,11.62
3323,2024-04-08,24.75
3323,2024-04-10,15.65
3323,2024-04-15,22.27
3323,2024-04-18,29.03
3323,2024-04-23,17.62
3323,2024-04-24,23.45
3323,2024-04-25,28.95
3323,2024-04-26,29.63
3323,2024-05-04,28.05
3323,2024-05-15,20.9
3323,2024-05-15,18.21
3323,2024-05-29,16.83
3323,2024-06-10,24.73
3323,2024-07-17,46.82
3323,2024-07-19,9.0
3323,2024-08-02,17.81
3323,2024-08-31,10.9
3323,2024-09-25,30.23
3323,2024-09-29,31.0
3323,2024-10-03,19.63
3323,2024-10-07,14.52
3323,2024-11-10,23.06
3323,2024-11-20,10.17
3323,2024-11-25,44.33
3323,2024-11-29,17.56
3323,2024-12-02,28.55
3324,2024-06-23,18.78
3324,2024-07-12,19.73
3324,2024-07-19,20.54
3324,2024-07-24,39.24
3324,2024-07-27,65.28
3324,2024-08-01,42.67
3324,2024-08-02,31.61
3324,2024-08-04,49.48
3324,2024-08-04,26.55
3324,2024-08-05,18.02
3324,2024-08-25,17.89
3324,2024-08-29,9.36
3324,2024-08-30,27.35
3324,2024-09-02,27.86
3324,2024-09-05,35.72
3324,2024-09-11,31.16
3324,2024-09-11,32.61
3324,2024-09-21,42.25
3324,2024-09-23,25.64
3324,2024-09-25,21.56
3324,2024-10-17,14.45
3324,2024-10-25,26.28
3324,2024-10-26,25.85
3324,2024-10-29,56.71
3324,2024-11-02,22.44
3324,2024-11-13,49.73
3324,2024-11-17,17.15
3325,2024-01-20,17.28
3325,2024-02-20,10.42
3325,2024-04-07,15.29
3326,2024-04-08,41.27
3326,2024-04-08,49.35
3326,2024-06-17,35.68
3326,2024-07-11,39.83
3327,2024-04-17,28.74
3327,2024-04-26,13.15
3327,2024-05-18,27.98
3327,2024-05-24,18.21
3327,2024-05-26,17.97
3327,2024-05-27,27.23
3327,2024-06-06,24.2
3327,2024-06-19,26.65
3327,2024-07-09,27.43
3327,2024-07-20,30.29
3327,2024-08-26,20.52
3327,2024-09-04,30.64
3327,2024-09-04,13.51
3327,2024-09-14,16.04
3327,2024-09-25,20.83
3327,2024-10-13,27.4
3327,2024-10-17,19.4
3327,2024-11-04,26.14
3327,2024-11-06,29.44
3327,2024-11-18,20.86
3327,2024-11-24,46.63
3327,2024-12-05,32.3
3327,2024-12-14,37.0
3327,2024-12-18,17.73
3327,2024-12-20,35.16
3327,2025-01-02,26.54
3327,2025-01-15,18.39
3327,2025-01-18,56.45
3327,2025-01-29,27.4
3327,2025-02-09,15.97
3327,2025-03-04,12.87
3327,2025-03-07,24.27
3327,2025-03-29,19.93
3327,2025-04-02,26.09
3327,2025-04-05,12.37
3327,2025-04-29,22.63
3327,2025-05-25,18.09
3327,2025-05-27,40.06
3327,2025-05-30,27.9
3327,2025-06-12,53.65
3327,2025-06-16,18.08
3327,2025-07-02,21.33
3327,2025-07-08,10.85
3327,2025-07-10,10.23
3327,2025-07-10,14.61
3327,2025-07-25,20.38
3327,2025-08-04,36.26
3327,2025-08-23,22.19
3327,2025-09-15,24.26
3327,2025-09-26,18.26
3327,2025-09-27,19.47
3327,2025-10-10,9.96
3327,2025-11-07,43.03
3327,2025-11-26,26.98
3327,2025-12-19,12.35
3327,2025-12-21,16.8
3328,2024-02-29,61.11
3328,2024-03-24,74.93
3329,2024-04-03,7.75
3329,2024-05-11,8.79
3329,2024-05-22,14.82
3330,2024-01-28,7.43
3330,2024-02-25,12.78
3330,2024-03-05,5.89
3330,2024-03-08,14.74
3330,2024-03-17,5.66
3330,2024-03-22,7.54
3330,2024-03-24,4.83
3330,2024-03-25,9.18
3330,2024-03-28,7.81
3330,2024-03-28,10.85
3330,2024-04-01,10.81
3330,2024-05-03,7.61
3331,2024-02-24,25.16
3331,2024-03-20,32.72
3332,2024-05-14,33.45
3332,2024-05-16,12.3
3332,2024-05-31,4.82
3332,2024-06-08,19.9
3332,2024-07-16,12.59
3332,2024-07-17,20.34
3332,2024-07-21,10.17
3332,2024-07-31,20.49
3332,2024-08-12,15.6
3332,2024-09-21,12.72
3332,2024-10-22,27.0
3332,2024-10-29,24.18
3332,2024-11-02,22.66
3332,2024-12-12,22.08
3332,2024-12-27,12.93
3332,2024-12-29,21.77
3332,2025-01-04,12.34
3332,2025-01-07,12.57
3332,2025-01-09,24.34
3332,2025-01-13,21.41
3332,2025-01-16,16.62
3332,2025-01-20,13.71
3332,2025-01-30,9.13
3332,2025-02-22,17.18
3332,2025-02-25,22.52
3332,2025-02-26,8.09
3332,2025-02-26,23.35
3332,2025-03-02,17.05
3332,2025-03-04,10.99
3332,2025-03-14,8.36
3332,2025-05-12,9.89
3332,2025-05-25,13.18
3332,2025-06-13,23.67
3332,2025-07-25,12.0
3332,2025-07-29,14.71
3332,2025-08-05,13.55
3332,2025-08-22,13.53
3332,2025-08-27,16.05
3332,2025-09-10,20.71
3332,2025-09-19,17.64
3332,2025-10-11,11.35
3332,2025-10-21,27.7
3332,2025-10-23,22.51
3332,2025-10-28,16.4
3332,2025-11-14,15.6
3332,2025-11-20,19.1
3332,2025-11-21,14.72
3332,2025-11-26,24.51
3332,2025-11-30,11.36
3332,2025-12-12,19.35
3332,2025-12-13,40.74
3333,2024-06-29,30.41
3333,2024-06-29,34.63
3333,2024-07-01,52.24
3333,2024-07-04,36.65
3333,2024-07-05,17.29
3333,2024-07-27,15.42
3333,2024-08-27,35.71
3333,2024-09-17,15.63
3333,2024-10-10,38.73
3333,2024-10-16,37.7
3333,2024-10-28,32.48
3333,2024-11-08,26.94
3333,2024-11-20,31.99
3333,2024-11-25,50.41
3333,2024-12-18,37.26
3333,2024-12-26,40.04
3333,2024-12-27,35.32
3333,2025-01-05,15.72
3333,2025-01-11,34.54
3333,2025-01-18,48.88
3333,2025-01-24,32.71
3334,2024-03-21,48.88
3334,2024-04-25,57.42
3334,2024-09-23,14.9
3334,2025-07-29,25.58
3335,2024-02-05,15.01
3336,2024-02-18,35.0
3337,2024-06-02,28.04
3338,2024-05-12,14.47
3339,2024-03-26,26.3
3340,2024-04-23,53.51
3341,2024-05-30,81.18
3341,2024-11-14,77.0
3341,2025-04-14,48.82
3341,2025-08-11,25.01
3342,2024-05-27,23.76
3342,2025-10-22,12.53
3343,2024-05-30,58.0
3344,2024-03-06,26.25
3345,2024-02-28,42.43
3346,2024-02-25,12.43
3346,2024-05-17,6.19
3346,2024-08-08,11.55
3346,2024-12-29,9.37
3346,2025-01-13,8.6
3346,2025-01-25,5.25
3346,2025-02-14,16.06
3346,2025-03-26,8.89
3346,2025-07-02,7.18
3346,2025-08-01,7.51
3346,2025-10-02,6.59
3346,2025-10-29,9.59
3347,2024-05-13,50.26
3347,2024-05-20,49.18
3347,2024-06-26,24.67
3347,2024-08-07,21.99
3348,2024-01-24,20.08
3348,2024-04-21,45.04
3348,2024-07-24,50.45
3349,2024-05-15,28.36
3350,2024-06-01,31.95
3350,2024-06-28,34.49
3350,2024-07-05,20.98
3350,2024-10-27,31.0
3350,2025-06-02,38.08
3350,2025-12-13,26.17
3350,2025-12-23,15.95
3351,2024-03-31,24.1
3351,2024-04-01,20.34
3351,2024-04-06,20.55
3351,2024-06-19,14.83
3351,2024-07-11,11.85
3351,2024-07-18,29.39
3351,2024-07-29,29.74
3351,2024-08-07,42.09
3351,2024-12-15,20.4
3351,2024-12-24,20.05
3351,2024-12-31,27.79
3351,2025-01-29,24.65
3351,2025-01-31,13.45
3351,2025-03-04,23.75
3351,2025-03-13,18.17
3351,2025-03-25,20.84
3351,2025-04-23,20.85
3351,2025-05-24,33.67
3351,2025-06-20,14.47
3351,2025-06-22,29.91
3351,2025-06-26,17.48
3351,2025-06-26,21.98
3351,2025-07-04,15.98
3351,2025-07-19,8.19
3351,2025-08-03,6.35
3351,2025-08-12,23.89
3351,2025-08-16,14.99
3351,2025-10-12,19.27
3351,2025-10-18,25.4
3351,2025-10-23,10.06
3351,2025-11-07,19.9
3351,2025-12-04,25.9
3351,2025-12-04,10.42
3351,2025-12-22,11.0
3352,2024-05-12,36.51
3353,2024-04-03,57.6
3353,2024-07-05,58.98
3353,2024-08-27,40.83
3353,2024-09-13,24.89
3353,2024-11-07,10.76
3353,2024-12-12,22.52
3353,2025-01-01,52.57
3353,2025-02-22,42.21
3353,2025-03-01,65.36
3353,2025-03-08,35.78
3353,2025-05-10,44.76
3353,2025-05-11,27.07
3353,2025-06-25,42.25
3353,2025-07-08,23.32
3353,2025-07-18,36.72
3353,2025-09-23,35.68
3353,2025-10-12,18.61
3353,2025-11-07,26.71
3353,2025-12-01,21.84
3354,2024-01-18,17.43
3355,2024-06-09,11.86
3356,2024-01-10,25.15
3356,2024-01-13,25.98
3356,2024-02-22,29.43
3356,2024-04-25,31.88
3356,2024-04-25,32.65
3356,2024-05-10,21.12
3356,2024-07-13,32.13
3356,2024-07-30,31.14
3356,2024-10-30,15.29
3356,2024-11-25,31.57
3356,2024-12-22,54.52
3356,2024-12-27,10.04
3356,2025-02-03,19.06
3356,2025-05-22,43.66
3356,2025-09-25,33.31
3356,2025-10-16,14.53
3357,2024-03-04,19.61
3357,2024-03-12,14.19
3358,2024-03-03,15.11
3358,2024-04-02,23.58
3358,2024-04-03,29.6
3358,2024-04-18,18.29
3358,2024-05-29,27.14
3358,2024-05-31,10.47
3358,2024-06-21,26.59
3358,2024-06-26,20.78
3358,2024-06-26,34.16
3358,2024-07-14,27.8
3358,2024-07-21,17.9
3358,2024-08-08,18.14
3358,2024-08-18,31.64
3358,2024-08-21,16.17
3358,2024-08-27,27.09
3358,2024-09-04,49.57
3358,2024-10-15,26.21
3358,2024-10-25,16.23
3358,2024-11-09,27.56
3358,2024-12-20,15.78
3358,2025-01-06,22.55
3358,2025-01-27,13.39
3358,2025-02-05,15.21
3358,2025-02-10,30.45
3358,2025-04-03,31.0
3358,2025-04-06,48.12
3358,2025-04-28,11.25
3358,2025-05-01,37.36
3358,2025-05-17,17.19
3358,2025-05-30,58.52
3358,2025-05-31,28.79
3358,2025-06-15,27.09
3358,2025-06-18,27.95
3358,2025-06-29,39.94
3358,2025-07-23,38.59
3358,2025-08-03,23.62
3358,2025-08-20,15.55
3358,2025-09-15,37.5
3358,2025-09-27,26.62
3358,2025-09-28,20.66
3358,2025-10-29,21.17
3358,2025-11-13,29.26
3358,2025-11-16,32.54
3358,2025-11-22,32.34
3358,2025-12-01,25.95
3359,2024-01-23,5.86
3360,2024-02-06,20.0
3360,2024-02-18,15.06
3360,2024-03-09,12.89
3360,2024-03-30,13.16
3360,2024-05-13,14.08
3360,2024-07-12,11.35
3360,2024-08-06,18.3
3360,2024-08-19,12.96
3360,2024-09-16,7.27
3360,2024-10-08,9.13
3360,2024-10-08,4.87
3360,2025-02-07,10.26
3360,2025-02-15,6.39
3360,2025-05-07,10.09
3360,2025-06-17,11.95
3360,2025-07-12,14.29
3360,2025-11-02,17.68
3361,2024-03-31,17.17
3361,2024-04-26,14.51
3361,2024-06-18,13.15
3361,2024-08-18,13.63
3361,2024-08-18,15.41
3361,2024-08-27,16.74
3361,2024-09-25,20.75
3361,2024-10-02,6.18
3361,2024-11-28,37.2
3361,2024-12-16,16.78
3361,2025-03-12,10.63
3361,2025-03-13,9.67
3361,2025-03-16,14.28
3361,2025-03-18,20.17
3361,2025-03-26,15.73
3361,2025-04-26,18.06
3361,2025-06-29,17.05
3361,2025-07-13,17.34
3361,2025-07-25,7.17
3361,2025-08-02,15.62
3361,2025-08-11,15.56
3362,2024-03-07,20.95
3363,2024-02-18,12.7
3363,2024-04-03,32.97
3363,2024-04-05,37.93
3363,2024-08-20,30.72
3364,2024-04-11,6.61
3365,2024-02-14,35.18
3366,2024-03-11,12.74
3367,2024-04-15,5.69
3367,2024-09-22,15.79
3367,2024-12-22,20.91
3368,2024-02-27,28.45
3369,2024-06-07,10.09
3369,2024-07-19,11.0
3369,2024-09-12,11.71
3369,2024-09-15,15.37
3369,2024-09-15,4.41
3369,2024-10-03,7.53
3369,2024-11-20,8.08
3369,2024-11-24,6.11
3369,2024-12-02,9.2
3369,2024-12-22,3.29
3369,2025-01-15,12.39
3370,2024-04-06,33.61
3370,2024-05-08,46.23
3371,2024-01-02,7.64
3371,2024-01-22,27.81
3371,2024-01-29,23.17
3371,2024-02-21,9.71
3371,2024-05-02,9.86
3371,2024-08-28,8.61
3371,2024-09-27,9.69
3371,2024-10-19,10.11
3371,2024-11-25,27.16
3371,2024-12-08,6.61
3371,2025-01-30,18.83
3371,2025-03-02,14.29
3371,2025-03-13,7.08
3371,2025-03-18,9.72
3371,2025-04-02,11.02
3371,2025-07-30,21.84
3371,2025-08-13,27.82
3371,2025-09-12,13.03
3371,2025-09-20,9.03
3371,2025-11-12,12.71
3371,2025-11-15,16.96
3371,2025-11-24,12.04
3371,2025-12-08,27.92
3371,2025-12-15,17.17
3372,2024-05-19,33.36
3372,2024-10-03,22.25
3372,2025-03-29,27.88
3373,2024-06-05,89.64
3373,2024-09-20,130.75
3373,2024-09-22,88.84
3373,2024-10-04,85.99
3373,2024-10-18,54.79
3374,2024-04-29,53.36
3374,2024-08-29,58.3
3375,2024-05-02,57.28
3376,2024-05-15,23.68
3377,2024-05-08,27.37
3378,2024-06-25,12.42
3378,2024-07-01,10.38
3378,2024-08-07,6.62
3378,2024-08-07,10.19
3378,2024-08-12,14.14
3378,2024-08-15,18.51
3378,2024-08-23,15.82
3378,2024-09-10,10.17
3378,2024-09-25,9.42
3378,2024-10-14,11.32
3378,2024-10-21,9.95
3378,2024-10-24,7.85
3378,2024-11-05,18.44
3378,2024-11-25,13.37
3378,2024-12-01,8.79
3378,2024-12-06,23.72
3378,2025-02-12,19.07
3378,2025-03-08,9.51
3378,2025-03-28,3.38
3378,2025-03-28,16.41
3378,2025-04-25,22.33
3378,2025-05-03,12.38
3378,2025-05-07,11.62
3378,2025-05-16,19.7
3378,2025-05-16,8.28
3378,2025-07-04,13.43
3378,2025-07-19,10.74
3378,2025-09-16,11.6
3378,2025-09-23,11.7
3378,2025-09-28,9.95
3378,2025-11-07,9.88
3378,2025-11-20,8.36
3378,2025-12-15,8.83
3379,2024-04-12,54.88
3380,2024-05-17,18.45
3380,2024-06-03,11.7
3380,2024-06-09,25.11
3380,2024-09-06,8.02
3380,2024-09-25,9.97
3380,2025-02-22,14.62
3380,2025-02-24,17.4
3380,2025-02-28,17.33
3380,2025-03-09,8.43
3380,2025-04-19,15.23
3381,2024-02-10,20.56
3382,2024-02-16,12.18
3382,2024-03-17,12.99
3383,2024-01-19,24.22
3383,2024-01-30,41.3
3383,2024-04-20,32.96
3383,2024-04-25,28.49
3383,2024-05-21,49.97
3383,2024-05-29,39.89
3383,2024-09-02,32.6
3383,2024-09-23,24.3
3383,2024-11-06,19.76
3383,2024-11-18,38.08
3383,2024-12-28,28.44
3383,2025-01-12,28.5
3383,2025-02-04,10.91
3383,2025-04-15,11.25
3383,2025-04-22,18.07
3384,2024-06-22,34.04
3384,2024-11-28,21.3
3385,2024-05-02,28.28
3385,2024-10-10,25.33
3385,2025-03-07,16.31
3385,2025-05-19,14.72
3385,2025-07-01,31.51
3385,2025-08-20,8.73
3385,2025-08-23,24.03
3386,2024-04-30,83.28
3386,2024-05-16,42.63
3386,2024-05-28,84.47
3386,2024-07-02,119.05
3386,2024-07-08,86.21
3386,2024-07-12,96.61
3386,2024-07-13,110.42
3386,2024-08-03,42.18
3386,2024-09-15,100.27
3386,2024-11-04,61.06
3386,2024-11-09,89.72
3386,2024-11-27,74.24
3386,2024-11-29,61.58
3386,2024-12-17,122.45
3386,2024-12-31,113.74
3386,2025-01-09,108.75
3386,2025-01-10,29.16
3386,2025-02-04,83.89
3386,2025-02-21,90.04
3386,2025-03-08,149.74
3386,2025-04-24,75.39
3386,2025-05-01,51.06
3386,2025-05-14,55.72
3386,2025-05-21,86.6
3386,2025-05-29,102.76
3386,2025-06-13,92.54
3386,2025-06-20,74.57
3386,2025-06-21,37.9
3386,2025-07-05,36.47
3386,2025-07-05,59.32
3386,2025-07-06,51.83
3386,2025-08-08,65.15
3386,2025-08-19,97.82
3386,2025-09-15,67.89
3386,2025-09-21,46.23
3386,2025-10-09,119.14
3386,2025-11-04,61.4
3386,2025-11-23,162.96
3386,2025-11-29,53.65
3387,2024-05-13,20.52
3387,2024-05-14,22.93
3387,2024-06-20,16.79
3387,2024-11-06,14.03
3387,2025-02-21,14.16
3387,2025-10-21,14.67
3387,2025-10-21,26.85
3387,2025-11-22,18.79
3387,2025-12-06,12.86
3388,2024-05-11,16.35
3388,2024-05-12,26.74
3388,2024-06-28,12.85
3389,2024-04-08,40.23
3389,2024-04-08,48.95
3390,2024-06-10,25.87
3390,2024-08-26,23.52
3390,2024-09-08,14.08
3390,2024-09-24,42.43
3390,2024-10-30,21.52
3390,2024-12-21,27.92
3390,2024-12-26,25.21
3390,2024-12-28,26.31
3390,2025-01-01,21.0
3390,2025-01-23,43.13
3391,2024-03-20,37.91
3391,2025-09-02,21.91
3392,2024-06-16,20.94
3393,2024-01-09,5.7
3393,2025-11-21,18.1
3394,2024-03-16,15.76
3394,2024-04-03,15.38
3394,2024-06-03,22.29
3394,2024-09-14,12.16
3394,2024-09-29,10.03
3394,2024-09-30,20.51
3394,2024-11-25,15.61
3394,2025-03-16,12.93
3394,2025-04-05,25.87
3394,2025-04-11,8.49
3394,2025-05-22,18.79
3394,2025-06-04,11.51
3394,2025-07-04,21.82
3394,2025-07-14,15.07
3394,2025-07-30,26.77
3394,2025-08-03,10.74
3394,2025-10-28,26.1
3395,2024-03-09,32.01
3395,2024-06-13,21.93
3395,2024-06-18,35.57
3395,2024-09-05,15.05
3396,2024-01-26,28.84
3397,2024-04-19,17.05
3397,2024-10-26,28.71
3397,2025-01-19,29.13
3397,2025-07-03,8.73
3397,2025-07-15,38.44
3397,2025-09-06,24.12
3397,2025-10-03,21.27
3397,2025-10-13,25.6
3397,2025-11-09,31.9
3398,2024-04-28,30.8
3398,2024-05-01,38.57
3398,2024-05-04,14.26
3398,2024-05-18,26.35
3399,2024-04-22,7.9
3400,2024-05-25,30.31
3400,2024-08-23,19.66
3401,2024-01-07,7.36
3401,2024-04-20,7.11
3401,2024-10-08,8.66
3401,2025-01-12,14.22
3401,2025-01-31,13.0
3401,2025-09-05,15.46
3401,2025-12-02,13.75
3402,2024-02-10,15.22
3402,2024-05-01,8.29
3402,2024-12-23,14.82
3402,2025-04-24,30.18
3402,2025-06-04,26.56
3402,2025-07-12,15.7
3403,2024-05-28,32.04
3403,2024-05-29,24.87
3403,2024-06-05,18.04
3403,2024-06-10,21.8
3403,2024-06-22,13.3
3403,2024-06-26,7.92
3403,2024-07-13,52.63
3403,2024-07-23,52.77
3404,2024-02-24,28.56
3405,2024-03-07,17.51
3406,2024-01-14,33.37
3407,2024-02-12,25.5
3407,2024-05-04,47.36
3408,2024-03-26,20.59
3408,2024-04-23,29.91
3409,2024-01-01,79.02
3410,2024-06-30,15.54
3411,2024-04-13,13.93
3412,2024-01-25,103.75
3412,2024-03-22,39.03
3412,2024-04-04,37.93
3412,2024-05-23,44.79
3412,2024-06-14,40.86
3412,2024-06-16,29.5
3412,2024-06-27,54.75
3412,2024-07-29,64.03
3412,2024-11-16,37.8
3412,2024-12-24,59.85
3412,2025-01-02,63.91
3412,2025-01-15,19.8
3412,2025-02-07,21.5
3412,2025-03-20,37.33
3412,2025-05-16,28.37
3412,2025-07-04,37.53
3412,2025-08-02,43.62
3412,2025-08-13,47.18
3412,2025-09-20,34.92
3412,2025-09-21,63.38
3412,2025-10-10,41.14
3412,2025-11-11,32.94
3413,2024-01-21,19.48
3414,2024-06-03,10.95
3414,2024-06-04,16.07
3414,2024-07-03,9.48
3414,2024-07-07,17.68
3414,2024-07-15,23.18
3414,2024-07-20,25.8
3414,2024-07-29,18.23
3414,2024-07-30,12.94
3414,2024-09-06,12.34
3414,2024-09-10,32.87
3414,2024-10-23,27.1
3414,2024-11-01,10.08
3414,2024-11-07,9.36
3414,2024-12-29,23.45
3414,2024-12-31,14.13
3414,2025-03-13,6.54
3414,2025-04-10,20.93
3414,2025-05-01,11.81
3414,2025-05-02,9.58
3414,2025-06-28,10.41
3414,2025-07-17,11.09
3414,2025-08-05,19.79
3414,2025-09-12,14.4
3414,2025-10-17,8.5
3415,2024-05-14,11.35
3415,2024-05-25,16.12
3415,2024-07-09,13.46
3415,2024-07-14,10.05
3415,2024-07-22,8.27
3415,2024-09-01,6.37
3415,2024-09-12,12.08
3415,2024-10-14,19.32
3415,2024-11-03,12.47
3415,2025-01-16,7.38
3415,2025-03-20,20.4
3415,2025-03-31,14.26
3415,2025-05-28,8.17
3415,2025-07-17,11.61
3415,2025-08-22,7.45
3415,2025-09-15,15.64
3415,2025-10-06,3.2
3415,2025-10-10,12.5
3415,2025-11-03,9.58
3415,2025-12-17,10.43
3416,2024-04-20,13.73
3416,2024-06-18,9.28
3416,2024-06-25,12.4
3416,2024-07-05,10.84
3416,2024-07-23,16.0
3416,2024-08-14,11.51
3416,2024-11-04,7.86
3416,2024-11-10,15.03
3416,2024-12-13,20.53
3416,2024-12-29,20.04
3416,2025-01-03,10.66
3416,2025-03-11,10.27
3416,2025-08-21,9.74
3416,2025-08-28,10.88
3416,2025-09-02,39.23
3416,2025-11-06,7.63
3416,2025-11-16,20.57
3417,2024-03-23,25.13
3417,2024-03-26,17.73
3418,2024-03-14,33.81
3418,2025-02-01,44.18
3418,2025-02-15,20.81
3418,2025-07-04,71.13
3418,2025-08-04,33.11
3418,2025-12-15,41.83
3419,2024-02-22,18.49
3419,2024-04-09,16.62
3419,2024-04-19,16.02
3419,2024-04-25,31.42
3419,2024-05-07,21.41
3419,2024-05-29,53.64
3419,2024-06-12,45.03
3420,2024-05-27,21.75
3421,2024-06-05,125.4
3421,2024-06-29,137.99
3421,2024-07-24,46.39
3421,2024-08-28,104.44
3421,2025-03-08,101.7
3421,2025-03-11,86.38
3421,2025-04-10,86.74
3421,2025-05-13,218.35
3421,2025-07-05,111.91
3421,2025-07-31,66.68
3421,2025-10-17,200.53
3421,2025-12-21,108.02
3422,2024-06-29,51.64
3422,2024-07-01,40.87
3422,2024-07-22,27.85
3422,2024-10-13,48.51
3422,2024-12-25,23.72
3422,2025-08-21,41.35
3423,2024-01-29,25.7
3423,2024-01-31,21.02
3423,2024-02-28,42.98
3424,2024-06-21,146.75
3424,2024-06-21,86.14
3424,2024-06-23,62.01
3424,2024-07-12,128.68
3424,2024-07-26,90.26
3424,2024-07-31,81.35
3424,2024-08-19,76.44
3424,2024-10-11,139.66
3424,2024-10-17,107.07
3424,2024-10-29,187.17
3424,2024-11-18,99.41
3424,2024-11-22,77.5
3424,2024-11-27,65.35
3424,2024-12-19,116.75
3424,2024-12-23,30.67
3424,2024-12-25,69.22
3424,2024-12-31,63.95
3424,2025-01-05,172.2
3424,2025-01-24,173.96
3424,2025-01-31,56.37
3424,2025-02-07,47.38
3424,2025-02-17,96.23
3424,2025-04-24,90.64
3424,2025-04-24,77.37
3424,2025-05-02,171.63
3424,2025-06-07,133.06
3424,2025-06-12,82.18
3424,2025-06-17,45.4
3424,2025-06-18,92.07
3424,2025-07-16,77.95
3424,2025-09-11,81.85
3424,2025-09-28,62.37
3424,2025-10-03,66.35
3424,2025-11-09,30.27
3424,2025-11-17,88.41
3424,2025-12-07,205.73
3425,2024-02-07,17.17
3426,2024-05-03,75.22
3427,2024-06-22,8.76
3427,2024-08-11,15.76
3427,2025-01-21,15.56
3427,2025-02-21,16.16
3427,2025-02-26,11.29
3427,2025-03-22,31.54
3427,2025-04-27,11.68
3427,2025-07-15,9.62
3427,2025-07-22,8.6
3427,2025-08-25,18.61
3428,2024-02-25,41.77
3428,2024-08-06,85.28
3428,2024-11-04,77.95
3428,2024-12-13,25.48
3429,2024-02-13,15.76
3429,2024-02-13,7.67
3429,2024-03-05,19.54
3429,2024-04-06,13.08
3429,2024-04-21,17.67
3429,2024-04-21,14.81
3429,2024-04-24,14.46
3429,2024-04-29,17.34
3429,2024-06-04,12.53
3429,2024-06-16,15.74
3429,2024-07-11,16.09
3429,2024-07-11,15.12
3429,2024-07-12,27.82
3429,2024-07-19,10.8
3429,2024-07-23,13.73
3429,2024-08-14,11.65
3429,2024-08-17,8.33
3429,2024-09-22,20.59
3429,2024-09-22,4.27
3429,2024-10-17,10.12
3429,2024-10-26,10.6
3429,2024-11-21,15.23
3429,2024-12-04,19.21
3429,2024-12-10,13.62
3429,2024-12-31,8.38
3429,2025-02-02,19.37
3429,2025-03-03,6.94
3429,2025-03-13,9.58
3429,2025-03-17,16.45
3429,2025-05-03,13.37
3429,2025-05-05,15.55
3429,2025-05-09,8.14
3429,2025-05-10,5.23
3429,2025-05-20,7.91
3429,2025-06-29,16.93
3429,2025-08-09,8.55
3429,2025-08-11,15.92
3429,2025-09-06,12.59
3429,2025-09-21,31.82
3429,2025-09-27,7.43
3429,2025-10-04,17.42
3429,2025-12-12,7.12
3430,2024-06-30,24.48
3431,2024-04-15,96.48
3431,2024-06-01,129.63
3431,2024-06-07,143.18
3431,2024-07-03,58.91
3431,2024-08-05,163.52
3431,2024-08-14,80.81
3431,2024-08-20,108.87
3431,2024-09-16,81.23
3431,2024-09-18,70.87
3431,2024-09-22,213.5
3431,2024-10-31,95.11
3431,2024-11-07,55.4
3431,2024-11-21,148.25
3431,2024-11-26,128.78
3431,2024-12-04,100.99
3431,2025-02-28,75.64
3431,2025-03-10,133.88
3431,2025-03-22,105.36
3431,2025-06-13,197.44
3431,2025-07-02,82.82
3431,2025-08-06,116.55
3431,2025-08-23,131.55
3431,2025-09-02,180.39
3431,2025-09-21,113.9
3431,2025-10-03,173.68
3431,2025-10-12,90.73
3431,2025-10-22,81.26
3431,2025-10-23,86.45
3431,2025-11-12,167.17
3431,2025-11-17,99.15
3431,2025-11-29,118.51
3431,2025-12-06,152.49
3431,2025-12-19,33.69
3432,2024-05-08,56.93
3432,2024-07-04,24.97
3433,2024-06-16,18.1
3433,2024-06-24,28.87
3433,2024-06-30,23.55
3433,2024-07-14,39.48
3433,2024-07-22,23.1
3433,2024-07-26,23.39
3433,2024-08-30,23.92
3433,2024-09-03,30.28
3433,2024-10-03,29.21
3433,2024-10-16,32.36
3433,2024-11-03,34.19
3433,2024-11-11,12.46
3433,2024-11-12,18.13
3433,2025-01-13,31.59
3433,2025-01-31,18.88
3433,2025-02-28,51.1
3433,2025-03-20,17.86
3433,2025-04-13,16.29
3434,2024-06-22,19.9
3434,2024-09-10,19.25
3435,2024-01-15,41.4
3435,2024-01-21,29.99
3435,2024-01-28,16.53
3435,2024-02-05,14.33
3435,2024-03-24,34.4
3435,2024-04-07,22.44
3435,2024-04-11,41.25
3435,2024-05-25,18.92
3435,2024-06-22,44.47
3435,2024-07-08,7.14
3435,2024-07-13,39.57
3435,2024-10-09,63.75
3435,2024-12-13,29.29
3435,2025-03-03,35.73
3435,2025-03-08,71.51
3435,2025-03-18,64.98
3435,2025-03-25,31.17
3435,2025-04-03,41.56
3435,2025-05-08,36.08
3435,2025-06-01,10.2
3435,2025-06-12,32.58
3435,2025-06-22,34.15
3435,2025-09-17,23.85
3435,2025-09-24,45.38
3435,2025-10-18,19.22
3435,2025-11-18,15.9
3435,2025-12-03,55.99
3435,2025-12-20,37.39
3435,2025-12-22,29.3
3436,2024-01-29,25.2
3436,2024-02-17,47.21
3436,2024-03-20,22.59
3437,2024-03-25,12.46
3438,2024-05-07,38.39
3438,2024-05-07,11.16
3438,2024-05-31,10.18
3438,2024-06-02,28.36
3438,2024-07-06,17.89
3439,2024-04-05,66.27
3440,2024-06-25,7.44
3441,2024-05-18,24.01
3441,2024-07-14,22.02
3441,2024-10-21,21.64
3441,2024-11-02,18.18
3441,2024-12-03,7.98
3441,2025-04-04,22.81
3441,2025-05-28,6.01
3442,2024-01-09,21.36
3443,2024-01-06,60.1
3443,2024-01-06,56.4
3443,2024-01-07,23.99
3443,2024-01-14,73.26
3444,2024-03-30,29.73
3444,2024-05-15,52.86
3444,2024-05-18,25.16
3444,2024-05-26,23.11
3444,2024-06-20,61.31
3444,2024-08-07,54.66
3444,2024-09-18,85.93
3444,2024-10-13,88.11
3444,2024-11-23,33.44
3445,2024-06-08,9.98
3446,2024-01-04,12.64
3447,2024-05-08,47.76
3447,2024-06-23,15.82
3447,2024-08-20,21.43
3447,2024-08-28,17.1
3447,2024-09-10,17.37
3448,2024-02-13,18.79
3449,2024-03-21,22.29
3450,2024-02-20,14.57
3450,2024-02-20,26.98
3450,2025-08-02,35.1
3451,2024-04-04,20.04
3452,2024-04-24,25.39
3452,2024-06-21,37.02
3452,2024-07-02,26.93
3452,2024-07-08,21.57
3453,2024-05-11,30.21
3453,2025-04-06,41.7
3453,2025-04-13,28.11
3453,2025-07-29,18.44
3454,2024-04-07,13.78
3454,2024-04-17,8.09
3455,2024-01-04,20.17
3455,2024-06-23,13.16
3455,2025-11-03,33.98
3456,2024-04-22,12.04
3456,2024-04-27,13.72
3456,2024-10-28,37.76
3456,2025-03-01,21.81
3456,2025-10-03,19.39
3457,2024-01-29,20.08
3457,2024-02-20,32.51
3457,2024-07-25,22.14
3457,2024-09-10,11.17
3457,2025-01-05,14.17
3457,2025-04-07,33.63
3457,2025-06-25,13.81
3458,2024-03-15,53.23
3459,2024-01-30,55.27
3460,2024-04-14,26.88
3460,2024-05-09,25.35
3460,2024-07-19,24.85
3460,2024-08-18,24.71
3460,2024-08-23,39.39
3460,2024-09-08,24.21
3460,2024-09-13,20.17
3460,2024-09-17,15.28
3460,2024-09-19,23.02
3460,2024-09-20,11.78
3460,2024-11-05,16.44
3460,2024-11-08,16.94
3460,2024-11-27,22.47
3460,2025-01-28,15.35
3460,2025-02-09,7.59
3460,2025-02-23,27.54
3460,2025-04-01,15.69
3460,2025-04-07,23.85
3460,2025-05-17,20.0
3460,2025-05-28,13.25
3460,2025-06-07,45.48
3460,2025-06-12,25.32
3460,2025-06-12,18.69
3460,2025-06-21,27.21
3460,2025-07-10,11.43
3460,2025-07-18,32.91
3460,2025-08-11,11.73
3460,2025-08-14,5.17
3460,2025-11-13,23.84
3460,2025-11-29,31.52
3460,2025-12-21,24.01
3461,2024-05-02,36.85
3461,2024-05-04,40.71
3462,2024-02-19,32.82
3463,2024-03-07,34.37
3463,2024-06-08,26.76
3463,2024-11-14,9.29
3463,2025-02-06,9.1
3463,2025-03-27,18.41
3463,2025-04-02,34.11
3463,2025-04-05,19.31
3463,2025-04-28,12.55
3463,2025-05-07,12.35
3463,2025-06-06,19.02
3463,2025-08-06,12.25
3463,2025-09-02,21.2
3463,2025-10-04,14.43
3463,2025-11-03,12.84
3463,2025-11-04,16.7
3463,2025-11-10,28.59
3463,2025-12-03,11.83
3464,2024-03-24,18.79
3465,2024-02-15,5.91
3465,2024-02-19,13.24
3465,2024-03-04,8.47
3466,2024-06-13,54.56
3466,2024-07-24,45.9
3466,2024-07-27,52.15
3466,2024-08-26,56.53
3466,2024-09-15,60.28
3466,2024-09-21,32.13
3466,2024-09-30,43.51
3466,2024-10-05,31.52
3466,2024-10-09,37.98
3466,2024-11-05,60.38
3466,2024-11-27,22.96
3466,2025-02-17,40.84
3466,2025-04-09,34.6
3466,2025-05-12,36.61
3466,2025-05-21,50.5
3466,2025-05-28,22.75
3466,2025-06-01,29.3
3466,2025-08-09,39.96
3466,2025-08-24,42.46
3466,2025-10-04,39.31
3466,2025-11-08,39.6
3466,2025-11-29,26.04
3466,2025-12-23,73.19
3467,2024-02-07,28.7
3467,2024-02-07,42.54
3467,2024-02-23,21.04
3467,2024-02-26,27.6
3468,2024-03-18,11.79
3468,2024-09-21,32.92
3469,2024-05-16,26.44
3470,2024-06-30,17.97
3471,2024-02-01,10.5
3472,2024-05-20,10.07
3473,2024-05-01,15.31
3474,2024-06-14,25.48
3474,2024-06-24,31.88
3474,2024-06-24,16.92
3474,2024-08-01,17.95
3474,2024-08-14,21.23
3475,2024-03-12,41.06
3475,2024-08-01,28.43
3475,2024-12-27,32.34
3476,2024-04-27,31.16
3476,2024-05-01,20.17
3476,2024-05-27,20.59
3476,2024-07-05,18.96
3476,2024-07-19,45.88
3476,2024-08-05,35.28
3476,2024-08-25,19.26
3476,2024-09-02,24.3
3476,2024-09-19,18.79
3476,2024-10-11,22.12
3476,2024-10-19,46.48
3476,2024-10-27,25.57
3476,2024-11-21,12.66
3476,2024-12-13,21.71
3476,2025-01-01,38.43
3476,2025-02-28,35.7
3476,2025-03-05,11.74
3476,2025-03-14,20.57
3476,2025-03-14,15.66
3476,2025-03-25,49.33
3476,2025-04-08,36.9
3476,2025-04-13,20.91
3476,2025-04-16,53.51
3476,2025-04-22,18.71
3476,2025-04-23,22.69
3476,2025-05-06,15.76
3476,2025-05-15,18.76
3476,2025-05-24,27.5
3476,2025-05-29,30.44
3476,2025-06-07,28.67
3476,2025-06-09,44.24
3476,2025-07-25,28.39
3476,2025-08-03,29.21
3476,2025-08-11,17.42
3476,2025-10-29,31.03
3476,2025-11-04,25.3
3476,2025-12-08,21.28
3476,2025-12-10,22.88
3476,2025-12-16,30.94
3477,2024-05-04,21.93
3477,2024-06-27,35.38
3477,2024-07-02,11.68
3478,2024-06-05,22.95
3479,2024-03-15,91.43
3479,2024-09-16,66.96
3479,2025-05-16,56.0
3479,2025-10-09,66.47
3479,2025-10-22,45.77
3479,2025-12-27,43.63
3480,2024-04-02,28.33
3480,2024-04-25,17.63
3480,2024-05-08,28.38
3480,2024-05-18,31.72
3480,2024-06-12,35.06
3480,2024-06-19,15.92
3480,2024-07-08,18.92
3480,2024-07-10,33.6
3480,2024-07-11,21.38
3480,2024-07-11,12.5
3480,2024-08-06,15.45
3480,2024-10-22,16.94
3480,2025-01-10,24.87
3480,2025-01-13,11.37
3480,2025-01-18,57.6
3480,2025-02-03,16.92
3480,2025-02-08,35.83
3480,2025-04-01,17.28
3480,2025-04-11,27.69
3480,2025-05-05,40.45
3480,2025-05-25,21.52
3480,2025-08-11,39.12
3480,2025-09-20,23.0
3480,2025-09-21,30.42
3481,2024-06-23,10.74
3482,2024-03-22,58.23
3482,2024-04-23,101.2
3482,2024-04-30,48.41
3482,2024-05-10,41.03
3483,2024-03-24,27.97
3484,2024-02-27,38.26
3484,2024-03-16,65.47
3484,2024-04-13,28.89
3484,2024-04-29,83.09
3484,2024-05-05,43.93
3484,2024-06-07,69.16
3484,2024-06-12,104.56
3484,2024-07-16,35.77
3484,2024-09-30,72.74
3484,2024-10-08,70.06
3484,2024-10-30,31.68
3484,2025-01-18,76.42
3484,2025-02-21,41.96
3484,2025-03-05,41.74
3484,2025-04-30,54.06
3484,2025-05-13,48.65
3484,2025-06-24,27.1
3485,2024-04-24,16.68
3485,2024-06-08,17.45
3485,2024-12-04,5.93
3485,2024-12-19,5.49
3485,2025-02-12,10.47
3486,2024-06-04,8.54
3487,2024-01-06,23.4
3488,2024-02-16,11.46
3489,2024-02-16,18.09
3489,2024-02-26,23.22
3489,2024-03-26,21.5
3489,2024-03-26,16.62
3489,2024-04-13,12.83
3489,2024-05-02,28.22
3489,2024-05-19,50.71
3489,2024-06-03,25.53
3489,2024-06-06,13.75
3489,2024-07-01,27.67
3489,2024-08-08,28.34
3489,2024-08-11,18.62
3489,2024-09-17,16.0
3489,2024-10-11,15.66
3489,2024-10-22,21.25
3489,2024-11-16,31.44
3489,2024-11-22,25.34
3489,2025-01-09,33.82
3489,2025-01-23,24.5
3489,2025-02-02,24.87
3489,2025-02-28,18.99
3489,2025-03-10,61.72
3489,2025-04-14,22.57
3489,2025-05-16,26.7
3489,2025-05-18,20.86
3489,2025-06-10,19.8
3489,2025-08-22,19.37
3489,2025-08-24,27.76
3489,2025-08-31,38.29
3489,2025-12-05,19.74
3489,2025-12-05,16.8
3489,2025-12-15,23.49
3489,2025-12-22,26.27
3490,2024-06-11,24.43
3490,2024-07-01,37.8
3490,2024-07-06,43.73
3490,2024-07-11,17.35
3491,2024-03-31,18.88
3491,2024-04-18,9.32
3491,2024-06-19,19.24
3491,2024-07-04,28.66
3491,2024-07-11,14.15
3491,2024-07-26,30.46
3491,2024-08-01,13.32
3491,2024-08-09,11.05
3491,2024-10-28,7.13
3491,2024-10-29,10.14
3491,2024-11-28,13.1
3491,2024-12-02,19.03
3491,2024-12-07,4.67
3491,2024-12-13,6.65
3491,2024-12-20,16.42
3491,2025-01-13,4.23
3491,2025-03-02,20.71
3491,2025-03-03,21.74
3491,2025-04-14,14.17
3491,2025-04-15,22.16
3491,2025-04-19,17.87
3491,2025-06-14,11.62
3491,2025-07-28,15.82
3491,2025-08-07,16.27
3491,2025-08-30,13.12
3491,2025-11-09,12.03
3492,2024-06-01,23.39
3493,2024-05-15,44.63
3493,2024-05-15,40.53
3493,2024-07-03,33.35
3493,2024-08-26,38.82
3493,2024-10-03,62.82
3493,2024-10-13,48.27
3493,2025-01-09,27.66
3493,2025-02-09,80.02
3493,2025-02-15,13.27
3493,2025-03-01,29.22
3493,2025-04-12,27.74
3493,2025-05-09,20.38
3493,2025-08-21,42.42
3493,2025-10-09,38.86
3493,2025-11-10,43.4
3494,2024-05-21,8.36
3495,2024-03-24,17.86
3495,2024-08-04,14.19
3495,2024-08-20,11.64
3495,2024-11-05,12.61
3495,2024-11-09,10.77
3495,2025-01-11,21.6
3495,2025-03-21,20.05
3496,2024-02-10,21.13
3496,2025-04-17,18.41
3496,2025-05-08,45.3
3496,2025-10-11,27.51
3496,2025-11-22,26.99
3497,2024-01-07,6.16
3498,2024-06-18,26.02
3499,2024-06-22,47.27
3500,2024-04-16,42.19
3500,2024-05-12,12.69
3500,2024-05-25,16.8
3500,2024-06-05,18.92
3500,2024-09-24,36.33
3500,2024-10-11,33.05
3501,2024-06-08,24.37
3502,2024-04-07,16.87
3502,2024-05-31,18.76
3502,2024-08-30,19.08
3502,2024-08-30,49.45
3502,2024-09-19,23.37
3503,2024-05-26,30.1
3504,2024-05-24,15.37
3505,2024-02-19,9.82
3506,2024-01-07,12.41
3506,2024-01-27,10.29
3506,2024-03-13,28.18
3506,2024-03-19,43.69
3506,2024-03-20,57.38
3506,2024-04-26,23.03
3506,2024-05-14,51.31
3506,2024-06-15,35.55
3507,2024-04-08,7.34
3508,2024-03-29,8.74
3508,2024-04-16,39.09
3508,2024-04-23,16.63
3509,2024-01-17,91.06
3509,2024-01-17,25.35
3509,2024-01-22,55.34
3509,2024-02-19,31.47
3509,2024-03-02,34.45
3509,2024-03-13,100.45
3509,2024-03-24,44.66
3509,2024-05-01,40.46
3509,2024-05-15,37.44
3509,2024-05-17,33.23
3509,2024-05-20,29.19
3509,2024-06-19,26.38
3509,2024-07-11,29.95
3509,2024-07-22,58.01
3509,2024-09-01,50.85
3509,2024-09-03,41.0
3509,2024-09-12,109.28
3509,2024-09-13,44.01
3509,2024-09-17,60.55
3509,2024-10-03,25.8
3509,2024-10-04,25.54
3509,2024-10-11,43.05
3509,2024-10-12,39.39
3509,2024-11-14,43.01
3509,2024-12-07,77.44
3509,2024-12-27,29.28
3509,2024-12-30,71.47
3509,2025-01-09,28.09
3509,2025-01-10,55.65
3509,2025-01-13,38.58
3509,2025-02-12,30.45
3509,2025-04-12,66.28
3509,2025-04-13,36.89
3509,2025-04-19,41.44
3509,2025-05-23,26.93
3509,2025-06-01,36.93
3509,2025-06-05,29.34
3509,2025-06-15,43.09
3509,2025-06-18,61.09
3509,2025-06-20,65.22
3509,2025-06-26,60.06
3509,2025-06-28,26.51
3509,2025-07-03,34.55
3509,2025-07-29,50.56
3509,2025-08-13,40.02
3509,2025-09-02,57.47
3509,2025-09-30,41.98
3509,2025-10-06,74.05
3509,2025-10-18,38.99
3509,2025-10-20,76.74
3509,2025-11-17,20.61
3509,2025-11-25,60.13
3509,2025-11-30,49.86
3509,2025-12-11,81.1
3509,2025-12-14,34.23
3510,2024-03-30,13.23
3511,2024-06-09,35.13
3511,2024-12-25,42.23
3511,2025-09-29,16.87
3512,2024-01-27,11.03
3513,2024-04-13,29.03
3514,2024-05-30,50.12
3514,2024-06-15,28.38
3514,2024-07-14,34.21
3514,2024-09-06,11.64
3514,2024-10-24,29.6
3514,2024-11-21,18.75
3514,2025-01-04,5.67
3514,2025-01-26,20.51
3514,2025-02-05,15.07
3514,2025-03-01,50.06
3514,2025-03-09,10.76
3514,2025-03-17,17.15
3514,2025-05-07,38.76
3514,2025-05-16,82.88
3514,2025-06-15,31.88
3514,2025-07-04,21.92
3514,2025-07-05,38.59
3514,2025-07-11,28.7
3514,2025-08-15,26.49
3514,2025-09-08,24.29
3514,2025-11-09,43.82
3514,2025-11-16,46.45
3514,2025-11-24,31.57
3514,2025-12-15,33.81
3515,2024-02-28,26.28
3515,2024-07-29,21.02
3515,2024-09-13,22.51
3515,2025-05-26,29.51
3515,2025-06-14,10.92
3515,2025-09-22,22.95
3515,2025-10-31,27.21
3516,2024-03-15,18.85
3517,2024-04-03,9.48
3518,2024-01-07,13.5
3519,2024-02-08,10.5
3519,2024-05-05,15.21
3519,2024-06-16,17.28
3520,2024-02-19,15.05
3520,2024-02-27,25.15
3520,2024-04-22,24.77
3520,2024-07-07,14.81
3520,2024-07-26,20.67
3520,2024-08-30,14.25
3520,2024-10-07,10.28
3520,2024-10-10,16.26
3520,2024-10-15,38.89
3520,2024-10-21,15.08
3520,2024-10-26,15.65
3521,2024-02-09,88.92
3521,2024-03-10,51.05
3522,2024-06-22,19.23
3522,2024-11-03,30.4
3522,2025-04-10,12.25
3522,2025-07-04,19.99
3522,2025-09-11,44.91
3522,2025-10-27,36.67
3522,2025-12-11,67.89
3523,2024-02-13,16.21
3524,2024-02-13,20.54
3524,2024-03-03,53.69
3524,2024-03-07,44.4
3524,2024-04-01,56.33
3524,2024-04-10,95.61
3524,2024-04-11,43.95
3524,2024-04-22,27.07
3524,2024-04-25,28.54
3524,2024-09-05,44.62
3524,2024-10-28,25.69
3524,2024-11-06,17.63
3524,2024-12-14,49.2
3524,2025-01-24,47.32
3524,2025-02-09,24.59
3524,2025-02-28,31.24
3524,2025-03-16,47.93
3524,2025-05-15,46.51
3524,2025-06-07,60.67
3524,2025-07-05,46.76
3524,2025-07-23,27.0
3524,2025-07-23,32.48
3524,2025-07-27,19.55
3524,2025-09-10,40.58
3524,2025-10-26,41.67
3524,2025-11-16,32.22
3524,2025-11-21,54.53
3524,2025-11-25,49.71
3524,2025-12-15,51.78
3525,2024-03-25,31.09
3525,2024-05-19,18.88
3526,2024-04-02,8.47
3527,2024-04-09,45.19
3528,2024-01-22,27.11
3528,2024-02-27,33.43
3528,2024-03-17,23.09
3528,2024-06-21,28.67
3528,2024-07-07,47.27
3528,2024-07-14,24.83
3528,2024-09-06,23.17
3528,2024-11-15,17.95
3528,2025-02-15,37.77
3528,2025-02-19,24.97
3528,2025-04-19,11.56
3528,2025-06-23,40.48
3528,2025-07-05,14.16
3528,2025-10-13,26.98
3528,2025-10-29,51.67
3528,2025-12-13,30.73
3528,2025-12-28,37.43
3529,2024-03-25,39.0
3529,2024-03-27,34.31
3529,2024-04-26,109.41
3529,2024-05-25,93.15
3529,2024-06-01,36.72
3529,2024-06-19,92.54
3530,2024-01-17,26.5
3530,2024-01-26,14.48
3531,2024-02-13,35.98
3531,2024-02-18,28.92
3531,2024-03-18,31.41
3531,2024-04-12,37.8
3531,2024-07-06,23.26
3531,2024-08-30,20.75
3531,2024-08-31,14.62
3532,2024-05-28,29.04
3532,2024-08-06,17.6
3532,2025-11-19,15.56
3532,2025-12-07,13.07
3533,2024-04-29,7.55
3533,2024-08-06,10.98
3533,2024-08-06,19.05
3533,2024-11-07,24.65
3533,2025-06-02,34.37
3533,2025-09-03,31.92
3533,2025-09-22,26.92
3533,2025-11-19,20.7
3533,2025-11-21,28.2
3533,2025-11-26,22.74
3534,2024-05-04,15.96
3535,2024-02-09,38.84
3535,2024-03-26,32.95
3536,2024-04-27,19.26
3536,2024-05-03,20.68
3536,2024-05-05,32.54
3536,2024-06-13,14.54
3536,2024-06-26,15.1
3536,2024-06-26,30.75
3536,2024-06-26,21.93
3536,2024-07-08,20.11
3536,2024-08-15,26.24
3536,2024-09-02,35.15
3536,2024-09-09,19.64
3536,2024-09-16,14.35
3536,2024-10-01,35.22
3536,2024-11-23,19.76
3536,2024-12-12,40.23
3536,2024-12-28,16.13
3536,2024-12-31,34.75
3536,2025-01-06,12.51
3536,2025-02-06,17.54
3536,2025-02-08,25.96
3536,2025-03-11,29.93
3536,2025-04-09,25.14
3536,2025-04-10,27.71
3536,2025-04-17,35.12
3536,2025-04-27,17.08
3536,2025-05-11,20.65
3536,2025-05-11,27.1
3536,2025-06-06,20.19
3536,2025-06-14,21.98
3536,2025-06-16,22.04
3536,2025-06-25,22.08
3536,2025-07-03,28.79
3536,2025-07-11,19.7
3536,2025-07-30,20.13
3536,2025-08-01,30.5
3536,2025-08-22,23.57
3536,2025-08-24,21.82
3536,2025-09-08,9.11
3536,2025-09-16,19.05
3536,2025-09-29,30.67
3536,2025-09-30,33.79
3536,2025-10-20,35.56
3536,2025-10-31,23.1
3536,2025-11-11,40.54
3536,2025-12-04,20.44
3536,2025-12-06,18.2
3536,2025-12-10,36.19
3537,2024-03-27,37.47
3537,2024-07-28,31.98
3537,2024-09-04,23.09
3538,2024-06-28,24.24
3538,2024-08-11,15.75
3538,2024-08-26,19.73
3538,2024-11-02,33.67
3539,2024-04-15,97.9
3539,2024-07-16,41.0
3539,2024-09-19,77.78
3539,2025-01-08,60.59
3539,2025-02-23,70.49
3539,2025-04-15,55.71
3539,2025-06-11,189.48
3539,2025-07-07,50.97
3539,2025-08-13,162.21
3539,2025-10-14,75.02
3539,2025-11-28,78.23
3540,2024-05-11,16.96
3540,2024-05-27,8.4
3540,2024-05-29,9.66
3540,2024-06-03,33.16
3540,2024-06-08,18.83
3540,2024-06-08,17.98
3540,2024-06-09,20.8
3540,2024-06-11,11.41
3540,2024-06-27,17.5
3540,2024-07-06,21.4
3540,2024-07-15,35.79
3540,2024-07-19,28.15
3540,2024-08-19,16.03
3540,2024-08-26,20.14
3540,2024-09-08,26.12
3541,2024-03-23,44.55
3541,2024-05-01,27.22
3542,2024-02-03,19.03
3542,2024-02-10,18.33
3543,2024-01-22,13.89
3543,2024-03-26,9.44
3543,2024-04-09,13.83
3543,2024-04-16,10.35
3543,2024-08-18,9.22
3543,2024-12-27,9.33
3543,2025-01-28,7.02
3543,2025-03-01,8.2
3543,2025-04-02,8.2
3543,2025-04-12,21.26
3543,2025-04-20,10.06
3543,2025-07-19,6.39
3544,2024-04-13,6.77
3545,2024-02-02,19.37
3545,2024-05-04,35.12
3545,2024-07-31,39.71
3545,2024-09-29,15.76
3545,2025-06-25,25.87
3545,2025-07-08,19.12
3546,2024-05-07,16.64
3547,2024-04-03,22.68
3548,2024-03-20,11.01
3548,2024-03-22,12.47
3548,2024-03-23,16.17
3548,2024-04-02,16.92
3548,2024-04-12,17.8
3549,2024-02-04,8.06
3549,2024-02-26,13.41
3549,2024-07-06,9.34
3549,2024-08-03,6.98
3549,2024-12-22,5.79
3549,2025-04-29,22.8
3549,2025-12-21,11.47
3550,2024-06-27,10.84
3551,2024-04-02,11.28
3551,2024-05-10,22.27
3551,2024-05-13,9.03
3551,2024-06-16,17.69
3552,2024-06-21,69.44
3553,2024-01-09,55.13
3553,2024-01-31,27.08
3553,2024-02-04,40.33
3554,2024-04-12,9.66
3554,2024-06-28,14.04
3554,2024-09-18,6.07
3554,2024-11-15,28.64
3554,2024-12-03,19.97
3554,2024-12-15,20.69
3554,2024-12-31,22.1
3554,2025-01-09,22.6
3554,2025-04-12,12.65
3554,2025-07-28,23.58
3554,2025-07-29,12.63
3554,2025-08-17,11.76
3555,2024-04-09,28.73
3555,2024-08-29,15.7
3555,2024-12-08,9.42
3556,2024-02-29,20.45
3557,2024-04-07,33.34
3558,2024-05-01,50.37
3558,2024-05-06,40.08
3559,2024-04-12,36.23
3560,2024-03-27,34.41
3561,2024-01-03,18.93
3561,2024-07-01,34.97
3562,2024-02-14,24.66
3562,2024-05-21,18.15
3562,2024-07-29,21.21
3562,2024-10-18,29.64
3563,2024-02-03,55.07
3564,2024-03-30,32.67
3564,2024-04-02,39.21
3564,2024-04-06,33.94
3564,2024-04-07,67.57
3564,2024-04-11,52.55
3564,2024-05-04,27.86
3564,2024-05-11,87.72
3564,2024-05-18,65.15
3564,2024-05-25,34.48
3565,2024-06-16,22.49
3565,2024-08-03,37.17
3565,2025-02-11,28.43
3566,2024-05-26,21.5
3566,2024-06-21,15.38
3566,2024-10-10,19.77
3566,2025-01-09,32.15
3566,2025-01-10,21.61
3566,2025-02-03,13.33
3567,2024-05-22,14.21
3567,2025-02-11,10.83
3567,2025-03-31,27.33
3567,2025-04-01,24.31
3567,2025-05-21,13.2
3567,2025-05-27,12.44
3567,2025-05-30,26.69
3567,2025-07-27,32.48
3567,2025-08-30,14.85
3567,2025-10-13,13.15
3567,2025-10-18,17.29
3568,2024-04-30,45.42
3569,2024-06-01,5.27
3569,2024-06-18,3.27
3570,2024-04-20,17.28
3570,2025-05-04,20.32
3571,2024-06-09,8.72
3571,2024-11-14,28.3
3571,2024-12-31,25.68
3572,2024-02-08,9.05
3572,2024-02-22,17.01
3572,2024-02-23,14.69
3573,2024-02-14,20.65
3573,2024-03-17,54.19
3574,2024-06-04,58.86
3575,2024-06-28,20.81
3575,2025-01-14,30.06
3575,2025-07-28,45.47
3575,2025-12-02,33.49
3576,2024-02-17,24.69
3576,2024-05-09,21.19
3576,2024-05-12,13.96
3576,2024-05-17,17.78
3576,2024-08-20,13.28
3576,2024-09-05,18.74
3576,2024-10-29,19.2
3576,2024-12-18,11.37
3576,2025-01-07,5.69
3576,2025-02-05,7.37
3576,2025-02-08,18.1
3576,2025-03-15,25.43
3576,2025-04-01,14.98
3576,2025-05-02,12.16
3576,2025-06-13,17.5
3576,2025-06-21,16.59
3576,2025-11-03,11.94
3576,2025-11-14,14.18
3576,2025-11-21,17.73
3576,2025-12-04,14.17
3577,2024-02-10,21.69
3578,2024-02-10,11.15
3578,2024-03-15,23.73
3578,2024-10-10,23.03
3578,2025-07-12,19.81
3578,2025-12-14,11.6
3579,2024-02-29,27.31
3579,2024-03-27,21.14
3579,2024-06-08,11.73
3579,2024-07-06,18.69
3580,2024-05-14,62.2
3581,2024-03-16,10.37
3581,2024-08-05,9.09
3582,2024-05-15,46.82
3582,2024-05-15,52.1
3582,2024-05-15,48.84
3582,2024-06-26,100.63
3582,2024-07-02,20.26
3582,2024-08-14,44.36
3583,2024-06-16,45.03
3584,2024-02-01,51.73
3584,2024-02-28,26.64
3584,2024-04-14,24.18
3584,2024-04-16,23.77
3584,2024-10-14,69.67
3584,2025-03-04,35.09
3585,2024-04-04,34.37
3585,2024-06-01,25.78
3585,2024-06-03,89.05
3586,2024-05-28,12.56
3587,2024-05-01,33.12
3587,2024-05-14,13.27
3587,2024-06-21,19.1
3587,2024-07-10,31.73
3587,2024-07-21,24.07
3587,2024-09-24,15.19
3587,2024-11-23,8.48
3587,2024-12-24,34.12
3587,2024-12-27,47.44
3588,2024-05-10,17.99
3588,2024-05-15,14.71
3588,2024-06-29,30.04
3588,2024-07-29,13.32
3588,2024-09-28,49.72
3588,2024-10-18,29.03
3588,2024-11-26,8.18
3588,2024-12-16,10.63
3588,2024-12-21,14.0
3588,2025-01-25,17.22
3588,2025-03-27,32.35
3588,2025-04-30,35.0
3588,2025-05-13,17.04
3588,2025-05-26,6.58
3588,2025-06-22,32.03
3588,2025-10-03,13.02
3588,2025-11-05,9.59
3588,2025-12-21,10.71
3589,2024-04-03,5.81
3589,2024-04-16,6.65
3589,2024-04-30,4.7
3589,2024-08-27,7.78
3590,2024-03-05,45.97
3590,2024-03-27,35.63
3590,2024-06-04,59.32
3590,2024-07-25,14.22
3590,2024-08-19,34.06
3590,2024-10-26,40.37
3590,2024-11-21,25.82
3590,2025-03-27,71.06
3590,2025-08-13,65.38
3590,2025-10-02,50.34
3590,2025-10-03,59.22
3590,2025-10-17,40.08
3591,2024-04-07,41.69
3592,2024-01-30,12.31
3592,2024-02-08,12.04
3592,2024-03-02,6.23
3592,2024-03-03,11.21
3592,2024-04-20,8.03
3592,2024-05-27,9.58
3592,2025-02-17,9.33
3592,2025-02-24,9.99
3592,2025-04-25,7.99
3592,2025-05-03,11.33
3592,2025-06-11,9.19
3592,2025-07-07,9.54
3592,2025-10-12,14.8
3592,2025-12-22,9.98
3592,2025-12-24,15.72
3592,2025-12-27,6.9
3593,2024-01-03,61.59
3594,2024-02-05,14.1
3594,2024-08-05,31.87
3594,2024-09-18,15.27
3594,2024-10-16,37.89
3595,2024-01-16,12.86
3595,2024-01-20,10.87
3595,2024-01-23,16.42
3595,2024-07-13,16.13
3595,2025-01-30,8.96
3595,2025-02-01,14.42
3595,2025-02-16,14.39
3595,2025-03-05,11.24
3595,2025-11-25,7.74
3596,2024-03-22,8.77
3596,2024-04-06,17.18
3596,2024-04-27,20.73
3596,2024-06-15,12.26
3596,2024-07-10,23.61
3596,2024-07-24,17.23
3596,2024-07-30,13.18
3596,2024-08-11,15.37
3596,2024-08-26,8.62
3596,2024-09-10,14.87
3596,2024-10-02,22.78
3596,2024-10-26,10.45
3596,2024-11-08,29.77
3596,2024-11-12,23.44
3597,2024-01-13,3.92
3598,2024-03-07,12.2
3598,2024-03-18,11.28
3598,2024-03-18,8.25
3598,2024-04-03,23.19
3598,2024-04-06,24.86
3598,2024-04-09,6.75
3598,2024-04-19,18.62
3598,2024-04-23,14.13
3598,2024-04-26,7.0
3598,2024-04-29,12.7
3598,2024-06-11,19.37
3598,2024-06-12,20.9
3598,2024-06-19,27.67
3598,2024-07-21,21.23
3598,2024-07-25,10.67
3598,2024-08-09,24.81
3598,2024-08-16,6.45
3598,2024-09-04,25.67
3598,2024-09-09,10.95
3598,2024-09-17,13.3
3598,2024-09-19,17.57
3598,2024-09-22,16.62
3598,2024-09-24,25.05
3598,2024-10-13,12.17
3598,2024-10-24,15.27
3598,2024-11-25,23.95
3598,2024-11-30,19.7
3598,2024-12-01,8.55
3598,2024-12-09,18.61
3598,2024-12-13,18.08
3598,2024-12-17,16.23
3598,2024-12-20,11.29
3598,2025-01-05,11.2
3598,2025-01-05,22.72
3598,2025-01-08,5.33
3598,2025-01-22,14.12
3598,2025-01-29,10.06
3598,2025-02-01,7.61
3598,2025-02-03,19.6
3598,2025-03-30,20.42
3598,2025-04-05,9.93
3598,2025-04-07,16.33
3598,2025-04-13,28.41
3598,2025-04-28,19.11
3598,2025-05-17,24.44
3598,2025-05-22,10.87
3598,2025-06-06,12.04
3598,2025-06-10,13.6
3598,2025-06-23,8.03
3598,2025-07-20,9.47
3598,2025-08-07,14.04
3598,2025-08-24,20.26
3598,2025-08-27,10.78
3598,2025-09-14,8.78
3598,2025-09-15,9.14
3598,2025-09-18,8.53
3598,2025-09-19,4.48
3598,2025-10-30,7.33
3598,2025-11-02,15.73
3598,2025-11-04,22.91
3598,2025-11-08,21.12
3598,2025-12-03,15.58
3598,2025-12-08,9.29
3599,2024-05-17,37.02
3599,2024-09-16,12.9
3599,2024-09-29,44.27
3600,2024-01-29,15.82
3600,2024-06-10,16.62
3601,2024-05-27,10.81
3602,2024-04-03,44.9
3603,2024-03-28,18.03
3603,2024-05-27,25.49
3604,2024-02-26,14.1
3604,2024-03-01,8.4
3605,2024-03-28,31.38
3606,2024-05-24,40.03
3607,2024-02-25,28.84
3608,2024-05-31,31.01
3609,2024-01-29,34.96
3609,2024-02-01,52.87
3609,2024-02-05,59.54
3609,2024-02-14,61.5
3609,2024-03-12,54.11
3609,2024-03-16,56.17
3609,2024-03-18,50.18
3609,2024-04-08,30.62
3609,2024-04-22,89.68
3609,2024-05-03,49.53
3609,2024-05-16,79.42
3609,2024-05-17,68.96
3609,2024-06-27,55.81
3609,2024-07-07,75.2
3609,2024-07-28,41.0
3609,2024-08-14,36.45
3609,2024-08-18,60.68
3609,2024-09-02,29.59
3609,2024-09-16,42.03
3609,2024-09-26,117.62
3609,2024-10-05,57.75
3609,2024-11-08,49.45
3609,2024-11-15,98.04
3609,2024-11-16,81.68
3609,2024-11-19,58.44
3609,2024-11-20,80.33
3609,2024-12-23,74.59
3609,2024-12-31,86.34
3609,2025-02-02,41.79
3609,2025-02-12,42.51
3609,2025-03-01,27.71
3609,2025-04-09,12.52
3609,2025-04-20,83.71
3609,2025-05-18,35.17
3609,2025-05-22,78.36
3609,2025-07-02,121.48
3609,2025-07-12,41.2
3609,2025-07-21,87.24
3609,2025-07-28,61.23
3609,2025-08-12,84.69
3609,2025-08-21,50.06
3609,2025-09-02,54.9
3609,2025-10-28,41.79
3609,2025-11-04,53.73
3610,2024-05-23,34.78
3610,2024-08-30,33.55
3610,2024-12-03,46.59
3610,2025-01-03,24.37
3610,2025-03-13,47.28
3611,2024-04-25,18.06
3611,2024-08-19,13.78
3611,2024-09-17,15.48
3612,2024-01-06,19.25
3612,2024-01-17,21.41
3612,2024-02-06,15.65
3612,2024-03-17,17.74
3612,2024-03-21,19.75
3612,2024-05-20,13.07
3612,2024-06-21,28.14
3612,2024-07-09,15.95
3612,2024-08-05,11.3
3612,2024-08-26,21.08
3612,2024-09-07,12.51
3612,2024-10-11,10.71
3612,2024-10-25,7.75
3612,2024-11-20,14.29
3612,2024-11-25,19.0
3613,2024-01-15,13.93
3614,2024-01-19,14.18
3615,2024-04-21,9.46
3615,2024-06-16,19.16
3615,2024-07-10,17.27
3615,2024-07-29,18.57
3615,2024-08-11,16.63
3615,2024-08-31,16.59
3615,2024-09-13,12.39
3615,2024-12-18,11.21
3615,2025-07-20,12.68
3615,2025-12-12,9.48
3616,2024-03-29,32.65
3616,2024-10-11,25.65
3616,2024-10-25,21.57
3616,2025-02-09,20.0
3616,2025-06-12,19.65
3616,2025-07-24,19.41
3616,2025-09-01,33.08
3617,2024-03-25,16.1
3617,2024-04-14,1.93
3617,2024-05-20,8.41
3617,2024-07-17,8.62
3617,2024-08-14,18.09
3618,2024-03-06,12.76
3618,2024-05-21,24.27
3619,2024-04-09,47.45
3619,2024-06-28,74.15
3619,2024-07-07,41.71
3619,2025-02-27,43.59
3619,2025-05-24,56.14
3619,2025-07-11,68.16
3620,2024-04-21,26.55
3620,2024-05-19,10.86
3621,2024-04-05,8.04
3621,2024-07-29,36.61
3622,2024-04-13,7.25
3623,2024-04-20,18.3
3624,2024-04-13,13.9
3624,2024-06-01,36.81
3624,2024-11-04,9.09
3624,2024-12-23,23.19
3624,2025-03-30,27.14
3625,2024-06-19,21.0
3625,2024-06-20,32.44
3626,2024-02-21,34.64
3626,2024-03-01,51.93
3626,2024-03-07,47.91
3626,2024-03-22,34.42
3626,2024-03-24,47.64
3626,2024-04-08,125.98
3626,2024-05-14,99.25
3626,2024-06-05,60.4
3626,2024-06-29,75.36
3626,2024-07-09,81.41
3626,2024-07-28,52.45
3626,2024-07-31,54.0
3626,2024-10-03,51.32
3626,2024-10-09,103.21
3626,2024-12-31,37.41
3626,2025-01-11,105.08
3626,2025-01-16,35.66
3626,2025-01-18,34.52
3626,2025-02-06,75.2
3626,2025-03-16,48.98
3626,2025-04-30,73.33
3626,2025-05-18,84.81
3626,2025-06-12,48.05
3626,2025-09-13,59.63
3626,2025-09-14,101.29
3626,2025-09-30,34.47
3626,2025-10-12,87.17
3626,2025-10-15,96.99
3626,2025-10-28,52.16
3626,2025-11-01,26.0
3626,2025-11-17,48.1
3626,2025-11-23,61.93
3626,2025-12-04,84.63
3626,2025-12-13,49.05
3627,2024-02-01,9.04
3627,2024-03-03,17.47
3627,2024-03-03,9.24
3627,2024-03-27,23.02
3627,2024-05-07,6.12
3627,2024-06-22,7.9
3627,2024-07-09,15.33
3627,2024-07-16,6.02
3627,2024-08-28,6.99
3627,2024-09-03,7.91
3627,2024-12-23,11.17
3627,2024-12-24,10.8
3627,2025-01-02,18.84
3627,2025-01-07,12.3
3627,2025-02-23,5.7
3627,2025-05-10,4.03
3627,2025-06-28,17.76
3627,2025-07-04,14.68
3627,2025-08-06,11.26
3628,2024-02-04,16.61
3628,2024-02-15,36.27
3628,2024-03-04,24.7
3628,2024-03-13,21.31
3628,2024-03-19,10.9
3628,2024-05-10,34.59
3628,2024-05-15,36.35
3628,2024-05-28,22.04
3628,2024-07-08,16.76
3628,2024-07-21,21.34
3628,2024-10-15,37.29
3628,2024-11-16,28.9
3628,2025-03-22,21.39
3628,2025-03-31,27.07
3628,2025-04-12,20.57
3628,2025-04-14,8.09
3628,2025-05-12,13.73
3628,2025-06-15,37.8
3628,2025-06-16,39.96
3628,2025-07-16,46.45
3628,2025-08-10,26.63
3628,2025-08-25,18.61
3628,2025-09-09,56.95
3628,2025-10-22,19.13
3628,2025-10-26,11.82
3629,2024-04-03,39.48
3630,2024-03-16,30.04
3630,2024-03-27,24.68
3631,2024-04-26,14.8
3631,2024-05-20,42.24
3631,2024-06-09,23.01
3631,2024-06-19,17.03
3631,2024-09-06,26.78
3631,2024-10-09,47.91
3631,2024-10-21,35.24
3631,2024-11-13,28.95
3631,2024-12-10,24.23
3631,2025-01-06,15.26
3631,2025-03-04,26.37
3631,2025-03-09,30.38
3631,2025-03-16,36.95
3631,2025-04-16,50.21
3631,2025-06-04,20.36
3631,2025-08-04,34.08
3631,2025-09-18,14.52
3631,2025-09-29,29.48
3631,2025-10-17,9.17
3631,2025-10-20,23.97
3631,2025-11-08,20.9
3631,2025-12-05,23.03
3631,2025-12-26,25.45
3632,2024-01-22,30.24
3632,2024-02-12,55.99
3632,2024-03-27,39.57
3632,2024-04-25,18.06
3632,2024-12-01,35.81
3632,2024-12-10,37.98
3632,2024-12-29,15.43
3632,2025-06-27,46.36
3632,2025-09-19,19.37
3632,2025-09-24,29.38
3632,2025-10-20,32.8
3632,2025-11-10,29.13
3633,2024-03-16,34.13
3634,2024-05-20,20.73
3634,2024-05-21,21.81
3634,2024-07-04,21.79
3634,2024-07-11,29.23
3634,2024-10-27,14.87
3634,2024-12-07,34.4
3634,2025-04-07,16.93
3634,2025-06-01,34.89
3634,2025-07-12,20.34
3634,2025-08-26,13.08
3634,2025-09-09,17.53
3634,2025-11-08,5.0
3634,2025-12-13,9.62
3634,2025-12-24,47.56
3635,2024-02-19,18.21
3636,2024-01-21,30.29
3637,2024-01-01,26.85
3637,2024-01-07,13.79
3637,2024-01-29,33.44
3638,2024-03-17,25.93
3638,2024-09-17,23.28
3638,2024-10-06,32.67
3638,2024-10-31,24.33
3638,2024-12-01,26.36
3638,2025-07-14,23.5
3639,2024-02-01,44.57
3639,2024-05-01,29.23
3640,2024-03-07,25.99
3640,2024-03-09,18.83
3640,2024-03-24,14.15
3640,2024-06-10,8.74
3640,2024-06-16,31.64
3640,2024-07-07,13.92
3640,2024-07-14,35.53
3640,2024-10-28,32.22
3640,2024-10-29,24.73
3640,2024-11-13,43.77
3640,2024-12-09,11.79
3641,2024-02-08,10.71
3642,2024-02-07,7.7
3642,2024-09-24,6.02
3642,2024-10-19,7.72
3642,2024-11-23,11.67
3642,2025-01-10,12.66
3642,2025-02-01,10.84
3642,2025-05-05,13.12
3642,2025-06-12,19.26
3642,2025-07-19,12.4
3642,2025-08-04,12.36
3642,2025-10-01,5.43
3642,2025-10-22,9.53
3643,2024-01-28,8.05
3643,2024-05-29,5.77
3643,2024-06-13,15.46
3643,2024-07-29,12.14
3643,2024-08-10,4.47
3643,2024-09-04,12.85
3643,2024-09-22,25.52
3643,2024-10-17,4.87
3643,2024-11-02,9.62
3643,2025-02-21,13.94
3643,2025-02-25,12.62
3643,2025-08-01,10.94
3643,2025-08-09,10.35
3643,2025-09-07,8.13
3643,2025-10-28,4.19
3643,2025-10-29,12.97
3644,2024-02-29,38.21
3645,2024-05-17,103.55
3646,2024-05-08,11.43
3646,2024-05-08,26.86
3646,2024-08-31,19.84
3646,2025-01-12,22.23
3646,2025-01-14,8.32
3646,2025-09-06,36.02
3646,2025-10-06,23.45
3646,2025-10-13,18.72
3647,2024-03-08,64.71
3647,2024-05-30,30.61
3647,2024-06-17,25.11
3647,2024-07-22,13.52
3647,2024-08-18,26.61
3647,2024-09-02,57.1
3647,2024-12-26,41.27
3647,2025-02-04,36.56
3647,2025-06-03,25.2
3647,2025-08-07,43.62
3648,2024-03-24,284.59
3648,2024-04-06,344.58
3648,2024-04-23,106.2
3648,2024-05-08,112.23
3648,2024-06-11,301.93
3648,2024-06-16,133.0
3648,2024-07-06,159.56
3648,2024-09-09,55.1
3648,2024-09-17,221.25
3648,2024-11-11,158.65
3648,2025-04-26,207.73
3648,2025-05-30,126.16
3648,2025-10-23,100.86
3648,2025-12-01,226.39
3649,2024-05-15,8.49
3649,2024-05-15,18.94
3649,2024-05-19,8.44
3649,2024-05-26,6.93
3649,2024-06-11,21.2
3649,2024-06-23,14.78
3649,2024-06-25,8.12
3649,2024-07-05,18.13
3649,2024-07-16,10.39
3649,2024-08-02,6.8
3649,2024-08-12,16.38
3649,2024-08-15,8.18
3649,2024-08-15,11.2
3649,2024-09-01,12.03
3649,2024-09-27,25.56
3649,2024-09-30,22.18
3649,2024-10-03,10.01
3649,2024-10-06,20.11
3649,2024-10-10,13.37
3649,2024-10-20,12.63
3649,2024-10-27,6.73
3649,2024-11-08,11.06
3649,2024-11-15,8.58
3649,2024-11-23,28.14
3649,2024-12-07,13.45
3649,2024-12-11,12.83
3649,2024-12-12,21.82
3649,2024-12-15,14.42
3649,2025-02-06,17.32
3649,2025-02-10,8.95
3649,2025-02-16,7.61
3649,2025-02-19,16.39
3649,2025-03-02,11.74
3649,2025-03-11,13.64
3649,2025-03-23,7.88
3649,2025-04-05,13.5
3649,2025-04-10,9.53
3649,2025-04-13,15.2
3649,2025-04-24,11.75
3649,2025-04-26,8.24
3649,2025-04-28,16.91
3649,2025-04-28,6.25
3649,2025-04-30,16.13
3649,2025-05-12,7.28
3649,2025-05-17,10.93
3649,2025-05-26,3.0
3649,2025-05-31,10.89
3649,2025-06-05,15.87
3649,2025-06-09,13.55
3649,2025-06-11,17.35
3649,2025-06-30,10.81
3649,2025-07-06,10.29
3649,2025-07-14,8.88
3649,2025-07-21,14.01
3649,2025-07-28,28.42
3649,2025-08-02,16.46
3649,2025-08-14,13.89
3649,2025-08-15,4.2
3649,2025-08-17,8.89
3649,2025-09-01,11.45
3649,2025-09-01,4.22
3649,2025-10-22,22.13
3649,2025-10-23,5.23
3649,2025-10-27,7.58
3649,2025-11-05,13.95
3649,2025-11-24,7.53
3649,2025-11-29,14.79
3649,2025-12-06,11.51
3649,2025-12-12,17.51
3649,2025-12-17,11.26
3649,2025-12-22,7.03
3650,2024-03-04,13.08
3650,2024-03-12,8.65
3651,2024-02-21,88.3
3651,2024-02-26,60.05
3651,2024-06-02,19.62
3651,2024-07-10,35.4
3651,2024-08-26,48.43
3651,2024-10-10,30.86
3651,2024-10-27,51.83
3651,2024-11-07,60.44
3651,2024-12-22,57.92
3651,2025-02-18,33.62
3652,2024-05-29,39.93
3653,2024-05-13,9.48
3654,2024-03-23,23.0
3654,2024-05-27,49.29
3654,2024-09-27,44.89
3654,2024-10-14,36.73
3654,2024-11-18,57.18
3654,2024-12-12,49.86
3654,2025-03-01,34.68
3654,2025-04-20,22.8
3654,2025-06-06,35.8
3654,2025-09-30,37.78
3654,2025-11-01,84.48
3655,2024-04-28,23.49
3655,2025-12-27,19.41
3656,2024-01-03,39.32
3656,2024-09-19,19.33
3657,2024-01-16,37.42
3658,2024-04-01,20.39
3659,2024-03-14,14.33
3659,2024-03-19,12.41
3660,2024-06-18,9.54
3660,2024-09-20,9.39
3660,2025-06-10,7.08
3661,2024-06-21,23.3
3662,2024-04-01,13.59
3662,2024-05-11,12.81
3662,2024-10-03,21.03
3662,2025-02-10,7.49
3662,2025-11-17,30.09
3662,2025-12-24,14.53
3663,2024-01-28,21.63
3663,2024-02-23,14.02
3663,2024-03-03,17.12
3663,2024-03-13,20.03
3663,2024-03-31,24.61
3663,2024-04-07,21.63
3663,2024-04-08,24.05
3663,2024-04-10,14.98
3663,2024-09-15,27.26
3663,2024-09-21,31.73
3663,2024-10-03,39.27
3663,2024-10-13,25.95
3663,2024-10-21,15.36
3663,2024-10-25,55.77
3663,2024-10-27,50.08
3663,2024-11-12,28.71
3663,2024-12-16,34.51
3663,2025-01-01,42.98
3664,2024-01-09,13.92
3664,2024-01-18,30.55
3664,2025-10-31,48.62
3665,2024-03-24,33.57
3666,2024-05-15,37.55
3666,2024-06-01,27.43
3666,2024-06-03,17.28
3666,2024-08-16,40.33
3666,2024-11-30,43.09
3666,2025-03-19,11.59
3666,2025-05-09,36.27
3666,2025-05-18,26.15
3666,2025-05-31,14.65
3666,2025-06-24,11.59
3666,2025-08-08,27.02
3666,2025-08-13,44.43
3667,2024-05-14,18.48
3667,2024-08-20,19.55
3667,2025-01-31,19.39
3667,2025-02-13,13.0
3667,2025-02-13,22.65
3667,2025-03-04,15.2
3667,2025-04-15,17.19
3667,2025-04-28,29.1
3667,2025-06-20,20.23
3667,2025-07-15,20.14
3667,2025-08-26,18.37
3667,2025-10-25,13.84
3667,2025-11-07,22.37
3668,2024-04-17,20.83
3668,2024-05-04,15.38
3668,2024-05-11,28.28
3668,2024-05-26,12.29
3668,2024-06-02,30.89
3668,2024-06-08,20.78
3668,2024-06-17,22.16
3668,2024-07-05,17.08
3668,2024-07-05,19.75
3668,2024-07-19,37.01
3668,2024-07-20,38.85
3668,2024-08-08,18.65
3668,2024-08-18,20.9
3668,2024-08-22,17.19
3668,2024-08-25,42.66
3668,2024-09-02,40.6
3668,2024-09-13,23.79
3668,2024-09-16,19.03
3668,2024-09-17,31.36
3668,2024-09-19,19.81
3668,2024-09-24,15.54
3668,2024-09-24,23.45
3668,2024-09-27,41.88
3668,2024-10-01,14.99
3668,2024-10-23,50.68
3668,2024-10-29,18.22
3668,2024-11-13,13.28
3669,2024-04-16,34.87
3669,2025-02-08,48.41
3669,2025-09-01,31.03
3670,2024-01-25,30.74
3671,2024-01-07,83.0
3671,2024-01-16,120.62
3671,2024-01-27,111.34
3671,2024-02-08,155.97
3671,2024-02-24,20.27
3671,2024-05-12,194.93
3671,2024-05-27,90.54
3672,2024-04-23,19.43
3672,2024-05-14,15.05
3672,2024-05-18,10.41
3672,2024-05-26,32.87
3673,2024-01-18,90.41
3673,2024-02-07,127.39
3673,2024-03-08,53.92
3673,2024-04-02,108.59
3673,2024-05-16,86.44
3673,2024-06-14,135.23
3673,2024-07-13,109.78
3673,2024-07-25,51.13
3673,2024-10-01,131.91
3673,2024-10-02,115.1
3673,2024-10-18,70.47
3673,2024-10-26,120.14
3673,2024-11-21,119.33
3673,2024-12-09,146.0
3673,2024-12-11,73.49
3673,2025-01-06,91.05
3673,2025-01-29,74.54
3673,2025-04-02,75.91
3674,2024-05-03,24.13
3674,2024-07-11,45.53
3674,2024-10-01,21.93
3674,2025-05-24,42.05
3674,2025-06-27,18.2
3674,2025-07-13,102.64
3674,2025-09-29,31.82
3674,2025-12-21,34.52
3674,2025-12-22,51.92
3675,2024-04-23,27.1
3675,2024-09-09,19.84
3675,2025-02-24,10.77
3675,2025-03-12,9.16
3675,2025-07-03,26.83
3675,2025-11-14,18.24
3676,2024-05-30,91.06
3676,2024-08-24,91.41
3676,2024-09-21,48.61
3677,2024-06-01,17.89
3677,2024-07-16,39.36
3678,2024-03-18,50.35
3678,2024-03-28,44.24
3678,2024-03-31,26.76
3678,2024-04-06,51.47
3678,2024-04-17,45.75
3678,2024-04-19,36.1
3678,2024-05-18,32.07
3678,2024-06-02,41.76
3678,2024-07-01,32.02
3678,2024-08-15,24.88
3678,2024-09-08,24.21
3678,2024-09-15,75.54
3678,2024-09-15,35.13
3678,2024-10-08,28.04
3678,2024-10-10,42.97
3678,2024-11-20,46.25
3678,2024-11-22,34.94
3678,2024-12-24,70.36
3678,2024-12-26,24.5
3678,2024-12-31,25.0
3678,2025-01-09,55.86
3679,2024-03-01,37.02
3680,2024-06-13,12.93
3680,2024-08-05,4.21
3680,2024-09-12,11.05
3680,2025-01-29,2.56
3680,2025-07-05,8.49
3680,2025-11-07,15.49
3681,2024-06-26,13.81
3682,2024-03-30,13.9
3682,2024-04-21,14.73
3683,2024-02-18,72.35
3683,2024-02-18,101.85
3684,2024-05-11,22.1
3684,2024-05-23,36.37
3684,2024-06-08,17.21
3684,2024-07-01,25.33
3684,2024-07-26,17.43
3684,2024-07-28,24.14
3684,2024-09-07,46.66
3684,2024-09-13,22.6
3684,2024-09-25,31.67
3685,2024-02-11,53.77
3685,2024-02-15,24.41
3685,2024-02-25,48.25
3685,2024-02-27,37.0
3685,2024-03-07,35.36
3685,2024-03-09,20.12
3685,2024-03-11,82.39
3685,2024-03-18,34.62
3685,2024-03-22,53.0
3685,2024-03-27,18.0
3685,2024-04-01,29.27
3685,2024-04-24,45.83
3685,2024-04-27,14.28
3685,2024-04-28,57.07
3685,2024-04-28,31.03
3685,2024-06-07,55.48
3685,2024-06-21,62.92
3685,2024-07-02,52.83
3685,2024-07-07,43.09
3685,2024-08-02,44.89
3685,2024-08-02,98.77
3685,2024-09-17,57.69
3686,2024-06-03,12.23
3686,2025-01-13,13.42
3686,2025-04-24,14.87
3687,2024-03-02,67.59
3688,2024-06-22,27.13
3689,2024-03-16,16.44
3689,2024-03-27,16.2
3689,2024-04-13,4.25
3689,2024-04-19,13.59
3689,2024-05-01,8.11
3689,2024-05-06,17.88
3689,2024-06-02,26.64
3689,2024-06-15,14.24
3689,2024-06-22,14.06
3689,2024-06-23,23.08
3689,2024-06-30,6.21
3689,2024-07-04,11.86
3689,2024-08-02,14.37
3689,2024-08-11,14.63
3689,2024-08-19,3.63
3689,2024-08-27,6.09
3689,2024-09-02,11.63
3689,2024-09-12,12.22
3689,2024-09-16,9.11
3689,2024-09-20,11.09
3689,2024-10-25,8.79
3690,2024-05-20,9.79
3690,2024-06-28,7.09
3691,2024-06-15,219.98
3691,2024-10-23,49.85
3691,2024-11-21,52.02
3691,2025-07-06,67.75
3691,2025-10-11,89.86
3692,2024-06-15,127.29
3692,2024-06-24,63.95
3693,2024-01-12,18.35
3693,2024-03-13,19.48
3693,2024-03-17,8.6
3693,2024-03-19,14.63
3693,2024-06-06,12.97
3693,2024-07-27,11.64
3693,2024-08-17,9.02
3693,2024-08-19,10.28
3693,2024-10-01,13.48
3693,2024-11-11,16.7
3693,2024-11-19,20.47
3693,2024-12-24,15.52
3693,2025-04-04,21.74
3693,2025-04-07,12.18
3693,2025-04-29,11.16
3693,2025-05-22,15.82
3693,2025-06-24,24.3
3693,2025-07-03,16.33
3693,2025-08-11,4.69
3693,2025-08-21,14.12
3693,2025-08-29,12.89
3693,2025-09-06,20.72
3693,2025-09-08,12.41
3693,2025-09-29,6.39
3693,2025-10-02,5.18
3693,2025-10-30,25.62
3693,2025-11-09,8.22
3693,2025-11-23,7.73
3693,2025-12-02,17.87
3693,2025-12-14,30.99
3694,2024-02-03,59.82
3695,2024-02-04,27.72
3696,2024-02-23,49.96
3696,2025-03-19,65.16
3697,2024-01-18,41.67
3697,2024-02-01,11.85
3697,2024-03-12,51.96
3697,2024-06-09,20.92
3697,2024-07-01,20.67
3697,2024-07-31,52.65
3697,2024-11-22,32.45
3697,2024-12-06,60.39
3697,2025-01-21,25.0
3697,2025-02-06,26.51
3697,2025-04-02,18.76
3697,2025-04-29,19.08
3697,2025-06-01,19.3
3698,2024-04-03,16.99
3699,2024-05-03,22.67
3699,2024-06-25,30.58
3700,2024-05-14,78.87
3700,2024-05-22,34.37
3700,2024-05-25,39.26
3700,2024-06-04,126.25
3700,2024-06-28,73.03
3700,2024-08-05,48.88
3700,2024-08-09,70.5
3700,2024-08-14,77.45
3700,2024-09-12,53.39
3700,2024-10-28,57.14
3700,2024-11-13,38.87
3700,2024-12-26,46.88
3700,2024-12-26,56.32
3700,2025-01-01,127.74
3700,2025-01-01,53.71
3700,2025-01-08,84.12
3700,2025-02-15,39.27
3700,2025-02-19,110.68
3700,2025-03-02,34.74
3700,2025-03-23,75.5
3700,2025-03-31,60.8
3700,2025-05-03,96.38
3700,2025-05-07,114.9
3700,2025-05-11,36.68
3701,2024-03-07,13.76
3702,2024-03-08,27.5
3703,2024-01-04,13.57
3703,2024-01-30,22.62
3703,2024-02-08,26.77
3703,2024-03-30,33.16
3703,2024-04-23,13.35
3704,2024-05-21,33.55
3704,2024-06-02,27.91
3704,2024-06-07,41.69
3704,2024-06-13,27.38
3704,2024-07-11,30.63
3704,2024-07-13,25.7
3704,2024-07-17,47.82
3704,2024-07-21,54.13
3704,2024-07-22,51.68
3704,2024-08-12,26.25
3704,2024-08-24,44.29
3704,2024-09-10,51.07
3704,2024-09-14,30.61
3704,2024-09-28,53.45
3704,2024-09-29,80.61
3704,2024-10-19,34.22
3704,2024-10-20,77.64
3704,2024-11-01,46.32
3704,2024-11-13,70.66
3704,2024-11-28,23.9
3704,2024-11-29,38.16
3704,2024-12-03,19.52
3704,2024-12-18,36.12
3704,2025-01-01,50.37
3704,2025-02-09,51.75
3704,2025-02-20,35.77
3704,2025-03-08,56.56
3704,2025-04-25,26.35
3704,2025-05-14,56.95
3704,2025-05-14,70.64
3704,2025-06-02,22.07
3704,2025-06-23,18.87
3704,2025-07-01,46.94
3704,2025-07-06,26.72
3704,2025-07-11,45.58
3704,2025-07-30,30.62
3704,2025-08-03,39.06
3704,2025-08-06,37.53
3704,2025-08-11,42.15
3704,2025-08-12,42.18
3704,2025-08-15,56.73
3704,2025-08-26,38.54
3704,2025-09-06,17.73
3704,2025-09-09,46.73
3704,2025-09-10,47.01
3704,2025-09-24,37.05
3704,2025-09-25,45.71
3704,2025-10-11,68.91
3704,2025-10-18,71.41
3704,2025-10-23,81.75
3704,2025-11-21,33.88
3704,2025-11-27,37.76
3704,2025-11-28,19.3
3704,2025-11-29,37.71
3704,2025-12-05,54.76
3704,2025-12-17,33.21
3705,2024-06-16,14.32
3706,2024-01-21,19.3
3706,2024-07-07,51.31
3707,2024-01-26,50.98
3708,2024-04-26,40.97
3709,2024-02-16,13.43
3710,2024-02-03,12.41
3710,2024-02-19,13.57
3710,2024-12-22,20.34
3711,2024-01-04,16.32
3711,2024-03-25,25.99
3711,2024-04-04,23.52
3712,2024-03-29,8.55
3712,2024-04-07,25.42
3713,2024-03-24,10.25
3713,2024-05-09,9.62
3713,2024-08-24,16.43
3713,2024-10-08,9.49
3713,2025-05-21,5.8
3713,2025-06-03,4.06
3713,2025-07-10,9.53
3714,2024-06-26,13.46
3714,2024-07-11,17.57
3715,2024-06-25,44.58
3716,2024-02-16,16.8
3716,2024-06-23,12.58
3716,2024-07-05,13.8
3716,2024-07-29,15.56
3716,2024-12-01,23.28
3716,2025-01-03,13.75
3716,2025-01-09,15.4
3717,2024-05-02,12.66
3718,2024-04-14,32.38
3719,2024-05-11,33.89
3720,2024-06-29,14.08
3721,2024-01-13,15.92
3721,2024-04-23,23.38
3721,2024-05-04,19.32
3721,2024-12-29,28.55
3721,2025-04-20,20.42
3721,2025-05-04,17.48
3721,2025-05-22,17.3
3721,2025-07-10,23.07
3721,2025-09-26,24.81
3722,2024-05-09,12.5
3722,2024-10-18,19.17
3723,2024-05-13,29.09
3724,2024-01-01,29.12
3724,2024-04-06,23.38
3724,2024-05-26,27.12
3724,2025-01-09,30.0
3724,2025-01-29,32.37
3724,2025-08-12,20.67
3724,2025-08-28,14.44
3724,2025-09-11,10.04
3724,2025-11-26,17.44
3725,2024-01-09,108.0
3725,2024-09-25,113.73
3725,2024-10-14,181.21
3726,2024-03-05,37.46
3727,2024-04-02,33.31
3727,2024-05-19,31.26
3727,2024-05-29,67.99
3727,2024-09-17,46.56
3727,2025-05-15,43.73
3727,2025-07-18,39.08
3727,2025-07-30,58.23
3727,2025-09-24,64.71
3728,2024-06-12,41.6
3728,2024-08-13,34.28
3728,2024-12-16,28.85
3729,2024-03-22,9.42
3730,2024-01-07,42.24
3731,2024-03-01,8.4
3731,2024-03-12,43.4
3731,2024-05-08,21.02
3731,2024-05-23,22.33
3731,2024-05-28,36.47
3731,2024-08-04,25.02
3731,2024-10-15,16.2
3731,2024-11-28,6.62
3731,2024-12-05,16.08
3731,2025-01-17,15.04
3731,2025-01-28,19.5
3732,2024-01-31,18.92
3732,2024-05-08,15.22
3732,2024-05-30,24.78
3732,2025-11-11,2.24
3733,2024-03-17,42.69
3733,2024-07-03,31.6
3733,2025-02-05,21.16
3733,2025-02-22,62.08
3734,2024-06-05,102.03
3735,2024-05-12,23.48
3735,2025-03-20,21.25
3735,2025-04-02,17.67
3735,2025-05-21,8.39
3735,2025-07-17,23.25
3735,2025-07-21,31.97
3736,2024-06-18,9.56
3737,2024-02-15,28.25
3738,2024-02-21,17.65
3738,2024-08-18,40.57
3738,2025-05-29,34.83
3738,2025-07-20,11.86
3739,2024-06-27,34.02
3739,2024-07-29,28.75
3739,2024-08-01,18.34
3739,2024-08-19,36.74
3739,2024-08-31,21.47
3739,2024-09-22,24.39
3739,2024-10-10,30.72
3739,2024-10-12,17.46
3739,2024-10-12,24.92
3739,2024-10-12,53.56
3739,2024-11-06,41.67
3739,2025-01-16,28.4
3739,2025-02-04,24.96
3739,2025-02-27,45.94
3739,2025-02-28,54.36
3739,2025-03-08,37.51
3739,2025-03-19,22.54
3739,2025-03-23,37.8
3739,2025-05-12,52.48
3739,2025-05-16,14.94
3739,2025-08-23,64.2
3739,2025-09-05,60.72
3739,2025-10-13,59.92
3739,2025-10-28,41.2
3739,2025-11-10,58.7
3739,2025-11-23,52.43
3739,2025-12-14,14.15
3739,2025-12-15,18.67
3740,2024-01-02,23.51
3740,2024-01-06,27.1
3741,2024-06-21,6.72
3741,2024-07-15,11.85
3741,2025-07-25,7.3
3742,2024-01-04,42.57
3743,2024-06-26,103.47
3744,2024-05-13,42.4
3744,2024-05-21,52.29
3744,2024-07-22,24.68
3744,2024-08-09,89.2
3744,2024-08-31,25.46
3744,2024-09-21,48.6
3744,2024-11-30,66.37
3744,2024-12-17,61.49
3744,2025-03-17,54.81
3744,2025-03-22,65.57
3744,2025-07-19,67.83
3744,2025-10-16,49.8
3744,2025-12-17,74.33
3745,2024-05-26,21.93
3746,2024-03-12,24.48
3746,2025-02-01,15.69
3747,2024-02-29,44.56
3747,2024-03-18,38.55
3747,2024-04-02,44.81
3747,2024-04-06,19.55
3747,2024-05-05,27.24
3747,2024-05-07,68.03
3747,2024-06-18,23.89
3747,2024-07-05,29.68
3747,2024-07-06,20.84
3747,2024-08-20,31.79
3747,2024-09-01,68.45
3747,2024-10-01,35.72
3748,2024-01-19,55.45
3748,2024-03-10,49.59
3748,2024-06-09,63.88
3748,2024-10-25,45.04
3748,2024-12-04,69.28
3749,2024-06-23,10.97
3750,2024-02-15,33.29
3750,2025-07-13,198.36
3751,2024-05-30,28.02
3752,2024-02-23,7.07
3752,2024-02-25,19.41
3752,2024-02-29,19.73
3752,2024-03-04,9.42
3752,2024-03-11,28.63
3752,2024-03-12,15.14
3752,2024-03-14,8.91
3752,2024-03-15,23.67
3752,2024-04-01,17.43
3752,2024-04-17,37.35
3752,2024-04-19,10.86
3752,2024-04-22,57.15
3752,2024-05-09,19.72
3752,2024-05-27,23.7
3752,2024-06-15,27.25
3752,2024-06-17,18.17
3752,2024-06-18,20.42
3752,2024-06-21,17.61
3752,2024-06-29,21.81
3752,2024-07-04,29.17
3752,2024-07-05,14.3
3752,2024-07-30,32.59
3752,2024-07-31,26.53
3752,2024-09-22,20.42
3752,2024-10-08,15.62
3752,2024-10-31,25.8
3752,2024-11-30,12.06
3753,2024-03-05,7.75
3754,2024-06-21,43.1
3754,2024-07-26,46.26
3754,2024-08-12,51.11
3754,2024-10-23,27.2
3754,2024-12-28,30.09
3754,2025-02-25,25.96
3754,2025-05-27,50.29
3754,2025-10-19,14.58
3754,2025-11-12,27.14
3754,2025-12-08,36.22
3755,2024-02-16,13.41
3755,2024-02-25,12.63
3755,2024-03-04,23.72
3755,2024-03-07,18.68
3755,2024-03-28,21.71
3755,2024-04-05,29.62
3755,2024-04-14,35.21
3756,2024-05-30,23.0
3757,2024-02-28,15.56
3757,2024-03-18,28.2
3757,2024-03-30,21.4
3757,2024-08-16,16.75
3757,2024-10-27,25.07
3757,2024-10-31,12.98
3757,2025-01-18,23.91
3757,2025-03-01,28.25
3757,2025-05-17,23.54
3757,2025-07-30,14.41
3757,2025-09-19,20.11
3758,2024-04-10,40.07
3759,2024-06-28,27.39
3759,2024-07-02,14.86
3759,2024-07-02,20.83
3759,2024-07-15,9.92
3759,2024-07-20,17.79
3759,2024-08-19,14.92
3759,2024-09-16,18.84
3759,2024-10-02,18.35
3759,2024-10-13,22.24
3759,2024-11-06,28.2
3759,2024-12-02,20.96
3759,2024-12-04,28.73
3759,2024-12-06,14.83
3759,2024-12-09,9.02
3759,2024-12-26,11.64
3759,2024-12-30,11.41
3759,2025-02-28,10.2
3759,2025-04-06,27.15
3759,2025-05-02,22.64
3759,2025-06-06,13.04
3759,2025-06-30,10.64
3759,2025-07-05,24.97
3759,2025-07-12,35.6
3759,2025-08-14,9.6
3759,2025-09-05,23.85
3759,2025-09-12,19.97
3759,2025-10-14,7.93
3759,2025-10-20,19.82
3759,2025-12-02,18.62
3760,2024-05-08,37.27
3760,2024-06-08,53.68
3760,2024-06-13,30.92
3760,2024-06-26,20.52
3760,2024-07-16,21.95
3760,2024-07-28,20.39
3760,2024-10-03,44.95
3760,2024-10-06,56.91
3760,2024-11-19,55.11
3760,2024-11-23,12.98
3760,2024-12-23,33.95
3760,2024-12-29,36.28
3760,2025-01-09,72.85
3761,2024-03-31,10.19
3762,2024-06-17,73.01
3762,2024-08-12,41.08
3762,2024-10-17,31.42
3762,2024-11-10,48.82
3762,2024-11-13,25.41
3762,2024-11-13,49.72
3762,2024-12-04,29.13
3762,2025-01-21,23.48
3762,2025-02-09,49.91
3762,2025-03-08,58.67
3762,2025-05-03,37.17
3762,2025-05-04,51.8
3762,2025-06-17,71.15
3762,2025-07-23,18.55
3762,2025-12-18,70.74
3762,2025-12-20,55.71
3763,2024-05-24,23.78
3763,2024-07-29,24.8
3763,2024-08-01,37.31
3763,2024-08-17,12.13
3763,2024-08-22,24.19
3763,2024-08-28,38.37
3763,2024-08-31,17.24
3763,2024-09-03,27.94
3763,2024-09-04,24.66
3763,2024-09-17,21.18
3763,2024-10-01,29.82
3763,2024-10-04,25.46
3763,2024-10-21,33.47
3763,2024-11-09,29.91
3763,2024-11-11,19.93
3763,2024-11-30,12.66
3763,2024-12-04,15.04
3763,2024-12-27,21.92
3763,2024-12-27,39.02
3763,2024-12-31,23.57
3763,2025-01-07,22.08
3763,2025-01-09,23.88
3763,2025-01-24,42.2
3763,2025-01-28,17.16
3763,2025-01-31,54.72
3763,2025-02-10,15.55
3763,2025-03-31,20.14
3763,2025-04-21,28.13
3763,2025-04-26,35.12
3763,2025-04-30,20.21
3763,2025-05-01,9.88
3763,2025-05-02,20.3
3763,2025-05-27,23.25
3763,2025-05-28,28.43
3763,2025-05-30,34.42
3763,2025-06-21,20.0
3763,2025-06-21,27.98
3763,2025-07-13,50.06
3763,2025-07-18,14.61
3763,2025-07-19,35.07
3763,2025-07-31,26.39
3763,2025-08-09,21.71
3763,2025-08-17,34.13
3763,2025-08-18,16.73
3763,2025-08-25,22.41
3763,2025-08-26,26.15
3763,2025-08-31,16.42
3763,2025-10-11,35.17
3763,2025-11-08,13.45
3763,2025-11-14,32.45
3764,2024-04-08,77.03
3764,2024-04-15,55.58
3764,2024-05-06,54.86
3765,2024-04-01,41.68
3766,2024-03-23,59.67
3766,2024-04-07,63.67
3767,2024-05-28,25.69
3768,2024-02-11,54.27
3769,2024-06-11,58.16
3770,2024-01-20,62.32
3771,2024-02-17,11.25
3771,2024-04-01,16.06
3771,2024-05-29,11.35
3771,2024-08-07,10.17
3771,2024-08-18,13.18
3771,2024-09-01,6.48
3771,2024-09-15,4.57
3771,2024-09-17,8.28
3771,2024-12-16,13.47
3771,2025-01-14,18.47
3771,2025-03-04,5.44
3771,2025-04-14,13.9
3771,2025-05-16,9.88
3771,2025-08-29,16.73
3771,2025-08-30,13.09
3771,2025-10-27,11.0
3771,2025-11-22,12.94
3772,2024-01-12,51.11
3772,2024-01-12,79.44
3772,2024-01-16,77.79
3772,2024-02-09,69.91
3773,2024-01-07,22.89
3773,2024-01-13,17.49
3773,2024-01-14,28.49
3773,2024-01-30,16.79
3773,2024-03-20,37.28
3773,2024-03-20,38.42
3773,2024-04-08,9.02
3773,2024-04-19,22.56
3773,2024-05-10,14.78
3773,2024-05-16,28.08
3773,2024-05-26,62.56
3773,2024-05-28,28.15
3773,2024-06-13,18.92
3773,2024-07-05,67.04
3773,2024-07-08,24.84
3773,2024-07-14,39.99
3773,2024-09-29,48.77
3773,2024-10-06,28.49
3773,2024-11-07,55.57
3773,2024-11-27,34.23
3773,2024-12-23,63.3
3773,2025-01-06,27.51
3773,2025-01-15,14.59
3773,2025-01-26,28.17
3773,2025-04-03,21.3
3773,2025-05-19,66.82
3773,2025-06-11,24.76
3773,2025-06-12,43.83
3773,2025-06-25,15.24
3773,2025-07-02,20.63
3773,2025-07-06,54.31
3773,2025-07-11,17.77
3773,2025-07-15,17.91
3773,2025-07-27,22.75
3773,2025-08-08,33.57
3773,2025-10-09,18.28
3773,2025-10-11,33.76
3773,2025-10-23,17.41
3773,2025-11-25,33.6
3773,2025-12-16,43.45
3774,2024-04-10,32.66
3774,2024-05-28,22.82
3774,2024-06-17,32.17
3774,2024-07-24,19.11
3774,2024-08-26,19.48
3774,2024-12-05,41.03
3775,2024-01-24,31.5
3775,2024-04-26,15.71
3775,2024-05-19,43.92
3775,2024-06-05,38.29
3775,2024-10-27,17.2
3775,2025-08-03,25.52
3775,2025-08-28,29.47
3776,2024-05-16,18.02
3777,2024-02-15,52.12
3778,2024-04-03,27.57
3779,2024-02-19,19.55
3779,2024-02-29,5.96
3779,2024-04-09,7.47
3779,2024-05-01,24.75
3779,2024-06-07,30.9
3779,2024-07-05,6.38
3779,2024-10-01,18.46
3779,2024-10-10,11.5
3779,2024-12-18,24.49
3779,2025-02-05,16.99
3779,2025-03-12,9.26
3779,2025-04-19,17.06
3779,2025-06-14,23.19
3779,2025-06-22,26.71
3779,2025-07-11,21.98
3779,2025-07-19,18.08
3779,2025-08-29,12.87
3779,2025-11-16,24.91
3780,2024-04-26,12.97
3780,2024-05-03,27.01
3780,2024-05-23,16.88
3781,2024-01-10,31.65
3781,2024-03-02,17.94
3781,2024-07-11,10.39
3782,2024-05-30,38.5
3782,2025-03-30,12.17
3783,2024-06-18,22.76
3783,2024-07-07,22.4
3783,2024-07-21,24.76
3783,2024-07-24,20.52
3783,2024-08-20,28.99
3784,2024-05-04,52.46
3784,2024-05-31,88.37
3784,2024-07-12,43.48
3784,2025-01-09,16.17
3784,2025-01-30,94.48
3784,2025-02-12,72.05
3784,2025-08-20,41.42
3784,2025-10-18,119.64
3785,2024-05-13,13.36
3785,2024-07-02,26.26
3786,2024-06-18,14.37
3786,2024-07-10,20.35
3786,2024-08-07,17.49
3786,2024-09-30,12.9
3786,2024-11-28,13.22
3786,2024-12-01,18.92
3786,2024-12-10,22.34
3786,2024-12-14,28.89
3786,2024-12-23,36.83
3786,2024-12-28,19.77
3786,2025-02-13,16.71
3786,2025-03-20,8.72
3786,2025-03-29,9.55
3786,2025-05-22,32.02
3786,2025-08-12,23.64
3786,2025-08-15,23.08
3786,2025-10-20,13.89
3786,2025-10-24,8.19
3787,2024-03-24,17.33
3787,2024-05-16,18.98
3787,2024-05-28,10.23
3787,2024-06-04,12.27
3787,2024-09-14,26.22
3787,2024-09-16,10.78
3787,2024-11-21,11.78
3788,2024-04-11,22.4
3788,2024-09-03,44.6
3788,2024-10-03,44.17
3788,2024-12-20,22.02
3788,2025-01-05,29.28
3788,2025-02-03,17.37
3788,2025-03-05,39.91
3788,2025-05-07,23.61
3789,2024-01-17,10.82
3789,2024-03-27,17.11
3789,2024-05-07,15.55
3790,2024-04-05,25.7
3790,2024-04-07,24.11
3790,2024-05-23,40.13
3791,2024-03-06,23.46
3791,2024-04-01,19.39
3791,2024-04-11,12.38
3791,2024-04-17,36.87
3791,2024-04-28,22.05
3791,2024-05-11,26.22
3792,2024-01-20,13.01
3792,2025-08-04,11.79
3792,2025-09-27,21.09
3793,2024-06-02,30.5
3794,2024-05-10,58.31
3794,2024-05-19,85.34
3795,2024-01-18,19.19
3795,2024-06-16,33.69
3796,2024-06-29,30.12
3797,2024-02-24,12.21
3797,2024-04-24,30.69
3797,2024-04-30,21.95
3797,2024-05-08,34.81
3797,2024-08-29,50.32
3797,2024-10-13,17.72
3797,2024-11-02,26.44
3797,2024-11-25,15.35
3797,2025-01-23,16.91
3798,2024-02-05,10.94
3798,2024-02-27,15.46
3799,2024-02-13,39.61
3799,2024-02-28,85.57
3799,2024-02-28,71.74
3799,2024-03-08,54.59
3800,2024-02-06,29.98
3800,2024-02-15,20.02
3801,2024-06-10,41.39
3801,2024-08-22,52.76
3801,2024-12-12,54.77
3801,2025-01-31,58.6
3801,2025-04-05,29.88
3801,2025-06-14,62.39
3801,2025-06-24,84.74
3802,2024-03-27,33.45
3802,2024-09-06,59.3
3802,2025-03-12,10.11
3802,2025-07-02,39.95
3802,2025-08-15,18.69
3802,2025-11-16,40.84
3802,2025-12-17,27.49
3803,2024-04-09,19.54
3803,2024-04-22,24.69
3803,2024-07-04,29.84
3803,2024-07-09,19.94
3803,2024-11-02,16.99
3803,2025-01-04,25.66
3803,2025-02-02,13.01
3803,2025-03-08,33.45
3803,2025-03-10,20.39
3803,2025-03-25,9.54
3803,2025-04-05,23.32
3803,2025-04-16,24.61
3803,2025-05-15,51.25
3803,2025-05-17,20.65
3803,2025-05-31,22.66
3803,2025-07-05,31.35
3803,2025-12-05,28.5
3803,2025-12-19,24.89
3804,2024-06-08,38.43
3804,2024-06-19,29.02
3805,2024-05-22,41.21
3806,2024-06-16,71.56
3807,2024-02-24,31.88
3807,2024-03-08,12.77
3807,2024-06-25,14.36
3807,2024-08-03,15.16
3807,2024-08-07,26.77
3807,2024-09-22,12.13
3807,2024-11-12,22.45
3807,2024-11-24,28.3
3807,2024-11-25,12.55
3807,2024-12-21,8.94
3807,2024-12-23,19.96
3807,2025-02-28,13.29
3807,2025-06-11,11.7
3807,2025-06-30,9.2
3807,2025-07-10,9.38
3807,2025-07-12,20.14
3807,2025-08-13,7.96
3807,2025-08-31,5.98
3808,2024-06-02,35.83
3808,2024-08-07,28.92
3809,2024-03-31,10.23
3809,2024-04-14,16.21
3809,2024-04-21,17.9
3809,2024-07-31,17.31
3809,2024-08-12,11.87
3809,2024-10-08,13.66
3809,2024-12-27,25.57
3809,2025-02-20,17.07
3809,2025-03-15,16.82
3809,2025-07-25,9.93
3809,2025-09-09,5.05
3809,2025-09-12,14.7
3809,2025-10-18,15.04
3809,2025-11-21,31.69
3810,2024-01-10,75.66
3810,2024-01-24,38.58
3810,2024-03-20,41.57
3810,2024-04-09,35.32
3810,2024-10-12,41.16
3810,2025-01-22,31.72
3810,2025-01-25,23.64
3810,2025-03-17,25.16
3810,2025-04-06,18.61
3810,2025-07-10,38.15
3810,2025-07-16,22.1
3810,2025-07-30,9.17
3810,2025-11-14,7.25
3810,2025-12-06,38.46
3811,2024-02-15,34.69
3812,2024-03-26,10.24
3812,2024-05-04,15.55
3812,2024-05-04,10.44
3812,2024-06-16,10.59
3812,2024-07-01,15.81
3812,2024-08-12,14.91
3812,2024-08-18,20.0
3812,2024-09-18,25.09
3812,2024-11-03,13.66
3812,2024-11-13,28.64
3812,2024-12-10,17.09
3812,2024-12-25,14.68
3812,2025-01-31,14.86
3812,2025-03-22,23.88
3812,2025-04-23,15.45
3812,2025-04-25,23.42
3812,2025-04-26,14.81
3812,2025-05-12,10.65
3812,2025-05-22,6.38
3812,2025-05-26,16.74
3812,2025-06-15,24.59
3812,2025-07-19,33.03
3812,2025-08-02,7.96
3812,2025-08-06,13.18
3812,2025-09-26,13.07
3813,2024-06-12,7.38
3814,2024-02-09,121.1
3814,2024-03-02,107.94
3814,2024-04-24,169.89
3814,2024-05-19,33.31
3814,2024-06-15,128.26
3814,2024-06-21,93.32
3814,2024-06-27,51.99
3814,2024-08-06,47.12
3814,2024-08-22,83.67
3815,2024-02-02,84.17
3815,2024-04-14,49.27
3815,2024-05-19,98.97
3815,2024-05-20,93.6
3815,2024-08-08,90.19
3815,2024-11-15,149.95
3815,2025-02-14,81.11
3815,2025-11-05,97.87
3816,2024-06-17,22.51
3816,2024-08-24,43.86
3816,2024-11-15,26.62
3816,2025-10-16,46.96
3816,2025-10-20,22.31
3817,2024-06-03,17.17
3817,2024-06-18,13.63
3817,2024-07-10,27.95
3817,2024-07-13,20.69
3817,2024-07-13,20.09
3817,2024-07-16,33.08
3817,2024-08-14,26.18
3817,2024-08-15,31.03
3817,2024-09-03,22.12
3817,2024-10-06,37.27
3817,2024-10-07,12.96
3817,2024-10-27,28.76
3817,2024-11-22,22.34
3817,2024-11-26,12.34
3817,2024-11-29,60.61
3817,2024-12-04,23.93
3817,2024-12-06,9.67
3817,2024-12-19,17.75
3818,2024-04-04,10.67
3819,2024-03-05,20.28
3819,2024-04-21,11.33
3819,2024-07-11,27.4
3819,2024-07-15,15.51
3820,2024-01-30,18.87
3820,2024-02-02,19.32
3820,2024-02-20,41.21
3820,2024-02-21,34.0
3820,2024-02-21,17.77
3820,2024-03-02,30.68
3821,2024-03-18,11.77
3821,2024-05-20,12.85
3821,2024-06-06,12.23
3822,2024-05-31,17.13
3822,2024-07-21,6.22
3823,2024-06-13,27.33
3824,2024-04-08,38.53
3824,2024-04-11,94.82
3824,2024-04-13,61.4
3824,2024-05-15,85.91
3824,2024-05-24,58.14
3824,2024-06-13,141.33
3824,2024-07-02,61.21
3824,2024-07-27,103.08
3824,2024-09-03,90.79
3824,2024-09-16,95.07
3824,2024-09-19,67.29
3824,2024-10-07,121.11
3824,2024-10-15,92.74
3824,2024-10-15,96.67
3824,2024-10-27,25.27
3824,2024-11-01,75.11
3824,2024-11-06,50.48
3824,2024-11-08,117.96
3824,2024-11-21,68.0
3824,2024-12-08,41.48
3824,2024-12-20,45.03
3824,2024-12-29,39.11
3824,2025-01-17,58.52
3824,2025-03-03,67.89
3824,2025-04-04,76.33
3824,2025-05-01,111.98
3824,2025-05-04,107.65
3824,2025-05-20,67.99
3824,2025-05-21,71.62
3824,2025-05-28,35.12
3824,2025-07-16,84.01
3824,2025-07-19,51.15
3824,2025-07-19,62.89
3824,2025-08-12,74.32
3824,2025-08-17,131.31
3824,2025-08-30,63.34
3824,2025-09-12,62.92
3824,2025-09-25,60.3
3824,2025-10-06,81.79
3824,2025-10-12,50.26
3824,2025-11-10,78.83
3824,2025-12-06,68.6
3824,2025-12-11,109.01
3824,2025-12-23,132.91
3825,2024-05-21,17.74
3825,2024-06-09,18.98
3825,2024-07-20,27.71
3825,2024-07-22,20.62
3825,2024-07-24,7.63
3825,2024-07-27,28.66
3825,2024-08-01,6.47
3825,2024-08-06,16.27
3825,2024-08-09,12.06
3825,2024-08-16,10.9
3825,2024-08-28,16.83
3825,2024-08-28,16.16
3825,2024-09-07,10.04
3825,2024-09-11,27.6
3825,2024-10-02,21.1
3825,2024-10-15,25.4
3825,2024-11-04,16.63
3825,2024-11-11,15.54
3825,2025-01-07,11.72
3825,2025-02-04,23.21
3825,2025-02-10,17.95
3825,2025-02-11,23.12
3825,2025-02-25,9.32
3825,2025-03-31,27.15
3825,2025-04-01,13.7
3825,2025-04-10,25.92
3825,2025-04-26,17.61
3826,2024-05-28,61.97
3826,2025-02-01,59.34
3827,2024-05-23,6.38
3827,2024-05-23,9.6
3827,2024-08-28,19.32
3827,2024-10-17,5.6
3827,2024-11-20,37.06
3827,2025-01-04,20.89
3827,2025-01-11,14.9
3827,2025-03-13,16.19
3827,2025-05-25,10.4
3827,2025-08-22,19.88
3827,2025-09-30,15.13
3827,2025-10-02,18.49
3827,2025-10-07,36.73
3828,2024-05-17,19.24
3828,2025-01-11,22.07
3828,2025-01-20,28.59
3828,2025-01-24,31.07
3829,2024-04-07,31.86
3830,2024-01-02,132.48
3830,2024-01-06,22.14
3830,2024-10-30,22.83
3830,2025-03-30,102.74
3830,2025-04-01,23.2
3830,2025-04-26,54.34
3830,2025-09-28,43.47
3831,2024-03-16,70.47
3831,2024-03-21,79.53
3831,2024-03-21,68.12
3831,2024-03-31,58.79
3831,2024-04-04,39.32
3831,2024-05-23,83.45
3831,2024-05-31,33.34
3831,2024-06-23,99.7
3831,2024-07-15,64.12
3831,2024-10-25,86.21
3831,2024-12-10,45.25
3831,2025-03-20,50.75
3832,2024-04-11,39.5
3832,2024-06-25,25.58
3833,2024-02-05,19.66
3834,2024-02-28,29.91
3835,2024-06-16,9.11
3835,2025-01-24,6.36
3835,2025-04-02,29.91
3835,2025-06-16,16.31
3835,2025-06-25,27.38
3835,2025-07-06,20.4
3836,2024-02-02,32.83
3837,2024-04-29,26.14
3837,2024-05-24,26.95
3837,2024-06-25,41.0
3837,2025-03-25,16.23
3837,2025-07-31,63.17
3837,2025-12-11,39.24
3838,2024-02-12,39.18
3839,2024-04-22,15.77
3840,2024-05-19,5.64
3840,2024-06-25,7.87
3840,2024-07-18,13.58
3840,2024-07-31,29.96
3840,2024-09-27,14.69
3841,2024-06-19,12.37
3841,2024-07-22,9.06
3841,2024-08-17,9.91
3841,2024-09-13,8.78
3842,2024-06-17,41.92
3843,2024-06-14,26.6
3843,2024-06-22,40.95
3843,2024-07-04,45.94
3843,2024-07-13,29.54
3843,2024-09-01,63.86
3844,2024-06-18,9.21
3844,2024-07-10,28.13
3844,2024-10-28,15.39
3844,2024-11-13,20.09
3844,2025-04-02,8.39
3844,2025-05-28,10.69
3844,2025-09-14,10.5
3844,2025-10-09,20.85
3845,2024-03-20,43.76
3845,2024-03-20,39.68
3845,2024-04-12,21.74
3846,2024-05-20,17.68
3846,2024-06-08,12.49
3847,2024-05-23,13.01
3847,2024-06-10,6.54
3847,2024-08-29,19.4
3847,2024-11-13,11.33
3847,2024-11-23,14.55
3847,2024-12-08,8.16
3847,2025-02-16,12.87
3847,2025-02-25,15.08
3847,2025-03-22,15.73
3847,2025-06-23,12.0
3847,2025-08-24,16.02
3847,2025-09-25,12.08
3847,2025-11-11,8.45
3847,2025-11-22,7.79
3847,2025-11-29,15.23
3847,2025-12-07,7.29
3847,2025-12-07,16.81
3848,2024-04-27,12.48
3848,2024-04-27,9.99
3848,2024-06-13,23.85
3848,2024-07-19,19.27
3848,2024-08-19,13.38
3848,2024-09-14,23.11
3848,2024-11-30,20.22
3848,2025-07-16,29.0
3849,2024-04-24,20.04
3849,2024-06-11,13.99
3850,2024-01-07,25.68
3850,2024-01-08,15.88
3850,2024-01-30,38.54
3850,2024-05-15,38.97
3850,2024-07-20,34.34
3850,2024-12-01,15.12
3850,2025-04-04,11.64
3850,2025-08-03,40.68
3850,2025-08-24,33.09
3850,2025-09-17,37.69
3851,2024-01-10,23.13
3852,2024-04-03,9.83
3853,2024-03-08,9.74
3853,2025-05-20,3.85
3853,2025-06-20,8.03
3853,2025-06-26,11.95
3853,2025-06-27,10.5
3853,2025-10-16,13.87
3853,2025-11-06,10.94
3854,2024-03-18,60.58
3854,2024-04-15,45.19
3854,2024-08-20,66.12
3854,2025-01-26,120.86
3854,2025-03-13,146.33
3854,2025-04-08,50.94
3854,2025-05-12,59.41
3854,2025-07-17,78.97
3854,2025-11-10,91.79
3854,2025-12-23,92.02
3855,2024-05-18,24.32
3855,2024-05-20,43.78
3855,2024-05-25,28.94
3855,2024-06-02,42.02
3855,2024-06-03,27.8
3855,2024-07-03,38.93
3855,2024-07-10,12.38
3855,2024-07-28,13.22
3855,2024-08-21,40.54
3855,2024-08-26,36.86
3855,2024-08-27,20.92
3855,2024-09-21,35.48
3855,2024-09-25,67.7
3855,2024-09-26,34.22
3855,2024-10-10,24.84
3856,2024-05-10,10.36
3856,2024-05-19,28.67
3856,2024-06-01,71.88
3856,2024-06-23,30.84
3856,2024-07-17,75.53
3856,2024-11-22,30.12
3856,2024-12-16,23.54
3856,2025-02-19,43.39
3856,2025-02-25,92.63
3856,2025-03-02,85.82
3856,2025-03-25,54.97
3857,2024-05-24,60.93
3857,2024-05-30,54.68
3857,2024-07-19,39.6
3857,2024-07-29,36.26
3857,2024-09-23,26.0
3857,2024-10-09,26.55
3857,2024-11-29,54.6
3858,2024-03-29,6.19
3858,2024-04-04,30.45
3858,2024-05-01,10.41
3858,2024-05-11,15.21
3858,2024-05-23,15.96
3858,2024-06-16,31.11
3858,2024-07-08,24.19
3858,2024-07-09,23.55
3858,2024-07-16,11.44
3858,2024-08-17,17.58
3858,2024-08-20,32.83
3858,2024-10-31,11.32
3858,2024-11-29,33.52
3859,2024-01-14,45.4
3859,2024-02-05,31.25
3859,2024-03-13,52.12
3859,2024-06-07,60.78
3859,2024-07-11,17.03
3859,2024-07-23,24.09
3859,2024-08-10,64.37
3859,2024-09-29,41.83
3859,2024-11-23,57.1
3859,2025-02-17,79.37
3859,2025-02-28,16.13
3859,2025-04-16,53.49
3859,2025-05-21,85.6
3859,2025-06-15,106.83
3859,2025-07-26,67.98
3859,2025-08-13,26.66
3859,2025-09-09,31.58
3859,2025-09-26,48.76
3859,2025-11-09,39.28
3859,2025-12-04,22.07
3859,2025-12-07,31.92
3860,2024-01-27,48.42
3860,2024-02-15,66.91
3860,2024-02-21,80.93
3860,2024-03-06,45.16
3860,2024-03-12,98.11
3860,2024-03-19,49.39
3860,2024-03-24,64.8
3860,2024-04-09,31.96
3860,2024-04-16,91.35
3860,2024-05-01,40.78
3860,2024-05-05,40.58
3860,2024-05-28,28.38
3860,2024-06-16,88.08
3860,2024-07-08,22.65
3860,2024-07-15,62.7
3860,2024-07-15,24.23
3860,2024-08-01,27.08
3860,2024-08-05,38.55
3860,2024-08-11,103.48
3860,2024-08-16,34.6
3860,2024-09-06,49.8
3860,2024-09-10,42.86
3860,2024-09-12,17.29
3860,2024-10-04,16.39
3860,2024-10-12,49.3
3860,2024-10-25,68.49
3860,2024-10-30,41.57
3860,2024-12-22,39.58
3860,2024-12-29,39.3
3860,2024-12-31,17.0
3860,2025-01-02,39.05
3860,2025-01-19,77.72
3860,2025-01-19,22.96
3860,2025-01-29,108.24
3860,2025-02-22,65.93
3860,2025-03-12,39.61
3860,2025-03-30,50.0
3860,2025-04-30,35.18
3860,2025-05-10,70.28
3860,2025-05-20,44.62
3860,2025-06-06,99.27
3860,2025-06-07,44.85
3860,2025-06-12,35.95
3860,2025-06-15,15.59
3860,2025-06-29,13.31
3860,2025-07-19,18.69
3860,2025-07-20,35.6
3860,2025-07-21,45.34
3860,2025-07-23,46.62
3860,2025-08-07,53.31
3860,2025-09-01,36.49
3860,2025-09-06,30.01
3860,2025-09-28,25.01
3860,2025-09-30,16.98
3860,2025-11-06,23.12
3860,2025-11-23,53.9
3860,2025-11-26,35.75
3860,2025-11-28,32.7
3860,2025-12-01,46.58
3861,2024-05-17,15.73
3861,2024-05-19,21.4
3861,2024-05-20,12.28
3861,2024-05-21,5.12
3861,2024-06-07,21.95
3861,2024-06-19,11.84
3861,2024-06-28,17.58
3861,2024-07-20,15.03
3861,2024-07-26,21.26
3861,2024-08-01,14.6
3861,2024-08-04,16.43
3861,2024-08-15,41.33
3861,2024-08-21,21.11
3861,2024-09-05,18.09
3861,2024-09-14,23.9
3861,2024-10-01,11.21
3861,2024-10-07,18.69
3861,2024-11-03,32.03
3861,2024-11-09,12.66
3861,2024-11-16,25.24
3861,2024-11-18,17.98
3861,2024-11-22,21.65
3861,2024-12-10,30.14
3861,2025-01-22,11.46
3861,2025-01-29,21.06
3861,2025-02-08,16.5
3861,2025-02-28,25.87
3861,2025-03-17,9.77
3861,2025-03-23,25.71
3861,2025-03-26,14.19
3861,2025-04-25,33.57
3861,2025-05-09,23.48
3861,2025-05-10,11.33
3861,2025-06-01,31.31
3861,2025-06-11,23.64
3861,2025-06-15,9.35
3861,2025-07-14,15.22
3861,2025-07-24,11.87
3861,2025-08-02,18.13
3861,2025-08-03,35.84
3861,2025-09-08,17.31
3861,2025-09-20,16.5
3861,2025-10-11,16.62
3861,2025-10-12,29.64
3861,2025-10-17,14.28
3861,2025-10-19,30.3
3861,2025-12-10,29.06
3862,2024-04-17,15.21
3863,2024-03-08,20.92
3864,2024-01-14,24.28
3864,2024-02-04,32.92
3864,2024-05-13,11.21
3864,2024-05-25,40.94
3864,2024-05-27,38.91
3864,2024-08-22,30.58
3865,2024-06-23,23.28
3865,2024-09-04,15.84
3865,2024-11-17,12.72
3865,2025-03-23,13.48
3865,2025-04-01,15.88
3865,2025-08-18,17.64
3865,2025-10-03,18.4
3865,2025-12-16,16.06
3866,2024-02-03,14.67
3866,2024-07-10,13.65
3866,2025-05-03,18.28
3866,2025-05-09,11.19
3866,2025-08-04,9.03
3866,2025-09-25,8.88
3867,2024-02-23,14.91
3868,2024-02-20,52.09
3868,2024-05-24,29.38
3868,2024-07-16,27.24
3868,2025-10-20,53.12
3868,2025-11-22,50.55
3868,2025-11-23,52.25
3869,2024-02-12,30.14
3869,2024-04-16,26.8
3869,2024-08-25,39.9
3869,2024-12-21,23.21
3869,2025-03-12,26.88
3869,2025-04-21,11.36
3869,2025-04-26,40.35
3869,2025-06-21,34.75
3869,2025-07-02,18.8
3869,2025-07-10,22.9
3869,2025-07-13,33.25
3869,2025-08-20,52.04
3869,2025-10-11,12.71
3869,2025-10-24,18.32
3869,2025-11-08,56.68
3869,2025-11-09,11.43
3869,2025-12-21,34.26
3870,2024-06-19,36.17
3871,2024-02-22,35.56
3872,2024-01-08,31.32
3872,2024-04-14,14.89
3873,2024-01-29,40.3
3873,2024-05-27,32.54
3874,2024-06-28,28.29
3874,2024-07-16,25.67
3875,2024-03-31,15.14
3876,2024-06-02,19.66
3877,2024-02-22,35.24
3877,2024-03-03,18.24
3878,2024-06-18,39.7
3879,2024-06-12,8.52
3879,2024-08-24,11.72
3880,2024-05-13,94.08
3881,2024-06-24,18.3
3881,2024-07-16,18.36
3881,2024-08-10,19.1
3882,2024-03-28,22.03
3883,2024-06-13,10.1
3883,2024-09-30,15.84
3884,2024-05-24,13.93
3884,2024-05-27,4.1
3884,2024-06-09,7.91
3884,2024-09-11,13.37
3884,2024-09-16,14.23
3885,2024-06-18,95.06
3886,2024-06-30,29.45
3886,2025-05-26,54.8
3886,2025-09-24,23.09
3886,2025-10-29,49.19
3887,2024-04-27,23.75
3887,2024-06-01,24.59
3887,2024-06-01,19.45
3887,2024-07-13,17.33
3887,2024-07-31,15.65
3887,2024-08-26,22.28
3887,2024-12-06,22.09
3887,2025-01-17,19.45
3887,2025-02-09,11.05
3887,2025-03-30,19.6
3887,2025-08-01,9.6
3887,2025-11-05,33.06
3887,2025-11-24,33.29
3887,2025-11-28,19.31
3887,2025-12-10,20.85
3888,2024-05-19,7.87
3888,2025-03-01,23.3
3889,2024-01-23,32.46
3889,2024-04-08,40.79
3889,2024-07-20,41.55
3889,2024-08-09,55.53
3890,2024-01-06,24.02
3891,2024-05-10,14.88
3892,2024-03-20,16.51
3892,2024-03-23,7.78
3892,2024-05-04,25.44
3892,2024-06-04,9.48
3892,2024-07-05,15.01
3892,2024-07-11,11.36
3892,2024-07-25,20.58
3892,2024-08-26,9.64
3892,2024-11-13,14.21
3892,2024-12-27,16.12
3892,2025-01-02,12.84
3892,2025-02-23,11.8
3892,2025-03-05,30.68
3892,2025-05-04,19.22
3892,2025-05-05,21.82
3892,2025-06-26,30.25
3892,2025-08-16,15.3
3892,2025-09-07,19.32
3892,2025-10-07,16.37
3892,2025-10-10,23.21
3892,2025-10-23,16.86
3892,2025-11-16,19.43
3893,2024-05-08,20.41
3894,2024-06-16,32.47
3894,2024-09-26,38.62
3895,2024-01-12,11.5
3896,2024-03-02,25.47
3896,2024-03-16,119.01
3896,2024-08-06,39.83
3896,2024-08-21,44.3
3896,2024-09-06,22.18
3896,2024-09-17,48.72
3896,2024-10-06,27.67
3896,2024-10-15,49.22
3896,2024-12-02,68.22
3896,2024-12-31,73.03
3896,2025-01-20,41.28
3896,2025-02-06,69.92
3896,2025-02-08,40.99
3896,2025-03-15,50.97
3896,2025-04-05,28.02
3896,2025-04-09,37.55
3896,2025-04-20,64.4
3896,2025-05-02,38.48
3896,2025-05-28,70.99
3896,2025-05-29,47.56
3896,2025-06-19,53.14
3896,2025-06-22,60.18
3896,2025-07-16,83.04
3896,2025-08-21,53.85
3896,2025-08-25,51.76
3896,2025-10-21,73.29
3896,2025-11-25,32.49
3896,2025-12-14,53.66
3897,2024-02-25,43.32
3897,2024-09-11,76.65
3897,2024-09-25,67.69
3897,2024-12-07,35.76
3897,2025-03-03,95.61
3897,2025-03-15,45.2
3897,2025-05-04,55.35
3897,2025-06-06,69.1
3897,2025-06-11,34.4
3897,2025-10-30,134.63
3897,2025-12-09,40.11
3898,2024-01-10,16.12
3898,2024-11-29,27.56
3898,2025-03-02,6.05
3899,2024-01-24,32.57
3900,2024-04-14,16.69
3901,2024-02-04,46.97
3902,2024-01-01,54.55
3902,2024-01-14,74.6
3902,2024-01-24,25.1
3902,2024-02-27,125.05
3902,2024-04-02,35.34
3902,2024-04-20,72.41
3902,2024-06-25,22.83
3902,2024-07-11,71.15
3902,2024-09-05,33.45
3902,2024-09-14,28.67
3902,2024-09-19,47.98
3902,2024-10-01,67.28
3902,2024-10-05,31.4
3902,2024-10-07,50.43
3902,2024-12-14,73.75
3902,2024-12-26,44.38
3902,2025-01-01,48.09
3902,2025-03-01,94.82
3902,2025-04-28,78.82
3902,2025-09-20,44.49
3902,2025-10-20,36.21
3902,2025-12-23,46.27
3903,2024-04-02,28.41
3903,2024-04-11,28.22
3904,2024-03-24,9.39
3904,2024-04-21,12.4
3904,2024-12-01,8.8
3904,2025-04-13,4.66
3905,2024-06-07,20.4
3905,2024-06-16,21.47
3905,2024-07-08,29.4
3905,2024-07-20,43.17
3905,2024-08-20,27.17
3905,2024-09-18,29.83
3905,2024-10-21,25.07
3906,2024-02-15,153.7
3906,2024-04-15,72.29
3906,2024-06-11,102.74
3906,2025-02-21,118.21
3906,2025-04-11,202.49
3906,2025-04-17,168.58
3906,2025-05-14,104.68
3906,2025-07-26,36.45
3906,2025-09-19,101.64
3906,2025-10-19,108.59
3906,2025-11-12,98.16
3907,2024-06-20,12.2
3907,2024-10-29,3.96
3907,2025-02-04,3.9
3908,2024-04-16,56.0
3909,2024-05-04,73.99
3909,2024-09-23,19.7
3909,2024-11-10,47.26
3910,2024-02-25,6.66
3910,2024-05-21,16.54
3910,2024-05-29,10.45
3910,2024-06-20,10.89
3910,2024-07-29,13.83
3910,2024-08-19,11.01
3910,2025-01-30,15.92
3910,2025-04-11,14.95
3910,2025-04-23,13.47
3910,2025-07-14,5.48
3910,2025-07-25,15.57
3910,2025-09-06,9.44
3910,2025-09-16,12.33
3910,2025-10-17,14.92
3910,2025-11-06,13.93
3911,2024-06-02,62.56
3912,2024-04-09,30.38
3912,2024-04-19,26.56
3912,2024-06-13,35.52
3912,2024-08-13,31.94
3912,2025-02-24,38.9
3912,2025-06-29,9.56
3912,2025-09-22,39.15
3912,2025-11-17,20.48
3913,2024-05-08,35.53
3913,2024-06-06,66.94
3913,2024-06-10,30.51
3913,2024-06-18,36.52
3913,2024-07-07,36.0
3913,2024-08-08,57.84
3913,2024-08-16,45.29
3913,2024-09-22,24.62
3913,2024-09-22,18.94
3913,2024-10-08,80.15
3913,2024-10-24,34.99
3913,2024-11-19,9.52
3913,2024-11-23,27.4
3913,2025-01-10,23.36
3913,2025-01-26,26.64
3913,2025-02-01,49.13
3913,2025-02-04,43.19
3913,2025-02-09,25.2
3913,2025-03-09,23.59
3913,2025-05-20,66.55
3913,2025-05-20,53.32
3913,2025-05-23,31.88
3914,2024-05-14,12.54
3914,2024-05-19,26.84
3914,2024-06-02,24.94
3914,2024-06-12,24.64
3914,2024-06-15,36.7
3914,2024-06-25,23.56
3914,2024-07-02,6.82
3914,2024-07-26,7.76
3914,2024-08-08,26.65
3914,2024-08-10,17.37
3914,2024-08-14,13.98
3914,2024-08-24,28.44
3914,2024-09-09,15.89
3914,2024-10-15,33.4
3914,2024-10-17,15.62
3914,2024-10-26,15.53
3914,2024-11-06,10.61
3914,2024-12-11,17.07
3914,2024-12-20,26.84
3914,2025-01-24,18.54
3914,2025-01-28,10.45
3914,2025-02-03,29.38
3914,2025-02-04,28.91
3914,2025-02-28,15.73
3914,2025-04-17,27.44
3914,2025-04-17,17.79
3914,2025-06-15,19.79
3914,2025-06-25,24.41
3914,2025-07-10,11.87
3914,2025-08-15,23.19
3914,2025-09-02,49.03
3914,2025-09-07,17.9
3914,2025-10-07,19.45
3914,2025-10-10,32.53
3914,2025-11-09,20.49
3914,2025-11-24,11.15
3914,2025-12-18,17.78
3915,2024-05-21,32.56
3915,2024-11-05,20.25
3916,2024-01-15,22.19
3916,2024-02-06,27.05
3916,2024-04-20,16.1
3916,2024-09-30,44.34
3916,2024-11-28,23.66
3916,2024-12-15,30.59
3917,2024-01-03,12.91
3917,2025-07-27,16.75
3918,2024-02-15,33.45
3918,2024-04-28,25.84
3918,2024-10-20,32.55
3918,2025-03-29,34.37
3918,2025-04-27,20.66
3918,2025-10-25,47.76
3918,2025-10-25,31.26
3918,2025-12-11,6.07
3919,2024-03-06,17.97
3920,2024-01-17,73.57
3921,2024-05-27,12.33
3922,2024-06-25,7.25
3922,2024-09-24,30.4
3923,2024-04-14,27.66
3923,2024-06-18,42.22
3923,2024-08-01,23.51
3923,2024-11-20,21.02
3923,2024-11-23,13.99
3923,2024-12-10,39.16
3923,2024-12-24,26.6
3923,2025-04-02,9.96
3923,2025-04-29,32.04
3923,2025-06-11,23.72
3923,2025-07-20,5.05
3923,2025-08-15,32.64
3924,2024-01-24,13.01
3925,2024-02-12,20.41
3925,2024-03-09,7.22
3925,2024-03-15,18.81
3925,2024-03-22,17.95
3925,2024-04-04,9.61
3925,2024-04-09,6.95
3925,2024-04-13,4.93
3925,2024-04-15,10.35
3925,2024-04-30,11.19
3925,2024-05-01,22.56
3925,2024-05-11,5.58
3925,2024-05-26,21.06
3925,2024-06-02,14.18
3925,2024-06-04,13.53
3925,2024-06-13,18.21
3925,2024-06-26,9.59
3925,2024-06-28,6.67
3925,2024-07-15,12.78
3925,2024-07-20,15.64
3926,2024-06-20,31.17
3926,2024-10-19,15.78
3927,2024-03-11,16.95
3927,2024-04-24,14.11
3927,2024-05-21,21.61
3927,2024-07-14,17.41
3927,2024-07-20,33.28
3927,2024-07-26,38.58
3928,2024-01-03,13.24
3928,2024-01-21,10.32
3928,2024-02-22,5.04
3928,2024-03-04,10.83
3929,2024-04-05,23.28
3930,2024-03-29,62.26
3930,2024-04-07,20.13
3930,2024-04-11,41.84
3930,2024-04-17,59.53
3930,2024-04-26,16.15
3930,2024-05-19,14.06
3931,2024-01-13,18.06
3931,2024-02-12,27.88
3931,2024-03-14,27.75
3932,2024-05-06,36.36
3932,2025-01-08,53.87
3932,2025-06-02,17.61
3932,2025-06-24,22.79
3932,2025-08-11,10.09
3932,2025-08-16,18.72
3932,2025-09-10,23.67
3932,2025-09-30,16.6
3932,2025-10-06,9.98
3933,2024-05-16,19.95
3933,2024-08-21,30.14
3933,2024-08-29,52.66
3933,2024-10-22,41.09
3934,2024-01-16,13.55
3935,2024-06-08,39.4
3936,2024-02-01,23.7
3936,2024-02-10,50.45
3936,2024-02-13,18.64
3936,2024-03-09,22.12
3936,2024-03-13,70.25
3936,2024-03-26,17.08
3936,2024-04-03,15.29
3936,2024-04-18,20.26
3936,2024-04-20,18.07
3936,2024-04-22,14.85
3936,2024-05-09,20.46
3936,2024-05-11,22.36
3936,2024-05-17,33.74
3936,2024-05-27,21.72
3936,2024-05-28,38.88
3937,2024-03-18,58.17
3938,2024-05-10,28.93
3939,2024-04-11,9.67
3939,2024-04-15,3.5
3939,2024-04-21,17.57
3939,2024-06-14,13.2
3939,2024-06-28,5.59
3939,2024-08-17,8.98
3939,2024-08-29,8.37
3939,2024-09-05,5.91
3939,2024-09-19,13.55
3939,2024-10-13,9.72
3939,2024-10-16,11.88
3939,2024-10-19,7.96
3939,2024-10-23,4.01
3939,2024-10-24,24.96
3939,2024-10-30,13.39
3939,2024-11-02,14.89
3939,2024-11-20,15.55
3939,2024-11-24,4.93
3939,2025-01-05,8.72
3939,2025-02-26,14.43
3939,2025-03-05,10.91
3939,2025-03-16,7.16
3939,2025-06-06,7.52
3939,2025-07-01,9.4
3939,2025-07-01,10.77
3939,2025-07-23,12.15
3939,2025-08-12,7.23
3939,2025-10-04,11.71
3939,2025-10-27,15.25
3939,2025-11-21,7.09
3939,2025-12-11,11.66
3940,2024-02-12,54.82
3940,2024-03-09,27.85
3941,2024-04-10,53.57
3941,2024-06-08,43.74
3941,2024-07-03,28.42
3941,2024-08-20,66.65
3941,2024-10-03,18.91
3941,2024-12-17,31.33
3941,2025-03-14,43.38
3941,2025-03-31,29.61
3941,2025-10-07,33.64
3942,2024-01-22,36.36
3942,2024-03-12,24.7
3942,2024-04-23,25.74
3942,2024-05-26,41.52
3942,2024-07-06,60.51
3942,2024-07-12,40.32
3942,2024-08-03,28.66
3943,2024-02-02,33.78
3943,2024-06-30,29.54
3943,2024-07-05,22.91
3943,2024-07-07,70.96
3943,2024-09-20,53.36
3943,2025-06-30,18.44
3944,2024-05-05,95.27
3944,2024-05-13,88.22
3945,2024-06-06,23.82
3946,2024-01-05,19.52
3947,2024-06-02,59.13
3947,2024-07-10,18.36
3947,2024-08-01,34.24
3947,2024-10-09,57.53
3947,2025-01-24,19.98
3947,2025-02-04,31.34
3947,2025-02-26,33.52
3947,2025-03-11,21.88
3947,2025-04-22,25.29
3947,2025-05-24,54.77
3947,2025-07-19,43.33
3947,2025-08-13,12.61
3947,2025-08-28,38.44
3947,2025-10-01,32.57
3947,2025-10-17,42.76
3948,2024-03-13,36.78
3948,2024-04-02,23.94
3949,2024-04-20,32.72
3949,2024-04-24,14.7
3949,2024-05-13,26.58
3949,2024-05-20,16.06
3950,2024-01-31,7.49
3950,2024-02-25,29.18
3950,2024-03-04,33.09
3950,2024-07-19,14.29
3950,2024-07-24,37.6
3950,2024-12-21,18.12
3950,2025-02-02,20.93
3950,2025-04-22,22.27
3950,2025-05-04,28.78
3950,2025-06-29,16.96
3950,2025-08-23,15.95
3951,2024-05-03,15.08
3952,2024-03-25,48.55
3952,2024-04-03,48.65
3952,2024-04-19,19.27
3953,2024-05-02,16.9
3954,2024-06-09,17.56
3954,2024-08-28,15.83
3954,2024-10-08,11.15
3954,2024-11-02,19.94
3954,2024-11-24,13.26
3954,2024-11-25,12.81
3954,2025-02-12,17.99
3954,2025-03-04,14.88
3954,2025-04-14,13.46
3954,2025-06-12,19.45
3954,2025-08-08,19.74
3955,2024-05-13,16.53
3955,2024-07-18,26.47
3955,2024-12-11,11.39
3955,2025-05-18,67.49
3956,2024-02-24,19.24
3957,2024-04-24,14.87
3958,2024-03-13,46.65
3958,2024-03-15,69.91
3958,2024-03-22,42.6
3958,2024-03-26,51.59
3958,2024-05-14,32.41
3958,2024-05-30,44.08
3958,2024-06-14,29.13
3958,2024-06-18,41.23
3958,2024-07-03,38.26
3958,2024-07-16,47.29
3958,2024-08-28,38.54
3958,2024-09-17,32.63
3958,2024-11-21,68.38
3958,2024-11-23,52.86
3958,2024-12-05,43.02
3958,2024-12-18,33.86
3958,2024-12-25,41.36
3958,2024-12-26,54.29
3958,2024-12-27,94.78
3958,2025-01-11,66.75
3958,2025-01-18,77.83
3958,2025-01-24,56.28
3958,2025-02-14,27.02
3958,2025-03-24,38.8
3958,2025-04-10,33.43
3958,2025-04-11,55.63
3958,2025-04-26,48.44
3958,2025-05-18,46.0
3958,2025-05-23,68.9
3958,2025-06-04,46.11
3958,2025-06-19,60.79
3958,2025-08-24,37.82
3958,2025-10-04,69.11
3958,2025-10-15,67.24
3958,2025-10-16,65.6
3958,2025-11-03,47.57
3958,2025-11-04,43.99
3958,2025-11-19,43.09
3958,2025-12-03,53.57
3959,2024-06-26,37.32
3959,2024-08-28,47.84
3959,2024-09-16,30.94
3959,2024-11-17,23.99
3959,2024-11-18,36.13
3959,2024-12-02,47.19
3959,2024-12-19,22.9
3959,2025-01-30,23.45
3959,2025-04-06,65.58
3959,2025-09-01,17.17
3960,2024-03-01,32.08
3960,2024-09-22,31.98
3960,2024-12-15,34.79
3960,2025-01-20,58.78
3960,2025-04-02,24.6
3960,2025-05-28,36.55
3961,2024-05-05,20.65
3961,2024-06-14,32.83
3961,2024-07-03,26.71
3961,2024-07-25,20.6
3961,2024-09-10,40.11
3961,2024-11-15,41.0
3962,2024-03-16,22.45
3962,2024-03-19,17.43
3962,2024-12-04,6.39
3962,2025-05-09,23.11
3962,2025-06-26,16.29
3963,2024-05-02,51.23
3963,2024-06-16,57.59
3963,2024-06-21,15.3
3963,2024-10-23,74.46
3963,2024-12-23,32.94
3963,2024-12-28,85.14
3963,2025-02-11,23.1
3963,2025-02-18,49.34
3963,2025-03-18,21.01
3963,2025-04-24,41.84
3963,2025-05-20,58.87
3963,2025-06-11,55.16
3963,2025-08-09,50.44
3964,2024-03-19,20.74
3964,2024-11-08,14.54
3964,2025-01-01,9.64
3964,2025-01-05,13.31
3964,2025-03-18,18.97
3964,2025-11-20,20.54
3964,2025-12-08,23.88
3965,2024-04-07,57.02
3965,2024-05-10,14.41
3965,2024-05-11,28.75
3965,2024-05-12,43.78
3966,2024-06-23,58.56
3967,2024-02-29,31.95
3967,2024-03-07,41.51
3967,2024-03-23,61.6
3967,2024-03-28,50.29
3967,2024-04-02,42.14
3967,2024-04-05,17.17
3967,2024-04-23,34.91
3967,2024-04-25,29.24
3967,2024-06-07,23.83
3967,2024-06-11,27.5
3967,2024-06-17,21.61
3967,2024-06-20,22.55
3967,2024-06-25,46.46
3967,2024-06-25,46.5
3967,2024-06-27,97.91
3967,2024-07-01,14.01
3967,2024-07-31,4.51
3967,2024-08-04,35.24
3967,2024-08-05,26.42
3967,2024-08-06,9.7
3967,2024-08-06,47.88
3967,2024-08-09,30.16
3967,2024-08-12,37.89
3967,2024-08-13,36.1
3967,2024-08-13,36.41
3967,2024-08-14,40.67
3967,2024-08-14,47.42
3967,2024-08-15,34.0
3967,2024-08-16,17.18
3967,2024-08-23,51.4
3967,2024-08-31,47.64
3967,2024-09-02,36.98
3968,2024-05-20,26.73
3969,2024-02-04,41.2
3970,2024-06-08,61.72
3971,2024-03-17,77.37
3971,2024-05-06,91.63
3971,2024-06-18,46.14
3971,2025-01-02,137.03
3971,2025-03-20,68.7
3971,2025-03-23,162.64
3971,2025-07-06,95.47
3971,2025-07-06,111.12
3972,2024-05-06,19.69
3972,2024-06-04,21.65
3972,2024-07-14,20.2
3972,2024-07-16,14.89
3972,2024-10-01,29.35
3972,2024-10-01,20.5
3972,2024-10-08,9.17
3972,2024-11-04,29.48
3972,2024-11-12,15.15
3972,2025-01-01,18.98
3972,2025-01-05,11.86
3973,2024-05-02,27.25
3973,2024-05-14,6.6
3973,2024-10-28,15.22
3973,2024-12-28,20.16
3973,2025-01-08,25.64
3973,2025-01-09,13.74
3973,2025-01-29,26.8
3973,2025-02-15,16.82
3973,2025-02-27,8.62
3973,2025-03-12,11.34
3974,2024-02-12,44.44
3974,2024-03-08,42.1
3974,2024-04-03,56.36
3975,2024-01-11,15.99
3975,2024-05-07,12.17
3975,2024-05-17,16.66
3975,2024-05-22,24.85
3975,2024-06-06,27.67
3975,2024-09-16,30.69
3975,2024-12-26,26.21
3975,2024-12-28,16.21
3975,2025-04-04,12.61
3975,2025-04-12,15.24
3975,2025-05-11,16.72
3975,2025-08-15,10.3
3975,2025-08-20,25.45
3975,2025-08-25,20.88
3975,2025-10-14,12.0
3975,2025-10-31,22.1
3975,2025-11-12,21.57
3976,2024-06-06,40.72
3977,2024-01-23,31.35
3977,2024-03-18,20.27
3977,2024-03-19,18.95
3977,2024-04-23,22.04
3977,2024-04-30,15.16
3978,2024-03-02,24.19
3979,2024-01-01,22.9
3979,2024-04-14,18.61
3979,2024-07-29,21.74
3979,2024-10-30,48.76
3979,2024-12-21,15.44
3979,2025-01-06,21.87
3979,2025-04-24,21.96
3979,2025-05-29,23.7
3979,2025-06-25,46.48
3979,2025-07-05,11.81
3979,2025-09-27,22.03
3979,2025-10-30,13.13
3980,2024-06-16,19.47
3980,2024-06-19,23.97
3980,2024-07-14,21.28
3980,2025-03-20,11.29
3980,2025-04-17,16.77
3980,2025-10-29,16.9
3981,2024-04-28,47.51
3981,2024-05-10,47.93
3981,2024-06-15,19.75
3981,2024-07-11,18.65
3981,2024-07-16,20.82
3981,2024-09-28,27.57
3981,2024-12-21,25.75
3981,2025-02-28,13.73
3981,2025-03-01,22.28
3981,2025-03-29,26.54
3981,2025-04-01,34.95
3981,2025-05-21,10.77
3981,2025-06-06,26.02
3981,2025-06-11,20.72
3981,2025-06-15,8.59
3981,2025-07-08,20.41
3981,2025-08-27,16.75
3981,2025-08-28,21.85
3981,2025-10-06,23.0
3981,2025-10-07,8.29
3982,2024-02-06,37.23
3982,2024-03-14,59.45
3983,2024-05-31,14.51
3983,2024-12-21,10.41
3983,2025-03-11,15.74
3983,2025-04-18,27.39
3983,2025-08-02,16.0
3983,2025-08-22,36.33
3983,2025-10-07,13.19
3984,2024-06-16,11.09
3985,2024-03-09,56.09
3985,2024-06-20,35.1
3986,2024-02-06,4.6
3986,2024-03-24,18.11
3986,2024-04-23,19.01
3986,2025-04-02,15.94
3986,2025-07-22,12.45
3986,2025-09-23,10.16
3986,2025-10-14,17.99
3987,2024-02-05,25.12
3988,2024-05-26,29.22
3988,2024-08-06,22.2
3988,2024-12-21,25.57
3988,2025-02-01,29.2
3988,2025-04-23,22.17
3988,2025-12-01,8.33
3988,2025-12-10,19.98
3989,2024-04-13,19.79
3989,2024-05-02,16.27
3989,2024-05-02,31.42
3990,2024-06-15,33.97
3991,2024-05-15,17.96
3991,2024-09-06,14.0
3991,2024-12-01,16.51
3991,2025-03-01,19.05
3991,2025-03-15,31.34
3991,2025-09-20,20.1
3992,2024-04-14,19.77
3992,2024-04-15,17.94
3992,2024-04-28,38.44
3992,2024-05-02,12.57
3992,2024-05-05,63.55
3992,2024-05-11,38.52
3992,2024-05-22,19.46
3992,2024-05-25,12.62
3992,2024-05-26,45.65
3992,2024-05-27,42.5
3992,2024-06-02,25.75
3992,2024-06-04,12.67
3992,2024-06-06,25.98
3992,2024-07-03,27.68
3992,2024-07-07,15.75
3992,2024-07-07,24.59
3992,2024-07-08,30.64
3992,2024-07-09,26.09
3992,2024-07-14,24.59
3992,2024-07-17,15.36
3993,2024-06-01,3.6
3993,2024-06-16,10.68
3993,2024-07-10,11.02
3993,2024-07-13,5.23
3994,2024-05-03,36.78
3994,2024-06-10,33.2
3995,2024-05-07,33.01
3996,2024-01-07,15.46
3996,2024-12-30,28.59
3997,2024-05-03,21.64
3997,2025-03-25,39.13
3997,2025-06-21,20.92
3998,2024-03-13,17.13
3999,2024-01-01,28.19
3999,2024-01-12,17.7
3999,2024-03-19,18.55
3999,2024-03-23,29.34
3999,2024-04-07,23.65
4000,2024-03-20,13.19
4000,2024-03-24,11.15
4001,2024-01-12,15.85
4002,2024-06-27,31.03
4002,2025-10-05,20.96
4003,2024-02-07,23.6
4003,2024-02-09,24.72
4004,2024-04-26,39.52
4004,2024-06-08,42.8
4004,2024-08-25,28.15
4004,2024-08-26,22.93
4004,2024-09-24,10.82
4004,2024-11-28,30.18
4004,2024-12-11,32.83
4004,2024-12-29,49.28
4004,2025-01-31,24.84
4004,2025-02-24,36.48
4004,2025-03-08,32.76
4004,2025-05-06,20.14
4004,2025-06-14,28.94
4004,2025-08-19,29.92
4005,2024-03-21,33.64
4005,2025-12-05,12.71
4006,2024-01-25,19.84
4006,2024-03-03,35.71
4006,2024-04-05,36.52
4006,2024-08-20,15.89
4006,2024-09-25,15.9
4006,2024-09-30,21.18
4006,2024-10-13,28.99
4007,2024-01-03,8.84
4008,2024-04-10,28.99
4008,2024-09-08,30.84
4008,2025-02-12,23.59
4009,2024-01-31,16.77
4009,2024-06-13,15.87
4009,2024-07-01,7.96
4009,2024-08-27,11.16
4009,2024-10-26,21.77
4009,2024-11-15,31.85
4009,2024-12-10,16.07
4009,2024-12-25,23.18
4010,2024-01-12,18.16
4011,2024-02-20,43.47
4012,2024-06-12,22.6
4012,2024-06-14,29.28
4012,2024-06-24,22.68
4012,2024-06-28,47.5
4012,2024-07-03,34.16
4012,2024-07-16,17.06
4012,2024-07-21,26.92
4012,2024-07-25,43.78
4012,2024-07-25,27.21
4012,2024-08-04,36.26
4012,2024-08-15,15.91
4012,2024-08-21,35.24
4012,2024-09-12,26.14
4012,2024-09-13,45.37
4012,2024-10-03,42.45
4012,2024-10-10,37.82
4012,2024-10-13,40.83
4012,2024-10-24,63.01
4012,2024-10-25,58.19
4012,2024-11-04,42.36
4012,2024-11-09,38.53
4012,2024-11-12,44.6
4012,2024-11-13,22.41
4012,2024-11-19,15.54
4012,2024-11-20,23.34
4012,2024-11-28,58.3
4012,2024-11-29,31.2
4012,2024-12-02,28.93
4012,2024-12-04,45.52
4012,2024-12-26,60.65
4012,2025-01-07,95.97
4012,2025-01-10,32.72
4012,2025-01-11,51.86
4012,2025-01-28,30.43
4012,2025-02-05,25.08
4012,2025-02-13,45.73
4012,2025-03-09,41.21
4012,2025-04-05,59.6
4012,2025-04-07,16.25
4012,2025-04-12,41.47
4012,2025-04-16,54.57
4012,2025-04-23,43.35
4012,2025-04-26,33.45
4012,2025-05-09,44.17
4012,2025-05-10,42.26
4012,2025-05-18,33.04
4012,2025-05-31,19.72
4012,2025-06-23,76.84
4012,2025-06-25,33.03
4012,2025-07-01,22.63
4012,2025-07-01,21.5
4012,2025-07-02,26.67
4012,2025-08-28,38.6
4012,2025-08-31,26.1
4012,2025-09-06,24.33
4012,2025-09-08,32.28
4012,2025-09-14,52.28
4012,2025-09-14,45.68
4012,2025-09-17,59.21
4012,2025-10-11,42.29
4012,2025-10-20,66.23
4012,2025-10-26,32.69
4012,2025-10-31,40.48
4012,2025-11-01,48.95
4013,2024-06-13,25.0
4013,2024-06-16,11.14
4013,2024-07-22,17.47
4013,2024-07-29,18.99
4013,2024-08-26,24.19
4013,2024-09-15,16.6
4013,2024-09-15,9.13
4013,2024-09-18,19.75
4013,2024-10-03,12.54
4013,2024-11-28,23.62
4013,2024-11-28,27.69
4013,2024-12-03,15.12
4013,2024-12-10,6.01
4013,2025-01-04,13.68
4013,2025-01-12,8.5
4013,2025-01-28,9.21
4013,2025-01-29,7.93
4013,2025-02-26,21.88
4013,2025-03-03,10.94
4013,2025-04-10,13.2
4013,2025-04-11,12.95
4013,2025-04-14,17.3
4013,2025-04-18,13.41
4013,2025-04-18,11.78
4013,2025-04-24,22.76
4013,2025-05-06,13.22
4013,2025-05-07,8.06
4013,2025-05-08,6.85
4013,2025-05-10,4.95
4013,2025-06-08,10.92
4013,2025-07-03,10.3
4013,2025-07-19,17.66
4013,2025-08-11,19.33
4013,2025-08-24,12.48
4013,2025-08-28,10.35
4013,2025-09-05,10.91
4013,2025-09-24,14.28
4013,2025-09-30,13.68
4013,2025-11-08,18.19
4013,2025-11-09,13.56
4013,2025-11-23,25.83
4013,2025-11-29,11.78
4013,2025-12-07,16.36
4013,2025-12-23,6.37
4014,2024-03-13,16.86
4014,2024-03-16,20.86
4015,2024-02-05,22.42
4015,2024-02-17,20.27
4015,2024-04-07,33.35
4016,2024-05-26,111.2
4016,2024-06-01,79.61
4016,2024-06-16,93.04
4016,2024-06-28,72.69
4016,2024-07-04,74.48
4016,2024-08-01,99.15
4016,2024-08-14,68.7
4016,2024-08-21,75.46
4016,2024-09-07,63.9
4016,2024-10-11,68.29
4016,2024-10-13,127.27
4016,2024-10-19,67.68
4016,2024-10-31,38.95
4016,2024-11-07,89.26
4017,2024-03-30,22.17
4017,2025-07-09,67.25
4018,2024-04-12,18.22
4018,2024-04-23,13.14
4018,2024-05-21,20.57
4018,2024-05-28,11.5
4018,2024-05-28,11.07
4018,2024-06-11,31.16
4018,2024-07-07,14.09
4018,2024-08-01,14.58
4018,2024-09-06,25.25
4018,2024-09-26,12.34
4018,2024-09-30,18.11
4018,2024-10-04,14.73
4018,2024-10-14,9.67
4018,2024-11-25,12.01
4018,2024-12-14,29.02
4018,2024-12-18,14.73
4018,2024-12-24,21.85
4018,2025-01-01,24.32
4018,2025-01-07,19.33
4018,2025-02-03,8.13
4018,2025-02-04,23.84
4018,2025-02-27,5.97
4018,2025-03-24,20.53
4018,2025-03-27,38.61
4018,2025-04-19,29.13
4018,2025-04-22,17.42
4018,2025-04-25,15.74
4018,2025-05-09,20.13
4018,2025-05-12,18.97
4018,2025-05-14,36.28
4018,2025-05-24,9.61
4018,2025-07-10,3.96
4018,2025-07-12,13.57
4018,2025-07-18,9.41
4018,2025-07-28,13.98
4018,2025-08-27,17.85
4018,2025-08-29,10.99
4018,2025-10-30,9.53
4018,2025-11-25,15.34
4019,2024-01-25,17.43
4019,2024-01-27,16.09
4019,2024-02-03,21.41
4020,2024-04-23,19.45
4021,2024-03-14,6.59
4021,2024-03-20,9.34
4021,2024-03-25,19.65
4022,2024-06-17,15.53
4022,2025-03-15,7.36
4023,2024-04-13,56.81
4024,2024-02-25,10.19
4024,2024-02-25,16.06
4024,2024-02-28,6.53
4024,2024-03-05,11.51
4024,2024-03-24,25.16
4024,2024-04-06,4.56
4024,2024-04-08,5.76
4025,2024-03-04,18.02
4025,2024-04-02,19.56
4025,2024-04-14,12.54
4025,2024-04-22,15.6
4025,2024-05-13,38.19
4025,2024-05-21,35.97
4025,2024-05-22,20.09
4025,2024-06-19,7.38
4025,2024-09-04,10.12
4025,2024-10-03,7.38
4025,2024-10-06,19.12
4025,2024-10-15,7.17
4025,2024-10-15,23.11
4025,2024-10-19,16.08
4025,2024-11-04,11.07
4025,2024-11-17,16.03
4025,2024-11-18,19.75
4025,2024-11-24,25.12
4025,2024-12-17,20.34
4025,2024-12-28,19.48
4025,2025-01-30,25.24
4025,2025-01-31,20.37
4025,2025-02-27,14.3
4025,2025-03-11,17.55
4025,2025-03-12,31.45
4025,2025-04-03,20.78
4025,2025-04-03,20.31
4025,2025-04-13,22.49
4025,2025-04-30,23.34
4025,2025-06-06,26.94
4025,2025-06-15,7.62
4025,2025-06-26,15.27
4025,2025-07-05,13.83
4025,2025-07-30,11.32
4025,2025-07-30,24.13
4025,2025-09-02,17.65
4025,2025-09-07,34.67
4025,2025-09-27,23.49
4025,2025-10-20,21.01
4025,2025-11-11,14.52
4025,2025-11-14,33.3
4025,2025-11-20,12.82
4025,2025-11-23,11.57
4025,2025-12-14,46.83
4025,2025-12-19,23.52
4025,2025-12-26,17.14
4026,2024-02-01,14.46
4027,2024-03-29,65.27
4027,2024-06-08,61.92
4027,2024-07-27,34.41
4028,2024-02-04,23.39
4029,2024-01-26,49.88
4029,2025-01-01,22.38
4030,2024-05-31,33.33
4030,2024-07-25,31.98
4030,2024-08-04,55.13
4030,2024-11-06,24.04
4030,2025-03-07,50.0
4031,2024-02-03,23.71
4032,2024-02-05,10.16
4032,2024-03-26,6.74
4033,2024-05-22,16.73
4034,2024-01-08,26.22
4035,2024-05-31,23.84
4036,2024-01-17,22.77
4036,2024-08-01,41.63
4036,2024-08-15,18.53
4036,2024-12-21,52.6
4036,2025-06-25,86.58
4036,2025-08-16,51.19
4036,2025-08-17,37.17
4036,2025-08-28,26.07
4036,2025-12-01,26.9
4037,2024-01-18,17.96
4038,2024-06-13,29.12
4039,2024-05-13,29.36
4039,2024-06-29,52.84
4040,2024-03-08,23.06
4040,2024-03-09,32.51
4041,2024-03-18,19.59
4042,2024-01-23,21.27
4043,2024-06-09,11.71
4044,2024-01-23,21.31
4044,2024-04-16,22.23
4044,2024-06-30,12.76
4044,2024-08-26,31.41
4044,2025-03-13,27.45
4044,2025-04-22,18.56
4044,2025-05-06,15.96
4045,2024-05-22,19.29
4045,2024-06-04,12.79
4045,2024-06-05,10.63
4045,2024-06-19,17.55
4045,2024-07-07,15.66
4045,2024-07-15,15.46
4045,2024-07-23,20.39
4045,2024-07-26,4.77
4045,2024-08-04,12.48
4045,2024-09-26,17.14
4045,2024-10-06,23.66
4045,2024-10-10,11.14
4045,2024-10-10,17.16
4045,2024-10-16,28.41
4045,2024-11-21,12.78
4045,2025-01-17,12.34
4045,2025-02-04,8.9
4045,2025-02-12,24.56
4045,2025-04-01,36.76
4045,2025-04-29,18.09
4045,2025-05-07,20.52
4046,2024-05-26,23.45
4047,2024-01-05,39.12
4048,2024-04-25,9.51
4048,2024-05-17,17.18
4048,2024-05-27,9.19
4048,2024-06-08,7.31
4048,2024-06-23,18.66
4048,2024-06-30,12.69
4049,2024-05-28,31.52
4049,2024-06-06,17.7
4049,2024-06-09,32.0
4049,2024-06-12,28.65
4049,2024-09-24,29.52
4049,2024-12-05,46.3
4049,2024-12-08,36.18
4049,2024-12-10,32.14
4049,2024-12-17,25.4
4049,2025-01-19,19.63
4049,2025-04-10,34.15
4049,2025-04-14,22.89
4049,2025-05-21,45.77
4049,2025-06-02,44.46
4049,2025-06-24,25.14
4049,2025-07-08,10.12
4049,2025-07-12,29.47
4049,2025-08-18,31.33
4049,2025-08-31,26.95
4049,2025-09-13,49.32
4049,2025-11-20,25.9
4049,2025-12-25,14.47
4050,2024-03-21,79.73
4050,2024-04-16,109.83
4050,2024-04-17,89.83
4051,2024-01-19,40.33
4051,2024-04-10,13.91
4051,2024-04-10,14.2
4052,2024-02-06,17.24
4052,2024-02-07,18.48
4052,2024-02-27,13.47
4052,2024-02-27,17.1
4052,2024-03-24,12.69
4052,2024-03-28,20.13
4052,2024-05-07,9.77
4052,2024-05-23,12.79
4052,2024-08-28,6.12
4052,2024-09-06,14.05
4052,2024-10-24,29.18
4052,2024-10-26,28.92
4052,2025-01-26,13.33
4052,2025-02-24,9.42
4052,2025-03-10,17.84
4052,2025-03-18,18.85
4052,2025-03-28,17.54
4052,2025-04-03,17.48
4052,2025-04-27,25.7
4052,2025-05-09,10.03
4052,2025-05-19,10.48
4052,2025-06-18,12.4
4053,2024-05-22,35.4
4054,2024-02-04,15.59
4054,2024-02-14,16.9
4054,2024-03-24,17.76
4054,2024-05-21,16.71
4054,2024-08-23,14.4
4055,2024-05-12,148.02
4055,2024-06-23,133.97
4055,2024-07-05,220.74
4055,2024-07-09,112.12
4055,2024-07-28,50.2
4055,2024-08-28,100.52
4056,2024-03-04,110.94
4056,2024-06-06,108.52
4056,2024-07-03,178.15
4056,2024-11-01,90.05
4056,2025-12-01,71.42
4056,2025-12-18,87.69
4057,2024-04-18,20.0
4057,2024-05-14,45.15
4057,2024-07-17,34.85
4058,2024-06-24,16.22
4058,2024-08-17,12.87
4058,2024-10-31,24.42
4058,2025-02-24,14.87
4058,2025-03-16,16.26
4059,2024-01-11,20.07
4059,2024-01-11,15.66
4059,2024-01-18,13.89
4059,2024-02-04,25.49
4059,2024-03-07,8.58
4059,2024-03-07,14.83
4059,2024-03-18,30.2
4059,2024-03-29,9.88
4059,2024-05-12,19.48
4059,2024-08-15,20.02
4059,2025-02-27,7.93
4059,2025-02-28,10.5
4059,2025-04-28,10.07
4059,2025-07-04,16.43
4059,2025-10-28,15.35
4059,2025-11-20,15.57
4059,2025-12-23,9.3
4060,2024-02-03,52.49
4060,2024-02-28,74.2
4060,2024-05-02,93.05
4060,2024-06-26,45.93
4060,2024-07-25,108.34
4060,2024-08-27,124.03
4060,2024-10-01,197.45
4060,2025-02-19,60.72
4060,2025-03-19,102.8
4060,2025-03-26,113.87
4060,2025-06-16,103.4
4060,2025-06-19,148.76
4060,2025-08-03,37.79
4060,2025-08-30,105.71
4060,2025-10-16,88.4
4060,2025-11-19,65.45
4060,2025-12-07,138.29
4060,2025-12-15,137.51
4060,2025-12-22,222.42
4061,2024-05-06,23.37
4062,2024-02-24,41.3
4063,2024-02-19,30.98
4064,2024-04-08,19.56
4065,2024-01-09,34.92
4065,2024-06-05,43.11
4065,2024-06-15,51.88
4065,2024-08-03,31.56
4065,2024-08-20,30.81
4066,2024-04-11,30.5
4066,2024-07-23,101.54
4066,2025-02-18,53.15
4066,2025-05-28,27.71
4066,2025-12-21,52.32
4067,2024-01-19,29.91
4067,2024-07-08,37.54
4067,2024-08-27,20.73
4068,2024-02-28,16.95
4068,2024-03-26,23.24
4069,2024-02-24,12.85
4070,2024-04-03,22.23
4071,2024-04-19,50.02
4072,2024-05-23,18.96
4072,2024-06-15,12.31
4072,2024-07-11,11.48
4073,2024-06-10,22.56
4074,2024-05-18,8.57
4074,2024-07-20,7.31
4074,2024-08-14,4.9
4074,2024-08-20,21.53
4074,2024-08-30,16.67
4074,2024-09-25,13.48
4074,2024-11-22,8.03
4074,2025-04-08,11.84
4074,2025-08-08,4.15
4074,2025-08-25,9.29
4074,2025-11-17,7.98
4074,2025-11-20,8.24
4074,2025-11-21,9.29
4075,2024-05-04,23.56
4076,2024-05-04,9.69
4076,2024-07-05,12.19
4076,2024-08-07,12.87
4077,2024-02-27,16.49
4078,2024-06-17,6.78
4078,2025-03-23,6.84
4078,2025-04-24,5.66
4078,2025-05-14,5.56
4078,2025-07-05,16.75
4079,2024-05-14,44.02
4079,2024-07-13,8.65
4079,2024-08-05,31.73
4079,2024-08-17,32.01
4079,2024-08-29,14.44
4079,2024-10-11,12.48
4079,2024-12-07,54.19
4079,2024-12-09,28.31
4079,2025-03-23,21.63
4079,2025-04-24,39.34
4079,2025-08-23,32.64
4079,2025-10-04,14.89
4079,2025-10-10,26.35
4079,2025-11-30,11.2
4080,2024-01-06,3.51
4080,2024-01-10,12.99
4080,2024-01-11,5.0
4080,2024-01-20,5.39
4080,2024-02-29,8.93
4080,2024-03-03,15.78
4080,2024-03-07,13.5
4080,2024-03-16,12.37
4080,2024-03-22,4.6
4081,2024-06-24,26.55
4081,2024-07-02,27.65
4082,2024-01-31,57.31
4082,2024-02-11,42.33
4082,2024-02-17,18.36
4082,2024-03-05,46.24
4082,2024-03-24,34.88
4082,2024-06-21,44.43
4082,2024-06-29,56.12
4082,2024-09-22,25.72
4082,2024-12-10,51.71
4082,2025-01-13,52.52
4082,2025-01-31,41.94
4082,2025-03-09,65.86
4082,2025-03-10,23.84
4082,2025-03-28,69.57
4082,2025-04-11,57.18
4082,2025-05-20,47.6
4082,2025-06-19,84.14
4082,2025-07-27,44.28
4082,2025-11-03,115.52
4083,2024-02-28,60.43
4083,2024-03-15,14.45
4083,2024-04-08,109.19
4083,2024-07-16,79.47
4083,2024-07-29,78.5
4083,2024-10-01,35.45
4083,2024-10-24,42.22
4083,2024-10-30,53.74
4083,2024-12-23,71.21
4083,2025-03-20,42.62
4083,2025-04-10,77.25
4083,2025-06-03,36.34
4084,2024-01-22,11.83
4084,2024-06-15,18.43
4084,2024-12-03,82.96
4084,2024-12-20,58.25
4085,2024-01-06,18.11
4085,2024-04-03,71.41
4085,2024-06-09,19.69
4085,2024-06-30,20.29
4086,2024-02-09,60.49
4086,2024-03-02,20.63
4086,2024-03-30,94.15
4086,2024-04-15,67.44
4086,2024-04-27,17.07
4086,2024-05-09,46.14
4087,2024-04-30,22.75
4087,2024-05-17,22.15
4087,2024-07-11,19.32
4088,2024-05-15,12.5
4089,2024-04-02,41.44
4089,2024-04-14,40.39
4090,2024-06-23,42.26
4090,2024-08-21,20.85
4090,2024-08-22,39.08
4090,2024-08-29,25.61
4090,2024-10-01,18.23
4090,2024-12-13,23.19
4090,2025-02-05,35.42
4090,2025-05-13,9.39
4091,2024-06-08,16.97
4091,2024-06-18,17.18
4091,2024-06-19,16.99
4091,2024-06-25,26.89
4091,2024-06-27,22.72
4091,2024-06-29,12.29
4091,2024-07-07,22.0
4091,2024-07-10,12.3
4091,2024-07-28,8.93
4091,2024-08-04,20.47
4091,2024-08-21,28.3
4091,2024-08-30,26.29
4091,2024-09-03,15.67
4091,2024-09-08,10.62
4091,2024-09-12,21.81
4091,2024-09-23,22.5
4091,2024-09-28,13.84
4091,2024-10-12,23.5
4091,2024-11-05,19.4
4091,2024-12-05,31.23
4091,2024-12-24,17.15
4091,2024-12-29,22.38
4091,2025-01-09,44.23
4091,2025-01-21,17.22
4091,2025-02-02,20.78
4091,2025-02-11,27.26
4091,2025-02-15,22.6
4091,2025-02-17,16.59
4091,2025-02-21,12.83
4091,2025-02-22,17.8
4091,2025-03-11,36.36
4091,2025-03-20,16.61
4091,2025-03-23,19.66
4091,2025-03-29,35.82
4091,2025-05-18,24.59
4091,2025-05-30,12.71
4091,2025-06-12,17.88
4091,2025-07-26,20.62
4091,2025-07-27,19.07
4091,2025-07-30,23.85
4091,2025-08-06,15.68
4091,2025-08-12,34.73
4091,2025-08-16,35.89
4091,2025-08-23,28.94
4091,2025-08-25,19.45
4091,2025-10-24,20.16
4091,2025-10-28,19.63
4091,2025-10-29,15.76
4091,2025-12-23,24.28
4092,2024-03-10,27.91
4092,2024-03-25,13.29
4092,2024-05-04,14.35
4092,2024-08-06,11.1
4092,2024-08-14,8.51
4092,2024-08-31,8.61
4092,2024-09-23,18.6
4092,2024-10-27,23.59
4092,2024-11-23,14.07
4092,2025-01-04,28.11
4092,2025-02-04,9.32
4092,2025-02-12,25.56
4092,2025-02-17,9.17
4092,2025-02-22,13.32
4092,2025-07-03,13.09
4092,2025-08-06,8.1
4092,2025-08-22,12.47
4092,2025-09-01,14.12
4093,2024-02-06,34.64
4093,2024-03-30,43.41
4093,2024-04-02,27.94
4094,2024-06-16,26.92
4094,2024-06-30,20.0
4094,2024-07-13,32.25
4094,2024-08-02,32.35
4094,2024-08-07,21.91
4094,2024-08-15,18.21
4094,2024-08-29,13.41
4094,2024-09-06,31.27
4094,2024-09-19,9.37
4094,2024-12-04,12.04
4094,2025-01-10,12.64
4094,2025-01-20,7.71
4094,2025-01-22,26.9
4094,2025-01-25,31.12
4094,2025-02-10,62.55
4094,2025-02-23,24.09
4094,2025-03-12,16.31
4094,2025-03-16,13.67
4094,2025-03-18,10.7
4094,2025-03-24,18.38
4094,2025-03-25,20.8
4094,2025-04-14,29.86
4094,2025-05-07,22.06
4094,2025-05-15,22.57
4094,2025-05-28,23.0
4094,2025-06-29,19.29
4094,2025-07-09,10.78
4094,2025-07-21,22.48
4094,2025-07-24,16.36
4094,2025-07-24,11.22
4094,2025-08-13,27.13
4094,2025-09-07,20.83
4094,2025-09-18,11.07
4094,2025-10-11,18.31
4094,2025-10-30,20.94
4094,2025-11-26,9.33
4094,2025-11-29,16.24
4094,2025-12-10,13.43
4094,2025-12-19,21.07
4095,2024-05-09,19.28
4096,2024-05-20,42.66
4096,2024-05-23,28.96
4096,2024-06-23,74.66
4096,2024-08-12,16.82
4096,2024-08-27,11.93
4096,2024-08-29,30.19
4096,2024-09-29,24.13
4096,2024-10-20,26.82
4096,2024-10-31,15.41
4096,2024-11-02,21.64
4096,2024-12-29,19.9
4096,2025-01-14,27.75
4096,2025-02-05,16.64
4096,2025-03-13,13.39
4096,2025-05-08,11.14
4096,2025-05-29,26.63
4096,2025-06-15,24.6
4096,2025-07-18,25.75
4096,2025-08-21,25.8
4096,2025-09-21,30.48
4096,2025-10-28,19.62
4097,2024-01-28,14.24
4098,2024-01-05,38.49
4098,2024-01-18,30.02
4098,2024-03-26,31.56
4098,2024-08-27,27.98
4099,2024-02-28,31.15
4099,2025-01-26,27.88
4100,2024-01-22,12.37
4101,2024-06-28,31.49
4101,2024-07-14,30.72
4101,2024-07-26,9.1
4101,2024-08-12,19.64
4101,2024-09-22,21.37
4101,2024-11-25,16.39
4101,2024-12-30,37.25
4101,2025-02-23,7.75
4101,2025-03-14,12.34
4102,2024-01-26,23.8
4102,2024-03-31,4.85
4103,2024-02-15,13.32
4104,2024-06-07,30.03
4104,2024-07-19,52.78
4104,2024-09-30,35.46
4104,2024-12-07,26.44
4104,2025-02-28,14.54
4104,2025-04-07,30.33
4104,2025-05-07,37.14
4104,2025-06-24,28.67
4104,2025-07-13,21.3
4104,2025-08-05,47.71
4104,2025-11-12,41.83
4105,2024-02-27,26.63
4106,2024-02-19,15.24
4106,2024-03-15,27.8
4106,2024-04-02,37.4
4106,2024-04-17,22.0
4107,2024-03-07,33.38
4108,2024-03-17,23.18
4109,2024-01-02,11.68
4109,2024-01-22,18.74
4110,2024-02-14,14.91
4111,2024-03-29,13.5
4111,2024-09-10,32.45
4111,2024-11-16,40.4
4111,2024-11-27,42.72
4111,2025-01-21,23.8
4111,2025-02-08,12.9
4111,2025-05-22,12.18
4111,2025-09-27,22.63
4112,2024-03-13,9.28
4112,2024-07-21,17.77
4113,2024-01-21,41.98
4113,2024-01-28,54.91
4113,2024-02-04,30.24
4113,2024-02-12,71.24
4113,2024-03-08,22.42
4113,2024-04-19,95.62
4113,2024-05-03,22.25
4113,2024-05-24,72.07
4113,2024-05-26,94.76
4113,2024-06-08,56.57
4113,2024-07-05,55.55
4113,2024-07-11,24.81
4113,2024-07-12,58.76
4113,2024-08-02,61.38
4113,2024-09-13,102.06
4113,2024-09-16,32.18
4113,2024-09-21,66.48
4113,2024-09-24,56.73
4113,2024-11-06,70.9
4113,2024-11-11,62.11
4113,2024-12-01,75.87
4113,2024-12-02,50.15
4113,2024-12-18,40.17
4113,2024-12-24,89.52
4113,2025-01-06,84.49
4113,2025-04-06,65.84
4113,2025-04-08,33.66
4113,2025-04-12,64.73
4113,2025-04-13,60.68
4113,2025-05-05,103.38
4113,2025-05-11,69.74
4113,2025-06-01,118.3
4113,2025-06-16,74.42
4113,2025-09-01,45.22
4113,2025-09-16,30.08
4113,2025-09-17,83.42
4113,2025-10-21,133.47
4113,2025-11-17,30.3
4114,2024-02-23,43.07
4115,2024-01-28,23.39
4116,2024-01-28,41.57
4116,2024-02-03,36.78
4116,2024-02-29,42.08
4116,2024-04-20,39.78
4117,2024-06-26,29.11
4118,2024-03-31,37.51
4119,2024-04-14,32.36
4119,2024-05-11,16.37
4119,2024-06-03,7.95
4119,2024-06-20,24.81
4119,2024-07-19,33.56
4119,2024-08-09,14.3
4119,2024-08-14,13.83
4119,2024-08-23,24.31
4119,2024-08-26,28.34
4119,2024-09-21,30.16
4119,2024-09-25,21.77
4119,2024-10-02,11.91
4120,2024-05-12,21.64
4121,2024-03-20,17.71
4121,2024-03-25,15.33
4121,2024-04-27,10.48
4121,2024-05-08,16.14
4121,2024-07-27,9.32
4121,2024-08-05,17.78
4121,2024-08-23,18.87
4121,2024-09-29,22.75
4121,2024-10-07,20.96
4121,2024-12-01,12.97
4121,2025-04-08,5.6
4121,2025-04-11,24.24
4121,2025-06-20,17.8
4121,2025-08-15,19.06
4121,2025-09-16,12.23
4122,2024-06-29,58.29
4122,2024-07-23,25.7
4122,2024-08-12,24.57
4122,2024-08-25,74.4
4122,2024-09-03,58.43
4123,2024-01-04,33.7
4124,2024-01-27,16.78
4125,2024-02-23,6.36
4126,2024-02-28,11.45
4126,2024-03-07,10.08
4126,2024-03-21,18.68
4126,2024-04-05,19.23
4126,2024-05-21,14.8
4126,2024-06-24,34.1
4126,2024-07-13,13.48
4126,2024-07-19,15.83
4126,2024-08-10,19.6
4126,2024-08-22,17.57
4126,2024-09-25,7.36
4126,2024-10-11,15.26
4126,2024-12-04,8.36
4126,2024-12-25,22.63
4126,2024-12-26,18.04
4126,2024-12-27,10.4
4126,2025-01-25,11.7
4126,2025-01-31,19.16
4126,2025-02-26,19.84
4126,2025-03-02,11.03
4126,2025-03-06,20.32
4126,2025-03-21,10.18
4126,2025-03-28,12.93
4126,2025-03-29,14.45
4126,2025-04-03,9.44
4126,2025-04-11,14.21
4126,2025-05-10,15.26
4126,2025-05-12,25.48
4126,2025-07-05,9.46
4126,2025-07-12,10.51
4126,2025-08-15,8.45
4126,2025-09-17,7.22
4126,2025-09-26,22.91
4126,2025-11-21,13.94
4126,2025-12-26,19.49
4127,2024-01-23,33.43
4127,2024-02-03,45.14
4127,2024-02-03,21.16
4127,2024-02-16,32.59
4127,2024-03-09,39.84
4127,2024-05-20,19.52
4127,2024-05-26,44.05
4127,2024-06-02,11.69
4127,2024-06-03,28.15
4127,2024-06-30,40.02
4127,2024-08-26,19.21
4127,2024-08-28,26.84
4127,2024-11-03,14.65
4128,2024-02-19,22.72
4128,2024-03-14,24.43
4128,2024-03-24,30.12
4128,2024-03-28,28.38
4128,2024-04-09,13.01
4129,2024-06-21,16.66
4129,2024-06-27,50.65
4129,2024-09-23,15.31
4129,2024-10-23,16.96
4129,2025-02-11,42.28
4129,2025-06-21,53.74
4129,2025-07-06,30.81
4129,2025-07-20,20.33
4129,2025-10-17,19.36
4129,2025-10-20,30.96
4129,2025-10-30,42.08
4129,2025-12-28,32.8
4130,2024-06-07,35.87
4130,2024-06-10,63.0
4130,2024-08-19,20.59
4130,2025-07-23,38.7
4130,2025-08-22,43.1
4130,2025-09-05,16.0
4130,2025-10-19,32.59
4131,2024-01-05,37.85
4131,2024-03-19,32.19
4131,2024-05-13,15.17
4131,2024-06-26,6.97
4131,2024-09-15,20.01
4131,2024-09-19,23.85
4131,2024-10-25,32.87
4131,2024-11-23,23.45
4131,2024-12-08,29.81
4132,2024-02-11,17.72
4132,2024-04-01,9.08
4132,2024-04-15,7.79
4133,2024-04-10,28.62
4133,2024-05-09,11.54
4133,2024-06-28,15.73
4133,2024-07-04,19.43
4134,2024-02-27,15.85
4135,2024-02-02,16.1
4135,2024-08-05,23.35
4135,2024-08-31,9.73
4135,2024-10-05,8.18
4135,2024-10-12,17.3
4136,2024-04-04,11.65
4137,2024-01-28,6.02
4137,2024-02-28,17.72
4137,2024-06-04,23.07
4138,2024-01-19,33.76
4138,2024-02-29,53.1
4138,2024-03-05,21.14
4139,2024-01-04,31.71
4140,2024-06-29,22.47
4141,2024-02-14,83.2
4141,2024-03-20,21.27
4142,2024-03-11,25.25
4142,2024-03-19,31.72
4142,2024-03-21,65.2
4142,2024-04-23,71.57
4142,2024-05-25,32.75
4142,2024-09-03,29.87
4142,2024-10-15,25.7
4142,2024-10-24,30.02
4142,2024-10-29,9.6
4143,2024-06-06,61.21
4143,2024-08-14,46.26
4143,2024-10-31,49.34
4143,2024-12-06,85.34
4144,2024-04-17,26.27
4144,2024-05-13,18.63
4144,2024-07-14,9.52
4144,2024-07-18,19.77
4144,2024-08-04,13.4
4144,2024-11-15,40.16
4144,2025-02-01,26.29
4144,2025-02-04,29.64
4144,2025-04-24,12.05
4144,2025-05-17,40.28
4144,2025-06-09,37.88
4144,2025-07-23,10.54
4144,2025-08-13,19.7
4144,2025-08-31,52.1
4145,2024-02-04,9.24
4145,2024-02-08,5.92
4145,2024-03-09,12.65
4145,2024-04-22,8.12
4145,2024-05-13,16.64
4146,2024-02-25,22.5
4147,2024-06-06,26.33
4148,2024-01-13,9.1
4149,2024-05-24,4.83
4149,2024-06-02,10.75
4149,2024-06-15,10.34
4149,2024-09-08,15.1
4149,2024-09-13,34.46
4149,2024-09-22,7.44
4149,2024-11-02,7.41
4149,2024-11-29,13.77
4149,2024-12-11,22.67
4149,2025-01-15,27.81
4149,2025-02-06,30.77
4149,2025-03-23,10.71
4149,2025-04-01,17.92
4149,2025-04-03,8.08
4149,2025-05-12,22.25
4149,2025-05-19,19.54
4149,2025-06-16,21.72
4149,2025-06-29,11.01
4149,2025-07-20,10.96
4149,2025-07-21,16.23
4149,2025-08-06,17.91
4149,2025-09-13,15.42
4149,2025-10-01,19.91
4149,2025-11-21,11.58
4150,2024-04-25,26.87
4151,2024-04-27,23.4
4151,2024-05-19,19.46
4151,2024-08-16,42.84
4151,2024-09-02,25.19
4151,2024-10-16,62.72
4151,2024-11-09,26.28
4151,2024-11-26,23.22
4151,2024-12-12,22.23
4151,2025-01-12,20.26
4151,2025-04-01,11.1
4151,2025-06-19,36.39
4151,2025-08-28,50.88
4151,2025-12-01,31.45
4151,2025-12-28,37.83
4152,2024-04-28,59.71
4152,2024-05-08,108.28
4152,2024-09-06,40.2
4152,2024-11-08,29.86
4153,2024-03-24,109.4
4153,2024-03-26,73.36
4153,2024-04-05,65.73
4153,2024-06-07,21.61
4153,2024-06-20,86.64
4153,2024-07-15,46.81
4153,2024-08-02,89.16
4154,2024-05-29,53.03
4154,2024-06-13,47.62
4155,2024-05-24,9.41
4155,2024-06-02,13.79
4155,2024-06-17,5.56
4155,2024-07-02,9.28
4155,2024-07-08,14.63
4155,2024-11-20,12.74
4155,2024-11-29,8.26
4155,2025-01-14,20.43
4155,2025-01-18,23.2
4156,2024-03-05,25.89
4156,2024-03-19,12.58
4156,2024-03-24,50.99
4156,2024-03-27,16.91
4156,2024-04-12,25.15
4156,2024-04-13,42.19
4156,2024-05-12,26.24
4156,2024-07-03,30.73
4156,2024-07-06,56.87
4156,2024-07-07,25.91
4156,2024-10-19,22.44
4156,2024-10-29,27.38
4156,2024-11-27,21.53
4156,2024-12-17,29.89
4156,2025-02-13,30.55
4156,2025-02-16,55.25
4156,2025-03-08,10.76
4156,2025-04-04,28.03
4156,2025-04-16,40.68
4157,2024-01-21,19.82
4157,2024-01-27,39.36
4157,2024-02-07,102.38
4157,2024-03-16,38.21
4157,2024-03-22,40.4
4158,2024-04-22,25.39
4158,2024-07-21,16.56
4158,2024-10-31,21.86
4158,2025-01-13,22.23
4158,2025-07-08,15.0
4158,2025-07-13,16.96
4158,2025-09-20,17.01
4159,2024-06-16,19.37
4159,2024-06-25,18.67
4160,2024-05-17,7.66
4160,2024-06-27,4.2
4160,2024-08-05,12.04
4160,2024-10-25,8.22
4160,2024-11-03,15.79
4161,2024-02-08,11.98
4161,2024-02-13,15.35
4162,2024-05-11,25.7
4163,2024-06-23,17.21
4164,2024-06-09,22.59
4164,2024-09-10,23.29
4164,2024-10-04,32.18
4164,2024-10-04,17.21
4165,2024-04-27,22.29
4165,2024-05-02,29.42
4165,2024-05-02,13.14
4165,2024-05-03,37.1
4165,2024-05-27,6.05
4165,2024-05-30,8.95
4165,2024-06-02,12.08
4165,2024-07-11,12.2
4165,2024-07-25,19.72
4165,2024-07-25,10.87
4165,2024-07-26,42.7
4165,2024-07-27,21.74
4165,2024-08-31,15.01
4165,2024-09-05,28.73
4165,2024-09-16,44.47
4165,2024-09-27,11.27
4165,2024-10-26,23.12
4165,2024-11-02,12.54
4165,2024-11-06,14.53
4165,2024-11-10,9.63
4165,2024-11-13,33.97
4165,2024-11-21,30.68
4165,2024-12-02,33.0
4165,2024-12-08,33.55
4165,2024-12-22,9.7
4165,2025-01-09,27.21
4165,2025-01-24,16.81
4165,2025-02-06,14.81
4165,2025-02-10,18.84
4165,2025-02-11,30.48
4165,2025-03-09,6.64
4165,2025-03-13,13.31
4165,2025-03-14,30.67
4165,2025-04-05,19.65
4165,2025-05-04,16.22
4165,2025-05-14,22.84
4166,2024-01-21,12.31
4167,2024-05-24,8.96
4168,2024-04-30,12.6
4168,2024-08-15,15.95
4168,2024-10-01,13.65
4168,2024-11-23,24.93
4168,2025-05-02,10.46
4168,2025-08-13,4.7
4168,2025-10-04,7.12
4169,2024-05-17,34.17
4169,2024-05-24,39.19
4169,2024-08-24,34.25
4169,2024-09-08,27.87
4169,2024-10-26,21.46
4169,2025-03-08,29.92
4169,2025-12-12,39.35
4170,2024-01-19,8.6
4170,2024-01-21,33.51
4170,2024-02-12,48.9
4170,2024-03-15,38.69
4170,2024-04-08,31.39
4170,2024-04-20,23.05
4170,2024-04-23,38.05
4170,2024-04-28,23.29
4171,2024-06-06,8.37
4171,2025-09-02,16.72
4172,2024-04-07,8.42
4173,2024-04-04,8.46
4173,2024-04-29,31.32
4173,2024-05-24,4.15
4173,2024-05-29,28.21
4173,2024-06-20,10.37
4173,2024-07-04,33.75
4173,2024-07-23,23.08
4173,2024-08-12,18.71
4173,2024-08-18,21.08
4173,2024-09-05,14.18
4173,2024-09-10,26.25
4173,2024-09-13,25.24
4173,2024-11-03,19.72
4173,2024-11-28,12.67
4173,2024-12-22,26.73
4173,2025-02-12,19.42
4173,2025-03-02,30.34
4173,2025-03-11,4.84
4173,2025-03-13,11.56
4173,2025-03-28,5.82
4173,2025-04-03,30.94
4173,2025-04-03,25.52
4173,2025-05-02,16.84
4174,2024-01-17,36.26
4175,2024-06-26,14.92
4176,2024-03-06,67.3
4177,2024-03-08,19.66
4177,2024-03-08,23.4
4178,2024-04-18,43.21
4178,2024-04-26,26.63
4179,2024-03-27,18.17
4179,2024-03-27,20.23
4179,2024-04-03,22.45
4179,2024-04-09,39.46
4179,2024-04-11,26.33
4179,2024-04-20,27.2
4179,2024-04-29,12.01
4179,2024-05-15,24.6
4179,2024-06-03,21.16
4179,2024-06-11,26.17
4180,2024-03-21,9.65
4180,2024-04-06,16.7
4180,2024-07-12,13.89
4180,2024-08-14,6.94
4180,2024-08-24,8.75
4180,2024-11-08,13.16
4180,2024-11-21,12.08
4181,2024-01-21,21.37
4181,2024-01-22,22.71
4181,2024-01-26,25.4
4181,2024-02-01,47.82
4181,2024-02-07,45.72
4181,2024-02-07,56.98
4181,2024-02-13,21.9
4181,2024-02-23,21.28
4181,2024-02-25,32.35
4181,2024-02-26,33.24
4181,2024-02-28,29.23
4181,2024-03-06,31.13
4181,2024-03-13,29.12
4181,2024-03-16,39.0
4181,2024-03-25,8.77
4181,2024-03-26,17.75
4181,2024-03-26,24.53
4181,2024-04-03,26.11
4181,2024-04-12,26.13
4181,2024-04-22,28.77
4181,2024-05-09,32.82
4182,2024-01-11,11.81
4182,2024-02-04,17.54
4182,2024-03-11,12.5
4182,2024-05-18,5.67
4182,2024-07-23,9.5
4182,2024-09-10,15.78
4182,2024-09-14,7.53
4182,2025-02-24,3.1
4182,2025-03-10,19.9
4182,2025-03-11,11.61
4182,2025-05-21,6.08
4182,2025-06-26,5.53
4182,2025-09-10,12.76
4182,2025-09-23,9.93
4183,2024-01-01,21.71
4183,2024-01-16,37.47
4183,2024-05-10,50.53
4183,2024-07-24,44.11
4184,2024-03-21,5.77
4184,2024-03-26,7.32
4184,2024-04-20,11.71
4185,2024-03-09,6.54
4186,2024-05-21,25.12
4186,2025-10-04,13.13
4187,2024-05-21,13.63
4187,2024-05-22,14.05
4187,2024-05-23,10.2
4187,2024-06-20,16.27
4187,2024-06-27,7.38
4187,2024-07-03,12.09
4187,2024-07-25,12.42
4187,2024-07-31,9.48
4187,2024-08-21,13.7
4187,2024-08-27,15.14
4187,2024-08-27,10.37
4187,2024-08-31,13.68
4187,2024-09-07,18.17
4187,2024-09-11,8.56
4187,2024-09-14,18.46
4187,2024-09-17,17.1
4187,2024-09-18,11.5
4187,2024-10-15,9.52
4187,2024-11-06,13.88
4187,2024-11-14,15.57
4187,2024-12-11,10.89
4187,2024-12-22,7.64
4187,2024-12-27,8.97
4187,2025-01-15,22.6
4187,2025-01-19,18.4
4187,2025-01-25,13.93
4187,2025-01-28,23.05
4187,2025-02-03,19.02
4187,2025-02-13,7.99
4187,2025-02-17,5.41
4187,2025-03-05,21.36
4187,2025-04-10,15.83
4187,2025-04-13,22.27
4187,2025-05-28,10.27
4187,2025-06-08,14.93
4187,2025-06-26,13.67
4187,2025-06-30,25.19
4187,2025-09-04,23.33
4187,2025-09-13,21.48
4187,2025-09-26,15.47
4187,2025-10-13,10.25
4187,2025-10-23,10.41
4187,2025-11-15,9.81
4187,2025-11-25,21.35
4188,2024-01-15,16.75
4188,2024-01-15,28.15
4188,2024-02-06,27.94
4188,2024-03-20,19.08
4188,2024-07-03,42.0
4188,2024-10-07,14.0
4188,2024-10-26,28.91
4188,2025-02-06,27.77
4188,2025-02-28,43.95
4188,2025-07-13,23.14
4189,2024-04-07,27.87
4189,2024-12-25,29.41
4189,2025-02-23,13.91
4189,2025-03-22,26.97
4189,2025-03-29,11.75
4189,2025-08-01,17.26
4189,2025-09-07,34.24
4189,2025-11-16,17.77
4189,2025-11-25,9.36
4190,2024-05-04,21.31
4191,2024-04-15,33.05
4192,2024-03-05,10.26
4192,2024-03-30,23.38
4192,2024-06-16,14.07
4192,2024-07-04,21.09
4192,2024-07-06,18.05
4192,2024-07-08,24.62
4192,2024-07-18,14.53
4192,2024-08-26,30.37
4192,2024-08-26,22.31
4192,2024-08-30,15.69
4192,2024-08-30,31.93
4192,2024-09-03,34.9
4192,2024-09-17,13.24
4192,2024-12-06,26.94
4192,2025-04-02,21.01
4192,2025-04-12,17.5
4192,2025-05-08,37.72
4192,2025-06-17,32.58
4192,2025-06-17,34.66
4192,2025-10-09,31.99
4192,2025-11-12,23.6
4192,2025-11-30,22.34
4192,2025-12-16,16.52
4193,2024-05-28,36.48
4193,2025-09-13,23.9
4193,2025-12-26,59.49
4194,2024-01-14,13.94
4194,2024-01-21,11.92
4194,2024-01-30,19.2
4194,2024-02-02,25.83
4194,2024-02-14,16.46
4194,2024-02-28,31.31
4194,2024-03-31,16.98
4194,2024-04-16,8.05
4194,2024-04-21,13.23
4194,2024-04-27,21.42
4194,2024-05-11,10.57
4194,2024-05-13,10.65
4194,2024-05-14,15.8
4194,2024-05-14,37.82
4194,2024-05-20,22.68
4194,2024-06-03,17.22
4194,2024-06-06,7.48
4194,2024-06-18,13.24
4194,2024-06-23,21.24
4194,2024-06-24,13.1
4194,2024-06-25,9.39
4194,2024-07-19,8.04
4194,2024-07-19,4.68
4194,2024-07-22,15.57
4195,2024-02-01,29.02
4195,2024-04-14,14.77
4195,2025-03-30,30.09
4196,2024-04-02,32.37
4196,2024-04-04,22.06
4196,2024-04-07,33.28
4196,2024-04-18,31.08
4196,2024-05-04,18.43
4196,2024-05-21,41.33
4196,2024-06-17,24.56
4196,2024-07-12,41.01
4197,2024-02-22,32.42
4198,2024-01-15,31.72
4198,2024-06-18,41.4
4198,2024-06-22,29.64
4198,2024-06-26,30.63
4198,2024-07-12,47.82
4198,2025-05-22,13.46
4198,2025-06-01,37.21
4198,2025-08-06,35.48
4198,2025-12-21,45.67
4199,2024-06-27,52.99
4199,2025-10-18,46.59
4200,2024-05-23,18.56
4201,2024-05-05,14.32
4201,2024-09-15,14.01
4201,2024-09-17,6.54
4201,2024-10-27,9.57
4201,2024-11-15,8.78
4202,2024-02-10,20.0
4203,2024-04-16,13.08
4204,2024-04-03,25.63
4205,2024-03-30,46.1
4205,2024-05-18,31.9
4205,2024-08-14,32.56
4205,2024-08-22,41.81
4205,2024-09-01,89.83
4205,2025-04-08,71.51
4205,2025-05-07,69.67
4205,2025-05-28,33.26
4205,2025-08-13,58.25
4206,2024-02-18,10.69
4206,2024-04-17,14.22
4206,2024-05-03,13.79
4206,2024-05-09,25.13
4206,2024-05-21,29.51
4206,2024-05-24,13.57
4206,2024-06-17,13.2
4206,2024-07-03,11.45
4206,2024-07-19,14.29
4206,2024-08-12,11.01
4206,2024-08-31,11.38
4206,2024-10-01,11.96
4206,2024-10-27,16.79
4206,2024-11-13,8.61
4206,2024-11-29,11.3
4206,2024-12-08,9.74
4206,2025-01-18,4.43
4206,2025-01-19,8.36
4206,2025-01-26,15.1
4206,2025-02-06,14.32
4206,2025-02-11,17.37
4206,2025-03-25,11.86
4206,2025-05-26,13.14
4206,2025-06-05,23.51
4206,2025-07-30,26.05
4206,2025-08-03,13.02
4206,2025-08-08,13.36
4206,2025-09-07,16.34
4206,2025-11-10,20.28
4206,2025-11-16,8.02
4206,2025-11-29,18.87
4207,2024-03-13,22.19
4207,2024-06-03,15.06
4207,2024-06-16,22.8
4207,2024-07-15,12.18
4207,2024-08-04,36.92
4207,2024-10-28,23.79
4207,2025-01-11,17.72
4207,2025-09-25,17.88
4207,2025-10-01,7.46
4207,2025-11-21,31.83
4208,2024-05-05,17.53
4208,2024-05-31,28.48
4209,2024-01-31,20.73
4210,2024-01-25,41.23
4210,2024-01-27,30.35
4211,2024-05-02,14.42
4211,2024-05-25,11.46
4211,2024-06-05,23.88
4211,2024-06-23,10.02
4211,2024-07-14,9.64
4211,2024-08-27,14.61
4211,2024-09-19,17.31
4211,2024-11-02,20.45
4211,2024-12-15,16.42
4211,2025-01-20,28.01
4211,2025-02-04,11.56
4211,2025-03-18,9.44
4211,2025-04-02,24.32
4211,2025-04-21,20.95
4211,2025-04-26,39.14
4211,2025-05-11,8.16
4211,2025-06-30,18.29
4211,2025-10-12,19.43
4211,2025-10-26,28.95
4211,2025-11-14,20.02
4212,2024-06-21,22.41
4212,2024-07-31,19.88
4212,2024-08-17,46.18
4212,2024-08-21,21.72
4212,2024-10-22,23.36
4212,2024-12-13,14.12
4212,2024-12-14,15.87
4212,2024-12-18,50.72
4212,2024-12-21,28.58
4212,2024-12-31,25.31
4212,2025-01-12,32.31
4212,2025-02-10,22.37
4212,2025-03-25,13.01
4212,2025-04-04,21.18
4212,2025-06-13,26.01
4212,2025-07-15,38.77
4212,2025-07-31,23.12
4212,2025-10-09,22.29
4212,2025-11-03,11.88
4212,2025-11-24,48.51
4212,2025-12-03,18.67
4213,2024-06-06,67.77
4213,2024-07-01,59.7
4213,2024-08-11,50.8
4213,2024-11-07,41.22
4213,2024-11-14,34.21
4213,2024-12-24,40.55
4213,2025-01-04,54.4
4213,2025-01-10,63.52
4213,2025-01-18,50.74
4213,2025-02-08,16.23
4213,2025-03-01,65.2
4214,2024-01-28,36.94
4214,2024-02-27,45.6
4214,2024-05-02,36.58
4215,2024-03-12,14.38
4216,2024-04-25,168.83
4216,2024-05-28,92.37
4217,2024-02-15,22.08
4217,2024-03-23,24.89
4217,2024-03-25,17.12
4217,2024-04-13,36.29
4217,2024-07-07,24.65
4217,2024-09-15,29.08
4217,2024-09-19,28.7
4217,2024-09-26,22.61
4217,2024-10-28,11.05
4217,2024-11-11,19.48
4217,2024-12-29,49.28
4217,2025-01-09,32.44
4217,2025-04-24,13.35
4217,2025-09-06,37.78
4218,2024-03-03,7.62
4218,2024-03-06,14.91
4218,2024-03-10,18.6
4218,2024-03-23,13.97
4218,2024-05-22,24.55
4218,2024-06-04,23.29
4218,2024-06-04,12.93
4218,2024-06-29,11.52
4218,2024-07-03,17.88
4218,2024-07-04,11.28
4218,2024-07-20,12.74
4218,2024-07-25,33.23
4218,2024-08-04,15.71
4218,2024-08-22,13.35
4218,2024-08-24,12.53
4218,2024-09-30,12.65
4218,2024-10-01,38.17
4218,2024-10-13,20.24
4218,2024-10-19,9.35
4218,2024-11-17,12.81
4218,2024-11-23,21.54
4218,2024-12-07,26.82
4218,2024-12-20,13.09
4218,2024-12-21,15.43
4218,2025-01-27,8.72
4218,2025-02-02,11.71
4218,2025-02-12,16.36
4218,2025-02-14,15.18
4218,2025-02-16,15.51
4218,2025-03-24,20.1
4218,2025-04-09,8.3
4218,2025-04-24,15.21
4218,2025-05-07,22.41
4218,2025-05-19,17.79
4218,2025-05-24,28.91
4218,2025-06-01,21.28
4218,2025-06-15,12.88
4218,2025-06-17,22.01
4218,2025-06-27,34.57
4218,2025-07-04,11.46
4218,2025-07-11,12.02
4218,2025-07-12,7.64
4218,2025-07-20,9.9
4218,2025-07-31,17.23
4218,2025-08-02,14.49
4218,2025-08-05,12.27
4218,2025-09-13,15.57
4218,2025-09-14,13.21
4218,2025-09-19,15.8
4218,2025-10-03,11.69
4218,2025-10-07,23.51
4218,2025-10-09,19.74
4218,2025-11-01,8.62
4218,2025-11-01,15.76
4218,2025-11-11,14.45
4218,2025-11-19,13.74
4218,2025-11-22,8.3
4218,2025-11-27,16.91
4218,2025-12-15,19.32
4219,2024-02-09,2.94
4220,2024-04-13,26.46
4221,2024-01-16,19.07
4222,2024-06-01,12.85
4223,2024-04-04,23.44
4224,2024-01-30,20.16
4224,2024-02-04,33.56
4225,2024-03-03,48.1
4225,2024-06-02,11.27
4225,2024-06-08,52.05
4225,2024-06-21,42.56
4225,2024-07-23,26.97
4225,2024-08-28,46.78
4226,2024-01-06,18.81
4227,2024-04-05,25.54
4227,2024-08-30,46.53
4227,2024-10-07,32.79
4228,2024-06-23,17.65
4228,2024-06-24,12.8
4229,2024-05-07,13.34
4230,2024-01-01,6.05
4230,2024-10-10,7.98
4231,2024-01-02,14.03
4231,2024-01-04,23.83
4231,2024-01-04,43.23
4231,2024-01-07,28.35
4231,2024-01-16,23.62
4231,2024-01-17,13.19
4231,2024-01-31,14.63
4231,2024-02-05,14.88
4231,2024-02-11,11.97
4231,2024-02-16,14.45
4231,2024-02-19,21.91
4231,2024-03-11,16.77
4231,2024-03-15,26.83
4231,2024-04-01,25.06
4231,2024-04-07,30.2
4231,2024-04-15,22.68
4231,2024-04-22,26.01
4231,2024-05-22,34.43
4231,2024-05-24,10.21
4231,2024-06-08,24.6
4231,2024-06-23,22.76
4231,2024-08-17,33.05
4231,2024-08-17,32.85
4231,2024-08-24,16.1
4231,2024-09-03,16.84
4231,2024-09-11,24.41
4231,2024-09-16,9.86
4231,2024-10-08,15.27
4231,2024-10-18,6.55
4231,2024-11-01,21.31
4231,2024-11-01,15.84
4231,2024-11-06,20.23
4231,2024-11-11,16.55
4231,2024-11-15,5.42
4231,2024-11-17,29.67
4231,2024-12-04,34.89
4231,2024-12-05,24.11
4231,2024-12-15,18.57
4231,2024-12-17,13.41
4231,2024-12-18,40.2
4231,2025-01-13,25.37
4231,2025-03-04,29.42
4231,2025-03-07,13.9
4231,2025-04-14,26.18
4231,2025-04-23,10.94
4231,2025-04-24,21.48
4231,2025-06-08,14.37
4231,2025-06-08,25.97
4231,2025-06-10,16.87
4231,2025-06-21,20.8
4231,2025-06-21,19.67
4231,2025-06-27,12.71
4231,2025-07-09,25.13
4231,2025-07-17,23.13
4231,2025-07-25,36.74
4231,2025-08-02,22.64
4231,2025-08-04,27.38
4231,2025-09-02,24.33
4231,2025-09-05,36.5
4231,2025-09-09,5.64
4231,2025-09-15,17.64
4231,2025-09-17,15.68
4231,2025-09-18,29.13
4231,2025-09-20,13.6
4231,2025-09-25,13.56
4231,2025-09-27,20.1
4231,2025-10-21,14.48
4231,2025-11-06,34.82
4231,2025-11-10,7.89
4231,2025-11-12,28.53
4231,2025-11-13,21.64
4231,2025-11-19,12.38
4231,2025-11-20,30.6
4231,2025-11-26,11.0
4231,2025-12-21,19.2
4231,2025-12-25,22.55
4232,2024-05-09,20.39
4232,2024-05-31,30.62
4233,2024-05-25,34.29
4233,2024-06-05,18.82
4233,2024-06-11,21.33
4233,2024-06-16,19.26
4233,2024-07-03,40.71
4233,2024-08-08,16.23
4233,2024-08-29,19.74
4233,2024-08-30,28.17
4233,2024-09-02,31.12
4233,2024-09-06,23.57
4233,2024-09-13,11.62
4233,2024-09-23,44.68
4233,2024-09-30,17.49
4233,2024-10-12,37.02
4233,2024-12-26,32.22
4233,2025-01-09,16.42
4233,2025-02-19,14.51
4233,2025-02-23,29.2
4233,2025-03-04,19.85
4233,2025-03-09,38.93
4233,2025-03-10,17.34
4233,2025-04-02,26.04
4233,2025-04-05,27.66
4233,2025-05-08,32.0
4233,2025-05-11,15.35
4233,2025-06-07,31.54
4233,2025-06-10,20.34
4233,2025-06-17,23.08
4233,2025-06-19,33.25
4233,2025-06-26,53.93
4233,2025-07-18,34.43
4233,2025-07-21,19.05
4233,2025-08-02,20.25
4233,2025-08-05,20.26
4233,2025-08-18,24.42
4233,2025-08-24,41.74
4233,2025-08-28,26.75
4233,2025-09-01,25.32
4233,2025-09-07,14.77
4233,2025-09-23,52.78
4233,2025-09-26,20.14
4233,2025-09-26,27.44
4233,2025-10-02,28.57
4233,2025-10-27,27.74
4233,2025-11-15,28.35
4233,2025-12-09,34.64
4234,2024-04-14,27.5
4235,2024-04-15,18.67
4235,2024-04-16,17.47
4236,2024-05-15,8.08
4236,2024-05-19,15.21
4236,2024-05-28,22.08
4236,2024-06-01,22.65
4236,2024-07-09,12.39
4236,2024-08-20,9.46
4236,2024-09-04,22.33
4236,2024-09-12,16.55
4236,2024-09-17,23.67
4236,2024-10-08,18.49
4236,2024-10-22,19.52
4236,2024-10-31,16.55
4236,2024-11-11,20.9
4236,2024-12-04,18.17
4236,2024-12-05,28.32
4236,2024-12-05,15.82
4236,2025-01-20,31.19
4236,2025-02-06,31.05
4236,2025-03-03,33.08
4236,2025-04-17,39.35
4236,2025-04-17,38.46
4236,2025-04-22,20.72
4236,2025-05-15,21.93
4236,2025-05-22,27.24
4236,2025-06-09,35.19
4236,2025-06-12,16.92
4236,2025-06-30,15.54
4236,2025-07-16,37.16
4236,2025-07-31,17.57
4236,2025-08-18,13.73
4236,2025-09-06,26.46
4236,2025-09-07,13.66
4236,2025-10-04,19.93
4236,2025-10-07,26.84
4236,2025-11-26,24.66
4237,2024-04-01,41.61
4237,2024-05-31,45.67
4237,2024-12-21,53.05
4238,2024-01-25,47.25
4238,2024-01-30,54.23
4239,2024-06-19,90.11
4239,2024-06-25,89.07
4239,2024-07-19,53.41
4239,2024-07-22,26.14
4239,2024-08-25,50.0
4239,2024-10-18,42.41
4239,2024-11-12,21.18
4240,2024-05-31,20.87
4241,2024-04-25,45.58
4241,2024-05-18,29.45
4241,2024-06-01,23.46
4241,2024-06-06,15.92
4241,2024-08-11,28.0
4241,2024-08-26,21.31
4241,2024-09-02,27.61
4242,2024-05-25,34.46
4242,2024-07-27,22.58
4243,2024-06-17,16.02
4243,2024-06-26,42.17
4243,2024-07-07,35.08
4243,2024-07-18,45.6
4243,2024-07-22,30.89
4243,2024-07-23,42.77
4243,2024-07-23,24.33
4243,2024-07-24,12.6
4243,2024-07-24,16.77
4243,2024-08-16,41.62
4243,2024-09-01,28.37
4243,2024-09-10,36.13
4243,2024-09-12,15.93
4243,2024-09-15,13.58
4243,2024-11-12,25.74
4243,2024-11-18,13.13
4243,2024-12-02,32.17
4243,2024-12-03,36.86
4243,2024-12-06,27.3
4243,2024-12-13,19.01
4243,2024-12-16,24.86
4243,2024-12-21,35.3
4243,2025-01-04,28.88
4243,2025-01-07,21.0
4243,2025-01-12,15.57
4243,2025-01-15,32.99
4243,2025-01-22,16.14
4243,2025-02-08,10.11
4243,2025-02-20,15.77
4243,2025-02-23,53.13
4243,2025-02-26,12.15
4243,2025-03-09,43.92
4243,2025-03-14,26.95
4243,2025-03-17,38.62
4243,2025-04-06,36.16
4243,2025-04-14,19.88
4243,2025-04-16,36.45
4243,2025-04-18,18.81
4243,2025-04-18,14.24
4243,2025-04-24,26.27
4243,2025-04-26,26.35
4243,2025-05-16,12.71
4243,2025-05-21,12.26
4243,2025-05-25,17.7
4243,2025-06-11,30.64
4243,2025-06-13,34.16
4243,2025-07-01,35.82
4243,2025-07-15,25.45
4243,2025-07-27,30.98
4243,2025-08-15,16.88
4243,2025-08-15,29.29
4243,2025-09-01,22.73
4243,2025-09-17,7.91
4243,2025-09-30,38.78
4243,2025-10-06,32.0
4243,2025-10-30,28.72
4243,2025-11-03,24.16
4243,2025-11-05,50.87
4243,2025-11-09,13.9
4243,2025-11-18,30.99
4243,2025-12-06,21.33
4243,2025-12-17,28.39
4243,2025-12-26,24.36
4244,2024-03-18,8.24
4245,2024-01-31,24.56
4245,2024-04-17,15.94
4245,2024-05-28,24.17
4245,2024-09-05,31.58
4245,2024-09-08,20.21
4246,2024-01-30,44.5
4246,2024-08-23,29.23
4246,2025-01-17,42.13
4246,2025-01-26,40.63
4246,2025-01-27,63.84
4246,2025-06-05,51.59
4246,2025-07-29,64.23
4247,2024-06-22,33.5
4247,2024-11-24,13.39
4247,2025-06-21,11.47
4247,2025-09-14,17.05
4248,2024-01-23,118.4
4248,2024-07-06,41.42
4248,2024-09-01,30.61
4248,2024-11-22,30.18
4248,2025-01-22,88.09
4248,2025-02-08,69.59
4248,2025-06-19,70.87
4248,2025-11-07,37.38
4249,2024-04-26,20.94
4250,2024-01-06,15.75
4251,2024-06-08,12.23
4252,2024-02-04,17.5
4252,2024-04-26,43.48
4252,2024-04-29,25.65
4252,2024-05-11,19.6
4252,2024-05-18,28.97
4252,2024-05-19,17.38
4252,2024-05-28,24.48
4252,2024-07-01,34.46
4252,2024-07-06,18.72
4252,2024-07-19,30.61
4252,2024-07-27,49.9
4252,2024-08-12,23.98
4252,2024-08-21,66.65
4252,2024-08-24,17.18
4252,2024-09-14,32.73
4252,2024-10-16,33.98
4252,2024-10-19,37.62
4252,2024-11-12,24.67
4252,2024-11-16,15.51
4252,2024-12-08,52.95
4252,2024-12-13,10.03
4252,2025-01-21,35.03
4252,2025-02-21,27.82
4252,2025-03-09,17.77
4252,2025-03-10,50.16
4252,2025-03-19,27.87
4252,2025-04-24,11.74
4252,2025-04-25,18.72
4253,2024-02-02,32.32
4253,2024-02-06,32.08
4253,2024-03-03,11.58
4253,2024-03-05,50.17
4253,2024-03-19,62.45
4253,2024-03-26,36.89
4253,2024-04-09,19.89
4253,2024-04-18,25.12
4253,2024-04-22,59.54
4253,2024-05-10,36.24
4253,2024-05-29,6.72
4253,2024-05-29,35.6
4253,2024-06-15,10.35
4253,2024-07-13,46.96
4253,2024-07-29,48.87
4253,2024-08-09,25.59
4253,2024-10-02,41.19
4253,2024-10-04,21.83
4253,2024-10-29,25.06
4253,2024-11-07,33.21
4253,2024-11-21,30.2
4253,2024-11-28,8.62
4253,2024-12-03,39.55
4253,2024-12-18,27.67
4253,2024-12-24,34.29
4253,2025-01-18,14.12
4253,2025-01-20,23.82
4253,2025-01-30,23.77
4253,2025-02-12,27.46
4253,2025-02-25,25.45
4253,2025-03-11,29.77
4253,2025-03-30,53.03
4253,2025-04-01,41.49
4254,2024-06-16,22.53
4254,2024-07-16,27.28
4255,2024-03-16,34.19
4256,2024-05-04,46.12
4256,2024-05-06,26.65
4256,2024-05-20,62.21
4256,2024-06-06,34.21
4256,2024-06-15,41.4
4256,2024-07-30,19.4
4256,2024-08-03,39.29
4257,2024-01-24,16.48
4257,2024-01-28,30.63
4258,2024-03-27,9.36
4258,2024-08-29,21.0
4258,2024-11-05,10.53
4258,2024-12-30,14.83
4258,2025-03-01,15.16
4258,2025-08-26,11.1
4258,2025-10-11,18.17
4258,2025-11-02,9.06
4259,2024-05-19,14.15
4259,2024-05-20,14.7
4259,2024-05-22,19.35
4259,2024-05-25,22.96
4259,2024-06-23,23.89
4259,2024-07-30,16.19
4259,2024-08-04,25.62
4259,2024-09-09,9.45
4259,2024-09-20,15.31
4259,2024-09-22,27.26
4259,2024-09-27,16.48
4259,2024-10-05,14.61
4259,2024-10-06,40.92
4259,2024-10-06,17.69
4259,2024-10-15,19.89
4259,2024-10-23,26.94
4259,2024-10-30,33.12
4259,2024-11-03,51.05
4259,2024-11-03,34.63
4259,2024-11-10,35.12
4259,2024-11-24,35.68
4259,2024-12-04,11.46
4259,2024-12-15,22.36
4259,2024-12-19,30.88
4259,2024-12-25,23.53
4259,2025-02-09,14.99
4259,2025-02-13,22.18
4259,2025-02-25,7.48
4259,2025-03-07,23.2
4259,2025-03-15,23.57
4259,2025-04-28,19.62
4259,2025-04-28,16.94
4259,2025-04-29,16.92
4259,2025-05-04,20.49
4259,2025-05-08,27.3
4259,2025-05-16,10.28
4259,2025-05-23,26.06
4259,2025-06-03,29.97
4259,2025-06-16,44.02
4259,2025-07-06,22.1
4259,2025-07-12,33.84
4259,2025-07-13,19.39
4259,2025-07-14,14.16
4259,2025-07-31,30.75
4259,2025-08-02,22.61
4259,2025-08-07,23.76
4259,2025-08-14,24.6
4259,2025-08-30,24.25
4259,2025-09-18,37.24
4259,2025-09-28,15.96
4259,2025-09-29,31.76
4259,2025-10-20,24.76
4259,2025-11-09,17.13
4259,2025-11-13,26.01
4259,2025-11-17,13.47
4259,2025-11-27,23.52
4259,2025-11-29,15.75
4260,2024-03-06,68.72
4260,2024-03-26,53.22
4260,2024-04-27,50.12
4260,2024-05-02,63.43
4260,2024-05-05,23.7
4260,2024-05-09,26.18
4260,2024-06-18,68.5
4260,2024-06-19,55.03
4261,2024-03-28,20.58
4262,2024-01-13,11.52
4262,2024-02-22,25.68
4263,2024-02-26,17.28
4263,2024-02-29,15.37
4264,2024-05-08,12.1
4264,2024-06-10,20.07
4264,2024-06-25,21.33
4264,2024-07-17,17.78
4264,2024-08-21,17.52
4264,2024-09-05,29.39
4264,2024-12-13,8.7
4264,2025-01-13,15.7
4264,2025-03-04,15.43
4264,2025-03-12,12.21
4264,2025-04-13,27.21
4264,2025-04-25,36.14
4264,2025-06-17,60.22
4264,2025-06-23,22.4
4264,2025-06-25,13.66
4264,2025-07-15,29.51
4264,2025-08-22,21.37
4264,2025-10-11,38.74
4265,2024-04-19,18.34
4265,2024-04-23,23.92
4265,2024-08-30,22.96
4265,2024-10-19,21.19
4266,2024-03-20,25.28
4266,2024-04-05,23.09
4266,2024-04-25,23.65
4266,2024-06-15,25.58
4266,2024-07-14,42.65
4266,2024-10-10,51.45
4266,2024-10-11,10.6
4266,2024-10-11,29.75
4266,2024-11-09,15.17
4266,2024-12-05,16.51
4266,2024-12-30,22.94
4266,2025-01-06,33.2
4266,2025-02-12,28.14
4266,2025-02-12,12.4
4266,2025-02-27,26.22
4266,2025-03-14,22.37
4266,2025-05-20,26.4
4266,2025-07-01,20.45
4266,2025-07-07,20.84
4266,2025-08-23,33.21
4266,2025-08-25,24.73
4266,2025-09-16,33.08
4266,2025-09-26,17.7
4266,2025-12-10,25.39
4267,2024-04-13,8.35
4268,2024-03-17,13.46
4268,2024-04-16,14.77
4268,2024-05-05,18.79
4268,2024-06-27,18.95
4268,2024-07-23,16.8
4268,2024-09-06,24.44
4268,2024-10-03,34.51
4268,2025-01-07,18.1
4269,2024-06-14,21.04
4269,2024-07-14,18.47
4269,2024-08-09,20.43
4269,2024-08-11,25.95
4269,2024-08-29,13.79
4269,2024-09-07,11.48
4269,2024-09-18,11.56
4269,2024-10-14,15.62
4269,2024-11-01,8.66
4269,2024-12-04,10.12
4269,2025-02-15,7.6
4269,2025-02-17,20.17
4269,2025-04-03,20.22
4269,2025-04-07,22.71
4269,2025-04-22,24.32
4269,2025-06-12,13.67
4269,2025-06-27,23.42
4269,2025-07-11,24.32
4269,2025-07-11,12.3
4269,2025-09-01,11.34
4269,2025-09-20,21.34
4269,2025-10-24,19.5
4269,2025-12-07,24.99
4270,2024-02-26,15.61
4270,2024-03-11,21.91
4270,2024-07-01,15.15
4270,2024-07-09,32.93
4270,2024-11-28,19.67
4270,2024-12-29,16.67
4270,2025-01-21,27.49
4270,2025-02-23,14.17
4270,2025-03-20,23.29
4270,2025-04-12,14.44
4270,2025-05-01,40.65
4270,2025-06-23,11.99
4270,2025-09-11,18.43
4271,2024-04-04,15.99
4271,2024-04-14,39.76
4272,2024-05-15,18.18
4272,2024-07-09,21.35
4272,2024-09-11,48.15
4272,2024-09-11,22.18
4272,2024-10-22,25.37
4272,2025-01-23,33.12
4272,2025-02-12,56.27
4272,2025-04-27,86.22
4272,2025-06-13,18.45
4272,2025-07-28,48.53
4272,2025-08-23,35.59
4272,2025-09-02,38.5
4272,2025-10-20,34.4
4272,2025-11-25,48.91
4273,2024-01-26,14.76
4273,2024-02-06,22.99
4273,2024-02-12,29.15
4273,2024-02-28,11.26
4273,2024-02-29,37.37
4273,2024-03-08,30.1
4273,2024-03-22,22.03
4274,2024-02-23,23.16
4275,2024-04-18,25.25
4275,2024-04-20,46.44
4275,2024-05-09,24.1
4275,2024-05-29,25.62
4275,2024-08-13,41.82
4275,2024-09-13,32.82
4275,2024-09-20,37.24
4275,2024-10-24,23.7
4275,2024-10-29,16.48
4275,2024-11-06,18.15
4275,2024-11-09,33.36
4275,2024-11-24,22.57
4275,2024-12-01,27.37
4275,2024-12-11,24.45
4275,2024-12-16,17.38
4275,2025-01-12,28.4
4275,2025-01-19,24.53
4275,2025-02-01,41.41
4275,2025-03-10,29.25
4275,2025-06-05,39.45
4275,2025-06-06,14.92
4275,2025-08-06,44.16
4276,2024-02-25,74.26
4276,2025-07-01,53.63
4277,2024-06-22,66.26
4278,2024-03-06,10.57
4278,2024-03-06,14.11
4278,2024-03-21,6.64
4278,2024-04-02,14.91
4278,2024-04-20,5.14
4278,2024-05-17,18.49
4278,2024-05-26,12.24
4278,2024-06-02,13.45
4278,2024-06-09,8.71
4278,2024-06-29,7.92
4278,2024-07-03,9.72
4278,2024-07-06,7.78
4278,2024-07-12,6.45
4278,2024-07-15,6.48
4278,2024-07-21,14.81
4278,2024-08-17,6.52
4278,2024-09-16,6.58
4278,2024-09-26,8.43
4278,2024-09-29,15.64
4278,2024-10-02,6.02
4278,2024-10-08,11.64
4278,2024-10-22,13.59
4278,2024-10-24,15.44
4278,2024-10-27,9.25
4278,2024-10-27,14.73
4278,2024-10-31,8.97
4278,2024-11-02,6.58
4278,2024-11-03,10.19
4278,2024-11-03,14.18
4278,2024-11-08,10.14
4278,2024-11-16,8.84
4278,2024-11-23,8.43
4278,2024-11-26,14.75
4278,2024-11-27,7.28
4278,2024-12-13,11.37
4278,2024-12-21,8.77
4278,2024-12-31,19.34
4278,2025-01-03,13.64
4278,2025-01-09,7.18
4278,2025-01-16,17.43
4278,2025-01-17,4.79
4278,2025-01-18,5.26
4279,2024-06-03,14.32
4279,2024-08-10,20.2
4279,2024-09-12,26.59
4280,2024-01-19,52.68
4281,2024-04-07,20.17
4281,2024-07-05,26.34
4281,2024-07-22,28.32
4281,2024-07-26,23.75
4281,2024-07-31,11.75
4281,2024-09-30,19.52
4281,2024-10-11,27.01
4281,2024-11-06,15.02
4281,2024-11-13,31.76
4281,2024-11-28,19.14
4281,2024-12-05,13.62
4281,2025-01-21,24.62
4281,2025-01-24,9.27
4281,2025-02-15,18.13
4281,2025-03-09,20.81
4281,2025-04-03,27.47
4281,2025-04-25,27.15
4281,2025-06-01,15.87
4281,2025-07-14,21.97
4281,2025-09-17,15.72
4281,2025-09-27,24.24
4281,2025-09-28,36.56
4281,2025-09-29,9.97
4281,2025-10-03,24.86
4281,2025-10-22,13.12
4281,2025-11-14,22.5
4281,2025-11-15,22.08
4282,2024-06-15,13.36
4283,2024-03-29,9.07
4284,2024-05-13,13.3
4284,2024-05-23,27.09
4284,2024-05-24,15.96
4285,2024-05-31,11.03
4285,2024-07-25,30.02
4285,2024-08-14,14.38
4285,2024-09-24,21.77
4285,2024-10-14,11.66
4285,2024-10-22,13.31
4285,2024-12-25,11.06
4285,2025-02-02,22.4
4285,2025-02-14,15.18
4285,2025-05-23,42.65
4285,2025-06-21,25.27
4285,2025-06-30,13.56
4285,2025-07-27,20.96
4285,2025-09-24,33.49
4285,2025-12-10,13.67
4285,2025-12-19,15.29
4285,2025-12-23,10.06
4286,2024-05-30,85.48
4287,2024-02-06,39.27
4287,2024-02-23,20.73
4288,2024-01-19,39.09
4288,2024-02-15,11.35
4288,2024-11-04,43.12
4289,2024-03-26,34.85
4289,2024-04-21,18.76
4289,2024-06-23,13.55
4289,2024-07-29,22.84
4290,2024-04-16,6.21
4290,2024-06-05,16.38
4291,2024-03-07,22.68
4292,2024-01-03,11.22
4293,2024-03-03,46.44
4294,2024-01-13,74.7
4294,2024-02-01,54.95
4295,2024-06-11,20.94
4295,2025-01-14,25.49
4295,2025-02-26,33.6
4295,2025-09-09,17.14
4296,2024-01-17,12.46
4296,2024-01-31,20.95
4296,2024-02-20,20.19
4297,2024-04-02,20.53
4297,2024-05-04,35.35
4297,2024-06-23,26.23
4297,2024-09-04,32.89
4297,2025-02-13,29.36
4297,2025-05-12,18.3
4297,2025-07-11,16.58
4298,2024-03-26,20.73
4298,2024-06-11,15.72
4298,2025-02-14,26.64
4298,2025-08-08,29.34
4298,2025-08-13,36.12
4299,2024-03-21,32.23
4300,2024-05-31,4.42
4301,2024-06-13,11.49
4301,2024-07-05,10.48
4302,2024-05-02,8.31
4302,2024-08-07,26.56
4302,2024-10-31,15.7
4303,2024-01-07,20.34
4304,2024-03-07,57.15
4304,2024-04-04,36.47
4304,2024-05-11,58.9
4304,2024-05-21,55.97
4304,2024-06-03,54.75
4304,2024-07-23,39.39
4304,2024-08-10,50.81
4304,2024-10-31,55.07
4304,2024-11-27,54.6
4304,2024-11-28,46.56
4304,2024-12-04,51.18
4304,2024-12-25,58.91
4304,2024-12-31,40.0
4304,2025-01-14,39.28
4304,2025-01-22,65.08
4304,2025-03-16,47.52
4304,2025-05-31,66.42
4304,2025-06-22,40.33
4304,2025-08-28,63.37
4304,2025-09-25,53.21
4304,2025-10-03,50.35
4304,2025-11-02,22.63
4305,2024-03-10,56.7
4306,2024-04-12,11.54
4306,2024-05-16,17.24
4306,2024-05-25,8.93
4306,2024-05-27,19.36
4306,2024-05-28,6.19
4307,2024-06-11,10.17
4308,2024-06-14,7.83
4308,2025-07-02,19.68
4308,2025-08-01,13.92
4309,2024-05-21,17.7
4309,2024-06-08,45.23
4309,2024-07-10,43.33
4309,2024-07-11,53.33
4309,2024-07-23,33.07
4309,2024-09-11,63.42
4309,2024-09-16,34.69
4309,2024-11-07,40.17
4309,2024-11-18,38.97
4309,2025-01-01,28.56
4309,2025-01-24,21.43
4309,2025-02-05,17.11
4309,2025-02-13,18.42
4309,2025-02-22,34.86
4309,2025-02-24,39.45
4309,2025-04-21,31.21
4309,2025-05-17,45.99
4309,2025-05-23,19.56
4309,2025-07-24,19.14
4309,2025-07-29,62.34
4309,2025-08-18,49.33
4309,2025-09-01,72.85
4309,2025-09-18,65.13
4309,2025-09-20,33.5
4309,2025-11-05,39.14
4309,2025-11-27,50.45
4309,2025-12-13,60.47
4310,2024-02-05,67.48
4310,2024-07-01,117.82
4310,2024-07-14,65.64
4311,2024-04-03,73.35
4311,2024-04-07,88.0
4311,2024-04-17,92.6
4311,2024-04-30,101.2
4311,2024-05-09,121.95
4311,2024-07-29,48.45
4311,2024-12-05,120.65
4311,2024-12-20,43.25
4311,2025-03-15,73.45
4311,2025-03-20,54.15
4311,2025-05-31,98.05
4311,2025-07-13,73.25
4311,2025-09-27,86.93
4311,2025-09-28,54.2
4311,2025-10-09,66.81
4312,2024-02-29,35.27
4312,2024-04-27,13.59
4312,2024-05-03,19.06
4312,2024-06-05,19.91
4312,2024-06-26,33.96
4312,2024-09-13,21.49
4312,2024-10-11,24.32
4312,2024-11-09,19.72
4312,2024-11-18,22.26
4312,2024-11-22,28.74
4312,2025-03-10,23.95
4312,2025-05-30,26.91
4312,2025-06-12,23.21
4312,2025-06-25,25.41
4312,2025-06-26,6.51
4312,2025-10-10,16.18
4313,2024-05-16,42.67
4313,2024-05-26,29.61
4313,2024-12-14,53.19
4313,2025-05-16,39.75
4314,2024-06-10,6.91
4315,2024-06-18,11.96
4316,2024-03-01,16.11
4316,2024-03-03,8.53
4317,2024-06-22,21.86
4317,2024-06-30,8.8
4318,2024-02-26,28.5
4319,2024-05-30,22.07
4320,2024-02-13,31.03
4320,2024-02-21,11.0
4320,2024-03-09,20.3
4320,2024-04-01,18.14
4320,2024-06-14,24.03
4320,2024-06-18,22.51
4320,2024-06-30,44.45
4320,2024-09-01,19.57
4321,2024-02-22,38.14
4321,2024-05-20,8.84
4321,2025-04-05,73.68
4321,2025-06-18,18.69
4322,2024-04-05,12.9
4323,2024-04-08,25.56
4323,2024-06-28,9.78
4324,2024-05-10,53.83
4324,2024-06-23,42.12
4324,2024-09-04,95.83
4324,2024-11-11,68.22
4324,2024-12-24,55.96
4324,2025-01-13,22.86
4324,2025-07-04,69.34
4324,2025-12-25,20.64
4325,2024-06-29,29.69
4326,2024-01-19,28.98
4326,2024-02-15,16.36
4326,2024-04-11,23.96
4327,2024-01-07,21.09
4327,2024-01-26,22.64
4327,2024-01-31,35.57
4327,2024-03-27,15.67
4327,2024-06-23,22.37
4327,2025-03-21,18.82
4327,2025-10-27,26.33
4328,2024-01-08,24.87
4329,2024-06-24,24.25
4329,2024-07-26,11.35
4329,2024-08-17,9.63
4329,2024-08-25,14.23
4329,2024-09-02,12.97
4329,2024-11-22,14.09
4330,2024-06-01,29.0
4331,2024-03-29,31.12
4331,2024-05-05,15.75
4331,2024-05-25,16.82
4331,2024-06-12,25.04
4331,2024-06-13,10.34
4331,2024-06-20,3.1
4331,2024-07-13,13.62
4331,2024-07-20,15.55
4331,2024-07-26,21.89
4331,2024-09-05,20.78
4331,2024-09-06,15.9
4331,2024-09-13,27.3
4331,2024-10-15,11.13
4331,2024-11-09,29.13
4331,2024-11-12,20.68
4331,2024-11-26,10.59
4331,2025-01-03,22.44
4331,2025-02-17,18.05
4331,2025-03-11,4.44
4331,2025-03-22,12.12
4331,2025-04-01,29.92
4331,2025-06-29,19.4
4331,2025-07-14,16.58
4331,2025-08-19,14.37
4331,2025-08-20,17.62
4331,2025-08-25,25.58
4331,2025-09-08,25.67
4331,2025-12-19,10.72
4331,2025-12-26,27.75
4332,2024-05-18,74.51
4333,2024-06-29,22.15
4333,2024-07-08,22.28
4333,2024-07-18,16.43
4333,2024-07-30,9.22
4333,2024-08-12,8.99
4333,2024-10-03,6.81
4334,2024-01-28,27.92
4334,2024-01-30,7.59
4334,2024-02-14,18.7
4334,2024-03-28,16.13
4334,2024-04-09,35.91
4334,2024-05-01,30.87
4334,2024-06-29,16.42
4334,2024-07-05,12.49
4334,2024-08-06,15.15
4334,2024-08-11,39.12
4334,2024-08-25,28.36
4334,2024-09-12,24.78
4334,2024-10-13,31.57
4334,2024-11-06,31.97
4334,2024-11-26,14.91
4334,2025-01-26,19.47
4334,2025-04-17,18.75
4334,2025-05-11,22.88
4334,2025-05-12,34.32
4334,2025-06-15,26.28
4334,2025-06-17,20.47
4334,2025-09-06,19.72
4334,2025-09-17,13.55
4335,2024-02-29,32.99
4336,2024-06-19,34.42
4336,2024-12-22,23.21
4336,2025-04-29,18.82
4336,2025-05-10,15.05
4336,2025-05-28,10.49
4336,2025-08-01,4.74
4337,2024-06-05,15.83
4337,2024-06-11,20.96
4337,2024-06-14,26.2
4337,2024-07-08,10.86
4337,2024-07-09,33.52
4337,2024-07-14,22.09
4337,2024-07-16,26.77
4337,2024-07-17,16.52
4337,2024-07-20,24.75
4337,2024-07-25,27.22
4337,2024-07-27,17.36
4337,2024-08-05,20.56
4337,2024-08-06,10.21
4337,2024-08-08,23.61
4338,2024-02-20,38.64
4338,2024-06-13,21.48
4338,2024-07-04,7.14
4338,2025-03-07,9.64
4338,2025-07-09,18.32
4338,2025-08-29,17.85
4338,2025-10-12,22.31
4338,2025-10-28,8.81
4339,2024-06-01,18.0
4339,2024-07-11,14.04
4340,2024-02-24,32.87
4340,2024-04-22,11.6
4340,2024-05-16,31.18
4340,2024-05-26,58.99
4340,2024-05-31,41.67
4340,2024-06-29,25.87
4340,2024-11-20,24.49
4340,2025-01-20,36.0
4340,2025-01-30,32.74
4340,2025-05-13,26.11
4340,2025-05-21,23.2
4340,2025-05-30,9.14
4340,2025-06-07,17.46
4340,2025-06-27,19.05
4340,2025-08-03,24.38
4340,2025-08-10,34.58
4340,2025-10-11,33.03
4340,2025-10-20,28.31
4341,2024-03-08,13.52
4341,2024-09-30,22.73
4341,2025-01-06,10.3
4341,2025-02-17,11.41
4341,2025-05-17,23.14
4341,2025-08-05,16.3
4341,2025-11-14,12.13
4342,2024-05-06,31.19
4343,2024-01-10,18.96
4344,2024-06-15,7.12
4345,2024-04-06,57.86
4345,2024-04-15,15.1
4345,2024-05-01,45.38
4345,2024-05-02,39.2
4345,2024-05-07,32.38
4346,2024-04-17,47.72
4346,2025-03-09,59.66
4347,2024-02-02,20.6
4347,2024-02-02,15.04
4347,2024-02-03,8.5
4347,2024-02-06,27.14
4347,2024-02-21,8.35
4347,2024-03-01,4.93
4347,2024-03-04,17.47
4347,2024-03-14,19.25
4347,2024-03-18,12.92
4347,2024-03-19,11.23
4347,2024-04-13,11.92
4347,2024-04-21,12.1
4347,2024-05-12,23.93
4347,2024-05-17,8.72
4347,2024-06-05,5.13
4347,2024-06-11,11.55
4347,2024-06-19,12.0
4347,2024-07-04,10.2
4347,2024-07-30,10.19
4347,2024-08-06,15.28
4347,2024-08-20,3.66
4347,2024-08-25,15.58
4347,2024-09-06,6.66
4347,2024-09-29,11.65
4347,2024-10-01,8.4
4347,2024-10-03,5.31
4347,2024-10-21,15.45
4347,2024-10-27,5.71
4347,2024-10-31,13.52
4347,2024-11-02,11.77
4347,2024-11-09,13.75
4347,2024-11-23,6.95
4347,2024-12-15,9.48
4347,2024-12-17,14.6
4347,2024-12-28,12.73
4347,2025-01-09,10.32
4347,2025-01-12,15.37
4347,2025-01-25,13.0
4347,2025-02-26,15.98
4347,2025-03-04,8.14
4347,2025-03-23,11.37
4347,2025-03-26,12.33
4347,2025-05-15,11.64
4347,2025-05-17,4.22
4347,2025-05-24,11.96
4347,2025-05-30,15.31
4347,2025-06-17,7.11
4347,2025-06-20,2.43
4347,2025-06-29,8.2
4347,2025-07-19,11.88
4347,2025-07-19,17.95
4347,2025-07-29,11.61
4347,2025-07-31,11.44
4347,2025-08-27,13.77
4347,2025-09-09,12.59
4347,2025-10-06,16.46
4347,2025-10-15,13.74
4347,2025-11-06,21.1
4347,2025-11-19,8.74
4347,2025-12-07,10.9
4347,2025-12-14,17.72
4347,2025-12-17,3.15
4347,2025-12-24,5.8
4348,2024-05-11,48.55
4348,2024-05-28,19.21
4348,2024-05-31,35.72
4348,2024-06-29,17.79
4348,2024-07-06,30.7
4348,2024-07-22,30.9
4348,2024-07-27,17.82
4348,2024-09-08,23.33
4348,2024-09-11,22.13
4348,2024-09-21,32.33
4348,2024-12-23,16.4
4348,2024-12-23,10.51
4348,2025-01-08,28.0
4348,2025-01-08,28.09
4348,2025-02-02,11.05
4348,2025-02-02,18.24
4348,2025-02-08,20.06
4348,2025-02-23,22.97
4348,2025-02-24,30.13
4348,2025-03-25,8.95
4348,2025-03-26,57.13
4348,2025-06-01,23.48
4348,2025-06-06,36.83
4348,2025-06-14,17.77
4348,2025-07-07,22.2
4348,2025-09-04,27.82
4348,2025-10-11,41.57
4348,2025-10-20,11.58
4348,2025-11-04,15.3
4348,2025-11-24,34.86
4348,2025-11-24,21.49
4348,2025-12-27,27.38
4349,2024-03-22,69.04
4349,2024-12-18,74.28
4349,2025-01-25,50.72
4350,2024-04-06,23.62
4351,2024-02-08,31.65
4351,2024-03-28,27.08
4351,2024-04-07,63.83
4351,2024-04-13,20.76
4351,2024-06-03,11.59
4351,2024-07-28,24.42
4351,2024-08-17,26.09
4351,2024-09-05,20.53
4351,2024-11-13,21.36
4351,2024-11-19,21.84
4351,2024-12-02,17.45
4351,2024-12-11,24.9
4351,2024-12-30,22.77
4351,2025-02-11,49.36
4351,2025-03-02,17.23
4351,2025-03-12,44.93
4351,2025-05-27,44.0
4351,2025-06-22,52.66
4351,2025-06-24,43.41
4351,2025-07-27,25.94
4351,2025-07-31,54.07
4351,2025-08-19,24.9
4351,2025-11-13,11.45
4351,2025-12-11,29.48
4352,2024-03-26,33.2
4352,2024-09-18,29.92
4352,2025-01-10,38.86
4352,2025-07-10,19.42
4353,2024-06-05,28.27
4354,2024-06-15,11.75
4355,2024-05-05,4.71
4355,2024-05-20,22.46
4356,2024-02-12,23.1
4356,2024-05-20,25.59
4356,2024-06-14,23.59
4356,2024-06-30,9.63
4356,2024-07-24,9.21
4356,2024-09-08,33.27
4356,2024-12-04,13.84
4356,2024-12-18,12.74
4356,2024-12-30,19.94
4356,2025-02-15,18.14
4356,2025-08-24,15.34
4356,2025-09-18,21.63
4356,2025-10-06,19.91
4356,2025-11-20,11.06
4357,2024-05-18,38.85
4357,2024-07-29,16.55
4358,2024-06-22,53.33
4359,2024-01-23,44.12
4360,2024-03-11,46.23
4361,2024-02-01,2.94
4362,2024-06-01,11.44
4362,2024-06-18,13.79
4362,2024-08-11,16.85
4362,2024-08-20,15.25
4362,2024-09-09,17.24
4362,2024-12-23,15.23
4362,2025-01-04,18.51
4362,2025-01-14,21.04
4362,2025-03-18,17.41
4362,2025-03-19,13.85
4362,2025-03-30,10.19
4362,2025-04-22,23.64
4362,2025-05-06,10.36
4362,2025-08-12,21.93
4362,2025-08-29,5.65
4362,2025-09-01,11.2
4362,2025-09-23,20.27
4362,2025-10-25,19.75
4362,2025-10-28,17.63
4362,2025-11-02,6.2
4362,2025-11-19,9.51
4362,2025-12-01,17.83
4363,2024-05-22,21.86
4363,2024-06-28,16.98
4363,2024-08-25,52.13
4363,2024-09-03,28.34
4363,2024-10-13,10.24
4363,2024-11-30,41.45
4363,2024-12-29,30.99
4363,2025-01-01,18.98
4363,2025-02-17,32.5
4363,2025-02-22,65.75
4363,2025-04-05,59.25
4363,2025-05-10,44.55
4363,2025-11-01,31.97
4363,2025-11-23,43.04
4364,2024-06-01,26.9
4364,2024-06-28,37.4
4364,2024-07-02,32.51
4364,2024-09-17,24.49
4365,2024-04-20,23.9
4365,2024-04-24,27.2
4365,2024-06-07,22.26
4365,2024-06-13,11.02
4365,2024-06-30,21.73
4365,2024-07-25,9.9
4365,2024-08-03,18.92
4365,2024-08-21,13.34
4365,2024-10-31,19.27
4365,2024-11-05,13.83
4365,2024-11-24,14.87
4365,2024-12-03,24.93
4365,2024-12-05,9.19
4365,2024-12-09,16.31
4365,2025-02-10,25.72
4365,2025-03-29,44.09
4365,2025-04-01,10.66
4365,2025-05-19,15.65
4365,2025-06-03,9.0
4365,2025-06-07,33.97
4365,2025-06-28,36.45
4365,2025-07-05,17.1
4365,2025-07-06,20.22
4365,2025-07-27,16.68
4365,2025-08-02,36.61
4365,2025-08-31,14.57
4365,2025-11-27,27.73
4365,2025-12-11,13.1
4365,2025-12-20,29.17
4365,2025-12-28,29.3
4366,2024-04-21,17.83
4367,2024-01-24,14.37
4368,2024-01-12,76.38
4369,2024-02-08,20.52
4370,2024-06-08,60.3
4370,2024-06-28,32.5
4371,2024-04-09,16.76
4371,2024-04-16,19.55
4372,2024-04-17,25.41
4372,2024-06-10,32.2
4372,2024-06-21,29.78
4372,2024-06-26,43.84
4372,2024-07-18,20.91
4372,2024-07-30,30.51
4372,2024-09-22,28.76
4372,2024-09-23,17.17
4372,2024-09-23,26.96
4372,2024-10-20,19.49
4372,2024-10-23,25.59
4372,2024-11-28,13.04
4372,2024-12-03,51.78
4372,2025-01-07,23.52
4372,2025-02-23,18.18
4372,2025-03-05,13.45
4372,2025-03-08,9.03
4372,2025-04-14,52.52
4372,2025-05-06,23.63
4372,2025-05-09,16.87
4372,2025-06-24,12.19
4372,2025-08-30,15.41
4373,2024-01-05,16.61
4374,2024-01-04,16.45
4375,2024-03-07,13.73
4375,2024-04-03,6.11
4375,2024-06-02,10.23
4375,2025-06-01,18.75
4376,2024-01-23,24.17
4376,2024-04-09,28.45
4376,2024-04-27,21.09
4376,2024-05-30,13.84
4376,2024-06-08,29.17
4376,2024-07-21,20.59
4376,2024-09-11,12.71
4376,2024-09-30,30.07
4376,2024-10-03,22.31
4376,2024-10-16,22.01
4376,2024-10-18,32.64
4376,2025-01-10,17.35
4376,2025-01-16,25.53
4376,2025-02-08,13.99
4376,2025-03-31,17.06
4376,2025-05-07,17.68
4376,2025-05-08,14.83
4376,2025-05-19,16.12
4376,2025-06-13,11.57
4376,2025-08-09,22.86
4376,2025-08-11,20.56
4376,2025-08-19,26.46
4376,2025-10-03,29.94
4376,2025-10-21,20.61
4376,2025-12-22,18.72
4377,2024-03-04,14.53
4378,2024-06-14,23.96
4379,2024-02-04,18.36
4379,2024-02-08,15.16
4380,2024-06-27,18.19
4381,2024-04-20,34.7
4381,2024-07-20,24.06
4381,2024-08-23,12.19
4382,2024-01-26,49.94
4383,2024-04-28,64.27
4384,2024-06-01,14.82
4384,2024-06-06,7.19
4384,2024-06-06,9.72
4384,2024-06-06,15.93
4384,2024-06-12,16.31
4384,2024-06-18,8.34
4384,2024-06-26,12.2
4384,2024-07-06,9.8
4384,2024-07-13,13.94
4384,2024-07-28,11.37
4384,2024-08-06,15.03
4384,2024-08-15,14.82
4384,2024-09-07,10.49
4384,2024-09-12,10.62
4384,2024-10-14,7.29
4384,2024-10-14,8.21
4384,2024-10-16,15.86
4384,2024-11-05,20.49
4384,2024-11-06,17.6
4384,2024-11-18,11.94
4384,2024-11-26,23.11
4384,2024-11-27,11.33
4384,2024-11-29,8.97
4384,2024-12-03,9.44
4384,2024-12-04,9.26
4384,2024-12-05,17.32
4384,2024-12-13,12.03
4384,2024-12-14,4.46
4384,2024-12-22,10.99
4384,2024-12-23,8.73
4384,2024-12-30,14.57
4384,2025-01-02,13.84
4384,2025-01-03,5.27
4384,2025-02-06,16.07
4384,2025-02-13,6.32
4384,2025-02-19,11.31
4384,2025-02-19,13.1
4384,2025-03-05,15.59
4384,2025-03-10,19.09
4384,2025-03-21,11.17
4384,2025-03-24,9.29
4384,2025-03-30,31.05
4384,2025-04-13,36.11
4384,2025-04-14,16.73
4384,2025-04-14,13.61
4384,2025-04-19,9.04
4384,2025-04-26,13.03
4384,2025-05-01,18.33
4384,2025-06-12,26.67
4384,2025-06-14,14.87
4384,2025-06-17,15.15
4384,2025-07-14,9.75
4384,2025-07-18,12.67
4384,2025-07-24,11.7
4384,2025-07-25,3.2
4384,2025-07-27,16.53
4384,2025-07-29,15.96
4384,2025-08-03,23.88
4384,2025-08-03,13.42
4384,2025-08-13,19.13
4384,2025-09-08,3.94
4384,2025-09-11,8.56
4384,2025-09-20,6.91
4384,2025-09-30,8.88
4384,2025-10-02,24.83
4384,2025-10-04,12.59
4384,2025-10-05,12.0
4384,2025-10-06,14.68
4384,2025-10-09,12.89
4384,2025-10-16,12.76
4384,2025-11-02,6.06
4384,2025-11-10,17.66
4384,2025-11-12,12.88
4384,2025-12-04,19.35
4384,2025-12-06,13.2
4384,2025-12-07,9.35
4384,2025-12-07,29.78
4384,2025-12-13,13.22
4384,2025-12-15,9.44
4384,2025-12-27,21.22
4385,2024-05-06,12.59
4385,2024-05-18,30.5
4386,2024-02-08,20.08
4386,2024-02-28,27.86
4386,2024-04-02,25.32
4386,2024-05-15,20.04
4386,2024-06-06,30.71
4386,2024-06-08,36.53
4386,2024-06-25,37.72
4386,2024-06-30,15.05
4386,2024-09-26,26.55
4386,2024-10-12,32.76
4386,2024-12-21,33.56
4386,2025-01-24,17.94
4387,2024-03-08,30.61
4388,2024-06-16,31.43
4388,2024-07-02,35.93
4388,2024-07-04,17.01
4388,2024-07-06,35.27
4388,2024-08-08,23.72
4388,2024-08-21,17.35
4388,2024-09-19,22.97
4388,2024-10-07,17.9
4389,2024-04-30,13.89
4389,2024-08-05,46.08
4389,2024-08-18,23.88
4389,2024-09-05,16.26
4389,2024-10-22,26.26
4389,2024-11-11,54.18
4389,2024-12-31,15.78
4389,2025-07-06,7.31
4389,2025-08-06,22.77
4389,2025-10-14,11.35
4389,2025-11-14,17.82
4390,2024-02-26,32.71
4391,2024-04-06,28.99
4391,2024-05-27,39.49
4392,2024-05-27,15.05
4392,2024-10-28,93.38
4392,2025-01-24,51.04
4392,2025-05-14,50.43
4392,2025-10-05,21.25
4392,2025-11-02,61.38
4393,2024-03-28,85.94
4394,2024-02-03,23.48
4394,2024-04-17,50.49
4394,2024-05-12,29.85
4394,2024-05-14,37.78
4394,2024-05-21,36.45
4394,2024-05-29,29.67
4394,2024-06-24,57.9
4394,2024-07-11,35.67
4394,2024-07-24,51.1
4394,2024-09-28,20.49
4394,2024-10-05,27.76
4394,2024-11-04,51.7
4394,2024-11-19,39.46
4394,2024-12-19,45.88
4394,2025-01-09,34.97
4394,2025-03-31,48.74
4395,2024-02-14,20.9
4395,2024-04-12,13.79
4395,2024-06-05,24.08
4395,2025-03-24,15.5
4395,2025-04-02,21.12
4395,2025-05-31,38.32
4395,2025-07-04,10.82
4395,2025-07-04,23.08
4395,2025-10-18,36.2
4396,2024-06-14,13.27
4396,2024-06-19,12.16
4396,2024-06-24,15.73
4397,2024-05-11,44.71
4397,2024-08-01,28.33
4397,2024-08-09,27.11
4397,2024-08-29,50.78
4397,2024-09-15,43.2
4397,2024-10-21,25.52
4397,2024-11-13,57.5
4397,2024-11-13,23.05
4397,2024-12-29,74.24
4397,2025-03-29,50.84
4397,2025-05-01,34.24
4397,2025-05-09,54.51
4397,2025-06-30,32.19
4397,2025-07-01,23.84
4397,2025-10-04,24.56
4397,2025-10-23,61.57
4398,2024-04-21,56.6
4398,2024-12-28,61.24
4398,2025-06-04,85.92
4399,2024-01-20,8.35
4399,2024-02-29,9.19
4400,2024-02-23,29.05
4400,2024-03-14,16.09
4400,2024-03-15,39.83
4401,2024-04-16,24.92
4401,2024-04-18,18.98
4401,2024-05-01,10.48
4401,2024-06-05,13.87
4401,2024-12-02,16.65
4401,2025-05-09,29.56
4401,2025-05-11,10.85
4401,2025-06-10,22.1
4401,2025-07-12,27.34
4401,2025-08-23,7.71
4401,2025-08-29,5.24
4402,2024-04-17,11.73
4402,2024-07-29,11.75
4402,2024-12-26,19.52
4402,2025-07-26,12.26
4403,2024-01-20,25.7
4403,2024-03-06,13.16
4404,2024-06-28,27.26
4405,2024-01-05,11.05
4405,2024-01-13,9.99
4405,2024-09-10,13.16
4405,2024-12-24,26.93
4405,2025-03-18,5.85
4405,2025-05-29,8.93
4405,2025-07-15,13.42
4405,2025-09-05,7.87
4406,2024-03-08,58.93
4407,2024-06-16,13.36
4408,2024-06-04,10.77
4408,2024-08-09,27.67
4409,2024-01-16,9.91
4410,2024-04-21,51.27
4410,2024-06-21,54.96
4410,2024-09-07,33.11
4411,2024-04-01,17.59
4412,2024-01-03,21.02
4413,2024-03-24,20.51
4414,2024-04-15,51.17
4414,2024-04-19,19.83
4414,2024-05-12,19.16
4414,2024-05-23,29.68
4415,2024-03-01,29.89
4415,2024-03-15,22.32
4415,2024-04-15,22.01
4415,2024-07-18,25.56
4415,2024-12-01,52.38
4415,2024-12-14,18.5
4416,2024-05-14,33.8
4416,2024-12-02,26.64
4417,2024-02-12,35.36
4417,2024-02-28,22.75
4417,2024-05-15,26.09
4418,2024-04-15,40.66
4418,2024-05-18,47.55
4418,2024-06-25,35.8
4418,2024-07-19,28.05
4418,2024-10-22,37.63
4418,2024-12-11,20.27
4418,2025-01-18,51.63
4418,2025-01-21,39.1
4418,2025-02-07,47.58
4418,2025-03-08,26.54
4418,2025-04-03,47.63
4418,2025-04-29,60.16
4418,2025-07-16,58.16
4418,2025-07-21,29.24
4418,2025-07-23,10.87
4418,2025-08-16,52.49
4418,2025-08-21,40.28
4418,2025-08-23,33.68
4418,2025-08-24,37.71
4418,2025-09-29,42.38
4418,2025-10-08,36.02
4419,2024-03-07,11.07
4419,2024-11-04,10.07
4419,2024-11-20,20.12
4419,2025-01-07,12.51
4420,2024-06-07,10.72
4421,2024-02-18,42.66
4421,2024-03-08,25.7
4422,2024-03-07,12.49
4422,2024-08-03,12.39
4423,2024-06-05,12.78
4423,2024-06-24,21.31
4423,2024-07-01,11.42
4424,2024-05-08,34.94
4425,2024-01-17,38.86
4425,2024-07-19,45.78
4425,2024-10-30,34.59
4426,2024-06-19,41.49
4426,2024-08-02,26.03
4426,2024-08-08,13.5
4427,2024-01-23,27.36
4427,2024-02-17,56.56
4427,2024-02-18,41.22
4427,2024-03-02,32.17
4427,2024-03-03,60.42
4427,2024-06-22,75.17
4427,2024-07-21,55.16
4427,2024-08-28,92.95
4427,2024-10-27,84.64
4427,2024-10-31,62.55
4427,2024-11-07,65.48
4427,2024-11-07,66.6
4427,2024-11-24,37.21
4427,2024-11-25,35.98
4427,2024-11-26,43.47
4427,2024-11-29,31.97
4427,2025-01-02,90.14
4427,2025-05-11,36.7
4427,2025-05-13,82.42
4427,2025-05-17,52.88
4427,2025-07-01,34.93
4427,2025-07-20,51.71
4427,2025-08-13,48.16
4427,2025-08-16,53.16
4427,2025-09-02,67.68
4427,2025-10-28,64.59
4427,2025-11-18,36.77
4427,2025-11-18,60.06
4427,2025-12-03,12.62
4428,2024-02-10,28.14
4428,2024-02-23,40.16
4428,2024-02-27,50.47
4428,2024-03-06,42.67
4429,2024-03-28,25.57
4429,2024-04-30,12.51
4429,2024-06-12,30.26
4430,2024-01-24,74.03
4430,2024-06-03,37.88
4430,2024-11-09,30.73
4430,2025-02-02,58.28
4430,2025-03-24,27.52
4431,2024-01-11,48.72
4431,2024-02-09,61.97
4431,2024-02-20,71.13
4431,2024-03-04,43.58
4431,2024-06-14,72.9
4431,2024-07-08,100.47
4431,2024-07-30,80.52
4431,2024-09-22,69.26
4431,2025-01-22,78.85
4431,2025-01-26,20.92
4431,2025-03-27,44.02
4431,2025-06-21,45.56
4431,2025-06-25,101.34
4431,2025-07-03,100.95
4432,2024-04-13,6.38
4433,2024-01-08,18.52
4433,2024-05-11,29.44
4434,2024-06-03,27.84
4434,2025-01-25,24.34
4434,2025-02-26,24.27
4434,2025-06-26,14.41
4434,2025-08-08,17.62
4434,2025-10-06,26.38
4435,2024-05-12,12.27
4436,2024-02-08,20.46
4436,2024-02-14,22.65
4437,2024-05-06,21.77
4437,2024-05-27,20.8
4437,2024-07-20,20.42
4437,2024-11-19,14.79
4437,2024-11-26,35.37
4437,2024-12-11,25.92
4437,2025-01-02,18.43
4437,2025-02-04,11.34
4437,2025-03-28,17.59
4437,2025-04-07,20.85
4438,2024-06-18,67.92
4438,2024-08-21,21.35
4438,2024-09-04,60.94
4439,2024-04-15,6.99
4440,2024-05-06,85.56
4441,2024-02-05,49.9
4441,2024-03-13,73.62
4442,2024-05-07,15.97
4442,2024-05-14,14.19
4442,2024-08-03,7.91
4442,2024-10-16,10.8
4442,2025-02-04,12.75
4442,2025-05-12,10.15
4442,2025-05-22,9.23
4442,2025-07-15,9.9
4442,2025-08-03,13.06
4442,2025-09-01,9.38
4442,2025-10-07,15.2
4442,2025-10-15,6.1
4442,2025-12-10,5.1
4442,2025-12-26,26.46
4443,2024-05-02,13.99
4443,2024-05-07,9.95
4443,2024-05-07,21.33
4443,2024-05-25,13.61
4443,2024-06-19,65.42
4443,2024-07-28,18.66
4443,2024-09-13,31.14
4443,2024-09-13,24.83
4443,2024-09-16,12.81
4443,2024-09-23,17.58
4443,2024-10-08,22.39
4444,2024-06-09,14.49
4445,2024-05-17,19.28
4445,2024-10-25,13.95
4445,2024-11-23,13.05
4446,2024-06-23,10.68
4447,2024-05-18,19.74
4448,2024-02-04,16.2
4448,2025-01-29,13.82
4448,2025-11-22,11.79
4449,2024-04-15,22.56
4449,2024-06-15,21.81
4449,2025-02-28,15.8
4450,2024-06-09,17.25
4450,2024-06-17,27.15
4450,2024-07-15,21.29
4450,2024-08-07,21.82
4450,2024-08-22,29.53
4450,2024-11-01,58.83
4450,2024-11-12,19.8
4450,2025-01-22,32.77
4451,2024-03-18,22.85
4451,2024-03-22,17.28
4451,2024-03-26,34.46
4451,2024-04-19,18.69
4452,2024-04-19,9.02
4452,2024-05-10,25.22
4452,2024-06-06,29.52
4453,2024-02-27,15.12
4453,2024-02-29,14.26
4453,2024-03-03,13.06
4453,2024-03-11,37.95
4453,2024-03-14,16.89
4453,2024-03-20,39.82
4453,2024-04-11,19.16
4453,2024-04-21,25.05
4453,2024-04-24,25.0
4453,2024-04-25,27.54
4453,2024-04-29,15.84
4453,2024-05-05,48.1
4453,2024-05-08,13.07
4453,2024-05-31,16.05
4453,2024-06-09,15.46
4453,2024-06-14,19.98
4453,2024-06-15,30.62
4453,2024-06-15,24.04
4453,2024-06-15,18.16
4453,2024-06-25,22.15
4453,2024-06-27,19.83
4453,2024-06-29,25.95
4453,2024-07-01,11.32
4453,2024-07-06,21.44
4453,2024-07-08,16.43
4453,2024-07-17,17.48
4453,2024-07-29,25.0
4453,2024-08-02,10.29
4453,2024-08-04,17.34
4453,2024-08-28,25.8
4453,2024-08-28,17.16
4453,2024-09-04,14.49
4453,2024-09-14,25.31
4453,2024-09-19,13.52
4453,2024-10-02,13.82
4453,2024-10-10,23.49
4453,2024-10-13,21.79
4453,2024-10-22,27.05
4453,2024-10-26,14.2
4453,2024-11-11,25.28
4453,2024-11-12,20.54
4453,2024-11-18,13.44
4453,2024-11-22,11.22
4453,2024-11-23,6.47
4453,2024-11-24,13.19
4453,2024-11-25,21.05
4453,2024-12-05,30.55
4453,2024-12-27,25.51
4453,2025-01-01,27.41
4453,2025-01-03,27.61
4453,2025-01-03,31.17
4453,2025-01-09,23.32
4453,2025-01-24,25.53
4453,2025-01-29,17.23
4453,2025-01-31,12.18
4453,2025-02-15,22.66
4453,2025-02-27,18.85
4453,2025-03-02,36.35
4453,2025-03-13,17.06
4453,2025-03-15,14.89
4453,2025-03-17,20.71
4453,2025-03-23,17.81
4453,2025-03-31,25.62
4453,2025-04-02,10.9
4453,2025-04-05,14.24
4453,2025-04-11,13.31
4453,2025-04-19,17.95
4453,2025-04-24,19.36
4453,2025-05-09,13.77
4453,2025-05-17,39.07
4453,2025-05-17,15.15
4453,2025-05-18,21.12
4453,2025-05-18,19.86
4453,2025-06-10,21.83
4453,2025-06-13,25.27
4453,2025-06-19,23.46
4453,2025-06-22,21.33
4453,2025-06-23,33.21
4453,2025-06-30,12.51
4453,2025-07-06,17.98
4453,2025-07-07,15.82
4453,2025-07-09,26.52
4453,2025-07-09,25.95
4453,2025-07-14,15.55
4453,2025-07-23,30.19
4453,2025-07-31,22.69
4453,2025-08-04,17.82
4453,2025-08-10,15.08
4453,2025-08-12,23.01
4453,2025-08-16,10.52
4453,2025-08-26,29.77
4453,2025-09-04,16.88
4453,2025-09-09,13.2
4453,2025-09-09,23.27
4453,2025-09-09,8.46
4453,2025-09-12,16.37
4453,2025-09-20,19.2
4453,2025-09-26,27.32
4453,2025-09-30,17.17
4453,2025-10-11,20.95
4453,2025-10-13,12.92
4453,2025-10-21,12.7
4453,2025-10-23,21.34
4453,2025-10-24,21.72
4453,2025-11-05,44.24
4453,2025-11-21,8.94
4453,2025-12-08,11.63
4453,2025-12-13,26.5
4453,2025-12-15,22.36
4453,2025-12-23,36.04
4453,2025-12-26,10.25
4454,2024-06-22,21.49
4454,2024-08-24,14.25
4454,2024-08-31,13.45
4454,2024-09-06,16.67
4454,2024-09-17,13.63
4454,2024-09-30,27.31
4454,2024-11-18,12.74
4454,2024-12-11,16.85
4454,2024-12-16,12.68
4454,2024-12-26,13.55
4454,2025-01-03,17.65
4454,2025-01-28,23.96
4454,2025-03-07,15.63
4454,2025-05-01,46.39
4454,2025-05-02,19.04
4454,2025-05-06,10.15
4454,2025-05-26,27.61
4454,2025-06-22,11.37
4454,2025-07-07,12.66
4454,2025-07-20,25.87
4454,2025-07-26,32.12
4454,2025-08-11,13.15
4454,2025-08-22,20.71
4454,2025-09-16,16.2
4454,2025-09-18,16.54
4454,2025-09-25,14.93
4454,2025-09-25,19.07
4454,2025-09-26,11.64
4454,2025-10-02,17.44
4454,2025-10-17,9.56
4454,2025-12-04,20.88
4454,2025-12-21,19.1
4455,2024-04-06,35.17
4456,2024-01-14,73.27
4457,2024-06-01,43.21
4458,2024-06-02,11.06
4458,2024-06-19,11.22
4458,2024-07-05,8.25
4458,2024-07-10,10.87
4458,2024-07-12,14.33
4458,2024-08-31,9.0
4458,2024-09-19,10.94
4458,2024-09-24,11.82
4458,2024-10-04,13.98
4458,2024-10-05,5.6
4458,2024-10-26,17.79
4458,2024-11-03,28.78
4458,2024-12-02,10.51
4458,2024-12-10,13.37
4458,2024-12-10,25.77
4458,2024-12-18,26.14
4458,2024-12-31,15.32
4458,2025-01-08,26.9
4458,2025-02-11,6.49
4458,2025-03-04,14.36
4458,2025-03-12,11.12
4458,2025-03-26,22.66
4458,2025-04-13,20.05
4458,2025-05-16,11.86
4458,2025-06-12,8.84
4459,2024-03-22,8.36
4460,2024-02-13,22.09
4460,2024-03-15,16.99
4460,2024-03-22,10.74
4461,2024-01-16,11.24
4462,2024-01-30,7.08
4462,2024-04-28,8.23
4462,2024-05-06,13.86
4462,2024-11-05,11.13
4462,2024-12-06,18.42
4462,2024-12-30,10.56
4462,2025-04-16,9.9
4462,2025-05-16,13.81
4463,2024-03-11,15.83
4463,2024-05-24,6.26
4463,2024-06-07,8.18
4464,2024-06-22,7.52
4464,2024-08-17,32.2
4464,2024-08-28,19.29
4464,2024-10-02,33.07
4464,2024-10-07,21.65
4464,2024-11-01,20.51
4464,2024-11-05,5.52
4464,2024-11-15,14.06
4464,2024-11-27,15.75
4464,2024-11-30,21.74
4464,2024-12-15,9.71
4464,2024-12-26,23.91
4464,2024-12-26,19.01
4464,2025-01-11,14.97
4464,2025-01-20,10.96
4464,2025-02-03,16.56
4464,2025-02-12,19.38
4464,2025-03-07,9.4
4464,2025-03-25,6.78
4464,2025-04-11,26.45
4464,2025-05-05,12.29
4464,2025-06-20,34.29
4464,2025-07-16,28.07
4464,2025-07-19,14.87
4464,2025-08-02,16.29
4464,2025-08-02,9.35
4464,2025-08-08,23.63
4464,2025-08-20,23.8
4464,2025-11-05,17.97
4464,2025-12-25,8.84
4465,2024-04-30,39.33
4465,2024-12-09,75.56
4465,2025-04-03,80.03
4465,2025-08-05,52.22
4465,2025-11-01,61.37
4465,2025-11-03,21.81
4466,2024-01-01,10.52
4466,2025-04-19,25.38
4466,2025-12-04,32.32
4466,2025-12-14,30.49
4467,2024-02-12,26.58
4467,2024-05-01,26.65
4467,2024-09-16,25.67
4468,2024-04-12,66.81
4469,2024-02-18,20.99
4469,2024-04-28,11.91
4469,2024-06-25,16.53
4469,2024-08-27,13.53
4469,2025-01-18,13.67
4469,2025-04-26,14.88
4469,2025-05-14,29.43
4469,2025-10-04,32.34
4469,2025-12-20,38.09
4470,2024-05-23,11.1
4471,2024-05-09,60.55
4471,2024-12-03,37.42
4471,2025-04-10,54.84
4471,2025-08-12,28.11
4471,2025-12-07,35.38
4471,2025-12-21,18.57
4472,2024-02-23,26.35
4472,2024-04-25,22.52
4472,2024-06-08,23.61
4472,2025-09-27,23.94
4472,2025-10-14,36.44
4472,2025-11-03,21.31
4473,2024-05-14,22.58
4473,2024-05-29,27.25
4473,2024-09-06,27.71
4474,2024-02-18,18.64
4475,2024-05-20,4.25
4475,2024-09-15,12.15
4475,2024-10-17,21.5
4475,2025-08-01,7.59
4476,2024-03-07,41.69
4476,2024-03-31,20.89
4476,2024-05-06,76.62
4476,2024-05-20,50.43
4476,2024-07-13,52.59
4476,2024-08-17,28.62
4476,2024-09-03,33.19
4477,2024-04-08,24.83
4478,2024-04-11,7.46
4479,2024-01-23,57.47
4479,2024-03-26,75.48
4479,2024-04-23,35.81
4479,2024-05-07,23.9
4479,2024-05-21,58.51
4479,2024-06-05,44.1
4479,2024-07-09,57.94
4479,2024-07-10,75.16
4479,2024-08-27,35.68
4479,2024-10-28,35.18
4479,2024-11-24,35.87
4479,2024-11-25,21.58
4480,2024-05-05,7.81
4481,2024-05-10,24.09
4482,2024-01-28,13.65
4482,2024-03-02,12.84
4483,2024-04-08,11.99
4483,2024-05-10,12.02
4483,2024-06-23,15.12
4483,2024-09-10,13.39
4483,2024-12-14,10.66
4483,2025-03-01,13.39
4483,2025-04-28,13.24
4483,2025-05-02,15.23
4483,2025-05-17,14.89
4483,2025-08-05,18.22
4483,2025-12-24,10.15
4484,2024-03-11,21.83
4485,2024-03-01,34.08
4485,2024-05-12,36.75
4486,2024-03-16,8.16
4486,2024-04-08,14.66
4486,2024-05-24,23.58
4486,2024-12-12,21.57
4487,2024-04-29,19.05
4487,2024-06-05,13.4
4487,2025-03-06,14.88
4488,2024-05-27,69.61
4488,2024-06-06,16.49
4488,2024-06-07,33.24
4488,2024-07-11,34.28
4489,2024-04-15,26.26
4490,2024-06-16,39.26
4491,2024-04-10,28.5
4491,2024-04-29,12.29
4491,2024-04-30,12.47
4491,2024-05-06,28.32
4491,2024-05-15,13.61
4491,2024-05-15,20.75
4491,2024-06-03,17.88
4491,2024-06-06,14.55
4491,2024-06-08,19.73
4491,2024-06-21,14.33
4491,2024-07-04,17.06
4491,2024-07-07,9.86
4491,2024-07-26,29.23
4491,2024-08-29,31.67
4491,2024-10-03,22.35
4491,2024-10-19,21.39
4491,2024-11-11,16.84
4491,2024-11-24,22.62
4491,2024-12-19,31.36
4491,2024-12-25,33.02
4491,2025-01-16,12.07
4491,2025-02-11,25.34
4491,2025-02-13,21.71
4491,2025-02-15,35.89
4491,2025-02-22,15.78
4491,2025-02-23,16.01
4491,2025-03-14,20.0
4491,2025-03-21,37.13
4491,2025-04-13,18.4
4491,2025-05-09,13.75
4491,2025-05-27,31.86
4491,2025-06-14,16.52
4491,2025-07-19,35.66
4491,2025-07-24,6.69
4491,2025-07-26,13.6
4491,2025-07-31,19.39
4491,2025-08-04,11.35
4491,2025-08-12,14.69
4491,2025-08-22,12.75
4491,2025-09-04,19.32
4491,2025-10-12,11.84
4491,2025-10-21,37.15
4491,2025-10-24,39.0
4491,2025-10-31,20.92
4491,2025-11-18,25.38
4491,2025-11-23,27.57
4491,2025-12-11,21.93
4491,2025-12-23,20.21
4491,2025-12-25,31.05
4492,2024-05-27,15.22
4492,2024-06-18,11.82
4492,2024-07-18,13.29
4492,2024-08-03,22.43
4492,2024-08-04,5.28
4492,2024-08-07,23.24
4492,2024-08-08,11.44
4492,2024-08-22,14.63
4492,2024-09-04,12.47
4492,2024-09-20,15.23
4492,2024-11-10,21.01
4492,2025-01-05,8.57
4492,2025-04-26,14.58
4492,2025-04-30,15.56
4492,2025-05-10,27.93
4492,2025-05-24,15.27
4492,2025-07-09,17.43
4492,2025-07-12,29.06
4492,2025-07-25,23.52
4492,2025-08-23,10.62
4492,2025-09-14,22.88
4492,2025-09-17,8.34
4492,2025-10-25,14.86
4492,2025-11-17,11.28
4492,2025-11-26,9.94
4492,2025-11-29,13.35
4492,2025-12-08,16.21
4492,2025-12-14,16.48
4492,2025-12-25,18.62
4493,2024-06-19,48.8
4493,2024-06-28,34.55
4493,2024-07-03,31.36
4493,2024-07-22,22.18
4493,2024-07-31,36.36
4493,2024-08-31,36.52
4493,2024-09-18,24.77
4493,2024-09-29,34.27
4493,2024-10-15,18.92
4493,2024-10-27,11.11
4493,2024-11-01,25.29
4493,2024-11-07,15.69
4493,2024-11-18,37.01
4493,2024-12-13,30.73
4494,2024-03-24,40.76
4494,2024-04-27,55.2
4494,2024-05-29,35.26
4494,2024-06-15,42.11
4494,2024-10-23,16.55
4494,2024-11-04,31.57
4494,2025-01-13,43.21
4494,2025-02-07,31.45
4494,2025-03-06,22.53
4495,2024-06-04,11.28
4495,2024-06-11,10.17
4496,2024-05-29,19.98
4496,2024-06-08,11.42
4496,2024-06-17,10.91
4496,2024-07-25,6.85
4496,2024-08-17,17.19
4496,2024-09-23,10.54
4496,2024-11-06,12.86
4496,2024-11-14,11.68
4496,2024-12-06,6.29
4496,2024-12-07,15.07
4497,2024-06-27,13.86
4497,2024-07-02,39.75
4497,2025-01-11,8.2
4497,2025-03-26,74.49
4497,2025-04-22,33.08
4497,2025-09-27,49.66
4497,2025-11-07,24.3
4498,2024-02-27,24.03
4499,2024-05-01,35.78
4500,2024-06-02,43.36
4500,2024-06-04,35.26
4500,2024-06-09,28.18
4500,2024-06-28,60.69
4500,2024-07-01,66.18
4500,2024-07-10,71.95
4500,2024-07-17,48.54
4500,2024-07-17,53.54
4500,2024-07-26,42.42
4500,2024-08-21,29.27
4500,2024-08-21,34.32
4500,2024-08-24,41.53
4500,2024-10-02,63.03
4500,2024-10-29,54.44
4500,2024-11-01,29.23
4501,2024-03-31,17.97
4501,2024-04-10,13.19
4501,2024-06-16,19.02
4501,2024-06-17,9.92
4502,2024-03-23,67.76
4502,2024-03-24,53.96
4503,2024-03-07,33.64
4504,2024-03-30,2.48
4504,2024-03-31,13.2
4504,2024-04-07,5.51
4504,2024-08-11,10.35
4504,2024-09-10,3.32
4504,2024-09-13,6.25
4504,2024-09-29,7.89
4504,2024-11-09,5.47
4504,2024-11-22,6.23
4504,2024-12-19,6.81
4505,2024-05-08,22.26
4506,2024-01-29,64.57
4506,2024-05-31,38.05
4506,2024-06-15,46.98
4507,2024-04-25,6.18
4507,2024-05-20,15.99
4508,2024-02-09,12.75
4509,2024-03-14,7.52
4510,2024-04-22,21.3
4510,2024-04-26,28.03
4511,2024-03-04,12.17
4512,2024-04-16,19.61
4512,2024-05-23,11.84
4512,2024-06-02,21.55
4512,2024-12-24,8.99
4512,2025-01-20,10.79
4512,2025-02-03,9.75
4512,2025-02-17,9.68
4512,2025-04-19,13.84
4512,2025-09-25,16.5
4512,2025-10-22,11.53
4512,2025-11-01,6.26
4512,2025-11-10,10.95
4512,2025-12-27,24.34
4513,2024-02-03,24.19
4513,2024-02-19,42.19
4513,2024-05-04,30.14
4514,2024-03-22,30.06
4514,2024-04-09,9.37
4514,2024-04-20,12.28
4514,2024-05-19,21.58
4514,2024-05-25,4.8
4514,2024-05-26,19.89
4514,2024-06-20,15.97
4515,2024-06-25,8.03
4515,2024-07-03,25.57
4515,2024-07-24,13.16
4516,2024-05-19,169.13
4516,2024-06-03,135.4
4516,2025-05-01,138.59
4516,2025-05-28,189.5
4517,2024-02-05,32.86
4517,2024-05-16,24.64
4517,2024-06-19,14.97
4517,2024-11-09,23.48
4517,2024-11-25,24.07
4518,2024-06-30,7.22
4519,2024-03-03,42.73
4519,2024-07-20,62.88
4519,2024-07-28,65.49
4519,2024-11-10,41.2
4519,2024-11-26,41.41
4519,2024-12-10,43.9
4519,2025-01-04,21.09
4519,2025-01-07,64.99
4519,2025-01-26,45.19
4519,2025-02-02,15.96
4519,2025-06-21,49.43
4519,2025-10-19,38.08
4519,2025-11-01,50.11
4520,2024-04-27,18.0
4520,2025-02-27,22.8
4521,2024-03-25,16.77
4521,2024-05-18,41.43
4521,2024-06-10,16.91
4521,2024-10-27,21.72
4521,2025-06-09,18.79
4521,2025-07-20,8.34
4521,2025-10-02,32.47
4521,2025-11-21,25.65
4521,2025-12-08,23.29
4522,2024-02-12,18.53
4523,2024-06-17,27.45
4523,2024-06-17,15.21
4523,2024-07-27,16.54
4523,2024-08-05,12.09
4523,2024-08-15,15.55
4523,2024-08-16,24.37
4523,2024-08-21,19.6
4523,2024-08-25,18.88
4523,2024-08-26,28.73
4523,2024-09-26,23.67
4523,2024-10-05,26.6
4523,2024-10-12,24.68
4523,2024-11-16,20.85
4523,2024-11-29,14.19
4523,2024-12-07,12.58
4523,2025-01-26,25.23
4523,2025-02-06,31.65
4523,2025-02-15,13.98
4523,2025-03-17,14.1
4523,2025-03-20,30.08
4523,2025-03-23,19.96
4523,2025-05-01,21.84
4523,2025-05-22,10.96
4524,2024-04-13,20.82
4524,2024-04-30,18.48
4524,2024-07-29,6.83
4525,2024-04-30,39.58
4525,2024-06-30,55.73
4525,2025-01-10,25.67
4525,2025-02-18,26.08
4526,2024-02-20,22.06
4526,2024-10-31,22.28
4526,2024-12-13,6.36
4526,2025-06-21,7.1
4526,2025-10-02,16.14
4526,2025-10-06,22.28
4526,2025-10-24,11.76
4526,2025-12-01,14.66
4527,2024-05-11,25.41
4528,2024-05-23,66.71
4529,2024-01-03,64.82
4530,2024-02-01,29.12
4530,2024-06-17,34.77
4530,2024-08-27,31.7
4530,2024-09-28,23.26
4530,2025-05-08,5.31
4530,2025-07-09,39.57
4530,2025-09-06,14.12
4530,2025-09-29,20.89
4530,2025-09-30,37.79
4530,2025-10-09,28.54
4531,2024-01-01,30.32
4531,2024-01-29,22.86
4532,2024-03-31,36.27
4532,2024-03-31,35.11
4533,2024-03-11,41.6
4534,2024-04-02,34.07
4534,2024-04-09,44.29
4534,2024-04-16,43.55
4534,2024-04-18,35.88
4534,2024-04-20,39.6
4534,2024-04-20,46.57
4534,2024-04-25,43.55
4534,2024-04-27,47.04
4534,2024-04-28,42.72
4534,2024-05-01,18.18
4535,2024-06-01,19.44
4536,2024-04-06,27.42
4537,2024-06-17,26.55
4537,2024-07-19,32.06
4537,2025-01-01,42.67
4537,2025-01-01,42.65
4537,2025-01-15,15.24
4538,2024-05-13,53.77
4538,2024-12-19,47.4
4538,2025-01-23,27.73
4538,2025-11-04,31.87
4539,2024-02-21,24.7
4539,2024-02-21,9.54
4539,2024-05-14,21.72
4540,2024-02-09,61.7
4540,2024-02-17,19.01
4540,2024-03-29,52.08
4540,2024-04-05,110.35
4540,2024-06-13,27.71
4540,2024-07-04,28.74
4540,2024-08-19,50.47
4540,2024-11-01,43.51
4540,2025-01-11,25.53
4540,2025-03-18,72.31
4540,2025-05-09,50.42
4540,2025-05-28,65.64
4540,2025-06-21,51.58
4540,2025-07-22,57.02
4540,2025-08-10,44.29
4540,2025-09-10,77.83
4540,2025-10-01,33.33
4540,2025-11-09,51.91
4540,2025-11-22,23.38
4540,2025-11-30,54.15
4541,2024-01-06,27.7
4542,2024-04-21,37.43
4542,2024-04-28,19.01
4542,2024-05-27,46.28
4542,2024-07-11,29.0
4542,2024-08-08,42.5
4542,2024-10-04,41.62
4542,2024-11-05,22.43
4542,2024-11-12,35.53
4542,2024-12-09,10.83
4542,2024-12-26,34.97
4542,2025-01-09,39.01
4542,2025-01-19,32.58
4542,2025-05-06,11.11
4542,2025-07-09,29.03
4542,2025-09-02,34.11
4542,2025-11-01,35.57
4542,2025-12-08,25.93
4542,2025-12-11,23.7
4543,2024-05-01,26.75
4544,2024-03-04,6.59
4545,2024-03-04,12.31
4545,2024-03-09,29.88
4545,2024-04-11,20.75
4545,2024-04-27,14.62
4545,2024-04-29,8.56
4545,2024-07-22,9.43
4545,2024-08-08,23.56
4545,2025-05-23,5.92
4546,2024-05-26,33.44
4546,2024-06-24,12.03
4546,2024-06-30,17.29
4546,2024-07-04,23.01
4547,2024-06-01,18.67
4547,2024-11-23,19.13
4547,2024-11-26,31.66
4548,2024-04-27,13.52
4548,2024-05-15,26.79
4549,2024-04-04,24.73
4550,2024-06-26,17.6
4550,2024-09-15,13.89
4550,2025-04-26,13.4
4550,2025-10-16,23.05
4551,2024-03-23,56.3
4551,2024-06-28,24.29
4551,2024-07-18,54.26
4552,2024-02-19,10.32
4552,2024-06-24,12.68
4553,2024-05-30,34.21
4553,2024-12-03,16.22
4554,2024-01-09,47.36
4554,2024-02-05,80.35
4554,2024-08-11,20.47
4554,2024-10-01,41.95
4554,2024-10-23,39.11
4554,2024-11-12,40.96
4554,2025-05-06,27.4
4555,2024-05-08,6.75
4555,2024-06-10,8.91
4555,2024-07-07,11.06
4555,2024-07-24,16.86
4556,2024-04-27,27.21
4557,2024-02-24,55.11
4558,2024-02-14,13.56
4558,2024-02-17,13.07
4559,2024-01-22,14.97
4559,2024-02-12,7.6
4559,2024-03-01,14.76
4559,2024-04-12,10.47
4559,2024-04-24,11.49
4560,2024-02-17,22.32
4560,2024-05-03,14.09
4560,2025-07-29,16.54
4561,2024-01-10,20.68
4561,2024-01-23,24.86
4561,2024-03-18,14.21
4561,2024-04-16,48.93
4561,2024-04-28,13.59
4562,2024-06-18,17.95
4562,2024-07-03,48.65
4562,2024-07-09,34.24
4562,2024-07-23,39.33
4563,2024-04-12,6.72
4563,2025-01-18,30.44
4563,2025-02-19,15.62
4563,2025-06-04,9.15
4563,2025-09-29,22.91
4563,2025-12-19,23.26
4564,2024-01-28,8.18
4564,2024-05-19,16.96
4564,2024-10-29,15.64
4564,2025-04-04,22.21
4564,2025-08-23,2.76
4565,2024-01-19,13.19
4565,2024-01-24,38.86
4565,2024-04-02,16.5
4566,2024-04-13,25.76
4566,2024-04-22,36.11
4567,2024-05-02,16.61
4567,2024-09-21,6.72
4568,2024-02-01,9.14
4569,2024-01-03,25.09
4570,2024-04-12,18.14
4571,2024-04-12,13.99
4572,2024-01-13,24.4
4572,2024-03-21,35.82
4572,2024-06-23,23.89
4572,2025-01-01,24.48
4572,2025-01-27,39.75
4572,2025-02-22,14.94
4573,2024-04-09,25.12
4573,2024-05-07,13.38
4573,2024-05-12,29.69
4573,2024-05-29,21.53
4573,2024-09-15,16.11
4573,2024-10-24,10.48
4573,2024-11-25,5.98
4573,2024-11-30,19.35
4573,2025-03-11,16.59
4573,2025-03-29,14.07
4573,2025-04-08,21.52
4573,2025-04-11,16.14
4573,2025-04-30,15.77
4573,2025-05-01,51.39
4573,2025-06-22,9.4
4573,2025-10-14,42.89
4574,2024-06-01,31.53
4574,2024-09-24,40.35
4574,2024-10-29,37.63
4574,2024-11-14,32.02
4574,2024-12-22,20.11
4574,2025-01-31,25.14
4574,2025-03-20,38.93
4574,2025-04-30,26.9
4574,2025-05-22,42.92
4574,2025-07-16,33.32
4574,2025-07-18,37.21
4574,2025-10-27,42.47
4574,2025-11-05,24.77
4574,2025-12-13,23.62
4575,2024-03-31,21.76
4575,2024-04-04,8.94
4575,2024-04-17,7.83
4575,2024-05-18,43.48
4575,2024-06-13,6.67
4575,2024-07-16,19.48
4575,2024-07-20,9.99
4575,2024-07-28,25.29
4575,2024-08-11,29.68
4575,2024-08-23,24.05
4575,2024-08-24,27.15
4575,2024-10-01,21.75
4575,2024-10-18,15.94
4575,2024-11-28,9.79
4575,2024-12-11,16.6
4575,2025-03-19,10.26
4575,2025-03-31,13.47
4575,2025-05-07,18.13
4575,2025-05-29,6.5
4575,2025-07-15,16.09
4575,2025-08-02,22.56
4575,2025-08-07,16.02
4575,2025-09-02,31.49
4575,2025-09-03,8.69
4575,2025-09-04,7.55
4575,2025-11-02,21.9
4575,2025-11-05,23.02
4575,2025-11-21,28.53
4576,2024-05-13,22.6
4577,2024-01-22,33.3
4577,2024-01-26,36.79
4577,2024-04-13,16.79
4577,2024-05-13,45.19
4577,2024-09-30,11.04
4577,2024-10-18,41.75
4577,2024-11-12,22.56
4577,2024-11-27,30.77
4577,2024-12-01,18.73
4577,2025-03-13,22.76
4577,2025-05-27,19.7
4577,2025-06-26,19.23
4577,2025-07-14,18.39
4577,2025-08-10,23.34
4577,2025-10-04,29.65
4577,2025-10-05,31.75
4577,2025-11-01,24.29
4577,2025-11-05,6.15
4577,2025-12-09,25.68
4577,2025-12-25,17.83
4578,2024-04-08,28.59
4579,2024-05-09,23.86
4579,2024-06-09,43.8
4579,2024-08-03,12.02
4579,2024-08-04,20.51
4579,2024-08-24,20.56
4580,2024-04-28,33.78
4580,2024-06-11,60.25
4581,2024-06-19,24.8
4582,2024-06-22,55.03
4582,2024-07-01,31.61
4582,2024-08-08,33.78
4582,2024-10-12,20.73
4582,2024-11-03,44.23
4583,2024-01-12,12.05
4584,2024-01-04,19.42
4584,2024-01-18,31.38
4584,2024-01-30,11.23
4584,2024-03-04,18.24
4584,2024-03-05,37.07
4584,2024-03-21,23.78
4584,2024-04-04,32.51
4584,2024-05-15,49.89
4584,2024-07-03,20.31
4585,2024-05-28,7.16
4585,2024-09-02,12.26
4585,2025-03-09,16.18
4585,2025-09-16,19.48
4585,2025-09-22,5.85
4585,2025-09-22,9.62
4586,2024-04-09,14.93
4586,2024-05-03,20.52
4586,2024-05-08,31.27
4586,2024-06-19,26.63
4586,2024-06-29,15.17
4586,2024-08-29,22.97
4586,2024-11-20,19.66
4586,2025-01-31,27.87
4586,2025-02-01,17.34
4587,2024-03-27,6.98
4587,2024-04-21,14.23
4587,2024-05-17,16.04
4587,2024-05-19,15.87
4587,2024-06-11,34.05
4587,2024-06-22,17.82
4587,2024-07-18,29.9
4587,2024-08-01,14.63
4587,2024-08-17,17.4
4587,2024-08-22,17.93
4587,2024-09-09,20.23
4587,2024-09-10,26.47
4587,2024-10-25,29.51
4587,2024-12-06,19.98
4587,2024-12-28,11.51
4588,2024-02-02,18.21
4588,2024-02-18,20.83
4588,2024-03-09,23.36
4588,2024-03-10,18.58
4588,2024-03-21,11.09
4588,2024-04-08,23.87
4588,2024-04-12,17.65
4588,2024-04-16,12.26
4588,2024-05-05,17.46
4588,2024-05-17,22.1
4588,2024-06-04,39.27
4588,2024-06-24,17.33
4588,2024-06-30,16.3
4588,2024-07-08,11.76
4588,2024-07-10,16.4
4588,2024-07-29,27.22
4588,2024-08-29,11.02
4588,2024-09-25,26.72
4588,2024-10-11,26.88
4588,2024-10-22,36.21
4588,2024-11-04,7.8
4588,2024-11-07,25.58
4588,2024-12-06,9.19
4588,2024-12-06,26.91
4588,2024-12-17,12.5
4588,2024-12-20,37.33
4588,2024-12-24,49.3
4588,2024-12-31,13.36
4588,2025-01-11,10.69
4588,2025-01-27,26.77
4588,2025-01-28,17.1
4588,2025-02-08,16.06
4588,2025-02-16,32.01
4588,2025-03-03,23.01
4588,2025-03-09,16.18
4588,2025-04-07,17.64
4588,2025-06-22,34.88
4588,2025-07-16,34.35
4588,2025-07-18,27.47
4588,2025-09-17,26.42
4588,2025-09-26,38.4
4588,2025-10-31,28.32
4588,2025-11-13,10.94
4588,2025-11-30,21.63
4588,2025-12-15,23.03
4588,2025-12-24,25.91
4589,2024-03-14,25.69
4589,2024-03-16,43.48
4589,2024-04-01,46.69
4589,2024-04-27,15.68
4589,2024-05-03,37.72
4589,2024-05-19,32.87
4589,2024-05-31,23.22
4589,2024-07-06,42.19
4589,2024-08-07,41.93
4589,2024-09-06,45.54
4589,2024-09-07,48.56
4589,2024-09-10,28.51
4589,2024-09-27,21.18
4589,2024-11-20,32.05
4589,2024-11-28,24.39
4590,2024-01-25,22.81
4591,2024-03-20,27.96
4591,2024-05-27,25.69
4591,2024-06-08,34.09
4592,2024-05-02,15.61
4592,2024-05-18,17.18
4592,2024-05-23,15.01
4592,2024-05-25,12.85
4592,2024-05-28,12.57
4592,2024-05-31,19.84
4592,2024-06-01,11.26
4592,2024-06-08,9.22
4592,2024-07-06,19.25
4592,2024-07-13,12.27
4592,2024-07-23,13.88
4592,2024-08-14,22.35
4592,2024-10-04,12.23
4592,2024-10-06,13.55
4592,2024-10-29,14.06
4592,2024-11-10,10.06
4592,2024-11-17,17.34
4592,2024-11-25,10.5
4592,2024-12-01,20.58
4592,2024-12-01,23.41
4592,2024-12-03,14.61
4592,2024-12-10,4.11
4592,2024-12-19,11.36
4592,2024-12-28,25.07
4592,2025-01-31,12.35
4592,2025-02-18,23.25
4592,2025-03-02,10.64
4592,2025-03-16,14.87
4592,2025-05-25,11.74
4592,2025-06-06,20.17
4592,2025-07-17,10.85
4592,2025-07-18,17.98
4592,2025-07-26,26.81
4592,2025-08-03,8.42
4592,2025-08-21,21.49
4592,2025-08-29,13.09
4592,2025-09-11,42.91
4592,2025-09-27,11.53
4592,2025-09-28,15.63
4592,2025-09-30,18.86
4592,2025-10-08,16.5
4592,2025-10-11,4.51
4592,2025-10-19,12.49
4592,2025-11-04,7.65
4592,2025-11-08,17.61
4592,2025-11-19,12.21
4592,2025-12-14,24.38
4592,2025-12-24,12.1
4592,2025-12-27,19.17
4592,2025-12-28,11.94
4593,2024-06-10,44.96
4594,2024-02-05,93.99
4594,2025-04-27,72.42
4594,2025-11-03,65.71
4594,2025-12-06,45.48
4595,2024-02-07,28.92
4595,2024-04-05,22.02
4595,2024-04-18,20.3
4595,2024-04-24,36.17
4595,2024-05-03,8.65
4595,2024-05-10,23.35
4595,2024-05-29,18.52
4595,2024-06-15,30.01
4595,2024-07-09,20.38
4595,2024-07-21,7.85
4595,2024-08-02,26.34
4595,2024-08-07,12.06
4595,2024-09-18,25.94
4595,2024-09-25,22.82
4595,2024-09-29,17.48
4595,2024-11-21,33.79
4595,2024-11-21,23.81
4595,2024-11-29,13.47
4595,2024-12-29,15.53
4595,2025-01-01,21.86
4595,2025-02-01,21.89
4595,2025-02-22,15.36
4595,2025-02-26,9.58
4595,2025-02-26,23.79
4596,2024-01-11,12.05
4597,2024-04-28,59.12
4597,2024-06-23,25.87
4597,2024-07-31,97.15
4597,2024-11-03,62.07
4597,2024-11-25,33.94
4597,2024-12-06,61.7
4597,2025-02-21,57.9
4597,2025-06-04,40.81
4597,2025-10-16,53.33
4598,2024-06-04,28.6
4598,2024-09-22,8.51
4598,2025-02-02,14.15
4598,2025-03-09,29.37
4598,2025-03-21,8.07
4598,2025-08-03,24.93
4599,2024-03-02,24.75
4599,2024-03-11,15.14
4599,2024-03-24,22.49
4599,2024-03-29,23.21
4599,2024-04-13,9.61
4599,2024-04-16,19.35
4599,2024-05-06,18.96
4599,2024-06-21,20.02
4599,2024-07-27,17.7
4599,2024-07-31,31.21
4599,2024-08-20,24.86
4599,2024-08-25,25.94
4599,2024-09-10,19.54
4599,2024-09-16,34.01
4599,2024-10-09,21.2
4599,2024-10-27,14.62
4599,2025-01-02,5.55
4599,2025-01-09,17.54
4599,2025-01-10,31.94
4599,2025-01-18,12.52
4599,2025-02-22,28.41
4599,2025-03-15,15.08
4599,2025-03-16,28.28
4599,2025-03-28,7.29
4599,2025-04-09,10.82
4599,2025-04-12,17.76
4599,2025-06-02,23.82
4599,2025-07-26,23.69
4599,2025-08-20,29.01
4599,2025-09-14,35.71
4599,2025-10-10,10.65
4599,2025-11-18,17.17
4600,2024-02-28,28.54
4600,2024-06-07,35.79
4600,2024-06-24,9.91
4600,2024-07-25,19.63
4600,2024-09-14,21.07
4600,2025-04-07,28.06
4600,2025-05-09,24.57
4600,2025-07-22,55.13
4600,2025-07-27,28.97
4600,2025-09-13,19.55
4600,2025-12-07,21.02
4601,2024-05-05,9.42
4602,2024-03-11,24.7
4602,2024-04-24,20.57
4602,2024-05-20,28.96
4602,2024-07-15,23.68
4602,2024-07-17,38.63
4602,2024-08-01,36.8
4602,2024-08-15,44.16
4602,2024-08-19,13.46
4602,2025-01-17,28.47
4602,2025-03-07,29.16
4602,2025-03-25,18.19
4602,2025-05-29,30.11
4602,2025-06-09,51.12
4602,2025-07-07,32.16
4602,2025-08-26,38.92
4602,2025-09-03,45.18
4602,2025-09-13,36.0
4602,2025-09-19,31.44
4602,2025-11-02,10.55
4602,2025-11-18,26.6
4602,2025-12-22,27.73
4603,2024-02-17,18.44
4604,2024-06-21,21.41
4604,2024-08-01,18.65
4604,2024-09-30,21.78
4604,2024-10-01,8.87
4604,2025-06-21,24.8
4604,2025-07-19,20.53
4604,2025-08-21,11.16
4604,2025-09-13,11.66
4605,2024-05-15,10.75
4605,2024-05-19,11.26
4605,2024-06-05,11.31
4605,2024-06-08,17.85
4605,2024-06-17,6.36
4605,2024-07-05,9.01
4605,2024-07-05,21.26
4605,2024-07-14,20.19
4605,2024-07-27,21.28
4605,2024-07-27,20.36
4605,2024-08-03,12.34
4605,2024-08-12,14.79
4605,2024-08-27,17.56
4605,2024-09-10,18.3
4605,2024-09-15,5.8
4605,2024-09-19,9.51
4605,2024-09-20,8.54
4605,2024-09-20,12.02
4605,2024-09-23,16.14
4605,2024-10-03,11.93
4605,2024-10-03,14.05
4605,2024-10-22,13.5
4605,2024-12-04,16.2
4605,2024-12-12,11.31
4605,2024-12-19,12.99
4605,2025-01-25,8.64
4605,2025-01-31,10.42
4605,2025-02-03,13.01
4605,2025-04-22,9.56
4605,2025-04-24,23.75
4605,2025-04-27,14.93
4605,2025-06-07,22.17
4605,2025-06-13,14.44
4605,2025-06-29,32.89
4605,2025-07-29,11.4
4605,2025-08-09,15.77
4605,2025-08-15,22.86
4605,2025-08-20,15.0
4605,2025-09-05,11.92
4605,2025-09-14,11.08
4605,2025-10-04,21.09
4605,2025-10-08,24.4
4605,2025-10-14,17.33
4605,2025-11-15,4.78
4605,2025-12-19,18.29
4606,2024-05-29,31.75
4606,2024-09-27,26.28
4606,2024-11-03,63.2
4606,2024-11-17,23.95
4607,2024-04-12,21.45
4608,2024-02-13,26.72
4608,2024-08-04,20.66
4609,2024-06-18,8.3
4609,2024-07-14,5.08
4609,2024-07-27,10.64
4609,2024-07-31,6.92
4609,2024-08-24,9.64
4609,2024-09-17,6.96
4609,2024-09-27,13.7
4609,2024-10-16,2.14
4609,2024-10-23,8.61
4609,2024-11-02,4.87
4609,2024-11-16,17.5
4609,2024-12-11,6.93
4609,2024-12-14,17.96
4609,2024-12-19,26.02
4609,2024-12-21,9.67
4609,2024-12-21,7.54
4609,2025-01-10,11.78
4610,2024-04-19,20.7
4610,2024-04-19,19.07
4610,2024-05-09,13.47
4610,2024-06-01,35.53
4610,2024-06-03,27.5
4610,2024-09-03,22.43
4610,2024-09-22,33.9
4610,2024-11-20,55.15
4610,2025-03-24,23.58
4610,2025-04-01,25.93
4610,2025-09-29,26.55
4610,2025-10-27,31.98
4610,2025-12-03,29.77
4611,2024-03-11,28.39
4612,2024-04-18,21.34
4612,2024-05-21,7.49
4612,2024-05-28,16.63
4612,2024-07-26,9.38
4612,2024-09-25,16.6
4612,2024-10-16,16.4
4612,2024-11-21,13.44
4612,2024-12-18,28.86
4612,2025-01-01,15.14
4612,2025-01-24,22.12
4612,2025-02-25,17.63
4612,2025-03-21,24.09
4612,2025-04-03,15.19
4612,2025-05-19,14.98
4612,2025-05-19,21.54
4612,2025-05-22,25.88
4612,2025-06-06,10.02
4612,2025-07-07,10.86
4612,2025-07-19,6.74
4612,2025-07-21,13.29
4612,2025-09-13,21.7
4612,2025-09-23,18.44
4612,2025-09-29,18.3
4612,2025-11-13,12.34
4613,2024-06-22,19.05
4613,2024-11-18,30.63
4614,2024-06-15,45.93
4614,2024-07-26,22.07
4614,2024-07-31,17.27
4614,2024-10-19,10.53
4614,2024-12-05,24.0
4614,2024-12-22,19.49
4614,2025-01-30,10.1
4614,2025-02-26,16.9
4614,2025-03-02,42.97
4614,2025-03-08,11.57
4614,2025-03-10,13.19
4614,2025-03-12,13.95
4614,2025-05-02,8.2
4614,2025-07-15,25.64
4614,2025-07-16,21.25
4614,2025-07-17,12.66
4614,2025-08-03,14.75
4614,2025-11-01,25.24
4614,2025-12-02,16.44
4614,2025-12-19,24.89
4614,2025-12-25,17.03
4615,2024-01-09,27.76
4615,2024-01-17,25.36
4615,2024-01-26,19.18
4615,2024-03-23,15.91
4615,2024-05-10,22.19
4615,2024-06-18,8.45
4615,2024-07-07,13.29
4615,2024-09-11,25.07
4615,2024-09-24,15.75
4615,2024-11-30,24.92
4615,2024-12-22,27.65
4615,2024-12-27,14.58
4615,2025-02-26,28.75
4615,2025-04-01,16.78
4615,2025-04-02,10.33
4616,2024-05-24,15.25
4616,2024-06-06,28.04
4616,2024-07-03,27.06
4616,2024-11-19,22.88
4616,2024-11-30,34.28
4617,2024-01-05,31.46
4618,2024-03-26,18.29
4619,2024-03-07,32.26
4620,2024-06-16,16.06
4620,2024-07-08,7.91
4621,2024-03-15,10.83
4621,2024-04-19,19.93
4621,2024-04-29,14.48
4621,2024-06-22,9.67
4621,2024-08-10,31.94
4621,2024-08-23,22.66
4621,2024-09-16,12.73
4621,2024-11-29,7.76
4621,2025-01-09,17.3
4621,2025-10-19,12.64
4622,2024-03-20,35.29
4623,2024-03-01,61.66
4623,2024-06-09,67.08
4623,2024-07-12,102.69
4623,2024-07-13,64.3
4624,2024-03-01,9.46
4624,2024-03-25,22.33
4624,2024-05-03,12.96
4624,2024-05-15,11.56
4624,2024-06-26,7.57
4624,2024-07-07,8.68
4624,2024-07-23,18.57
4624,2024-08-04,16.61
4624,2024-08-10,10.07
4624,2024-08-27,11.42
4624,2024-08-27,12.01
4624,2024-08-28,20.41
4624,2024-09-10,12.78
4624,2024-10-14,9.97
4624,2024-11-11,16.82
4624,2024-11-12,7.26
4624,2024-12-05,13.08
4624,2025-02-24,14.55
4624,2025-03-08,9.77
4624,2025-04-18,9.1
4624,2025-04-21,8.81
4624,2025-04-24,22.01
4624,2025-05-01,12.37
4624,2025-05-18,15.44
4624,2025-07-18,10.24
4624,2025-09-04,9.85
4624,2025-09-26,24.16
4624,2025-09-26,19.79
4624,2025-10-23,15.2
4625,2024-05-04,10.47
4625,2024-05-17,6.27
4625,2024-06-11,19.4
4625,2024-06-17,15.21
4625,2024-06-30,8.3
4625,2024-07-01,13.03
4625,2024-07-10,7.48
4625,2024-07-28,18.3
4625,2024-08-21,5.58
4625,2024-09-20,21.86
4625,2024-11-05,8.34
4625,2024-12-10,6.01
4625,2025-01-17,9.63
4625,2025-01-25,9.85
4625,2025-03-18,8.53
4625,2025-04-04,7.97
4625,2025-04-28,11.94
4625,2025-06-05,14.6
4625,2025-06-25,7.06
4625,2025-10-03,9.39
4625,2025-10-17,6.01
4625,2025-10-19,12.17
4625,2025-10-19,9.72
4625,2025-10-26,8.54
4626,2024-03-20,25.07
4626,2024-08-25,22.15
4626,2025-10-20,6.66
4627,2024-03-08,28.58
4627,2024-03-11,44.83
4627,2024-03-12,19.33
4628,2024-02-09,18.27
4628,2024-10-22,23.31
4628,2024-10-29,17.84
4628,2025-11-27,38.22
4629,2024-05-25,16.36
4629,2024-05-26,49.39
4629,2024-12-02,15.45
4629,2025-01-10,20.96
4629,2025-02-02,31.72
4630,2024-03-30,47.75
4630,2024-04-26,74.99
4630,2024-06-21,25.9
4630,2024-06-25,55.76
4630,2024-07-27,19.93
4630,2024-08-20,55.73
4630,2024-09-21,43.35
4630,2024-10-20,87.29
4630,2024-10-24,86.79
4630,2024-10-31,39.17
4630,2024-12-07,49.59
4630,2025-01-19,82.17
4630,2025-05-24,49.95
4630,2025-08-15,72.29
4630,2025-09-19,51.04
4630,2025-10-09,73.28
4630,2025-12-12,73.27
4630,2025-12-20,59.01
4630,2025-12-24,24.84
4631,2024-06-19,29.34
4631,2024-07-02,25.35
4631,2024-07-23,23.6
4631,2024-07-28,19.32
4631,2024-08-21,18.71
4631,2024-09-01,22.2
4632,2024-04-30,3.33
4632,2024-05-16,11.49
4632,2024-07-18,11.43
4632,2024-08-13,8.12
4633,2024-06-29,15.71
4633,2024-07-07,24.28
4633,2024-07-22,29.05
4633,2024-08-21,39.57
4633,2024-09-14,8.47
4633,2024-09-16,13.03
4633,2024-09-19,19.76
4633,2024-11-06,51.32
4633,2024-11-10,53.62
4633,2024-11-16,14.02
4633,2024-11-16,29.25
4633,2024-11-19,25.73
4633,2024-11-23,26.78
4633,2024-11-30,24.17
4633,2024-12-05,40.35
4633,2024-12-09,19.81
4633,2024-12-15,7.75
4633,2024-12-24,33.29
4633,2024-12-26,57.63
4633,2025-01-02,23.61
4633,2025-01-12,10.4
4633,2025-02-14,38.05
4633,2025-02-17,28.93
4633,2025-02-18,37.91
4633,2025-03-11,12.24
4633,2025-03-14,23.18
4633,2025-04-11,24.21
4633,2025-04-22,35.24
4633,2025-05-19,25.83
4633,2025-05-22,15.43
4633,2025-05-23,29.02
4633,2025-05-30,38.88
4633,2025-06-12,14.95
4633,2025-07-07,39.92
4633,2025-07-15,25.74
4633,2025-07-17,23.26
4633,2025-09-17,34.88
4633,2025-10-09,26.73
4633,2025-10-12,21.56
4634,2024-01-21,19.62
4634,2024-01-28,43.98
4634,2024-02-01,13.04
4634,2024-04-12,44.35
4634,2024-04-27,27.7
4634,2024-05-12,8.52
4634,2024-05-24,10.46
4634,2024-07-01,43.11
4634,2024-07-10,14.2
4634,2024-10-17,15.49
4634,2024-10-24,17.83
4634,2024-12-04,13.18
4634,2024-12-31,12.9
4634,2025-02-04,14.29
4634,2025-02-08,18.13
4634,2025-04-27,23.48
4634,2025-04-28,16.67
4635,2024-02-27,53.39
4635,2024-02-28,44.56
4635,2024-03-04,41.47
4635,2024-03-08,28.01
4635,2024-03-19,36.05
4635,2024-03-25,17.73
4635,2024-04-03,38.82
4635,2024-04-04,15.9
4635,2024-04-30,58.6
4635,2024-06-02,38.01
4635,2024-07-10,33.79
4635,2024-07-16,26.03
4635,2024-07-28,25.76
4635,2024-08-15,49.76
4635,2024-10-01,45.08
4635,2024-10-09,41.58
4635,2024-10-16,30.98
4635,2024-11-09,27.99
4635,2024-11-20,42.23
4635,2024-11-22,46.79
4635,2024-12-18,50.6
4635,2024-12-21,33.32
4635,2025-02-07,63.93
4635,2025-03-01,20.99
4635,2025-03-07,9.69
4635,2025-03-14,25.98
4635,2025-03-21,30.52
4635,2025-03-30,32.38
4635,2025-03-30,35.06
4635,2025-03-30,13.19
4635,2025-04-03,47.12
4635,2025-04-08,24.39
4635,2025-04-14,50.27
4635,2025-05-01,33.26
4635,2025-05-07,26.22
4635,2025-05-14,51.31
4635,2025-05-19,33.73
4635,2025-05-24,60.52
4635,2025-06-05,64.79
4635,2025-06-17,15.93
4635,2025-06-25,21.42
4635,2025-07-01,56.2
4635,2025-07-06,35.73
4635,2025-07-13,31.59
4635,2025-08-05,35.49
4635,2025-08-10,32.64
4635,2025-08-16,72.14
4635,2025-08-20,22.32
4635,2025-08-29,55.66
4635,2025-09-09,100.52
4635,2025-09-19,41.66
4635,2025-09-20,20.95
4635,2025-09-24,26.84
4635,2025-09-30,17.73
4635,2025-10-14,26.85
4635,2025-10-19,99.08
4635,2025-11-19,49.56
4635,2025-12-08,19.21
4636,2024-06-30,33.02
4636,2024-07-20,19.32
4636,2024-08-19,31.85
4636,2024-10-08,10.41
4636,2025-01-22,16.83
4636,2025-01-29,23.74
4636,2025-01-31,25.22
4636,2025-02-08,24.47
4636,2025-03-08,24.13
4636,2025-03-30,14.07
4636,2025-04-16,27.55
4636,2025-04-20,17.21
4636,2025-04-27,14.51
4636,2025-05-22,20.75
4636,2025-06-12,15.58
4636,2025-08-09,10.47
4636,2025-08-29,27.39
4636,2025-10-26,3.86
4636,2025-10-31,18.17
4636,2025-11-05,28.96
4636,2025-11-20,23.57
4637,2024-06-15,34.73
4637,2024-08-16,17.44
4637,2024-09-16,33.71
4637,2024-09-25,23.93
4637,2024-11-18,56.49
4638,2024-01-04,21.22
4639,2024-05-20,4.47
4639,2024-05-23,13.23
4639,2024-06-10,10.51
4639,2024-06-11,2.88
4639,2024-06-14,10.96
4639,2024-06-23,16.58
4639,2024-06-24,13.78
4639,2024-07-02,5.81
4639,2024-07-10,13.53
4639,2024-07-13,23.4
4639,2024-07-20,21.6
4639,2024-07-21,12.7
4639,2024-07-23,28.06
4639,2024-08-03,7.84
4639,2024-08-04,13.22
4639,2024-09-06,7.19
4639,2024-09-07,18.5
4639,2024-09-16,5.99
4639,2024-09-20,10.19
4639,2024-11-03,9.96
4639,2024-11-12,11.85
4639,2024-11-21,3.66
4639,2024-12-08,10.28
4639,2024-12-26,22.27
4639,2025-01-03,20.51
4639,2025-02-08,6.38
4639,2025-02-11,28.21
4639,2025-02-20,26.73
4639,2025-02-26,15.84
4639,2025-04-02,8.76
4639,2025-04-16,3.07
4639,2025-04-20,14.24
4639,2025-04-20,13.73
4639,2025-04-26,24.39
4639,2025-05-03,21.55
4639,2025-05-03,15.39
4639,2025-05-28,28.6
4639,2025-06-04,20.07
4639,2025-06-14,21.88
4639,2025-07-01,8.37
4639,2025-07-22,10.59
4639,2025-07-29,7.73
4639,2025-08-07,8.35
4639,2025-08-07,6.37
4639,2025-09-03,10.28
4639,2025-09-04,16.11
4639,2025-09-11,10.14
4639,2025-09-11,12.04
4639,2025-09-16,8.16
4639,2025-09-18,10.06
4639,2025-09-28,10.58
4639,2025-10-29,17.14
4639,2025-11-05,7.43
4639,2025-11-11,11.07
4639,2025-12-09,20.01
4639,2025-12-16,15.64
4639,2025-12-19,8.13
4639,2025-12-23,9.93
4640,2024-02-10,13.59
4641,2024-03-28,29.2
4642,2024-01-08,18.18
4642,2024-01-19,17.74
4642,2024-08-03,11.57
4642,2024-09-29,3.93
4642,2025-01-23,14.61
4642,2025-02-22,11.8
4642,2025-04-24,10.63
4642,2025-07-17,12.47
4642,2025-08-06,13.0
4642,2025-08-24,6.82
4642,2025-08-31,6.72
4642,2025-09-04,9.61
4642,2025-09-10,8.27
4642,2025-09-19,11.93
4643,2024-02-20,19.23
4643,2024-02-20,39.56
4643,2024-02-24,41.06
4643,2024-03-03,28.44
4643,2024-03-14,12.87
4643,2024-03-21,22.63
4643,2024-03-25,18.24
4643,2024-03-28,23.92
4643,2024-03-30,25.59
4643,2024-04-18,30.67
4643,2024-05-02,36.81
4643,2024-05-04,37.85
4643,2024-05-19,23.97
4643,2024-06-12,29.31
4644,2024-06-30,39.25
4644,2024-07-16,28.08
4644,2024-10-16,22.49
4644,2024-10-22,59.68
4644,2024-11-12,33.86
4644,2024-11-28,28.88
4644,2024-12-17,24.88
4644,2025-03-17,28.49
4644,2025-04-01,41.05
4644,2025-05-22,38.26
4644,2025-05-24,44.93
4644,2025-06-07,11.92
4644,2025-08-02,36.74
4644,2025-09-22,7.96
4644,2025-10-14,35.27
4644,2025-10-25,39.01
4645,2024-02-06,62.0
4645,2025-01-27,43.01
4645,2025-06-24,32.53
4646,2024-05-17,8.47
4646,2024-06-05,15.64
4646,2024-06-14,12.62
4646,2024-06-21,29.59
4646,2024-07-23,12.71
4646,2024-08-01,13.62
4646,2024-08-04,19.62
4646,2024-08-13,15.33
4646,2024-08-26,23.9
4646,2024-09-09,17.83
4646,2024-09-15,12.12
4646,2024-09-21,13.17
4646,2024-10-13,14.71
4646,2024-10-25,8.75
4646,2024-11-10,17.24
4646,2024-11-23,19.61
4646,2024-12-30,6.47
4646,2025-01-03,10.23
4646,2025-01-05,16.08
4646,2025-01-17,16.58
4646,2025-01-26,20.46
4646,2025-01-27,15.27
4646,2025-01-29,17.91
4646,2025-02-11,13.49
4646,2025-02-12,5.87
4646,2025-02-25,15.58
4646,2025-03-20,16.4
4646,2025-04-01,7.81
4646,2025-04-06,14.77
4646,2025-04-10,21.38
4646,2025-04-15,16.96
4646,2025-04-18,11.2
4646,2025-04-30,22.43
4646,2025-05-10,10.21
4646,2025-05-28,11.19
4646,2025-06-01,21.35
4646,2025-06-03,21.3
4646,2025-06-15,27.03
4646,2025-06-23,14.23
4646,2025-07-21,16.07
4646,2025-08-13,15.04
4646,2025-09-22,13.37
4646,2025-09-23,22.04
4646,2025-10-04,9.54
4646,2025-10-14,14.22
4646,2025-10-14,12.13
4646,2025-10-18,22.13
4646,2025-10-19,22.21
4646,2025-11-05,20.14
4646,2025-11-22,10.14
4646,2025-12-02,12.24
4646,2025-12-03,27.18
4646,2025-12-13,15.5
4647,2024-03-09,22.6
4647,2024-04-21,9.56
4647,2024-12-16,12.5
4648,2024-02-02,35.18
4648,2024-02-02,50.76
4648,2024-03-18,24.09
4648,2024-05-04,22.63
4648,2024-05-17,67.95
4649,2024-01-21,107.9
4649,2024-06-16,90.53
4649,2024-10-22,51.36
4649,2025-02-11,85.15
4649,2025-03-25,72.87
4649,2025-03-27,90.19
4649,2025-06-24,18.96
4649,2025-08-11,56.09
4649,2025-10-16,62.72
4649,2025-11-10,57.96
4649,2025-12-10,72.2
4650,2024-03-30,108.73
4651,2024-03-13,18.2
4651,2024-10-11,27.71
4651,2025-02-12,45.03
4651,2025-07-02,80.34
4652,2024-04-16,102.1
4652,2024-05-23,49.46
4652,2024-06-24,75.57
4652,2024-07-02,91.59
4652,2024-08-08,98.07
4652,2024-08-10,74.2
4652,2024-08-26,86.26
4652,2024-09-30,59.66
4652,2024-10-01,53.38
4652,2024-11-03,124.93
4652,2024-12-07,102.03
4652,2024-12-31,52.63
4652,2025-03-04,84.49
4652,2025-04-14,60.63
4652,2025-06-17,178.27
4652,2025-06-29,88.18
4652,2025-07-19,85.9
4652,2025-08-03,38.41
4652,2025-08-05,85.11
4652,2025-09-02,64.04
4652,2025-11-05,57.78
4652,2025-11-20,95.94
4652,2025-11-20,63.06
4652,2025-11-25,106.28
4652,2025-12-02,127.72
4652,2025-12-14,46.3
4652,2025-12-20,138.21
4653,2024-04-15,33.35
4654,2024-06-15,10.93
4655,2024-02-21,30.42
4656,2024-02-03,23.3
4656,2024-02-23,35.4
4656,2025-02-11,30.28
4656,2025-05-24,25.32
4656,2025-07-10,18.47
4656,2025-07-30,30.94
4656,2025-08-02,23.41
4657,2024-06-12,15.41
4657,2024-07-19,38.74
4658,2024-04-10,20.39
4659,2024-05-16,5.82
4659,2024-07-24,13.36
4660,2024-04-05,20.01
4661,2024-06-17,29.5
4662,2024-03-09,40.99
4662,2024-03-21,62.7
4662,2024-04-17,35.66
4662,2024-05-05,74.04
4662,2024-07-31,32.18
4662,2024-10-23,23.39
4662,2024-11-18,49.45
4662,2024-12-06,43.97
4662,2025-06-12,82.22
4662,2025-08-16,22.89
4662,2025-09-27,27.04
4662,2025-09-28,48.15
4662,2025-10-19,33.57
4663,2024-01-07,49.17
4663,2024-02-23,46.13
4663,2024-05-02,38.09
4664,2024-04-09,28.45
4664,2024-04-20,37.04
4664,2024-06-07,14.26
4664,2024-06-25,24.19
4665,2024-03-02,14.47
4666,2024-06-16,24.76
4666,2024-06-18,8.53
4666,2024-08-14,8.95
4666,2024-08-30,36.1
4666,2024-09-10,7.31
4666,2024-09-24,10.9
4666,2024-10-03,29.14
4666,2024-11-17,22.27
4666,2024-12-10,48.53
4666,2025-01-10,28.66
4666,2025-02-10,19.16
4666,2025-02-17,7.62
4666,2025-03-12,15.65
4667,2024-03-12,14.81
4667,2024-04-26,31.84
4667,2024-04-28,19.72
4667,2024-07-29,27.79
4667,2024-08-03,23.87
4667,2024-09-16,33.39
4667,2024-11-15,11.86
4667,2025-01-03,19.04
4667,2025-05-04,15.92
4667,2025-05-15,37.21
4667,2025-08-03,16.89
4667,2025-09-08,19.55
4667,2025-09-17,48.3
4667,2025-12-24,45.75
4668,2024-05-07,5.84
4668,2024-08-27,6.79
4668,2024-09-15,8.22
4668,2024-11-12,3.17
4668,2025-07-02,7.71
4668,2025-11-08,3.68
4668,2025-12-13,5.52
4669,2024-01-23,8.21
4670,2024-04-06,108.59
4670,2024-10-20,70.5
4670,2025-05-21,29.72
4671,2024-01-04,21.54
4672,2024-02-06,19.81
4672,2024-04-05,25.48
4672,2024-07-27,14.25
4673,2024-03-19,19.14
4673,2024-04-23,33.79
4673,2024-06-02,38.14
4673,2024-08-05,46.93
4674,2024-02-09,15.05
4675,2024-06-21,21.91
4675,2024-10-15,36.2
4675,2024-10-20,34.9
4675,2025-02-17,27.76
4675,2025-03-20,43.09
4675,2025-04-15,48.83
4675,2025-05-15,26.16
4675,2025-05-31,20.69
4675,2025-06-15,37.2
4676,2024-04-15,11.83
4676,2025-01-01,33.93
4676,2025-05-16,41.9
4677,2024-05-30,14.09
4678,2024-04-01,12.94
4678,2024-09-11,17.07
4678,2025-01-23,24.53
4678,2025-03-20,14.64
4679,2024-06-04,19.2
4679,2024-06-05,43.26
4679,2024-06-22,10.91
4679,2024-06-24,18.03
4679,2024-07-03,60.53
4679,2024-07-28,26.9
4679,2024-08-14,40.79
4679,2024-08-21,21.18
4679,2024-10-17,30.08
4679,2024-11-05,21.83
4679,2024-11-11,39.7
4679,2024-11-19,18.09
4679,2024-12-06,45.34
4679,2024-12-31,43.9
4679,2025-01-16,15.31
4679,2025-01-23,44.87
4679,2025-02-24,31.04
4679,2025-03-01,16.88
4679,2025-04-12,29.77
4679,2025-04-26,26.01
4679,2025-05-15,20.8
4679,2025-05-15,56.72
4679,2025-06-02,14.3
4679,2025-06-15,24.87
4679,2025-07-08,18.06
4679,2025-07-28,28.8
4679,2025-08-24,35.57
4679,2025-08-25,29.39
4679,2025-10-01,42.23
4679,2025-10-09,28.32
4679,2025-10-12,23.85
4679,2025-11-06,33.9
4679,2025-11-15,29.13
4679,2025-12-10,9.91
4680,2024-06-08,26.7
4681,2024-03-31,25.74
4681,2024-04-03,15.36
4681,2024-10-19,32.75
4681,2024-11-04,55.55
4681,2024-12-06,6.53
4681,2025-02-02,47.6
4681,2025-04-09,27.93
4681,2025-05-18,22.22
4681,2025-05-27,53.11
4681,2025-06-01,20.36
4681,2025-07-08,15.55
4681,2025-08-02,48.64
4681,2025-08-25,8.75
4682,2024-04-28,9.39
4682,2024-05-30,14.53
4682,2024-06-19,15.28
4683,2024-06-03,28.36
4683,2024-06-18,26.9
4684,2024-02-25,41.19
4684,2024-04-25,32.69
4685,2024-03-29,14.62
4685,2024-04-14,9.2
4685,2024-04-16,6.63
4685,2024-04-16,16.31
4685,2024-05-01,15.98
4686,2024-05-27,42.42
4687,2024-02-24,19.94
4687,2024-03-10,28.87
4687,2024-04-14,12.62
4687,2024-09-24,14.2
4687,2024-12-20,25.98
4687,2025-01-26,22.07
4687,2025-04-19,16.56
4687,2025-06-08,23.5
4687,2025-09-19,14.09
4687,2025-12-15,12.47
4688,2024-03-04,44.17
4688,2024-03-14,31.64
4688,2024-03-28,16.36
4688,2024-05-24,60.88
4688,2024-06-05,21.09
4688,2024-06-07,21.31
4688,2024-07-09,13.25
4688,2024-07-19,14.21
4688,2024-07-30,7.35
4688,2024-08-14,12.48
4688,2024-08-27,21.75
4688,2024-09-23,25.27
4688,2024-10-03,24.88
4688,2024-10-06,14.08
4688,2024-10-21,23.37
4689,2024-01-04,15.89
4689,2024-01-21,27.01
4689,2024-02-17,19.09
4689,2024-02-24,18.33
4690,2024-03-25,21.15
4690,2024-06-16,17.15
4690,2024-07-02,31.85
4690,2024-08-14,14.45
4690,2024-09-17,10.32
4690,2024-09-21,17.85
4690,2024-10-14,7.3
4691,2024-05-29,17.74
4692,2024-02-04,29.81
4692,2024-02-05,26.34
4692,2024-02-17,21.75
4692,2024-02-20,18.63
4692,2024-03-26,21.15
4692,2024-03-27,29.99
4692,2024-03-31,16.54
4692,2024-04-08,14.49
4692,2024-04-18,12.85
4692,2024-05-22,19.63
4692,2024-05-23,6.77
4692,2024-06-02,17.66
4693,2024-03-20,18.4
4694,2024-03-10,26.2
4694,2024-04-07,44.25
4695,2024-01-16,29.36
4695,2024-01-18,11.85
4695,2024-01-20,13.92
4695,2024-02-11,6.86
4695,2024-02-25,33.93
4695,2024-04-02,32.24
4695,2024-05-16,20.43
4696,2024-01-14,24.34
4696,2025-04-11,12.02
4697,2024-01-14,12.94
4697,2024-02-04,16.92
4697,2024-03-11,23.92
4697,2024-03-14,39.86
4698,2024-06-24,14.94
4698,2024-07-01,18.52
4699,2024-04-19,13.18
4699,2024-05-16,12.15
4699,2024-05-19,19.35
4699,2024-06-15,21.52
4699,2024-06-17,4.06
4699,2024-07-22,16.2
4699,2024-08-15,11.35
4699,2024-09-01,10.2
4700,2024-02-28,26.76
4700,2024-04-09,13.7
4701,2024-05-14,41.95
4702,2024-03-10,17.56
4703,2024-01-13,32.8
4703,2024-03-08,46.46
4703,2024-03-17,44.02
4703,2024-03-21,68.69
4703,2024-09-06,78.13
4703,2024-09-11,34.45
4703,2024-09-12,81.65
4703,2024-10-08,44.76
4703,2024-10-13,61.38
4703,2024-12-13,27.62
4703,2025-01-20,79.26
4703,2025-02-04,32.51
4703,2025-03-07,32.2
4703,2025-04-22,52.92
4703,2025-05-03,62.13
4703,2025-07-15,23.81
4703,2025-10-07,23.29
4703,2025-11-06,21.7
4704,2024-04-05,22.88
4704,2024-04-15,13.91
4704,2025-05-14,27.5
4704,2025-11-07,29.2
4705,2024-03-29,48.83
4706,2024-02-10,30.26
4706,2024-03-27,27.71
4707,2024-04-05,11.03
4707,2024-04-27,9.23
4708,2024-03-28,14.35
4708,2024-04-22,8.06
4708,2024-05-16,7.05
4708,2024-06-22,8.56
4708,2024-08-30,16.6
4708,2024-09-20,23.72
4708,2024-10-02,27.27
4708,2024-12-18,13.98
4708,2025-04-04,20.16
4708,2025-05-29,15.69
4708,2025-07-04,22.11
4709,2024-01-19,12.63
4709,2024-01-23,16.68
4710,2024-06-30,50.28
4711,2024-06-04,21.09
4711,2024-06-21,28.66
4711,2024-08-23,16.13
4711,2024-09-28,35.84
4711,2024-10-13,8.53
4711,2025-02-01,8.99
4712,2024-04-12,25.79
4712,2024-05-03,26.06
4712,2024-05-27,24.96
4713,2024-04-16,18.53
4713,2024-04-21,28.99
4713,2024-05-27,25.99
4713,2024-06-14,25.54
4714,2024-03-24,40.76
4714,2024-06-15,51.45
4715,2024-06-20,22.63
4716,2024-01-17,78.37
4717,2024-04-07,10.82
4717,2024-04-08,10.48
4717,2024-04-17,5.83
4717,2024-04-18,10.89
4717,2024-05-28,6.12
4717,2024-06-08,7.91
4717,2024-06-13,9.51
4717,2024-06-20,14.41
4717,2024-07-16,5.28
4717,2024-07-25,14.0
4717,2024-08-14,7.68
4717,2024-08-22,13.34
4717,2024-09-14,5.44
4717,2024-09-28,7.42
4717,2024-10-12,7.71
4717,2024-10-15,7.65
4717,2024-10-20,10.98
4717,2024-11-02,9.64
4717,2024-11-13,8.91
4717,2024-11-30,9.75
4717,2024-12-17,17.13
4717,2024-12-21,4.87
4717,2024-12-23,4.6
4717,2024-12-24,10.69
4717,2025-01-16,19.49
4717,2025-01-28,7.33
4717,2025-02-07,16.79
4717,2025-02-09,8.76
4717,2025-02-19,9.9
4717,2025-03-13,10.17
4717,2025-03-15,10.6
4717,2025-03-26,10.51
4717,2025-04-18,8.92
4717,2025-04-19,6.82
4717,2025-05-03,9.16
4717,2025-05-06,4.62
4717,2025-05-19,7.62
4717,2025-06-01,9.17
4717,2025-06-03,7.24
4717,2025-06-03,5.37
4717,2025-06-19,5.71
4717,2025-07-15,9.1
4717,2025-07-16,21.16
4717,2025-08-07,8.63
4717,2025-08-12,11.99
4717,2025-08-24,7.02
4717,2025-08-25,9.28
4717,2025-09-07,10.53
4717,2025-10-04,8.01
4717,2025-10-05,9.77
4717,2025-10-13,7.61
4717,2025-11-25,10.45
4717,2025-12-10,13.07
4718,2024-02-03,21.2
4718,2024-02-04,17.07
4718,2024-02-14,22.52
4718,2024-04-04,55.74
4718,2024-04-13,20.39
4719,2024-05-10,16.46
4719,2024-05-27,14.12
4719,2024-06-01,14.9
4719,2024-10-03,20.92
4719,2024-12-01,8.7
4719,2025-07-15,10.51
4720,2024-01-14,17.56
4720,2024-01-31,15.62
4720,2024-02-06,18.86
4720,2024-03-31,10.57
4720,2024-06-17,17.57
4720,2024-06-26,22.51
4720,2024-08-13,10.05
4720,2024-09-10,8.61
4720,2024-11-11,22.36
4720,2024-11-25,11.04
4720,2025-05-09,16.35
4720,2025-07-02,19.18
4720,2025-09-03,24.05
4720,2025-09-10,9.29
4720,2025-09-24,10.16
4720,2025-09-28,13.71
4721,2024-06-13,12.52
4722,2024-02-22,56.48
4723,2024-05-20,15.63
4723,2024-06-29,16.8
4723,2024-09-07,27.66
4723,2024-11-28,16.8
4724,2024-03-14,21.99
4725,2024-02-11,34.94
4725,2024-04-28,34.47
4725,2024-04-28,41.12
4725,2024-08-17,77.23
4725,2024-09-25,37.47
4725,2025-01-23,53.19
4726,2024-05-08,11.74
4726,2024-05-21,18.5
4726,2024-06-04,7.88
4726,2024-07-14,11.48
4726,2024-08-05,34.64
4726,2024-08-29,20.92
4726,2024-10-11,23.63
4726,2024-11-02,23.91
4726,2024-11-18,26.6
4726,2024-12-10,4.18
4726,2024-12-21,11.48
4726,2025-01-11,21.56
4726,2025-02-06,22.44
4726,2025-02-09,18.7
4726,2025-02-20,22.91
4726,2025-04-24,10.76
4726,2025-04-29,24.5
4726,2025-05-07,16.72
4726,2025-06-23,21.35
4726,2025-07-07,12.99
4726,2025-07-11,5.01
4726,2025-07-22,22.07
4726,2025-08-21,40.85
4726,2025-08-29,16.07
4726,2025-09-15,17.77
4726,2025-09-17,19.25
4726,2025-09-24,20.04
4726,2025-11-25,30.3
4726,2025-11-25,12.94
4726,2025-12-11,37.23
4727,2024-01-09,23.12
4728,2024-06-09,70.85
4729,2024-04-21,41.72
4730,2024-03-26,30.2
4730,2024-09-22,13.72
4731,2024-05-08,36.53
4732,2024-03-27,17.98
4733,2024-03-07,27.75
4734,2024-01-31,26.49
4734,2024-02-18,27.47
4735,2024-02-14,18.97
4736,2024-06-20,12.95
4737,2024-04-12,33.62
4738,2024-03-06,7.23
4738,2024-03-13,28.28
4738,2024-03-23,22.27
4738,2024-03-26,9.42
4738,2024-03-28,21.54
4738,2024-04-15,7.92
4738,2024-04-28,9.0
4738,2024-06-02,14.37
4738,2024-06-16,14.39
4738,2024-07-07,14.86
4738,2024-08-08,12.45
4738,2024-08-11,19.73
4738,2024-08-18,11.14
4738,2024-08-20,43.67
4738,2024-09-10,23.71
4738,2024-09-29,12.81
4738,2024-09-29,12.18
4738,2024-10-03,8.49
4738,2024-10-05,29.34
4738,2024-10-10,17.51
4738,2024-10-19,17.29
4738,2024-10-24,14.22
4738,2024-11-05,25.09
4738,2024-11-13,18.09
4738,2024-11-13,33.34
4738,2024-12-02,25.63
4738,2024-12-02,34.78
4738,2025-01-14,7.39
4738,2025-02-01,18.05
4738,2025-02-26,14.89
4738,2025-03-10,19.05
4738,2025-03-18,14.41
4738,2025-04-23,19.88
4738,2025-05-14,15.94
4738,2025-06-03,21.99
4738,2025-06-20,11.64
4738,2025-06-22,14.93
4738,2025-06-30,11.39
4738,2025-07-02,23.53
4738,2025-07-11,24.09
4738,2025-07-18,6.47
4738,2025-07-19,12.47
4738,2025-07-21,16.41
4738,2025-08-03,13.8
4738,2025-08-08,17.63
4738,2025-08-15,17.51
4738,2025-08-23,24.45
4738,2025-08-28,5.52
4738,2025-09-12,21.84
4738,2025-09-25,14.97
4738,2025-09-27,26.01
4738,2025-09-27,8.52
4738,2025-10-06,11.56
4738,2025-10-11,8.55
4738,2025-11-08,15.29
4738,2025-11-09,20.68
4738,2025-11-12,16.8
4738,2025-12-11,12.59
4738,2025-12-16,7.47
4739,2024-01-14,54.54
4739,2024-01-17,27.94
4739,2024-01-18,53.88
4739,2024-01-23,22.46
4739,2024-03-13,55.02
4739,2024-03-25,91.15
4739,2024-07-29,43.52
4739,2024-11-23,127.89
4739,2025-02-04,37.47
4739,2025-07-04,36.13
4740,2024-02-12,79.82
4741,2024-05-26,9.79
4742,2024-01-27,85.15
4743,2024-02-13,52.69
4743,2024-02-13,79.85
4743,2024-02-16,60.56
4743,2024-03-06,19.68
4743,2024-03-10,60.7
4743,2024-03-11,56.37
4743,2024-03-12,45.51
4743,2024-03-17,41.67
4743,2024-03-24,100.98
4743,2024-03-30,64.55
4743,2024-04-17,74.05
4743,2024-04-25,53.11
4743,2024-05-05,44.5
4743,2024-05-07,61.76
4743,2024-05-22,32.41
4743,2024-06-04,23.48
4743,2024-06-07,31.24
4743,2024-06-13,54.37
4743,2024-06-14,39.51
4743,2024-07-14,73.49
4743,2024-07-19,46.85
4743,2024-07-31,37.87
4743,2024-08-03,62.17
4743,2024-08-15,27.98
4743,2024-08-20,34.56
4743,2024-09-04,57.28
4743,2024-09-13,34.22
4743,2024-09-20,30.51
4743,2024-09-22,71.6
4743,2024-10-12,62.48
4743,2024-10-21,95.88
4743,2024-10-29,44.05
4743,2024-11-21,49.72
4743,2024-12-02,37.32
4743,2024-12-10,64.56
4743,2025-01-02,55.21
4743,2025-01-19,30.08
4743,2025-01-24,26.35
4743,2025-01-25,41.15
4743,2025-01-30,63.43
4743,2025-01-30,36.92
4743,2025-02-02,31.6
4743,2025-02-07,83.47
4743,2025-02-23,24.66
4743,2025-02-27,34.99
4743,2025-03-03,11.12
4743,2025-03-10,30.88
4743,2025-03-20,36.46
4743,2025-03-21,63.03
4743,2025-03-23,37.4
4743,2025-03-25,35.04
4743,2025-03-25,51.99
4743,2025-03-28,54.37
4743,2025-03-30,44.14
4743,2025-04-03,37.36
4743,2025-04-06,66.28
4743,2025-04-20,48.97
4743,2025-04-25,36.28
4743,2025-04-25,62.53
4743,2025-04-26,59.85
4743,2025-04-27,48.49
4743,2025-05-15,43.38
4743,2025-05-19,45.47
4743,2025-05-30,51.81
4743,2025-06-01,16.12
4743,2025-06-08,65.47
4743,2025-06-16,57.14
4743,2025-06-20,33.7
4743,2025-06-20,51.88
4743,2025-06-21,60.73
4743,2025-06-22,32.1
4743,2025-07-05,66.25
4743,2025-07-07,89.41
4743,2025-07-10,35.33
4743,2025-07-15,67.01
4743,2025-07-18,20.83
4743,2025-07-19,72.9
4743,2025-07-26,16.51
4743,2025-07-29,48.56
4743,2025-08-08,55.04
4743,2025-08-20,44.71
4743,2025-08-28,16.48
4743,2025-09-01,51.79
4743,2025-09-07,41.95
4743,2025-09-11,25.87
4743,2025-10-13,39.51
4743,2025-10-15,108.25
4743,2025-10-20,52.78
4743,2025-10-30,46.33
4743,2025-11-01,58.53
4743,2025-11-01,45.16
4743,2025-11-01,92.47
4743,2025-11-07,39.13
4743,2025-11-17,38.91
4743,2025-11-29,51.71
4743,2025-12-15,66.0
4743,2025-12-22,72.38
4743,2025-12-25,36.11
4744,2024-05-07,13.2
4744,2024-06-19,20.31
4744,2024-06-30,17.4
4744,2024-07-02,14.34
4744,2024-07-14,20.34
4744,2024-07-14,24.15
4744,2024-07-26,43.93
4744,2024-08-29,42.59
4744,2024-11-08,17.56
4744,2024-11-20,20.78
4744,2024-12-21,32.71
4744,2025-01-09,15.82
4744,2025-01-20,14.84
4744,2025-03-25,28.93
4744,2025-04-09,17.49
4744,2025-04-15,20.78
4744,2025-07-01,30.0
4744,2025-07-13,47.46
4744,2025-07-21,18.24
4744,2025-08-03,33.49
4744,2025-08-10,22.21
4744,2025-08-27,28.26
4744,2025-09-29,21.46
4744,2025-10-01,28.26
4744,2025-10-12,49.5
4744,2025-11-06,8.39
4744,2025-11-26,27.27
4745,2024-05-29,21.43
4745,2024-06-15,35.07
4745,2024-07-15,25.2
4745,2024-08-02,38.43
4745,2024-08-12,12.54
4745,2024-08-19,25.42
4745,2024-11-17,13.63
4745,2024-12-18,52.79
4745,2025-02-22,24.09
4745,2025-03-30,37.35
4745,2025-05-03,22.94
4745,2025-05-05,16.87
4745,2025-05-21,25.64
4745,2025-05-22,45.81
4745,2025-05-30,26.71
4745,2025-06-20,21.05
4745,2025-07-18,36.64
4745,2025-10-11,8.95
4746,2024-04-06,100.65
4746,2024-09-03,120.22
4746,2024-11-02,64.1
4746,2024-12-15,146.65
4746,2025-02-06,94.31
4746,2025-03-25,209.59
4746,2025-06-26,60.96
4746,2025-08-22,74.88
4746,2025-10-18,113.71
4746,2025-11-02,123.88
4746,2025-12-07,103.21
4747,2024-01-29,18.17
4747,2024-02-17,39.37
4747,2024-02-26,27.1
4747,2024-07-24,19.79
4747,2024-09-29,33.63
4747,2024-10-18,14.62
4747,2024-11-04,18.71
4747,2025-02-12,15.36
4747,2025-04-25,14.1
4747,2025-05-27,20.36
4747,2025-07-30,14.63
4747,2025-11-07,31.84
4747,2025-12-04,22.22
4748,2024-02-15,5.51
4748,2024-03-01,9.33
4749,2024-03-17,7.74
4750,2024-04-15,11.51
4750,2024-09-19,6.85
4751,2024-04-14,69.38
4751,2024-04-23,41.01
4751,2024-05-05,53.41
4751,2024-05-13,26.11
4751,2024-05-26,68.57
4751,2024-06-03,44.56
4751,2024-06-05,42.88
4751,2024-06-20,30.01
4751,2024-07-13,52.06
4751,2024-07-27,81.26
4751,2024-08-07,64.63
4751,2024-09-01,34.55
4751,2024-09-14,41.98
4751,2024-10-15,79.13
4751,2024-11-13,62.14
4751,2024-12-19,54.21
4751,2024-12-20,29.38
4751,2024-12-25,19.01
4751,2024-12-28,73.63
4751,2025-01-13,33.98
4751,2025-02-09,33.4
4751,2025-03-06,21.6
4751,2025-03-07,40.83
4751,2025-04-01,58.09
4751,2025-04-19,75.89
4751,2025-06-05,49.99
4751,2025-06-19,38.0
4751,2025-07-04,42.76
4751,2025-08-06,81.02
4751,2025-10-07,17.28
4751,2025-10-11,67.46
4751,2025-10-15,98.55
4751,2025-11-14,31.76
4751,2025-12-11,34.59
4751,2025-12-12,56.73
4751,2025-12-16,39.59
4751,2025-12-17,33.25
4752,2024-02-12,6.09
4752,2025-08-02,27.41
4753,2024-05-28,9.62
4754,2024-06-08,29.36
4754,2024-07-14,42.9
4754,2024-07-22,25.56
4754,2024-07-27,23.22
4754,2024-08-13,42.89
4754,2024-08-17,30.91
4754,2024-10-07,22.41
4754,2024-11-16,40.83
4754,2025-08-17,49.93
4754,2025-10-03,41.85
4754,2025-12-18,21.87
4755,2024-04-05,23.33
4755,2024-07-20,49.66
4755,2024-07-30,34.43
4755,2024-09-01,42.4
4756,2024-01-24,12.31
4757,2024-03-18,52.13
4757,2024-03-27,63.86
4758,2024-03-23,37.07
4758,2024-04-08,13.81
4758,2024-04-19,17.02
4758,2024-05-14,19.26
4758,2024-05-24,24.69
4758,2024-06-12,18.41
4758,2024-08-30,29.79
4758,2024-09-11,37.89
4758,2024-09-22,25.86
4758,2024-10-10,34.12
4758,2024-12-03,18.14
4758,2024-12-11,18.46
4758,2025-03-30,14.14
4759,2024-02-08,24.28
4759,2024-03-29,14.78
4759,2024-07-11,18.47
4760,2024-05-29,25.7
4760,2024-06-15,17.75
4760,2024-06-28,35.79
4760,2024-07-14,46.87
4760,2024-07-20,37.65
4760,2024-08-29,17.33
4760,2024-09-13,23.13
4760,2024-10-21,30.38
4760,2024-10-23,18.3
4760,2024-10-24,48.0
4760,2024-10-26,29.01
4760,2024-11-28,33.72
4760,2024-12-24,15.85
4760,2025-01-08,18.61
4760,2025-01-10,61.54
4760,2025-02-02,27.05
4760,2025-02-16,20.03
4760,2025-03-26,17.38
4760,2025-03-30,39.17
4760,2025-04-20,42.41
4760,2025-05-21,24.95
4760,2025-06-06,28.77
4760,2025-07-04,25.62
4760,2025-07-08,23.93
4760,2025-07-10,17.39
4760,2025-07-22,44.49
4760,2025-08-01,12.2
4760,2025-08-25,37.15
4760,2025-09-02,30.55
4760,2025-09-10,53.29
4760,2025-09-18,44.57
4760,2025-10-24,17.8
4760,2025-12-23,28.47
4761,2024-06-18,26.18
4761,2024-07-12,30.11
4761,2024-08-02,25.27
4761,2024-10-06,20.0
4761,2024-10-24,30.29
4761,2024-12-23,32.61
4761,2025-02-08,23.03
4761,2025-03-23,31.35
4761,2025-05-19,31.78
4761,2025-07-17,18.28
4761,2025-09-07,32.39
4761,2025-09-19,19.34
4761,2025-09-22,13.83
4762,2024-02-06,27.67
4762,2024-02-11,46.19
4762,2024-02-11,20.11
4762,2024-03-05,30.32
4762,2024-03-06,23.17
4762,2024-04-03,35.32
4762,2024-05-31,30.14
4762,2024-06-11,24.65
4762,2024-07-01,35.65
4762,2024-07-05,29.25
4762,2024-07-14,9.94
4762,2024-08-07,22.8
4762,2024-08-12,27.31
4762,2024-09-03,26.35
4762,2024-09-18,48.8
4762,2024-10-03,36.25
4762,2024-10-30,17.61
4762,2024-11-04,20.48
4762,2024-11-10,45.21
4762,2024-11-22,23.59
4762,2024-12-10,23.27
4762,2024-12-25,36.6
4762,2025-02-05,28.98
4762,2025-03-13,38.71
4762,2025-03-15,25.85
4762,2025-03-17,26.92
4762,2025-04-29,36.51
4762,2025-05-02,22.69
4762,2025-05-28,49.47
4762,2025-06-01,15.05
4762,2025-06-20,40.18
4762,2025-06-28,28.26
4762,2025-07-17,36.14
4762,2025-08-15,12.01
4762,2025-08-18,17.46
4762,2025-09-05,30.41
4762,2025-09-09,22.36
4762,2025-09-14,40.97
4762,2025-10-01,16.32
4762,2025-10-18,35.34
4762,2025-11-12,34.29
4762,2025-11-18,28.01
4762,2025-11-25,22.73
4762,2025-12-23,26.36
4763,2024-05-24,21.01
4764,2024-06-03,14.5
4764,2024-12-08,14.14
4764,2024-12-10,28.61
4764,2025-03-23,27.04
4764,2025-05-23,23.68
4764,2025-06-09,21.17
4764,2025-06-21,13.87
4764,2025-10-03,16.09
4764,2025-10-22,12.2
4765,2024-06-02,19.13
4765,2024-06-05,10.97
4765,2024-08-11,16.84
4765,2024-08-21,37.15
4765,2024-09-30,22.06
4765,2024-10-07,18.84
4765,2025-02-08,19.19
4765,2025-05-23,19.89
4765,2025-06-28,40.71
4765,2025-10-15,20.63
4765,2025-11-13,13.49
4766,2024-06-03,30.5
4766,2024-08-18,18.1
4766,2024-11-05,15.9
4766,2024-12-29,28.88
4766,2025-03-23,20.41
4767,2024-06-09,16.76
4767,2024-08-18,8.61
4767,2024-10-25,10.73
4767,2024-11-22,17.54
4767,2024-12-07,18.62
4767,2025-01-05,7.61
4767,2025-02-18,10.61
4767,2025-04-08,9.03
4767,2025-07-21,27.57
4767,2025-08-25,9.52
4767,2025-09-05,15.67
4767,2025-10-22,11.77
4768,2024-03-03,19.79
4768,2024-03-13,17.69
4769,2024-05-22,10.98
4770,2024-03-16,56.48
4770,2024-04-15,47.04
4770,2024-05-02,47.34
4770,2024-05-12,13.9
4770,2024-07-03,20.73
4770,2024-09-21,38.99
4770,2024-10-09,25.68
4771,2024-05-05,10.98
4771,2024-09-12,28.68
4771,2024-10-09,10.5
4771,2024-12-12,19.51
4772,2024-02-12,39.48
4772,2024-05-05,16.23
4772,2024-06-05,15.68
4772,2024-06-25,25.02
4772,2024-08-31,39.23
4772,2024-10-08,26.06
4773,2024-01-17,28.96
4773,2024-01-23,33.82
4773,2024-01-28,17.96
4773,2024-01-31,53.8
4774,2024-02-20,26.89
4774,2024-03-24,23.73
4774,2024-05-15,19.35
4774,2024-11-03,72.79
4774,2024-11-16,34.93
4774,2024-12-16,36.53
4774,2025-01-30,42.69
4774,2025-03-26,53.27
4774,2025-04-23,21.98
4774,2025-08-16,24.12
4775,2024-01-19,11.23
4775,2024-10-29,27.89
4775,2025-05-19,14.18
4775,2025-06-23,14.79
4775,2025-11-26,15.75
4776,2024-03-25,55.22
4776,2024-04-13,38.31
4776,2025-01-17,69.52
4776,2025-03-23,13.59
4776,2025-03-25,40.08
4776,2025-04-13,32.72
4776,2025-04-30,36.91
4776,2025-07-22,49.59
4776,2025-11-01,31.32
4777,2024-05-11,46.03
4777,2024-05-19,26.97
4778,2024-03-21,20.43
4779,2024-05-19,27.68
4779,2024-06-15,14.09
4779,2024-06-29,13.63
4779,2024-07-02,30.33
4779,2024-07-11,30.48
4779,2024-10-09,35.8
4780,2024-01-28,47.74
4780,2024-02-15,35.49
4780,2024-04-20,11.99
4780,2024-04-27,37.36
4780,2024-05-24,18.74
4780,2024-06-23,25.78
4780,2024-07-09,31.13
4780,2024-07-21,39.8
4780,2024-08-20,51.31
4780,2024-09-07,9.9
4780,2024-09-29,26.55
4780,2024-12-15,26.47
4780,2024-12-29,19.6
4780,2025-05-29,32.34
4780,2025-06-20,38.85
4780,2025-06-27,31.63
4780,2025-06-28,31.17
4780,2025-08-15,38.67
4780,2025-09-29,37.93
4780,2025-10-25,27.63
4780,2025-11-03,52.26
4780,2025-12-24,29.2
4781,2024-04-30,14.09
4782,2024-05-31,21.3
4783,2024-04-20,58.25
4783,2024-04-26,33.04
4783,2024-05-11,80.75
4783,2024-06-23,50.46
4783,2024-07-05,84.37
4783,2024-09-13,33.01
4784,2024-05-07,4.4
4785,2024-04-05,30.04
4785,2024-05-21,78.47
4785,2024-05-21,36.49
4785,2024-06-01,48.69
4785,2024-06-02,23.12
4785,2024-07-06,57.53
4785,2024-07-24,39.9
4785,2024-08-22,25.21
4785,2024-08-29,38.79
4785,2024-09-12,23.59
4785,2024-09-24,47.67
4785,2024-10-28,52.34
4785,2024-11-04,39.16
4785,2024-12-15,42.1
4786,2024-02-12,17.59
4787,2024-03-02,24.12
4788,2024-05-13,43.23
4788,2024-06-15,35.94
4788,2024-07-04,35.15
4788,2024-08-25,42.75
4788,2025-01-04,45.5
4788,2025-01-25,66.58
4788,2025-02-24,13.63
4788,2025-03-09,53.46
4788,2025-04-05,33.83
4788,2025-04-22,40.11
4788,2025-07-23,54.69
4788,2025-09-13,37.53
4789,2024-01-02,15.74
4789,2024-01-07,13.98
4789,2024-01-15,8.53
4789,2024-03-05,17.57
4789,2024-03-19,34.32
4789,2024-04-08,36.79
4789,2024-05-31,9.45
4789,2024-06-26,18.0
4789,2024-07-01,15.91
4789,2024-08-23,25.52
4789,2024-08-28,7.51
4789,2024-09-01,17.15
4790,2024-01-17,27.92
4791,2024-03-29,61.06
4792,2024-01-18,26.23
4792,2024-01-21,29.73
4792,2025-03-15,12.49
4792,2025-04-14,40.59
4792,2025-06-09,26.11
4792,2025-07-08,27.63
4792,2025-10-07,30.77
4792,2025-10-24,9.17
4793,2024-02-11,20.48
4793,2024-02-13,19.15
4793,2024-02-27,15.88
4793,2024-04-07,26.92
4793,2024-07-28,24.45
4793,2024-09-27,38.27
4793,2024-10-12,15.4
4793,2024-11-13,24.64
4793,2025-01-10,26.16
4793,2025-02-12,36.38
4793,2025-03-27,29.08
4793,2025-05-14,22.94
4793,2025-10-09,27.3
4794,2024-05-02,8.0
4795,2024-05-16,8.5
4795,2025-02-19,9.39
4796,2024-05-15,21.57
4796,2024-05-22,36.13
4796,2024-07-07,15.67
4796,2024-07-25,14.28
4796,2024-08-22,31.81
4796,2024-10-15,22.68
4796,2024-10-15,10.86
4796,2024-11-29,37.51
4796,2024-12-13,12.99
4796,2024-12-15,32.21
4796,2024-12-23,17.84
4796,2024-12-28,25.25
4796,2024-12-30,40.28
4796,2025-01-01,19.07
4796,2025-01-03,29.92
4796,2025-01-27,19.93
4796,2025-02-05,31.2
4796,2025-02-06,24.75
4796,2025-03-20,8.57
4796,2025-04-03,18.31
4796,2025-04-13,19.0
4796,2025-04-17,14.58
4796,2025-04-23,17.63
4796,2025-05-06,12.01
4796,2025-06-15,27.16
4796,2025-06-26,9.16
4796,2025-07-23,20.24
4796,2025-07-28,7.3
4796,2025-07-29,11.39
4796,2025-08-29,20.38
4796,2025-09-04,33.98
4796,2025-10-23,28.35
4796,2025-10-25,29.8
4796,2025-11-08,20.33
4796,2025-11-11,11.6
4796,2025-11-21,22.78
4796,2025-12-01,17.73
4796,2025-12-10,18.83
4797,2024-03-26,25.1
4797,2024-03-26,14.48
4798,2024-03-05,21.88
4799,2024-01-10,28.33
4799,2024-02-18,24.26
4799,2024-03-20,29.01
4799,2024-04-10,27.77
4799,2024-04-12,36.15
4799,2024-05-03,23.55
4799,2024-05-25,29.55
4799,2024-06-29,19.91
4799,2024-08-06,39.56
4799,2024-08-19,35.88
4799,2024-08-20,33.09
4799,2024-08-25,20.21
4799,2024-08-28,24.11
4799,2024-09-24,70.0
4799,2024-10-19,36.54
4799,2024-11-03,29.0
4799,2024-11-18,43.46
4799,2024-12-30,29.85
4799,2025-01-08,49.62
4799,2025-02-18,29.36
4799,2025-03-04,19.79
4799,2025-04-10,17.64
4799,2025-04-13,32.19
4799,2025-05-16,14.71
4799,2025-05-25,18.46
4799,2025-06-02,51.22
4799,2025-06-18,18.41
4799,2025-07-01,48.82
4799,2025-07-08,24.9
4799,2025-07-27,53.67
4799,2025-08-06,38.33
4799,2025-10-19,22.12
4799,2025-11-01,33.61
4799,2025-11-06,26.91
4800,2024-04-14,51.45
4800,2024-07-26,40.27
4800,2024-11-24,33.44
4801,2024-02-13,75.58
4801,2024-07-13,23.94
4801,2024-08-01,61.0
4801,2024-12-03,56.39
4801,2025-04-19,56.54
4801,2025-06-22,37.91
4802,2024-05-27,14.39
4802,2024-06-12,10.89
4802,2024-06-16,14.27
4802,2024-07-22,21.09
4802,2024-09-16,7.18
4802,2024-09-23,20.12
4802,2024-09-24,21.6
4802,2024-11-01,16.21
4802,2025-01-31,17.48
4802,2025-02-26,16.33
4802,2025-07-23,16.21
4802,2025-09-27,25.28
4803,2024-06-05,15.46
4803,2024-07-15,11.45
4803,2024-07-30,35.08
4804,2024-04-18,13.52
4805,2024-04-08,13.63
4806,2024-06-27,14.81
4807,2024-06-30,25.96
4807,2024-09-26,49.93
4807,2024-12-05,8.84
4807,2025-10-01,21.15
4807,2025-10-02,24.56
4808,2024-01-06,19.54
4809,2024-02-09,17.98
4810,2024-05-15,59.5
4811,2024-04-09,11.87
4811,2024-04-10,7.65
4812,2024-03-17,9.97
4812,2024-04-25,13.72
4813,2024-06-16,39.69
4814,2024-03-18,23.85
4815,2024-06-23,22.86
4816,2024-05-08,11.62
4816,2024-09-21,13.58
4816,2025-03-10,17.14
4816,2025-08-18,15.66
4816,2025-09-25,16.02
4816,2025-09-30,13.46
4816,2025-12-15,13.22
4817,2024-05-04,10.73
4817,2024-05-07,9.8
4817,2024-07-04,10.16
4817,2024-08-25,9.58
4817,2024-08-26,9.45
4817,2024-09-28,15.8
4817,2024-11-27,16.74
4817,2025-01-01,13.12
4817,2025-02-11,14.91
4817,2025-03-09,11.57
4817,2025-03-19,10.8
4817,2025-04-07,20.8
4817,2025-04-23,22.73
4817,2025-06-01,18.93
4817,2025-06-05,15.5
4817,2025-06-16,9.08
4817,2025-08-21,10.35
4818,2024-06-27,5.54
4818,2024-10-29,5.64
4818,2025-02-10,8.3
4818,2025-06-15,8.03
4818,2025-06-28,3.04
4819,2024-01-24,42.79
4819,2024-02-01,17.81
4819,2024-03-27,15.87
4819,2024-04-02,24.51
4819,2024-05-16,30.96
4819,2024-06-27,7.61
4819,2024-08-01,11.39
4820,2024-02-17,14.94
4821,2024-03-06,28.25
4822,2024-01-13,14.99
4823,2024-05-12,28.11
4823,2024-08-06,29.26
4823,2024-08-10,29.39
4823,2024-10-06,21.85
4823,2025-10-15,30.06
4824,2024-06-01,29.78
4825,2024-06-02,21.91
4826,2024-02-15,99.96
4826,2024-09-24,27.32
4826,2025-04-10,97.54
4826,2025-09-12,79.14
4826,2025-09-25,48.5
4827,2024-02-22,9.28
4827,2024-03-03,12.25
4827,2024-03-25,12.52
4828,2024-03-06,33.7
4828,2024-03-25,19.58
4828,2024-04-05,25.0
4828,2024-04-17,27.61
4828,2024-04-25,32.82
4828,2024-05-21,17.34
4828,2024-05-22,19.94
4828,2024-05-25,27.3
4828,2024-05-30,25.22
4828,2024-06-21,24.65
4828,2024-06-22,45.83
4828,2024-06-30,20.51
4828,2024-07-20,23.63
4828,2024-07-22,30.04
4828,2024-07-23,17.99
4828,2024-08-20,31.52
4828,2024-09-25,13.68
4828,2024-10-12,30.93
4828,2024-10-20,19.58
4828,2024-10-25,17.47
4828,2024-11-04,23.01
4828,2024-11-09,35.0
4828,2024-11-28,32.52
4828,2024-11-29,18.58
4828,2024-12-21,15.48
4828,2025-01-01,38.23
4828,2025-01-15,41.19
4828,2025-02-09,41.37
4828,2025-02-17,38.13
4828,2025-02-17,72.34
4828,2025-02-20,16.78
4828,2025-02-20,23.7
4828,2025-03-12,13.58
4828,2025-05-14,51.36
4828,2025-06-11,29.65
4828,2025-06-11,31.16
4828,2025-07-11,24.24
4828,2025-07-20,24.86
4828,2025-08-23,13.2
4828,2025-08-24,25.63
4828,2025-09-13,30.36
4828,2025-09-19,22.64
4828,2025-10-10,33.46
4828,2025-11-14,22.3
4828,2025-11-15,36.72
4828,2025-11-23,30.79
4828,2025-12-04,18.7
4828,2025-12-04,33.76
4828,2025-12-11,42.74
4828,2025-12-26,25.99
4829,2024-02-04,24.83
4829,2024-12-13,11.69
4829,2025-07-06,33.03
4830,2024-02-15,86.21
4830,2024-08-01,54.27
4830,2024-08-26,67.95
4830,2024-12-26,48.69
4830,2025-07-20,48.35
4831,2024-03-25,13.96
4831,2024-06-12,21.58
4831,2024-07-11,22.22
4831,2024-08-26,6.41
4831,2024-12-31,22.52
4831,2025-02-09,40.39
4831,2025-04-05,25.05
4831,2025-04-14,28.59
4831,2025-05-04,30.97
4831,2025-05-25,25.75
4832,2024-01-07,23.36
4833,2024-05-27,14.3
4833,2024-05-27,9.65
4833,2024-05-28,7.96
4834,2024-01-20,41.23
4835,2024-03-15,8.79
4835,2024-03-29,8.67
4835,2024-04-24,5.99
4835,2024-06-23,6.67
4835,2024-12-13,6.82
4835,2025-01-13,15.78
4835,2025-03-08,15.97
4835,2025-03-30,5.06
4835,2025-04-02,12.63
4835,2025-04-06,16.65
4835,2025-04-11,6.66
4835,2025-06-19,10.7
4835,2025-07-25,11.96
4835,2025-12-14,7.43
4836,2024-01-14,7.87
4837,2024-01-19,18.9
4837,2024-03-09,23.75
4837,2024-03-16,46.52
4837,2024-03-20,22.42
4837,2024-03-20,40.03
4837,2024-04-04,22.32
4837,2024-05-29,47.51
4837,2024-07-24,19.08
4838,2024-01-03,6.0
4838,2024-01-24,10.55
4839,2024-04-06,24.41
4840,2024-01-31,24.16
4840,2024-02-14,33.59
4840,2024-03-04,21.53
4840,2024-04-22,22.95
4841,2024-06-02,62.83
4841,2024-12-26,11.85
4841,2025-03-16,15.42
4841,2025-06-15,55.8
4841,2025-07-23,47.45
4841,2025-10-31,10.91
4842,2024-05-01,27.85
4842,2024-06-11,15.45
4842,2024-07-21,18.46
4842,2024-07-26,36.66
4842,2024-08-21,19.19
4842,2024-08-22,34.24
4842,2024-09-05,16.56
4842,2024-09-25,32.62
4842,2024-10-02,38.3
4842,2024-10-02,41.42
4842,2024-10-08,23.15
4842,2024-11-10,12.34
4842,2024-12-19,27.03
4842,2025-01-01,11.67
4842,2025-02-18,17.83
4842,2025-02-26,22.18
4842,2025-03-07,16.63
4842,2025-03-17,21.58
4842,2025-03-20,13.98
4842,2025-03-28,8.76
4842,2025-04-05,17.69
4842,2025-05-10,23.45
4842,2025-05-18,39.81
4842,2025-06-19,21.37
4842,2025-06-24,11.82
4842,2025-07-11,14.27
4842,2025-07-21,18.07
4842,2025-08-27,22.79
4842,2025-10-30,28.93
4842,2025-10-31,13.17
4842,2025-11-01,17.75
4842,2025-11-17,30.96
4843,2024-06-28,156.23
4843,2024-09-08,38.57
4843,2024-09-18,34.84
4843,2024-09-24,76.51
4844,2024-03-27,30.77
4844,2024-04-02,35.77
4845,2024-03-27,19.83
4845,2025-07-21,40.47
4845,2025-08-05,23.35
4846,2024-01-06,20.45
4846,2024-01-12,20.15
4846,2024-08-14,6.65
4846,2024-11-09,42.65
4846,2024-11-19,28.51
4846,2025-01-06,18.89
4846,2025-01-28,38.29
4846,2025-03-14,18.72
4846,2025-05-27,33.49
4846,2025-07-25,45.3
4846,2025-12-23,49.62
4847,2024-06-05,12.76
4847,2024-06-22,18.14
4847,2024-06-23,17.94
4847,2024-07-11,8.6
4848,2024-06-05,18.52
4848,2025-04-11,14.05
4848,2025-09-19,30.11
4849,2024-06-18,70.27
4849,2024-06-23,17.07
4849,2024-06-30,40.44
4849,2024-07-10,76.26
4849,2024-07-29,44.0
4849,2024-08-03,33.23
4849,2024-08-15,37.56
4849,2024-08-15,62.97
4849,2024-09-21,63.55
4849,2024-09-29,63.03
4850,2024-06-23,19.72
4850,2024-06-28,22.67
4850,2024-08-18,21.71
4850,2025-03-22,13.19
4850,2025-05-11,32.38
4850,2025-05-13,9.71
4850,2025-06-08,19.25
4850,2025-06-18,15.2
4850,2025-07-01,35.74
4850,2025-08-14,41.11
4850,2025-10-11,25.85
4851,2024-03-25,31.89
4851,2024-04-21,42.66
4852,2024-06-11,10.18
4852,2024-07-08,14.78
4852,2024-08-05,15.85
4852,2024-09-04,9.76
4852,2024-09-05,11.36
4852,2024-09-13,19.22
4852,2024-10-20,13.18
4852,2024-10-27,9.68
4852,2024-10-28,10.04
4852,2024-11-08,8.94
4853,2024-04-02,36.09
4853,2024-05-11,14.83
4853,2024-05-12,15.14
4853,2024-05-27,20.02
4853,2024-06-22,27.37
4853,2024-07-12,15.25
4853,2024-07-24,70.03
4854,2024-02-19,54.35
4854,2024-08-07,12.16
4855,2024-05-12,44.65
4855,2024-06-11,45.86
4855,2024-06-23,72.89
4855,2024-07-25,57.94
4855,2024-08-06,63.86
4855,2024-08-11,86.74
4855,2024-08-21,33.45
4855,2024-10-01,37.73
4855,2024-10-02,25.92
4855,2024-10-12,38.97
4855,2024-11-04,66.07
4855,2024-11-09,36.53
4855,2024-11-11,59.65
4855,2024-11-15,41.56
4855,2024-11-23,71.8
4855,2024-12-17,62.88
4855,2024-12-25,70.91
4855,2025-01-10,56.36
4855,2025-02-02,22.05
4855,2025-02-04,55.08
4855,2025-02-14,53.51
4855,2025-02-16,72.36
4855,2025-02-28,41.87
4855,2025-03-03,58.13
4855,2025-03-14,57.78
4855,2025-03-18,92.63
4855,2025-04-06,72.54
4855,2025-04-09,37.32
4855,2025-04-13,64.48
4855,2025-05-18,75.82
4855,2025-06-06,58.99
4855,2025-07-01,17.35
4855,2025-07-18,52.27
4855,2025-08-18,69.27
4855,2025-09-01,66.64
4855,2025-09-11,47.24
4855,2025-09-15,65.42
4855,2025-09-15,62.83
4855,2025-09-18,88.86
4855,2025-09-24,41.19
4855,2025-10-22,102.16
4855,2025-10-31,58.47
4855,2025-11-21,64.25
4855,2025-12-26,43.66
4856,2024-02-21,15.68
4856,2024-11-05,13.12
4857,2024-02-02,8.03
4858,2024-04-23,12.38
4859,2024-05-30,22.06
4860,2024-05-16,48.14
4860,2024-06-14,19.22
4860,2025-02-27,44.0
4860,2025-11-12,33.54
4861,2024-01-06,237.54
4862,2024-04-26,7.44
4862,2024-05-06,20.07
4862,2024-05-20,11.75
4862,2024-11-12,6.91
4862,2025-03-08,10.88
4862,2025-05-03,20.87
4863,2024-06-17,38.63
4864,2024-03-03,23.71
4865,2024-03-26,184.49
4865,2025-02-19,80.67
4866,2024-06-16,22.54
4866,2024-10-13,23.56
4866,2024-11-26,35.95
4866,2024-12-06,13.25
4866,2025-01-10,35.26
4866,2025-01-31,27.7
4866,2025-05-16,30.55
4866,2025-12-27,23.54
4867,2024-02-21,49.03
4867,2024-03-26,45.96
4867,2024-04-05,40.15
4867,2024-05-07,70.42
4867,2024-05-17,71.05
4867,2024-08-18,55.79
4867,2024-08-31,55.7
4867,2024-09-08,24.43
4867,2024-09-09,52.64
4867,2025-04-15,48.49
4867,2025-04-19,35.19
4867,2025-05-01,55.9
4867,2025-10-24,32.51
4868,2024-05-13,47.53
4868,2024-05-17,29.43
4869,2024-03-17,62.52
4869,2024-04-07,116.34
4870,2024-05-09,72.06
4870,2024-05-09,93.04
4871,2024-03-16,19.65
4871,2024-04-08,45.96
4871,2024-04-08,33.1
4871,2024-04-12,23.28
4871,2024-04-13,19.25
4872,2024-03-20,11.61
4872,2024-03-31,7.04
4873,2024-04-02,17.97
4874,2024-02-12,9.15
4875,2024-04-14,12.88
4875,2024-05-30,12.46
4875,2024-07-01,31.64
4875,2024-08-16,24.19
4875,2024-09-10,11.23
4875,2024-09-22,43.76
4875,2024-09-22,37.98
4875,2024-10-07,16.92
4875,2024-10-21,8.43
4875,2024-11-03,13.75
4875,2024-11-09,21.29
4875,2024-11-13,34.21
4875,2024-11-21,33.26
4875,2024-12-01,24.0
4875,2024-12-13,20.81
4875,2025-01-20,30.98
4875,2025-02-04,35.78
4875,2025-02-24,19.05
4875,2025-03-30,18.42
4875,2025-04-12,19.13
4875,2025-04-16,27.92
4875,2025-04-30,22.95
4875,2025-05-09,25.72
4875,2025-05-24,9.92
4875,2025-07-06,9.58
4875,2025-07-31,13.02
4875,2025-09-24,18.41
4875,2025-09-28,20.2
4875,2025-10-01,21.68
4875,2025-12-13,18.72
4875,2025-12-15,72.11
4875,2025-12-25,9.55
4876,2024-05-07,72.75
4876,2024-08-25,90.18
4876,2024-10-02,47.72
4876,2024-12-24,63.55
4877,2024-01-10,32.01
4878,2024-01-12,89.5
4878,2024-01-17,68.08
4878,2024-01-20,22.28
4878,2024-02-25,56.26
4878,2024-03-08,39.71
4878,2024-07-17,31.76
4879,2024-06-15,14.08
4879,2024-08-20,8.27
4879,2024-09-07,14.76
4879,2024-12-31,14.92
4879,2025-03-21,17.64
4879,2025-05-25,24.19
4879,2025-08-03,22.46
4879,2025-12-05,12.17
4880,2024-02-17,39.51
4880,2024-06-21,22.73
4881,2024-05-19,6.19
4881,2024-05-29,12.73
4881,2024-06-13,11.82
4881,2024-07-23,9.21
4881,2024-08-10,5.68
4881,2024-09-15,14.82
4881,2024-09-29,11.96
4882,2024-01-04,13.68
4882,2024-02-09,7.44
4882,2024-03-22,27.35
4882,2024-05-01,22.82
4882,2024-06-07,13.44
4882,2024-08-04,14.79
4882,2024-08-16,14.38
4882,2024-09-04,8.73
4882,2024-09-30,19.56
4882,2024-10-08,26.39
4882,2024-10-17,18.0
4882,2025-01-19,7.6
4883,2024-04-05,23.93
4884,2024-01-20,47.39
4885,2024-01-12,35.35
4886,2024-06-07,30.17
4886,2024-06-14,43.2
4886,2024-06-24,33.25
4886,2024-06-24,58.09
4887,2024-01-03,73.22
4887,2024-02-01,20.28
4887,2024-02-07,35.93
4887,2024-03-02,19.51
4887,2024-03-25,28.77
4887,2024-04-30,34.78
4887,2024-05-04,49.33
4887,2024-05-17,54.45
4887,2024-06-08,23.38
4887,2024-06-11,59.18
4887,2024-12-10,38.73
4887,2024-12-29,36.04
4887,2025-01-05,22.75
4887,2025-03-26,27.43
4887,2025-04-06,11.31
4887,2025-05-02,34.44
4887,2025-10-07,28.3
4887,2025-10-29,24.99
4887,2025-12-06,29.92
4887,2025-12-09,49.73
4887,2025-12-28,19.28
4888,2024-06-03,60.02
4888,2024-07-02,40.37
4888,2024-07-13,25.8
4888,2024-09-03,65.19
4888,2024-09-24,65.33
4888,2024-09-25,29.98
4888,2024-09-26,21.39
4888,2024-09-27,34.04
4888,2024-11-03,31.61
4888,2024-11-30,35.92
4888,2025-01-23,30.5
4888,2025-02-13,35.01
4888,2025-03-13,18.96
4888,2025-04-03,31.1
4888,2025-04-16,66.7
4888,2025-05-13,100.98
4888,2025-05-21,15.03
4888,2025-06-05,32.87
4888,2025-06-17,18.25
4888,2025-09-11,22.72
4888,2025-09-18,16.26
4888,2025-09-30,18.05
4888,2025-10-14,27.83
4888,2025-12-22,25.54
4888,2025-12-25,43.76
4889,2024-05-17,23.62
4890,2024-02-01,10.63
4890,2024-02-06,12.65
4890,2024-02-29,3.51
4890,2024-05-07,5.88
4891,2024-02-17,16.95
4891,2024-03-06,23.63
4892,2024-02-14,10.34
4893,2024-04-10,13.22
4894,2024-03-08,28.77
4895,2024-06-11,39.67
4896,2024-01-06,37.88
4896,2024-01-09,24.25
4896,2024-02-11,27.69
4896,2024-05-09,92.29
4896,2024-05-22,82.66
4896,2024-06-13,50.46
4896,2024-06-29,75.53
4896,2024-07-27,25.5
4896,2024-08-07,30.57
4896,2024-12-05,66.42
4896,2025-06-08,22.24
4896,2025-09-11,28.72
4896,2025-11-01,60.46
4896,2025-11-05,26.01
4896,2025-12-25,41.64
4897,2024-06-13,24.02
4898,2024-02-21,10.91
4898,2024-02-22,15.7
4898,2024-09-18,14.51
4898,2024-10-23,13.72
4898,2025-02-19,23.8
4898,2025-03-18,11.42
4898,2025-04-16,18.21
4898,2025-04-30,14.25
4898,2025-05-03,15.07
4898,2025-11-11,18.2
4898,2025-12-09,23.27
4899,2024-06-14,31.46
4899,2024-07-17,50.42
4899,2024-07-26,22.54
4899,2024-09-23,22.15
4899,2024-10-25,57.76
4899,2025-01-16,59.37
4900,2024-01-05,19.89
4901,2024-02-23,31.51
4901,2024-06-04,19.0
4901,2024-11-12,27.96
4902,2024-02-22,19.93
4902,2024-04-26,27.54
4902,2024-05-02,16.13
4902,2024-06-03,14.69
4902,2024-07-21,32.09
4902,2024-11-04,8.41
4902,2024-11-07,10.11
4902,2024-11-16,9.71
4902,2025-01-23,44.77
4902,2025-01-28,25.32
4902,2025-04-03,8.74
4902,2025-05-03,22.62
4902,2025-05-22,19.51
4903,2024-06-26,7.19
4903,2024-07-04,5.2
4903,2024-07-13,10.61
4903,2024-07-17,10.39
4903,2024-08-01,10.31
4903,2024-08-14,9.32
4903,2024-09-02,8.55
4903,2024-09-03,9.18
4903,2024-09-10,7.72
4903,2024-09-20,12.94
4903,2024-09-24,7.27
4903,2024-09-27,4.57
4903,2024-10-11,8.15
4903,2024-10-12,8.96
4903,2024-10-24,9.75
4903,2024-10-29,14.59
4903,2024-10-31,4.53
4903,2024-11-20,10.39
4903,2024-11-23,4.78
4903,2024-12-10,5.3
4903,2024-12-14,6.37
4903,2025-01-07,17.74
4903,2025-01-09,9.72
4903,2025-01-16,11.48
4903,2025-01-20,8.92
4903,2025-01-31,16.0
4903,2025-02-06,4.84
4903,2025-03-09,4.49
4903,2025-04-01,8.75
4903,2025-04-01,10.1
4903,2025-04-03,4.36
4903,2025-04-09,9.03
4903,2025-05-16,10.63
4903,2025-05-27,6.86
4903,2025-06-06,5.25
4903,2025-07-11,4.73
4903,2025-07-11,5.58
4903,2025-07-30,6.94
4903,2025-08-31,7.82
4903,2025-09-05,9.97
4903,2025-09-08,9.85
4903,2025-09-10,12.55
4903,2025-09-30,7.48
4903,2025-10-14,5.71
4903,2025-10-15,6.91
4903,2025-10-26,7.88
4903,2025-11-26,4.57
4903,2025-11-30,9.49
4903,2025-12-03,14.27
4903,2025-12-08,6.98
4903,2025-12-12,11.68
4904,2024-02-08,69.87
4904,2025-03-04,26.53
4904,2025-11-09,57.58
4905,2024-02-23,24.69
4905,2024-05-29,24.84
4905,2024-06-05,39.31
4905,2024-06-07,28.79
4905,2024-06-17,35.08
4905,2024-06-27,36.79
4905,2024-07-17,26.57
4905,2024-09-26,23.64
4905,2025-02-12,24.21
4905,2025-07-30,34.77
4905,2025-10-11,23.35
4905,2025-10-31,29.96
4905,2025-11-28,35.48
4906,2024-06-09,8.51
4906,2024-09-17,8.17
4906,2025-01-10,10.34
4906,2025-07-02,21.82
4906,2025-07-04,31.9
4906,2025-08-17,18.16
4906,2025-10-17,9.37
4906,2025-12-03,16.24
4906,2025-12-12,29.91
4907,2024-01-25,51.78
4908,2024-02-13,18.17
4908,2024-02-20,7.9
4908,2024-03-06,9.53
4909,2024-05-09,20.06
4910,2024-02-24,77.17
4910,2024-03-30,44.7
4911,2024-06-18,27.56
4911,2024-08-05,9.7
4911,2024-09-29,23.96
4911,2025-01-28,69.26
4911,2025-05-29,20.86
4911,2025-09-06,19.02
4911,2025-11-01,31.2
4912,2024-04-05,13.47
4913,2024-05-23,15.19
4913,2024-07-06,9.41
4913,2024-07-17,17.82
4913,2024-08-15,13.32
4914,2024-04-16,15.3
4915,2024-03-14,39.5
4915,2024-04-16,65.49
4915,2024-11-20,36.66
4915,2024-12-25,73.57
4916,2024-04-02,51.06
4916,2024-04-21,27.79
4916,2024-08-02,30.34
4916,2024-08-07,27.45
4916,2024-09-23,29.74
4916,2025-03-25,22.79
4916,2025-05-18,47.49
4917,2024-04-14,73.99
4917,2024-07-08,58.35
4917,2024-07-09,46.95
4917,2024-10-01,60.57
4917,2025-01-24,61.99
4917,2025-02-15,115.22
4917,2025-03-06,43.99
4917,2025-07-02,122.28
4917,2025-08-21,16.43
4917,2025-08-24,95.32
4917,2025-09-02,104.91
4917,2025-11-20,85.68
4917,2025-12-13,87.59
4918,2024-03-16,76.74
4918,2024-03-23,69.18
4918,2024-12-14,71.58
4919,2024-04-20,19.58
4919,2024-06-28,7.89
4919,2024-07-22,34.28
4919,2024-10-29,9.83
4919,2025-04-20,14.26
4919,2025-09-07,10.83
4919,2025-12-22,4.71
4920,2024-02-17,20.42
4920,2024-10-29,48.98
4920,2025-02-08,25.37
4920,2025-04-04,34.85
4920,2025-05-06,34.59
4920,2025-11-13,20.67
4921,2024-04-17,54.63
4921,2024-05-07,23.52
4921,2024-10-01,33.48
4921,2024-10-29,36.57
4921,2025-01-20,21.73
4921,2025-02-07,32.64
4921,2025-03-07,44.38
4921,2025-06-03,30.89
4921,2025-06-05,41.8
4922,2024-02-05,27.91
4922,2024-02-23,9.36
4923,2024-05-10,12.23
4924,2024-04-19,44.37
4924,2024-04-30,65.42
4925,2024-04-07,21.49
4925,2024-04-28,12.78
4926,2024-05-16,18.87
4926,2024-06-23,23.3
4926,2024-07-05,22.84
4926,2024-07-15,22.5
4926,2024-08-05,9.7
4926,2024-08-15,19.54
4926,2024-09-23,23.08
4926,2024-10-18,18.04
4926,2024-10-25,28.35
4927,2024-01-09,52.97
4927,2024-04-08,28.71
4927,2024-10-01,21.62
4927,2025-07-19,27.94
4928,2024-02-15,27.1
4929,2024-03-01,8.42
4929,2024-03-05,7.21
4929,2024-03-13,26.71
4930,2024-06-23,19.98
4930,2024-07-17,41.1
4930,2024-07-18,42.83
4930,2024-08-26,57.88
4931,2024-06-09,22.82
4931,2024-09-05,7.89
4931,2024-10-20,11.76
4931,2025-03-09,28.55
4931,2025-06-27,13.79
4931,2025-10-03,15.6
4931,2025-12-14,20.39
4931,2025-12-24,20.6
4932,2024-06-29,25.19
4932,2025-01-23,15.98
4933,2024-03-13,11.71
4934,2024-01-12,52.54
4935,2024-05-15,15.35
4935,2024-06-13,32.98
4935,2024-07-03,12.22
4935,2024-11-05,18.85
4935,2025-02-18,27.08
4935,2025-09-16,47.88
4936,2024-03-16,9.07
4936,2024-04-09,9.79
4936,2024-04-27,5.5
4936,2024-10-06,6.14
4936,2024-11-02,18.79
4936,2025-01-07,12.92
4936,2025-01-30,4.85
4936,2025-02-23,25.46
4936,2025-05-27,12.12
4936,2025-09-04,22.06
4936,2025-09-16,13.32
4936,2025-11-03,9.28
4937,2024-06-22,38.58
4938,2024-06-26,18.06
4938,2024-08-04,21.79
4938,2024-08-21,12.43
4938,2024-08-21,25.54
4938,2024-10-18,33.12
4938,2024-10-19,13.32
4938,2024-10-19,16.86
4938,2024-12-23,28.85
4938,2025-01-19,18.8
4938,2025-02-14,10.61
4938,2025-03-17,47.39
4938,2025-03-29,10.56
4938,2025-04-14,30.11
4938,2025-07-10,22.0
4938,2025-08-08,13.34
4938,2025-08-22,18.21
4938,2025-09-17,7.66
4938,2025-09-24,28.42
4939,2024-06-11,22.86
4939,2024-07-04,30.3
4939,2024-07-20,31.43
4939,2024-08-09,33.23
4939,2024-08-18,9.11
4940,2024-03-17,16.05
4940,2024-08-01,33.38
4940,2024-08-09,23.76
4940,2024-08-27,17.05
4940,2024-11-05,10.16
4940,2024-11-17,14.28
4941,2024-03-17,36.8
4941,2024-03-20,37.63
4942,2024-05-26,13.06
4942,2024-08-30,8.81
4943,2024-05-20,51.13
4943,2024-07-04,35.5
4943,2024-09-11,26.67
4943,2024-11-25,22.42
4943,2025-04-18,10.02
4943,2025-04-19,31.48
4944,2024-02-09,19.82
4944,2024-02-16,28.93
4945,2024-03-31,11.19
4946,2024-02-21,32.57
4946,2024-04-22,20.88
4946,2024-05-08,15.59
4946,2024-05-22,15.71
4946,2024-06-13,12.37
4946,2024-06-17,19.29
4946,2024-07-03,29.9
4946,2024-07-17,21.37
4946,2024-07-22,12.84
4946,2024-08-15,16.82
4946,2024-09-02,21.99
4946,2024-09-19,17.46
4946,2024-11-25,12.92
4946,2024-12-02,11.99
4946,2024-12-03,29.46
4946,2024-12-05,30.56
4946,2024-12-11,18.24
4946,2024-12-13,39.28
4946,2024-12-22,22.63
4946,2024-12-25,11.43
4946,2024-12-28,27.3
4946,2025-01-13,11.62
4946,2025-01-29,47.44
4946,2025-02-25,34.61
4946,2025-03-07,9.98
4946,2025-03-22,27.9
4946,2025-03-30,38.41
4946,2025-04-01,28.71
4946,2025-04-01,34.64
4946,2025-05-10,22.83
4946,2025-05-30,3.06
4946,2025-06-04,29.94
4946,2025-06-10,9.18
4946,2025-06-23,26.04
4946,2025-06-23,12.57
4946,2025-07-07,19.62
4946,2025-08-16,14.46
4946,2025-10-10,24.77
4946,2025-11-11,23.51
4946,2025-11-18,28.96
4946,2025-12-05,22.54
4947,2024-05-10,17.7
4947,2024-05-13,46.81
4947,2024-05-21,28.24
4947,2024-06-06,27.59
4947,2024-06-11,42.14
4948,2024-05-12,16.54
4949,2024-02-28,34.37
4950,2024-03-03,17.45
4950,2024-09-16,23.86
4950,2025-01-27,46.66
4950,2025-11-22,58.7
4951,2024-06-06,25.22
4951,2024-08-07,26.4
4951,2024-10-16,14.67
4952,2024-03-12,33.97
4952,2024-03-17,30.01
4952,2024-03-22,35.73
4952,2024-03-26,21.98
4952,2024-04-11,15.2
4952,2024-05-10,27.57
4952,2024-06-26,27.36
4952,2024-08-23,18.93
4952,2024-09-02,13.61
4952,2024-09-02,25.67
4952,2024-09-19,9.02
4952,2024-09-28,32.04
4952,2025-01-30,10.28
4952,2025-02-09,17.97
4952,2025-03-13,29.0
4952,2025-03-31,37.37
4952,2025-04-04,27.0
4952,2025-05-24,49.7
4952,2025-06-07,28.12
4952,2025-08-18,68.04
4952,2025-08-23,32.47
4952,2025-09-28,28.98
4952,2025-10-11,22.19
4952,2025-11-26,6.63
4952,2025-12-20,11.45
4952,2025-12-28,15.89
4953,2024-03-04,25.82
4954,2024-02-11,25.14
4954,2024-06-06,25.26
4954,2024-07-11,24.9
4954,2024-07-27,12.6
4954,2024-09-22,10.2
4954,2024-09-27,12.62
4954,2024-10-25,9.51
4954,2024-11-11,14.94
4954,2024-12-08,11.66
4954,2024-12-27,28.78
4954,2025-01-26,19.39
4954,2025-02-15,19.68
4954,2025-02-18,21.02
4954,2025-09-07,8.36
4954,2025-09-10,21.22
4954,2025-09-22,8.9
4954,2025-09-25,8.95
4954,2025-10-04,27.02
4955,2024-02-22,39.72
4955,2024-03-13,12.7
4955,2024-03-15,18.42
4955,2024-04-22,22.36
4955,2024-04-29,14.11
4955,2024-05-31,9.63
4955,2024-06-03,19.36
4956,2024-01-03,46.07
4957,2024-02-13,25.76
4957,2024-02-16,21.7
4957,2024-02-17,40.42
4957,2024-02-18,54.32
4957,2024-03-03,30.71
4958,2024-05-07,20.95
4958,2024-05-27,37.91
4958,2024-05-31,27.88
4958,2024-06-13,19.7
4958,2024-10-21,19.08
4958,2024-11-22,28.12
4958,2024-11-27,18.78
4958,2024-11-28,10.3
4958,2024-12-11,8.54
4958,2025-01-04,18.99
4958,2025-03-01,17.33
4958,2025-03-02,16.24
4958,2025-03-20,20.44
4958,2025-03-21,19.64
4958,2025-04-29,17.08
4958,2025-09-06,20.4
4958,2025-10-02,21.6
4958,2025-10-22,15.32
4958,2025-12-03,16.05
4959,2024-06-04,34.98
4959,2024-07-17,39.92
4959,2024-07-22,61.77
4959,2024-08-20,72.88
4959,2024-11-26,51.58
4959,2025-02-13,51.49
4959,2025-03-07,40.93
4959,2025-04-02,58.46
4960,2024-03-31,17.84
4961,2024-05-25,16.21
4961,2025-04-20,13.13
4962,2024-02-03,48.47
4962,2024-03-09,38.25
4962,2024-03-25,28.44
4962,2024-06-08,17.79
4962,2024-07-26,30.16
4962,2024-10-16,39.98
4962,2025-01-05,23.99
4962,2025-01-21,13.62
4963,2024-03-04,10.12
4963,2024-08-16,25.62
4963,2025-02-18,18.9
4963,2025-05-21,12.39
4963,2025-10-23,6.93
4964,2024-06-17,18.59
4964,2024-07-01,17.42
4964,2024-10-01,19.0
4964,2024-12-26,24.41
4964,2025-01-25,26.21
4964,2025-03-13,11.92
4964,2025-04-05,13.87
4964,2025-05-01,28.95
4964,2025-05-06,16.01
4964,2025-06-24,40.07
4964,2025-07-12,15.57
4964,2025-07-26,19.55
4964,2025-11-08,36.24
4964,2025-11-09,41.48
4964,2025-11-24,28.55
4965,2024-03-05,7.21
4965,2024-05-16,11.81
4965,2024-05-25,12.35
4965,2024-05-29,11.26
4965,2024-06-19,10.14
4965,2024-06-26,15.73
4965,2024-07-22,18.05
4965,2024-08-28,8.48
4965,2024-09-16,10.53
4965,2024-09-17,6.11
4965,2024-09-29,6.99
4965,2024-10-08,8.05
4965,2024-11-06,8.39
4965,2024-11-11,5.62
4965,2024-11-15,12.25
4965,2024-11-23,7.31
4965,2024-12-04,11.47
4965,2024-12-06,7.21
4965,2024-12-15,17.31
4965,2025-03-21,6.69
4965,2025-05-01,10.28
4965,2025-07-07,6.01
4965,2025-11-05,8.41
4965,2025-11-23,20.51
4965,2025-12-17,15.31
4965,2025-12-27,11.6
4966,2024-01-06,17.52
4967,2024-04-14,10.97
4967,2024-06-04,14.12
4967,2024-09-16,29.53
4967,2024-09-20,31.09
4967,2024-10-12,27.48
4968,2024-05-17,22.71
4968,2024-06-08,18.7
4968,2024-06-20,45.12
4968,2024-06-21,45.16
4969,2024-05-24,15.07
4969,2024-07-08,52.71
4969,2024-07-16,26.16
4969,2024-09-21,37.27
4969,2024-10-20,40.67
4970,2024-03-16,28.67
4970,2025-06-24,4.47
4971,2024-03-21,15.22
4971,2024-04-04,21.92
4971,2024-04-19,13.54
4971,2024-08-02,32.06
4971,2024-08-14,26.83
4971,2024-10-01,19.57
4971,2024-10-13,22.0
4971,2024-11-21,17.91
4971,2024-11-25,52.22
4971,2025-02-05,25.53
4971,2025-05-11,17.49
4971,2025-07-10,5.16
4971,2025-07-30,54.85
4971,2025-08-05,16.41
4971,2025-09-02,5.97
4971,2025-09-06,41.32
4971,2025-09-20,39.17
4971,2025-10-01,22.51
4971,2025-10-05,31.91
4971,2025-11-04,27.57
4971,2025-12-15,27.49
4972,2024-06-17,26.83
4973,2024-04-23,12.28
4974,2024-05-27,36.51
4974,2024-06-07,15.64
4974,2024-06-21,36.07
4974,2024-09-25,15.76
4974,2024-10-20,18.67
4974,2024-10-30,30.28
4974,2024-11-06,30.86
4975,2024-06-14,17.46
4975,2024-07-25,21.69
4975,2024-07-31,15.66
4975,2024-10-05,24.25
4975,2024-10-07,34.04
4975,2024-11-06,14.69
4975,2024-12-19,17.71
4975,2025-01-11,6.95
4975,2025-03-14,18.04
4975,2025-04-26,19.22
4975,2025-06-13,8.35
4975,2025-06-26,8.83
4976,2024-01-20,44.92
4977,2024-01-22,78.42
4977,2024-01-24,18.92
4977,2024-02-17,94.97
4977,2024-03-02,26.74
4977,2024-03-10,80.57
4977,2024-03-14,46.4
4977,2024-03-30,41.44
4977,2024-04-10,61.32
4977,2024-05-14,72.9
4977,2024-05-25,49.35
4977,2024-06-26,50.96
4977,2024-07-23,58.5
4977,2024-10-01,132.9
4977,2024-10-08,116.81
4977,2024-11-29,45.82
4977,2024-12-21,107.16
4977,2025-01-09,63.39
4977,2025-01-13,32.21
4978,2024-06-25,33.91
4979,2024-05-29,12.38
4979,2024-07-16,58.77
4979,2024-07-16,26.3
4979,2024-07-25,43.77
4979,2024-08-24,25.28
4979,2024-10-03,32.04
4979,2024-11-08,22.55
4979,2024-12-01,31.25
4979,2024-12-17,38.87
4979,2024-12-29,32.9
4979,2025-01-10,104.87
4979,2025-01-23,52.45
4979,2025-01-29,36.87
4979,2025-03-02,37.67
4979,2025-03-25,31.64
4979,2025-03-31,56.55
4979,2025-04-03,34.35
4979,2025-04-15,36.87
4979,2025-04-17,57.69
4979,2025-05-13,38.98
4979,2025-05-20,53.92
4979,2025-05-21,35.06
4979,2025-05-21,43.54
4979,2025-05-26,98.74
4979,2025-06-06,42.36
4979,2025-06-24,46.35
4979,2025-06-29,32.64
4979,2025-06-29,45.21
4979,2025-07-21,72.59
4979,2025-08-17,34.33
4979,2025-08-19,53.36
4979,2025-08-25,65.72
4979,2025-09-10,80.29
4979,2025-09-17,50.41
4979,2025-09-19,28.23
4979,2025-10-18,87.68
4979,2025-11-12,22.01
4979,2025-12-03,32.66
4979,2025-12-13,23.78
4980,2024-02-23,34.44
4980,2024-03-29,63.43
4980,2024-05-20,43.66
4980,2024-05-24,36.71
4980,2024-07-08,87.4
4980,2024-08-01,35.23
4980,2024-08-07,30.47
4981,2024-02-13,35.76
4981,2024-02-25,24.53
4981,2024-06-26,25.34
4981,2024-06-30,38.96
4981,2024-10-13,47.91
4981,2025-01-03,24.99
4981,2025-01-17,23.34
4981,2025-03-04,52.65
4981,2025-04-09,28.03
4981,2025-04-19,34.51
4981,2025-05-07,25.06
4981,2025-05-31,15.93
4981,2025-07-05,20.48
4981,2025-07-11,6.54
4981,2025-07-21,53.66
4981,2025-08-06,22.67
4982,2024-01-06,107.59
4982,2024-02-27,59.91
4982,2024-03-01,79.78
4983,2024-03-16,17.0
4983,2024-03-27,33.59
4983,2024-04-13,20.03
4983,2024-06-16,29.65
4983,2024-06-27,19.36
4983,2024-07-17,28.77
4983,2024-08-12,18.41
4983,2024-11-04,24.19
4983,2024-12-28,13.8
4983,2025-03-17,22.21
4983,2025-12-04,32.1
4983,2025-12-07,16.75
4984,2024-01-26,15.63
4985,2024-02-01,32.59
4986,2024-03-22,24.54
4986,2024-03-24,32.67
4986,2024-06-01,30.61
4986,2024-06-12,12.38
4986,2024-07-18,21.48
4986,2024-09-06,22.98
4986,2024-09-22,18.49
4986,2024-12-23,35.44
4986,2025-03-03,31.76
4986,2025-04-28,21.9
4986,2025-06-22,26.29
4986,2025-06-27,13.44
4986,2025-08-18,14.2
4986,2025-10-26,22.48
4987,2024-01-23,52.69
4987,2024-02-14,36.76
4987,2024-05-23,37.62
4987,2024-06-22,35.32
4987,2024-08-16,12.51
4987,2024-09-02,14.93
4987,2024-09-10,35.34
4987,2024-10-14,35.01
4987,2024-10-17,49.64
4987,2024-12-21,38.04
4987,2024-12-24,13.29
4987,2025-01-07,28.77
4987,2025-01-09,61.66
4987,2025-01-27,8.16
4987,2025-02-07,48.61
4987,2025-03-03,40.92
4987,2025-03-22,34.41
4987,2025-04-08,15.45
4987,2025-05-12,18.0
4987,2025-06-19,41.9
4987,2025-07-26,41.72
4987,2025-08-22,19.76
4987,2025-10-08,36.64
4987,2025-12-07,30.67
4987,2025-12-12,28.58
4987,2025-12-18,15.33
4987,2025-12-22,20.69
4987,2025-12-27,46.13
4988,2024-05-04,34.89
4989,2024-03-31,11.6
4989,2024-03-31,15.55
4989,2024-04-26,13.67
4989,2024-04-29,29.5
4990,2024-03-13,13.44
4991,2024-01-14,19.05
4992,2024-03-31,55.09
4992,2024-06-10,27.79
4992,2024-06-28,46.67
4992,2024-11-18,24.58
4992,2025-11-01,26.23
4993,2024-06-02,13.76
4994,2024-02-02,48.62
4994,2024-03-10,31.32
4994,2024-04-05,11.11
4994,2024-04-10,47.12
4994,2024-06-03,32.0
4994,2024-08-30,29.55
4994,2024-10-26,28.44
4994,2024-11-04,57.35
4994,2025-04-30,29.91
4994,2025-07-21,12.81
4994,2025-11-08,21.25
4994,2025-11-09,54.34
4995,2024-04-23,11.88
4995,2024-05-02,15.59
4995,2024-12-23,14.86
4995,2025-03-17,15.51
4995,2025-05-08,12.54
4996,2024-06-13,45.99
4996,2024-07-17,49.9
4996,2024-07-20,62.82
4996,2024-07-25,25.59
4996,2024-08-12,43.02
4996,2024-08-21,29.89
4996,2024-09-14,24.41
4996,2024-09-27,64.46
4996,2024-10-11,27.59
4996,2024-10-14,87.98
4996,2024-10-23,31.16
4996,2024-11-01,54.0
4996,2024-11-20,63.26
4996,2024-11-23,25.27
4996,2025-01-28,48.06
4996,2025-02-11,88.65
4996,2025-02-25,63.81
4996,2025-03-02,59.98
4996,2025-05-12,69.81
4996,2025-07-20,43.78
4996,2025-07-25,36.1
4996,2025-09-27,49.32
4996,2025-09-30,15.85
4996,2025-10-07,59.76
4996,2025-10-19,41.79
4996,2025-11-28,25.91
4997,2024-01-21,26.02
4997,2024-08-03,48.86
4998,2024-03-14,27.11
4999,2024-05-07,34.3
4999,2024-05-11,18.23
4999,2024-05-15,32.32
4999,2024-05-31,90.49
4999,2024-07-28,29.38
5000,2024-02-21,21.12
